pr_gstin,gstr2b_gstin,pr_supplier_name,gstr2b_supplier_name,pr_invoice_no,gstr2b_invoice_no,pr_date,gstr2b_date,pr_taxable,gstr2b_taxable,pr_igst,gstr2b_igst,pr_node_degree,gst_node_degree,component_size,label
07ABCDE4940F1Z5,07ABCDE4940F1Z5,Supplier 0,Supplier 0,INV-00000,INV-00000,2026-11-29,2026-11-29,79265,79265,14267.70,14267.70,1,1,2,EXACT_MATCH
07ABCDE5277F1Z5,07ABCDE5277F1Z5,Supplier 1,Supplier 1,INV-00001,INV-00001,2026-05-21,2026-05-21,77979,77979,14036.22,14036.22,1,1,2,EXACT_MATCH
07ABCDE6661F1Z5,07ABCDE6661F1Z5,Supplier 2,Supplier 2,INV-00002,INV-00002,2026-03-24,2026-03-24,34477,34477,6205.86,6205.86,1,1,2,EXACT_MATCH
07ABCDE4187F1Z5,07ABCDE4187F1Z5,Supplier 3,Supplier 3,INV-00003,INV-00003,2026-05-15,2026-05-15,20054,20054,3609.72,3609.72,1,1,2,EXACT_MATCH
07ABCDE1688F1Z5,07ABCDE1688F1Z5,Supplier 4,Supplier 4,INV-00004,INV-00004,2026-03-29,2026-03-29,76085,76085,13695.30,13695.30,1,1,2,EXACT_MATCH
07ABCDE3076F1Z5,07ABCDE3076F1Z5,Supplier 5,Supplier 5,INV-00005,INV-00005,2026-10-16,2026-10-16,2076,2076,373.68,373.68,1,1,2,EXACT_MATCH
07ABCDE2379F1Z5,07ABCDE2379F1Z5,Supplier 6,Supplier 6,INV-00006,INV-00006,2026-08-15,2026-08-15,20255,20255,3645.90,3645.90,1,1,2,EXACT_MATCH
07ABCDE2396F1Z5,07ABCDE2396F1Z5,Supplier 7,Supplier 7,INV-00007,INV-00007,2026-03-07,2026-03-07,75672,75672,13620.96,13620.96,1,1,2,EXACT_MATCH
07ABCDE7639F1Z5,07ABCDE7639F1Z5,Supplier 8,Supplier 8,INV-00008,INV-00008,2026-07-03,2026-07-03,55337,55337,9960.66,9960.66,1,1,2,EXACT_MATCH
07ABCDE5235F1Z5,07ABCDE5235F1Z5,Supplier 9,Supplier 9,INV-00009,INV-00009,2026-07-12,2026-07-12,69058,69058,12430.44,12430.44,1,1,2,EXACT_MATCH
07ABCDE6881F1Z5,07ABCDE6881F1Z5,Supplier 10,Supplier 10,INV-00010,INV-00010,2026-12-16,2026-12-16,54739,54739,9853.02,9853.02,1,1,2,EXACT_MATCH
07ABCDE8143F1Z5,07ABCDE8143F1Z5,Supplier 11,Supplier 11,INV-00011,INV-00011,2026-05-18,2026-05-18,82865,82865,14915.70,14915.70,1,1,2,EXACT_MATCH
07ABCDE8015F1Z5,07ABCDE8015F1Z5,Supplier 12,Supplier 12,INV-00012,INV-00012,2026-09-09,2026-09-09,40338,40338,7260.84,7260.84,1,1,2,EXACT_MATCH
07ABCDE2210F1Z5,07ABCDE2210F1Z5,Supplier 13,Supplier 13,INV-00013,INV-00013,2026-08-01,2026-08-01,87972,87972,15834.96,15834.96,1,1,2,EXACT_MATCH
07ABCDE1593F1Z5,07ABCDE1593F1Z5,Supplier 14,Supplier 14,INV-00014,INV-00014,2026-07-05,2026-07-05,37479,37479,6746.22,6746.22,1,1,2,EXACT_MATCH
07ABCDE3351F1Z5,07ABCDE3351F1Z5,Supplier 15,Supplier 15,INV-00015,INV-00015,2026-07-01,2026-07-01,66819,66819,12027.42,12027.42,1,1,2,EXACT_MATCH
07ABCDE8145F1Z5,07ABCDE8145F1Z5,Supplier 16,Supplier 16,INV-00016,INV-00016,2026-06-02,2026-06-02,14014,14014,2522.52,2522.52,1,1,2,EXACT_MATCH
07ABCDE6924F1Z5,07ABCDE6924F1Z5,Supplier 17,Supplier 17,INV-00017,INV-00017,2026-05-14,2026-05-14,51629,51629,9293.22,9293.22,1,1,2,EXACT_MATCH
07ABCDE8032F1Z5,07ABCDE8032F1Z5,Supplier 18,Supplier 18,INV-00018,INV-00018,2026-03-25,2026-03-25,8565,8565,1541.70,1541.70,1,1,2,EXACT_MATCH
07ABCDE9736F1Z5,07ABCDE9736F1Z5,Supplier 19,Supplier 19,INV-00019,INV-00019,2026-06-23,2026-06-23,81322,81322,14637.96,14637.96,1,1,2,EXACT_MATCH
07ABCDE9179F1Z5,07ABCDE9179F1Z5,Supplier 20,Supplier 20,INV-00020,INV-00020,2026-07-22,2026-07-22,63584,63584,11445.12,11445.12,1,1,2,EXACT_MATCH
07ABCDE1006F1Z5,07ABCDE1006F1Z5,Supplier 21,Supplier 21,INV-00021,INV-00021,2026-02-10,2026-02-10,6957,6957,1252.26,1252.26,1,1,2,EXACT_MATCH
07ABCDE6692F1Z5,07ABCDE6692F1Z5,Supplier 22,Supplier 22,INV-00022,INV-00022,2026-10-29,2026-10-29,76884,76884,13839.12,13839.12,1,1,2,EXACT_MATCH
07ABCDE4575F1Z5,07ABCDE4575F1Z5,Supplier 23,Supplier 23,INV-00023,INV-00023,2026-04-09,2026-04-09,60412,60412,10874.16,10874.16,1,1,2,EXACT_MATCH
07ABCDE4898F1Z5,07ABCDE4898F1Z5,Supplier 24,Supplier 24,INV-00024,INV-00024,2026-02-14,2026-02-14,17411,17411,3133.98,3133.98,1,1,2,EXACT_MATCH
07ABCDE7722F1Z5,07ABCDE7722F1Z5,Supplier 25,Supplier 25,INV-00025,INV-00025,2026-05-13,2026-05-13,14034,14034,2526.12,2526.12,1,1,2,EXACT_MATCH
07ABCDE4405F1Z5,07ABCDE4405F1Z5,Supplier 26,Supplier 26,INV-00026,INV-00026,2026-10-05,2026-10-05,53253,53253,9585.54,9585.54,1,1,2,EXACT_MATCH
07ABCDE8619F1Z5,07ABCDE8619F1Z5,Supplier 27,Supplier 27,INV-00027,INV-00027,2026-01-03,2026-01-03,2153,2153,387.54,387.54,1,1,2,EXACT_MATCH
07ABCDE2100F1Z5,07ABCDE2100F1Z5,Supplier 28,Supplier 28,INV-00028,INV-00028,2026-06-11,2026-06-11,6596,6596,1187.28,1187.28,1,1,2,EXACT_MATCH
07ABCDE3014F1Z5,07ABCDE3014F1Z5,Supplier 29,Supplier 29,INV-00029,INV-00029,2026-03-01,2026-03-01,93833,93833,16889.94,16889.94,1,1,2,EXACT_MATCH
07ABCDE7594F1Z5,07ABCDE7594F1Z5,Supplier 30,Supplier 30,INV-00030,INV-00030,2026-01-07,2026-01-07,95199,95199,17135.82,17135.82,1,1,2,EXACT_MATCH
07ABCDE4994F1Z5,07ABCDE4994F1Z5,Supplier 31,Supplier 31,INV-00031,INV-00031,2026-02-17,2026-02-17,9574,9574,1723.32,1723.32,1,1,2,EXACT_MATCH
07ABCDE1835F1Z5,07ABCDE1835F1Z5,Supplier 32,Supplier 32,INV-00032,INV-00032,2026-03-23,2026-03-23,48621,48621,8751.78,8751.78,1,1,2,EXACT_MATCH
07ABCDE3492F1Z5,07ABCDE3492F1Z5,Supplier 33,Supplier 33,INV-00033,INV-00033,2026-04-01,2026-04-01,49054,49054,8829.72,8829.72,1,1,2,EXACT_MATCH
07ABCDE6575F1Z5,07ABCDE6575F1Z5,Supplier 34,Supplier 34,INV-00034,INV-00034,2026-12-27,2026-12-27,18459,18459,3322.62,3322.62,1,1,2,EXACT_MATCH
07ABCDE9189F1Z5,07ABCDE9189F1Z5,Supplier 35,Supplier 35,INV-00035,INV-00035,2026-08-29,2026-08-29,57171,57171,10290.78,10290.78,1,1,2,EXACT_MATCH
07ABCDE3040F1Z5,07ABCDE3040F1Z5,Supplier 36,Supplier 36,INV-00036,INV-00036,2026-11-25,2026-11-25,88217,88217,15879.06,15879.06,1,1,2,EXACT_MATCH
07ABCDE8534F1Z5,07ABCDE8534F1Z5,Supplier 37,Supplier 37,INV-00037,INV-00037,2026-10-02,2026-10-02,13768,13768,2478.24,2478.24,1,1,2,EXACT_MATCH
07ABCDE2972F1Z5,07ABCDE2972F1Z5,Supplier 38,Supplier 38,INV-00038,INV-00038,2026-04-16,2026-04-16,14642,14642,2635.56,2635.56,1,1,2,EXACT_MATCH
07ABCDE2723F1Z5,07ABCDE2723F1Z5,Supplier 39,Supplier 39,INV-00039,INV-00039,2026-12-18,2026-12-18,36116,36116,6500.88,6500.88,1,1,2,EXACT_MATCH
07ABCDE2240F1Z5,07ABCDE2240F1Z5,Supplier 40,Supplier 40,INV-00040,INV-00040,2026-07-31,2026-07-31,37749,37749,6794.82,6794.82,1,1,2,EXACT_MATCH
07ABCDE5727F1Z5,07ABCDE5727F1Z5,Supplier 41,Supplier 41,INV-00041,INV-00041,2026-09-10,2026-09-10,92055,92055,16569.90,16569.90,1,1,2,EXACT_MATCH
07ABCDE9522F1Z5,07ABCDE9522F1Z5,Supplier 42,Supplier 42,INV-00042,INV-00042,2026-06-27,2026-06-27,73811,73811,13285.98,13285.98,1,1,2,EXACT_MATCH
07ABCDE6714F1Z5,07ABCDE6714F1Z5,Supplier 43,Supplier 43,INV-00043,INV-00043,2026-03-18,2026-03-18,80358,80358,14464.44,14464.44,1,1,2,EXACT_MATCH
07ABCDE2820F1Z5,07ABCDE2820F1Z5,Supplier 44,Supplier 44,INV-00044,INV-00044,2026-08-31,2026-08-31,97461,97461,17542.98,17542.98,1,1,2,EXACT_MATCH
07ABCDE7635F1Z5,07ABCDE7635F1Z5,Supplier 45,Supplier 45,INV-00045,INV-00045,2026-06-17,2026-06-17,2684,2684,483.12,483.12,1,1,2,EXACT_MATCH
07ABCDE1837F1Z5,07ABCDE1837F1Z5,Supplier 46,Supplier 46,INV-00046,INV-00046,2026-02-03,2026-02-03,42342,42342,7621.56,7621.56,1,1,2,EXACT_MATCH
07ABCDE7885F1Z5,07ABCDE7885F1Z5,Supplier 47,Supplier 47,INV-00047,INV-00047,2026-12-27,2026-12-27,63300,63300,11394.00,11394.00,1,1,2,EXACT_MATCH
07ABCDE6273F1Z5,07ABCDE6273F1Z5,Supplier 48,Supplier 48,INV-00048,INV-00048,2026-01-16,2026-01-16,37562,37562,6761.16,6761.16,1,1,2,EXACT_MATCH
07ABCDE8843F1Z5,07ABCDE8843F1Z5,Supplier 49,Supplier 49,INV-00049,INV-00049,2026-02-06,2026-02-06,75695,75695,13625.10,13625.10,1,1,2,EXACT_MATCH
07ABCDE2035F1Z5,07ABCDE2035F1Z5,Supplier 50,Supplier 50,INV-00050,INV-00050,2026-05-01,2026-05-01,94648,94648,17036.64,17036.64,1,1,2,EXACT_MATCH
07ABCDE2608F1Z5,07ABCDE2608F1Z5,Supplier 51,Supplier 51,INV-00051,INV-00051,2026-02-09,2026-02-09,18712,18712,3368.16,3368.16,1,1,2,EXACT_MATCH
07ABCDE5325F1Z5,07ABCDE5325F1Z5,Supplier 52,Supplier 52,INV-00052,INV-00052,2026-06-24,2026-06-24,21132,21132,3803.76,3803.76,1,1,2,EXACT_MATCH
07ABCDE1180F1Z5,07ABCDE1180F1Z5,Supplier 53,Supplier 53,INV-00053,INV-00053,2026-01-05,2026-01-05,82908,82908,14923.44,14923.44,1,1,2,EXACT_MATCH
07ABCDE5068F1Z5,07ABCDE5068F1Z5,Supplier 54,Supplier 54,INV-00054,INV-00054,2026-08-31,2026-08-31,1948,1948,350.64,350.64,1,1,2,EXACT_MATCH
07ABCDE8954F1Z5,07ABCDE8954F1Z5,Supplier 55,Supplier 55,INV-00055,INV-00055,2026-07-15,2026-07-15,43384,43384,7809.12,7809.12,1,1,2,EXACT_MATCH
07ABCDE5748F1Z5,07ABCDE5748F1Z5,Supplier 56,Supplier 56,INV-00056,INV-00056,2026-10-31,2026-10-31,76671,76671,13800.78,13800.78,1,1,2,EXACT_MATCH
07ABCDE4518F1Z5,07ABCDE4518F1Z5,Supplier 57,Supplier 57,INV-00057,INV-00057,2026-04-25,2026-04-25,13372,13372,2406.96,2406.96,1,1,2,EXACT_MATCH
07ABCDE7053F1Z5,07ABCDE7053F1Z5,Supplier 58,Supplier 58,INV-00058,INV-00058,2026-11-07,2026-11-07,18089,18089,3256.02,3256.02,1,1,2,EXACT_MATCH
07ABCDE7983F1Z5,07ABCDE7983F1Z5,Supplier 59,Supplier 59,INV-00059,INV-00059,2026-04-13,2026-04-13,65366,65366,11765.88,11765.88,1,1,2,EXACT_MATCH
07ABCDE8691F1Z5,07ABCDE8691F1Z5,Supplier 60,Supplier 60,INV-00060,INV-00060,2026-11-17,2026-11-17,17167,17167,3090.06,3090.06,1,1,2,EXACT_MATCH
07ABCDE4505F1Z5,07ABCDE4505F1Z5,Supplier 61,Supplier 61,INV-00061,INV-00061,2026-08-27,2026-08-27,62961,62961,11332.98,11332.98,1,1,2,EXACT_MATCH
07ABCDE9440F1Z5,07ABCDE9440F1Z5,Supplier 62,Supplier 62,INV-00062,INV-00062,2026-04-15,2026-04-15,8226,8226,1480.68,1480.68,1,1,2,EXACT_MATCH
07ABCDE5821F1Z5,07ABCDE5821F1Z5,Supplier 63,Supplier 63,INV-00063,INV-00063,2026-09-20,2026-09-20,82772,82772,14898.96,14898.96,1,1,2,EXACT_MATCH
07ABCDE5747F1Z5,07ABCDE5747F1Z5,Supplier 64,Supplier 64,INV-00064,INV-00064,2026-08-08,2026-08-08,54070,54070,9732.60,9732.60,1,1,2,EXACT_MATCH
07ABCDE7663F1Z5,07ABCDE7663F1Z5,Supplier 65,Supplier 65,INV-00065,INV-00065,2026-07-02,2026-07-02,22858,22858,4114.44,4114.44,1,1,2,EXACT_MATCH
07ABCDE7775F1Z5,07ABCDE7775F1Z5,Supplier 66,Supplier 66,INV-00066,INV-00066,2026-07-13,2026-07-13,49250,49250,8865.00,8865.00,1,1,2,EXACT_MATCH
07ABCDE2171F1Z5,07ABCDE2171F1Z5,Supplier 67,Supplier 67,INV-00067,INV-00067,2026-12-26,2026-12-26,96855,96855,17433.90,17433.90,1,1,2,EXACT_MATCH
07ABCDE6963F1Z5,07ABCDE6963F1Z5,Supplier 68,Supplier 68,INV-00068,INV-00068,2026-11-02,2026-11-02,61275,61275,11029.50,11029.50,1,1,2,EXACT_MATCH
07ABCDE9264F1Z5,07ABCDE9264F1Z5,Supplier 69,Supplier 69,INV-00069,INV-00069,2026-01-16,2026-01-16,68694,68694,12364.92,12364.92,1,1,2,EXACT_MATCH
07ABCDE2143F1Z5,07ABCDE2143F1Z5,Supplier 70,Supplier 70,INV-00070,INV-00070,2026-07-16,2026-07-16,4871,4871,876.78,876.78,1,1,2,EXACT_MATCH
07ABCDE6019F1Z5,07ABCDE6019F1Z5,Supplier 71,Supplier 71,INV-00071,INV-00071,2026-09-11,2026-09-11,95109,95109,17119.62,17119.62,1,1,2,EXACT_MATCH
07ABCDE4378F1Z5,07ABCDE4378F1Z5,Supplier 72,Supplier 72,INV-00072,INV-00072,2026-06-19,2026-06-19,22995,22995,4139.10,4139.10,1,1,2,EXACT_MATCH
07ABCDE9505F1Z5,07ABCDE9505F1Z5,Supplier 73,Supplier 73,INV-00073,INV-00073,2026-07-27,2026-07-27,5980,5980,1076.40,1076.40,1,1,2,EXACT_MATCH
07ABCDE9566F1Z5,07ABCDE9566F1Z5,Supplier 74,Supplier 74,INV-00074,INV-00074,2026-01-09,2026-01-09,55101,55101,9918.18,9918.18,1,1,2,EXACT_MATCH
07ABCDE9532F1Z5,07ABCDE9532F1Z5,Supplier 75,Supplier 75,INV-00075,INV-00075,2026-09-07,2026-09-07,85792,85792,15442.56,15442.56,1,1,2,EXACT_MATCH
07ABCDE1361F1Z5,07ABCDE1361F1Z5,Supplier 76,Supplier 76,INV-00076,INV-00076,2026-12-25,2026-12-25,1457,1457,262.26,262.26,1,1,2,EXACT_MATCH
07ABCDE1312F1Z5,07ABCDE1312F1Z5,Supplier 77,Supplier 77,INV-00077,INV-00077,2026-03-11,2026-03-11,83985,83985,15117.30,15117.30,1,1,2,EXACT_MATCH
07ABCDE8487F1Z5,07ABCDE8487F1Z5,Supplier 78,Supplier 78,INV-00078,INV-00078,2026-10-23,2026-10-23,86919,86919,15645.42,15645.42,1,1,2,EXACT_MATCH
07ABCDE6858F1Z5,07ABCDE6858F1Z5,Supplier 79,Supplier 79,INV-00079,INV-00079,2026-11-04,2026-11-04,82109,82109,14779.62,14779.62,1,1,2,EXACT_MATCH
07ABCDE4269F1Z5,07ABCDE4269F1Z5,Supplier 80,Supplier 80,INV-00080,INV-00080,2026-03-28,2026-03-28,87438,87438,15738.84,15738.84,1,1,2,EXACT_MATCH
07ABCDE1008F1Z5,07ABCDE1008F1Z5,Supplier 81,Supplier 81,INV-00081,INV-00081,2026-03-02,2026-03-02,80719,80719,14529.42,14529.42,1,1,2,EXACT_MATCH
07ABCDE7505F1Z5,07ABCDE7505F1Z5,Supplier 82,Supplier 82,INV-00082,INV-00082,2026-01-11,2026-01-11,14806,14806,2665.08,2665.08,1,1,2,EXACT_MATCH
07ABCDE9172F1Z5,07ABCDE9172F1Z5,Supplier 83,Supplier 83,INV-00083,INV-00083,2026-10-16,2026-10-16,79920,79920,14385.60,14385.60,1,1,2,EXACT_MATCH
07ABCDE5843F1Z5,07ABCDE5843F1Z5,Supplier 84,Supplier 84,INV-00084,INV-00084,2026-02-09,2026-02-09,42192,42192,7594.56,7594.56,1,1,2,EXACT_MATCH
07ABCDE4502F1Z5,07ABCDE4502F1Z5,Supplier 85,Supplier 85,INV-00085,INV-00085,2026-03-05,2026-03-05,47580,47580,8564.40,8564.40,1,1,2,EXACT_MATCH
07ABCDE6392F1Z5,07ABCDE6392F1Z5,Supplier 86,Supplier 86,INV-00086,INV-00086,2026-11-01,2026-11-01,48907,48907,8803.26,8803.26,1,1,2,EXACT_MATCH
07ABCDE2049F1Z5,07ABCDE2049F1Z5,Supplier 87,Supplier 87,INV-00087,INV-00087,2026-12-26,2026-12-26,80371,80371,14466.78,14466.78,1,1,2,EXACT_MATCH
07ABCDE5672F1Z5,07ABCDE5672F1Z5,Supplier 88,Supplier 88,INV-00088,INV-00088,2026-01-04,2026-01-04,78785,78785,14181.30,14181.30,1,1,2,EXACT_MATCH
07ABCDE3061F1Z5,07ABCDE3061F1Z5,Supplier 89,Supplier 89,INV-00089,INV-00089,2026-01-26,2026-01-26,16687,16687,3003.66,3003.66,1,1,2,EXACT_MATCH
07ABCDE9632F1Z5,07ABCDE9632F1Z5,Supplier 90,Supplier 90,INV-00090,INV-00090,2026-09-04,2026-09-04,61694,61694,11104.92,11104.92,1,1,2,EXACT_MATCH
07ABCDE3030F1Z5,07ABCDE3030F1Z5,Supplier 91,Supplier 91,INV-00091,INV-00091,2026-04-19,2026-04-19,3366,3366,605.88,605.88,1,1,2,EXACT_MATCH
07ABCDE9279F1Z5,07ABCDE9279F1Z5,Supplier 92,Supplier 92,INV-00092,INV-00092,2026-12-06,2026-12-06,84869,84869,15276.42,15276.42,1,1,2,EXACT_MATCH
07ABCDE4676F1Z5,07ABCDE4676F1Z5,Supplier 93,Supplier 93,INV-00093,INV-00093,2026-06-24,2026-06-24,83415,83415,15014.70,15014.70,1,1,2,EXACT_MATCH
07ABCDE5797F1Z5,07ABCDE5797F1Z5,Supplier 94,Supplier 94,INV-00094,INV-00094,2026-11-14,2026-11-14,65116,65116,11720.88,11720.88,1,1,2,EXACT_MATCH
07ABCDE6174F1Z5,07ABCDE6174F1Z5,Supplier 95,Supplier 95,INV-00095,INV-00095,2026-04-26,2026-04-26,53534,53534,9636.12,9636.12,1,1,2,EXACT_MATCH
07ABCDE3059F1Z5,07ABCDE3059F1Z5,Supplier 96,Supplier 96,INV-00096,INV-00096,2026-10-03,2026-10-03,42290,42290,7612.20,7612.20,1,1,2,EXACT_MATCH
07ABCDE9043F1Z5,07ABCDE9043F1Z5,Supplier 97,Supplier 97,INV-00097,INV-00097,2026-11-29,2026-11-29,53488,53488,9627.84,9627.84,1,1,2,EXACT_MATCH
07ABCDE1249F1Z5,07ABCDE1249F1Z5,Supplier 98,Supplier 98,INV-00098,INV-00098,2026-01-09,2026-01-09,43636,43636,7854.48,7854.48,1,1,2,EXACT_MATCH
07ABCDE2063F1Z5,07ABCDE2063F1Z5,Supplier 99,Supplier 99,INV-00099,INV-00099,2026-09-08,2026-09-08,97539,97539,17557.02,17557.02,1,1,2,EXACT_MATCH
07ABCDE9548F1Z5,07ABCDE9548F1Z5,Supplier 100,Supplier 100,INV-00100,INV-00100,2026-02-23,2026-02-23,74410,74410,13393.80,13393.80,1,1,2,EXACT_MATCH
07ABCDE7182F1Z5,07ABCDE7182F1Z5,Supplier 101,Supplier 101,INV-00101,INV-00101,2026-01-29,2026-01-29,71959,71959,12952.62,12952.62,1,1,2,EXACT_MATCH
07ABCDE8912F1Z5,07ABCDE8912F1Z5,Supplier 102,Supplier 102,INV-00102,INV-00102,2026-11-04,2026-11-04,90423,90423,16276.14,16276.14,1,1,2,EXACT_MATCH
07ABCDE9584F1Z5,07ABCDE9584F1Z5,Supplier 103,Supplier 103,INV-00103,INV-00103,2026-05-28,2026-05-28,77382,77382,13928.76,13928.76,1,1,2,EXACT_MATCH
07ABCDE8640F1Z5,07ABCDE8640F1Z5,Supplier 104,Supplier 104,INV-00104,INV-00104,2026-04-29,2026-04-29,37228,37228,6701.04,6701.04,1,1,2,EXACT_MATCH
07ABCDE4092F1Z5,07ABCDE4092F1Z5,Supplier 105,Supplier 105,INV-00105,INV-00105,2026-12-04,2026-12-04,66872,66872,12036.96,12036.96,1,1,2,EXACT_MATCH
07ABCDE4745F1Z5,07ABCDE4745F1Z5,Supplier 106,Supplier 106,INV-00106,INV-00106,2026-02-05,2026-02-05,69430,69430,12497.40,12497.40,1,1,2,EXACT_MATCH
07ABCDE2685F1Z5,07ABCDE2685F1Z5,Supplier 107,Supplier 107,INV-00107,INV-00107,2026-08-05,2026-08-05,61651,61651,11097.18,11097.18,1,1,2,EXACT_MATCH
07ABCDE4680F1Z5,07ABCDE4680F1Z5,Supplier 108,Supplier 108,INV-00108,INV-00108,2026-12-05,2026-12-05,70468,70468,12684.24,12684.24,1,1,2,EXACT_MATCH
07ABCDE3858F1Z5,07ABCDE3858F1Z5,Supplier 109,Supplier 109,INV-00109,INV-00109,2026-02-12,2026-02-12,34149,34149,6146.82,6146.82,1,1,2,EXACT_MATCH
07ABCDE3044F1Z5,07ABCDE3044F1Z5,Supplier 110,Supplier 110,INV-00110,INV-00110,2026-03-29,2026-03-29,43768,43768,7878.24,7878.24,1,1,2,EXACT_MATCH
07ABCDE6521F1Z5,07ABCDE6521F1Z5,Supplier 111,Supplier 111,INV-00111,INV-00111,2026-10-14,2026-10-14,37683,37683,6782.94,6782.94,1,1,2,EXACT_MATCH
07ABCDE6309F1Z5,07ABCDE6309F1Z5,Supplier 112,Supplier 112,INV-00112,INV-00112,2026-07-25,2026-07-25,16716,16716,3008.88,3008.88,1,1,2,EXACT_MATCH
07ABCDE6421F1Z5,07ABCDE6421F1Z5,Supplier 113,Supplier 113,INV-00113,INV-00113,2026-01-12,2026-01-12,9327,9327,1678.86,1678.86,1,1,2,EXACT_MATCH
07ABCDE1745F1Z5,07ABCDE1745F1Z5,Supplier 114,Supplier 114,INV-00114,INV-00114,2026-07-27,2026-07-27,68966,68966,12413.88,12413.88,1,1,2,EXACT_MATCH
07ABCDE3551F1Z5,07ABCDE3551F1Z5,Supplier 115,Supplier 115,INV-00115,INV-00115,2026-05-02,2026-05-02,62646,62646,11276.28,11276.28,1,1,2,EXACT_MATCH
07ABCDE5246F1Z5,07ABCDE5246F1Z5,Supplier 116,Supplier 116,INV-00116,INV-00116,2026-09-27,2026-09-27,30780,30780,5540.40,5540.40,1,1,2,EXACT_MATCH
07ABCDE5077F1Z5,07ABCDE5077F1Z5,Supplier 117,Supplier 117,INV-00117,INV-00117,2026-02-07,2026-02-07,36320,36320,6537.60,6537.60,1,1,2,EXACT_MATCH
07ABCDE1979F1Z5,07ABCDE1979F1Z5,Supplier 118,Supplier 118,INV-00118,INV-00118,2026-04-09,2026-04-09,67543,67543,12157.74,12157.74,1,1,2,EXACT_MATCH
07ABCDE9475F1Z5,07ABCDE9475F1Z5,Supplier 119,Supplier 119,INV-00119,INV-00119,2026-03-20,2026-03-20,40489,40489,7288.02,7288.02,1,1,2,EXACT_MATCH
07ABCDE8065F1Z5,07ABCDE8065F1Z5,Supplier 120,Supplier 120,INV-00120,INV-00120,2026-05-16,2026-05-16,30076,30076,5413.68,5413.68,1,1,2,EXACT_MATCH
07ABCDE8251F1Z5,07ABCDE8251F1Z5,Supplier 121,Supplier 121,INV-00121,INV-00121,2026-11-18,2026-11-18,86264,86264,15527.52,15527.52,1,1,2,EXACT_MATCH
07ABCDE3520F1Z5,07ABCDE3520F1Z5,Supplier 122,Supplier 122,INV-00122,INV-00122,2026-11-05,2026-11-05,58766,58766,10577.88,10577.88,1,1,2,EXACT_MATCH
07ABCDE8223F1Z5,07ABCDE8223F1Z5,Supplier 123,Supplier 123,INV-00123,INV-00123,2026-08-27,2026-08-27,61048,61048,10988.64,10988.64,1,1,2,EXACT_MATCH
07ABCDE5681F1Z5,07ABCDE5681F1Z5,Supplier 124,Supplier 124,INV-00124,INV-00124,2026-07-06,2026-07-06,95791,95791,17242.38,17242.38,1,1,2,EXACT_MATCH
07ABCDE9967F1Z5,07ABCDE9967F1Z5,Supplier 125,Supplier 125,INV-00125,INV-00125,2026-11-19,2026-11-19,89105,89105,16038.90,16038.90,1,1,2,EXACT_MATCH
07ABCDE3464F1Z5,07ABCDE3464F1Z5,Supplier 126,Supplier 126,INV-00126,INV-00126,2026-02-11,2026-02-11,65039,65039,11707.02,11707.02,1,1,2,EXACT_MATCH
07ABCDE8379F1Z5,07ABCDE8379F1Z5,Supplier 127,Supplier 127,INV-00127,INV-00127,2026-06-28,2026-06-28,42491,42491,7648.38,7648.38,1,1,2,EXACT_MATCH
07ABCDE4775F1Z5,07ABCDE4775F1Z5,Supplier 128,Supplier 128,INV-00128,INV-00128,2026-05-27,2026-05-27,34096,34096,6137.28,6137.28,1,1,2,EXACT_MATCH
07ABCDE3262F1Z5,07ABCDE3262F1Z5,Supplier 129,Supplier 129,INV-00129,INV-00129,2026-06-20,2026-06-20,53410,53410,9613.80,9613.80,1,1,2,EXACT_MATCH
07ABCDE9214F1Z5,07ABCDE9214F1Z5,Supplier 130,Supplier 130,INV-00130,INV-00130,2026-09-03,2026-09-03,98936,98936,17808.48,17808.48,1,1,2,EXACT_MATCH
07ABCDE3088F1Z5,07ABCDE3088F1Z5,Supplier 131,Supplier 131,INV-00131,INV-00131,2026-03-27,2026-03-27,97118,97118,17481.24,17481.24,1,1,2,EXACT_MATCH
07ABCDE2929F1Z5,07ABCDE2929F1Z5,Supplier 132,Supplier 132,INV-00132,INV-00132,2026-07-20,2026-07-20,19170,19170,3450.60,3450.60,1,1,2,EXACT_MATCH
07ABCDE6041F1Z5,07ABCDE6041F1Z5,Supplier 133,Supplier 133,INV-00133,INV-00133,2026-02-03,2026-02-03,81263,81263,14627.34,14627.34,1,1,2,EXACT_MATCH
07ABCDE8335F1Z5,07ABCDE8335F1Z5,Supplier 134,Supplier 134,INV-00134,INV-00134,2026-11-11,2026-11-11,26114,26114,4700.52,4700.52,1,1,2,EXACT_MATCH
07ABCDE6852F1Z5,07ABCDE6852F1Z5,Supplier 135,Supplier 135,INV-00135,INV-00135,2026-01-27,2026-01-27,8821,8821,1587.78,1587.78,1,1,2,EXACT_MATCH
07ABCDE9987F1Z5,07ABCDE9987F1Z5,Supplier 136,Supplier 136,INV-00136,INV-00136,2026-11-06,2026-11-06,95957,95957,17272.26,17272.26,1,1,2,EXACT_MATCH
07ABCDE8998F1Z5,07ABCDE8998F1Z5,Supplier 137,Supplier 137,INV-00137,INV-00137,2026-02-02,2026-02-02,97096,97096,17477.28,17477.28,1,1,2,EXACT_MATCH
07ABCDE1997F1Z5,07ABCDE1997F1Z5,Supplier 138,Supplier 138,INV-00138,INV-00138,2026-10-20,2026-10-20,83737,83737,15072.66,15072.66,1,1,2,EXACT_MATCH
07ABCDE5815F1Z5,07ABCDE5815F1Z5,Supplier 139,Supplier 139,INV-00139,INV-00139,2026-05-25,2026-05-25,45263,45263,8147.34,8147.34,1,1,2,EXACT_MATCH
07ABCDE2813F1Z5,07ABCDE2813F1Z5,Supplier 140,Supplier 140,INV-00140,INV-00140,2026-07-25,2026-07-25,75673,75673,13621.14,13621.14,1,1,2,EXACT_MATCH
07ABCDE8809F1Z5,07ABCDE8809F1Z5,Supplier 141,Supplier 141,INV-00141,INV-00141,2026-01-14,2026-01-14,87411,87411,15733.98,15733.98,1,1,2,EXACT_MATCH
07ABCDE5942F1Z5,07ABCDE5942F1Z5,Supplier 142,Supplier 142,INV-00142,INV-00142,2026-12-24,2026-12-24,6491,6491,1168.38,1168.38,1,1,2,EXACT_MATCH
07ABCDE2965F1Z5,07ABCDE2965F1Z5,Supplier 143,Supplier 143,INV-00143,INV-00143,2026-06-11,2026-06-11,35380,35380,6368.40,6368.40,1,1,2,EXACT_MATCH
07ABCDE4138F1Z5,07ABCDE4138F1Z5,Supplier 144,Supplier 144,INV-00144,INV-00144,2026-01-08,2026-01-08,87469,87469,15744.42,15744.42,1,1,2,EXACT_MATCH
07ABCDE7629F1Z5,07ABCDE7629F1Z5,Supplier 145,Supplier 145,INV-00145,INV-00145,2026-11-19,2026-11-19,46658,46658,8398.44,8398.44,1,1,2,EXACT_MATCH
07ABCDE2589F1Z5,07ABCDE2589F1Z5,Supplier 146,Supplier 146,INV-00146,INV-00146,2026-04-17,2026-04-17,42095,42095,7577.10,7577.10,1,1,2,EXACT_MATCH
07ABCDE8051F1Z5,07ABCDE8051F1Z5,Supplier 147,Supplier 147,INV-00147,INV-00147,2026-04-10,2026-04-10,80539,80539,14497.02,14497.02,1,1,2,EXACT_MATCH
07ABCDE3118F1Z5,07ABCDE3118F1Z5,Supplier 148,Supplier 148,INV-00148,INV-00148,2026-06-23,2026-06-23,62437,62437,11238.66,11238.66,1,1,2,EXACT_MATCH
07ABCDE3229F1Z5,07ABCDE3229F1Z5,Supplier 149,Supplier 149,INV-00149,INV-00149,2026-03-19,2026-03-19,91729,91729,16511.22,16511.22,1,1,2,EXACT_MATCH
07ABCDE7184F1Z5,07ABCDE7184F1Z5,Supplier 150,Supplier 150,INV-00150,INV-00150,2026-05-01,2026-05-01,82590,82590,14866.20,14866.20,1,1,2,EXACT_MATCH
07ABCDE4987F1Z5,07ABCDE4987F1Z5,Supplier 151,Supplier 151,INV-00151,INV-00151,2026-04-26,2026-04-26,97025,97025,17464.50,17464.50,1,1,2,EXACT_MATCH
07ABCDE6386F1Z5,07ABCDE6386F1Z5,Supplier 152,Supplier 152,INV-00152,INV-00152,2026-06-21,2026-06-21,60832,60832,10949.76,10949.76,1,1,2,EXACT_MATCH
07ABCDE9330F1Z5,07ABCDE9330F1Z5,Supplier 153,Supplier 153,INV-00153,INV-00153,2026-11-09,2026-11-09,28952,28952,5211.36,5211.36,1,1,2,EXACT_MATCH
07ABCDE1604F1Z5,07ABCDE1604F1Z5,Supplier 154,Supplier 154,INV-00154,INV-00154,2026-06-10,2026-06-10,87899,87899,15821.82,15821.82,1,1,2,EXACT_MATCH
07ABCDE9625F1Z5,07ABCDE9625F1Z5,Supplier 155,Supplier 155,INV-00155,INV-00155,2026-04-04,2026-04-04,57509,57509,10351.62,10351.62,1,1,2,EXACT_MATCH
07ABCDE7175F1Z5,07ABCDE7175F1Z5,Supplier 156,Supplier 156,INV-00156,INV-00156,2026-05-18,2026-05-18,81828,81828,14729.04,14729.04,1,1,2,EXACT_MATCH
07ABCDE8726F1Z5,07ABCDE8726F1Z5,Supplier 157,Supplier 157,INV-00157,INV-00157,2026-12-15,2026-12-15,81767,81767,14718.06,14718.06,1,1,2,EXACT_MATCH
07ABCDE1750F1Z5,07ABCDE1750F1Z5,Supplier 158,Supplier 158,INV-00158,INV-00158,2026-10-28,2026-10-28,50882,50882,9158.76,9158.76,1,1,2,EXACT_MATCH
07ABCDE1228F1Z5,07ABCDE1228F1Z5,Supplier 159,Supplier 159,INV-00159,INV-00159,2026-02-12,2026-02-12,81974,81974,14755.32,14755.32,1,1,2,EXACT_MATCH
07ABCDE4663F1Z5,07ABCDE4663F1Z5,Supplier 160,Supplier 160,INV-00160,INV-00160,2026-12-31,2026-12-31,45270,45270,8148.60,8148.60,1,1,2,EXACT_MATCH
07ABCDE4898F1Z5,07ABCDE4898F1Z5,Supplier 161,Supplier 161,INV-00161,INV-00161,2026-07-11,2026-07-11,66901,66901,12042.18,12042.18,1,1,2,EXACT_MATCH
07ABCDE1769F1Z5,07ABCDE1769F1Z5,Supplier 162,Supplier 162,INV-00162,INV-00162,2026-11-29,2026-11-29,65082,65082,11714.76,11714.76,1,1,2,EXACT_MATCH
07ABCDE1710F1Z5,07ABCDE1710F1Z5,Supplier 163,Supplier 163,INV-00163,INV-00163,2026-03-19,2026-03-19,80552,80552,14499.36,14499.36,1,1,2,EXACT_MATCH
07ABCDE8532F1Z5,07ABCDE8532F1Z5,Supplier 164,Supplier 164,INV-00164,INV-00164,2026-10-17,2026-10-17,43836,43836,7890.48,7890.48,1,1,2,EXACT_MATCH
07ABCDE1315F1Z5,07ABCDE1315F1Z5,Supplier 165,Supplier 165,INV-00165,INV-00165,2026-11-23,2026-11-23,25643,25643,4615.74,4615.74,1,1,2,EXACT_MATCH
07ABCDE3463F1Z5,07ABCDE3463F1Z5,Supplier 166,Supplier 166,INV-00166,INV-00166,2026-02-06,2026-02-06,8378,8378,1508.04,1508.04,1,1,2,EXACT_MATCH
07ABCDE8013F1Z5,07ABCDE8013F1Z5,Supplier 167,Supplier 167,INV-00167,INV-00167,2026-07-09,2026-07-09,43876,43876,7897.68,7897.68,1,1,2,EXACT_MATCH
07ABCDE6709F1Z5,07ABCDE6709F1Z5,Supplier 168,Supplier 168,INV-00168,INV-00168,2026-11-21,2026-11-21,49107,49107,8839.26,8839.26,1,1,2,EXACT_MATCH
07ABCDE3942F1Z5,07ABCDE3942F1Z5,Supplier 169,Supplier 169,INV-00169,INV-00169,2026-07-24,2026-07-24,26183,26183,4712.94,4712.94,1,1,2,EXACT_MATCH
07ABCDE8325F1Z5,07ABCDE8325F1Z5,Supplier 170,Supplier 170,INV-00170,INV-00170,2026-08-09,2026-08-09,71546,71546,12878.28,12878.28,1,1,2,EXACT_MATCH
07ABCDE5795F1Z5,07ABCDE5795F1Z5,Supplier 171,Supplier 171,INV-00171,INV-00171,2026-06-28,2026-06-28,52986,52986,9537.48,9537.48,1,1,2,EXACT_MATCH
07ABCDE5458F1Z5,07ABCDE5458F1Z5,Supplier 172,Supplier 172,INV-00172,INV-00172,2026-03-26,2026-03-26,82336,82336,14820.48,14820.48,1,1,2,EXACT_MATCH
07ABCDE8323F1Z5,07ABCDE8323F1Z5,Supplier 173,Supplier 173,INV-00173,INV-00173,2026-10-23,2026-10-23,27728,27728,4991.04,4991.04,1,1,2,EXACT_MATCH
07ABCDE4014F1Z5,07ABCDE4014F1Z5,Supplier 174,Supplier 174,INV-00174,INV-00174,2026-11-22,2026-11-22,16661,16661,2998.98,2998.98,1,1,2,EXACT_MATCH
07ABCDE8900F1Z5,07ABCDE8900F1Z5,Supplier 175,Supplier 175,INV-00175,INV-00175,2026-02-02,2026-02-02,91586,91586,16485.48,16485.48,1,1,2,EXACT_MATCH
07ABCDE9512F1Z5,07ABCDE9512F1Z5,Supplier 176,Supplier 176,INV-00176,INV-00176,2027-01-01,2027-01-01,98509,98509,17731.62,17731.62,1,1,2,EXACT_MATCH
07ABCDE5859F1Z5,07ABCDE5859F1Z5,Supplier 177,Supplier 177,INV-00177,INV-00177,2026-08-29,2026-08-29,43413,43413,7814.34,7814.34,1,1,2,EXACT_MATCH
07ABCDE6812F1Z5,07ABCDE6812F1Z5,Supplier 178,Supplier 178,INV-00178,INV-00178,2026-02-18,2026-02-18,77700,77700,13986.00,13986.00,1,1,2,EXACT_MATCH
07ABCDE2917F1Z5,07ABCDE2917F1Z5,Supplier 179,Supplier 179,INV-00179,INV-00179,2026-10-31,2026-10-31,98334,98334,17700.12,17700.12,1,1,2,EXACT_MATCH
07ABCDE9678F1Z5,07ABCDE9678F1Z5,Supplier 180,Supplier 180,INV-00180,INV-00180,2026-05-07,2026-05-07,14758,14758,2656.44,2656.44,1,1,2,EXACT_MATCH
07ABCDE9809F1Z5,07ABCDE9809F1Z5,Supplier 181,Supplier 181,INV-00181,INV-00181,2026-05-10,2026-05-10,31982,31982,5756.76,5756.76,1,1,2,EXACT_MATCH
07ABCDE2266F1Z5,07ABCDE2266F1Z5,Supplier 182,Supplier 182,INV-00182,INV-00182,2026-03-17,2026-03-17,67050,67050,12069.00,12069.00,1,1,2,EXACT_MATCH
07ABCDE8727F1Z5,07ABCDE8727F1Z5,Supplier 183,Supplier 183,INV-00183,INV-00183,2026-07-11,2026-07-11,86484,86484,15567.12,15567.12,1,1,2,EXACT_MATCH
07ABCDE4032F1Z5,07ABCDE4032F1Z5,Supplier 184,Supplier 184,INV-00184,INV-00184,2026-09-15,2026-09-15,64942,64942,11689.56,11689.56,1,1,2,EXACT_MATCH
07ABCDE8432F1Z5,07ABCDE8432F1Z5,Supplier 185,Supplier 185,INV-00185,INV-00185,2026-10-22,2026-10-22,8565,8565,1541.70,1541.70,1,1,2,EXACT_MATCH
07ABCDE6211F1Z5,07ABCDE6211F1Z5,Supplier 186,Supplier 186,INV-00186,INV-00186,2026-04-09,2026-04-09,58493,58493,10528.74,10528.74,1,1,2,EXACT_MATCH
07ABCDE7186F1Z5,07ABCDE7186F1Z5,Supplier 187,Supplier 187,INV-00187,INV-00187,2026-08-07,2026-08-07,67616,67616,12170.88,12170.88,1,1,2,EXACT_MATCH
07ABCDE6541F1Z5,07ABCDE6541F1Z5,Supplier 188,Supplier 188,INV-00188,INV-00188,2026-07-01,2026-07-01,71969,71969,12954.42,12954.42,1,1,2,EXACT_MATCH
07ABCDE9453F1Z5,07ABCDE9453F1Z5,Supplier 189,Supplier 189,INV-00189,INV-00189,2026-05-03,2026-05-03,25612,25612,4610.16,4610.16,1,1,2,EXACT_MATCH
07ABCDE9306F1Z5,07ABCDE9306F1Z5,Supplier 190,Supplier 190,INV-00190,INV-00190,2026-01-23,2026-01-23,9403,9403,1692.54,1692.54,1,1,2,EXACT_MATCH
07ABCDE9927F1Z5,07ABCDE9927F1Z5,Supplier 191,Supplier 191,INV-00191,INV-00191,2026-08-11,2026-08-11,84869,84869,15276.42,15276.42,1,1,2,EXACT_MATCH
07ABCDE5007F1Z5,07ABCDE5007F1Z5,Supplier 192,Supplier 192,INV-00192,INV-00192,2026-06-04,2026-06-04,82682,82682,14882.76,14882.76,1,1,2,EXACT_MATCH
07ABCDE7926F1Z5,07ABCDE7926F1Z5,Supplier 193,Supplier 193,INV-00193,INV-00193,2026-01-27,2026-01-27,26420,26420,4755.60,4755.60,1,1,2,EXACT_MATCH
07ABCDE8146F1Z5,07ABCDE8146F1Z5,Supplier 194,Supplier 194,INV-00194,INV-00194,2026-08-26,2026-08-26,79244,79244,14263.92,14263.92,1,1,2,EXACT_MATCH
07ABCDE1485F1Z5,07ABCDE1485F1Z5,Supplier 195,Supplier 195,INV-00195,INV-00195,2026-06-25,2026-06-25,49573,49573,8923.14,8923.14,1,1,2,EXACT_MATCH
07ABCDE6661F1Z5,07ABCDE6661F1Z5,Supplier 196,Supplier 196,INV-00196,INV-00196,2026-09-15,2026-09-15,52989,52989,9538.02,9538.02,1,1,2,EXACT_MATCH
07ABCDE9614F1Z5,07ABCDE9614F1Z5,Supplier 197,Supplier 197,INV-00197,INV-00197,2026-10-16,2026-10-16,56132,56132,10103.76,10103.76,1,1,2,EXACT_MATCH
07ABCDE8945F1Z5,07ABCDE8945F1Z5,Supplier 198,Supplier 198,INV-00198,INV-00198,2026-07-06,2026-07-06,44107,44107,7939.26,7939.26,1,1,2,EXACT_MATCH
07ABCDE6038F1Z5,07ABCDE6038F1Z5,Supplier 199,Supplier 199,INV-00199,INV-00199,2026-07-29,2026-07-29,47698,47698,8585.64,8585.64,1,1,2,EXACT_MATCH
07ABCDE9903F1Z5,07ABCDE9903F1Z5,Supplier 200,Supplier 200,INV-00200,INV-00200,2026-11-01,2026-11-01,93749,93749,16874.82,16874.82,1,1,2,EXACT_MATCH
07ABCDE1686F1Z5,07ABCDE1686F1Z5,Supplier 201,Supplier 201,INV-00201,INV-00201,2026-10-17,2026-10-17,46778,46778,8420.04,8420.04,1,1,2,EXACT_MATCH
07ABCDE1876F1Z5,07ABCDE1876F1Z5,Supplier 202,Supplier 202,INV-00202,INV-00202,2026-02-28,2026-02-28,44921,44921,8085.78,8085.78,1,1,2,EXACT_MATCH
07ABCDE6998F1Z5,07ABCDE6998F1Z5,Supplier 203,Supplier 203,INV-00203,INV-00203,2026-07-06,2026-07-06,84403,84403,15192.54,15192.54,1,1,2,EXACT_MATCH
07ABCDE4879F1Z5,07ABCDE4879F1Z5,Supplier 204,Supplier 204,INV-00204,INV-00204,2026-04-05,2026-04-05,77986,77986,14037.48,14037.48,1,1,2,EXACT_MATCH
07ABCDE6500F1Z5,07ABCDE6500F1Z5,Supplier 205,Supplier 205,INV-00205,INV-00205,2026-07-27,2026-07-27,11032,11032,1985.76,1985.76,1,1,2,EXACT_MATCH
07ABCDE2072F1Z5,07ABCDE2072F1Z5,Supplier 206,Supplier 206,INV-00206,INV-00206,2026-06-23,2026-06-23,82230,82230,14801.40,14801.40,1,1,2,EXACT_MATCH
07ABCDE4822F1Z5,07ABCDE4822F1Z5,Supplier 207,Supplier 207,INV-00207,INV-00207,2026-12-17,2026-12-17,84062,84062,15131.16,15131.16,1,1,2,EXACT_MATCH
07ABCDE2779F1Z5,07ABCDE2779F1Z5,Supplier 208,Supplier 208,INV-00208,INV-00208,2026-07-23,2026-07-23,18504,18504,3330.72,3330.72,1,1,2,EXACT_MATCH
07ABCDE4748F1Z5,07ABCDE4748F1Z5,Supplier 209,Supplier 209,INV-00209,INV-00209,2026-04-01,2026-04-01,75258,75258,13546.44,13546.44,1,1,2,EXACT_MATCH
07ABCDE9253F1Z5,07ABCDE9253F1Z5,Supplier 210,Supplier 210,INV-00210,INV-00210,2026-02-18,2026-02-18,89581,89581,16124.58,16124.58,1,1,2,EXACT_MATCH
07ABCDE3587F1Z5,07ABCDE3587F1Z5,Supplier 211,Supplier 211,INV-00211,INV-00211,2026-07-26,2026-07-26,50932,50932,9167.76,9167.76,1,1,2,EXACT_MATCH
07ABCDE3707F1Z5,07ABCDE3707F1Z5,Supplier 212,Supplier 212,INV-00212,INV-00212,2026-10-17,2026-10-17,14305,14305,2574.90,2574.90,1,1,2,EXACT_MATCH
07ABCDE6846F1Z5,07ABCDE6846F1Z5,Supplier 213,Supplier 213,INV-00213,INV-00213,2026-09-29,2026-09-29,85691,85691,15424.38,15424.38,1,1,2,EXACT_MATCH
07ABCDE3076F1Z5,07ABCDE3076F1Z5,Supplier 214,Supplier 214,INV-00214,INV-00214,2026-09-30,2026-09-30,88615,88615,15950.70,15950.70,1,1,2,EXACT_MATCH
07ABCDE6471F1Z5,07ABCDE6471F1Z5,Supplier 215,Supplier 215,INV-00215,INV-00215,2026-10-29,2026-10-29,63111,63111,11359.98,11359.98,1,1,2,EXACT_MATCH
07ABCDE5049F1Z5,07ABCDE5049F1Z5,Supplier 216,Supplier 216,INV-00216,INV-00216,2026-07-12,2026-07-12,14978,14978,2696.04,2696.04,1,1,2,EXACT_MATCH
07ABCDE2095F1Z5,07ABCDE2095F1Z5,Supplier 217,Supplier 217,INV-00217,INV-00217,2026-10-10,2026-10-10,61634,61634,11094.12,11094.12,1,1,2,EXACT_MATCH
07ABCDE9606F1Z5,07ABCDE9606F1Z5,Supplier 218,Supplier 218,INV-00218,INV-00218,2026-01-24,2026-01-24,9798,9798,1763.64,1763.64,1,1,2,EXACT_MATCH
07ABCDE4599F1Z5,07ABCDE4599F1Z5,Supplier 219,Supplier 219,INV-00219,INV-00219,2026-07-13,2026-07-13,56426,56426,10156.68,10156.68,1,1,2,EXACT_MATCH
07ABCDE5498F1Z5,07ABCDE5498F1Z5,Supplier 220,Supplier 220,INV-00220,INV-00220,2026-09-30,2026-09-30,85378,85378,15368.04,15368.04,1,1,2,EXACT_MATCH
07ABCDE9129F1Z5,07ABCDE9129F1Z5,Supplier 221,Supplier 221,INV-00221,INV-00221,2026-09-27,2026-09-27,2930,2930,527.40,527.40,1,1,2,EXACT_MATCH
07ABCDE3930F1Z5,07ABCDE3930F1Z5,Supplier 222,Supplier 222,INV-00222,INV-00222,2026-01-31,2026-01-31,4846,4846,872.28,872.28,1,1,2,EXACT_MATCH
07ABCDE9284F1Z5,07ABCDE9284F1Z5,Supplier 223,Supplier 223,INV-00223,INV-00223,2026-01-18,2026-01-18,80397,80397,14471.46,14471.46,1,1,2,EXACT_MATCH
07ABCDE8357F1Z5,07ABCDE8357F1Z5,Supplier 224,Supplier 224,INV-00224,INV-00224,2026-11-27,2026-11-27,44317,44317,7977.06,7977.06,1,1,2,EXACT_MATCH
07ABCDE6109F1Z5,07ABCDE6109F1Z5,Supplier 225,Supplier 225,INV-00225,INV-00225,2026-06-08,2026-06-08,27146,27146,4886.28,4886.28,1,1,2,EXACT_MATCH
07ABCDE6230F1Z5,07ABCDE6230F1Z5,Supplier 226,Supplier 226,INV-00226,INV-00226,2026-09-29,2026-09-29,39396,39396,7091.28,7091.28,1,1,2,EXACT_MATCH
07ABCDE5507F1Z5,07ABCDE5507F1Z5,Supplier 227,Supplier 227,INV-00227,INV-00227,2026-11-24,2026-11-24,79225,79225,14260.50,14260.50,1,1,2,EXACT_MATCH
07ABCDE3609F1Z5,07ABCDE3609F1Z5,Supplier 228,Supplier 228,INV-00228,INV-00228,2026-12-18,2026-12-18,21512,21512,3872.16,3872.16,1,1,2,EXACT_MATCH
07ABCDE1167F1Z5,07ABCDE1167F1Z5,Supplier 229,Supplier 229,INV-00229,INV-00229,2026-12-27,2026-12-27,83608,83608,15049.44,15049.44,1,1,2,EXACT_MATCH
07ABCDE8877F1Z5,07ABCDE8877F1Z5,Supplier 230,Supplier 230,INV-00230,INV-00230,2026-07-05,2026-07-05,18538,18538,3336.84,3336.84,1,1,2,EXACT_MATCH
07ABCDE7271F1Z5,07ABCDE7271F1Z5,Supplier 231,Supplier 231,INV-00231,INV-00231,2026-11-14,2026-11-14,93699,93699,16865.82,16865.82,1,1,2,EXACT_MATCH
07ABCDE8883F1Z5,07ABCDE8883F1Z5,Supplier 232,Supplier 232,INV-00232,INV-00232,2026-02-19,2026-02-19,44632,44632,8033.76,8033.76,1,1,2,EXACT_MATCH
07ABCDE4603F1Z5,07ABCDE4603F1Z5,Supplier 233,Supplier 233,INV-00233,INV-00233,2026-04-09,2026-04-09,23724,23724,4270.32,4270.32,1,1,2,EXACT_MATCH
07ABCDE3495F1Z5,07ABCDE3495F1Z5,Supplier 234,Supplier 234,INV-00234,INV-00234,2026-08-14,2026-08-14,43189,43189,7774.02,7774.02,1,1,2,EXACT_MATCH
07ABCDE7646F1Z5,07ABCDE7646F1Z5,Supplier 235,Supplier 235,INV-00235,INV-00235,2026-02-05,2026-02-05,31119,31119,5601.42,5601.42,1,1,2,EXACT_MATCH
07ABCDE1044F1Z5,07ABCDE1044F1Z5,Supplier 236,Supplier 236,INV-00236,INV-00236,2026-08-13,2026-08-13,33684,33684,6063.12,6063.12,1,1,2,EXACT_MATCH
07ABCDE2694F1Z5,07ABCDE2694F1Z5,Supplier 237,Supplier 237,INV-00237,INV-00237,2026-11-25,2026-11-25,96067,96067,17292.06,17292.06,1,1,2,EXACT_MATCH
07ABCDE6031F1Z5,07ABCDE6031F1Z5,Supplier 238,Supplier 238,INV-00238,INV-00238,2026-05-21,2026-05-21,32485,32485,5847.30,5847.30,1,1,2,EXACT_MATCH
07ABCDE3920F1Z5,07ABCDE3920F1Z5,Supplier 239,Supplier 239,INV-00239,INV-00239,2026-07-16,2026-07-16,43438,43438,7818.84,7818.84,1,1,2,EXACT_MATCH
07ABCDE4514F1Z5,07ABCDE4514F1Z5,Supplier 240,Supplier 240,INV-00240,INV-00240,2026-07-13,2026-07-13,41064,41064,7391.52,7391.52,1,1,2,EXACT_MATCH
07ABCDE5631F1Z5,07ABCDE5631F1Z5,Supplier 241,Supplier 241,INV-00241,INV-00241,2026-06-15,2026-06-15,2173,2173,391.14,391.14,1,1,2,EXACT_MATCH
07ABCDE8994F1Z5,07ABCDE8994F1Z5,Supplier 242,Supplier 242,INV-00242,INV-00242,2026-07-14,2026-07-14,84477,84477,15205.86,15205.86,1,1,2,EXACT_MATCH
07ABCDE9343F1Z5,07ABCDE9343F1Z5,Supplier 243,Supplier 243,INV-00243,INV-00243,2026-11-23,2026-11-23,59410,59410,10693.80,10693.80,1,1,2,EXACT_MATCH
07ABCDE2437F1Z5,07ABCDE2437F1Z5,Supplier 244,Supplier 244,INV-00244,INV-00244,2026-11-05,2026-11-05,43108,43108,7759.44,7759.44,1,1,2,EXACT_MATCH
07ABCDE2567F1Z5,07ABCDE2567F1Z5,Supplier 245,Supplier 245,INV-00245,INV-00245,2026-01-26,2026-01-26,99095,99095,17837.10,17837.10,1,1,2,EXACT_MATCH
07ABCDE3872F1Z5,07ABCDE3872F1Z5,Supplier 246,Supplier 246,INV-00246,INV-00246,2026-04-01,2026-04-01,82524,82524,14854.32,14854.32,1,1,2,EXACT_MATCH
07ABCDE9115F1Z5,07ABCDE9115F1Z5,Supplier 247,Supplier 247,INV-00247,INV-00247,2026-12-30,2026-12-30,55074,55074,9913.32,9913.32,1,1,2,EXACT_MATCH
07ABCDE7885F1Z5,07ABCDE7885F1Z5,Supplier 248,Supplier 248,INV-00248,INV-00248,2026-08-19,2026-08-19,33255,33255,5985.90,5985.90,1,1,2,EXACT_MATCH
07ABCDE3671F1Z5,07ABCDE3671F1Z5,Supplier 249,Supplier 249,INV-00249,INV-00249,2026-12-20,2026-12-20,72281,72281,13010.58,13010.58,1,1,2,EXACT_MATCH
07ABCDE3996F1Z5,07ABCDE3996F1Z5,Supplier 250,Supplier 250,INV-00250,INV-00250,2026-09-08,2026-09-08,67466,67466,12143.88,12143.88,1,1,2,EXACT_MATCH
07ABCDE1869F1Z5,07ABCDE1869F1Z5,Supplier 251,Supplier 251,INV-00251,INV-00251,2026-07-06,2026-07-06,55168,55168,9930.24,9930.24,1,1,2,EXACT_MATCH
07ABCDE4273F1Z5,07ABCDE4273F1Z5,Supplier 252,Supplier 252,INV-00252,INV-00252,2026-02-21,2026-02-21,99833,99833,17969.94,17969.94,1,1,2,EXACT_MATCH
07ABCDE3460F1Z5,07ABCDE3460F1Z5,Supplier 253,Supplier 253,INV-00253,INV-00253,2026-12-09,2026-12-09,38912,38912,7004.16,7004.16,1,1,2,EXACT_MATCH
07ABCDE7790F1Z5,07ABCDE7790F1Z5,Supplier 254,Supplier 254,INV-00254,INV-00254,2026-02-15,2026-02-15,32972,32972,5934.96,5934.96,1,1,2,EXACT_MATCH
07ABCDE5026F1Z5,07ABCDE5026F1Z5,Supplier 255,Supplier 255,INV-00255,INV-00255,2026-07-09,2026-07-09,66332,66332,11939.76,11939.76,1,1,2,EXACT_MATCH
07ABCDE9418F1Z5,07ABCDE9418F1Z5,Supplier 256,Supplier 256,INV-00256,INV-00256,2026-09-18,2026-09-18,79948,79948,14390.64,14390.64,1,1,2,EXACT_MATCH
07ABCDE4855F1Z5,07ABCDE4855F1Z5,Supplier 257,Supplier 257,INV-00257,INV-00257,2026-09-29,2026-09-29,68709,68709,12367.62,12367.62,1,1,2,EXACT_MATCH
07ABCDE5526F1Z5,07ABCDE5526F1Z5,Supplier 258,Supplier 258,INV-00258,INV-00258,2026-04-06,2026-04-06,4283,4283,770.94,770.94,1,1,2,EXACT_MATCH
07ABCDE5215F1Z5,07ABCDE5215F1Z5,Supplier 259,Supplier 259,INV-00259,INV-00259,2026-07-27,2026-07-27,7867,7867,1416.06,1416.06,1,1,2,EXACT_MATCH
07ABCDE1804F1Z5,07ABCDE1804F1Z5,Supplier 260,Supplier 260,INV-00260,INV-00260,2026-11-29,2026-11-29,12668,12668,2280.24,2280.24,1,1,2,EXACT_MATCH
07ABCDE6770F1Z5,07ABCDE6770F1Z5,Supplier 261,Supplier 261,INV-00261,INV-00261,2026-09-11,2026-09-11,11081,11081,1994.58,1994.58,1,1,2,EXACT_MATCH
07ABCDE7267F1Z5,07ABCDE7267F1Z5,Supplier 262,Supplier 262,INV-00262,INV-00262,2026-02-07,2026-02-07,50584,50584,9105.12,9105.12,1,1,2,EXACT_MATCH
07ABCDE9785F1Z5,07ABCDE9785F1Z5,Supplier 263,Supplier 263,INV-00263,INV-00263,2026-04-18,2026-04-18,59147,59147,10646.46,10646.46,1,1,2,EXACT_MATCH
07ABCDE5327F1Z5,07ABCDE5327F1Z5,Supplier 264,Supplier 264,INV-00264,INV-00264,2026-03-18,2026-03-18,7258,7258,1306.44,1306.44,1,1,2,EXACT_MATCH
07ABCDE2020F1Z5,07ABCDE2020F1Z5,Supplier 265,Supplier 265,INV-00265,INV-00265,2026-04-14,2026-04-14,16101,16101,2898.18,2898.18,1,1,2,EXACT_MATCH
07ABCDE3166F1Z5,07ABCDE3166F1Z5,Supplier 266,Supplier 266,INV-00266,INV-00266,2026-04-19,2026-04-19,62401,62401,11232.18,11232.18,1,1,2,EXACT_MATCH
07ABCDE4385F1Z5,07ABCDE4385F1Z5,Supplier 267,Supplier 267,INV-00267,INV-00267,2026-03-18,2026-03-18,96069,96069,17292.42,17292.42,1,1,2,EXACT_MATCH
07ABCDE2113F1Z5,07ABCDE2113F1Z5,Supplier 268,Supplier 268,INV-00268,INV-00268,2026-08-27,2026-08-27,2360,2360,424.80,424.80,1,1,2,EXACT_MATCH
07ABCDE9647F1Z5,07ABCDE9647F1Z5,Supplier 269,Supplier 269,INV-00269,INV-00269,2026-11-08,2026-11-08,58636,58636,10554.48,10554.48,1,1,2,EXACT_MATCH
07ABCDE2079F1Z5,07ABCDE2079F1Z5,Supplier 270,Supplier 270,INV-00270,INV-00270,2026-03-17,2026-03-17,56188,56188,10113.84,10113.84,1,1,2,EXACT_MATCH
07ABCDE4391F1Z5,07ABCDE4391F1Z5,Supplier 271,Supplier 271,INV-00271,INV-00271,2026-11-30,2026-11-30,83588,83588,15045.84,15045.84,1,1,2,EXACT_MATCH
07ABCDE9512F1Z5,07ABCDE9512F1Z5,Supplier 272,Supplier 272,INV-00272,INV-00272,2026-10-29,2026-10-29,95624,95624,17212.32,17212.32,1,1,2,EXACT_MATCH
07ABCDE2505F1Z5,07ABCDE2505F1Z5,Supplier 273,Supplier 273,INV-00273,INV-00273,2026-04-04,2026-04-04,91130,91130,16403.40,16403.40,1,1,2,EXACT_MATCH
07ABCDE6003F1Z5,07ABCDE6003F1Z5,Supplier 274,Supplier 274,INV-00274,INV-00274,2026-08-19,2026-08-19,21145,21145,3806.10,3806.10,1,1,2,EXACT_MATCH
07ABCDE8492F1Z5,07ABCDE8492F1Z5,Supplier 275,Supplier 275,INV-00275,INV-00275,2026-06-10,2026-06-10,70059,70059,12610.62,12610.62,1,1,2,EXACT_MATCH
07ABCDE4381F1Z5,07ABCDE4381F1Z5,Supplier 276,Supplier 276,INV-00276,INV-00276,2026-03-03,2026-03-03,46712,46712,8408.16,8408.16,1,1,2,EXACT_MATCH
07ABCDE9023F1Z5,07ABCDE9023F1Z5,Supplier 277,Supplier 277,INV-00277,INV-00277,2026-03-12,2026-03-12,18832,18832,3389.76,3389.76,1,1,2,EXACT_MATCH
07ABCDE3121F1Z5,07ABCDE3121F1Z5,Supplier 278,Supplier 278,INV-00278,INV-00278,2026-08-03,2026-08-03,64652,64652,11637.36,11637.36,1,1,2,EXACT_MATCH
07ABCDE8147F1Z5,07ABCDE8147F1Z5,Supplier 279,Supplier 279,INV-00279,INV-00279,2026-03-11,2026-03-11,94930,94930,17087.40,17087.40,1,1,2,EXACT_MATCH
07ABCDE4912F1Z5,07ABCDE4912F1Z5,Supplier 280,Supplier 280,INV-00280,INV-00280,2026-07-14,2026-07-14,62632,62632,11273.76,11273.76,1,1,2,EXACT_MATCH
07ABCDE1756F1Z5,07ABCDE1756F1Z5,Supplier 281,Supplier 281,INV-00281,INV-00281,2026-09-22,2026-09-22,13235,13235,2382.30,2382.30,1,1,2,EXACT_MATCH
07ABCDE8318F1Z5,07ABCDE8318F1Z5,Supplier 282,Supplier 282,INV-00282,INV-00282,2026-09-16,2026-09-16,74223,74223,13360.14,13360.14,1,1,2,EXACT_MATCH
07ABCDE6516F1Z5,07ABCDE6516F1Z5,Supplier 283,Supplier 283,INV-00283,INV-00283,2026-10-14,2026-10-14,65676,65676,11821.68,11821.68,1,1,2,EXACT_MATCH
07ABCDE9102F1Z5,07ABCDE9102F1Z5,Supplier 284,Supplier 284,INV-00284,INV-00284,2026-03-26,2026-03-26,74702,74702,13446.36,13446.36,1,1,2,EXACT_MATCH
07ABCDE4317F1Z5,07ABCDE4317F1Z5,Supplier 285,Supplier 285,INV-00285,INV-00285,2026-09-10,2026-09-10,67191,67191,12094.38,12094.38,1,1,2,EXACT_MATCH
07ABCDE5936F1Z5,07ABCDE5936F1Z5,Supplier 286,Supplier 286,INV-00286,INV-00286,2026-04-15,2026-04-15,28227,28227,5080.86,5080.86,1,1,2,EXACT_MATCH
07ABCDE9469F1Z5,07ABCDE9469F1Z5,Supplier 287,Supplier 287,INV-00287,INV-00287,2026-03-29,2026-03-29,13728,13728,2471.04,2471.04,1,1,2,EXACT_MATCH
07ABCDE1850F1Z5,07ABCDE1850F1Z5,Supplier 288,Supplier 288,INV-00288,INV-00288,2026-02-13,2026-02-13,20981,20981,3776.58,3776.58,1,1,2,EXACT_MATCH
07ABCDE7862F1Z5,07ABCDE7862F1Z5,Supplier 289,Supplier 289,INV-00289,INV-00289,2026-11-13,2026-11-13,56983,56983,10256.94,10256.94,1,1,2,EXACT_MATCH
07ABCDE2689F1Z5,07ABCDE2689F1Z5,Supplier 290,Supplier 290,INV-00290,INV-00290,2026-12-19,2026-12-19,82899,82899,14921.82,14921.82,1,1,2,EXACT_MATCH
07ABCDE1613F1Z5,07ABCDE1613F1Z5,Supplier 291,Supplier 291,INV-00291,INV-00291,2026-03-11,2026-03-11,81403,81403,14652.54,14652.54,1,1,2,EXACT_MATCH
07ABCDE1286F1Z5,07ABCDE1286F1Z5,Supplier 292,Supplier 292,INV-00292,INV-00292,2026-10-19,2026-10-19,97829,97829,17609.22,17609.22,1,1,2,EXACT_MATCH
07ABCDE6950F1Z5,07ABCDE6950F1Z5,Supplier 293,Supplier 293,INV-00293,INV-00293,2026-09-05,2026-09-05,1053,1053,189.54,189.54,1,1,2,EXACT_MATCH
07ABCDE8530F1Z5,07ABCDE8530F1Z5,Supplier 294,Supplier 294,INV-00294,INV-00294,2026-07-30,2026-07-30,21073,21073,3793.14,3793.14,1,1,2,EXACT_MATCH
07ABCDE9398F1Z5,07ABCDE9398F1Z5,Supplier 295,Supplier 295,INV-00295,INV-00295,2026-10-28,2026-10-28,55158,55158,9928.44,9928.44,1,1,2,EXACT_MATCH
07ABCDE8727F1Z5,07ABCDE8727F1Z5,Supplier 296,Supplier 296,INV-00296,INV-00296,2026-04-02,2026-04-02,56315,56315,10136.70,10136.70,1,1,2,EXACT_MATCH
07ABCDE4409F1Z5,07ABCDE4409F1Z5,Supplier 297,Supplier 297,INV-00297,INV-00297,2026-05-16,2026-05-16,88978,88978,16016.04,16016.04,1,1,2,EXACT_MATCH
07ABCDE1672F1Z5,07ABCDE1672F1Z5,Supplier 298,Supplier 298,INV-00298,INV-00298,2026-06-08,2026-06-08,54694,54694,9844.92,9844.92,1,1,2,EXACT_MATCH
07ABCDE9071F1Z5,07ABCDE9071F1Z5,Supplier 299,Supplier 299,INV-00299,INV-00299,2026-06-13,2026-06-13,53062,53062,9551.16,9551.16,1,1,2,EXACT_MATCH
07ABCDE5663F1Z5,07ABCDE5663F1Z5,Supplier 300,Supplier 300,INV-00300,INV-00300,2026-08-30,2026-08-30,22708,22708,4087.44,4087.44,1,1,2,EXACT_MATCH
07ABCDE4965F1Z5,07ABCDE4965F1Z5,Supplier 301,Supplier 301,INV-00301,INV-00301,2026-09-27,2026-09-27,2850,2850,513.00,513.00,1,1,2,EXACT_MATCH
07ABCDE5979F1Z5,07ABCDE5979F1Z5,Supplier 302,Supplier 302,INV-00302,INV-00302,2026-06-26,2026-06-26,26214,26214,4718.52,4718.52,1,1,2,EXACT_MATCH
07ABCDE6843F1Z5,07ABCDE6843F1Z5,Supplier 303,Supplier 303,INV-00303,INV-00303,2026-12-10,2026-12-10,34608,34608,6229.44,6229.44,1,1,2,EXACT_MATCH
07ABCDE6374F1Z5,07ABCDE6374F1Z5,Supplier 304,Supplier 304,INV-00304,INV-00304,2026-11-03,2026-11-03,19056,19056,3430.08,3430.08,1,1,2,EXACT_MATCH
07ABCDE1470F1Z5,07ABCDE1470F1Z5,Supplier 305,Supplier 305,INV-00305,INV-00305,2026-05-27,2026-05-27,38469,38469,6924.42,6924.42,1,1,2,EXACT_MATCH
07ABCDE9083F1Z5,07ABCDE9083F1Z5,Supplier 306,Supplier 306,INV-00306,INV-00306,2026-12-16,2026-12-16,2899,2899,521.82,521.82,1,1,2,EXACT_MATCH
07ABCDE2897F1Z5,07ABCDE2897F1Z5,Supplier 307,Supplier 307,INV-00307,INV-00307,2026-11-08,2026-11-08,38958,38958,7012.44,7012.44,1,1,2,EXACT_MATCH
07ABCDE8320F1Z5,07ABCDE8320F1Z5,Supplier 308,Supplier 308,INV-00308,INV-00308,2026-03-24,2026-03-24,65247,65247,11744.46,11744.46,1,1,2,EXACT_MATCH
07ABCDE8520F1Z5,07ABCDE8520F1Z5,Supplier 309,Supplier 309,INV-00309,INV-00309,2026-05-24,2026-05-24,6528,6528,1175.04,1175.04,1,1,2,EXACT_MATCH
07ABCDE7612F1Z5,07ABCDE7612F1Z5,Supplier 310,Supplier 310,INV-00310,INV-00310,2026-03-22,2026-03-22,57431,57431,10337.58,10337.58,1,1,2,EXACT_MATCH
07ABCDE6361F1Z5,07ABCDE6361F1Z5,Supplier 311,Supplier 311,INV-00311,INV-00311,2026-12-13,2026-12-13,3575,3575,643.50,643.50,1,1,2,EXACT_MATCH
07ABCDE8357F1Z5,07ABCDE8357F1Z5,Supplier 312,Supplier 312,INV-00312,INV-00312,2026-12-04,2026-12-04,92236,92236,16602.48,16602.48,1,1,2,EXACT_MATCH
07ABCDE5661F1Z5,07ABCDE5661F1Z5,Supplier 313,Supplier 313,INV-00313,INV-00313,2026-04-04,2026-04-04,76866,76866,13835.88,13835.88,1,1,2,EXACT_MATCH
07ABCDE4620F1Z5,07ABCDE4620F1Z5,Supplier 314,Supplier 314,INV-00314,INV-00314,2026-07-26,2026-07-26,57343,57343,10321.74,10321.74,1,1,2,EXACT_MATCH
07ABCDE5817F1Z5,07ABCDE5817F1Z5,Supplier 315,Supplier 315,INV-00315,INV-00315,2026-05-08,2026-05-08,94718,94718,17049.24,17049.24,1,1,2,EXACT_MATCH
07ABCDE8088F1Z5,07ABCDE8088F1Z5,Supplier 316,Supplier 316,INV-00316,INV-00316,2026-10-01,2026-10-01,87410,87410,15733.80,15733.80,1,1,2,EXACT_MATCH
07ABCDE1340F1Z5,07ABCDE1340F1Z5,Supplier 317,Supplier 317,INV-00317,INV-00317,2026-09-20,2026-09-20,70116,70116,12620.88,12620.88,1,1,2,EXACT_MATCH
07ABCDE1921F1Z5,07ABCDE1921F1Z5,Supplier 318,Supplier 318,INV-00318,INV-00318,2026-05-10,2026-05-10,6677,6677,1201.86,1201.86,1,1,2,EXACT_MATCH
07ABCDE8150F1Z5,07ABCDE8150F1Z5,Supplier 319,Supplier 319,INV-00319,INV-00319,2026-10-14,2026-10-14,24609,24609,4429.62,4429.62,1,1,2,EXACT_MATCH
07ABCDE9997F1Z5,07ABCDE9997F1Z5,Supplier 320,Supplier 320,INV-00320,INV-00320,2026-03-07,2026-03-07,52505,52505,9450.90,9450.90,1,1,2,EXACT_MATCH
07ABCDE6310F1Z5,07ABCDE6310F1Z5,Supplier 321,Supplier 321,INV-00321,INV-00321,2026-10-04,2026-10-04,74190,74190,13354.20,13354.20,1,1,2,EXACT_MATCH
07ABCDE2543F1Z5,07ABCDE2543F1Z5,Supplier 322,Supplier 322,INV-00322,INV-00322,2026-03-07,2026-03-07,67591,67591,12166.38,12166.38,1,1,2,EXACT_MATCH
07ABCDE9018F1Z5,07ABCDE9018F1Z5,Supplier 323,Supplier 323,INV-00323,INV-00323,2026-07-31,2026-07-31,76600,76600,13788.00,13788.00,1,1,2,EXACT_MATCH
07ABCDE4733F1Z5,07ABCDE4733F1Z5,Supplier 324,Supplier 324,INV-00324,INV-00324,2026-04-02,2026-04-02,90488,90488,16287.84,16287.84,1,1,2,EXACT_MATCH
07ABCDE7623F1Z5,07ABCDE7623F1Z5,Supplier 325,Supplier 325,INV-00325,INV-00325,2026-09-05,2026-09-05,35845,35845,6452.10,6452.10,1,1,2,EXACT_MATCH
07ABCDE2573F1Z5,07ABCDE2573F1Z5,Supplier 326,Supplier 326,INV-00326,INV-00326,2026-02-26,2026-02-26,93419,93419,16815.42,16815.42,1,1,2,EXACT_MATCH
07ABCDE6269F1Z5,07ABCDE6269F1Z5,Supplier 327,Supplier 327,INV-00327,INV-00327,2026-10-05,2026-10-05,76354,76354,13743.72,13743.72,1,1,2,EXACT_MATCH
07ABCDE4548F1Z5,07ABCDE4548F1Z5,Supplier 328,Supplier 328,INV-00328,INV-00328,2026-01-10,2026-01-10,70781,70781,12740.58,12740.58,1,1,2,EXACT_MATCH
07ABCDE9117F1Z5,07ABCDE9117F1Z5,Supplier 329,Supplier 329,INV-00329,INV-00329,2026-03-28,2026-03-28,4313,4313,776.34,776.34,1,1,2,EXACT_MATCH
07ABCDE8739F1Z5,07ABCDE8739F1Z5,Supplier 330,Supplier 330,INV-00330,INV-00330,2026-09-27,2026-09-27,26167,26167,4710.06,4710.06,1,1,2,EXACT_MATCH
07ABCDE9973F1Z5,07ABCDE9973F1Z5,Supplier 331,Supplier 331,INV-00331,INV-00331,2026-10-23,2026-10-23,89649,89649,16136.82,16136.82,1,1,2,EXACT_MATCH
07ABCDE7960F1Z5,07ABCDE7960F1Z5,Supplier 332,Supplier 332,INV-00332,INV-00332,2026-06-16,2026-06-16,96303,96303,17334.54,17334.54,1,1,2,EXACT_MATCH
07ABCDE3284F1Z5,07ABCDE3284F1Z5,Supplier 333,Supplier 333,INV-00333,INV-00333,2026-10-12,2026-10-12,86352,86352,15543.36,15543.36,1,1,2,EXACT_MATCH
07ABCDE7111F1Z5,07ABCDE7111F1Z5,Supplier 334,Supplier 334,INV-00334,INV-00334,2026-08-26,2026-08-26,67114,67114,12080.52,12080.52,1,1,2,EXACT_MATCH
07ABCDE4563F1Z5,07ABCDE4563F1Z5,Supplier 335,Supplier 335,INV-00335,INV-00335,2026-10-02,2026-10-02,95791,95791,17242.38,17242.38,1,1,2,EXACT_MATCH
07ABCDE1105F1Z5,07ABCDE1105F1Z5,Supplier 336,Supplier 336,INV-00336,INV-00336,2026-11-11,2026-11-11,87023,87023,15664.14,15664.14,1,1,2,EXACT_MATCH
07ABCDE9267F1Z5,07ABCDE9267F1Z5,Supplier 337,Supplier 337,INV-00337,INV-00337,2026-10-18,2026-10-18,42430,42430,7637.40,7637.40,1,1,2,EXACT_MATCH
07ABCDE3715F1Z5,07ABCDE3715F1Z5,Supplier 338,Supplier 338,INV-00338,INV-00338,2026-06-10,2026-06-10,22189,22189,3994.02,3994.02,1,1,2,EXACT_MATCH
07ABCDE2236F1Z5,07ABCDE2236F1Z5,Supplier 339,Supplier 339,INV-00339,INV-00339,2026-02-25,2026-02-25,73921,73921,13305.78,13305.78,1,1,2,EXACT_MATCH
07ABCDE6207F1Z5,07ABCDE6207F1Z5,Supplier 340,Supplier 340,INV-00340,INV-00340,2026-08-19,2026-08-19,39971,39971,7194.78,7194.78,1,1,2,EXACT_MATCH
07ABCDE8520F1Z5,07ABCDE8520F1Z5,Supplier 341,Supplier 341,INV-00341,INV-00341,2026-08-26,2026-08-26,56063,56063,10091.34,10091.34,1,1,2,EXACT_MATCH
07ABCDE2445F1Z5,07ABCDE2445F1Z5,Supplier 342,Supplier 342,INV-00342,INV-00342,2026-01-18,2026-01-18,7484,7484,1347.12,1347.12,1,1,2,EXACT_MATCH
07ABCDE2536F1Z5,07ABCDE2536F1Z5,Supplier 343,Supplier 343,INV-00343,INV-00343,2026-08-09,2026-08-09,11779,11779,2120.22,2120.22,1,1,2,EXACT_MATCH
07ABCDE7788F1Z5,07ABCDE7788F1Z5,Supplier 344,Supplier 344,INV-00344,INV-00344,2026-04-29,2026-04-29,61575,61575,11083.50,11083.50,1,1,2,EXACT_MATCH
07ABCDE6905F1Z5,07ABCDE6905F1Z5,Supplier 345,Supplier 345,INV-00345,INV-00345,2026-09-14,2026-09-14,90511,90511,16291.98,16291.98,1,1,2,EXACT_MATCH
07ABCDE3117F1Z5,07ABCDE3117F1Z5,Supplier 346,Supplier 346,INV-00346,INV-00346,2026-07-20,2026-07-20,82375,82375,14827.50,14827.50,1,1,2,EXACT_MATCH
07ABCDE9841F1Z5,07ABCDE9841F1Z5,Supplier 347,Supplier 347,INV-00347,INV-00347,2026-08-02,2026-08-02,99753,99753,17955.54,17955.54,1,1,2,EXACT_MATCH
07ABCDE4227F1Z5,07ABCDE4227F1Z5,Supplier 348,Supplier 348,INV-00348,INV-00348,2026-06-21,2026-06-21,71672,71672,12900.96,12900.96,1,1,2,EXACT_MATCH
07ABCDE3343F1Z5,07ABCDE3343F1Z5,Supplier 349,Supplier 349,INV-00349,INV-00349,2026-10-19,2026-10-19,36131,36131,6503.58,6503.58,1,1,2,EXACT_MATCH
07ABCDE3287F1Z5,07ABCDE3287F1Z5,Supplier 350,Supplier 350,INV-00350,INV-00350,2026-01-09,2026-01-09,14438,14438,2598.84,2598.84,1,1,2,EXACT_MATCH
07ABCDE6695F1Z5,07ABCDE6695F1Z5,Supplier 351,Supplier 351,INV-00351,INV-00351,2026-12-28,2026-12-28,76245,76245,13724.10,13724.10,1,1,2,EXACT_MATCH
07ABCDE7725F1Z5,07ABCDE7725F1Z5,Supplier 352,Supplier 352,INV-00352,INV-00352,2026-08-24,2026-08-24,55843,55843,10051.74,10051.74,1,1,2,EXACT_MATCH
07ABCDE1230F1Z5,07ABCDE1230F1Z5,Supplier 353,Supplier 353,INV-00353,INV-00353,2026-02-09,2026-02-09,46830,46830,8429.40,8429.40,1,1,2,EXACT_MATCH
07ABCDE4766F1Z5,07ABCDE4766F1Z5,Supplier 354,Supplier 354,INV-00354,INV-00354,2026-08-02,2026-08-02,99803,99803,17964.54,17964.54,1,1,2,EXACT_MATCH
07ABCDE4261F1Z5,07ABCDE4261F1Z5,Supplier 355,Supplier 355,INV-00355,INV-00355,2026-05-26,2026-05-26,44193,44193,7954.74,7954.74,1,1,2,EXACT_MATCH
07ABCDE7169F1Z5,07ABCDE7169F1Z5,Supplier 356,Supplier 356,INV-00356,INV-00356,2026-04-05,2026-04-05,16828,16828,3029.04,3029.04,1,1,2,EXACT_MATCH
07ABCDE9370F1Z5,07ABCDE9370F1Z5,Supplier 357,Supplier 357,INV-00357,INV-00357,2026-04-24,2026-04-24,58196,58196,10475.28,10475.28,1,1,2,EXACT_MATCH
07ABCDE3883F1Z5,07ABCDE3883F1Z5,Supplier 358,Supplier 358,INV-00358,INV-00358,2026-07-28,2026-07-28,44916,44916,8084.88,8084.88,1,1,2,EXACT_MATCH
07ABCDE7606F1Z5,07ABCDE7606F1Z5,Supplier 359,Supplier 359,INV-00359,INV-00359,2026-11-24,2026-11-24,14972,14972,2694.96,2694.96,1,1,2,EXACT_MATCH
07ABCDE1882F1Z5,07ABCDE1882F1Z5,Supplier 360,Supplier 360,INV-00360,INV-00360,2026-06-14,2026-06-14,78378,78378,14108.04,14108.04,1,1,2,EXACT_MATCH
07ABCDE3360F1Z5,07ABCDE3360F1Z5,Supplier 361,Supplier 361,INV-00361,INV-00361,2026-12-14,2026-12-14,76391,76391,13750.38,13750.38,1,1,2,EXACT_MATCH
07ABCDE2741F1Z5,07ABCDE2741F1Z5,Supplier 362,Supplier 362,INV-00362,INV-00362,2026-10-02,2026-10-02,53135,53135,9564.30,9564.30,1,1,2,EXACT_MATCH
07ABCDE2988F1Z5,07ABCDE2988F1Z5,Supplier 363,Supplier 363,INV-00363,INV-00363,2026-10-25,2026-10-25,96642,96642,17395.56,17395.56,1,1,2,EXACT_MATCH
07ABCDE1127F1Z5,07ABCDE1127F1Z5,Supplier 364,Supplier 364,INV-00364,INV-00364,2026-01-02,2026-01-02,97414,97414,17534.52,17534.52,1,1,2,EXACT_MATCH
07ABCDE7151F1Z5,07ABCDE7151F1Z5,Supplier 365,Supplier 365,INV-00365,INV-00365,2026-06-23,2026-06-23,76550,76550,13779.00,13779.00,1,1,2,EXACT_MATCH
07ABCDE9129F1Z5,07ABCDE9129F1Z5,Supplier 366,Supplier 366,INV-00366,INV-00366,2026-08-04,2026-08-04,64580,64580,11624.40,11624.40,1,1,2,EXACT_MATCH
07ABCDE4007F1Z5,07ABCDE4007F1Z5,Supplier 367,Supplier 367,INV-00367,INV-00367,2026-03-24,2026-03-24,81569,81569,14682.42,14682.42,1,1,2,EXACT_MATCH
07ABCDE3092F1Z5,07ABCDE3092F1Z5,Supplier 368,Supplier 368,INV-00368,INV-00368,2026-02-17,2026-02-17,10942,10942,1969.56,1969.56,1,1,2,EXACT_MATCH
07ABCDE3847F1Z5,07ABCDE3847F1Z5,Supplier 369,Supplier 369,INV-00369,INV-00369,2026-10-07,2026-10-07,47141,47141,8485.38,8485.38,1,1,2,EXACT_MATCH
07ABCDE9669F1Z5,07ABCDE9669F1Z5,Supplier 370,Supplier 370,INV-00370,INV-00370,2026-10-27,2026-10-27,37834,37834,6810.12,6810.12,1,1,2,EXACT_MATCH
07ABCDE2236F1Z5,07ABCDE2236F1Z5,Supplier 371,Supplier 371,INV-00371,INV-00371,2026-03-17,2026-03-17,9071,9071,1632.78,1632.78,1,1,2,EXACT_MATCH
07ABCDE5154F1Z5,07ABCDE5154F1Z5,Supplier 372,Supplier 372,INV-00372,INV-00372,2026-06-07,2026-06-07,2657,2657,478.26,478.26,1,1,2,EXACT_MATCH
07ABCDE3868F1Z5,07ABCDE3868F1Z5,Supplier 373,Supplier 373,INV-00373,INV-00373,2026-07-24,2026-07-24,53567,53567,9642.06,9642.06,1,1,2,EXACT_MATCH
07ABCDE8930F1Z5,07ABCDE8930F1Z5,Supplier 374,Supplier 374,INV-00374,INV-00374,2026-07-20,2026-07-20,57996,57996,10439.28,10439.28,1,1,2,EXACT_MATCH
07ABCDE5813F1Z5,07ABCDE5813F1Z5,Supplier 375,Supplier 375,INV-00375,INV-00375,2026-06-28,2026-06-28,33012,33012,5942.16,5942.16,1,1,2,EXACT_MATCH
07ABCDE5350F1Z5,07ABCDE5350F1Z5,Supplier 376,Supplier 376,INV-00376,INV-00376,2026-12-10,2026-12-10,21734,21734,3912.12,3912.12,1,1,2,EXACT_MATCH
07ABCDE5241F1Z5,07ABCDE5241F1Z5,Supplier 377,Supplier 377,INV-00377,INV-00377,2026-01-20,2026-01-20,33756,33756,6076.08,6076.08,1,1,2,EXACT_MATCH
07ABCDE4859F1Z5,07ABCDE4859F1Z5,Supplier 378,Supplier 378,INV-00378,INV-00378,2026-08-04,2026-08-04,17672,17672,3180.96,3180.96,1,1,2,EXACT_MATCH
07ABCDE5261F1Z5,07ABCDE5261F1Z5,Supplier 379,Supplier 379,INV-00379,INV-00379,2026-09-04,2026-09-04,13094,13094,2356.92,2356.92,1,1,2,EXACT_MATCH
07ABCDE9452F1Z5,07ABCDE9452F1Z5,Supplier 380,Supplier 380,INV-00380,INV-00380,2026-11-03,2026-11-03,80597,80597,14507.46,14507.46,1,1,2,EXACT_MATCH
07ABCDE2047F1Z5,07ABCDE2047F1Z5,Supplier 381,Supplier 381,INV-00381,INV-00381,2026-02-20,2026-02-20,58760,58760,10576.80,10576.80,1,1,2,EXACT_MATCH
07ABCDE7209F1Z5,07ABCDE7209F1Z5,Supplier 382,Supplier 382,INV-00382,INV-00382,2026-09-12,2026-09-12,91564,91564,16481.52,16481.52,1,1,2,EXACT_MATCH
07ABCDE9543F1Z5,07ABCDE9543F1Z5,Supplier 383,Supplier 383,INV-00383,INV-00383,2026-10-08,2026-10-08,40265,40265,7247.70,7247.70,1,1,2,EXACT_MATCH
07ABCDE1425F1Z5,07ABCDE1425F1Z5,Supplier 384,Supplier 384,INV-00384,INV-00384,2026-11-21,2026-11-21,65215,65215,11738.70,11738.70,1,1,2,EXACT_MATCH
07ABCDE5125F1Z5,07ABCDE5125F1Z5,Supplier 385,Supplier 385,INV-00385,INV-00385,2026-07-09,2026-07-09,39849,39849,7172.82,7172.82,1,1,2,EXACT_MATCH
07ABCDE3648F1Z5,07ABCDE3648F1Z5,Supplier 386,Supplier 386,INV-00386,INV-00386,2026-01-03,2026-01-03,17001,17001,3060.18,3060.18,1,1,2,EXACT_MATCH
07ABCDE7691F1Z5,07ABCDE7691F1Z5,Supplier 387,Supplier 387,INV-00387,INV-00387,2026-08-11,2026-08-11,21135,21135,3804.30,3804.30,1,1,2,EXACT_MATCH
07ABCDE8672F1Z5,07ABCDE8672F1Z5,Supplier 388,Supplier 388,INV-00388,INV-00388,2026-10-11,2026-10-11,5583,5583,1004.94,1004.94,1,1,2,EXACT_MATCH
07ABCDE3398F1Z5,07ABCDE3398F1Z5,Supplier 389,Supplier 389,INV-00389,INV-00389,2026-11-12,2026-11-12,85044,85044,15307.92,15307.92,1,1,2,EXACT_MATCH
07ABCDE3126F1Z5,07ABCDE3126F1Z5,Supplier 390,Supplier 390,INV-00390,INV-00390,2026-09-11,2026-09-11,43673,43673,7861.14,7861.14,1,1,2,EXACT_MATCH
07ABCDE7040F1Z5,07ABCDE7040F1Z5,Supplier 391,Supplier 391,INV-00391,INV-00391,2026-12-30,2026-12-30,89826,89826,16168.68,16168.68,1,1,2,EXACT_MATCH
07ABCDE9603F1Z5,07ABCDE9603F1Z5,Supplier 392,Supplier 392,INV-00392,INV-00392,2026-01-13,2026-01-13,6441,6441,1159.38,1159.38,1,1,2,EXACT_MATCH
07ABCDE8574F1Z5,07ABCDE8574F1Z5,Supplier 393,Supplier 393,INV-00393,INV-00393,2026-01-02,2026-01-02,45787,45787,8241.66,8241.66,1,1,2,EXACT_MATCH
07ABCDE5070F1Z5,07ABCDE5070F1Z5,Supplier 394,Supplier 394,INV-00394,INV-00394,2026-11-12,2026-11-12,92126,92126,16582.68,16582.68,1,1,2,EXACT_MATCH
07ABCDE3806F1Z5,07ABCDE3806F1Z5,Supplier 395,Supplier 395,INV-00395,INV-00395,2026-09-28,2026-09-28,89602,89602,16128.36,16128.36,1,1,2,EXACT_MATCH
07ABCDE9495F1Z5,07ABCDE9495F1Z5,Supplier 396,Supplier 396,INV-00396,INV-00396,2026-06-27,2026-06-27,35267,35267,6348.06,6348.06,1,1,2,EXACT_MATCH
07ABCDE9839F1Z5,07ABCDE9839F1Z5,Supplier 397,Supplier 397,INV-00397,INV-00397,2026-10-20,2026-10-20,28416,28416,5114.88,5114.88,1,1,2,EXACT_MATCH
07ABCDE1502F1Z5,07ABCDE1502F1Z5,Supplier 398,Supplier 398,INV-00398,INV-00398,2026-05-03,2026-05-03,70851,70851,12753.18,12753.18,1,1,2,EXACT_MATCH
07ABCDE1309F1Z5,07ABCDE1309F1Z5,Supplier 399,Supplier 399,INV-00399,INV-00399,2026-02-11,2026-02-11,69404,69404,12492.72,12492.72,1,1,2,EXACT_MATCH
07ABCDE8234F1Z5,07ABCDE8234F1Z5,Supplier 400,Supplier 400,INV-00400,INV-00400,2026-10-05,2026-10-05,82512,82512,14852.16,14852.16,1,1,2,EXACT_MATCH
07ABCDE9627F1Z5,07ABCDE9627F1Z5,Supplier 401,Supplier 401,INV-00401,INV-00401,2026-07-28,2026-07-28,11992,11992,2158.56,2158.56,1,1,2,EXACT_MATCH
07ABCDE8093F1Z5,07ABCDE8093F1Z5,Supplier 402,Supplier 402,INV-00402,INV-00402,2026-03-30,2026-03-30,23113,23113,4160.34,4160.34,1,1,2,EXACT_MATCH
07ABCDE9930F1Z5,07ABCDE9930F1Z5,Supplier 403,Supplier 403,INV-00403,INV-00403,2026-11-12,2026-11-12,44646,44646,8036.28,8036.28,1,1,2,EXACT_MATCH
07ABCDE9353F1Z5,07ABCDE9353F1Z5,Supplier 404,Supplier 404,INV-00404,INV-00404,2026-08-05,2026-08-05,84242,84242,15163.56,15163.56,1,1,2,EXACT_MATCH
07ABCDE3614F1Z5,07ABCDE3614F1Z5,Supplier 405,Supplier 405,INV-00405,INV-00405,2026-06-14,2026-06-14,38425,38425,6916.50,6916.50,1,1,2,EXACT_MATCH
07ABCDE1582F1Z5,07ABCDE1582F1Z5,Supplier 406,Supplier 406,INV-00406,INV-00406,2026-01-22,2026-01-22,70690,70690,12724.20,12724.20,1,1,2,EXACT_MATCH
07ABCDE1134F1Z5,07ABCDE1134F1Z5,Supplier 407,Supplier 407,INV-00407,INV-00407,2026-07-20,2026-07-20,81273,81273,14629.14,14629.14,1,1,2,EXACT_MATCH
07ABCDE4817F1Z5,07ABCDE4817F1Z5,Supplier 408,Supplier 408,INV-00408,INV-00408,2026-11-27,2026-11-27,42762,42762,7697.16,7697.16,1,1,2,EXACT_MATCH
07ABCDE4573F1Z5,07ABCDE4573F1Z5,Supplier 409,Supplier 409,INV-00409,INV-00409,2026-08-27,2026-08-27,95199,95199,17135.82,17135.82,1,1,2,EXACT_MATCH
07ABCDE9835F1Z5,07ABCDE9835F1Z5,Supplier 410,Supplier 410,INV-00410,INV-00410,2026-09-23,2026-09-23,76647,76647,13796.46,13796.46,1,1,2,EXACT_MATCH
07ABCDE9881F1Z5,07ABCDE9881F1Z5,Supplier 411,Supplier 411,INV-00411,INV-00411,2026-10-17,2026-10-17,84742,84742,15253.56,15253.56,1,1,2,EXACT_MATCH
07ABCDE9774F1Z5,07ABCDE9774F1Z5,Supplier 412,Supplier 412,INV-00412,INV-00412,2026-06-23,2026-06-23,29285,29285,5271.30,5271.30,1,1,2,EXACT_MATCH
07ABCDE7621F1Z5,07ABCDE7621F1Z5,Supplier 413,Supplier 413,INV-00413,INV-00413,2026-04-01,2026-04-01,71007,71007,12781.26,12781.26,1,1,2,EXACT_MATCH
07ABCDE2241F1Z5,07ABCDE2241F1Z5,Supplier 414,Supplier 414,INV-00414,INV-00414,2026-12-11,2026-12-11,55500,55500,9990.00,9990.00,1,1,2,EXACT_MATCH
07ABCDE4554F1Z5,07ABCDE4554F1Z5,Supplier 415,Supplier 415,INV-00415,INV-00415,2026-01-19,2026-01-19,94377,94377,16987.86,16987.86,1,1,2,EXACT_MATCH
07ABCDE3941F1Z5,07ABCDE3941F1Z5,Supplier 416,Supplier 416,INV-00416,INV-00416,2026-04-12,2026-04-12,5229,5229,941.22,941.22,1,1,2,EXACT_MATCH
07ABCDE9671F1Z5,07ABCDE9671F1Z5,Supplier 417,Supplier 417,INV-00417,INV-00417,2026-11-12,2026-11-12,68963,68963,12413.34,12413.34,1,1,2,EXACT_MATCH
07ABCDE9980F1Z5,07ABCDE9980F1Z5,Supplier 418,Supplier 418,INV-00418,INV-00418,2026-06-05,2026-06-05,68975,68975,12415.50,12415.50,1,1,2,EXACT_MATCH
07ABCDE3648F1Z5,07ABCDE3648F1Z5,Supplier 419,Supplier 419,INV-00419,INV-00419,2026-05-16,2026-05-16,87271,87271,15708.78,15708.78,1,1,2,EXACT_MATCH
07ABCDE9980F1Z5,07ABCDE9980F1Z5,Supplier 420,Supplier 420,INV-00420,INV-00420,2026-03-30,2026-03-30,7294,7294,1312.92,1312.92,1,1,2,EXACT_MATCH
07ABCDE4949F1Z5,07ABCDE4949F1Z5,Supplier 421,Supplier 421,INV-00421,INV-00421,2026-12-12,2026-12-12,87439,87439,15739.02,15739.02,1,1,2,EXACT_MATCH
07ABCDE9387F1Z5,07ABCDE9387F1Z5,Supplier 422,Supplier 422,INV-00422,INV-00422,2026-07-01,2026-07-01,63719,63719,11469.42,11469.42,1,1,2,EXACT_MATCH
07ABCDE3229F1Z5,07ABCDE3229F1Z5,Supplier 423,Supplier 423,INV-00423,INV-00423,2026-09-18,2026-09-18,7654,7654,1377.72,1377.72,1,1,2,EXACT_MATCH
07ABCDE3594F1Z5,07ABCDE3594F1Z5,Supplier 424,Supplier 424,INV-00424,INV-00424,2026-05-11,2026-05-11,99506,99506,17911.08,17911.08,1,1,2,EXACT_MATCH
07ABCDE2538F1Z5,07ABCDE2538F1Z5,Supplier 425,Supplier 425,INV-00425,INV-00425,2026-05-20,2026-05-20,54151,54151,9747.18,9747.18,1,1,2,EXACT_MATCH
07ABCDE6808F1Z5,07ABCDE6808F1Z5,Supplier 426,Supplier 426,INV-00426,INV-00426,2026-02-04,2026-02-04,35550,35550,6399.00,6399.00,1,1,2,EXACT_MATCH
07ABCDE7634F1Z5,07ABCDE7634F1Z5,Supplier 427,Supplier 427,INV-00427,INV-00427,2026-10-28,2026-10-28,99149,99149,17846.82,17846.82,1,1,2,EXACT_MATCH
07ABCDE5787F1Z5,07ABCDE5787F1Z5,Supplier 428,Supplier 428,INV-00428,INV-00428,2026-10-09,2026-10-09,13403,13403,2412.54,2412.54,1,1,2,EXACT_MATCH
07ABCDE6795F1Z5,07ABCDE6795F1Z5,Supplier 429,Supplier 429,INV-00429,INV-00429,2026-10-18,2026-10-18,18506,18506,3331.08,3331.08,1,1,2,EXACT_MATCH
07ABCDE3239F1Z5,07ABCDE3239F1Z5,Supplier 430,Supplier 430,INV-00430,INV-00430,2026-11-10,2026-11-10,57840,57840,10411.20,10411.20,1,1,2,EXACT_MATCH
07ABCDE1536F1Z5,07ABCDE1536F1Z5,Supplier 431,Supplier 431,INV-00431,INV-00431,2026-11-01,2026-11-01,16079,16079,2894.22,2894.22,1,1,2,EXACT_MATCH
07ABCDE6961F1Z5,07ABCDE6961F1Z5,Supplier 432,Supplier 432,INV-00432,INV-00432,2026-10-03,2026-10-03,43356,43356,7804.08,7804.08,1,1,2,EXACT_MATCH
07ABCDE7517F1Z5,07ABCDE7517F1Z5,Supplier 433,Supplier 433,INV-00433,INV-00433,2026-12-23,2026-12-23,30577,30577,5503.86,5503.86,1,1,2,EXACT_MATCH
07ABCDE4213F1Z5,07ABCDE4213F1Z5,Supplier 434,Supplier 434,INV-00434,INV-00434,2026-10-02,2026-10-02,69037,69037,12426.66,12426.66,1,1,2,EXACT_MATCH
07ABCDE2248F1Z5,07ABCDE2248F1Z5,Supplier 435,Supplier 435,INV-00435,INV-00435,2026-04-07,2026-04-07,81068,81068,14592.24,14592.24,1,1,2,EXACT_MATCH
07ABCDE2247F1Z5,07ABCDE2247F1Z5,Supplier 436,Supplier 436,INV-00436,INV-00436,2026-12-27,2026-12-27,80528,80528,14495.04,14495.04,1,1,2,EXACT_MATCH
07ABCDE5769F1Z5,07ABCDE5769F1Z5,Supplier 437,Supplier 437,INV-00437,INV-00437,2026-12-11,2026-12-11,55144,55144,9925.92,9925.92,1,1,2,EXACT_MATCH
07ABCDE9299F1Z5,07ABCDE9299F1Z5,Supplier 438,Supplier 438,INV-00438,INV-00438,2026-04-29,2026-04-29,72510,72510,13051.80,13051.80,1,1,2,EXACT_MATCH
07ABCDE9464F1Z5,07ABCDE9464F1Z5,Supplier 439,Supplier 439,INV-00439,INV-00439,2026-02-08,2026-02-08,76657,76657,13798.26,13798.26,1,1,2,EXACT_MATCH
07ABCDE4441F1Z5,07ABCDE4441F1Z5,Supplier 440,Supplier 440,INV-00440,INV-00440,2026-09-08,2026-09-08,74484,74484,13407.12,13407.12,1,1,2,EXACT_MATCH
07ABCDE1137F1Z5,07ABCDE1137F1Z5,Supplier 441,Supplier 441,INV-00441,INV-00441,2026-01-20,2026-01-20,63103,63103,11358.54,11358.54,1,1,2,EXACT_MATCH
07ABCDE7865F1Z5,07ABCDE7865F1Z5,Supplier 442,Supplier 442,INV-00442,INV-00442,2026-04-16,2026-04-16,60156,60156,10828.08,10828.08,1,1,2,EXACT_MATCH
07ABCDE2943F1Z5,07ABCDE2943F1Z5,Supplier 443,Supplier 443,INV-00443,INV-00443,2026-11-22,2026-11-22,94090,94090,16936.20,16936.20,1,1,2,EXACT_MATCH
07ABCDE1183F1Z5,07ABCDE1183F1Z5,Supplier 444,Supplier 444,INV-00444,INV-00444,2026-12-11,2026-12-11,96874,96874,17437.32,17437.32,1,1,2,EXACT_MATCH
07ABCDE6256F1Z5,07ABCDE6256F1Z5,Supplier 445,Supplier 445,INV-00445,INV-00445,2026-05-30,2026-05-30,17329,17329,3119.22,3119.22,1,1,2,EXACT_MATCH
07ABCDE5572F1Z5,07ABCDE5572F1Z5,Supplier 446,Supplier 446,INV-00446,INV-00446,2026-12-21,2026-12-21,7706,7706,1387.08,1387.08,1,1,2,EXACT_MATCH
07ABCDE5377F1Z5,07ABCDE5377F1Z5,Supplier 447,Supplier 447,INV-00447,INV-00447,2026-11-02,2026-11-02,80198,80198,14435.64,14435.64,1,1,2,EXACT_MATCH
07ABCDE1125F1Z5,07ABCDE1125F1Z5,Supplier 448,Supplier 448,INV-00448,INV-00448,2026-09-21,2026-09-21,8176,8176,1471.68,1471.68,1,1,2,EXACT_MATCH
07ABCDE2725F1Z5,07ABCDE2725F1Z5,Supplier 449,Supplier 449,INV-00449,INV-00449,2026-09-15,2026-09-15,94116,94116,16940.88,16940.88,1,1,2,EXACT_MATCH
07ABCDE8639F1Z5,07ABCDE8639F1Z5,Supplier 450,Supplier 450,INV-00450,INV-00450,2026-02-01,2026-02-01,9500,9500,1710.00,1710.00,1,1,2,EXACT_MATCH
07ABCDE9811F1Z5,07ABCDE9811F1Z5,Supplier 451,Supplier 451,INV-00451,INV-00451,2026-01-21,2026-01-21,46129,46129,8303.22,8303.22,1,1,2,EXACT_MATCH
07ABCDE4884F1Z5,07ABCDE4884F1Z5,Supplier 452,Supplier 452,INV-00452,INV-00452,2026-07-08,2026-07-08,83005,83005,14940.90,14940.90,1,1,2,EXACT_MATCH
07ABCDE5459F1Z5,07ABCDE5459F1Z5,Supplier 453,Supplier 453,INV-00453,INV-00453,2026-05-06,2026-05-06,37958,37958,6832.44,6832.44,1,1,2,EXACT_MATCH
07ABCDE9149F1Z5,07ABCDE9149F1Z5,Supplier 454,Supplier 454,INV-00454,INV-00454,2026-02-12,2026-02-12,85528,85528,15395.04,15395.04,1,1,2,EXACT_MATCH
07ABCDE5266F1Z5,07ABCDE5266F1Z5,Supplier 455,Supplier 455,INV-00455,INV-00455,2026-04-23,2026-04-23,95946,95946,17270.28,17270.28,1,1,2,EXACT_MATCH
07ABCDE7663F1Z5,07ABCDE7663F1Z5,Supplier 456,Supplier 456,INV-00456,INV-00456,2026-05-19,2026-05-19,95706,95706,17227.08,17227.08,1,1,2,EXACT_MATCH
07ABCDE4566F1Z5,07ABCDE4566F1Z5,Supplier 457,Supplier 457,INV-00457,INV-00457,2026-08-24,2026-08-24,11273,11273,2029.14,2029.14,1,1,2,EXACT_MATCH
07ABCDE6864F1Z5,07ABCDE6864F1Z5,Supplier 458,Supplier 458,INV-00458,INV-00458,2026-05-18,2026-05-18,98614,98614,17750.52,17750.52,1,1,2,EXACT_MATCH
07ABCDE9698F1Z5,07ABCDE9698F1Z5,Supplier 459,Supplier 459,INV-00459,INV-00459,2026-06-27,2026-06-27,98025,98025,17644.50,17644.50,1,1,2,EXACT_MATCH
07ABCDE9380F1Z5,07ABCDE9380F1Z5,Supplier 460,Supplier 460,INV-00460,INV-00460,2026-11-22,2026-11-22,68192,68192,12274.56,12274.56,1,1,2,EXACT_MATCH
07ABCDE5489F1Z5,07ABCDE5489F1Z5,Supplier 461,Supplier 461,INV-00461,INV-00461,2026-06-13,2026-06-13,12594,12594,2266.92,2266.92,1,1,2,EXACT_MATCH
07ABCDE1898F1Z5,07ABCDE1898F1Z5,Supplier 462,Supplier 462,INV-00462,INV-00462,2026-04-27,2026-04-27,25946,25946,4670.28,4670.28,1,1,2,EXACT_MATCH
07ABCDE2420F1Z5,07ABCDE2420F1Z5,Supplier 463,Supplier 463,INV-00463,INV-00463,2026-12-14,2026-12-14,36074,36074,6493.32,6493.32,1,1,2,EXACT_MATCH
07ABCDE8574F1Z5,07ABCDE8574F1Z5,Supplier 464,Supplier 464,INV-00464,INV-00464,2026-08-03,2026-08-03,51477,51477,9265.86,9265.86,1,1,2,EXACT_MATCH
07ABCDE3707F1Z5,07ABCDE3707F1Z5,Supplier 465,Supplier 465,INV-00465,INV-00465,2026-10-08,2026-10-08,98119,98119,17661.42,17661.42,1,1,2,EXACT_MATCH
07ABCDE3675F1Z5,07ABCDE3675F1Z5,Supplier 466,Supplier 466,INV-00466,INV-00466,2026-12-25,2026-12-25,74715,74715,13448.70,13448.70,1,1,2,EXACT_MATCH
07ABCDE3764F1Z5,07ABCDE3764F1Z5,Supplier 467,Supplier 467,INV-00467,INV-00467,2026-03-05,2026-03-05,27343,27343,4921.74,4921.74,1,1,2,EXACT_MATCH
07ABCDE8729F1Z5,07ABCDE8729F1Z5,Supplier 468,Supplier 468,INV-00468,INV-00468,2026-04-18,2026-04-18,93999,93999,16919.82,16919.82,1,1,2,EXACT_MATCH
07ABCDE7550F1Z5,07ABCDE7550F1Z5,Supplier 469,Supplier 469,INV-00469,INV-00469,2026-06-17,2026-06-17,73152,73152,13167.36,13167.36,1,1,2,EXACT_MATCH
07ABCDE8487F1Z5,07ABCDE8487F1Z5,Supplier 470,Supplier 470,INV-00470,INV-00470,2026-10-15,2026-10-15,3880,3880,698.40,698.40,1,1,2,EXACT_MATCH
07ABCDE6892F1Z5,07ABCDE6892F1Z5,Supplier 471,Supplier 471,INV-00471,INV-00471,2026-10-14,2026-10-14,45435,45435,8178.30,8178.30,1,1,2,EXACT_MATCH
07ABCDE1330F1Z5,07ABCDE1330F1Z5,Supplier 472,Supplier 472,INV-00472,INV-00472,2026-12-20,2026-12-20,69350,69350,12483.00,12483.00,1,1,2,EXACT_MATCH
07ABCDE9631F1Z5,07ABCDE9631F1Z5,Supplier 473,Supplier 473,INV-00473,INV-00473,2026-10-21,2026-10-21,95012,95012,17102.16,17102.16,1,1,2,EXACT_MATCH
07ABCDE7414F1Z5,07ABCDE7414F1Z5,Supplier 474,Supplier 474,INV-00474,INV-00474,2026-03-01,2026-03-01,32201,32201,5796.18,5796.18,1,1,2,EXACT_MATCH
07ABCDE3195F1Z5,07ABCDE3195F1Z5,Supplier 475,Supplier 475,INV-00475,INV-00475,2026-04-16,2026-04-16,67566,67566,12161.88,12161.88,1,1,2,EXACT_MATCH
07ABCDE9044F1Z5,07ABCDE9044F1Z5,Supplier 476,Supplier 476,INV-00476,INV-00476,2026-09-15,2026-09-15,37086,37086,6675.48,6675.48,1,1,2,EXACT_MATCH
07ABCDE7014F1Z5,07ABCDE7014F1Z5,Supplier 477,Supplier 477,INV-00477,INV-00477,2026-12-27,2026-12-27,19081,19081,3434.58,3434.58,1,1,2,EXACT_MATCH
07ABCDE5458F1Z5,07ABCDE5458F1Z5,Supplier 478,Supplier 478,INV-00478,INV-00478,2026-02-14,2026-02-14,17312,17312,3116.16,3116.16,1,1,2,EXACT_MATCH
07ABCDE8089F1Z5,07ABCDE8089F1Z5,Supplier 479,Supplier 479,INV-00479,INV-00479,2026-06-26,2026-06-26,87683,87683,15782.94,15782.94,1,1,2,EXACT_MATCH
07ABCDE2187F1Z5,07ABCDE2187F1Z5,Supplier 480,Supplier 480,INV-00480,INV-00480,2026-02-25,2026-02-25,25274,25274,4549.32,4549.32,1,1,2,EXACT_MATCH
07ABCDE1566F1Z5,07ABCDE1566F1Z5,Supplier 481,Supplier 481,INV-00481,INV-00481,2026-11-23,2026-11-23,4857,4857,874.26,874.26,1,1,2,EXACT_MATCH
07ABCDE8899F1Z5,07ABCDE8899F1Z5,Supplier 482,Supplier 482,INV-00482,INV-00482,2026-01-07,2026-01-07,65831,65831,11849.58,11849.58,1,1,2,EXACT_MATCH
07ABCDE4375F1Z5,07ABCDE4375F1Z5,Supplier 483,Supplier 483,INV-00483,INV-00483,2026-05-19,2026-05-19,39155,39155,7047.90,7047.90,1,1,2,EXACT_MATCH
07ABCDE7109F1Z5,07ABCDE7109F1Z5,Supplier 484,Supplier 484,INV-00484,INV-00484,2026-01-04,2026-01-04,50739,50739,9133.02,9133.02,1,1,2,EXACT_MATCH
07ABCDE9964F1Z5,07ABCDE9964F1Z5,Supplier 485,Supplier 485,INV-00485,INV-00485,2026-08-18,2026-08-18,32881,32881,5918.58,5918.58,1,1,2,EXACT_MATCH
07ABCDE4610F1Z5,07ABCDE4610F1Z5,Supplier 486,Supplier 486,INV-00486,INV-00486,2026-06-14,2026-06-14,26701,26701,4806.18,4806.18,1,1,2,EXACT_MATCH
07ABCDE4975F1Z5,07ABCDE4975F1Z5,Supplier 487,Supplier 487,INV-00487,INV-00487,2026-02-25,2026-02-25,30916,30916,5564.88,5564.88,1,1,2,EXACT_MATCH
07ABCDE5007F1Z5,07ABCDE5007F1Z5,Supplier 488,Supplier 488,INV-00488,INV-00488,2026-01-07,2026-01-07,98210,98210,17677.80,17677.80,1,1,2,EXACT_MATCH
07ABCDE7278F1Z5,07ABCDE7278F1Z5,Supplier 489,Supplier 489,INV-00489,INV-00489,2026-01-26,2026-01-26,44703,44703,8046.54,8046.54,1,1,2,EXACT_MATCH
07ABCDE9954F1Z5,07ABCDE9954F1Z5,Supplier 490,Supplier 490,INV-00490,INV-00490,2026-07-22,2026-07-22,16409,16409,2953.62,2953.62,1,1,2,EXACT_MATCH
07ABCDE4295F1Z5,07ABCDE4295F1Z5,Supplier 491,Supplier 491,INV-00491,INV-00491,2026-02-03,2026-02-03,72259,72259,13006.62,13006.62,1,1,2,EXACT_MATCH
07ABCDE2587F1Z5,07ABCDE2587F1Z5,Supplier 492,Supplier 492,INV-00492,INV-00492,2026-03-06,2026-03-06,73668,73668,13260.24,13260.24,1,1,2,EXACT_MATCH
07ABCDE8952F1Z5,07ABCDE8952F1Z5,Supplier 493,Supplier 493,INV-00493,INV-00493,2026-06-21,2026-06-21,29907,29907,5383.26,5383.26,1,1,2,EXACT_MATCH
07ABCDE6672F1Z5,07ABCDE6672F1Z5,Supplier 494,Supplier 494,INV-00494,INV-00494,2026-01-22,2026-01-22,3761,3761,676.98,676.98,1,1,2,EXACT_MATCH
07ABCDE2117F1Z5,07ABCDE2117F1Z5,Supplier 495,Supplier 495,INV-00495,INV-00495,2026-06-20,2026-06-20,1041,1041,187.38,187.38,1,1,2,EXACT_MATCH
07ABCDE9754F1Z5,07ABCDE9754F1Z5,Supplier 496,Supplier 496,INV-00496,INV-00496,2026-01-08,2026-01-08,84000,84000,15120.00,15120.00,1,1,2,EXACT_MATCH
07ABCDE6678F1Z5,07ABCDE6678F1Z5,Supplier 497,Supplier 497,INV-00497,INV-00497,2026-08-29,2026-08-29,82879,82879,14918.22,14918.22,1,1,2,EXACT_MATCH
07ABCDE9063F1Z5,07ABCDE9063F1Z5,Supplier 498,Supplier 498,INV-00498,INV-00498,2026-02-23,2026-02-23,29400,29400,5292.00,5292.00,1,1,2,EXACT_MATCH
07ABCDE1643F1Z5,07ABCDE1643F1Z5,Supplier 499,Supplier 499,INV-00499,INV-00499,2026-07-04,2026-07-04,9852,9852,1773.36,1773.36,1,1,2,EXACT_MATCH
07ABCDE7430F1Z5,07ABCDE7430F1Z5,Supplier 500,Supplier 500,INV-00500,INV-00500,2026-05-11,2026-05-11,3674,3674,661.32,661.32,1,1,2,EXACT_MATCH
07ABCDE6271F1Z5,07ABCDE6271F1Z5,Supplier 501,Supplier 501,INV-00501,INV-00501,2026-10-10,2026-10-10,5293,5293,952.74,952.74,1,1,2,EXACT_MATCH
07ABCDE8633F1Z5,07ABCDE8633F1Z5,Supplier 502,Supplier 502,INV-00502,INV-00502,2026-06-29,2026-06-29,91218,91218,16419.24,16419.24,1,1,2,EXACT_MATCH
07ABCDE9608F1Z5,07ABCDE9608F1Z5,Supplier 503,Supplier 503,INV-00503,INV-00503,2026-12-16,2026-12-16,79820,79820,14367.60,14367.60,1,1,2,EXACT_MATCH
07ABCDE8390F1Z5,07ABCDE8390F1Z5,Supplier 504,Supplier 504,INV-00504,INV-00504,2026-10-16,2026-10-16,65793,65793,11842.74,11842.74,1,1,2,EXACT_MATCH
07ABCDE8652F1Z5,07ABCDE8652F1Z5,Supplier 505,Supplier 505,INV-00505,INV-00505,2026-11-15,2026-11-15,47019,47019,8463.42,8463.42,1,1,2,EXACT_MATCH
07ABCDE2018F1Z5,07ABCDE2018F1Z5,Supplier 506,Supplier 506,INV-00506,INV-00506,2026-11-26,2026-11-26,9871,9871,1776.78,1776.78,1,1,2,EXACT_MATCH
07ABCDE8902F1Z5,07ABCDE8902F1Z5,Supplier 507,Supplier 507,INV-00507,INV-00507,2026-04-10,2026-04-10,38640,38640,6955.20,6955.20,1,1,2,EXACT_MATCH
07ABCDE8402F1Z5,07ABCDE8402F1Z5,Supplier 508,Supplier 508,INV-00508,INV-00508,2026-06-17,2026-06-17,78508,78508,14131.44,14131.44,1,1,2,EXACT_MATCH
07ABCDE4475F1Z5,07ABCDE4475F1Z5,Supplier 509,Supplier 509,INV-00509,INV-00509,2026-07-08,2026-07-08,30580,30580,5504.40,5504.40,1,1,2,EXACT_MATCH
07ABCDE4406F1Z5,07ABCDE4406F1Z5,Supplier 510,Supplier 510,INV-00510,INV-00510,2026-05-26,2026-05-26,86791,86791,15622.38,15622.38,1,1,2,EXACT_MATCH
07ABCDE9320F1Z5,07ABCDE9320F1Z5,Supplier 511,Supplier 511,INV-00511,INV-00511,2026-03-06,2026-03-06,7650,7650,1377.00,1377.00,1,1,2,EXACT_MATCH
07ABCDE9466F1Z5,07ABCDE9466F1Z5,Supplier 512,Supplier 512,INV-00512,INV-00512,2026-06-07,2026-06-07,39559,39559,7120.62,7120.62,1,1,2,EXACT_MATCH
07ABCDE9107F1Z5,07ABCDE9107F1Z5,Supplier 513,Supplier 513,INV-00513,INV-00513,2026-04-20,2026-04-20,43097,43097,7757.46,7757.46,1,1,2,EXACT_MATCH
07ABCDE1670F1Z5,07ABCDE1670F1Z5,Supplier 514,Supplier 514,INV-00514,INV-00514,2026-06-24,2026-06-24,77405,77405,13932.90,13932.90,1,1,2,EXACT_MATCH
07ABCDE1725F1Z5,07ABCDE1725F1Z5,Supplier 515,Supplier 515,INV-00515,INV-00515,2026-09-26,2026-09-26,3826,3826,688.68,688.68,1,1,2,EXACT_MATCH
07ABCDE6633F1Z5,07ABCDE6633F1Z5,Supplier 516,Supplier 516,INV-00516,INV-00516,2026-07-06,2026-07-06,12157,12157,2188.26,2188.26,1,1,2,EXACT_MATCH
07ABCDE8719F1Z5,07ABCDE8719F1Z5,Supplier 517,Supplier 517,INV-00517,INV-00517,2026-05-13,2026-05-13,86285,86285,15531.30,15531.30,1,1,2,EXACT_MATCH
07ABCDE9484F1Z5,07ABCDE9484F1Z5,Supplier 518,Supplier 518,INV-00518,INV-00518,2026-07-19,2026-07-19,14537,14537,2616.66,2616.66,1,1,2,EXACT_MATCH
07ABCDE2340F1Z5,07ABCDE2340F1Z5,Supplier 519,Supplier 519,INV-00519,INV-00519,2026-10-30,2026-10-30,38987,38987,7017.66,7017.66,1,1,2,EXACT_MATCH
07ABCDE3587F1Z5,07ABCDE3587F1Z5,Supplier 520,Supplier 520,INV-00520,INV-00520,2026-09-02,2026-09-02,40139,40139,7225.02,7225.02,1,1,2,EXACT_MATCH
07ABCDE5446F1Z5,07ABCDE5446F1Z5,Supplier 521,Supplier 521,INV-00521,INV-00521,2026-03-11,2026-03-11,40505,40505,7290.90,7290.90,1,1,2,EXACT_MATCH
07ABCDE8622F1Z5,07ABCDE8622F1Z5,Supplier 522,Supplier 522,INV-00522,INV-00522,2026-10-18,2026-10-18,24928,24928,4487.04,4487.04,1,1,2,EXACT_MATCH
07ABCDE2349F1Z5,07ABCDE2349F1Z5,Supplier 523,Supplier 523,INV-00523,INV-00523,2026-03-28,2026-03-28,81820,81820,14727.60,14727.60,1,1,2,EXACT_MATCH
07ABCDE1920F1Z5,07ABCDE1920F1Z5,Supplier 524,Supplier 524,INV-00524,INV-00524,2026-07-24,2026-07-24,63954,63954,11511.72,11511.72,1,1,2,EXACT_MATCH
07ABCDE5029F1Z5,07ABCDE5029F1Z5,Supplier 525,Supplier 525,INV-00525,INV-00525,2026-02-13,2026-02-13,46328,46328,8339.04,8339.04,1,1,2,EXACT_MATCH
07ABCDE3336F1Z5,07ABCDE3336F1Z5,Supplier 526,Supplier 526,INV-00526,INV-00526,2026-05-07,2026-05-07,8956,8956,1612.08,1612.08,1,1,2,EXACT_MATCH
07ABCDE3410F1Z5,07ABCDE3410F1Z5,Supplier 527,Supplier 527,INV-00527,INV-00527,2026-09-15,2026-09-15,71044,71044,12787.92,12787.92,1,1,2,EXACT_MATCH
07ABCDE1975F1Z5,07ABCDE1975F1Z5,Supplier 528,Supplier 528,INV-00528,INV-00528,2026-04-26,2026-04-26,36486,36486,6567.48,6567.48,1,1,2,EXACT_MATCH
07ABCDE9707F1Z5,07ABCDE9707F1Z5,Supplier 529,Supplier 529,INV-00529,INV-00529,2026-06-27,2026-06-27,90130,90130,16223.40,16223.40,1,1,2,EXACT_MATCH
07ABCDE5077F1Z5,07ABCDE5077F1Z5,Supplier 530,Supplier 530,INV-00530,INV-00530,2026-04-25,2026-04-25,9031,9031,1625.58,1625.58,1,1,2,EXACT_MATCH
07ABCDE4872F1Z5,07ABCDE4872F1Z5,Supplier 531,Supplier 531,INV-00531,INV-00531,2026-07-19,2026-07-19,99131,99131,17843.58,17843.58,1,1,2,EXACT_MATCH
07ABCDE2332F1Z5,07ABCDE2332F1Z5,Supplier 532,Supplier 532,INV-00532,INV-00532,2026-08-15,2026-08-15,38938,38938,7008.84,7008.84,1,1,2,EXACT_MATCH
07ABCDE8346F1Z5,07ABCDE8346F1Z5,Supplier 533,Supplier 533,INV-00533,INV-00533,2026-05-01,2026-05-01,21548,21548,3878.64,3878.64,1,1,2,EXACT_MATCH
07ABCDE8840F1Z5,07ABCDE8840F1Z5,Supplier 534,Supplier 534,INV-00534,INV-00534,2026-04-02,2026-04-02,3818,3818,687.24,687.24,1,1,2,EXACT_MATCH
07ABCDE3565F1Z5,07ABCDE3565F1Z5,Supplier 535,Supplier 535,INV-00535,INV-00535,2026-10-13,2026-10-13,48688,48688,8763.84,8763.84,1,1,2,EXACT_MATCH
07ABCDE7994F1Z5,07ABCDE7994F1Z5,Supplier 536,Supplier 536,INV-00536,INV-00536,2026-04-08,2026-04-08,85081,85081,15314.58,15314.58,1,1,2,EXACT_MATCH
07ABCDE4298F1Z5,07ABCDE4298F1Z5,Supplier 537,Supplier 537,INV-00537,INV-00537,2026-12-28,2026-12-28,37812,37812,6806.16,6806.16,1,1,2,EXACT_MATCH
07ABCDE3864F1Z5,07ABCDE3864F1Z5,Supplier 538,Supplier 538,INV-00538,INV-00538,2026-04-14,2026-04-14,15541,15541,2797.38,2797.38,1,1,2,EXACT_MATCH
07ABCDE7059F1Z5,07ABCDE7059F1Z5,Supplier 539,Supplier 539,INV-00539,INV-00539,2026-07-05,2026-07-05,39071,39071,7032.78,7032.78,1,1,2,EXACT_MATCH
07ABCDE4284F1Z5,07ABCDE4284F1Z5,Supplier 540,Supplier 540,INV-00540,INV-00540,2026-06-18,2026-06-18,41429,41429,7457.22,7457.22,1,1,2,EXACT_MATCH
07ABCDE7990F1Z5,07ABCDE7990F1Z5,Supplier 541,Supplier 541,INV-00541,INV-00541,2026-04-13,2026-04-13,24580,24580,4424.40,4424.40,1,1,2,EXACT_MATCH
07ABCDE6009F1Z5,07ABCDE6009F1Z5,Supplier 542,Supplier 542,INV-00542,INV-00542,2026-12-28,2026-12-28,40843,40843,7351.74,7351.74,1,1,2,EXACT_MATCH
07ABCDE6681F1Z5,07ABCDE6681F1Z5,Supplier 543,Supplier 543,INV-00543,INV-00543,2026-01-26,2026-01-26,71749,71749,12914.82,12914.82,1,1,2,EXACT_MATCH
07ABCDE6259F1Z5,07ABCDE6259F1Z5,Supplier 544,Supplier 544,INV-00544,INV-00544,2026-09-24,2026-09-24,72981,72981,13136.58,13136.58,1,1,2,EXACT_MATCH
07ABCDE2847F1Z5,07ABCDE2847F1Z5,Supplier 545,Supplier 545,INV-00545,INV-00545,2026-05-16,2026-05-16,15714,15714,2828.52,2828.52,1,1,2,EXACT_MATCH
07ABCDE5119F1Z5,07ABCDE5119F1Z5,Supplier 546,Supplier 546,INV-00546,INV-00546,2026-02-13,2026-02-13,34085,34085,6135.30,6135.30,1,1,2,EXACT_MATCH
07ABCDE6380F1Z5,07ABCDE6380F1Z5,Supplier 547,Supplier 547,INV-00547,INV-00547,2026-08-26,2026-08-26,31982,31982,5756.76,5756.76,1,1,2,EXACT_MATCH
07ABCDE5563F1Z5,07ABCDE5563F1Z5,Supplier 548,Supplier 548,INV-00548,INV-00548,2026-09-24,2026-09-24,76148,76148,13706.64,13706.64,1,1,2,EXACT_MATCH
07ABCDE5171F1Z5,07ABCDE5171F1Z5,Supplier 549,Supplier 549,INV-00549,INV-00549,2026-06-27,2026-06-27,97571,97571,17562.78,17562.78,1,1,2,EXACT_MATCH
07ABCDE5582F1Z5,07ABCDE5582F1Z5,Supplier 550,Supplier 550,INV-00550,INV-00550,2026-11-17,2026-11-17,94258,94258,16966.44,16966.44,1,1,2,EXACT_MATCH
07ABCDE4448F1Z5,07ABCDE4448F1Z5,Supplier 551,Supplier 551,INV-00551,INV-00551,2026-11-21,2026-11-21,5979,5979,1076.22,1076.22,1,1,2,EXACT_MATCH
07ABCDE3137F1Z5,07ABCDE3137F1Z5,Supplier 552,Supplier 552,INV-00552,INV-00552,2026-11-14,2026-11-14,31438,31438,5658.84,5658.84,1,1,2,EXACT_MATCH
07ABCDE1475F1Z5,07ABCDE1475F1Z5,Supplier 553,Supplier 553,INV-00553,INV-00553,2026-08-29,2026-08-29,82308,82308,14815.44,14815.44,1,1,2,EXACT_MATCH
07ABCDE6350F1Z5,07ABCDE6350F1Z5,Supplier 554,Supplier 554,INV-00554,INV-00554,2026-02-15,2026-02-15,46110,46110,8299.80,8299.80,1,1,2,EXACT_MATCH
07ABCDE5981F1Z5,07ABCDE5981F1Z5,Supplier 555,Supplier 555,INV-00555,INV-00555,2026-07-22,2026-07-22,2132,2132,383.76,383.76,1,1,2,EXACT_MATCH
07ABCDE7516F1Z5,07ABCDE7516F1Z5,Supplier 556,Supplier 556,INV-00556,INV-00556,2026-08-30,2026-08-30,53971,53971,9714.78,9714.78,1,1,2,EXACT_MATCH
07ABCDE9070F1Z5,07ABCDE9070F1Z5,Supplier 557,Supplier 557,INV-00557,INV-00557,2026-11-01,2026-11-01,32595,32595,5867.10,5867.10,1,1,2,EXACT_MATCH
07ABCDE8542F1Z5,07ABCDE8542F1Z5,Supplier 558,Supplier 558,INV-00558,INV-00558,2026-06-01,2026-06-01,35087,35087,6315.66,6315.66,1,1,2,EXACT_MATCH
07ABCDE7794F1Z5,07ABCDE7794F1Z5,Supplier 559,Supplier 559,INV-00559,INV-00559,2026-11-18,2026-11-18,84694,84694,15244.92,15244.92,1,1,2,EXACT_MATCH
07ABCDE2554F1Z5,07ABCDE2554F1Z5,Supplier 560,Supplier 560,INV-00560,INV-00560,2026-10-09,2026-10-09,79195,79195,14255.10,14255.10,1,1,2,EXACT_MATCH
07ABCDE9480F1Z5,07ABCDE9480F1Z5,Supplier 561,Supplier 561,INV-00561,INV-00561,2026-10-18,2026-10-18,80904,80904,14562.72,14562.72,1,1,2,EXACT_MATCH
07ABCDE4572F1Z5,07ABCDE4572F1Z5,Supplier 562,Supplier 562,INV-00562,INV-00562,2026-06-09,2026-06-09,93816,93816,16886.88,16886.88,1,1,2,EXACT_MATCH
07ABCDE6556F1Z5,07ABCDE6556F1Z5,Supplier 563,Supplier 563,INV-00563,INV-00563,2026-06-05,2026-06-05,43562,43562,7841.16,7841.16,1,1,2,EXACT_MATCH
07ABCDE7492F1Z5,07ABCDE7492F1Z5,Supplier 564,Supplier 564,INV-00564,INV-00564,2026-09-18,2026-09-18,25311,25311,4555.98,4555.98,1,1,2,EXACT_MATCH
07ABCDE8862F1Z5,07ABCDE8862F1Z5,Supplier 565,Supplier 565,INV-00565,INV-00565,2026-03-07,2026-03-07,48748,48748,8774.64,8774.64,1,1,2,EXACT_MATCH
07ABCDE9525F1Z5,07ABCDE9525F1Z5,Supplier 566,Supplier 566,INV-00566,INV-00566,2026-01-02,2026-01-02,41969,41969,7554.42,7554.42,1,1,2,EXACT_MATCH
07ABCDE7846F1Z5,07ABCDE7846F1Z5,Supplier 567,Supplier 567,INV-00567,INV-00567,2026-07-13,2026-07-13,41390,41390,7450.20,7450.20,1,1,2,EXACT_MATCH
07ABCDE5922F1Z5,07ABCDE5922F1Z5,Supplier 568,Supplier 568,INV-00568,INV-00568,2026-07-25,2026-07-25,21619,21619,3891.42,3891.42,1,1,2,EXACT_MATCH
07ABCDE2570F1Z5,07ABCDE2570F1Z5,Supplier 569,Supplier 569,INV-00569,INV-00569,2026-12-29,2026-12-29,8347,8347,1502.46,1502.46,1,1,2,EXACT_MATCH
07ABCDE7076F1Z5,07ABCDE7076F1Z5,Supplier 570,Supplier 570,INV-00570,INV-00570,2026-01-10,2026-01-10,9848,9848,1772.64,1772.64,1,1,2,EXACT_MATCH
07ABCDE8726F1Z5,07ABCDE8726F1Z5,Supplier 571,Supplier 571,INV-00571,INV-00571,2026-04-30,2026-04-30,17154,17154,3087.72,3087.72,1,1,2,EXACT_MATCH
07ABCDE9028F1Z5,07ABCDE9028F1Z5,Supplier 572,Supplier 572,INV-00572,INV-00572,2026-05-10,2026-05-10,10843,10843,1951.74,1951.74,1,1,2,EXACT_MATCH
07ABCDE8425F1Z5,07ABCDE8425F1Z5,Supplier 573,Supplier 573,INV-00573,INV-00573,2026-08-12,2026-08-12,86835,86835,15630.30,15630.30,1,1,2,EXACT_MATCH
07ABCDE7151F1Z5,07ABCDE7151F1Z5,Supplier 574,Supplier 574,INV-00574,INV-00574,2026-07-05,2026-07-05,72099,72099,12977.82,12977.82,1,1,2,EXACT_MATCH
07ABCDE5797F1Z5,07ABCDE5797F1Z5,Supplier 575,Supplier 575,INV-00575,INV-00575,2026-06-10,2026-06-10,26836,26836,4830.48,4830.48,1,1,2,EXACT_MATCH
07ABCDE8675F1Z5,07ABCDE8675F1Z5,Supplier 576,Supplier 576,INV-00576,INV-00576,2026-02-04,2026-02-04,49304,49304,8874.72,8874.72,1,1,2,EXACT_MATCH
07ABCDE5224F1Z5,07ABCDE5224F1Z5,Supplier 577,Supplier 577,INV-00577,INV-00577,2026-01-27,2026-01-27,34150,34150,6147.00,6147.00,1,1,2,EXACT_MATCH
07ABCDE9758F1Z5,07ABCDE9758F1Z5,Supplier 578,Supplier 578,INV-00578,INV-00578,2026-12-20,2026-12-20,96111,96111,17299.98,17299.98,1,1,2,EXACT_MATCH
07ABCDE8044F1Z5,07ABCDE8044F1Z5,Supplier 579,Supplier 579,INV-00579,INV-00579,2026-10-21,2026-10-21,58119,58119,10461.42,10461.42,1,1,2,EXACT_MATCH
07ABCDE7476F1Z5,07ABCDE7476F1Z5,Supplier 580,Supplier 580,INV-00580,INV-00580,2026-03-07,2026-03-07,18222,18222,3279.96,3279.96,1,1,2,EXACT_MATCH
07ABCDE1710F1Z5,07ABCDE1710F1Z5,Supplier 581,Supplier 581,INV-00581,INV-00581,2026-05-30,2026-05-30,98244,98244,17683.92,17683.92,1,1,2,EXACT_MATCH
07ABCDE4701F1Z5,07ABCDE4701F1Z5,Supplier 582,Supplier 582,INV-00582,INV-00582,2026-01-17,2026-01-17,88619,88619,15951.42,15951.42,1,1,2,EXACT_MATCH
07ABCDE5171F1Z5,07ABCDE5171F1Z5,Supplier 583,Supplier 583,INV-00583,INV-00583,2026-02-26,2026-02-26,12491,12491,2248.38,2248.38,1,1,2,EXACT_MATCH
07ABCDE1183F1Z5,07ABCDE1183F1Z5,Supplier 584,Supplier 584,INV-00584,INV-00584,2026-12-04,2026-12-04,4202,4202,756.36,756.36,1,1,2,EXACT_MATCH
07ABCDE8302F1Z5,07ABCDE8302F1Z5,Supplier 585,Supplier 585,INV-00585,INV-00585,2026-10-20,2026-10-20,36374,36374,6547.32,6547.32,1,1,2,EXACT_MATCH
07ABCDE2074F1Z5,07ABCDE2074F1Z5,Supplier 586,Supplier 586,INV-00586,INV-00586,2026-08-10,2026-08-10,91899,91899,16541.82,16541.82,1,1,2,EXACT_MATCH
07ABCDE7118F1Z5,07ABCDE7118F1Z5,Supplier 587,Supplier 587,INV-00587,INV-00587,2026-07-28,2026-07-28,66650,66650,11997.00,11997.00,1,1,2,EXACT_MATCH
07ABCDE4659F1Z5,07ABCDE4659F1Z5,Supplier 588,Supplier 588,INV-00588,INV-00588,2026-09-04,2026-09-04,58043,58043,10447.74,10447.74,1,1,2,EXACT_MATCH
07ABCDE3279F1Z5,07ABCDE3279F1Z5,Supplier 589,Supplier 589,INV-00589,INV-00589,2026-01-29,2026-01-29,4589,4589,826.02,826.02,1,1,2,EXACT_MATCH
07ABCDE4834F1Z5,07ABCDE4834F1Z5,Supplier 590,Supplier 590,INV-00590,INV-00590,2026-07-06,2026-07-06,66676,66676,12001.68,12001.68,1,1,2,EXACT_MATCH
07ABCDE5904F1Z5,07ABCDE5904F1Z5,Supplier 591,Supplier 591,INV-00591,INV-00591,2026-09-11,2026-09-11,59898,59898,10781.64,10781.64,1,1,2,EXACT_MATCH
07ABCDE4406F1Z5,07ABCDE4406F1Z5,Supplier 592,Supplier 592,INV-00592,INV-00592,2026-06-01,2026-06-01,34872,34872,6276.96,6276.96,1,1,2,EXACT_MATCH
07ABCDE5810F1Z5,07ABCDE5810F1Z5,Supplier 593,Supplier 593,INV-00593,INV-00593,2026-10-22,2026-10-22,2478,2478,446.04,446.04,1,1,2,EXACT_MATCH
07ABCDE1330F1Z5,07ABCDE1330F1Z5,Supplier 594,Supplier 594,INV-00594,INV-00594,2026-02-12,2026-02-12,79078,79078,14234.04,14234.04,1,1,2,EXACT_MATCH
07ABCDE1689F1Z5,07ABCDE1689F1Z5,Supplier 595,Supplier 595,INV-00595,INV-00595,2026-02-27,2026-02-27,83704,83704,15066.72,15066.72,1,1,2,EXACT_MATCH
07ABCDE8841F1Z5,07ABCDE8841F1Z5,Supplier 596,Supplier 596,INV-00596,INV-00596,2026-04-07,2026-04-07,64173,64173,11551.14,11551.14,1,1,2,EXACT_MATCH
07ABCDE9816F1Z5,07ABCDE9816F1Z5,Supplier 597,Supplier 597,INV-00597,INV-00597,2026-10-18,2026-10-18,18697,18697,3365.46,3365.46,1,1,2,EXACT_MATCH
07ABCDE2606F1Z5,07ABCDE2606F1Z5,Supplier 598,Supplier 598,INV-00598,INV-00598,2026-12-18,2026-12-18,98836,98836,17790.48,17790.48,1,1,2,EXACT_MATCH
07ABCDE6548F1Z5,07ABCDE6548F1Z5,Supplier 599,Supplier 599,INV-00599,INV-00599,2026-08-01,2026-08-01,5532,5532,995.76,995.76,1,1,2,EXACT_MATCH
07ABCDE4494F1Z5,07ABCDE4494F1Z5,Supplier 600,Supplier 600,INV-00600,INV-00600,2026-07-24,2026-07-24,10235,10235,1842.30,1842.30,1,1,2,EXACT_MATCH
07ABCDE9345F1Z5,07ABCDE9345F1Z5,Supplier 601,Supplier 601,INV-00601,INV-00601,2026-11-05,2026-11-05,88726,88726,15970.68,15970.68,1,1,2,EXACT_MATCH
07ABCDE3849F1Z5,07ABCDE3849F1Z5,Supplier 602,Supplier 602,INV-00602,INV-00602,2026-01-30,2026-01-30,89025,89025,16024.50,16024.50,1,1,2,EXACT_MATCH
07ABCDE4574F1Z5,07ABCDE4574F1Z5,Supplier 603,Supplier 603,INV-00603,INV-00603,2026-05-01,2026-05-01,69350,69350,12483.00,12483.00,1,1,2,EXACT_MATCH
07ABCDE2793F1Z5,07ABCDE2793F1Z5,Supplier 604,Supplier 604,INV-00604,INV-00604,2026-09-29,2026-09-29,12891,12891,2320.38,2320.38,1,1,2,EXACT_MATCH
07ABCDE5434F1Z5,07ABCDE5434F1Z5,Supplier 605,Supplier 605,INV-00605,INV-00605,2026-05-13,2026-05-13,65626,65626,11812.68,11812.68,1,1,2,EXACT_MATCH
07ABCDE4330F1Z5,07ABCDE4330F1Z5,Supplier 606,Supplier 606,INV-00606,INV-00606,2026-06-15,2026-06-15,4959,4959,892.62,892.62,1,1,2,EXACT_MATCH
07ABCDE1443F1Z5,07ABCDE1443F1Z5,Supplier 607,Supplier 607,INV-00607,INV-00607,2026-04-24,2026-04-24,87065,87065,15671.70,15671.70,1,1,2,EXACT_MATCH
07ABCDE9221F1Z5,07ABCDE9221F1Z5,Supplier 608,Supplier 608,INV-00608,INV-00608,2026-06-26,2026-06-26,76573,76573,13783.14,13783.14,1,1,2,EXACT_MATCH
07ABCDE7166F1Z5,07ABCDE7166F1Z5,Supplier 609,Supplier 609,INV-00609,INV-00609,2026-03-06,2026-03-06,13087,13087,2355.66,2355.66,1,1,2,EXACT_MATCH
07ABCDE2230F1Z5,07ABCDE2230F1Z5,Supplier 610,Supplier 610,INV-00610,INV-00610,2026-07-28,2026-07-28,91270,91270,16428.60,16428.60,1,1,2,EXACT_MATCH
07ABCDE7200F1Z5,07ABCDE7200F1Z5,Supplier 611,Supplier 611,INV-00611,INV-00611,2026-05-26,2026-05-26,27308,27308,4915.44,4915.44,1,1,2,EXACT_MATCH
07ABCDE4982F1Z5,07ABCDE4982F1Z5,Supplier 612,Supplier 612,INV-00612,INV-00612,2026-07-14,2026-07-14,17247,17247,3104.46,3104.46,1,1,2,EXACT_MATCH
07ABCDE3412F1Z5,07ABCDE3412F1Z5,Supplier 613,Supplier 613,INV-00613,INV-00613,2026-02-28,2026-02-28,94444,94444,16999.92,16999.92,1,1,2,EXACT_MATCH
07ABCDE5021F1Z5,07ABCDE5021F1Z5,Supplier 614,Supplier 614,INV-00614,INV-00614,2026-10-22,2026-10-22,49221,49221,8859.78,8859.78,1,1,2,EXACT_MATCH
07ABCDE9751F1Z5,07ABCDE9751F1Z5,Supplier 615,Supplier 615,INV-00615,INV-00615,2026-12-02,2026-12-02,99410,99410,17893.80,17893.80,1,1,2,EXACT_MATCH
07ABCDE1560F1Z5,07ABCDE1560F1Z5,Supplier 616,Supplier 616,INV-00616,INV-00616,2026-01-08,2026-01-08,8488,8488,1527.84,1527.84,1,1,2,EXACT_MATCH
07ABCDE9487F1Z5,07ABCDE9487F1Z5,Supplier 617,Supplier 617,INV-00617,INV-00617,2026-07-02,2026-07-02,12550,12550,2259.00,2259.00,1,1,2,EXACT_MATCH
07ABCDE5777F1Z5,07ABCDE5777F1Z5,Supplier 618,Supplier 618,INV-00618,INV-00618,2026-06-17,2026-06-17,62210,62210,11197.80,11197.80,1,1,2,EXACT_MATCH
07ABCDE7772F1Z5,07ABCDE7772F1Z5,Supplier 619,Supplier 619,INV-00619,INV-00619,2026-02-28,2026-02-28,25627,25627,4612.86,4612.86,1,1,2,EXACT_MATCH
07ABCDE8034F1Z5,07ABCDE8034F1Z5,Supplier 620,Supplier 620,INV-00620,INV-00620,2026-09-10,2026-09-10,45110,45110,8119.80,8119.80,1,1,2,EXACT_MATCH
07ABCDE6147F1Z5,07ABCDE6147F1Z5,Supplier 621,Supplier 621,INV-00621,INV-00621,2026-01-05,2026-01-05,38637,38637,6954.66,6954.66,1,1,2,EXACT_MATCH
07ABCDE2213F1Z5,07ABCDE2213F1Z5,Supplier 622,Supplier 622,INV-00622,INV-00622,2026-12-13,2026-12-13,85700,85700,15426.00,15426.00,1,1,2,EXACT_MATCH
07ABCDE8448F1Z5,07ABCDE8448F1Z5,Supplier 623,Supplier 623,INV-00623,INV-00623,2026-03-21,2026-03-21,23101,23101,4158.18,4158.18,1,1,2,EXACT_MATCH
07ABCDE8166F1Z5,07ABCDE8166F1Z5,Supplier 624,Supplier 624,INV-00624,INV-00624,2026-01-07,2026-01-07,58850,58850,10593.00,10593.00,1,1,2,EXACT_MATCH
07ABCDE7043F1Z5,07ABCDE7043F1Z5,Supplier 625,Supplier 625,INV-00625,INV-00625,2026-10-16,2026-10-16,80948,80948,14570.64,14570.64,1,1,2,EXACT_MATCH
07ABCDE8253F1Z5,07ABCDE8253F1Z5,Supplier 626,Supplier 626,INV-00626,INV-00626,2026-09-08,2026-09-08,55326,55326,9958.68,9958.68,1,1,2,EXACT_MATCH
07ABCDE8361F1Z5,07ABCDE8361F1Z5,Supplier 627,Supplier 627,INV-00627,INV-00627,2026-08-21,2026-08-21,9703,9703,1746.54,1746.54,1,1,2,EXACT_MATCH
07ABCDE9705F1Z5,07ABCDE9705F1Z5,Supplier 628,Supplier 628,INV-00628,INV-00628,2026-01-19,2026-01-19,32935,32935,5928.30,5928.30,1,1,2,EXACT_MATCH
07ABCDE3708F1Z5,07ABCDE3708F1Z5,Supplier 629,Supplier 629,INV-00629,INV-00629,2026-07-09,2026-07-09,45373,45373,8167.14,8167.14,1,1,2,EXACT_MATCH
07ABCDE1548F1Z5,07ABCDE1548F1Z5,Supplier 630,Supplier 630,INV-00630,INV-00630,2026-03-17,2026-03-17,70281,70281,12650.58,12650.58,1,1,2,EXACT_MATCH
07ABCDE8472F1Z5,07ABCDE8472F1Z5,Supplier 631,Supplier 631,INV-00631,INV-00631,2026-03-01,2026-03-01,9353,9353,1683.54,1683.54,1,1,2,EXACT_MATCH
07ABCDE6263F1Z5,07ABCDE6263F1Z5,Supplier 632,Supplier 632,INV-00632,INV-00632,2026-07-29,2026-07-29,5447,5447,980.46,980.46,1,1,2,EXACT_MATCH
07ABCDE7201F1Z5,07ABCDE7201F1Z5,Supplier 633,Supplier 633,INV-00633,INV-00633,2026-09-15,2026-09-15,80194,80194,14434.92,14434.92,1,1,2,EXACT_MATCH
07ABCDE6947F1Z5,07ABCDE6947F1Z5,Supplier 634,Supplier 634,INV-00634,INV-00634,2026-06-25,2026-06-25,5091,5091,916.38,916.38,1,1,2,EXACT_MATCH
07ABCDE8802F1Z5,07ABCDE8802F1Z5,Supplier 635,Supplier 635,INV-00635,INV-00635,2026-02-19,2026-02-19,80104,80104,14418.72,14418.72,1,1,2,EXACT_MATCH
07ABCDE9775F1Z5,07ABCDE9775F1Z5,Supplier 636,Supplier 636,INV-00636,INV-00636,2026-02-13,2026-02-13,4177,4177,751.86,751.86,1,1,2,EXACT_MATCH
07ABCDE9470F1Z5,07ABCDE9470F1Z5,Supplier 637,Supplier 637,INV-00637,INV-00637,2026-03-01,2026-03-01,42453,42453,7641.54,7641.54,1,1,2,EXACT_MATCH
07ABCDE1224F1Z5,07ABCDE1224F1Z5,Supplier 638,Supplier 638,INV-00638,INV-00638,2026-02-08,2026-02-08,57950,57950,10431.00,10431.00,1,1,2,EXACT_MATCH
07ABCDE4769F1Z5,07ABCDE4769F1Z5,Supplier 639,Supplier 639,INV-00639,INV-00639,2026-05-25,2026-05-25,12050,12050,2169.00,2169.00,1,1,2,EXACT_MATCH
07ABCDE2884F1Z5,07ABCDE2884F1Z5,Supplier 640,Supplier 640,INV-00640,INV-00640,2026-12-18,2026-12-18,43334,43334,7800.12,7800.12,1,1,2,EXACT_MATCH
07ABCDE8030F1Z5,07ABCDE8030F1Z5,Supplier 641,Supplier 641,INV-00641,INV-00641,2026-09-07,2026-09-07,94283,94283,16970.94,16970.94,1,1,2,EXACT_MATCH
07ABCDE2937F1Z5,07ABCDE2937F1Z5,Supplier 642,Supplier 642,INV-00642,INV-00642,2026-08-12,2026-08-12,14139,14139,2545.02,2545.02,1,1,2,EXACT_MATCH
07ABCDE9954F1Z5,07ABCDE9954F1Z5,Supplier 643,Supplier 643,INV-00643,INV-00643,2026-10-10,2026-10-10,98686,98686,17763.48,17763.48,1,1,2,EXACT_MATCH
07ABCDE5584F1Z5,07ABCDE5584F1Z5,Supplier 644,Supplier 644,INV-00644,INV-00644,2026-03-17,2026-03-17,86247,86247,15524.46,15524.46,1,1,2,EXACT_MATCH
07ABCDE5323F1Z5,07ABCDE5323F1Z5,Supplier 645,Supplier 645,INV-00645,INV-00645,2026-06-16,2026-06-16,38363,38363,6905.34,6905.34,1,1,2,EXACT_MATCH
07ABCDE7653F1Z5,07ABCDE7653F1Z5,Supplier 646,Supplier 646,INV-00646,INV-00646,2026-11-15,2026-11-15,17825,17825,3208.50,3208.50,1,1,2,EXACT_MATCH
07ABCDE5294F1Z5,07ABCDE5294F1Z5,Supplier 647,Supplier 647,INV-00647,INV-00647,2026-08-08,2026-08-08,62939,62939,11329.02,11329.02,1,1,2,EXACT_MATCH
07ABCDE8971F1Z5,07ABCDE8971F1Z5,Supplier 648,Supplier 648,INV-00648,INV-00648,2026-04-11,2026-04-11,48124,48124,8662.32,8662.32,1,1,2,EXACT_MATCH
07ABCDE9235F1Z5,07ABCDE9235F1Z5,Supplier 649,Supplier 649,INV-00649,INV-00649,2026-10-05,2026-10-05,18566,18566,3341.88,3341.88,1,1,2,EXACT_MATCH
07ABCDE4675F1Z5,07ABCDE4675F1Z5,Supplier 650,Supplier 650,INV-00650,INV-00650,2026-05-12,2026-05-12,67947,67947,12230.46,12230.46,1,1,2,EXACT_MATCH
07ABCDE1598F1Z5,07ABCDE1598F1Z5,Supplier 651,Supplier 651,INV-00651,INV-00651,2026-06-10,2026-06-10,25733,25733,4631.94,4631.94,1,1,2,EXACT_MATCH
07ABCDE5083F1Z5,07ABCDE5083F1Z5,Supplier 652,Supplier 652,INV-00652,INV-00652,2026-10-27,2026-10-27,84349,84349,15182.82,15182.82,1,1,2,EXACT_MATCH
07ABCDE4526F1Z5,07ABCDE4526F1Z5,Supplier 653,Supplier 653,INV-00653,INV-00653,2026-09-07,2026-09-07,36158,36158,6508.44,6508.44,1,1,2,EXACT_MATCH
07ABCDE8494F1Z5,07ABCDE8494F1Z5,Supplier 654,Supplier 654,INV-00654,INV-00654,2026-05-26,2026-05-26,10761,10761,1936.98,1936.98,1,1,2,EXACT_MATCH
07ABCDE8307F1Z5,07ABCDE8307F1Z5,Supplier 655,Supplier 655,INV-00655,INV-00655,2026-01-08,2026-01-08,69027,69027,12424.86,12424.86,1,1,2,EXACT_MATCH
07ABCDE7155F1Z5,07ABCDE7155F1Z5,Supplier 656,Supplier 656,INV-00656,INV-00656,2026-10-25,2026-10-25,7514,7514,1352.52,1352.52,1,1,2,EXACT_MATCH
07ABCDE6056F1Z5,07ABCDE6056F1Z5,Supplier 657,Supplier 657,INV-00657,INV-00657,2026-12-23,2026-12-23,13156,13156,2368.08,2368.08,1,1,2,EXACT_MATCH
07ABCDE5461F1Z5,07ABCDE5461F1Z5,Supplier 658,Supplier 658,INV-00658,INV-00658,2026-04-24,2026-04-24,73858,73858,13294.44,13294.44,1,1,2,EXACT_MATCH
07ABCDE9950F1Z5,07ABCDE9950F1Z5,Supplier 659,Supplier 659,INV-00659,INV-00659,2026-07-04,2026-07-04,2410,2410,433.80,433.80,1,1,2,EXACT_MATCH
07ABCDE7253F1Z5,07ABCDE7253F1Z5,Supplier 660,Supplier 660,INV-00660,INV-00660,2026-08-10,2026-08-10,42907,42907,7723.26,7723.26,1,1,2,EXACT_MATCH
07ABCDE4901F1Z5,07ABCDE4901F1Z5,Supplier 661,Supplier 661,INV-00661,INV-00661,2026-11-15,2026-11-15,52091,52091,9376.38,9376.38,1,1,2,EXACT_MATCH
07ABCDE7069F1Z5,07ABCDE7069F1Z5,Supplier 662,Supplier 662,INV-00662,INV-00662,2026-03-03,2026-03-03,5705,5705,1026.90,1026.90,1,1,2,EXACT_MATCH
07ABCDE9787F1Z5,07ABCDE9787F1Z5,Supplier 663,Supplier 663,INV-00663,INV-00663,2026-04-20,2026-04-20,59233,59233,10661.94,10661.94,1,1,2,EXACT_MATCH
07ABCDE8101F1Z5,07ABCDE8101F1Z5,Supplier 664,Supplier 664,INV-00664,INV-00664,2026-09-15,2026-09-15,93812,93812,16886.16,16886.16,1,1,2,EXACT_MATCH
07ABCDE1941F1Z5,07ABCDE1941F1Z5,Supplier 665,Supplier 665,INV-00665,INV-00665,2026-11-27,2026-11-27,72481,72481,13046.58,13046.58,1,1,2,EXACT_MATCH
07ABCDE5349F1Z5,07ABCDE5349F1Z5,Supplier 666,Supplier 666,INV-00666,INV-00666,2026-11-28,2026-11-28,92136,92136,16584.48,16584.48,1,1,2,EXACT_MATCH
07ABCDE8635F1Z5,07ABCDE8635F1Z5,Supplier 667,Supplier 667,INV-00667,INV-00667,2026-12-29,2026-12-29,69686,69686,12543.48,12543.48,1,1,2,EXACT_MATCH
07ABCDE8531F1Z5,07ABCDE8531F1Z5,Supplier 668,Supplier 668,INV-00668,INV-00668,2026-07-08,2026-07-08,84570,84570,15222.60,15222.60,1,1,2,EXACT_MATCH
07ABCDE9211F1Z5,07ABCDE9211F1Z5,Supplier 669,Supplier 669,INV-00669,INV-00669,2026-02-05,2026-02-05,88825,88825,15988.50,15988.50,1,1,2,EXACT_MATCH
07ABCDE9974F1Z5,07ABCDE9974F1Z5,Supplier 670,Supplier 670,INV-00670,INV-00670,2026-10-29,2026-10-29,55313,55313,9956.34,9956.34,1,1,2,EXACT_MATCH
07ABCDE1435F1Z5,07ABCDE1435F1Z5,Supplier 671,Supplier 671,INV-00671,INV-00671,2026-11-20,2026-11-20,90653,90653,16317.54,16317.54,1,1,2,EXACT_MATCH
07ABCDE5699F1Z5,07ABCDE5699F1Z5,Supplier 672,Supplier 672,INV-00672,INV-00672,2026-07-20,2026-07-20,6880,6880,1238.40,1238.40,1,1,2,EXACT_MATCH
07ABCDE9842F1Z5,07ABCDE9842F1Z5,Supplier 673,Supplier 673,INV-00673,INV-00673,2027-01-01,2027-01-01,97576,97576,17563.68,17563.68,1,1,2,EXACT_MATCH
07ABCDE7521F1Z5,07ABCDE7521F1Z5,Supplier 674,Supplier 674,INV-00674,INV-00674,2026-02-22,2026-02-22,85022,85022,15303.96,15303.96,1,1,2,EXACT_MATCH
07ABCDE6578F1Z5,07ABCDE6578F1Z5,Supplier 675,Supplier 675,INV-00675,INV-00675,2026-03-02,2026-03-02,84047,84047,15128.46,15128.46,1,1,2,EXACT_MATCH
07ABCDE7691F1Z5,07ABCDE7691F1Z5,Supplier 676,Supplier 676,INV-00676,INV-00676,2026-03-10,2026-03-10,35898,35898,6461.64,6461.64,1,1,2,EXACT_MATCH
07ABCDE1491F1Z5,07ABCDE1491F1Z5,Supplier 677,Supplier 677,INV-00677,INV-00677,2026-10-24,2026-10-24,74215,74215,13358.70,13358.70,1,1,2,EXACT_MATCH
07ABCDE8329F1Z5,07ABCDE8329F1Z5,Supplier 678,Supplier 678,INV-00678,INV-00678,2026-12-30,2026-12-30,97356,97356,17524.08,17524.08,1,1,2,EXACT_MATCH
07ABCDE5021F1Z5,07ABCDE5021F1Z5,Supplier 679,Supplier 679,INV-00679,INV-00679,2026-09-13,2026-09-13,61871,61871,11136.78,11136.78,1,1,2,EXACT_MATCH
07ABCDE6405F1Z5,07ABCDE6405F1Z5,Supplier 680,Supplier 680,INV-00680,INV-00680,2026-08-20,2026-08-20,49765,49765,8957.70,8957.70,1,1,2,EXACT_MATCH
07ABCDE2555F1Z5,07ABCDE2555F1Z5,Supplier 681,Supplier 681,INV-00681,INV-00681,2026-04-02,2026-04-02,48978,48978,8816.04,8816.04,1,1,2,EXACT_MATCH
07ABCDE6015F1Z5,07ABCDE6015F1Z5,Supplier 682,Supplier 682,INV-00682,INV-00682,2026-10-23,2026-10-23,62978,62978,11336.04,11336.04,1,1,2,EXACT_MATCH
07ABCDE7294F1Z5,07ABCDE7294F1Z5,Supplier 683,Supplier 683,INV-00683,INV-00683,2026-07-27,2026-07-27,28692,28692,5164.56,5164.56,1,1,2,EXACT_MATCH
07ABCDE3750F1Z5,07ABCDE3750F1Z5,Supplier 684,Supplier 684,INV-00684,INV-00684,2026-02-14,2026-02-14,85520,85520,15393.60,15393.60,1,1,2,EXACT_MATCH
07ABCDE8091F1Z5,07ABCDE8091F1Z5,Supplier 685,Supplier 685,INV-00685,INV-00685,2026-07-18,2026-07-18,4080,4080,734.40,734.40,1,1,2,EXACT_MATCH
07ABCDE8562F1Z5,07ABCDE8562F1Z5,Supplier 686,Supplier 686,INV-00686,INV-00686,2026-06-24,2026-06-24,18340,18340,3301.20,3301.20,1,1,2,EXACT_MATCH
07ABCDE1326F1Z5,07ABCDE1326F1Z5,Supplier 687,Supplier 687,INV-00687,INV-00687,2026-10-03,2026-10-03,55575,55575,10003.50,10003.50,1,1,2,EXACT_MATCH
07ABCDE2024F1Z5,07ABCDE2024F1Z5,Supplier 688,Supplier 688,INV-00688,INV-00688,2026-06-15,2026-06-15,34415,34415,6194.70,6194.70,1,1,2,EXACT_MATCH
07ABCDE1893F1Z5,07ABCDE1893F1Z5,Supplier 689,Supplier 689,INV-00689,INV-00689,2026-09-11,2026-09-11,2903,2903,522.54,522.54,1,1,2,EXACT_MATCH
07ABCDE4892F1Z5,07ABCDE4892F1Z5,Supplier 690,Supplier 690,INV-00690,INV-00690,2026-07-22,2026-07-22,41118,41118,7401.24,7401.24,1,1,2,EXACT_MATCH
07ABCDE9630F1Z5,07ABCDE9630F1Z5,Supplier 691,Supplier 691,INV-00691,INV-00691,2026-04-29,2026-04-29,62988,62988,11337.84,11337.84,1,1,2,EXACT_MATCH
07ABCDE2534F1Z5,07ABCDE2534F1Z5,Supplier 692,Supplier 692,INV-00692,INV-00692,2026-08-31,2026-08-31,57323,57323,10318.14,10318.14,1,1,2,EXACT_MATCH
07ABCDE8938F1Z5,07ABCDE8938F1Z5,Supplier 693,Supplier 693,INV-00693,INV-00693,2026-05-16,2026-05-16,98757,98757,17776.26,17776.26,1,1,2,EXACT_MATCH
07ABCDE5330F1Z5,07ABCDE5330F1Z5,Supplier 694,Supplier 694,INV-00694,INV-00694,2026-08-03,2026-08-03,91205,91205,16416.90,16416.90,1,1,2,EXACT_MATCH
07ABCDE2399F1Z5,07ABCDE2399F1Z5,Supplier 695,Supplier 695,INV-00695,INV-00695,2026-10-11,2026-10-11,40858,40858,7354.44,7354.44,1,1,2,EXACT_MATCH
07ABCDE5575F1Z5,07ABCDE5575F1Z5,Supplier 696,Supplier 696,INV-00696,INV-00696,2026-09-08,2026-09-08,43822,43822,7887.96,7887.96,1,1,2,EXACT_MATCH
07ABCDE9612F1Z5,07ABCDE9612F1Z5,Supplier 697,Supplier 697,INV-00697,INV-00697,2026-08-12,2026-08-12,89758,89758,16156.44,16156.44,1,1,2,EXACT_MATCH
07ABCDE3102F1Z5,07ABCDE3102F1Z5,Supplier 698,Supplier 698,INV-00698,INV-00698,2026-07-28,2026-07-28,49837,49837,8970.66,8970.66,1,1,2,EXACT_MATCH
07ABCDE6575F1Z5,07ABCDE6575F1Z5,Supplier 699,Supplier 699,INV-00699,INV-00699,2026-08-10,2026-08-10,61530,61530,11075.40,11075.40,1,1,2,EXACT_MATCH
07ABCDE3972F1Z5,07ABCDE3972F1Z5,Supplier 700,Supplier 700,INV-00700,INV-00700,2026-09-28,2026-09-28,85223,85223,15340.14,15340.14,1,1,2,EXACT_MATCH
07ABCDE5949F1Z5,07ABCDE5949F1Z5,Supplier 701,Supplier 701,INV-00701,INV-00701,2026-12-24,2026-12-24,53115,53115,9560.70,9560.70,1,1,2,EXACT_MATCH
07ABCDE6717F1Z5,07ABCDE6717F1Z5,Supplier 702,Supplier 702,INV-00702,INV-00702,2026-09-12,2026-09-12,94239,94239,16963.02,16963.02,1,1,2,EXACT_MATCH
07ABCDE2315F1Z5,07ABCDE2315F1Z5,Supplier 703,Supplier 703,INV-00703,INV-00703,2026-05-07,2026-05-07,14114,14114,2540.52,2540.52,1,1,2,EXACT_MATCH
07ABCDE1589F1Z5,07ABCDE1589F1Z5,Supplier 704,Supplier 704,INV-00704,INV-00704,2026-01-12,2026-01-12,7058,7058,1270.44,1270.44,1,1,2,EXACT_MATCH
07ABCDE3957F1Z5,07ABCDE3957F1Z5,Supplier 705,Supplier 705,INV-00705,INV-00705,2026-01-23,2026-01-23,36722,36722,6609.96,6609.96,1,1,2,EXACT_MATCH
07ABCDE2548F1Z5,07ABCDE2548F1Z5,Supplier 706,Supplier 706,INV-00706,INV-00706,2026-06-06,2026-06-06,39271,39271,7068.78,7068.78,1,1,2,EXACT_MATCH
07ABCDE3780F1Z5,07ABCDE3780F1Z5,Supplier 707,Supplier 707,INV-00707,INV-00707,2026-08-22,2026-08-22,22396,22396,4031.28,4031.28,1,1,2,EXACT_MATCH
07ABCDE5928F1Z5,07ABCDE5928F1Z5,Supplier 708,Supplier 708,INV-00708,INV-00708,2026-01-03,2026-01-03,7354,7354,1323.72,1323.72,1,1,2,EXACT_MATCH
07ABCDE5872F1Z5,07ABCDE5872F1Z5,Supplier 709,Supplier 709,INV-00709,INV-00709,2026-01-07,2026-01-07,54201,54201,9756.18,9756.18,1,1,2,EXACT_MATCH
07ABCDE7622F1Z5,07ABCDE7622F1Z5,Supplier 710,Supplier 710,INV-00710,INV-00710,2026-12-20,2026-12-20,39431,39431,7097.58,7097.58,1,1,2,EXACT_MATCH
07ABCDE6582F1Z5,07ABCDE6582F1Z5,Supplier 711,Supplier 711,INV-00711,INV-00711,2026-11-30,2026-11-30,18919,18919,3405.42,3405.42,1,1,2,EXACT_MATCH
07ABCDE4525F1Z5,07ABCDE4525F1Z5,Supplier 712,Supplier 712,INV-00712,INV-00712,2026-02-24,2026-02-24,51386,51386,9249.48,9249.48,1,1,2,EXACT_MATCH
07ABCDE8704F1Z5,07ABCDE8704F1Z5,Supplier 713,Supplier 713,INV-00713,INV-00713,2026-04-13,2026-04-13,47669,47669,8580.42,8580.42,1,1,2,EXACT_MATCH
07ABCDE6298F1Z5,07ABCDE6298F1Z5,Supplier 714,Supplier 714,INV-00714,INV-00714,2026-12-30,2026-12-30,1537,1537,276.66,276.66,1,1,2,EXACT_MATCH
07ABCDE1979F1Z5,07ABCDE1979F1Z5,Supplier 715,Supplier 715,INV-00715,INV-00715,2026-12-27,2026-12-27,58867,58867,10596.06,10596.06,1,1,2,EXACT_MATCH
07ABCDE4142F1Z5,07ABCDE4142F1Z5,Supplier 716,Supplier 716,INV-00716,INV-00716,2026-08-30,2026-08-30,6154,6154,1107.72,1107.72,1,1,2,EXACT_MATCH
07ABCDE4454F1Z5,07ABCDE4454F1Z5,Supplier 717,Supplier 717,INV-00717,INV-00717,2026-07-30,2026-07-30,30521,30521,5493.78,5493.78,1,1,2,EXACT_MATCH
07ABCDE6712F1Z5,07ABCDE6712F1Z5,Supplier 718,Supplier 718,INV-00718,INV-00718,2026-02-18,2026-02-18,38496,38496,6929.28,6929.28,1,1,2,EXACT_MATCH
07ABCDE6176F1Z5,07ABCDE6176F1Z5,Supplier 719,Supplier 719,INV-00719,INV-00719,2026-04-25,2026-04-25,54900,54900,9882.00,9882.00,1,1,2,EXACT_MATCH
07ABCDE1361F1Z5,07ABCDE1361F1Z5,Supplier 720,Supplier 720,INV-00720,INV-00720,2026-08-20,2026-08-20,52266,52266,9407.88,9407.88,1,1,2,EXACT_MATCH
07ABCDE9391F1Z5,07ABCDE9391F1Z5,Supplier 721,Supplier 721,INV-00721,INV-00721,2026-11-30,2026-11-30,65466,65466,11783.88,11783.88,1,1,2,EXACT_MATCH
07ABCDE2703F1Z5,07ABCDE2703F1Z5,Supplier 722,Supplier 722,INV-00722,INV-00722,2026-01-01,2026-01-01,17455,17455,3141.90,3141.90,1,1,2,EXACT_MATCH
07ABCDE3154F1Z5,07ABCDE3154F1Z5,Supplier 723,Supplier 723,INV-00723,INV-00723,2026-06-05,2026-06-05,53638,53638,9654.84,9654.84,1,1,2,EXACT_MATCH
07ABCDE4155F1Z5,07ABCDE4155F1Z5,Supplier 724,Supplier 724,INV-00724,INV-00724,2026-09-25,2026-09-25,10508,10508,1891.44,1891.44,1,1,2,EXACT_MATCH
07ABCDE1558F1Z5,07ABCDE1558F1Z5,Supplier 725,Supplier 725,INV-00725,INV-00725,2026-05-02,2026-05-02,47267,47267,8508.06,8508.06,1,1,2,EXACT_MATCH
07ABCDE5427F1Z5,07ABCDE5427F1Z5,Supplier 726,Supplier 726,INV-00726,INV-00726,2026-02-04,2026-02-04,80396,80396,14471.28,14471.28,1,1,2,EXACT_MATCH
07ABCDE4976F1Z5,07ABCDE4976F1Z5,Supplier 727,Supplier 727,INV-00727,INV-00727,2026-12-18,2026-12-18,57338,57338,10320.84,10320.84,1,1,2,EXACT_MATCH
07ABCDE5956F1Z5,07ABCDE5956F1Z5,Supplier 728,Supplier 728,INV-00728,INV-00728,2026-12-27,2026-12-27,77288,77288,13911.84,13911.84,1,1,2,EXACT_MATCH
07ABCDE6527F1Z5,07ABCDE6527F1Z5,Supplier 729,Supplier 729,INV-00729,INV-00729,2026-04-20,2026-04-20,68321,68321,12297.78,12297.78,1,1,2,EXACT_MATCH
07ABCDE1177F1Z5,07ABCDE1177F1Z5,Supplier 730,Supplier 730,INV-00730,INV-00730,2026-10-10,2026-10-10,39510,39510,7111.80,7111.80,1,1,2,EXACT_MATCH
07ABCDE8637F1Z5,07ABCDE8637F1Z5,Supplier 731,Supplier 731,INV-00731,INV-00731,2026-04-13,2026-04-13,92238,92238,16602.84,16602.84,1,1,2,EXACT_MATCH
07ABCDE6544F1Z5,07ABCDE6544F1Z5,Supplier 732,Supplier 732,INV-00732,INV-00732,2026-05-20,2026-05-20,83589,83589,15046.02,15046.02,1,1,2,EXACT_MATCH
07ABCDE5711F1Z5,07ABCDE5711F1Z5,Supplier 733,Supplier 733,INV-00733,INV-00733,2026-03-09,2026-03-09,97278,97278,17510.04,17510.04,1,1,2,EXACT_MATCH
07ABCDE5814F1Z5,07ABCDE5814F1Z5,Supplier 734,Supplier 734,INV-00734,INV-00734,2026-12-10,2026-12-10,32774,32774,5899.32,5899.32,1,1,2,EXACT_MATCH
07ABCDE3948F1Z5,07ABCDE3948F1Z5,Supplier 735,Supplier 735,INV-00735,INV-00735,2026-08-13,2026-08-13,10340,10340,1861.20,1861.20,1,1,2,EXACT_MATCH
07ABCDE3283F1Z5,07ABCDE3283F1Z5,Supplier 736,Supplier 736,INV-00736,INV-00736,2026-05-22,2026-05-22,99734,99734,17952.12,17952.12,1,1,2,EXACT_MATCH
07ABCDE9154F1Z5,07ABCDE9154F1Z5,Supplier 737,Supplier 737,INV-00737,INV-00737,2026-09-08,2026-09-08,70364,70364,12665.52,12665.52,1,1,2,EXACT_MATCH
07ABCDE1280F1Z5,07ABCDE1280F1Z5,Supplier 738,Supplier 738,INV-00738,INV-00738,2026-04-29,2026-04-29,68200,68200,12276.00,12276.00,1,1,2,EXACT_MATCH
07ABCDE2715F1Z5,07ABCDE2715F1Z5,Supplier 739,Supplier 739,INV-00739,INV-00739,2026-02-14,2026-02-14,48466,48466,8723.88,8723.88,1,1,2,EXACT_MATCH
07ABCDE9943F1Z5,07ABCDE9943F1Z5,Supplier 740,Supplier 740,INV-00740,INV-00740,2026-01-04,2026-01-04,79083,79083,14234.94,14234.94,1,1,2,EXACT_MATCH
07ABCDE5695F1Z5,07ABCDE5695F1Z5,Supplier 741,Supplier 741,INV-00741,INV-00741,2026-11-20,2026-11-20,48434,48434,8718.12,8718.12,1,1,2,EXACT_MATCH
07ABCDE9294F1Z5,07ABCDE9294F1Z5,Supplier 742,Supplier 742,INV-00742,INV-00742,2026-08-02,2026-08-02,65058,65058,11710.44,11710.44,1,1,2,EXACT_MATCH
07ABCDE2763F1Z5,07ABCDE2763F1Z5,Supplier 743,Supplier 743,INV-00743,INV-00743,2026-10-30,2026-10-30,19863,19863,3575.34,3575.34,1,1,2,EXACT_MATCH
07ABCDE7463F1Z5,07ABCDE7463F1Z5,Supplier 744,Supplier 744,INV-00744,INV-00744,2026-05-03,2026-05-03,79072,79072,14232.96,14232.96,1,1,2,EXACT_MATCH
07ABCDE9999F1Z5,07ABCDE9999F1Z5,Supplier 745,Supplier 745,INV-00745,INV-00745,2026-10-11,2026-10-11,13272,13272,2388.96,2388.96,1,1,2,EXACT_MATCH
07ABCDE6470F1Z5,07ABCDE6470F1Z5,Supplier 746,Supplier 746,INV-00746,INV-00746,2026-07-20,2026-07-20,91528,91528,16475.04,16475.04,1,1,2,EXACT_MATCH
07ABCDE6372F1Z5,07ABCDE6372F1Z5,Supplier 747,Supplier 747,INV-00747,INV-00747,2026-01-12,2026-01-12,40726,40726,7330.68,7330.68,1,1,2,EXACT_MATCH
07ABCDE5529F1Z5,07ABCDE5529F1Z5,Supplier 748,Supplier 748,INV-00748,INV-00748,2026-01-05,2026-01-05,35875,35875,6457.50,6457.50,1,1,2,EXACT_MATCH
07ABCDE9008F1Z5,07ABCDE9008F1Z5,Supplier 749,Supplier 749,INV-00749,INV-00749,2026-06-24,2026-06-24,68175,68175,12271.50,12271.50,1,1,2,EXACT_MATCH
07ABCDE8969F1Z5,07ABCDE8969F1Z5,Supplier 750,Supplier 750,INV-00750,INV-00750,2026-09-23,2026-09-23,18261,18261,3286.98,3286.98,1,1,2,EXACT_MATCH
07ABCDE7098F1Z5,07ABCDE7098F1Z5,Supplier 751,Supplier 751,INV-00751,INV-00751,2026-09-26,2026-09-26,7625,7625,1372.50,1372.50,1,1,2,EXACT_MATCH
07ABCDE4678F1Z5,07ABCDE4678F1Z5,Supplier 752,Supplier 752,INV-00752,INV-00752,2026-01-04,2026-01-04,63443,63443,11419.74,11419.74,1,1,2,EXACT_MATCH
07ABCDE4705F1Z5,07ABCDE4705F1Z5,Supplier 753,Supplier 753,INV-00753,INV-00753,2026-11-08,2026-11-08,91002,91002,16380.36,16380.36,1,1,2,EXACT_MATCH
07ABCDE2472F1Z5,07ABCDE2472F1Z5,Supplier 754,Supplier 754,INV-00754,INV-00754,2026-06-18,2026-06-18,85894,85894,15460.92,15460.92,1,1,2,EXACT_MATCH
07ABCDE6522F1Z5,07ABCDE6522F1Z5,Supplier 755,Supplier 755,INV-00755,INV-00755,2026-06-20,2026-06-20,3131,3131,563.58,563.58,1,1,2,EXACT_MATCH
07ABCDE9125F1Z5,07ABCDE9125F1Z5,Supplier 756,Supplier 756,INV-00756,INV-00756,2026-08-12,2026-08-12,37682,37682,6782.76,6782.76,1,1,2,EXACT_MATCH
07ABCDE5164F1Z5,07ABCDE5164F1Z5,Supplier 757,Supplier 757,INV-00757,INV-00757,2026-11-19,2026-11-19,49123,49123,8842.14,8842.14,1,1,2,EXACT_MATCH
07ABCDE3567F1Z5,07ABCDE3567F1Z5,Supplier 758,Supplier 758,INV-00758,INV-00758,2026-03-31,2026-03-31,60454,60454,10881.72,10881.72,1,1,2,EXACT_MATCH
07ABCDE4436F1Z5,07ABCDE4436F1Z5,Supplier 759,Supplier 759,INV-00759,INV-00759,2026-07-31,2026-07-31,7735,7735,1392.30,1392.30,1,1,2,EXACT_MATCH
07ABCDE4377F1Z5,07ABCDE4377F1Z5,Supplier 760,Supplier 760,INV-00760,INV-00760,2026-02-01,2026-02-01,37230,37230,6701.40,6701.40,1,1,2,EXACT_MATCH
07ABCDE8011F1Z5,07ABCDE8011F1Z5,Supplier 761,Supplier 761,INV-00761,INV-00761,2026-02-20,2026-02-20,97468,97468,17544.24,17544.24,1,1,2,EXACT_MATCH
07ABCDE5704F1Z5,07ABCDE5704F1Z5,Supplier 762,Supplier 762,INV-00762,INV-00762,2026-11-08,2026-11-08,77720,77720,13989.60,13989.60,1,1,2,EXACT_MATCH
07ABCDE8179F1Z5,07ABCDE8179F1Z5,Supplier 763,Supplier 763,INV-00763,INV-00763,2026-03-27,2026-03-27,63117,63117,11361.06,11361.06,1,1,2,EXACT_MATCH
07ABCDE4581F1Z5,07ABCDE4581F1Z5,Supplier 764,Supplier 764,INV-00764,INV-00764,2026-09-28,2026-09-28,62434,62434,11238.12,11238.12,1,1,2,EXACT_MATCH
07ABCDE2775F1Z5,07ABCDE2775F1Z5,Supplier 765,Supplier 765,INV-00765,INV-00765,2026-12-05,2026-12-05,20762,20762,3737.16,3737.16,1,1,2,EXACT_MATCH
07ABCDE6966F1Z5,07ABCDE6966F1Z5,Supplier 766,Supplier 766,INV-00766,INV-00766,2026-09-09,2026-09-09,76850,76850,13833.00,13833.00,1,1,2,EXACT_MATCH
07ABCDE8424F1Z5,07ABCDE8424F1Z5,Supplier 767,Supplier 767,INV-00767,INV-00767,2026-03-28,2026-03-28,60797,60797,10943.46,10943.46,1,1,2,EXACT_MATCH
07ABCDE7442F1Z5,07ABCDE7442F1Z5,Supplier 768,Supplier 768,INV-00768,INV-00768,2026-06-20,2026-06-20,41154,41154,7407.72,7407.72,1,1,2,EXACT_MATCH
07ABCDE9895F1Z5,07ABCDE9895F1Z5,Supplier 769,Supplier 769,INV-00769,INV-00769,2026-08-02,2026-08-02,36327,36327,6538.86,6538.86,1,1,2,EXACT_MATCH
07ABCDE7685F1Z5,07ABCDE7685F1Z5,Supplier 770,Supplier 770,INV-00770,INV-00770,2026-12-28,2026-12-28,69957,69957,12592.26,12592.26,1,1,2,EXACT_MATCH
07ABCDE4166F1Z5,07ABCDE4166F1Z5,Supplier 771,Supplier 771,INV-00771,INV-00771,2026-11-16,2026-11-16,25318,25318,4557.24,4557.24,1,1,2,EXACT_MATCH
07ABCDE1331F1Z5,07ABCDE1331F1Z5,Supplier 772,Supplier 772,INV-00772,INV-00772,2026-07-15,2026-07-15,13399,13399,2411.82,2411.82,1,1,2,EXACT_MATCH
07ABCDE3724F1Z5,07ABCDE3724F1Z5,Supplier 773,Supplier 773,INV-00773,INV-00773,2026-08-22,2026-08-22,87237,87237,15702.66,15702.66,1,1,2,EXACT_MATCH
07ABCDE3592F1Z5,07ABCDE3592F1Z5,Supplier 774,Supplier 774,INV-00774,INV-00774,2026-01-13,2026-01-13,39895,39895,7181.10,7181.10,1,1,2,EXACT_MATCH
07ABCDE2129F1Z5,07ABCDE2129F1Z5,Supplier 775,Supplier 775,INV-00775,INV-00775,2026-11-04,2026-11-04,1917,1917,345.06,345.06,1,1,2,EXACT_MATCH
07ABCDE2698F1Z5,07ABCDE2698F1Z5,Supplier 776,Supplier 776,INV-00776,INV-00776,2026-12-18,2026-12-18,48782,48782,8780.76,8780.76,1,1,2,EXACT_MATCH
07ABCDE7712F1Z5,07ABCDE7712F1Z5,Supplier 777,Supplier 777,INV-00777,INV-00777,2026-02-27,2026-02-27,62449,62449,11240.82,11240.82,1,1,2,EXACT_MATCH
07ABCDE1086F1Z5,07ABCDE1086F1Z5,Supplier 778,Supplier 778,INV-00778,INV-00778,2026-01-07,2026-01-07,28993,28993,5218.74,5218.74,1,1,2,EXACT_MATCH
07ABCDE1322F1Z5,07ABCDE1322F1Z5,Supplier 779,Supplier 779,INV-00779,INV-00779,2026-07-21,2026-07-21,56157,56157,10108.26,10108.26,1,1,2,EXACT_MATCH
07ABCDE3692F1Z5,07ABCDE3692F1Z5,Supplier 780,Supplier 780,INV-00780,INV-00780,2026-04-17,2026-04-17,99934,99934,17988.12,17988.12,1,1,2,EXACT_MATCH
07ABCDE2780F1Z5,07ABCDE2780F1Z5,Supplier 781,Supplier 781,INV-00781,INV-00781,2026-04-17,2026-04-17,46368,46368,8346.24,8346.24,1,1,2,EXACT_MATCH
07ABCDE2138F1Z5,07ABCDE2138F1Z5,Supplier 782,Supplier 782,INV-00782,INV-00782,2026-06-20,2026-06-20,75316,75316,13556.88,13556.88,1,1,2,EXACT_MATCH
07ABCDE3730F1Z5,07ABCDE3730F1Z5,Supplier 783,Supplier 783,INV-00783,INV-00783,2026-07-31,2026-07-31,6806,6806,1225.08,1225.08,1,1,2,EXACT_MATCH
07ABCDE1662F1Z5,07ABCDE1662F1Z5,Supplier 784,Supplier 784,INV-00784,INV-00784,2026-12-30,2026-12-30,75189,75189,13534.02,13534.02,1,1,2,EXACT_MATCH
07ABCDE5218F1Z5,07ABCDE5218F1Z5,Supplier 785,Supplier 785,INV-00785,INV-00785,2026-11-15,2026-11-15,25609,25609,4609.62,4609.62,1,1,2,EXACT_MATCH
07ABCDE9091F1Z5,07ABCDE9091F1Z5,Supplier 786,Supplier 786,INV-00786,INV-00786,2026-01-14,2026-01-14,41241,41241,7423.38,7423.38,1,1,2,EXACT_MATCH
07ABCDE3217F1Z5,07ABCDE3217F1Z5,Supplier 787,Supplier 787,INV-00787,INV-00787,2026-06-17,2026-06-17,53444,53444,9619.92,9619.92,1,1,2,EXACT_MATCH
07ABCDE1470F1Z5,07ABCDE1470F1Z5,Supplier 788,Supplier 788,INV-00788,INV-00788,2026-08-27,2026-08-27,25259,25259,4546.62,4546.62,1,1,2,EXACT_MATCH
07ABCDE3359F1Z5,07ABCDE3359F1Z5,Supplier 789,Supplier 789,INV-00789,INV-00789,2026-06-24,2026-06-24,75001,75001,13500.18,13500.18,1,1,2,EXACT_MATCH
07ABCDE5276F1Z5,07ABCDE5276F1Z5,Supplier 790,Supplier 790,INV-00790,INV-00790,2026-08-26,2026-08-26,40256,40256,7246.08,7246.08,1,1,2,EXACT_MATCH
07ABCDE1088F1Z5,07ABCDE1088F1Z5,Supplier 791,Supplier 791,INV-00791,INV-00791,2026-08-08,2026-08-08,56662,56662,10199.16,10199.16,1,1,2,EXACT_MATCH
07ABCDE8765F1Z5,07ABCDE8765F1Z5,Supplier 792,Supplier 792,INV-00792,INV-00792,2026-10-30,2026-10-30,24890,24890,4480.20,4480.20,1,1,2,EXACT_MATCH
07ABCDE8640F1Z5,07ABCDE8640F1Z5,Supplier 793,Supplier 793,INV-00793,INV-00793,2026-12-21,2026-12-21,32360,32360,5824.80,5824.80,1,1,2,EXACT_MATCH
07ABCDE7243F1Z5,07ABCDE7243F1Z5,Supplier 794,Supplier 794,INV-00794,INV-00794,2026-07-22,2026-07-22,45186,45186,8133.48,8133.48,1,1,2,EXACT_MATCH
07ABCDE6375F1Z5,07ABCDE6375F1Z5,Supplier 795,Supplier 795,INV-00795,INV-00795,2026-10-24,2026-10-24,88085,88085,15855.30,15855.30,1,1,2,EXACT_MATCH
07ABCDE1323F1Z5,07ABCDE1323F1Z5,Supplier 796,Supplier 796,INV-00796,INV-00796,2026-07-16,2026-07-16,63474,63474,11425.32,11425.32,1,1,2,EXACT_MATCH
07ABCDE6328F1Z5,07ABCDE6328F1Z5,Supplier 797,Supplier 797,INV-00797,INV-00797,2026-02-27,2026-02-27,57864,57864,10415.52,10415.52,1,1,2,EXACT_MATCH
07ABCDE5971F1Z5,07ABCDE5971F1Z5,Supplier 798,Supplier 798,INV-00798,INV-00798,2026-12-16,2026-12-16,71085,71085,12795.30,12795.30,1,1,2,EXACT_MATCH
07ABCDE4612F1Z5,07ABCDE4612F1Z5,Supplier 799,Supplier 799,INV-00799,INV-00799,2026-09-11,2026-09-11,42551,42551,7659.18,7659.18,1,1,2,EXACT_MATCH
07ABCDE2705F1Z5,07ABCDE2705F1Z5,Supplier 800,Supplier 800,INV-00800,INV-00800,2026-06-25,2026-06-25,14165,14165,2549.70,2549.70,1,1,2,EXACT_MATCH
07ABCDE6299F1Z5,07ABCDE6299F1Z5,Supplier 801,Supplier 801,INV-00801,INV-00801,2026-10-09,2026-10-09,92129,92129,16583.22,16583.22,1,1,2,EXACT_MATCH
07ABCDE1953F1Z5,07ABCDE1953F1Z5,Supplier 802,Supplier 802,INV-00802,INV-00802,2026-10-24,2026-10-24,71674,71674,12901.32,12901.32,1,1,2,EXACT_MATCH
07ABCDE4406F1Z5,07ABCDE4406F1Z5,Supplier 803,Supplier 803,INV-00803,INV-00803,2026-04-29,2026-04-29,14301,14301,2574.18,2574.18,1,1,2,EXACT_MATCH
07ABCDE3172F1Z5,07ABCDE3172F1Z5,Supplier 804,Supplier 804,INV-00804,INV-00804,2026-01-01,2026-01-01,24200,24200,4356.00,4356.00,1,1,2,EXACT_MATCH
07ABCDE5909F1Z5,07ABCDE5909F1Z5,Supplier 805,Supplier 805,INV-00805,INV-00805,2026-07-25,2026-07-25,65344,65344,11761.92,11761.92,1,1,2,EXACT_MATCH
07ABCDE4612F1Z5,07ABCDE4612F1Z5,Supplier 806,Supplier 806,INV-00806,INV-00806,2026-08-29,2026-08-29,14901,14901,2682.18,2682.18,1,1,2,EXACT_MATCH
07ABCDE2726F1Z5,07ABCDE2726F1Z5,Supplier 807,Supplier 807,INV-00807,INV-00807,2026-11-20,2026-11-20,61690,61690,11104.20,11104.20,1,1,2,EXACT_MATCH
07ABCDE3493F1Z5,07ABCDE3493F1Z5,Supplier 808,Supplier 808,INV-00808,INV-00808,2026-01-27,2026-01-27,70280,70280,12650.40,12650.40,1,1,2,EXACT_MATCH
07ABCDE2864F1Z5,07ABCDE2864F1Z5,Supplier 809,Supplier 809,INV-00809,INV-00809,2026-12-25,2026-12-25,5465,5465,983.70,983.70,1,1,2,EXACT_MATCH
07ABCDE2995F1Z5,07ABCDE2995F1Z5,Supplier 810,Supplier 810,INV-00810,INV-00810,2026-01-24,2026-01-24,77555,77555,13959.90,13959.90,1,1,2,EXACT_MATCH
07ABCDE3116F1Z5,07ABCDE3116F1Z5,Supplier 811,Supplier 811,INV-00811,INV-00811,2026-09-08,2026-09-08,11508,11508,2071.44,2071.44,1,1,2,EXACT_MATCH
07ABCDE7239F1Z5,07ABCDE7239F1Z5,Supplier 812,Supplier 812,INV-00812,INV-00812,2026-05-16,2026-05-16,38940,38940,7009.20,7009.20,1,1,2,EXACT_MATCH
07ABCDE7811F1Z5,07ABCDE7811F1Z5,Supplier 813,Supplier 813,INV-00813,INV-00813,2026-08-23,2026-08-23,79140,79140,14245.20,14245.20,1,1,2,EXACT_MATCH
07ABCDE4705F1Z5,07ABCDE4705F1Z5,Supplier 814,Supplier 814,INV-00814,INV-00814,2026-05-31,2026-05-31,5669,5669,1020.42,1020.42,1,1,2,EXACT_MATCH
07ABCDE2064F1Z5,07ABCDE2064F1Z5,Supplier 815,Supplier 815,INV-00815,INV-00815,2026-04-19,2026-04-19,83403,83403,15012.54,15012.54,1,1,2,EXACT_MATCH
07ABCDE3999F1Z5,07ABCDE3999F1Z5,Supplier 816,Supplier 816,INV-00816,INV-00816,2026-03-15,2026-03-15,75979,75979,13676.22,13676.22,1,1,2,EXACT_MATCH
07ABCDE1238F1Z5,07ABCDE1238F1Z5,Supplier 817,Supplier 817,INV-00817,INV-00817,2026-06-25,2026-06-25,97894,97894,17620.92,17620.92,1,1,2,EXACT_MATCH
07ABCDE1488F1Z5,07ABCDE1488F1Z5,Supplier 818,Supplier 818,INV-00818,INV-00818,2026-03-12,2026-03-12,34491,34491,6208.38,6208.38,1,1,2,EXACT_MATCH
07ABCDE7953F1Z5,07ABCDE7953F1Z5,Supplier 819,Supplier 819,INV-00819,INV-00819,2026-10-13,2026-10-13,12082,12082,2174.76,2174.76,1,1,2,EXACT_MATCH
07ABCDE4163F1Z5,07ABCDE4163F1Z5,Supplier 820,Supplier 820,INV-00820,INV-00820,2026-08-29,2026-08-29,57051,57051,10269.18,10269.18,1,1,2,EXACT_MATCH
07ABCDE8700F1Z5,07ABCDE8700F1Z5,Supplier 821,Supplier 821,INV-00821,INV-00821,2026-06-07,2026-06-07,60478,60478,10886.04,10886.04,1,1,2,EXACT_MATCH
07ABCDE2384F1Z5,07ABCDE2384F1Z5,Supplier 822,Supplier 822,INV-00822,INV-00822,2026-09-30,2026-09-30,75040,75040,13507.20,13507.20,1,1,2,EXACT_MATCH
07ABCDE7403F1Z5,07ABCDE7403F1Z5,Supplier 823,Supplier 823,INV-00823,INV-00823,2026-08-29,2026-08-29,54805,54805,9864.90,9864.90,1,1,2,EXACT_MATCH
07ABCDE4176F1Z5,07ABCDE4176F1Z5,Supplier 824,Supplier 824,INV-00824,INV-00824,2026-11-15,2026-11-15,85924,85924,15466.32,15466.32,1,1,2,EXACT_MATCH
07ABCDE7467F1Z5,07ABCDE7467F1Z5,Supplier 825,Supplier 825,INV-00825,INV-00825,2026-03-12,2026-03-12,43025,43025,7744.50,7744.50,1,1,2,EXACT_MATCH
07ABCDE2657F1Z5,07ABCDE2657F1Z5,Supplier 826,Supplier 826,INV-00826,INV-00826,2026-04-04,2026-04-04,2122,2122,381.96,381.96,1,1,2,EXACT_MATCH
07ABCDE4518F1Z5,07ABCDE4518F1Z5,Supplier 827,Supplier 827,INV-00827,INV-00827,2026-07-06,2026-07-06,77666,77666,13979.88,13979.88,1,1,2,EXACT_MATCH
07ABCDE7191F1Z5,07ABCDE7191F1Z5,Supplier 828,Supplier 828,INV-00828,INV-00828,2026-10-18,2026-10-18,67916,67916,12224.88,12224.88,1,1,2,EXACT_MATCH
07ABCDE4038F1Z5,07ABCDE4038F1Z5,Supplier 829,Supplier 829,INV-00829,INV-00829,2026-01-14,2026-01-14,94699,94699,17045.82,17045.82,1,1,2,EXACT_MATCH
07ABCDE3404F1Z5,07ABCDE3404F1Z5,Supplier 830,Supplier 830,INV-00830,INV-00830,2026-07-08,2026-07-08,52570,52570,9462.60,9462.60,1,1,2,EXACT_MATCH
07ABCDE7712F1Z5,07ABCDE7712F1Z5,Supplier 831,Supplier 831,INV-00831,INV-00831,2026-09-02,2026-09-02,67671,67671,12180.78,12180.78,1,1,2,EXACT_MATCH
07ABCDE9334F1Z5,07ABCDE9334F1Z5,Supplier 832,Supplier 832,INV-00832,INV-00832,2026-06-08,2026-06-08,76678,76678,13802.04,13802.04,1,1,2,EXACT_MATCH
07ABCDE2575F1Z5,07ABCDE2575F1Z5,Supplier 833,Supplier 833,INV-00833,INV-00833,2026-05-08,2026-05-08,50632,50632,9113.76,9113.76,1,1,2,EXACT_MATCH
07ABCDE9010F1Z5,07ABCDE9010F1Z5,Supplier 834,Supplier 834,INV-00834,INV-00834,2026-08-22,2026-08-22,6713,6713,1208.34,1208.34,1,1,2,EXACT_MATCH
07ABCDE3304F1Z5,07ABCDE3304F1Z5,Supplier 835,Supplier 835,INV-00835,INV-00835,2026-12-08,2026-12-08,14471,14471,2604.78,2604.78,1,1,2,EXACT_MATCH
07ABCDE6650F1Z5,07ABCDE6650F1Z5,Supplier 836,Supplier 836,INV-00836,INV-00836,2026-12-03,2026-12-03,92065,92065,16571.70,16571.70,1,1,2,EXACT_MATCH
07ABCDE5658F1Z5,07ABCDE5658F1Z5,Supplier 837,Supplier 837,INV-00837,INV-00837,2026-08-18,2026-08-18,10978,10978,1976.04,1976.04,1,1,2,EXACT_MATCH
07ABCDE7738F1Z5,07ABCDE7738F1Z5,Supplier 838,Supplier 838,INV-00838,INV-00838,2026-02-14,2026-02-14,9084,9084,1635.12,1635.12,1,1,2,EXACT_MATCH
07ABCDE8770F1Z5,07ABCDE8770F1Z5,Supplier 839,Supplier 839,INV-00839,INV-00839,2026-09-02,2026-09-02,58024,58024,10444.32,10444.32,1,1,2,EXACT_MATCH
07ABCDE7423F1Z5,07ABCDE7423F1Z5,Supplier 840,Supplier 840,INV-00840,INV-00840,2026-04-06,2026-04-06,16755,16755,3015.90,3015.90,1,1,2,EXACT_MATCH
07ABCDE1762F1Z5,07ABCDE1762F1Z5,Supplier 841,Supplier 841,INV-00841,INV-00841,2026-12-17,2026-12-17,31050,31050,5589.00,5589.00,1,1,2,EXACT_MATCH
07ABCDE3585F1Z5,07ABCDE3585F1Z5,Supplier 842,Supplier 842,INV-00842,INV-00842,2026-09-22,2026-09-22,96123,96123,17302.14,17302.14,1,1,2,EXACT_MATCH
07ABCDE9452F1Z5,07ABCDE9452F1Z5,Supplier 843,Supplier 843,INV-00843,INV-00843,2026-09-14,2026-09-14,49419,49419,8895.42,8895.42,1,1,2,EXACT_MATCH
07ABCDE5253F1Z5,07ABCDE5253F1Z5,Supplier 844,Supplier 844,INV-00844,INV-00844,2026-02-14,2026-02-14,86874,86874,15637.32,15637.32,1,1,2,EXACT_MATCH
07ABCDE8074F1Z5,07ABCDE8074F1Z5,Supplier 845,Supplier 845,INV-00845,INV-00845,2026-04-08,2026-04-08,37285,37285,6711.30,6711.30,1,1,2,EXACT_MATCH
07ABCDE2182F1Z5,07ABCDE2182F1Z5,Supplier 846,Supplier 846,INV-00846,INV-00846,2026-04-02,2026-04-02,65946,65946,11870.28,11870.28,1,1,2,EXACT_MATCH
07ABCDE5111F1Z5,07ABCDE5111F1Z5,Supplier 847,Supplier 847,INV-00847,INV-00847,2026-07-03,2026-07-03,98028,98028,17645.04,17645.04,1,1,2,EXACT_MATCH
07ABCDE7292F1Z5,07ABCDE7292F1Z5,Supplier 848,Supplier 848,INV-00848,INV-00848,2026-02-16,2026-02-16,99584,99584,17925.12,17925.12,1,1,2,EXACT_MATCH
07ABCDE1553F1Z5,07ABCDE1553F1Z5,Supplier 849,Supplier 849,INV-00849,INV-00849,2026-10-04,2026-10-04,26512,26512,4772.16,4772.16,1,1,2,EXACT_MATCH
07ABCDE7727F1Z5,07ABCDE7727F1Z5,Supplier 850,Supplier 850,INV-00850,INV-00850,2026-05-18,2026-05-18,54288,54288,9771.84,9771.84,1,1,2,EXACT_MATCH
07ABCDE1207F1Z5,07ABCDE1207F1Z5,Supplier 851,Supplier 851,INV-00851,INV-00851,2026-04-19,2026-04-19,4560,4560,820.80,820.80,1,1,2,EXACT_MATCH
07ABCDE1634F1Z5,07ABCDE1634F1Z5,Supplier 852,Supplier 852,INV-00852,INV-00852,2026-05-18,2026-05-18,5367,5367,966.06,966.06,1,1,2,EXACT_MATCH
07ABCDE6886F1Z5,07ABCDE6886F1Z5,Supplier 853,Supplier 853,INV-00853,INV-00853,2026-09-08,2026-09-08,67932,67932,12227.76,12227.76,1,1,2,EXACT_MATCH
07ABCDE7838F1Z5,07ABCDE7838F1Z5,Supplier 854,Supplier 854,INV-00854,INV-00854,2026-05-28,2026-05-28,2151,2151,387.18,387.18,1,1,2,EXACT_MATCH
07ABCDE2821F1Z5,07ABCDE2821F1Z5,Supplier 855,Supplier 855,INV-00855,INV-00855,2026-05-08,2026-05-08,92758,92758,16696.44,16696.44,1,1,2,EXACT_MATCH
07ABCDE8909F1Z5,07ABCDE8909F1Z5,Supplier 856,Supplier 856,INV-00856,INV-00856,2026-08-23,2026-08-23,98966,98966,17813.88,17813.88,1,1,2,EXACT_MATCH
07ABCDE3195F1Z5,07ABCDE3195F1Z5,Supplier 857,Supplier 857,INV-00857,INV-00857,2026-04-22,2026-04-22,85593,85593,15406.74,15406.74,1,1,2,EXACT_MATCH
07ABCDE7391F1Z5,07ABCDE7391F1Z5,Supplier 858,Supplier 858,INV-00858,INV-00858,2026-12-09,2026-12-09,13247,13247,2384.46,2384.46,1,1,2,EXACT_MATCH
07ABCDE8424F1Z5,07ABCDE8424F1Z5,Supplier 859,Supplier 859,INV-00859,INV-00859,2026-11-09,2026-11-09,84789,84789,15262.02,15262.02,1,1,2,EXACT_MATCH
07ABCDE8980F1Z5,07ABCDE8980F1Z5,Supplier 860,Supplier 860,INV-00860,INV-00860,2026-01-31,2026-01-31,92285,92285,16611.30,16611.30,1,1,2,EXACT_MATCH
07ABCDE2492F1Z5,07ABCDE2492F1Z5,Supplier 861,Supplier 861,INV-00861,INV-00861,2026-06-02,2026-06-02,67067,67067,12072.06,12072.06,1,1,2,EXACT_MATCH
07ABCDE4186F1Z5,07ABCDE4186F1Z5,Supplier 862,Supplier 862,INV-00862,INV-00862,2026-12-21,2026-12-21,79115,79115,14240.70,14240.70,1,1,2,EXACT_MATCH
07ABCDE1381F1Z5,07ABCDE1381F1Z5,Supplier 863,Supplier 863,INV-00863,INV-00863,2026-09-05,2026-09-05,81187,81187,14613.66,14613.66,1,1,2,EXACT_MATCH
07ABCDE1038F1Z5,07ABCDE1038F1Z5,Supplier 864,Supplier 864,INV-00864,INV-00864,2026-09-09,2026-09-09,74225,74225,13360.50,13360.50,1,1,2,EXACT_MATCH
07ABCDE1722F1Z5,07ABCDE1722F1Z5,Supplier 865,Supplier 865,INV-00865,INV-00865,2026-03-20,2026-03-20,1175,1175,211.50,211.50,1,1,2,EXACT_MATCH
07ABCDE6798F1Z5,07ABCDE6798F1Z5,Supplier 866,Supplier 866,INV-00866,INV-00866,2026-01-01,2026-01-01,3132,3132,563.76,563.76,1,1,2,EXACT_MATCH
07ABCDE2557F1Z5,07ABCDE2557F1Z5,Supplier 867,Supplier 867,INV-00867,INV-00867,2026-07-14,2026-07-14,29041,29041,5227.38,5227.38,1,1,2,EXACT_MATCH
07ABCDE5760F1Z5,07ABCDE5760F1Z5,Supplier 868,Supplier 868,INV-00868,INV-00868,2026-03-16,2026-03-16,15340,15340,2761.20,2761.20,1,1,2,EXACT_MATCH
07ABCDE8309F1Z5,07ABCDE8309F1Z5,Supplier 869,Supplier 869,INV-00869,INV-00869,2026-07-13,2026-07-13,37689,37689,6784.02,6784.02,1,1,2,EXACT_MATCH
07ABCDE1630F1Z5,07ABCDE1630F1Z5,Supplier 870,Supplier 870,INV-00870,INV-00870,2026-06-25,2026-06-25,7530,7530,1355.40,1355.40,1,1,2,EXACT_MATCH
07ABCDE2368F1Z5,07ABCDE2368F1Z5,Supplier 871,Supplier 871,INV-00871,INV-00871,2026-12-06,2026-12-06,98252,98252,17685.36,17685.36,1,1,2,EXACT_MATCH
07ABCDE7335F1Z5,07ABCDE7335F1Z5,Supplier 872,Supplier 872,INV-00872,INV-00872,2026-09-27,2026-09-27,70253,70253,12645.54,12645.54,1,1,2,EXACT_MATCH
07ABCDE8630F1Z5,07ABCDE8630F1Z5,Supplier 873,Supplier 873,INV-00873,INV-00873,2026-09-10,2026-09-10,46007,46007,8281.26,8281.26,1,1,2,EXACT_MATCH
07ABCDE2230F1Z5,07ABCDE2230F1Z5,Supplier 874,Supplier 874,INV-00874,INV-00874,2026-03-17,2026-03-17,76613,76613,13790.34,13790.34,1,1,2,EXACT_MATCH
07ABCDE7070F1Z5,07ABCDE7070F1Z5,Supplier 875,Supplier 875,INV-00875,INV-00875,2026-03-24,2026-03-24,65937,65937,11868.66,11868.66,1,1,2,EXACT_MATCH
07ABCDE4475F1Z5,07ABCDE4475F1Z5,Supplier 876,Supplier 876,INV-00876,INV-00876,2026-02-12,2026-02-12,70580,70580,12704.40,12704.40,1,1,2,EXACT_MATCH
07ABCDE7031F1Z5,07ABCDE7031F1Z5,Supplier 877,Supplier 877,INV-00877,INV-00877,2026-04-07,2026-04-07,79223,79223,14260.14,14260.14,1,1,2,EXACT_MATCH
07ABCDE9825F1Z5,07ABCDE9825F1Z5,Supplier 878,Supplier 878,INV-00878,INV-00878,2026-07-01,2026-07-01,7883,7883,1418.94,1418.94,1,1,2,EXACT_MATCH
07ABCDE5555F1Z5,07ABCDE5555F1Z5,Supplier 879,Supplier 879,INV-00879,INV-00879,2026-05-08,2026-05-08,43833,43833,7889.94,7889.94,1,1,2,EXACT_MATCH
07ABCDE7364F1Z5,07ABCDE7364F1Z5,Supplier 880,Supplier 880,INV-00880,INV-00880,2026-05-05,2026-05-05,51302,51302,9234.36,9234.36,1,1,2,EXACT_MATCH
07ABCDE9986F1Z5,07ABCDE9986F1Z5,Supplier 881,Supplier 881,INV-00881,INV-00881,2026-01-12,2026-01-12,24307,24307,4375.26,4375.26,1,1,2,EXACT_MATCH
07ABCDE3869F1Z5,07ABCDE3869F1Z5,Supplier 882,Supplier 882,INV-00882,INV-00882,2026-09-06,2026-09-06,76486,76486,13767.48,13767.48,1,1,2,EXACT_MATCH
07ABCDE9030F1Z5,07ABCDE9030F1Z5,Supplier 883,Supplier 883,INV-00883,INV-00883,2026-11-11,2026-11-11,23911,23911,4303.98,4303.98,1,1,2,EXACT_MATCH
07ABCDE3677F1Z5,07ABCDE3677F1Z5,Supplier 884,Supplier 884,INV-00884,INV-00884,2026-12-20,2026-12-20,64256,64256,11566.08,11566.08,1,1,2,EXACT_MATCH
07ABCDE9347F1Z5,07ABCDE9347F1Z5,Supplier 885,Supplier 885,INV-00885,INV-00885,2026-12-25,2026-12-25,29551,29551,5319.18,5319.18,1,1,2,EXACT_MATCH
07ABCDE1214F1Z5,07ABCDE1214F1Z5,Supplier 886,Supplier 886,INV-00886,INV-00886,2026-07-30,2026-07-30,58645,58645,10556.10,10556.10,1,1,2,EXACT_MATCH
07ABCDE7502F1Z5,07ABCDE7502F1Z5,Supplier 887,Supplier 887,INV-00887,INV-00887,2026-09-05,2026-09-05,26639,26639,4795.02,4795.02,1,1,2,EXACT_MATCH
07ABCDE3573F1Z5,07ABCDE3573F1Z5,Supplier 888,Supplier 888,INV-00888,INV-00888,2026-09-06,2026-09-06,81962,81962,14753.16,14753.16,1,1,2,EXACT_MATCH
07ABCDE6777F1Z5,07ABCDE6777F1Z5,Supplier 889,Supplier 889,INV-00889,INV-00889,2026-10-16,2026-10-16,55240,55240,9943.20,9943.20,1,1,2,EXACT_MATCH
07ABCDE3177F1Z5,07ABCDE3177F1Z5,Supplier 890,Supplier 890,INV-00890,INV-00890,2026-11-23,2026-11-23,55569,55569,10002.42,10002.42,1,1,2,EXACT_MATCH
07ABCDE6778F1Z5,07ABCDE6778F1Z5,Supplier 891,Supplier 891,INV-00891,INV-00891,2026-04-10,2026-04-10,13891,13891,2500.38,2500.38,1,1,2,EXACT_MATCH
07ABCDE2204F1Z5,07ABCDE2204F1Z5,Supplier 892,Supplier 892,INV-00892,INV-00892,2026-10-12,2026-10-12,87442,87442,15739.56,15739.56,1,1,2,EXACT_MATCH
07ABCDE8936F1Z5,07ABCDE8936F1Z5,Supplier 893,Supplier 893,INV-00893,INV-00893,2026-04-04,2026-04-04,4886,4886,879.48,879.48,1,1,2,EXACT_MATCH
07ABCDE2319F1Z5,07ABCDE2319F1Z5,Supplier 894,Supplier 894,INV-00894,INV-00894,2026-09-28,2026-09-28,80589,80589,14506.02,14506.02,1,1,2,EXACT_MATCH
07ABCDE9294F1Z5,07ABCDE9294F1Z5,Supplier 895,Supplier 895,INV-00895,INV-00895,2026-09-26,2026-09-26,46581,46581,8384.58,8384.58,1,1,2,EXACT_MATCH
07ABCDE8162F1Z5,07ABCDE8162F1Z5,Supplier 896,Supplier 896,INV-00896,INV-00896,2026-10-08,2026-10-08,69815,69815,12566.70,12566.70,1,1,2,EXACT_MATCH
07ABCDE1191F1Z5,07ABCDE1191F1Z5,Supplier 897,Supplier 897,INV-00897,INV-00897,2026-09-15,2026-09-15,71703,71703,12906.54,12906.54,1,1,2,EXACT_MATCH
07ABCDE6372F1Z5,07ABCDE6372F1Z5,Supplier 898,Supplier 898,INV-00898,INV-00898,2026-08-15,2026-08-15,98944,98944,17809.92,17809.92,1,1,2,EXACT_MATCH
07ABCDE8635F1Z5,07ABCDE8635F1Z5,Supplier 899,Supplier 899,INV-00899,INV-00899,2026-03-01,2026-03-01,13045,13045,2348.10,2348.10,1,1,2,EXACT_MATCH
07ABCDE7016F1Z5,07ABCDE7016F1Z5,Supplier 900,Supplier 900,INV-00900,INV-00900,2026-10-20,2026-10-20,14179,14179,2552.22,2552.22,1,1,2,EXACT_MATCH
07ABCDE2656F1Z5,07ABCDE2656F1Z5,Supplier 901,Supplier 901,INV-00901,INV-00901,2026-03-02,2026-03-02,17880,17880,3218.40,3218.40,1,1,2,EXACT_MATCH
07ABCDE1490F1Z5,07ABCDE1490F1Z5,Supplier 902,Supplier 902,INV-00902,INV-00902,2026-09-11,2026-09-11,28587,28587,5145.66,5145.66,1,1,2,EXACT_MATCH
07ABCDE3771F1Z5,07ABCDE3771F1Z5,Supplier 903,Supplier 903,INV-00903,INV-00903,2026-07-28,2026-07-28,31692,31692,5704.56,5704.56,1,1,2,EXACT_MATCH
07ABCDE3891F1Z5,07ABCDE3891F1Z5,Supplier 904,Supplier 904,INV-00904,INV-00904,2026-08-22,2026-08-22,70766,70766,12737.88,12737.88,1,1,2,EXACT_MATCH
07ABCDE4002F1Z5,07ABCDE4002F1Z5,Supplier 905,Supplier 905,INV-00905,INV-00905,2026-03-18,2026-03-18,67879,67879,12218.22,12218.22,1,1,2,EXACT_MATCH
07ABCDE2012F1Z5,07ABCDE2012F1Z5,Supplier 906,Supplier 906,INV-00906,INV-00906,2026-11-13,2026-11-13,23289,23289,4192.02,4192.02,1,1,2,EXACT_MATCH
07ABCDE3108F1Z5,07ABCDE3108F1Z5,Supplier 907,Supplier 907,INV-00907,INV-00907,2026-06-13,2026-06-13,26379,26379,4748.22,4748.22,1,1,2,EXACT_MATCH
07ABCDE2806F1Z5,07ABCDE2806F1Z5,Supplier 908,Supplier 908,INV-00908,INV-00908,2026-12-11,2026-12-11,15931,15931,2867.58,2867.58,1,1,2,EXACT_MATCH
07ABCDE8428F1Z5,07ABCDE8428F1Z5,Supplier 909,Supplier 909,INV-00909,INV-00909,2026-11-30,2026-11-30,68966,68966,12413.88,12413.88,1,1,2,EXACT_MATCH
07ABCDE5643F1Z5,07ABCDE5643F1Z5,Supplier 910,Supplier 910,INV-00910,INV-00910,2026-04-07,2026-04-07,21660,21660,3898.80,3898.80,1,1,2,EXACT_MATCH
07ABCDE4613F1Z5,07ABCDE4613F1Z5,Supplier 911,Supplier 911,INV-00911,INV-00911,2026-09-24,2026-09-24,96182,96182,17312.76,17312.76,1,1,2,EXACT_MATCH
07ABCDE9458F1Z5,07ABCDE9458F1Z5,Supplier 912,Supplier 912,INV-00912,INV-00912,2026-01-29,2026-01-29,32700,32700,5886.00,5886.00,1,1,2,EXACT_MATCH
07ABCDE3354F1Z5,07ABCDE3354F1Z5,Supplier 913,Supplier 913,INV-00913,INV-00913,2026-06-16,2026-06-16,62812,62812,11306.16,11306.16,1,1,2,EXACT_MATCH
07ABCDE3877F1Z5,07ABCDE3877F1Z5,Supplier 914,Supplier 914,INV-00914,INV-00914,2026-03-22,2026-03-22,58908,58908,10603.44,10603.44,1,1,2,EXACT_MATCH
07ABCDE6794F1Z5,07ABCDE6794F1Z5,Supplier 915,Supplier 915,INV-00915,INV-00915,2026-03-08,2026-03-08,94222,94222,16959.96,16959.96,1,1,2,EXACT_MATCH
07ABCDE9046F1Z5,07ABCDE9046F1Z5,Supplier 916,Supplier 916,INV-00916,INV-00916,2026-06-10,2026-06-10,33325,33325,5998.50,5998.50,1,1,2,EXACT_MATCH
07ABCDE5439F1Z5,07ABCDE5439F1Z5,Supplier 917,Supplier 917,INV-00917,INV-00917,2026-08-07,2026-08-07,35283,35283,6350.94,6350.94,1,1,2,EXACT_MATCH
07ABCDE2121F1Z5,07ABCDE2121F1Z5,Supplier 918,Supplier 918,INV-00918,INV-00918,2026-07-26,2026-07-26,40638,40638,7314.84,7314.84,1,1,2,EXACT_MATCH
07ABCDE6740F1Z5,07ABCDE6740F1Z5,Supplier 919,Supplier 919,INV-00919,INV-00919,2026-06-28,2026-06-28,2931,2931,527.58,527.58,1,1,2,EXACT_MATCH
07ABCDE1541F1Z5,07ABCDE1541F1Z5,Supplier 920,Supplier 920,INV-00920,INV-00920,2026-10-30,2026-10-30,41567,41567,7482.06,7482.06,1,1,2,EXACT_MATCH
07ABCDE7979F1Z5,07ABCDE7979F1Z5,Supplier 921,Supplier 921,INV-00921,INV-00921,2026-01-18,2026-01-18,84799,84799,15263.82,15263.82,1,1,2,EXACT_MATCH
07ABCDE8287F1Z5,07ABCDE8287F1Z5,Supplier 922,Supplier 922,INV-00922,INV-00922,2026-07-23,2026-07-23,99951,99951,17991.18,17991.18,1,1,2,EXACT_MATCH
07ABCDE8191F1Z5,07ABCDE8191F1Z5,Supplier 923,Supplier 923,INV-00923,INV-00923,2026-04-16,2026-04-16,65379,65379,11768.22,11768.22,1,1,2,EXACT_MATCH
07ABCDE2958F1Z5,07ABCDE2958F1Z5,Supplier 924,Supplier 924,INV-00924,INV-00924,2026-01-01,2026-01-01,1556,1556,280.08,280.08,1,1,2,EXACT_MATCH
07ABCDE2494F1Z5,07ABCDE2494F1Z5,Supplier 925,Supplier 925,INV-00925,INV-00925,2026-07-10,2026-07-10,1940,1940,349.20,349.20,1,1,2,EXACT_MATCH
07ABCDE7930F1Z5,07ABCDE7930F1Z5,Supplier 926,Supplier 926,INV-00926,INV-00926,2026-04-26,2026-04-26,95897,95897,17261.46,17261.46,1,1,2,EXACT_MATCH
07ABCDE8504F1Z5,07ABCDE8504F1Z5,Supplier 927,Supplier 927,INV-00927,INV-00927,2026-12-31,2026-12-31,67392,67392,12130.56,12130.56,1,1,2,EXACT_MATCH
07ABCDE1129F1Z5,07ABCDE1129F1Z5,Supplier 928,Supplier 928,INV-00928,INV-00928,2026-05-05,2026-05-05,98147,98147,17666.46,17666.46,1,1,2,EXACT_MATCH
07ABCDE7322F1Z5,07ABCDE7322F1Z5,Supplier 929,Supplier 929,INV-00929,INV-00929,2026-04-23,2026-04-23,90660,90660,16318.80,16318.80,1,1,2,EXACT_MATCH
07ABCDE8705F1Z5,07ABCDE8705F1Z5,Supplier 930,Supplier 930,INV-00930,INV-00930,2026-08-04,2026-08-04,56446,56446,10160.28,10160.28,1,1,2,EXACT_MATCH
07ABCDE3754F1Z5,07ABCDE3754F1Z5,Supplier 931,Supplier 931,INV-00931,INV-00931,2026-08-07,2026-08-07,11332,11332,2039.76,2039.76,1,1,2,EXACT_MATCH
07ABCDE9348F1Z5,07ABCDE9348F1Z5,Supplier 932,Supplier 932,INV-00932,INV-00932,2026-06-24,2026-06-24,97439,97439,17539.02,17539.02,1,1,2,EXACT_MATCH
07ABCDE7511F1Z5,07ABCDE7511F1Z5,Supplier 933,Supplier 933,INV-00933,INV-00933,2026-10-04,2026-10-04,2244,2244,403.92,403.92,1,1,2,EXACT_MATCH
07ABCDE5345F1Z5,07ABCDE5345F1Z5,Supplier 934,Supplier 934,INV-00934,INV-00934,2026-11-10,2026-11-10,46196,46196,8315.28,8315.28,1,1,2,EXACT_MATCH
07ABCDE4224F1Z5,07ABCDE4224F1Z5,Supplier 935,Supplier 935,INV-00935,INV-00935,2026-07-17,2026-07-17,72282,72282,13010.76,13010.76,1,1,2,EXACT_MATCH
07ABCDE9959F1Z5,07ABCDE9959F1Z5,Supplier 936,Supplier 936,INV-00936,INV-00936,2026-08-02,2026-08-02,75323,75323,13558.14,13558.14,1,1,2,EXACT_MATCH
07ABCDE1138F1Z5,07ABCDE1138F1Z5,Supplier 937,Supplier 937,INV-00937,INV-00937,2026-08-02,2026-08-02,16472,16472,2964.96,2964.96,1,1,2,EXACT_MATCH
07ABCDE2627F1Z5,07ABCDE2627F1Z5,Supplier 938,Supplier 938,INV-00938,INV-00938,2026-08-07,2026-08-07,16488,16488,2967.84,2967.84,1,1,2,EXACT_MATCH
07ABCDE3886F1Z5,07ABCDE3886F1Z5,Supplier 939,Supplier 939,INV-00939,INV-00939,2026-05-13,2026-05-13,32357,32357,5824.26,5824.26,1,1,2,EXACT_MATCH
07ABCDE4622F1Z5,07ABCDE4622F1Z5,Supplier 940,Supplier 940,INV-00940,INV-00940,2026-10-01,2026-10-01,30872,30872,5556.96,5556.96,1,1,2,EXACT_MATCH
07ABCDE8272F1Z5,07ABCDE8272F1Z5,Supplier 941,Supplier 941,INV-00941,INV-00941,2026-01-10,2026-01-10,26027,26027,4684.86,4684.86,1,1,2,EXACT_MATCH
07ABCDE4865F1Z5,07ABCDE4865F1Z5,Supplier 942,Supplier 942,INV-00942,INV-00942,2026-08-19,2026-08-19,69869,69869,12576.42,12576.42,1,1,2,EXACT_MATCH
07ABCDE6099F1Z5,07ABCDE6099F1Z5,Supplier 943,Supplier 943,INV-00943,INV-00943,2026-06-17,2026-06-17,67547,67547,12158.46,12158.46,1,1,2,EXACT_MATCH
07ABCDE7620F1Z5,07ABCDE7620F1Z5,Supplier 944,Supplier 944,INV-00944,INV-00944,2026-11-03,2026-11-03,49251,49251,8865.18,8865.18,1,1,2,EXACT_MATCH
07ABCDE7342F1Z5,07ABCDE7342F1Z5,Supplier 945,Supplier 945,INV-00945,INV-00945,2026-08-03,2026-08-03,88953,88953,16011.54,16011.54,1,1,2,EXACT_MATCH
07ABCDE2549F1Z5,07ABCDE2549F1Z5,Supplier 946,Supplier 946,INV-00946,INV-00946,2026-08-27,2026-08-27,63878,63878,11498.04,11498.04,1,1,2,EXACT_MATCH
07ABCDE1245F1Z5,07ABCDE1245F1Z5,Supplier 947,Supplier 947,INV-00947,INV-00947,2026-05-15,2026-05-15,28399,28399,5111.82,5111.82,1,1,2,EXACT_MATCH
07ABCDE5700F1Z5,07ABCDE5700F1Z5,Supplier 948,Supplier 948,INV-00948,INV-00948,2026-03-16,2026-03-16,96618,96618,17391.24,17391.24,1,1,2,EXACT_MATCH
07ABCDE4579F1Z5,07ABCDE4579F1Z5,Supplier 949,Supplier 949,INV-00949,INV-00949,2026-04-08,2026-04-08,27863,27863,5015.34,5015.34,1,1,2,EXACT_MATCH
07ABCDE6441F1Z5,07ABCDE6441F1Z5,Supplier 950,Supplier 950,INV-00950,INV-00950,2026-01-12,2026-01-12,99425,99425,17896.50,17896.50,1,1,2,EXACT_MATCH
07ABCDE6068F1Z5,07ABCDE6068F1Z5,Supplier 951,Supplier 951,INV-00951,INV-00951,2026-07-21,2026-07-21,37890,37890,6820.20,6820.20,1,1,2,EXACT_MATCH
07ABCDE3146F1Z5,07ABCDE3146F1Z5,Supplier 952,Supplier 952,INV-00952,INV-00952,2026-09-26,2026-09-26,62468,62468,11244.24,11244.24,1,1,2,EXACT_MATCH
07ABCDE2011F1Z5,07ABCDE2011F1Z5,Supplier 953,Supplier 953,INV-00953,INV-00953,2026-12-09,2026-12-09,51169,51169,9210.42,9210.42,1,1,2,EXACT_MATCH
07ABCDE9295F1Z5,07ABCDE9295F1Z5,Supplier 954,Supplier 954,INV-00954,INV-00954,2026-09-02,2026-09-02,99839,99839,17971.02,17971.02,1,1,2,EXACT_MATCH
07ABCDE2207F1Z5,07ABCDE2207F1Z5,Supplier 955,Supplier 955,INV-00955,INV-00955,2026-03-09,2026-03-09,66568,66568,11982.24,11982.24,1,1,2,EXACT_MATCH
07ABCDE4155F1Z5,07ABCDE4155F1Z5,Supplier 956,Supplier 956,INV-00956,INV-00956,2026-01-19,2026-01-19,87323,87323,15718.14,15718.14,1,1,2,EXACT_MATCH
07ABCDE5102F1Z5,07ABCDE5102F1Z5,Supplier 957,Supplier 957,INV-00957,INV-00957,2026-04-25,2026-04-25,77703,77703,13986.54,13986.54,1,1,2,EXACT_MATCH
07ABCDE6068F1Z5,07ABCDE6068F1Z5,Supplier 958,Supplier 958,INV-00958,INV-00958,2026-01-26,2026-01-26,94736,94736,17052.48,17052.48,1,1,2,EXACT_MATCH
07ABCDE8612F1Z5,07ABCDE8612F1Z5,Supplier 959,Supplier 959,INV-00959,INV-00959,2026-09-10,2026-09-10,26459,26459,4762.62,4762.62,1,1,2,EXACT_MATCH
07ABCDE6803F1Z5,07ABCDE6803F1Z5,Supplier 960,Supplier 960,INV-00960,INV-00960,2026-07-21,2026-07-21,29940,29940,5389.20,5389.20,1,1,2,EXACT_MATCH
07ABCDE1162F1Z5,07ABCDE1162F1Z5,Supplier 961,Supplier 961,INV-00961,INV-00961,2026-07-24,2026-07-24,11638,11638,2094.84,2094.84,1,1,2,EXACT_MATCH
07ABCDE4337F1Z5,07ABCDE4337F1Z5,Supplier 962,Supplier 962,INV-00962,INV-00962,2026-05-04,2026-05-04,48801,48801,8784.18,8784.18,1,1,2,EXACT_MATCH
07ABCDE7038F1Z5,07ABCDE7038F1Z5,Supplier 963,Supplier 963,INV-00963,INV-00963,2026-07-28,2026-07-28,39787,39787,7161.66,7161.66,1,1,2,EXACT_MATCH
07ABCDE4342F1Z5,07ABCDE4342F1Z5,Supplier 964,Supplier 964,INV-00964,INV-00964,2026-03-30,2026-03-30,39573,39573,7123.14,7123.14,1,1,2,EXACT_MATCH
07ABCDE2917F1Z5,07ABCDE2917F1Z5,Supplier 965,Supplier 965,INV-00965,INV-00965,2026-07-13,2026-07-13,84930,84930,15287.40,15287.40,1,1,2,EXACT_MATCH
07ABCDE4598F1Z5,07ABCDE4598F1Z5,Supplier 966,Supplier 966,INV-00966,INV-00966,2026-02-27,2026-02-27,45910,45910,8263.80,8263.80,1,1,2,EXACT_MATCH
07ABCDE2774F1Z5,07ABCDE2774F1Z5,Supplier 967,Supplier 967,INV-00967,INV-00967,2026-08-06,2026-08-06,46946,46946,8450.28,8450.28,1,1,2,EXACT_MATCH
07ABCDE1773F1Z5,07ABCDE1773F1Z5,Supplier 968,Supplier 968,INV-00968,INV-00968,2026-10-20,2026-10-20,77152,77152,13887.36,13887.36,1,1,2,EXACT_MATCH
07ABCDE1943F1Z5,07ABCDE1943F1Z5,Supplier 969,Supplier 969,INV-00969,INV-00969,2026-12-19,2026-12-19,83226,83226,14980.68,14980.68,1,1,2,EXACT_MATCH
07ABCDE3707F1Z5,07ABCDE3707F1Z5,Supplier 970,Supplier 970,INV-00970,INV-00970,2026-05-25,2026-05-25,22026,22026,3964.68,3964.68,1,1,2,EXACT_MATCH
07ABCDE4492F1Z5,07ABCDE4492F1Z5,Supplier 971,Supplier 971,INV-00971,INV-00971,2026-05-30,2026-05-30,17267,17267,3108.06,3108.06,1,1,2,EXACT_MATCH
07ABCDE4235F1Z5,07ABCDE4235F1Z5,Supplier 972,Supplier 972,INV-00972,INV-00972,2026-03-19,2026-03-19,96940,96940,17449.20,17449.20,1,1,2,EXACT_MATCH
07ABCDE2452F1Z5,07ABCDE2452F1Z5,Supplier 973,Supplier 973,INV-00973,INV-00973,2026-05-10,2026-05-10,43799,43799,7883.82,7883.82,1,1,2,EXACT_MATCH
07ABCDE4499F1Z5,07ABCDE4499F1Z5,Supplier 974,Supplier 974,INV-00974,INV-00974,2026-08-11,2026-08-11,73086,73086,13155.48,13155.48,1,1,2,EXACT_MATCH
07ABCDE5917F1Z5,07ABCDE5917F1Z5,Supplier 975,Supplier 975,INV-00975,INV-00975,2026-04-02,2026-04-02,20703,20703,3726.54,3726.54,1,1,2,EXACT_MATCH
07ABCDE3799F1Z5,07ABCDE3799F1Z5,Supplier 976,Supplier 976,INV-00976,INV-00976,2026-11-11,2026-11-11,13293,13293,2392.74,2392.74,1,1,2,EXACT_MATCH
07ABCDE7951F1Z5,07ABCDE7951F1Z5,Supplier 977,Supplier 977,INV-00977,INV-00977,2026-10-08,2026-10-08,6701,6701,1206.18,1206.18,1,1,2,EXACT_MATCH
07ABCDE2916F1Z5,07ABCDE2916F1Z5,Supplier 978,Supplier 978,INV-00978,INV-00978,2026-04-17,2026-04-17,73564,73564,13241.52,13241.52,1,1,2,EXACT_MATCH
07ABCDE2310F1Z5,07ABCDE2310F1Z5,Supplier 979,Supplier 979,INV-00979,INV-00979,2026-07-17,2026-07-17,80439,80439,14479.02,14479.02,1,1,2,EXACT_MATCH
07ABCDE4732F1Z5,07ABCDE4732F1Z5,Supplier 980,Supplier 980,INV-00980,INV-00980,2026-12-15,2026-12-15,17499,17499,3149.82,3149.82,1,1,2,EXACT_MATCH
07ABCDE5732F1Z5,07ABCDE5732F1Z5,Supplier 981,Supplier 981,INV-00981,INV-00981,2026-02-09,2026-02-09,40268,40268,7248.24,7248.24,1,1,2,EXACT_MATCH
07ABCDE2263F1Z5,07ABCDE2263F1Z5,Supplier 982,Supplier 982,INV-00982,INV-00982,2026-10-04,2026-10-04,46719,46719,8409.42,8409.42,1,1,2,EXACT_MATCH
07ABCDE5586F1Z5,07ABCDE5586F1Z5,Supplier 983,Supplier 983,INV-00983,INV-00983,2026-10-28,2026-10-28,51123,51123,9202.14,9202.14,1,1,2,EXACT_MATCH
07ABCDE5984F1Z5,07ABCDE5984F1Z5,Supplier 984,Supplier 984,INV-00984,INV-00984,2026-11-24,2026-11-24,69395,69395,12491.10,12491.10,1,1,2,EXACT_MATCH
07ABCDE7500F1Z5,07ABCDE7500F1Z5,Supplier 985,Supplier 985,INV-00985,INV-00985,2026-05-28,2026-05-28,34868,34868,6276.24,6276.24,1,1,2,EXACT_MATCH
07ABCDE6064F1Z5,07ABCDE6064F1Z5,Supplier 986,Supplier 986,INV-00986,INV-00986,2026-09-21,2026-09-21,83571,83571,15042.78,15042.78,1,1,2,EXACT_MATCH
07ABCDE9604F1Z5,07ABCDE9604F1Z5,Supplier 987,Supplier 987,INV-00987,INV-00987,2026-02-20,2026-02-20,12228,12228,2201.04,2201.04,1,1,2,EXACT_MATCH
07ABCDE5413F1Z5,07ABCDE5413F1Z5,Supplier 988,Supplier 988,INV-00988,INV-00988,2026-09-15,2026-09-15,3249,3249,584.82,584.82,1,1,2,EXACT_MATCH
07ABCDE8222F1Z5,07ABCDE8222F1Z5,Supplier 989,Supplier 989,INV-00989,INV-00989,2026-11-30,2026-11-30,8159,8159,1468.62,1468.62,1,1,2,EXACT_MATCH
07ABCDE7581F1Z5,07ABCDE7581F1Z5,Supplier 990,Supplier 990,INV-00990,INV-00990,2026-10-12,2026-10-12,60845,60845,10952.10,10952.10,1,1,2,EXACT_MATCH
07ABCDE3294F1Z5,07ABCDE3294F1Z5,Supplier 991,Supplier 991,INV-00991,INV-00991,2026-02-04,2026-02-04,5206,5206,937.08,937.08,1,1,2,EXACT_MATCH
07ABCDE3770F1Z5,07ABCDE3770F1Z5,Supplier 992,Supplier 992,INV-00992,INV-00992,2026-03-19,2026-03-19,68415,68415,12314.70,12314.70,1,1,2,EXACT_MATCH
07ABCDE4415F1Z5,07ABCDE4415F1Z5,Supplier 993,Supplier 993,INV-00993,INV-00993,2026-10-24,2026-10-24,96462,96462,17363.16,17363.16,1,1,2,EXACT_MATCH
07ABCDE3388F1Z5,07ABCDE3388F1Z5,Supplier 994,Supplier 994,INV-00994,INV-00994,2027-01-01,2027-01-01,92315,92315,16616.70,16616.70,1,1,2,EXACT_MATCH
07ABCDE7249F1Z5,07ABCDE7249F1Z5,Supplier 995,Supplier 995,INV-00995,INV-00995,2026-01-31,2026-01-31,7951,7951,1431.18,1431.18,1,1,2,EXACT_MATCH
07ABCDE9925F1Z5,07ABCDE9925F1Z5,Supplier 996,Supplier 996,INV-00996,INV-00996,2026-07-07,2026-07-07,62914,62914,11324.52,11324.52,1,1,2,EXACT_MATCH
07ABCDE4606F1Z5,07ABCDE4606F1Z5,Supplier 997,Supplier 997,INV-00997,INV-00997,2026-03-24,2026-03-24,7476,7476,1345.68,1345.68,1,1,2,EXACT_MATCH
07ABCDE5949F1Z5,07ABCDE5949F1Z5,Supplier 998,Supplier 998,INV-00998,INV-00998,2026-11-29,2026-11-29,25562,25562,4601.16,4601.16,1,1,2,EXACT_MATCH
07ABCDE4075F1Z5,07ABCDE4075F1Z5,Supplier 999,Supplier 999,INV-00999,INV-00999,2026-01-20,2026-01-20,52087,52087,9375.66,9375.66,1,1,2,EXACT_MATCH
07ABCDE9571F1Z5,07ABCDE9571F1Z5,Supplier 1000,Supplier 1000,INV-01000,INV-01000,2026-09-27,2026-09-27,41783,41783,7520.94,7520.94,1,1,2,EXACT_MATCH
07ABCDE4734F1Z5,07ABCDE4734F1Z5,Supplier 1001,Supplier 1001,INV-01001,INV-01001,2026-08-20,2026-08-20,4186,4186,753.48,753.48,1,1,2,EXACT_MATCH
07ABCDE9646F1Z5,07ABCDE9646F1Z5,Supplier 1002,Supplier 1002,INV-01002,INV-01002,2026-11-12,2026-11-12,82323,82323,14818.14,14818.14,1,1,2,EXACT_MATCH
07ABCDE5768F1Z5,07ABCDE5768F1Z5,Supplier 1003,Supplier 1003,INV-01003,INV-01003,2026-12-01,2026-12-01,8226,8226,1480.68,1480.68,1,1,2,EXACT_MATCH
07ABCDE2947F1Z5,07ABCDE2947F1Z5,Supplier 1004,Supplier 1004,INV-01004,INV-01004,2026-10-05,2026-10-05,4509,4509,811.62,811.62,1,1,2,EXACT_MATCH
07ABCDE1790F1Z5,07ABCDE1790F1Z5,Supplier 1005,Supplier 1005,INV-01005,INV-01005,2026-09-11,2026-09-11,60763,60763,10937.34,10937.34,1,1,2,EXACT_MATCH
07ABCDE8675F1Z5,07ABCDE8675F1Z5,Supplier 1006,Supplier 1006,INV-01006,INV-01006,2026-09-16,2026-09-16,42801,42801,7704.18,7704.18,1,1,2,EXACT_MATCH
07ABCDE9857F1Z5,07ABCDE9857F1Z5,Supplier 1007,Supplier 1007,INV-01007,INV-01007,2026-03-31,2026-03-31,74577,74577,13423.86,13423.86,1,1,2,EXACT_MATCH
07ABCDE9835F1Z5,07ABCDE9835F1Z5,Supplier 1008,Supplier 1008,INV-01008,INV-01008,2026-08-22,2026-08-22,90928,90928,16367.04,16367.04,1,1,2,EXACT_MATCH
07ABCDE1374F1Z5,07ABCDE1374F1Z5,Supplier 1009,Supplier 1009,INV-01009,INV-01009,2026-05-09,2026-05-09,66418,66418,11955.24,11955.24,1,1,2,EXACT_MATCH
07ABCDE5448F1Z5,07ABCDE5448F1Z5,Supplier 1010,Supplier 1010,INV-01010,INV-01010,2026-02-04,2026-02-04,18732,18732,3371.76,3371.76,1,1,2,EXACT_MATCH
07ABCDE2779F1Z5,07ABCDE2779F1Z5,Supplier 1011,Supplier 1011,INV-01011,INV-01011,2026-07-18,2026-07-18,76703,76703,13806.54,13806.54,1,1,2,EXACT_MATCH
07ABCDE9923F1Z5,07ABCDE9923F1Z5,Supplier 1012,Supplier 1012,INV-01012,INV-01012,2026-05-17,2026-05-17,27643,27643,4975.74,4975.74,1,1,2,EXACT_MATCH
07ABCDE7439F1Z5,07ABCDE7439F1Z5,Supplier 1013,Supplier 1013,INV-01013,INV-01013,2026-03-02,2026-03-02,49415,49415,8894.70,8894.70,1,1,2,EXACT_MATCH
07ABCDE3102F1Z5,07ABCDE3102F1Z5,Supplier 1014,Supplier 1014,INV-01014,INV-01014,2026-07-16,2026-07-16,48243,48243,8683.74,8683.74,1,1,2,EXACT_MATCH
07ABCDE4958F1Z5,07ABCDE4958F1Z5,Supplier 1015,Supplier 1015,INV-01015,INV-01015,2026-10-30,2026-10-30,13172,13172,2370.96,2370.96,1,1,2,EXACT_MATCH
07ABCDE1189F1Z5,07ABCDE1189F1Z5,Supplier 1016,Supplier 1016,INV-01016,INV-01016,2026-09-25,2026-09-25,73554,73554,13239.72,13239.72,1,1,2,EXACT_MATCH
07ABCDE9345F1Z5,07ABCDE9345F1Z5,Supplier 1017,Supplier 1017,INV-01017,INV-01017,2026-08-28,2026-08-28,13733,13733,2471.94,2471.94,1,1,2,EXACT_MATCH
07ABCDE8681F1Z5,07ABCDE8681F1Z5,Supplier 1018,Supplier 1018,INV-01018,INV-01018,2026-09-12,2026-09-12,58692,58692,10564.56,10564.56,1,1,2,EXACT_MATCH
07ABCDE3345F1Z5,07ABCDE3345F1Z5,Supplier 1019,Supplier 1019,INV-01019,INV-01019,2026-09-16,2026-09-16,97646,97646,17576.28,17576.28,1,1,2,EXACT_MATCH
07ABCDE7318F1Z5,07ABCDE7318F1Z5,Supplier 1020,Supplier 1020,INV-01020,INV-01020,2026-11-01,2026-11-01,1635,1635,294.30,294.30,1,1,2,EXACT_MATCH
07ABCDE5457F1Z5,07ABCDE5457F1Z5,Supplier 1021,Supplier 1021,INV-01021,INV-01021,2026-06-22,2026-06-22,61870,61870,11136.60,11136.60,1,1,2,EXACT_MATCH
07ABCDE3381F1Z5,07ABCDE3381F1Z5,Supplier 1022,Supplier 1022,INV-01022,INV-01022,2026-08-28,2026-08-28,75759,75759,13636.62,13636.62,1,1,2,EXACT_MATCH
07ABCDE1158F1Z5,07ABCDE1158F1Z5,Supplier 1023,Supplier 1023,INV-01023,INV-01023,2026-10-25,2026-10-25,87385,87385,15729.30,15729.30,1,1,2,EXACT_MATCH
07ABCDE1687F1Z5,07ABCDE1687F1Z5,Supplier 1024,Supplier 1024,INV-01024,INV-01024,2026-09-11,2026-09-11,99474,99474,17905.32,17905.32,1,1,2,EXACT_MATCH
07ABCDE8958F1Z5,07ABCDE8958F1Z5,Supplier 1025,Supplier 1025,INV-01025,INV-01025,2026-06-29,2026-06-29,16575,16575,2983.50,2983.50,1,1,2,EXACT_MATCH
07ABCDE5483F1Z5,07ABCDE5483F1Z5,Supplier 1026,Supplier 1026,INV-01026,INV-01026,2026-03-02,2026-03-02,73820,73820,13287.60,13287.60,1,1,2,EXACT_MATCH
07ABCDE8929F1Z5,07ABCDE8929F1Z5,Supplier 1027,Supplier 1027,INV-01027,INV-01027,2026-06-02,2026-06-02,96057,96057,17290.26,17290.26,1,1,2,EXACT_MATCH
07ABCDE9647F1Z5,07ABCDE9647F1Z5,Supplier 1028,Supplier 1028,INV-01028,INV-01028,2026-07-23,2026-07-23,35035,35035,6306.30,6306.30,1,1,2,EXACT_MATCH
07ABCDE2014F1Z5,07ABCDE2014F1Z5,Supplier 1029,Supplier 1029,INV-01029,INV-01029,2026-06-20,2026-06-20,99151,99151,17847.18,17847.18,1,1,2,EXACT_MATCH
07ABCDE5710F1Z5,07ABCDE5710F1Z5,Supplier 1030,Supplier 1030,INV-01030,INV-01030,2026-04-01,2026-04-01,17882,17882,3218.76,3218.76,1,1,2,EXACT_MATCH
07ABCDE3351F1Z5,07ABCDE3351F1Z5,Supplier 1031,Supplier 1031,INV-01031,INV-01031,2026-06-11,2026-06-11,59034,59034,10626.12,10626.12,1,1,2,EXACT_MATCH
07ABCDE1783F1Z5,07ABCDE1783F1Z5,Supplier 1032,Supplier 1032,INV-01032,INV-01032,2026-06-06,2026-06-06,44053,44053,7929.54,7929.54,1,1,2,EXACT_MATCH
07ABCDE4575F1Z5,07ABCDE4575F1Z5,Supplier 1033,Supplier 1033,INV-01033,INV-01033,2026-12-05,2026-12-05,9256,9256,1666.08,1666.08,1,1,2,EXACT_MATCH
07ABCDE3343F1Z5,07ABCDE3343F1Z5,Supplier 1034,Supplier 1034,INV-01034,INV-01034,2026-11-20,2026-11-20,72437,72437,13038.66,13038.66,1,1,2,EXACT_MATCH
07ABCDE7303F1Z5,07ABCDE7303F1Z5,Supplier 1035,Supplier 1035,INV-01035,INV-01035,2026-10-05,2026-10-05,17569,17569,3162.42,3162.42,1,1,2,EXACT_MATCH
07ABCDE3785F1Z5,07ABCDE3785F1Z5,Supplier 1036,Supplier 1036,INV-01036,INV-01036,2026-11-06,2026-11-06,60910,60910,10963.80,10963.80,1,1,2,EXACT_MATCH
07ABCDE1033F1Z5,07ABCDE1033F1Z5,Supplier 1037,Supplier 1037,INV-01037,INV-01037,2026-03-21,2026-03-21,24681,24681,4442.58,4442.58,1,1,2,EXACT_MATCH
07ABCDE6331F1Z5,07ABCDE6331F1Z5,Supplier 1038,Supplier 1038,INV-01038,INV-01038,2026-01-03,2026-01-03,61487,61487,11067.66,11067.66,1,1,2,EXACT_MATCH
07ABCDE5957F1Z5,07ABCDE5957F1Z5,Supplier 1039,Supplier 1039,INV-01039,INV-01039,2026-09-24,2026-09-24,55556,55556,10000.08,10000.08,1,1,2,EXACT_MATCH
07ABCDE4116F1Z5,07ABCDE4116F1Z5,Supplier 1040,Supplier 1040,INV-01040,INV-01040,2026-12-29,2026-12-29,60354,60354,10863.72,10863.72,1,1,2,EXACT_MATCH
07ABCDE1086F1Z5,07ABCDE1086F1Z5,Supplier 1041,Supplier 1041,INV-01041,INV-01041,2026-03-13,2026-03-13,10150,10150,1827.00,1827.00,1,1,2,EXACT_MATCH
07ABCDE2994F1Z5,07ABCDE2994F1Z5,Supplier 1042,Supplier 1042,INV-01042,INV-01042,2026-12-26,2026-12-26,65154,65154,11727.72,11727.72,1,1,2,EXACT_MATCH
07ABCDE5769F1Z5,07ABCDE5769F1Z5,Supplier 1043,Supplier 1043,INV-01043,INV-01043,2026-07-08,2026-07-08,59773,59773,10759.14,10759.14,1,1,2,EXACT_MATCH
07ABCDE7311F1Z5,07ABCDE7311F1Z5,Supplier 1044,Supplier 1044,INV-01044,INV-01044,2026-02-05,2026-02-05,69852,69852,12573.36,12573.36,1,1,2,EXACT_MATCH
07ABCDE7024F1Z5,07ABCDE7024F1Z5,Supplier 1045,Supplier 1045,INV-01045,INV-01045,2026-10-23,2026-10-23,48449,48449,8720.82,8720.82,1,1,2,EXACT_MATCH
07ABCDE3216F1Z5,07ABCDE3216F1Z5,Supplier 1046,Supplier 1046,INV-01046,INV-01046,2026-12-24,2026-12-24,69223,69223,12460.14,12460.14,1,1,2,EXACT_MATCH
07ABCDE9152F1Z5,07ABCDE9152F1Z5,Supplier 1047,Supplier 1047,INV-01047,INV-01047,2026-05-31,2026-05-31,23842,23842,4291.56,4291.56,1,1,2,EXACT_MATCH
07ABCDE9644F1Z5,07ABCDE9644F1Z5,Supplier 1048,Supplier 1048,INV-01048,INV-01048,2026-01-28,2026-01-28,75981,75981,13676.58,13676.58,1,1,2,EXACT_MATCH
07ABCDE5789F1Z5,07ABCDE5789F1Z5,Supplier 1049,Supplier 1049,INV-01049,INV-01049,2026-04-30,2026-04-30,1274,1274,229.32,229.32,1,1,2,EXACT_MATCH
07ABCDE6867F1Z5,07ABCDE6867F1Z5,Supplier 1050,Supplier 1050,INV-01050,INV-01050,2026-03-08,2026-03-08,71001,71001,12780.18,12780.18,1,1,2,EXACT_MATCH
07ABCDE7126F1Z5,07ABCDE7126F1Z5,Supplier 1051,Supplier 1051,INV-01051,INV-01051,2026-10-14,2026-10-14,30156,30156,5428.08,5428.08,1,1,2,EXACT_MATCH
07ABCDE5957F1Z5,07ABCDE5957F1Z5,Supplier 1052,Supplier 1052,INV-01052,INV-01052,2026-10-30,2026-10-30,72575,72575,13063.50,13063.50,1,1,2,EXACT_MATCH
07ABCDE8320F1Z5,07ABCDE8320F1Z5,Supplier 1053,Supplier 1053,INV-01053,INV-01053,2026-04-07,2026-04-07,52674,52674,9481.32,9481.32,1,1,2,EXACT_MATCH
07ABCDE2546F1Z5,07ABCDE2546F1Z5,Supplier 1054,Supplier 1054,INV-01054,INV-01054,2026-09-26,2026-09-26,2540,2540,457.20,457.20,1,1,2,EXACT_MATCH
07ABCDE1115F1Z5,07ABCDE1115F1Z5,Supplier 1055,Supplier 1055,INV-01055,INV-01055,2026-07-29,2026-07-29,56268,56268,10128.24,10128.24,1,1,2,EXACT_MATCH
07ABCDE6174F1Z5,07ABCDE6174F1Z5,Supplier 1056,Supplier 1056,INV-01056,INV-01056,2026-03-01,2026-03-01,59252,59252,10665.36,10665.36,1,1,2,EXACT_MATCH
07ABCDE7240F1Z5,07ABCDE7240F1Z5,Supplier 1057,Supplier 1057,INV-01057,INV-01057,2026-12-25,2026-12-25,53431,53431,9617.58,9617.58,1,1,2,EXACT_MATCH
07ABCDE8248F1Z5,07ABCDE8248F1Z5,Supplier 1058,Supplier 1058,INV-01058,INV-01058,2026-06-17,2026-06-17,38491,38491,6928.38,6928.38,1,1,2,EXACT_MATCH
07ABCDE6574F1Z5,07ABCDE6574F1Z5,Supplier 1059,Supplier 1059,INV-01059,INV-01059,2027-01-01,2027-01-01,89965,89965,16193.70,16193.70,1,1,2,EXACT_MATCH
07ABCDE4733F1Z5,07ABCDE4733F1Z5,Supplier 1060,Supplier 1060,INV-01060,INV-01060,2026-01-14,2026-01-14,18306,18306,3295.08,3295.08,1,1,2,EXACT_MATCH
07ABCDE9895F1Z5,07ABCDE9895F1Z5,Supplier 1061,Supplier 1061,INV-01061,INV-01061,2026-05-24,2026-05-24,25842,25842,4651.56,4651.56,1,1,2,EXACT_MATCH
07ABCDE3725F1Z5,07ABCDE3725F1Z5,Supplier 1062,Supplier 1062,INV-01062,INV-01062,2026-10-27,2026-10-27,86668,86668,15600.24,15600.24,1,1,2,EXACT_MATCH
07ABCDE2443F1Z5,07ABCDE2443F1Z5,Supplier 1063,Supplier 1063,INV-01063,INV-01063,2026-04-30,2026-04-30,55315,55315,9956.70,9956.70,1,1,2,EXACT_MATCH
07ABCDE4038F1Z5,07ABCDE4038F1Z5,Supplier 1064,Supplier 1064,INV-01064,INV-01064,2026-08-17,2026-08-17,77752,77752,13995.36,13995.36,1,1,2,EXACT_MATCH
07ABCDE5807F1Z5,07ABCDE5807F1Z5,Supplier 1065,Supplier 1065,INV-01065,INV-01065,2026-11-10,2026-11-10,31436,31436,5658.48,5658.48,1,1,2,EXACT_MATCH
07ABCDE8087F1Z5,07ABCDE8087F1Z5,Supplier 1066,Supplier 1066,INV-01066,INV-01066,2026-02-04,2026-02-04,2426,2426,436.68,436.68,1,1,2,EXACT_MATCH
07ABCDE3472F1Z5,07ABCDE3472F1Z5,Supplier 1067,Supplier 1067,INV-01067,INV-01067,2026-11-01,2026-11-01,32808,32808,5905.44,5905.44,1,1,2,EXACT_MATCH
07ABCDE7887F1Z5,07ABCDE7887F1Z5,Supplier 1068,Supplier 1068,INV-01068,INV-01068,2026-05-03,2026-05-03,22799,22799,4103.82,4103.82,1,1,2,EXACT_MATCH
07ABCDE9462F1Z5,07ABCDE9462F1Z5,Supplier 1069,Supplier 1069,INV-01069,INV-01069,2026-12-25,2026-12-25,78544,78544,14137.92,14137.92,1,1,2,EXACT_MATCH
07ABCDE4983F1Z5,07ABCDE4983F1Z5,Supplier 1070,Supplier 1070,INV-01070,INV-01070,2026-09-25,2026-09-25,82320,82320,14817.60,14817.60,1,1,2,EXACT_MATCH
07ABCDE9888F1Z5,07ABCDE9888F1Z5,Supplier 1071,Supplier 1071,INV-01071,INV-01071,2026-12-21,2026-12-21,66794,66794,12022.92,12022.92,1,1,2,EXACT_MATCH
07ABCDE9372F1Z5,07ABCDE9372F1Z5,Supplier 1072,Supplier 1072,INV-01072,INV-01072,2026-08-30,2026-08-30,63704,63704,11466.72,11466.72,1,1,2,EXACT_MATCH
07ABCDE4157F1Z5,07ABCDE4157F1Z5,Supplier 1073,Supplier 1073,INV-01073,INV-01073,2026-01-25,2026-01-25,52934,52934,9528.12,9528.12,1,1,2,EXACT_MATCH
07ABCDE9782F1Z5,07ABCDE9782F1Z5,Supplier 1074,Supplier 1074,INV-01074,INV-01074,2026-12-08,2026-12-08,3965,3965,713.70,713.70,1,1,2,EXACT_MATCH
07ABCDE9011F1Z5,07ABCDE9011F1Z5,Supplier 1075,Supplier 1075,INV-01075,INV-01075,2026-11-05,2026-11-05,77673,77673,13981.14,13981.14,1,1,2,EXACT_MATCH
07ABCDE1447F1Z5,07ABCDE1447F1Z5,Supplier 1076,Supplier 1076,INV-01076,INV-01076,2026-05-24,2026-05-24,35848,35848,6452.64,6452.64,1,1,2,EXACT_MATCH
07ABCDE6465F1Z5,07ABCDE6465F1Z5,Supplier 1077,Supplier 1077,INV-01077,INV-01077,2026-09-20,2026-09-20,43198,43198,7775.64,7775.64,1,1,2,EXACT_MATCH
07ABCDE8356F1Z5,07ABCDE8356F1Z5,Supplier 1078,Supplier 1078,INV-01078,INV-01078,2026-06-19,2026-06-19,18528,18528,3335.04,3335.04,1,1,2,EXACT_MATCH
07ABCDE3380F1Z5,07ABCDE3380F1Z5,Supplier 1079,Supplier 1079,INV-01079,INV-01079,2026-03-18,2026-03-18,46351,46351,8343.18,8343.18,1,1,2,EXACT_MATCH
07ABCDE3776F1Z5,07ABCDE3776F1Z5,Supplier 1080,Supplier 1080,INV-01080,INV-01080,2026-12-21,2026-12-21,33636,33636,6054.48,6054.48,1,1,2,EXACT_MATCH
07ABCDE8801F1Z5,07ABCDE8801F1Z5,Supplier 1081,Supplier 1081,INV-01081,INV-01081,2026-08-28,2026-08-28,13467,13467,2424.06,2424.06,1,1,2,EXACT_MATCH
07ABCDE4620F1Z5,07ABCDE4620F1Z5,Supplier 1082,Supplier 1082,INV-01082,INV-01082,2026-12-14,2026-12-14,11882,11882,2138.76,2138.76,1,1,2,EXACT_MATCH
07ABCDE5127F1Z5,07ABCDE5127F1Z5,Supplier 1083,Supplier 1083,INV-01083,INV-01083,2026-12-24,2026-12-24,57383,57383,10328.94,10328.94,1,1,2,EXACT_MATCH
07ABCDE1620F1Z5,07ABCDE1620F1Z5,Supplier 1084,Supplier 1084,INV-01084,INV-01084,2026-01-04,2026-01-04,70945,70945,12770.10,12770.10,1,1,2,EXACT_MATCH
07ABCDE1522F1Z5,07ABCDE1522F1Z5,Supplier 1085,Supplier 1085,INV-01085,INV-01085,2026-04-07,2026-04-07,37055,37055,6669.90,6669.90,1,1,2,EXACT_MATCH
07ABCDE4821F1Z5,07ABCDE4821F1Z5,Supplier 1086,Supplier 1086,INV-01086,INV-01086,2026-11-24,2026-11-24,75632,75632,13613.76,13613.76,1,1,2,EXACT_MATCH
07ABCDE2324F1Z5,07ABCDE2324F1Z5,Supplier 1087,Supplier 1087,INV-01087,INV-01087,2026-11-01,2026-11-01,12132,12132,2183.76,2183.76,1,1,2,EXACT_MATCH
07ABCDE4386F1Z5,07ABCDE4386F1Z5,Supplier 1088,Supplier 1088,INV-01088,INV-01088,2026-11-04,2026-11-04,46713,46713,8408.34,8408.34,1,1,2,EXACT_MATCH
07ABCDE7341F1Z5,07ABCDE7341F1Z5,Supplier 1089,Supplier 1089,INV-01089,INV-01089,2026-04-05,2026-04-05,89285,89285,16071.30,16071.30,1,1,2,EXACT_MATCH
07ABCDE1094F1Z5,07ABCDE1094F1Z5,Supplier 1090,Supplier 1090,INV-01090,INV-01090,2026-02-02,2026-02-02,93185,93185,16773.30,16773.30,1,1,2,EXACT_MATCH
07ABCDE3615F1Z5,07ABCDE3615F1Z5,Supplier 1091,Supplier 1091,INV-01091,INV-01091,2026-08-30,2026-08-30,48475,48475,8725.50,8725.50,1,1,2,EXACT_MATCH
07ABCDE7269F1Z5,07ABCDE7269F1Z5,Supplier 1092,Supplier 1092,INV-01092,INV-01092,2026-05-27,2026-05-27,48240,48240,8683.20,8683.20,1,1,2,EXACT_MATCH
07ABCDE8798F1Z5,07ABCDE8798F1Z5,Supplier 1093,Supplier 1093,INV-01093,INV-01093,2026-03-16,2026-03-16,50581,50581,9104.58,9104.58,1,1,2,EXACT_MATCH
07ABCDE9026F1Z5,07ABCDE9026F1Z5,Supplier 1094,Supplier 1094,INV-01094,INV-01094,2026-03-09,2026-03-09,34115,34115,6140.70,6140.70,1,1,2,EXACT_MATCH
07ABCDE2031F1Z5,07ABCDE2031F1Z5,Supplier 1095,Supplier 1095,INV-01095,INV-01095,2026-08-13,2026-08-13,81301,81301,14634.18,14634.18,1,1,2,EXACT_MATCH
07ABCDE1913F1Z5,07ABCDE1913F1Z5,Supplier 1096,Supplier 1096,INV-01096,INV-01096,2026-03-04,2026-03-04,16103,16103,2898.54,2898.54,1,1,2,EXACT_MATCH
07ABCDE6593F1Z5,07ABCDE6593F1Z5,Supplier 1097,Supplier 1097,INV-01097,INV-01097,2026-02-06,2026-02-06,73889,73889,13300.02,13300.02,1,1,2,EXACT_MATCH
07ABCDE7058F1Z5,07ABCDE7058F1Z5,Supplier 1098,Supplier 1098,INV-01098,INV-01098,2026-08-19,2026-08-19,30485,30485,5487.30,5487.30,1,1,2,EXACT_MATCH
07ABCDE8547F1Z5,07ABCDE8547F1Z5,Supplier 1099,Supplier 1099,INV-01099,INV-01099,2026-07-08,2026-07-08,28139,28139,5065.02,5065.02,1,1,2,EXACT_MATCH
07ABCDE8085F1Z5,07ABCDE8085F1Z5,Supplier 1100,Supplier 1100,INV-01100,INV-01100,2026-12-22,2026-12-22,3844,3844,691.92,691.92,1,1,2,EXACT_MATCH
07ABCDE1861F1Z5,07ABCDE1861F1Z5,Supplier 1101,Supplier 1101,INV-01101,INV-01101,2026-04-13,2026-04-13,44974,44974,8095.32,8095.32,1,1,2,EXACT_MATCH
07ABCDE9423F1Z5,07ABCDE9423F1Z5,Supplier 1102,Supplier 1102,INV-01102,INV-01102,2026-05-13,2026-05-13,10493,10493,1888.74,1888.74,1,1,2,EXACT_MATCH
07ABCDE4118F1Z5,07ABCDE4118F1Z5,Supplier 1103,Supplier 1103,INV-01103,INV-01103,2026-01-28,2026-01-28,42012,42012,7562.16,7562.16,1,1,2,EXACT_MATCH
07ABCDE6761F1Z5,07ABCDE6761F1Z5,Supplier 1104,Supplier 1104,INV-01104,INV-01104,2026-08-30,2026-08-30,36504,36504,6570.72,6570.72,1,1,2,EXACT_MATCH
07ABCDE5091F1Z5,07ABCDE5091F1Z5,Supplier 1105,Supplier 1105,INV-01105,INV-01105,2026-10-18,2026-10-18,71751,71751,12915.18,12915.18,1,1,2,EXACT_MATCH
07ABCDE6582F1Z5,07ABCDE6582F1Z5,Supplier 1106,Supplier 1106,INV-01106,INV-01106,2026-05-27,2026-05-27,53215,53215,9578.70,9578.70,1,1,2,EXACT_MATCH
07ABCDE3010F1Z5,07ABCDE3010F1Z5,Supplier 1107,Supplier 1107,INV-01107,INV-01107,2026-05-30,2026-05-30,19908,19908,3583.44,3583.44,1,1,2,EXACT_MATCH
07ABCDE4254F1Z5,07ABCDE4254F1Z5,Supplier 1108,Supplier 1108,INV-01108,INV-01108,2026-08-17,2026-08-17,68589,68589,12346.02,12346.02,1,1,2,EXACT_MATCH
07ABCDE9330F1Z5,07ABCDE9330F1Z5,Supplier 1109,Supplier 1109,INV-01109,INV-01109,2026-07-04,2026-07-04,26822,26822,4827.96,4827.96,1,1,2,EXACT_MATCH
07ABCDE8585F1Z5,07ABCDE8585F1Z5,Supplier 1110,Supplier 1110,INV-01110,INV-01110,2026-04-22,2026-04-22,92705,92705,16686.90,16686.90,1,1,2,EXACT_MATCH
07ABCDE1681F1Z5,07ABCDE1681F1Z5,Supplier 1111,Supplier 1111,INV-01111,INV-01111,2026-09-25,2026-09-25,70715,70715,12728.70,12728.70,1,1,2,EXACT_MATCH
07ABCDE9913F1Z5,07ABCDE9913F1Z5,Supplier 1112,Supplier 1112,INV-01112,INV-01112,2026-05-24,2026-05-24,64558,64558,11620.44,11620.44,1,1,2,EXACT_MATCH
07ABCDE9483F1Z5,07ABCDE9483F1Z5,Supplier 1113,Supplier 1113,INV-01113,INV-01113,2026-01-08,2026-01-08,35175,35175,6331.50,6331.50,1,1,2,EXACT_MATCH
07ABCDE8759F1Z5,07ABCDE8759F1Z5,Supplier 1114,Supplier 1114,INV-01114,INV-01114,2026-03-05,2026-03-05,36168,36168,6510.24,6510.24,1,1,2,EXACT_MATCH
07ABCDE1921F1Z5,07ABCDE1921F1Z5,Supplier 1115,Supplier 1115,INV-01115,INV-01115,2026-01-07,2026-01-07,32005,32005,5760.90,5760.90,1,1,2,EXACT_MATCH
07ABCDE4787F1Z5,07ABCDE4787F1Z5,Supplier 1116,Supplier 1116,INV-01116,INV-01116,2026-09-10,2026-09-10,23860,23860,4294.80,4294.80,1,1,2,EXACT_MATCH
07ABCDE2851F1Z5,07ABCDE2851F1Z5,Supplier 1117,Supplier 1117,INV-01117,INV-01117,2026-02-28,2026-02-28,51948,51948,9350.64,9350.64,1,1,2,EXACT_MATCH
07ABCDE3275F1Z5,07ABCDE3275F1Z5,Supplier 1118,Supplier 1118,INV-01118,INV-01118,2026-01-14,2026-01-14,83808,83808,15085.44,15085.44,1,1,2,EXACT_MATCH
07ABCDE2055F1Z5,07ABCDE2055F1Z5,Supplier 1119,Supplier 1119,INV-01119,INV-01119,2026-01-21,2026-01-21,1368,1368,246.24,246.24,1,1,2,EXACT_MATCH
07ABCDE1534F1Z5,07ABCDE1534F1Z5,Supplier 1120,Supplier 1120,INV-01120,INV-01120,2026-06-12,2026-06-12,29798,29798,5363.64,5363.64,1,1,2,EXACT_MATCH
07ABCDE5055F1Z5,07ABCDE5055F1Z5,Supplier 1121,Supplier 1121,INV-01121,INV-01121,2026-03-29,2026-03-29,48631,48631,8753.58,8753.58,1,1,2,EXACT_MATCH
07ABCDE2322F1Z5,07ABCDE2322F1Z5,Supplier 1122,Supplier 1122,INV-01122,INV-01122,2026-10-13,2026-10-13,15987,15987,2877.66,2877.66,1,1,2,EXACT_MATCH
07ABCDE9119F1Z5,07ABCDE9119F1Z5,Supplier 1123,Supplier 1123,INV-01123,INV-01123,2026-06-12,2026-06-12,2938,2938,528.84,528.84,1,1,2,EXACT_MATCH
07ABCDE7375F1Z5,07ABCDE7375F1Z5,Supplier 1124,Supplier 1124,INV-01124,INV-01124,2026-05-06,2026-05-06,27682,27682,4982.76,4982.76,1,1,2,EXACT_MATCH
07ABCDE2385F1Z5,07ABCDE2385F1Z5,Supplier 1125,Supplier 1125,INV-01125,INV-01125,2026-06-17,2026-06-17,24945,24945,4490.10,4490.10,1,1,2,EXACT_MATCH
07ABCDE9529F1Z5,07ABCDE9529F1Z5,Supplier 1126,Supplier 1126,INV-01126,INV-01126,2026-04-28,2026-04-28,7762,7762,1397.16,1397.16,1,1,2,EXACT_MATCH
07ABCDE3839F1Z5,07ABCDE3839F1Z5,Supplier 1127,Supplier 1127,INV-01127,INV-01127,2026-03-06,2026-03-06,39181,39181,7052.58,7052.58,1,1,2,EXACT_MATCH
07ABCDE2154F1Z5,07ABCDE2154F1Z5,Supplier 1128,Supplier 1128,INV-01128,INV-01128,2026-06-20,2026-06-20,80005,80005,14400.90,14400.90,1,1,2,EXACT_MATCH
07ABCDE7968F1Z5,07ABCDE7968F1Z5,Supplier 1129,Supplier 1129,INV-01129,INV-01129,2026-07-11,2026-07-11,74351,74351,13383.18,13383.18,1,1,2,EXACT_MATCH
07ABCDE8936F1Z5,07ABCDE8936F1Z5,Supplier 1130,Supplier 1130,INV-01130,INV-01130,2026-03-30,2026-03-30,89030,89030,16025.40,16025.40,1,1,2,EXACT_MATCH
07ABCDE2462F1Z5,07ABCDE2462F1Z5,Supplier 1131,Supplier 1131,INV-01131,INV-01131,2026-03-12,2026-03-12,22437,22437,4038.66,4038.66,1,1,2,EXACT_MATCH
07ABCDE7727F1Z5,07ABCDE7727F1Z5,Supplier 1132,Supplier 1132,INV-01132,INV-01132,2026-11-12,2026-11-12,56802,56802,10224.36,10224.36,1,1,2,EXACT_MATCH
07ABCDE8697F1Z5,07ABCDE8697F1Z5,Supplier 1133,Supplier 1133,INV-01133,INV-01133,2026-07-12,2026-07-12,43461,43461,7822.98,7822.98,1,1,2,EXACT_MATCH
07ABCDE7943F1Z5,07ABCDE7943F1Z5,Supplier 1134,Supplier 1134,INV-01134,INV-01134,2026-03-23,2026-03-23,35807,35807,6445.26,6445.26,1,1,2,EXACT_MATCH
07ABCDE8532F1Z5,07ABCDE8532F1Z5,Supplier 1135,Supplier 1135,INV-01135,INV-01135,2026-06-17,2026-06-17,96991,96991,17458.38,17458.38,1,1,2,EXACT_MATCH
07ABCDE5088F1Z5,07ABCDE5088F1Z5,Supplier 1136,Supplier 1136,INV-01136,INV-01136,2026-05-02,2026-05-02,68363,68363,12305.34,12305.34,1,1,2,EXACT_MATCH
07ABCDE9510F1Z5,07ABCDE9510F1Z5,Supplier 1137,Supplier 1137,INV-01137,INV-01137,2026-06-16,2026-06-16,81727,81727,14710.86,14710.86,1,1,2,EXACT_MATCH
07ABCDE4533F1Z5,07ABCDE4533F1Z5,Supplier 1138,Supplier 1138,INV-01138,INV-01138,2026-01-16,2026-01-16,35403,35403,6372.54,6372.54,1,1,2,EXACT_MATCH
07ABCDE3904F1Z5,07ABCDE3904F1Z5,Supplier 1139,Supplier 1139,INV-01139,INV-01139,2026-03-10,2026-03-10,55475,55475,9985.50,9985.50,1,1,2,EXACT_MATCH
07ABCDE7620F1Z5,07ABCDE7620F1Z5,Supplier 1140,Supplier 1140,INV-01140,INV-01140,2026-03-30,2026-03-30,95580,95580,17204.40,17204.40,1,1,2,EXACT_MATCH
07ABCDE6692F1Z5,07ABCDE6692F1Z5,Supplier 1141,Supplier 1141,INV-01141,INV-01141,2026-01-04,2026-01-04,56371,56371,10146.78,10146.78,1,1,2,EXACT_MATCH
07ABCDE2750F1Z5,07ABCDE2750F1Z5,Supplier 1142,Supplier 1142,INV-01142,INV-01142,2026-06-01,2026-06-01,91046,91046,16388.28,16388.28,1,1,2,EXACT_MATCH
07ABCDE6380F1Z5,07ABCDE6380F1Z5,Supplier 1143,Supplier 1143,INV-01143,INV-01143,2026-07-13,2026-07-13,47308,47308,8515.44,8515.44,1,1,2,EXACT_MATCH
07ABCDE8132F1Z5,07ABCDE8132F1Z5,Supplier 1144,Supplier 1144,INV-01144,INV-01144,2026-06-03,2026-06-03,98061,98061,17650.98,17650.98,1,1,2,EXACT_MATCH
07ABCDE9493F1Z5,07ABCDE9493F1Z5,Supplier 1145,Supplier 1145,INV-01145,INV-01145,2026-02-19,2026-02-19,88618,88618,15951.24,15951.24,1,1,2,EXACT_MATCH
07ABCDE4618F1Z5,07ABCDE4618F1Z5,Supplier 1146,Supplier 1146,INV-01146,INV-01146,2026-03-12,2026-03-12,75410,75410,13573.80,13573.80,1,1,2,EXACT_MATCH
07ABCDE6104F1Z5,07ABCDE6104F1Z5,Supplier 1147,Supplier 1147,INV-01147,INV-01147,2026-11-26,2026-11-26,72383,72383,13028.94,13028.94,1,1,2,EXACT_MATCH
07ABCDE5333F1Z5,07ABCDE5333F1Z5,Supplier 1148,Supplier 1148,INV-01148,INV-01148,2026-03-20,2026-03-20,94795,94795,17063.10,17063.10,1,1,2,EXACT_MATCH
07ABCDE9434F1Z5,07ABCDE9434F1Z5,Supplier 1149,Supplier 1149,INV-01149,INV-01149,2026-02-22,2026-02-22,19789,19789,3562.02,3562.02,1,1,2,EXACT_MATCH
07ABCDE4736F1Z5,07ABCDE4736F1Z5,Supplier 1150,Supplier 1150,INV-01150,INV-01150,2026-10-11,2026-10-11,73815,73815,13286.70,13286.70,1,1,2,EXACT_MATCH
07ABCDE9260F1Z5,07ABCDE9260F1Z5,Supplier 1151,Supplier 1151,INV-01151,INV-01151,2026-01-27,2026-01-27,61132,61132,11003.76,11003.76,1,1,2,EXACT_MATCH
07ABCDE2694F1Z5,07ABCDE2694F1Z5,Supplier 1152,Supplier 1152,INV-01152,INV-01152,2026-04-22,2026-04-22,64989,64989,11698.02,11698.02,1,1,2,EXACT_MATCH
07ABCDE1554F1Z5,07ABCDE1554F1Z5,Supplier 1153,Supplier 1153,INV-01153,INV-01153,2026-04-22,2026-04-22,56524,56524,10174.32,10174.32,1,1,2,EXACT_MATCH
07ABCDE4239F1Z5,07ABCDE4239F1Z5,Supplier 1154,Supplier 1154,INV-01154,INV-01154,2026-05-24,2026-05-24,34786,34786,6261.48,6261.48,1,1,2,EXACT_MATCH
07ABCDE8290F1Z5,07ABCDE8290F1Z5,Supplier 1155,Supplier 1155,INV-01155,INV-01155,2026-11-05,2026-11-05,19317,19317,3477.06,3477.06,1,1,2,EXACT_MATCH
07ABCDE1046F1Z5,07ABCDE1046F1Z5,Supplier 1156,Supplier 1156,INV-01156,INV-01156,2026-09-01,2026-09-01,20413,20413,3674.34,3674.34,1,1,2,EXACT_MATCH
07ABCDE9798F1Z5,07ABCDE9798F1Z5,Supplier 1157,Supplier 1157,INV-01157,INV-01157,2026-09-04,2026-09-04,19788,19788,3561.84,3561.84,1,1,2,EXACT_MATCH
07ABCDE8481F1Z5,07ABCDE8481F1Z5,Supplier 1158,Supplier 1158,INV-01158,INV-01158,2026-04-15,2026-04-15,58973,58973,10615.14,10615.14,1,1,2,EXACT_MATCH
07ABCDE6480F1Z5,07ABCDE6480F1Z5,Supplier 1159,Supplier 1159,INV-01159,INV-01159,2026-06-25,2026-06-25,99029,99029,17825.22,17825.22,1,1,2,EXACT_MATCH
07ABCDE5178F1Z5,07ABCDE5178F1Z5,Supplier 1160,Supplier 1160,INV-01160,INV-01160,2026-05-21,2026-05-21,56971,56971,10254.78,10254.78,1,1,2,EXACT_MATCH
07ABCDE4203F1Z5,07ABCDE4203F1Z5,Supplier 1161,Supplier 1161,INV-01161,INV-01161,2026-08-16,2026-08-16,86888,86888,15639.84,15639.84,1,1,2,EXACT_MATCH
07ABCDE8958F1Z5,07ABCDE8958F1Z5,Supplier 1162,Supplier 1162,INV-01162,INV-01162,2026-05-31,2026-05-31,1524,1524,274.32,274.32,1,1,2,EXACT_MATCH
07ABCDE7796F1Z5,07ABCDE7796F1Z5,Supplier 1163,Supplier 1163,INV-01163,INV-01163,2026-08-01,2026-08-01,45733,45733,8231.94,8231.94,1,1,2,EXACT_MATCH
07ABCDE9505F1Z5,07ABCDE9505F1Z5,Supplier 1164,Supplier 1164,INV-01164,INV-01164,2026-04-19,2026-04-19,12496,12496,2249.28,2249.28,1,1,2,EXACT_MATCH
07ABCDE1497F1Z5,07ABCDE1497F1Z5,Supplier 1165,Supplier 1165,INV-01165,INV-01165,2026-04-18,2026-04-18,62561,62561,11260.98,11260.98,1,1,2,EXACT_MATCH
07ABCDE4671F1Z5,07ABCDE4671F1Z5,Supplier 1166,Supplier 1166,INV-01166,INV-01166,2026-08-18,2026-08-18,71849,71849,12932.82,12932.82,1,1,2,EXACT_MATCH
07ABCDE3501F1Z5,07ABCDE3501F1Z5,Supplier 1167,Supplier 1167,INV-01167,INV-01167,2026-06-26,2026-06-26,32003,32003,5760.54,5760.54,1,1,2,EXACT_MATCH
07ABCDE9648F1Z5,07ABCDE9648F1Z5,Supplier 1168,Supplier 1168,INV-01168,INV-01168,2026-08-01,2026-08-01,92204,92204,16596.72,16596.72,1,1,2,EXACT_MATCH
07ABCDE7633F1Z5,07ABCDE7633F1Z5,Supplier 1169,Supplier 1169,INV-01169,INV-01169,2026-06-17,2026-06-17,50670,50670,9120.60,9120.60,1,1,2,EXACT_MATCH
07ABCDE6893F1Z5,07ABCDE6893F1Z5,Supplier 1170,Supplier 1170,INV-01170,INV-01170,2026-12-23,2026-12-23,87872,87872,15816.96,15816.96,1,1,2,EXACT_MATCH
07ABCDE4987F1Z5,07ABCDE4987F1Z5,Supplier 1171,Supplier 1171,INV-01171,INV-01171,2026-05-28,2026-05-28,11266,11266,2027.88,2027.88,1,1,2,EXACT_MATCH
07ABCDE3566F1Z5,07ABCDE3566F1Z5,Supplier 1172,Supplier 1172,INV-01172,INV-01172,2026-04-16,2026-04-16,62111,62111,11179.98,11179.98,1,1,2,EXACT_MATCH
07ABCDE7165F1Z5,07ABCDE7165F1Z5,Supplier 1173,Supplier 1173,INV-01173,INV-01173,2026-01-15,2026-01-15,27466,27466,4943.88,4943.88,1,1,2,EXACT_MATCH
07ABCDE6311F1Z5,07ABCDE6311F1Z5,Supplier 1174,Supplier 1174,INV-01174,INV-01174,2026-06-02,2026-06-02,8519,8519,1533.42,1533.42,1,1,2,EXACT_MATCH
07ABCDE8687F1Z5,07ABCDE8687F1Z5,Supplier 1175,Supplier 1175,INV-01175,INV-01175,2026-11-02,2026-11-02,60679,60679,10922.22,10922.22,1,1,2,EXACT_MATCH
07ABCDE4971F1Z5,07ABCDE4971F1Z5,Supplier 1176,Supplier 1176,INV-01176,INV-01176,2026-08-28,2026-08-28,30473,30473,5485.14,5485.14,1,1,2,EXACT_MATCH
07ABCDE4732F1Z5,07ABCDE4732F1Z5,Supplier 1177,Supplier 1177,INV-01177,INV-01177,2026-10-07,2026-10-07,45506,45506,8191.08,8191.08,1,1,2,EXACT_MATCH
07ABCDE7101F1Z5,07ABCDE7101F1Z5,Supplier 1178,Supplier 1178,INV-01178,INV-01178,2026-05-11,2026-05-11,15950,15950,2871.00,2871.00,1,1,2,EXACT_MATCH
07ABCDE6968F1Z5,07ABCDE6968F1Z5,Supplier 1179,Supplier 1179,INV-01179,INV-01179,2026-02-08,2026-02-08,28973,28973,5215.14,5215.14,1,1,2,EXACT_MATCH
07ABCDE8817F1Z5,07ABCDE8817F1Z5,Supplier 1180,Supplier 1180,INV-01180,INV-01180,2026-09-19,2026-09-19,57639,57639,10375.02,10375.02,1,1,2,EXACT_MATCH
07ABCDE5697F1Z5,07ABCDE5697F1Z5,Supplier 1181,Supplier 1181,INV-01181,INV-01181,2026-06-27,2026-06-27,87227,87227,15700.86,15700.86,1,1,2,EXACT_MATCH
07ABCDE7584F1Z5,07ABCDE7584F1Z5,Supplier 1182,Supplier 1182,INV-01182,INV-01182,2026-10-15,2026-10-15,28017,28017,5043.06,5043.06,1,1,2,EXACT_MATCH
07ABCDE2862F1Z5,07ABCDE2862F1Z5,Supplier 1183,Supplier 1183,INV-01183,INV-01183,2026-03-18,2026-03-18,33942,33942,6109.56,6109.56,1,1,2,EXACT_MATCH
07ABCDE1457F1Z5,07ABCDE1457F1Z5,Supplier 1184,Supplier 1184,INV-01184,INV-01184,2026-11-26,2026-11-26,76147,76147,13706.46,13706.46,1,1,2,EXACT_MATCH
07ABCDE2593F1Z5,07ABCDE2593F1Z5,Supplier 1185,Supplier 1185,INV-01185,INV-01185,2026-01-07,2026-01-07,58666,58666,10559.88,10559.88,1,1,2,EXACT_MATCH
07ABCDE7507F1Z5,07ABCDE7507F1Z5,Supplier 1186,Supplier 1186,INV-01186,INV-01186,2026-01-25,2026-01-25,34839,34839,6271.02,6271.02,1,1,2,EXACT_MATCH
07ABCDE2543F1Z5,07ABCDE2543F1Z5,Supplier 1187,Supplier 1187,INV-01187,INV-01187,2026-01-13,2026-01-13,99546,99546,17918.28,17918.28,1,1,2,EXACT_MATCH
07ABCDE8143F1Z5,07ABCDE8143F1Z5,Supplier 1188,Supplier 1188,INV-01188,INV-01188,2026-09-18,2026-09-18,51736,51736,9312.48,9312.48,1,1,2,EXACT_MATCH
07ABCDE4536F1Z5,07ABCDE4536F1Z5,Supplier 1189,Supplier 1189,INV-01189,INV-01189,2026-09-23,2026-09-23,91414,91414,16454.52,16454.52,1,1,2,EXACT_MATCH
07ABCDE3663F1Z5,07ABCDE3663F1Z5,Supplier 1190,Supplier 1190,INV-01190,INV-01190,2026-07-23,2026-07-23,75296,75296,13553.28,13553.28,1,1,2,EXACT_MATCH
07ABCDE4361F1Z5,07ABCDE4361F1Z5,Supplier 1191,Supplier 1191,INV-01191,INV-01191,2026-02-19,2026-02-19,59762,59762,10757.16,10757.16,1,1,2,EXACT_MATCH
07ABCDE4783F1Z5,07ABCDE4783F1Z5,Supplier 1192,Supplier 1192,INV-01192,INV-01192,2026-06-29,2026-06-29,77423,77423,13936.14,13936.14,1,1,2,EXACT_MATCH
07ABCDE6576F1Z5,07ABCDE6576F1Z5,Supplier 1193,Supplier 1193,INV-01193,INV-01193,2026-06-08,2026-06-08,70413,70413,12674.34,12674.34,1,1,2,EXACT_MATCH
07ABCDE6549F1Z5,07ABCDE6549F1Z5,Supplier 1194,Supplier 1194,INV-01194,INV-01194,2026-10-17,2026-10-17,72741,72741,13093.38,13093.38,1,1,2,EXACT_MATCH
07ABCDE6730F1Z5,07ABCDE6730F1Z5,Supplier 1195,Supplier 1195,INV-01195,INV-01195,2026-02-21,2026-02-21,27361,27361,4924.98,4924.98,1,1,2,EXACT_MATCH
07ABCDE3127F1Z5,07ABCDE3127F1Z5,Supplier 1196,Supplier 1196,INV-01196,INV-01196,2026-12-31,2026-12-31,82571,82571,14862.78,14862.78,1,1,2,EXACT_MATCH
07ABCDE5351F1Z5,07ABCDE5351F1Z5,Supplier 1197,Supplier 1197,INV-01197,INV-01197,2026-09-20,2026-09-20,14800,14800,2664.00,2664.00,1,1,2,EXACT_MATCH
07ABCDE2197F1Z5,07ABCDE2197F1Z5,Supplier 1198,Supplier 1198,INV-01198,INV-01198,2026-06-15,2026-06-15,3091,3091,556.38,556.38,1,1,2,EXACT_MATCH
07ABCDE6649F1Z5,07ABCDE6649F1Z5,Supplier 1199,Supplier 1199,INV-01199,INV-01199,2026-08-24,2026-08-24,35700,35700,6426.00,6426.00,1,1,2,EXACT_MATCH
07ABCDE8537F1Z5,07ABCDE8537F1Z5,Supplier 1200,Supplier 1200,INV-01200,INV-01200,2026-07-11,2026-07-11,19380,19380,3488.40,3488.40,1,1,2,EXACT_MATCH
07ABCDE8277F1Z5,07ABCDE8277F1Z5,Supplier 1201,Supplier 1201,INV-01201,INV-01201,2026-01-29,2026-01-29,86917,86917,15645.06,15645.06,1,1,2,EXACT_MATCH
07ABCDE5336F1Z5,07ABCDE5336F1Z5,Supplier 1202,Supplier 1202,INV-01202,INV-01202,2026-04-06,2026-04-06,42522,42522,7653.96,7653.96,1,1,2,EXACT_MATCH
07ABCDE8083F1Z5,07ABCDE8083F1Z5,Supplier 1203,Supplier 1203,INV-01203,INV-01203,2026-09-28,2026-09-28,93241,93241,16783.38,16783.38,1,1,2,EXACT_MATCH
07ABCDE2208F1Z5,07ABCDE2208F1Z5,Supplier 1204,Supplier 1204,INV-01204,INV-01204,2026-09-30,2026-09-30,93842,93842,16891.56,16891.56,1,1,2,EXACT_MATCH
07ABCDE3298F1Z5,07ABCDE3298F1Z5,Supplier 1205,Supplier 1205,INV-01205,INV-01205,2026-04-07,2026-04-07,2141,2141,385.38,385.38,1,1,2,EXACT_MATCH
07ABCDE9256F1Z5,07ABCDE9256F1Z5,Supplier 1206,Supplier 1206,INV-01206,INV-01206,2026-02-26,2026-02-26,61628,61628,11093.04,11093.04,1,1,2,EXACT_MATCH
07ABCDE2666F1Z5,07ABCDE2666F1Z5,Supplier 1207,Supplier 1207,INV-01207,INV-01207,2026-06-13,2026-06-13,92898,92898,16721.64,16721.64,1,1,2,EXACT_MATCH
07ABCDE4111F1Z5,07ABCDE4111F1Z5,Supplier 1208,Supplier 1208,INV-01208,INV-01208,2026-12-11,2026-12-11,63926,63926,11506.68,11506.68,1,1,2,EXACT_MATCH
07ABCDE8177F1Z5,07ABCDE8177F1Z5,Supplier 1209,Supplier 1209,INV-01209,INV-01209,2026-11-11,2026-11-11,7593,7593,1366.74,1366.74,1,1,2,EXACT_MATCH
07ABCDE3018F1Z5,07ABCDE3018F1Z5,Supplier 1210,Supplier 1210,INV-01210,INV-01210,2026-07-14,2026-07-14,56644,56644,10195.92,10195.92,1,1,2,EXACT_MATCH
07ABCDE1293F1Z5,07ABCDE1293F1Z5,Supplier 1211,Supplier 1211,INV-01211,INV-01211,2026-05-16,2026-05-16,58733,58733,10571.94,10571.94,1,1,2,EXACT_MATCH
07ABCDE9636F1Z5,07ABCDE9636F1Z5,Supplier 1212,Supplier 1212,INV-01212,INV-01212,2026-11-10,2026-11-10,54205,54205,9756.90,9756.90,1,1,2,EXACT_MATCH
07ABCDE9685F1Z5,07ABCDE9685F1Z5,Supplier 1213,Supplier 1213,INV-01213,INV-01213,2026-01-21,2026-01-21,83992,83992,15118.56,15118.56,1,1,2,EXACT_MATCH
07ABCDE9205F1Z5,07ABCDE9205F1Z5,Supplier 1214,Supplier 1214,INV-01214,INV-01214,2026-01-11,2026-01-11,58241,58241,10483.38,10483.38,1,1,2,EXACT_MATCH
07ABCDE3931F1Z5,07ABCDE3931F1Z5,Supplier 1215,Supplier 1215,INV-01215,INV-01215,2026-10-28,2026-10-28,18715,18715,3368.70,3368.70,1,1,2,EXACT_MATCH
07ABCDE6767F1Z5,07ABCDE6767F1Z5,Supplier 1216,Supplier 1216,INV-01216,INV-01216,2026-03-11,2026-03-11,51043,51043,9187.74,9187.74,1,1,2,EXACT_MATCH
07ABCDE9849F1Z5,07ABCDE9849F1Z5,Supplier 1217,Supplier 1217,INV-01217,INV-01217,2026-01-19,2026-01-19,59474,59474,10705.32,10705.32,1,1,2,EXACT_MATCH
07ABCDE7704F1Z5,07ABCDE7704F1Z5,Supplier 1218,Supplier 1218,INV-01218,INV-01218,2026-07-01,2026-07-01,62350,62350,11223.00,11223.00,1,1,2,EXACT_MATCH
07ABCDE4283F1Z5,07ABCDE4283F1Z5,Supplier 1219,Supplier 1219,INV-01219,INV-01219,2026-02-10,2026-02-10,76838,76838,13830.84,13830.84,1,1,2,EXACT_MATCH
07ABCDE2478F1Z5,07ABCDE2478F1Z5,Supplier 1220,Supplier 1220,INV-01220,INV-01220,2026-07-08,2026-07-08,53177,53177,9571.86,9571.86,1,1,2,EXACT_MATCH
07ABCDE4648F1Z5,07ABCDE4648F1Z5,Supplier 1221,Supplier 1221,INV-01221,INV-01221,2026-08-11,2026-08-11,63701,63701,11466.18,11466.18,1,1,2,EXACT_MATCH
07ABCDE8479F1Z5,07ABCDE8479F1Z5,Supplier 1222,Supplier 1222,INV-01222,INV-01222,2026-01-18,2026-01-18,69084,69084,12435.12,12435.12,1,1,2,EXACT_MATCH
07ABCDE7986F1Z5,07ABCDE7986F1Z5,Supplier 1223,Supplier 1223,INV-01223,INV-01223,2026-06-28,2026-06-28,37624,37624,6772.32,6772.32,1,1,2,EXACT_MATCH
07ABCDE1495F1Z5,07ABCDE1495F1Z5,Supplier 1224,Supplier 1224,INV-01224,INV-01224,2026-06-19,2026-06-19,14241,14241,2563.38,2563.38,1,1,2,EXACT_MATCH
07ABCDE8529F1Z5,07ABCDE8529F1Z5,Supplier 1225,Supplier 1225,INV-01225,INV-01225,2026-01-12,2026-01-12,99097,99097,17837.46,17837.46,1,1,2,EXACT_MATCH
07ABCDE7760F1Z5,07ABCDE7760F1Z5,Supplier 1226,Supplier 1226,INV-01226,INV-01226,2026-09-23,2026-09-23,84443,84443,15199.74,15199.74,1,1,2,EXACT_MATCH
07ABCDE8341F1Z5,07ABCDE8341F1Z5,Supplier 1227,Supplier 1227,INV-01227,INV-01227,2026-06-23,2026-06-23,11876,11876,2137.68,2137.68,1,1,2,EXACT_MATCH
07ABCDE3740F1Z5,07ABCDE3740F1Z5,Supplier 1228,Supplier 1228,INV-01228,INV-01228,2026-10-31,2026-10-31,37004,37004,6660.72,6660.72,1,1,2,EXACT_MATCH
07ABCDE3607F1Z5,07ABCDE3607F1Z5,Supplier 1229,Supplier 1229,INV-01229,INV-01229,2026-02-22,2026-02-22,51090,51090,9196.20,9196.20,1,1,2,EXACT_MATCH
07ABCDE5402F1Z5,07ABCDE5402F1Z5,Supplier 1230,Supplier 1230,INV-01230,INV-01230,2026-09-25,2026-09-25,80668,80668,14520.24,14520.24,1,1,2,EXACT_MATCH
07ABCDE1030F1Z5,07ABCDE1030F1Z5,Supplier 1231,Supplier 1231,INV-01231,INV-01231,2026-07-23,2026-07-23,32860,32860,5914.80,5914.80,1,1,2,EXACT_MATCH
07ABCDE3747F1Z5,07ABCDE3747F1Z5,Supplier 1232,Supplier 1232,INV-01232,INV-01232,2026-11-28,2026-11-28,35971,35971,6474.78,6474.78,1,1,2,EXACT_MATCH
07ABCDE4740F1Z5,07ABCDE4740F1Z5,Supplier 1233,Supplier 1233,INV-01233,INV-01233,2026-02-02,2026-02-02,91781,91781,16520.58,16520.58,1,1,2,EXACT_MATCH
07ABCDE1095F1Z5,07ABCDE1095F1Z5,Supplier 1234,Supplier 1234,INV-01234,INV-01234,2026-10-21,2026-10-21,21242,21242,3823.56,3823.56,1,1,2,EXACT_MATCH
07ABCDE7481F1Z5,07ABCDE7481F1Z5,Supplier 1235,Supplier 1235,INV-01235,INV-01235,2026-08-17,2026-08-17,31766,31766,5717.88,5717.88,1,1,2,EXACT_MATCH
07ABCDE4517F1Z5,07ABCDE4517F1Z5,Supplier 1236,Supplier 1236,INV-01236,INV-01236,2026-02-16,2026-02-16,49327,49327,8878.86,8878.86,1,1,2,EXACT_MATCH
07ABCDE2979F1Z5,07ABCDE2979F1Z5,Supplier 1237,Supplier 1237,INV-01237,INV-01237,2026-01-11,2026-01-11,6870,6870,1236.60,1236.60,1,1,2,EXACT_MATCH
07ABCDE4479F1Z5,07ABCDE4479F1Z5,Supplier 1238,Supplier 1238,INV-01238,INV-01238,2026-11-22,2026-11-22,6184,6184,1113.12,1113.12,1,1,2,EXACT_MATCH
07ABCDE1571F1Z5,07ABCDE1571F1Z5,Supplier 1239,Supplier 1239,INV-01239,INV-01239,2026-02-12,2026-02-12,78618,78618,14151.24,14151.24,1,1,2,EXACT_MATCH
07ABCDE9281F1Z5,07ABCDE9281F1Z5,Supplier 1240,Supplier 1240,INV-01240,INV-01240,2026-06-15,2026-06-15,53890,53890,9700.20,9700.20,1,1,2,EXACT_MATCH
07ABCDE5669F1Z5,07ABCDE5669F1Z5,Supplier 1241,Supplier 1241,INV-01241,INV-01241,2026-11-04,2026-11-04,36977,36977,6655.86,6655.86,1,1,2,EXACT_MATCH
07ABCDE1410F1Z5,07ABCDE1410F1Z5,Supplier 1242,Supplier 1242,INV-01242,INV-01242,2026-12-29,2026-12-29,49933,49933,8987.94,8987.94,1,1,2,EXACT_MATCH
07ABCDE2483F1Z5,07ABCDE2483F1Z5,Supplier 1243,Supplier 1243,INV-01243,INV-01243,2026-04-11,2026-04-11,21423,21423,3856.14,3856.14,1,1,2,EXACT_MATCH
07ABCDE2906F1Z5,07ABCDE2906F1Z5,Supplier 1244,Supplier 1244,INV-01244,INV-01244,2026-09-15,2026-09-15,78152,78152,14067.36,14067.36,1,1,2,EXACT_MATCH
07ABCDE2277F1Z5,07ABCDE2277F1Z5,Supplier 1245,Supplier 1245,INV-01245,INV-01245,2026-12-05,2026-12-05,53026,53026,9544.68,9544.68,1,1,2,EXACT_MATCH
07ABCDE4264F1Z5,07ABCDE4264F1Z5,Supplier 1246,Supplier 1246,INV-01246,INV-01246,2027-01-01,2027-01-01,12594,12594,2266.92,2266.92,1,1,2,EXACT_MATCH
07ABCDE5877F1Z5,07ABCDE5877F1Z5,Supplier 1247,Supplier 1247,INV-01247,INV-01247,2026-05-05,2026-05-05,43127,43127,7762.86,7762.86,1,1,2,EXACT_MATCH
07ABCDE2869F1Z5,07ABCDE2869F1Z5,Supplier 1248,Supplier 1248,INV-01248,INV-01248,2026-11-22,2026-11-22,64234,64234,11562.12,11562.12,1,1,2,EXACT_MATCH
07ABCDE2666F1Z5,07ABCDE2666F1Z5,Supplier 1249,Supplier 1249,INV-01249,INV-01249,2026-09-02,2026-09-02,44183,44183,7952.94,7952.94,1,1,2,EXACT_MATCH
07ABCDE9933F1Z5,07ABCDE9933F1Z5,Supplier 1250,Supplier 1250,INV-01250,INV-01250,2026-07-02,2026-07-02,53607,53607,9649.26,9649.26,1,1,2,EXACT_MATCH
07ABCDE6486F1Z5,07ABCDE6486F1Z5,Supplier 1251,Supplier 1251,INV-01251,INV-01251,2026-08-26,2026-08-26,10599,10599,1907.82,1907.82,1,1,2,EXACT_MATCH
07ABCDE1645F1Z5,07ABCDE1645F1Z5,Supplier 1252,Supplier 1252,INV-01252,INV-01252,2026-03-23,2026-03-23,26690,26690,4804.20,4804.20,1,1,2,EXACT_MATCH
07ABCDE9080F1Z5,07ABCDE9080F1Z5,Supplier 1253,Supplier 1253,INV-01253,INV-01253,2026-01-26,2026-01-26,77378,77378,13928.04,13928.04,1,1,2,EXACT_MATCH
07ABCDE7977F1Z5,07ABCDE7977F1Z5,Supplier 1254,Supplier 1254,INV-01254,INV-01254,2026-04-27,2026-04-27,77244,77244,13903.92,13903.92,1,1,2,EXACT_MATCH
07ABCDE3998F1Z5,07ABCDE3998F1Z5,Supplier 1255,Supplier 1255,INV-01255,INV-01255,2026-08-01,2026-08-01,8724,8724,1570.32,1570.32,1,1,2,EXACT_MATCH
07ABCDE2295F1Z5,07ABCDE2295F1Z5,Supplier 1256,Supplier 1256,INV-01256,INV-01256,2026-07-15,2026-07-15,91271,91271,16428.78,16428.78,1,1,2,EXACT_MATCH
07ABCDE2445F1Z5,07ABCDE2445F1Z5,Supplier 1257,Supplier 1257,INV-01257,INV-01257,2026-01-17,2026-01-17,57227,57227,10300.86,10300.86,1,1,2,EXACT_MATCH
07ABCDE8018F1Z5,07ABCDE8018F1Z5,Supplier 1258,Supplier 1258,INV-01258,INV-01258,2026-11-26,2026-11-26,36533,36533,6575.94,6575.94,1,1,2,EXACT_MATCH
07ABCDE7283F1Z5,07ABCDE7283F1Z5,Supplier 1259,Supplier 1259,INV-01259,INV-01259,2026-12-14,2026-12-14,2865,2865,515.70,515.70,1,1,2,EXACT_MATCH
07ABCDE2984F1Z5,07ABCDE2984F1Z5,Supplier 1260,Supplier 1260,INV-01260,INV-01260,2026-12-11,2026-12-11,14832,14832,2669.76,2669.76,1,1,2,EXACT_MATCH
07ABCDE4032F1Z5,07ABCDE4032F1Z5,Supplier 1261,Supplier 1261,INV-01261,INV-01261,2026-08-24,2026-08-24,76433,76433,13757.94,13757.94,1,1,2,EXACT_MATCH
07ABCDE6676F1Z5,07ABCDE6676F1Z5,Supplier 1262,Supplier 1262,INV-01262,INV-01262,2026-12-10,2026-12-10,81808,81808,14725.44,14725.44,1,1,2,EXACT_MATCH
07ABCDE6844F1Z5,07ABCDE6844F1Z5,Supplier 1263,Supplier 1263,INV-01263,INV-01263,2026-03-09,2026-03-09,91618,91618,16491.24,16491.24,1,1,2,EXACT_MATCH
07ABCDE6251F1Z5,07ABCDE6251F1Z5,Supplier 1264,Supplier 1264,INV-01264,INV-01264,2026-10-03,2026-10-03,67758,67758,12196.44,12196.44,1,1,2,EXACT_MATCH
07ABCDE3090F1Z5,07ABCDE3090F1Z5,Supplier 1265,Supplier 1265,INV-01265,INV-01265,2026-01-16,2026-01-16,2574,2574,463.32,463.32,1,1,2,EXACT_MATCH
07ABCDE3303F1Z5,07ABCDE3303F1Z5,Supplier 1266,Supplier 1266,INV-01266,INV-01266,2026-05-21,2026-05-21,60565,60565,10901.70,10901.70,1,1,2,EXACT_MATCH
07ABCDE7476F1Z5,07ABCDE7476F1Z5,Supplier 1267,Supplier 1267,INV-01267,INV-01267,2026-07-20,2026-07-20,93310,93310,16795.80,16795.80,1,1,2,EXACT_MATCH
07ABCDE1308F1Z5,07ABCDE1308F1Z5,Supplier 1268,Supplier 1268,INV-01268,INV-01268,2026-05-16,2026-05-16,11943,11943,2149.74,2149.74,1,1,2,EXACT_MATCH
07ABCDE9543F1Z5,07ABCDE9543F1Z5,Supplier 1269,Supplier 1269,INV-01269,INV-01269,2026-02-11,2026-02-11,88003,88003,15840.54,15840.54,1,1,2,EXACT_MATCH
07ABCDE6935F1Z5,07ABCDE6935F1Z5,Supplier 1270,Supplier 1270,INV-01270,INV-01270,2026-03-07,2026-03-07,30765,30765,5537.70,5537.70,1,1,2,EXACT_MATCH
07ABCDE8123F1Z5,07ABCDE8123F1Z5,Supplier 1271,Supplier 1271,INV-01271,INV-01271,2026-12-11,2026-12-11,65588,65588,11805.84,11805.84,1,1,2,EXACT_MATCH
07ABCDE6293F1Z5,07ABCDE6293F1Z5,Supplier 1272,Supplier 1272,INV-01272,INV-01272,2026-02-13,2026-02-13,5128,5128,923.04,923.04,1,1,2,EXACT_MATCH
07ABCDE4723F1Z5,07ABCDE4723F1Z5,Supplier 1273,Supplier 1273,INV-01273,INV-01273,2026-04-20,2026-04-20,20977,20977,3775.86,3775.86,1,1,2,EXACT_MATCH
07ABCDE1319F1Z5,07ABCDE1319F1Z5,Supplier 1274,Supplier 1274,INV-01274,INV-01274,2026-10-24,2026-10-24,52589,52589,9466.02,9466.02,1,1,2,EXACT_MATCH
07ABCDE5186F1Z5,07ABCDE5186F1Z5,Supplier 1275,Supplier 1275,INV-01275,INV-01275,2026-07-12,2026-07-12,97038,97038,17466.84,17466.84,1,1,2,EXACT_MATCH
07ABCDE2899F1Z5,07ABCDE2899F1Z5,Supplier 1276,Supplier 1276,INV-01276,INV-01276,2026-02-06,2026-02-06,45460,45460,8182.80,8182.80,1,1,2,EXACT_MATCH
07ABCDE5665F1Z5,07ABCDE5665F1Z5,Supplier 1277,Supplier 1277,INV-01277,INV-01277,2026-06-07,2026-06-07,11090,11090,1996.20,1996.20,1,1,2,EXACT_MATCH
07ABCDE6965F1Z5,07ABCDE6965F1Z5,Supplier 1278,Supplier 1278,INV-01278,INV-01278,2026-05-28,2026-05-28,15881,15881,2858.58,2858.58,1,1,2,EXACT_MATCH
07ABCDE4525F1Z5,07ABCDE4525F1Z5,Supplier 1279,Supplier 1279,INV-01279,INV-01279,2026-01-12,2026-01-12,96689,96689,17404.02,17404.02,1,1,2,EXACT_MATCH
07ABCDE5194F1Z5,07ABCDE5194F1Z5,Supplier 1280,Supplier 1280,INV-01280,INV-01280,2026-11-11,2026-11-11,2348,2348,422.64,422.64,1,1,2,EXACT_MATCH
07ABCDE2298F1Z5,07ABCDE2298F1Z5,Supplier 1281,Supplier 1281,INV-01281,INV-01281,2026-10-18,2026-10-18,20186,20186,3633.48,3633.48,1,1,2,EXACT_MATCH
07ABCDE4389F1Z5,07ABCDE4389F1Z5,Supplier 1282,Supplier 1282,INV-01282,INV-01282,2026-03-23,2026-03-23,33925,33925,6106.50,6106.50,1,1,2,EXACT_MATCH
07ABCDE5710F1Z5,07ABCDE5710F1Z5,Supplier 1283,Supplier 1283,INV-01283,INV-01283,2026-01-07,2026-01-07,35993,35993,6478.74,6478.74,1,1,2,EXACT_MATCH
07ABCDE8707F1Z5,07ABCDE8707F1Z5,Supplier 1284,Supplier 1284,INV-01284,INV-01284,2026-05-24,2026-05-24,67620,67620,12171.60,12171.60,1,1,2,EXACT_MATCH
07ABCDE8737F1Z5,07ABCDE8737F1Z5,Supplier 1285,Supplier 1285,INV-01285,INV-01285,2026-08-04,2026-08-04,73259,73259,13186.62,13186.62,1,1,2,EXACT_MATCH
07ABCDE6478F1Z5,07ABCDE6478F1Z5,Supplier 1286,Supplier 1286,INV-01286,INV-01286,2026-03-27,2026-03-27,13600,13600,2448.00,2448.00,1,1,2,EXACT_MATCH
07ABCDE4687F1Z5,07ABCDE4687F1Z5,Supplier 1287,Supplier 1287,INV-01287,INV-01287,2026-07-13,2026-07-13,69123,69123,12442.14,12442.14,1,1,2,EXACT_MATCH
07ABCDE9833F1Z5,07ABCDE9833F1Z5,Supplier 1288,Supplier 1288,INV-01288,INV-01288,2026-08-02,2026-08-02,65754,65754,11835.72,11835.72,1,1,2,EXACT_MATCH
07ABCDE2165F1Z5,07ABCDE2165F1Z5,Supplier 1289,Supplier 1289,INV-01289,INV-01289,2026-10-19,2026-10-19,12579,12579,2264.22,2264.22,1,1,2,EXACT_MATCH
07ABCDE3510F1Z5,07ABCDE3510F1Z5,Supplier 1290,Supplier 1290,INV-01290,INV-01290,2026-09-17,2026-09-17,90488,90488,16287.84,16287.84,1,1,2,EXACT_MATCH
07ABCDE9909F1Z5,07ABCDE9909F1Z5,Supplier 1291,Supplier 1291,INV-01291,INV-01291,2026-05-21,2026-05-21,94496,94496,17009.28,17009.28,1,1,2,EXACT_MATCH
07ABCDE1154F1Z5,07ABCDE1154F1Z5,Supplier 1292,Supplier 1292,INV-01292,INV-01292,2026-04-05,2026-04-05,16686,16686,3003.48,3003.48,1,1,2,EXACT_MATCH
07ABCDE3542F1Z5,07ABCDE3542F1Z5,Supplier 1293,Supplier 1293,INV-01293,INV-01293,2026-01-22,2026-01-22,79428,79428,14297.04,14297.04,1,1,2,EXACT_MATCH
07ABCDE5796F1Z5,07ABCDE5796F1Z5,Supplier 1294,Supplier 1294,INV-01294,INV-01294,2026-05-05,2026-05-05,81582,81582,14684.76,14684.76,1,1,2,EXACT_MATCH
07ABCDE3386F1Z5,07ABCDE3386F1Z5,Supplier 1295,Supplier 1295,INV-01295,INV-01295,2026-05-28,2026-05-28,91954,91954,16551.72,16551.72,1,1,2,EXACT_MATCH
07ABCDE9443F1Z5,07ABCDE9443F1Z5,Supplier 1296,Supplier 1296,INV-01296,INV-01296,2026-05-17,2026-05-17,72517,72517,13053.06,13053.06,1,1,2,EXACT_MATCH
07ABCDE8079F1Z5,07ABCDE8079F1Z5,Supplier 1297,Supplier 1297,INV-01297,INV-01297,2026-08-17,2026-08-17,66852,66852,12033.36,12033.36,1,1,2,EXACT_MATCH
07ABCDE6097F1Z5,07ABCDE6097F1Z5,Supplier 1298,Supplier 1298,INV-01298,INV-01298,2026-08-30,2026-08-30,2828,2828,509.04,509.04,1,1,2,EXACT_MATCH
07ABCDE9683F1Z5,07ABCDE9683F1Z5,Supplier 1299,Supplier 1299,INV-01299,INV-01299,2026-05-08,2026-05-08,35307,35307,6355.26,6355.26,1,1,2,EXACT_MATCH
07ABCDE5796F1Z5,07ABCDE5796F1Z5,Supplier 1300,Supplier 1300,INV-01300,INV-01300,2026-04-09,2026-04-09,2456,2456,442.08,442.08,1,1,2,EXACT_MATCH
07ABCDE5012F1Z5,07ABCDE5012F1Z5,Supplier 1301,Supplier 1301,INV-01301,INV-01301,2026-03-16,2026-03-16,14167,14167,2550.06,2550.06,1,1,2,EXACT_MATCH
07ABCDE4910F1Z5,07ABCDE4910F1Z5,Supplier 1302,Supplier 1302,INV-01302,INV-01302,2026-02-01,2026-02-01,72337,72337,13020.66,13020.66,1,1,2,EXACT_MATCH
07ABCDE9855F1Z5,07ABCDE9855F1Z5,Supplier 1303,Supplier 1303,INV-01303,INV-01303,2026-02-21,2026-02-21,93159,93159,16768.62,16768.62,1,1,2,EXACT_MATCH
07ABCDE9353F1Z5,07ABCDE9353F1Z5,Supplier 1304,Supplier 1304,INV-01304,INV-01304,2026-05-03,2026-05-03,42263,42263,7607.34,7607.34,1,1,2,EXACT_MATCH
07ABCDE1811F1Z5,07ABCDE1811F1Z5,Supplier 1305,Supplier 1305,INV-01305,INV-01305,2026-11-17,2026-11-17,2689,2689,484.02,484.02,1,1,2,EXACT_MATCH
07ABCDE2667F1Z5,07ABCDE2667F1Z5,Supplier 1306,Supplier 1306,INV-01306,INV-01306,2026-12-18,2026-12-18,30628,30628,5513.04,5513.04,1,1,2,EXACT_MATCH
07ABCDE1104F1Z5,07ABCDE1104F1Z5,Supplier 1307,Supplier 1307,INV-01307,INV-01307,2026-11-26,2026-11-26,14529,14529,2615.22,2615.22,1,1,2,EXACT_MATCH
07ABCDE7307F1Z5,07ABCDE7307F1Z5,Supplier 1308,Supplier 1308,INV-01308,INV-01308,2026-06-28,2026-06-28,4113,4113,740.34,740.34,1,1,2,EXACT_MATCH
07ABCDE2295F1Z5,07ABCDE2295F1Z5,Supplier 1309,Supplier 1309,INV-01309,INV-01309,2026-10-05,2026-10-05,49662,49662,8939.16,8939.16,1,1,2,EXACT_MATCH
07ABCDE5012F1Z5,07ABCDE5012F1Z5,Supplier 1310,Supplier 1310,INV-01310,INV-01310,2026-06-30,2026-06-30,99799,99799,17963.82,17963.82,1,1,2,EXACT_MATCH
07ABCDE2090F1Z5,07ABCDE2090F1Z5,Supplier 1311,Supplier 1311,INV-01311,INV-01311,2026-12-07,2026-12-07,47397,47397,8531.46,8531.46,1,1,2,EXACT_MATCH
07ABCDE9437F1Z5,07ABCDE9437F1Z5,Supplier 1312,Supplier 1312,INV-01312,INV-01312,2026-12-08,2026-12-08,56028,56028,10085.04,10085.04,1,1,2,EXACT_MATCH
07ABCDE3536F1Z5,07ABCDE3536F1Z5,Supplier 1313,Supplier 1313,INV-01313,INV-01313,2026-10-15,2026-10-15,16969,16969,3054.42,3054.42,1,1,2,EXACT_MATCH
07ABCDE4091F1Z5,07ABCDE4091F1Z5,Supplier 1314,Supplier 1314,INV-01314,INV-01314,2026-07-23,2026-07-23,84422,84422,15195.96,15195.96,1,1,2,EXACT_MATCH
07ABCDE2823F1Z5,07ABCDE2823F1Z5,Supplier 1315,Supplier 1315,INV-01315,INV-01315,2026-02-22,2026-02-22,20590,20590,3706.20,3706.20,1,1,2,EXACT_MATCH
07ABCDE5831F1Z5,07ABCDE5831F1Z5,Supplier 1316,Supplier 1316,INV-01316,INV-01316,2026-08-06,2026-08-06,47724,47724,8590.32,8590.32,1,1,2,EXACT_MATCH
07ABCDE2966F1Z5,07ABCDE2966F1Z5,Supplier 1317,Supplier 1317,INV-01317,INV-01317,2026-08-24,2026-08-24,3476,3476,625.68,625.68,1,1,2,EXACT_MATCH
07ABCDE5622F1Z5,07ABCDE5622F1Z5,Supplier 1318,Supplier 1318,INV-01318,INV-01318,2026-10-31,2026-10-31,57312,57312,10316.16,10316.16,1,1,2,EXACT_MATCH
07ABCDE7544F1Z5,07ABCDE7544F1Z5,Supplier 1319,Supplier 1319,INV-01319,INV-01319,2026-12-24,2026-12-24,92646,92646,16676.28,16676.28,1,1,2,EXACT_MATCH
07ABCDE1791F1Z5,07ABCDE1791F1Z5,Supplier 1320,Supplier 1320,INV-01320,INV-01320,2026-04-26,2026-04-26,88900,88900,16002.00,16002.00,1,1,2,EXACT_MATCH
07ABCDE6840F1Z5,07ABCDE6840F1Z5,Supplier 1321,Supplier 1321,INV-01321,INV-01321,2026-01-25,2026-01-25,18216,18216,3278.88,3278.88,1,1,2,EXACT_MATCH
07ABCDE4386F1Z5,07ABCDE4386F1Z5,Supplier 1322,Supplier 1322,INV-01322,INV-01322,2026-03-01,2026-03-01,87063,87063,15671.34,15671.34,1,1,2,EXACT_MATCH
07ABCDE7618F1Z5,07ABCDE7618F1Z5,Supplier 1323,Supplier 1323,INV-01323,INV-01323,2026-01-17,2026-01-17,99466,99466,17903.88,17903.88,1,1,2,EXACT_MATCH
07ABCDE4947F1Z5,07ABCDE4947F1Z5,Supplier 1324,Supplier 1324,INV-01324,INV-01324,2026-01-17,2026-01-17,60041,60041,10807.38,10807.38,1,1,2,EXACT_MATCH
07ABCDE7375F1Z5,07ABCDE7375F1Z5,Supplier 1325,Supplier 1325,INV-01325,INV-01325,2026-03-01,2026-03-01,74366,74366,13385.88,13385.88,1,1,2,EXACT_MATCH
07ABCDE2082F1Z5,07ABCDE2082F1Z5,Supplier 1326,Supplier 1326,INV-01326,INV-01326,2026-06-03,2026-06-03,67898,67898,12221.64,12221.64,1,1,2,EXACT_MATCH
07ABCDE1045F1Z5,07ABCDE1045F1Z5,Supplier 1327,Supplier 1327,INV-01327,INV-01327,2026-01-10,2026-01-10,57617,57617,10371.06,10371.06,1,1,2,EXACT_MATCH
07ABCDE6543F1Z5,07ABCDE6543F1Z5,Supplier 1328,Supplier 1328,INV-01328,INV-01328,2026-06-29,2026-06-29,78552,78552,14139.36,14139.36,1,1,2,EXACT_MATCH
07ABCDE9601F1Z5,07ABCDE9601F1Z5,Supplier 1329,Supplier 1329,INV-01329,INV-01329,2026-01-15,2026-01-15,44772,44772,8058.96,8058.96,1,1,2,EXACT_MATCH
07ABCDE5736F1Z5,07ABCDE5736F1Z5,Supplier 1330,Supplier 1330,INV-01330,INV-01330,2026-10-04,2026-10-04,74306,74306,13375.08,13375.08,1,1,2,EXACT_MATCH
07ABCDE8308F1Z5,07ABCDE8308F1Z5,Supplier 1331,Supplier 1331,INV-01331,INV-01331,2026-01-12,2026-01-12,15518,15518,2793.24,2793.24,1,1,2,EXACT_MATCH
07ABCDE5741F1Z5,07ABCDE5741F1Z5,Supplier 1332,Supplier 1332,INV-01332,INV-01332,2026-09-04,2026-09-04,22406,22406,4033.08,4033.08,1,1,2,EXACT_MATCH
07ABCDE3814F1Z5,07ABCDE3814F1Z5,Supplier 1333,Supplier 1333,INV-01333,INV-01333,2026-07-21,2026-07-21,49380,49380,8888.40,8888.40,1,1,2,EXACT_MATCH
07ABCDE6029F1Z5,07ABCDE6029F1Z5,Supplier 1334,Supplier 1334,INV-01334,INV-01334,2026-02-06,2026-02-06,62771,62771,11298.78,11298.78,1,1,2,EXACT_MATCH
07ABCDE4073F1Z5,07ABCDE4073F1Z5,Supplier 1335,Supplier 1335,INV-01335,INV-01335,2026-05-31,2026-05-31,81343,81343,14641.74,14641.74,1,1,2,EXACT_MATCH
07ABCDE9620F1Z5,07ABCDE9620F1Z5,Supplier 1336,Supplier 1336,INV-01336,INV-01336,2026-04-24,2026-04-24,64959,64959,11692.62,11692.62,1,1,2,EXACT_MATCH
07ABCDE4338F1Z5,07ABCDE4338F1Z5,Supplier 1337,Supplier 1337,INV-01337,INV-01337,2026-02-17,2026-02-17,80761,80761,14536.98,14536.98,1,1,2,EXACT_MATCH
07ABCDE1668F1Z5,07ABCDE1668F1Z5,Supplier 1338,Supplier 1338,INV-01338,INV-01338,2026-12-21,2026-12-21,88736,88736,15972.48,15972.48,1,1,2,EXACT_MATCH
07ABCDE6915F1Z5,07ABCDE6915F1Z5,Supplier 1339,Supplier 1339,INV-01339,INV-01339,2026-02-24,2026-02-24,90970,90970,16374.60,16374.60,1,1,2,EXACT_MATCH
07ABCDE8161F1Z5,07ABCDE8161F1Z5,Supplier 1340,Supplier 1340,INV-01340,INV-01340,2026-03-10,2026-03-10,77935,77935,14028.30,14028.30,1,1,2,EXACT_MATCH
07ABCDE1882F1Z5,07ABCDE1882F1Z5,Supplier 1341,Supplier 1341,INV-01341,INV-01341,2026-09-11,2026-09-11,33567,33567,6042.06,6042.06,1,1,2,EXACT_MATCH
07ABCDE7262F1Z5,07ABCDE7262F1Z5,Supplier 1342,Supplier 1342,INV-01342,INV-01342,2026-12-19,2026-12-19,41810,41810,7525.80,7525.80,1,1,2,EXACT_MATCH
07ABCDE2582F1Z5,07ABCDE2582F1Z5,Supplier 1343,Supplier 1343,INV-01343,INV-01343,2026-05-28,2026-05-28,92903,92903,16722.54,16722.54,1,1,2,EXACT_MATCH
07ABCDE4301F1Z5,07ABCDE4301F1Z5,Supplier 1344,Supplier 1344,INV-01344,INV-01344,2026-02-10,2026-02-10,53608,53608,9649.44,9649.44,1,1,2,EXACT_MATCH
07ABCDE5244F1Z5,07ABCDE5244F1Z5,Supplier 1345,Supplier 1345,INV-01345,INV-01345,2026-12-17,2026-12-17,34423,34423,6196.14,6196.14,1,1,2,EXACT_MATCH
07ABCDE3285F1Z5,07ABCDE3285F1Z5,Supplier 1346,Supplier 1346,INV-01346,INV-01346,2026-09-04,2026-09-04,57026,57026,10264.68,10264.68,1,1,2,EXACT_MATCH
07ABCDE2380F1Z5,07ABCDE2380F1Z5,Supplier 1347,Supplier 1347,INV-01347,INV-01347,2026-05-23,2026-05-23,20613,20613,3710.34,3710.34,1,1,2,EXACT_MATCH
07ABCDE5545F1Z5,07ABCDE5545F1Z5,Supplier 1348,Supplier 1348,INV-01348,INV-01348,2026-12-24,2026-12-24,31338,31338,5640.84,5640.84,1,1,2,EXACT_MATCH
07ABCDE4742F1Z5,07ABCDE4742F1Z5,Supplier 1349,Supplier 1349,INV-01349,INV-01349,2026-02-10,2026-02-10,58225,58225,10480.50,10480.50,1,1,2,EXACT_MATCH
07ABCDE5975F1Z5,07ABCDE5975F1Z5,Supplier 1350,Supplier 1350,INV-01350,INV-01350,2026-08-09,2026-08-09,61206,61206,11017.08,11017.08,1,1,2,EXACT_MATCH
07ABCDE3356F1Z5,07ABCDE3356F1Z5,Supplier 1351,Supplier 1351,INV-01351,INV-01351,2026-07-04,2026-07-04,4047,4047,728.46,728.46,1,1,2,EXACT_MATCH
07ABCDE5875F1Z5,07ABCDE5875F1Z5,Supplier 1352,Supplier 1352,INV-01352,INV-01352,2026-02-09,2026-02-09,79854,79854,14373.72,14373.72,1,1,2,EXACT_MATCH
07ABCDE3568F1Z5,07ABCDE3568F1Z5,Supplier 1353,Supplier 1353,INV-01353,INV-01353,2026-07-23,2026-07-23,33135,33135,5964.30,5964.30,1,1,2,EXACT_MATCH
07ABCDE5832F1Z5,07ABCDE5832F1Z5,Supplier 1354,Supplier 1354,INV-01354,INV-01354,2026-07-29,2026-07-29,28417,28417,5115.06,5115.06,1,1,2,EXACT_MATCH
07ABCDE9319F1Z5,07ABCDE9319F1Z5,Supplier 1355,Supplier 1355,INV-01355,INV-01355,2026-01-27,2026-01-27,71929,71929,12947.22,12947.22,1,1,2,EXACT_MATCH
07ABCDE4186F1Z5,07ABCDE4186F1Z5,Supplier 1356,Supplier 1356,INV-01356,INV-01356,2026-06-12,2026-06-12,99412,99412,17894.16,17894.16,1,1,2,EXACT_MATCH
07ABCDE9152F1Z5,07ABCDE9152F1Z5,Supplier 1357,Supplier 1357,INV-01357,INV-01357,2026-06-19,2026-06-19,41555,41555,7479.90,7479.90,1,1,2,EXACT_MATCH
07ABCDE1197F1Z5,07ABCDE1197F1Z5,Supplier 1358,Supplier 1358,INV-01358,INV-01358,2026-01-27,2026-01-27,33551,33551,6039.18,6039.18,1,1,2,EXACT_MATCH
07ABCDE3300F1Z5,07ABCDE3300F1Z5,Supplier 1359,Supplier 1359,INV-01359,INV-01359,2026-02-25,2026-02-25,9903,9903,1782.54,1782.54,1,1,2,EXACT_MATCH
07ABCDE9748F1Z5,07ABCDE9748F1Z5,Supplier 1360,Supplier 1360,INV-01360,INV-01360,2026-10-04,2026-10-04,78277,78277,14089.86,14089.86,1,1,2,EXACT_MATCH
07ABCDE7936F1Z5,07ABCDE7936F1Z5,Supplier 1361,Supplier 1361,INV-01361,INV-01361,2026-05-20,2026-05-20,52912,52912,9524.16,9524.16,1,1,2,EXACT_MATCH
07ABCDE7282F1Z5,07ABCDE7282F1Z5,Supplier 1362,Supplier 1362,INV-01362,INV-01362,2026-05-01,2026-05-01,79742,79742,14353.56,14353.56,1,1,2,EXACT_MATCH
07ABCDE3933F1Z5,07ABCDE3933F1Z5,Supplier 1363,Supplier 1363,INV-01363,INV-01363,2026-05-10,2026-05-10,49450,49450,8901.00,8901.00,1,1,2,EXACT_MATCH
07ABCDE1394F1Z5,07ABCDE1394F1Z5,Supplier 1364,Supplier 1364,INV-01364,INV-01364,2026-07-13,2026-07-13,99269,99269,17868.42,17868.42,1,1,2,EXACT_MATCH
07ABCDE6529F1Z5,07ABCDE6529F1Z5,Supplier 1365,Supplier 1365,INV-01365,INV-01365,2026-01-24,2026-01-24,46789,46789,8422.02,8422.02,1,1,2,EXACT_MATCH
07ABCDE8498F1Z5,07ABCDE8498F1Z5,Supplier 1366,Supplier 1366,INV-01366,INV-01366,2026-04-18,2026-04-18,91470,91470,16464.60,16464.60,1,1,2,EXACT_MATCH
07ABCDE5555F1Z5,07ABCDE5555F1Z5,Supplier 1367,Supplier 1367,INV-01367,INV-01367,2026-05-24,2026-05-24,75384,75384,13569.12,13569.12,1,1,2,EXACT_MATCH
07ABCDE3586F1Z5,07ABCDE3586F1Z5,Supplier 1368,Supplier 1368,INV-01368,INV-01368,2026-04-14,2026-04-14,9551,9551,1719.18,1719.18,1,1,2,EXACT_MATCH
07ABCDE3655F1Z5,07ABCDE3655F1Z5,Supplier 1369,Supplier 1369,INV-01369,INV-01369,2026-09-18,2026-09-18,25184,25184,4533.12,4533.12,1,1,2,EXACT_MATCH
07ABCDE7391F1Z5,07ABCDE7391F1Z5,Supplier 1370,Supplier 1370,INV-01370,INV-01370,2026-08-04,2026-08-04,24615,24615,4430.70,4430.70,1,1,2,EXACT_MATCH
07ABCDE2459F1Z5,07ABCDE2459F1Z5,Supplier 1371,Supplier 1371,INV-01371,INV-01371,2026-12-03,2026-12-03,42555,42555,7659.90,7659.90,1,1,2,EXACT_MATCH
07ABCDE2716F1Z5,07ABCDE2716F1Z5,Supplier 1372,Supplier 1372,INV-01372,INV-01372,2026-11-26,2026-11-26,86513,86513,15572.34,15572.34,1,1,2,EXACT_MATCH
07ABCDE1921F1Z5,07ABCDE1921F1Z5,Supplier 1373,Supplier 1373,INV-01373,INV-01373,2026-07-13,2026-07-13,8762,8762,1577.16,1577.16,1,1,2,EXACT_MATCH
07ABCDE2746F1Z5,07ABCDE2746F1Z5,Supplier 1374,Supplier 1374,INV-01374,INV-01374,2026-12-21,2026-12-21,72621,72621,13071.78,13071.78,1,1,2,EXACT_MATCH
07ABCDE6869F1Z5,07ABCDE6869F1Z5,Supplier 1375,Supplier 1375,INV-01375,INV-01375,2026-09-24,2026-09-24,69682,69682,12542.76,12542.76,1,1,2,EXACT_MATCH
07ABCDE5146F1Z5,07ABCDE5146F1Z5,Supplier 1376,Supplier 1376,INV-01376,INV-01376,2026-10-18,2026-10-18,47526,47526,8554.68,8554.68,1,1,2,EXACT_MATCH
07ABCDE7097F1Z5,07ABCDE7097F1Z5,Supplier 1377,Supplier 1377,INV-01377,INV-01377,2026-06-30,2026-06-30,76551,76551,13779.18,13779.18,1,1,2,EXACT_MATCH
07ABCDE1703F1Z5,07ABCDE1703F1Z5,Supplier 1378,Supplier 1378,INV-01378,INV-01378,2026-05-23,2026-05-23,82992,82992,14938.56,14938.56,1,1,2,EXACT_MATCH
07ABCDE1556F1Z5,07ABCDE1556F1Z5,Supplier 1379,Supplier 1379,INV-01379,INV-01379,2026-08-26,2026-08-26,11279,11279,2030.22,2030.22,1,1,2,EXACT_MATCH
07ABCDE9716F1Z5,07ABCDE9716F1Z5,Supplier 1380,Supplier 1380,INV-01380,INV-01380,2026-10-08,2026-10-08,94316,94316,16976.88,16976.88,1,1,2,EXACT_MATCH
07ABCDE1394F1Z5,07ABCDE1394F1Z5,Supplier 1381,Supplier 1381,INV-01381,INV-01381,2026-11-08,2026-11-08,58209,58209,10477.62,10477.62,1,1,2,EXACT_MATCH
07ABCDE2102F1Z5,07ABCDE2102F1Z5,Supplier 1382,Supplier 1382,INV-01382,INV-01382,2026-08-11,2026-08-11,99081,99081,17834.58,17834.58,1,1,2,EXACT_MATCH
07ABCDE1848F1Z5,07ABCDE1848F1Z5,Supplier 1383,Supplier 1383,INV-01383,INV-01383,2026-01-21,2026-01-21,58282,58282,10490.76,10490.76,1,1,2,EXACT_MATCH
07ABCDE2021F1Z5,07ABCDE2021F1Z5,Supplier 1384,Supplier 1384,INV-01384,INV-01384,2026-10-06,2026-10-06,84289,84289,15172.02,15172.02,1,1,2,EXACT_MATCH
07ABCDE6421F1Z5,07ABCDE6421F1Z5,Supplier 1385,Supplier 1385,INV-01385,INV-01385,2026-06-29,2026-06-29,92649,92649,16676.82,16676.82,1,1,2,EXACT_MATCH
07ABCDE6301F1Z5,07ABCDE6301F1Z5,Supplier 1386,Supplier 1386,INV-01386,INV-01386,2026-12-28,2026-12-28,47716,47716,8588.88,8588.88,1,1,2,EXACT_MATCH
07ABCDE6979F1Z5,07ABCDE6979F1Z5,Supplier 1387,Supplier 1387,INV-01387,INV-01387,2026-10-20,2026-10-20,1611,1611,289.98,289.98,1,1,2,EXACT_MATCH
07ABCDE1659F1Z5,07ABCDE1659F1Z5,Supplier 1388,Supplier 1388,INV-01388,INV-01388,2026-01-20,2026-01-20,98461,98461,17722.98,17722.98,1,1,2,EXACT_MATCH
07ABCDE3975F1Z5,07ABCDE3975F1Z5,Supplier 1389,Supplier 1389,INV-01389,INV-01389,2026-07-20,2026-07-20,94277,94277,16969.86,16969.86,1,1,2,EXACT_MATCH
07ABCDE1343F1Z5,07ABCDE1343F1Z5,Supplier 1390,Supplier 1390,INV-01390,INV-01390,2026-04-01,2026-04-01,78494,78494,14128.92,14128.92,1,1,2,EXACT_MATCH
07ABCDE7077F1Z5,07ABCDE7077F1Z5,Supplier 1391,Supplier 1391,INV-01391,INV-01391,2026-11-27,2026-11-27,67681,67681,12182.58,12182.58,1,1,2,EXACT_MATCH
07ABCDE5399F1Z5,07ABCDE5399F1Z5,Supplier 1392,Supplier 1392,INV-01392,INV-01392,2026-09-20,2026-09-20,43206,43206,7777.08,7777.08,1,1,2,EXACT_MATCH
07ABCDE1310F1Z5,07ABCDE1310F1Z5,Supplier 1393,Supplier 1393,INV-01393,INV-01393,2026-05-05,2026-05-05,87969,87969,15834.42,15834.42,1,1,2,EXACT_MATCH
07ABCDE1240F1Z5,07ABCDE1240F1Z5,Supplier 1394,Supplier 1394,INV-01394,INV-01394,2026-11-23,2026-11-23,2015,2015,362.70,362.70,1,1,2,EXACT_MATCH
07ABCDE7677F1Z5,07ABCDE7677F1Z5,Supplier 1395,Supplier 1395,INV-01395,INV-01395,2026-06-11,2026-06-11,37149,37149,6686.82,6686.82,1,1,2,EXACT_MATCH
07ABCDE7458F1Z5,07ABCDE7458F1Z5,Supplier 1396,Supplier 1396,INV-01396,INV-01396,2026-08-25,2026-08-25,27205,27205,4896.90,4896.90,1,1,2,EXACT_MATCH
07ABCDE5687F1Z5,07ABCDE5687F1Z5,Supplier 1397,Supplier 1397,INV-01397,INV-01397,2026-01-15,2026-01-15,31723,31723,5710.14,5710.14,1,1,2,EXACT_MATCH
07ABCDE4167F1Z5,07ABCDE4167F1Z5,Supplier 1398,Supplier 1398,INV-01398,INV-01398,2026-03-02,2026-03-02,72956,72956,13132.08,13132.08,1,1,2,EXACT_MATCH
07ABCDE8140F1Z5,07ABCDE8140F1Z5,Supplier 1399,Supplier 1399,INV-01399,INV-01399,2026-05-12,2026-05-12,40685,40685,7323.30,7323.30,1,1,2,EXACT_MATCH
07ABCDE6546F1Z5,07ABCDE6546F1Z5,Supplier 1400,Supplier 1400,INV-01400,INV-01400,2026-03-06,2026-03-06,92376,92376,16627.68,16627.68,1,1,2,EXACT_MATCH
07ABCDE5560F1Z5,07ABCDE5560F1Z5,Supplier 1401,Supplier 1401,INV-01401,INV-01401,2026-06-16,2026-06-16,41621,41621,7491.78,7491.78,1,1,2,EXACT_MATCH
07ABCDE6431F1Z5,07ABCDE6431F1Z5,Supplier 1402,Supplier 1402,INV-01402,INV-01402,2026-11-17,2026-11-17,37364,37364,6725.52,6725.52,1,1,2,EXACT_MATCH
07ABCDE2654F1Z5,07ABCDE2654F1Z5,Supplier 1403,Supplier 1403,INV-01403,INV-01403,2026-09-11,2026-09-11,65828,65828,11849.04,11849.04,1,1,2,EXACT_MATCH
07ABCDE1047F1Z5,07ABCDE1047F1Z5,Supplier 1404,Supplier 1404,INV-01404,INV-01404,2026-04-01,2026-04-01,86434,86434,15558.12,15558.12,1,1,2,EXACT_MATCH
07ABCDE2801F1Z5,07ABCDE2801F1Z5,Supplier 1405,Supplier 1405,INV-01405,INV-01405,2026-07-22,2026-07-22,89173,89173,16051.14,16051.14,1,1,2,EXACT_MATCH
07ABCDE5201F1Z5,07ABCDE5201F1Z5,Supplier 1406,Supplier 1406,INV-01406,INV-01406,2026-04-28,2026-04-28,56198,56198,10115.64,10115.64,1,1,2,EXACT_MATCH
07ABCDE8946F1Z5,07ABCDE8946F1Z5,Supplier 1407,Supplier 1407,INV-01407,INV-01407,2026-01-20,2026-01-20,26806,26806,4825.08,4825.08,1,1,2,EXACT_MATCH
07ABCDE6125F1Z5,07ABCDE6125F1Z5,Supplier 1408,Supplier 1408,INV-01408,INV-01408,2026-09-02,2026-09-02,93008,93008,16741.44,16741.44,1,1,2,EXACT_MATCH
07ABCDE9820F1Z5,07ABCDE9820F1Z5,Supplier 1409,Supplier 1409,INV-01409,INV-01409,2026-03-23,2026-03-23,17315,17315,3116.70,3116.70,1,1,2,EXACT_MATCH
07ABCDE8161F1Z5,07ABCDE8161F1Z5,Supplier 1410,Supplier 1410,INV-01410,INV-01410,2026-09-04,2026-09-04,4202,4202,756.36,756.36,1,1,2,EXACT_MATCH
07ABCDE5505F1Z5,07ABCDE5505F1Z5,Supplier 1411,Supplier 1411,INV-01411,INV-01411,2026-02-17,2026-02-17,83792,83792,15082.56,15082.56,1,1,2,EXACT_MATCH
07ABCDE2260F1Z5,07ABCDE2260F1Z5,Supplier 1412,Supplier 1412,INV-01412,INV-01412,2026-07-02,2026-07-02,4284,4284,771.12,771.12,1,1,2,EXACT_MATCH
07ABCDE9485F1Z5,07ABCDE9485F1Z5,Supplier 1413,Supplier 1413,INV-01413,INV-01413,2026-01-07,2026-01-07,63347,63347,11402.46,11402.46,1,1,2,EXACT_MATCH
07ABCDE4049F1Z5,07ABCDE4049F1Z5,Supplier 1414,Supplier 1414,INV-01414,INV-01414,2026-03-22,2026-03-22,1018,1018,183.24,183.24,1,1,2,EXACT_MATCH
07ABCDE4707F1Z5,07ABCDE4707F1Z5,Supplier 1415,Supplier 1415,INV-01415,INV-01415,2026-01-10,2026-01-10,27501,27501,4950.18,4950.18,1,1,2,EXACT_MATCH
07ABCDE1569F1Z5,07ABCDE1569F1Z5,Supplier 1416,Supplier 1416,INV-01416,INV-01416,2026-02-16,2026-02-16,49885,49885,8979.30,8979.30,1,1,2,EXACT_MATCH
07ABCDE6211F1Z5,07ABCDE6211F1Z5,Supplier 1417,Supplier 1417,INV-01417,INV-01417,2026-07-20,2026-07-20,78980,78980,14216.40,14216.40,1,1,2,EXACT_MATCH
07ABCDE2915F1Z5,07ABCDE2915F1Z5,Supplier 1418,Supplier 1418,INV-01418,INV-01418,2026-01-22,2026-01-22,36813,36813,6626.34,6626.34,1,1,2,EXACT_MATCH
07ABCDE1352F1Z5,07ABCDE1352F1Z5,Supplier 1419,Supplier 1419,INV-01419,INV-01419,2026-03-05,2026-03-05,19359,19359,3484.62,3484.62,1,1,2,EXACT_MATCH
07ABCDE4097F1Z5,07ABCDE4097F1Z5,Supplier 1420,Supplier 1420,INV-01420,INV-01420,2026-08-11,2026-08-11,74069,74069,13332.42,13332.42,1,1,2,EXACT_MATCH
07ABCDE4137F1Z5,07ABCDE4137F1Z5,Supplier 1421,Supplier 1421,INV-01421,INV-01421,2026-09-18,2026-09-18,88560,88560,15940.80,15940.80,1,1,2,EXACT_MATCH
07ABCDE7215F1Z5,07ABCDE7215F1Z5,Supplier 1422,Supplier 1422,INV-01422,INV-01422,2026-04-21,2026-04-21,85441,85441,15379.38,15379.38,1,1,2,EXACT_MATCH
07ABCDE2134F1Z5,07ABCDE2134F1Z5,Supplier 1423,Supplier 1423,INV-01423,INV-01423,2026-10-16,2026-10-16,72092,72092,12976.56,12976.56,1,1,2,EXACT_MATCH
07ABCDE7282F1Z5,07ABCDE7282F1Z5,Supplier 1424,Supplier 1424,INV-01424,INV-01424,2026-05-01,2026-05-01,23913,23913,4304.34,4304.34,1,1,2,EXACT_MATCH
07ABCDE5063F1Z5,07ABCDE5063F1Z5,Supplier 1425,Supplier 1425,INV-01425,INV-01425,2026-08-03,2026-08-03,46779,46779,8420.22,8420.22,1,1,2,EXACT_MATCH
07ABCDE2673F1Z5,07ABCDE2673F1Z5,Supplier 1426,Supplier 1426,INV-01426,INV-01426,2026-08-08,2026-08-08,2515,2515,452.70,452.70,1,1,2,EXACT_MATCH
07ABCDE4758F1Z5,07ABCDE4758F1Z5,Supplier 1427,Supplier 1427,INV-01427,INV-01427,2026-11-14,2026-11-14,64953,64953,11691.54,11691.54,1,1,2,EXACT_MATCH
07ABCDE1436F1Z5,07ABCDE1436F1Z5,Supplier 1428,Supplier 1428,INV-01428,INV-01428,2026-02-08,2026-02-08,2527,2527,454.86,454.86,1,1,2,EXACT_MATCH
07ABCDE4744F1Z5,07ABCDE4744F1Z5,Supplier 1429,Supplier 1429,INV-01429,INV-01429,2026-09-04,2026-09-04,4075,4075,733.50,733.50,1,1,2,EXACT_MATCH
07ABCDE8954F1Z5,07ABCDE8954F1Z5,Supplier 1430,Supplier 1430,INV-01430,INV-01430,2026-07-03,2026-07-03,36413,36413,6554.34,6554.34,1,1,2,EXACT_MATCH
07ABCDE1011F1Z5,07ABCDE1011F1Z5,Supplier 1431,Supplier 1431,INV-01431,INV-01431,2026-06-26,2026-06-26,84491,84491,15208.38,15208.38,1,1,2,EXACT_MATCH
07ABCDE9152F1Z5,07ABCDE9152F1Z5,Supplier 1432,Supplier 1432,INV-01432,INV-01432,2026-10-31,2026-10-31,90520,90520,16293.60,16293.60,1,1,2,EXACT_MATCH
07ABCDE5013F1Z5,07ABCDE5013F1Z5,Supplier 1433,Supplier 1433,INV-01433,INV-01433,2026-07-16,2026-07-16,72758,72758,13096.44,13096.44,1,1,2,EXACT_MATCH
07ABCDE2958F1Z5,07ABCDE2958F1Z5,Supplier 1434,Supplier 1434,INV-01434,INV-01434,2026-09-23,2026-09-23,33586,33586,6045.48,6045.48,1,1,2,EXACT_MATCH
07ABCDE8899F1Z5,07ABCDE8899F1Z5,Supplier 1435,Supplier 1435,INV-01435,INV-01435,2026-09-21,2026-09-21,79009,79009,14221.62,14221.62,1,1,2,EXACT_MATCH
07ABCDE6802F1Z5,07ABCDE6802F1Z5,Supplier 1436,Supplier 1436,INV-01436,INV-01436,2026-10-12,2026-10-12,75123,75123,13522.14,13522.14,1,1,2,EXACT_MATCH
07ABCDE5194F1Z5,07ABCDE5194F1Z5,Supplier 1437,Supplier 1437,INV-01437,INV-01437,2026-02-09,2026-02-09,49297,49297,8873.46,8873.46,1,1,2,EXACT_MATCH
07ABCDE2296F1Z5,07ABCDE2296F1Z5,Supplier 1438,Supplier 1438,INV-01438,INV-01438,2026-02-08,2026-02-08,98273,98273,17689.14,17689.14,1,1,2,EXACT_MATCH
07ABCDE9502F1Z5,07ABCDE9502F1Z5,Supplier 1439,Supplier 1439,INV-01439,INV-01439,2026-09-03,2026-09-03,15282,15282,2750.76,2750.76,1,1,2,EXACT_MATCH
07ABCDE6596F1Z5,07ABCDE6596F1Z5,Supplier 1440,Supplier 1440,INV-01440,INV-01440,2026-02-08,2026-02-08,90562,90562,16301.16,16301.16,1,1,2,EXACT_MATCH
07ABCDE6368F1Z5,07ABCDE6368F1Z5,Supplier 1441,Supplier 1441,INV-01441,INV-01441,2026-12-04,2026-12-04,80234,80234,14442.12,14442.12,1,1,2,EXACT_MATCH
07ABCDE3533F1Z5,07ABCDE3533F1Z5,Supplier 1442,Supplier 1442,INV-01442,INV-01442,2026-01-12,2026-01-12,85437,85437,15378.66,15378.66,1,1,2,EXACT_MATCH
07ABCDE5493F1Z5,07ABCDE5493F1Z5,Supplier 1443,Supplier 1443,INV-01443,INV-01443,2026-10-02,2026-10-02,75837,75837,13650.66,13650.66,1,1,2,EXACT_MATCH
07ABCDE1562F1Z5,07ABCDE1562F1Z5,Supplier 1444,Supplier 1444,INV-01444,INV-01444,2026-11-26,2026-11-26,74122,74122,13341.96,13341.96,1,1,2,EXACT_MATCH
07ABCDE3304F1Z5,07ABCDE3304F1Z5,Supplier 1445,Supplier 1445,INV-01445,INV-01445,2026-04-09,2026-04-09,76055,76055,13689.90,13689.90,1,1,2,EXACT_MATCH
07ABCDE2697F1Z5,07ABCDE2697F1Z5,Supplier 1446,Supplier 1446,INV-01446,INV-01446,2026-03-12,2026-03-12,96612,96612,17390.16,17390.16,1,1,2,EXACT_MATCH
07ABCDE1789F1Z5,07ABCDE1789F1Z5,Supplier 1447,Supplier 1447,INV-01447,INV-01447,2026-05-30,2026-05-30,69382,69382,12488.76,12488.76,1,1,2,EXACT_MATCH
07ABCDE1422F1Z5,07ABCDE1422F1Z5,Supplier 1448,Supplier 1448,INV-01448,INV-01448,2026-12-04,2026-12-04,5647,5647,1016.46,1016.46,1,1,2,EXACT_MATCH
07ABCDE9044F1Z5,07ABCDE9044F1Z5,Supplier 1449,Supplier 1449,INV-01449,INV-01449,2026-10-16,2026-10-16,24158,24158,4348.44,4348.44,1,1,2,EXACT_MATCH
07ABCDE7727F1Z5,07ABCDE7727F1Z5,Supplier 1450,Supplier 1450,INV-01450,INV-01450,2026-05-20,2026-05-20,44895,44895,8081.10,8081.10,1,1,2,EXACT_MATCH
07ABCDE3598F1Z5,07ABCDE3598F1Z5,Supplier 1451,Supplier 1451,INV-01451,INV-01451,2026-05-05,2026-05-05,80216,80216,14438.88,14438.88,1,1,2,EXACT_MATCH
07ABCDE4481F1Z5,07ABCDE4481F1Z5,Supplier 1452,Supplier 1452,INV-01452,INV-01452,2026-06-21,2026-06-21,80380,80380,14468.40,14468.40,1,1,2,EXACT_MATCH
07ABCDE6688F1Z5,07ABCDE6688F1Z5,Supplier 1453,Supplier 1453,INV-01453,INV-01453,2026-05-27,2026-05-27,75694,75694,13624.92,13624.92,1,1,2,EXACT_MATCH
07ABCDE1725F1Z5,07ABCDE1725F1Z5,Supplier 1454,Supplier 1454,INV-01454,INV-01454,2026-04-08,2026-04-08,79132,79132,14243.76,14243.76,1,1,2,EXACT_MATCH
07ABCDE5918F1Z5,07ABCDE5918F1Z5,Supplier 1455,Supplier 1455,INV-01455,INV-01455,2026-08-06,2026-08-06,54005,54005,9720.90,9720.90,1,1,2,EXACT_MATCH
07ABCDE2820F1Z5,07ABCDE2820F1Z5,Supplier 1456,Supplier 1456,INV-01456,INV-01456,2026-01-20,2026-01-20,51821,51821,9327.78,9327.78,1,1,2,EXACT_MATCH
07ABCDE8360F1Z5,07ABCDE8360F1Z5,Supplier 1457,Supplier 1457,INV-01457,INV-01457,2026-01-26,2026-01-26,84694,84694,15244.92,15244.92,1,1,2,EXACT_MATCH
07ABCDE7226F1Z5,07ABCDE7226F1Z5,Supplier 1458,Supplier 1458,INV-01458,INV-01458,2026-12-02,2026-12-02,8502,8502,1530.36,1530.36,1,1,2,EXACT_MATCH
07ABCDE1292F1Z5,07ABCDE1292F1Z5,Supplier 1459,Supplier 1459,INV-01459,INV-01459,2026-07-08,2026-07-08,32144,32144,5785.92,5785.92,1,1,2,EXACT_MATCH
07ABCDE9278F1Z5,07ABCDE9278F1Z5,Supplier 1460,Supplier 1460,INV-01460,INV-01460,2026-12-29,2026-12-29,68705,68705,12366.90,12366.90,1,1,2,EXACT_MATCH
07ABCDE6962F1Z5,07ABCDE6962F1Z5,Supplier 1461,Supplier 1461,INV-01461,INV-01461,2026-01-22,2026-01-22,93412,93412,16814.16,16814.16,1,1,2,EXACT_MATCH
07ABCDE4769F1Z5,07ABCDE4769F1Z5,Supplier 1462,Supplier 1462,INV-01462,INV-01462,2026-09-18,2026-09-18,8946,8946,1610.28,1610.28,1,1,2,EXACT_MATCH
07ABCDE8650F1Z5,07ABCDE8650F1Z5,Supplier 1463,Supplier 1463,INV-01463,INV-01463,2026-09-14,2026-09-14,63963,63963,11513.34,11513.34,1,1,2,EXACT_MATCH
07ABCDE7865F1Z5,07ABCDE7865F1Z5,Supplier 1464,Supplier 1464,INV-01464,INV-01464,2026-03-02,2026-03-02,85600,85600,15408.00,15408.00,1,1,2,EXACT_MATCH
07ABCDE4869F1Z5,07ABCDE4869F1Z5,Supplier 1465,Supplier 1465,INV-01465,INV-01465,2026-07-06,2026-07-06,76395,76395,13751.10,13751.10,1,1,2,EXACT_MATCH
07ABCDE7864F1Z5,07ABCDE7864F1Z5,Supplier 1466,Supplier 1466,INV-01466,INV-01466,2026-04-23,2026-04-23,75426,75426,13576.68,13576.68,1,1,2,EXACT_MATCH
07ABCDE1562F1Z5,07ABCDE1562F1Z5,Supplier 1467,Supplier 1467,INV-01467,INV-01467,2026-02-28,2026-02-28,16574,16574,2983.32,2983.32,1,1,2,EXACT_MATCH
07ABCDE9132F1Z5,07ABCDE9132F1Z5,Supplier 1468,Supplier 1468,INV-01468,INV-01468,2026-05-25,2026-05-25,79190,79190,14254.20,14254.20,1,1,2,EXACT_MATCH
07ABCDE3823F1Z5,07ABCDE3823F1Z5,Supplier 1469,Supplier 1469,INV-01469,INV-01469,2026-06-04,2026-06-04,70330,70330,12659.40,12659.40,1,1,2,EXACT_MATCH
07ABCDE3699F1Z5,07ABCDE3699F1Z5,Supplier 1470,Supplier 1470,INV-01470,INV-01470,2026-09-24,2026-09-24,4784,4784,861.12,861.12,1,1,2,EXACT_MATCH
07ABCDE6298F1Z5,07ABCDE6298F1Z5,Supplier 1471,Supplier 1471,INV-01471,INV-01471,2026-02-15,2026-02-15,4432,4432,797.76,797.76,1,1,2,EXACT_MATCH
07ABCDE4875F1Z5,07ABCDE4875F1Z5,Supplier 1472,Supplier 1472,INV-01472,INV-01472,2026-07-24,2026-07-24,66136,66136,11904.48,11904.48,1,1,2,EXACT_MATCH
07ABCDE3936F1Z5,07ABCDE3936F1Z5,Supplier 1473,Supplier 1473,INV-01473,INV-01473,2026-06-17,2026-06-17,54748,54748,9854.64,9854.64,1,1,2,EXACT_MATCH
07ABCDE1509F1Z5,07ABCDE1509F1Z5,Supplier 1474,Supplier 1474,INV-01474,INV-01474,2026-08-23,2026-08-23,99272,99272,17868.96,17868.96,1,1,2,EXACT_MATCH
07ABCDE6524F1Z5,07ABCDE6524F1Z5,Supplier 1475,Supplier 1475,INV-01475,INV-01475,2026-02-22,2026-02-22,83290,83290,14992.20,14992.20,1,1,2,EXACT_MATCH
07ABCDE9340F1Z5,07ABCDE9340F1Z5,Supplier 1476,Supplier 1476,INV-01476,INV-01476,2026-02-24,2026-02-24,1352,1352,243.36,243.36,1,1,2,EXACT_MATCH
07ABCDE5417F1Z5,07ABCDE5417F1Z5,Supplier 1477,Supplier 1477,INV-01477,INV-01477,2026-10-04,2026-10-04,91223,91223,16420.14,16420.14,1,1,2,EXACT_MATCH
07ABCDE1367F1Z5,07ABCDE1367F1Z5,Supplier 1478,Supplier 1478,INV-01478,INV-01478,2026-02-08,2026-02-08,78237,78237,14082.66,14082.66,1,1,2,EXACT_MATCH
07ABCDE2333F1Z5,07ABCDE2333F1Z5,Supplier 1479,Supplier 1479,INV-01479,INV-01479,2026-11-15,2026-11-15,2949,2949,530.82,530.82,1,1,2,EXACT_MATCH
07ABCDE9933F1Z5,07ABCDE9933F1Z5,Supplier 1480,Supplier 1480,INV-01480,INV-01480,2026-09-29,2026-09-29,4243,4243,763.74,763.74,1,1,2,EXACT_MATCH
07ABCDE4071F1Z5,07ABCDE4071F1Z5,Supplier 1481,Supplier 1481,INV-01481,INV-01481,2026-04-26,2026-04-26,78398,78398,14111.64,14111.64,1,1,2,EXACT_MATCH
07ABCDE8677F1Z5,07ABCDE8677F1Z5,Supplier 1482,Supplier 1482,INV-01482,INV-01482,2026-06-03,2026-06-03,91824,91824,16528.32,16528.32,1,1,2,EXACT_MATCH
07ABCDE9749F1Z5,07ABCDE9749F1Z5,Supplier 1483,Supplier 1483,INV-01483,INV-01483,2026-01-04,2026-01-04,73908,73908,13303.44,13303.44,1,1,2,EXACT_MATCH
07ABCDE7674F1Z5,07ABCDE7674F1Z5,Supplier 1484,Supplier 1484,INV-01484,INV-01484,2026-08-15,2026-08-15,31991,31991,5758.38,5758.38,1,1,2,EXACT_MATCH
07ABCDE8221F1Z5,07ABCDE8221F1Z5,Supplier 1485,Supplier 1485,INV-01485,INV-01485,2026-07-26,2026-07-26,39075,39075,7033.50,7033.50,1,1,2,EXACT_MATCH
07ABCDE6335F1Z5,07ABCDE6335F1Z5,Supplier 1486,Supplier 1486,INV-01486,INV-01486,2026-02-13,2026-02-13,46468,46468,8364.24,8364.24,1,1,2,EXACT_MATCH
07ABCDE1324F1Z5,07ABCDE1324F1Z5,Supplier 1487,Supplier 1487,INV-01487,INV-01487,2026-12-18,2026-12-18,45621,45621,8211.78,8211.78,1,1,2,EXACT_MATCH
07ABCDE7716F1Z5,07ABCDE7716F1Z5,Supplier 1488,Supplier 1488,INV-01488,INV-01488,2026-03-05,2026-03-05,1411,1411,253.98,253.98,1,1,2,EXACT_MATCH
07ABCDE6657F1Z5,07ABCDE6657F1Z5,Supplier 1489,Supplier 1489,INV-01489,INV-01489,2026-10-19,2026-10-19,86434,86434,15558.12,15558.12,1,1,2,EXACT_MATCH
07ABCDE7890F1Z5,07ABCDE7890F1Z5,Supplier 1490,Supplier 1490,INV-01490,INV-01490,2026-03-16,2026-03-16,13427,13427,2416.86,2416.86,1,1,2,EXACT_MATCH
07ABCDE2917F1Z5,07ABCDE2917F1Z5,Supplier 1491,Supplier 1491,INV-01491,INV-01491,2026-09-10,2026-09-10,13348,13348,2402.64,2402.64,1,1,2,EXACT_MATCH
07ABCDE1835F1Z5,07ABCDE1835F1Z5,Supplier 1492,Supplier 1492,INV-01492,INV-01492,2026-09-03,2026-09-03,32337,32337,5820.66,5820.66,1,1,2,EXACT_MATCH
07ABCDE5709F1Z5,07ABCDE5709F1Z5,Supplier 1493,Supplier 1493,INV-01493,INV-01493,2026-08-23,2026-08-23,69044,69044,12427.92,12427.92,1,1,2,EXACT_MATCH
07ABCDE1242F1Z5,07ABCDE1242F1Z5,Supplier 1494,Supplier 1494,INV-01494,INV-01494,2026-12-07,2026-12-07,14622,14622,2631.96,2631.96,1,1,2,EXACT_MATCH
07ABCDE4809F1Z5,07ABCDE4809F1Z5,Supplier 1495,Supplier 1495,INV-01495,INV-01495,2026-11-21,2026-11-21,59905,59905,10782.90,10782.90,1,1,2,EXACT_MATCH
07ABCDE6904F1Z5,07ABCDE6904F1Z5,Supplier 1496,Supplier 1496,INV-01496,INV-01496,2026-12-16,2026-12-16,12183,12183,2192.94,2192.94,1,1,2,EXACT_MATCH
07ABCDE8993F1Z5,07ABCDE8993F1Z5,Supplier 1497,Supplier 1497,INV-01497,INV-01497,2026-10-29,2026-10-29,12112,12112,2180.16,2180.16,1,1,2,EXACT_MATCH
07ABCDE4996F1Z5,07ABCDE4996F1Z5,Supplier 1498,Supplier 1498,INV-01498,INV-01498,2026-05-10,2026-05-10,49409,49409,8893.62,8893.62,1,1,2,EXACT_MATCH
07ABCDE5147F1Z5,07ABCDE5147F1Z5,Supplier 1499,Supplier 1499,INV-01499,INV-01499,2026-07-17,2026-07-17,79848,79848,14372.64,14372.64,1,1,2,EXACT_MATCH
07ABCDE5323F1Z5,07ABCDE5323F1Z5,Supplier 1500,Supplier 1500,INV-01500,INV-01500,2026-11-01,2026-11-01,35608,35608,6409.44,6409.44,1,1,2,EXACT_MATCH
07ABCDE2538F1Z5,07ABCDE2538F1Z5,Supplier 1501,Supplier 1501,INV-01501,INV-01501,2026-03-02,2026-03-02,66151,66151,11907.18,11907.18,1,1,2,EXACT_MATCH
07ABCDE6659F1Z5,07ABCDE6659F1Z5,Supplier 1502,Supplier 1502,INV-01502,INV-01502,2026-05-30,2026-05-30,7445,7445,1340.10,1340.10,1,1,2,EXACT_MATCH
07ABCDE9478F1Z5,07ABCDE9478F1Z5,Supplier 1503,Supplier 1503,INV-01503,INV-01503,2026-07-28,2026-07-28,23993,23993,4318.74,4318.74,1,1,2,EXACT_MATCH
07ABCDE4209F1Z5,07ABCDE4209F1Z5,Supplier 1504,Supplier 1504,INV-01504,INV-01504,2026-01-31,2026-01-31,65685,65685,11823.30,11823.30,1,1,2,EXACT_MATCH
07ABCDE5375F1Z5,07ABCDE5375F1Z5,Supplier 1505,Supplier 1505,INV-01505,INV-01505,2026-01-28,2026-01-28,2161,2161,388.98,388.98,1,1,2,EXACT_MATCH
07ABCDE7854F1Z5,07ABCDE7854F1Z5,Supplier 1506,Supplier 1506,INV-01506,INV-01506,2026-08-03,2026-08-03,86275,86275,15529.50,15529.50,1,1,2,EXACT_MATCH
07ABCDE9631F1Z5,07ABCDE9631F1Z5,Supplier 1507,Supplier 1507,INV-01507,INV-01507,2026-10-19,2026-10-19,25658,25658,4618.44,4618.44,1,1,2,EXACT_MATCH
07ABCDE3021F1Z5,07ABCDE3021F1Z5,Supplier 1508,Supplier 1508,INV-01508,INV-01508,2026-05-01,2026-05-01,97587,97587,17565.66,17565.66,1,1,2,EXACT_MATCH
07ABCDE4221F1Z5,07ABCDE4221F1Z5,Supplier 1509,Supplier 1509,INV-01509,INV-01509,2026-07-05,2026-07-05,58149,58149,10466.82,10466.82,1,1,2,EXACT_MATCH
07ABCDE9146F1Z5,07ABCDE9146F1Z5,Supplier 1510,Supplier 1510,INV-01510,INV-01510,2026-06-26,2026-06-26,78625,78625,14152.50,14152.50,1,1,2,EXACT_MATCH
07ABCDE6869F1Z5,07ABCDE6869F1Z5,Supplier 1511,Supplier 1511,INV-01511,INV-01511,2026-02-03,2026-02-03,11617,11617,2091.06,2091.06,1,1,2,EXACT_MATCH
07ABCDE4029F1Z5,07ABCDE4029F1Z5,Supplier 1512,Supplier 1512,INV-01512,INV-01512,2026-06-24,2026-06-24,85613,85613,15410.34,15410.34,1,1,2,EXACT_MATCH
07ABCDE7402F1Z5,07ABCDE7402F1Z5,Supplier 1513,Supplier 1513,INV-01513,INV-01513,2026-11-23,2026-11-23,93700,93700,16866.00,16866.00,1,1,2,EXACT_MATCH
07ABCDE8659F1Z5,07ABCDE8659F1Z5,Supplier 1514,Supplier 1514,INV-01514,INV-01514,2026-03-20,2026-03-20,9403,9403,1692.54,1692.54,1,1,2,EXACT_MATCH
07ABCDE2528F1Z5,07ABCDE2528F1Z5,Supplier 1515,Supplier 1515,INV-01515,INV-01515,2026-07-04,2026-07-04,64813,64813,11666.34,11666.34,1,1,2,EXACT_MATCH
07ABCDE8662F1Z5,07ABCDE8662F1Z5,Supplier 1516,Supplier 1516,INV-01516,INV-01516,2026-09-01,2026-09-01,93222,93222,16779.96,16779.96,1,1,2,EXACT_MATCH
07ABCDE8558F1Z5,07ABCDE8558F1Z5,Supplier 1517,Supplier 1517,INV-01517,INV-01517,2026-06-19,2026-06-19,86682,86682,15602.76,15602.76,1,1,2,EXACT_MATCH
07ABCDE9989F1Z5,07ABCDE9989F1Z5,Supplier 1518,Supplier 1518,INV-01518,INV-01518,2026-01-26,2026-01-26,9836,9836,1770.48,1770.48,1,1,2,EXACT_MATCH
07ABCDE3981F1Z5,07ABCDE3981F1Z5,Supplier 1519,Supplier 1519,INV-01519,INV-01519,2026-08-21,2026-08-21,88009,88009,15841.62,15841.62,1,1,2,EXACT_MATCH
07ABCDE1511F1Z5,07ABCDE1511F1Z5,Supplier 1520,Supplier 1520,INV-01520,INV-01520,2026-05-16,2026-05-16,14633,14633,2633.94,2633.94,1,1,2,EXACT_MATCH
07ABCDE1235F1Z5,07ABCDE1235F1Z5,Supplier 1521,Supplier 1521,INV-01521,INV-01521,2026-03-12,2026-03-12,31942,31942,5749.56,5749.56,1,1,2,EXACT_MATCH
07ABCDE5907F1Z5,07ABCDE5907F1Z5,Supplier 1522,Supplier 1522,INV-01522,INV-01522,2026-07-30,2026-07-30,61443,61443,11059.74,11059.74,1,1,2,EXACT_MATCH
07ABCDE1575F1Z5,07ABCDE1575F1Z5,Supplier 1523,Supplier 1523,INV-01523,INV-01523,2026-10-04,2026-10-04,11374,11374,2047.32,2047.32,1,1,2,EXACT_MATCH
07ABCDE5337F1Z5,07ABCDE5337F1Z5,Supplier 1524,Supplier 1524,INV-01524,INV-01524,2026-08-24,2026-08-24,42759,42759,7696.62,7696.62,1,1,2,EXACT_MATCH
07ABCDE2404F1Z5,07ABCDE2404F1Z5,Supplier 1525,Supplier 1525,INV-01525,INV-01525,2026-03-21,2026-03-21,94705,94705,17046.90,17046.90,1,1,2,EXACT_MATCH
07ABCDE9447F1Z5,07ABCDE9447F1Z5,Supplier 1526,Supplier 1526,INV-01526,INV-01526,2026-02-24,2026-02-24,18423,18423,3316.14,3316.14,1,1,2,EXACT_MATCH
07ABCDE4412F1Z5,07ABCDE4412F1Z5,Supplier 1527,Supplier 1527,INV-01527,INV-01527,2026-02-12,2026-02-12,44400,44400,7992.00,7992.00,1,1,2,EXACT_MATCH
07ABCDE1140F1Z5,07ABCDE1140F1Z5,Supplier 1528,Supplier 1528,INV-01528,INV-01528,2026-07-20,2026-07-20,17498,17498,3149.64,3149.64,1,1,2,EXACT_MATCH
07ABCDE5872F1Z5,07ABCDE5872F1Z5,Supplier 1529,Supplier 1529,INV-01529,INV-01529,2026-09-02,2026-09-02,61174,61174,11011.32,11011.32,1,1,2,EXACT_MATCH
07ABCDE5737F1Z5,07ABCDE5737F1Z5,Supplier 1530,Supplier 1530,INV-01530,INV-01530,2027-01-01,2027-01-01,43621,43621,7851.78,7851.78,1,1,2,EXACT_MATCH
07ABCDE1589F1Z5,07ABCDE1589F1Z5,Supplier 1531,Supplier 1531,INV-01531,INV-01531,2026-10-28,2026-10-28,40136,40136,7224.48,7224.48,1,1,2,EXACT_MATCH
07ABCDE7819F1Z5,07ABCDE7819F1Z5,Supplier 1532,Supplier 1532,INV-01532,INV-01532,2026-07-27,2026-07-27,20768,20768,3738.24,3738.24,1,1,2,EXACT_MATCH
07ABCDE1634F1Z5,07ABCDE1634F1Z5,Supplier 1533,Supplier 1533,INV-01533,INV-01533,2026-09-18,2026-09-18,79438,79438,14298.84,14298.84,1,1,2,EXACT_MATCH
07ABCDE9628F1Z5,07ABCDE9628F1Z5,Supplier 1534,Supplier 1534,INV-01534,INV-01534,2026-10-20,2026-10-20,43507,43507,7831.26,7831.26,1,1,2,EXACT_MATCH
07ABCDE4291F1Z5,07ABCDE4291F1Z5,Supplier 1535,Supplier 1535,INV-01535,INV-01535,2026-06-03,2026-06-03,99995,99995,17999.10,17999.10,1,1,2,EXACT_MATCH
07ABCDE2009F1Z5,07ABCDE2009F1Z5,Supplier 1536,Supplier 1536,INV-01536,INV-01536,2026-06-27,2026-06-27,99814,99814,17966.52,17966.52,1,1,2,EXACT_MATCH
07ABCDE6410F1Z5,07ABCDE6410F1Z5,Supplier 1537,Supplier 1537,INV-01537,INV-01537,2026-01-12,2026-01-12,15570,15570,2802.60,2802.60,1,1,2,EXACT_MATCH
07ABCDE3566F1Z5,07ABCDE3566F1Z5,Supplier 1538,Supplier 1538,INV-01538,INV-01538,2026-11-19,2026-11-19,45621,45621,8211.78,8211.78,1,1,2,EXACT_MATCH
07ABCDE5581F1Z5,07ABCDE5581F1Z5,Supplier 1539,Supplier 1539,INV-01539,INV-01539,2026-07-25,2026-07-25,63382,63382,11408.76,11408.76,1,1,2,EXACT_MATCH
07ABCDE3137F1Z5,07ABCDE3137F1Z5,Supplier 1540,Supplier 1540,INV-01540,INV-01540,2026-05-04,2026-05-04,8091,8091,1456.38,1456.38,1,1,2,EXACT_MATCH
07ABCDE8142F1Z5,07ABCDE8142F1Z5,Supplier 1541,Supplier 1541,INV-01541,INV-01541,2026-09-23,2026-09-23,55047,55047,9908.46,9908.46,1,1,2,EXACT_MATCH
07ABCDE2281F1Z5,07ABCDE2281F1Z5,Supplier 1542,Supplier 1542,INV-01542,INV-01542,2026-05-07,2026-05-07,51586,51586,9285.48,9285.48,1,1,2,EXACT_MATCH
07ABCDE3571F1Z5,07ABCDE3571F1Z5,Supplier 1543,Supplier 1543,INV-01543,INV-01543,2026-08-10,2026-08-10,66001,66001,11880.18,11880.18,1,1,2,EXACT_MATCH
07ABCDE5957F1Z5,07ABCDE5957F1Z5,Supplier 1544,Supplier 1544,INV-01544,INV-01544,2026-08-03,2026-08-03,69286,69286,12471.48,12471.48,1,1,2,EXACT_MATCH
07ABCDE4629F1Z5,07ABCDE4629F1Z5,Supplier 1545,Supplier 1545,INV-01545,INV-01545,2026-01-06,2026-01-06,35223,35223,6340.14,6340.14,1,1,2,EXACT_MATCH
07ABCDE8321F1Z5,07ABCDE8321F1Z5,Supplier 1546,Supplier 1546,INV-01546,INV-01546,2026-12-03,2026-12-03,13400,13400,2412.00,2412.00,1,1,2,EXACT_MATCH
07ABCDE6186F1Z5,07ABCDE6186F1Z5,Supplier 1547,Supplier 1547,INV-01547,INV-01547,2026-08-20,2026-08-20,19445,19445,3500.10,3500.10,1,1,2,EXACT_MATCH
07ABCDE6928F1Z5,07ABCDE6928F1Z5,Supplier 1548,Supplier 1548,INV-01548,INV-01548,2026-06-15,2026-06-15,83855,83855,15093.90,15093.90,1,1,2,EXACT_MATCH
07ABCDE4072F1Z5,07ABCDE4072F1Z5,Supplier 1549,Supplier 1549,INV-01549,INV-01549,2026-01-21,2026-01-21,37583,37583,6764.94,6764.94,1,1,2,EXACT_MATCH
07ABCDE8956F1Z5,07ABCDE8956F1Z5,Supplier 1550,Supplier 1550,INV-01550,INV-01550,2026-07-20,2026-07-20,82707,82707,14887.26,14887.26,1,1,2,EXACT_MATCH
07ABCDE6141F1Z5,07ABCDE6141F1Z5,Supplier 1551,Supplier 1551,INV-01551,INV-01551,2026-08-07,2026-08-07,80354,80354,14463.72,14463.72,1,1,2,EXACT_MATCH
07ABCDE6831F1Z5,07ABCDE6831F1Z5,Supplier 1552,Supplier 1552,INV-01552,INV-01552,2026-04-04,2026-04-04,9465,9465,1703.70,1703.70,1,1,2,EXACT_MATCH
07ABCDE2853F1Z5,07ABCDE2853F1Z5,Supplier 1553,Supplier 1553,INV-01553,INV-01553,2026-03-20,2026-03-20,32251,32251,5805.18,5805.18,1,1,2,EXACT_MATCH
07ABCDE2046F1Z5,07ABCDE2046F1Z5,Supplier 1554,Supplier 1554,INV-01554,INV-01554,2026-05-28,2026-05-28,60291,60291,10852.38,10852.38,1,1,2,EXACT_MATCH
07ABCDE3272F1Z5,07ABCDE3272F1Z5,Supplier 1555,Supplier 1555,INV-01555,INV-01555,2026-04-18,2026-04-18,65509,65509,11791.62,11791.62,1,1,2,EXACT_MATCH
07ABCDE1542F1Z5,07ABCDE1542F1Z5,Supplier 1556,Supplier 1556,INV-01556,INV-01556,2026-12-04,2026-12-04,98419,98419,17715.42,17715.42,1,1,2,EXACT_MATCH
07ABCDE5486F1Z5,07ABCDE5486F1Z5,Supplier 1557,Supplier 1557,INV-01557,INV-01557,2026-07-02,2026-07-02,43444,43444,7819.92,7819.92,1,1,2,EXACT_MATCH
07ABCDE3381F1Z5,07ABCDE3381F1Z5,Supplier 1558,Supplier 1558,INV-01558,INV-01558,2026-11-20,2026-11-20,87001,87001,15660.18,15660.18,1,1,2,EXACT_MATCH
07ABCDE2039F1Z5,07ABCDE2039F1Z5,Supplier 1559,Supplier 1559,INV-01559,INV-01559,2026-06-10,2026-06-10,93360,93360,16804.80,16804.80,1,1,2,EXACT_MATCH
07ABCDE1258F1Z5,07ABCDE1258F1Z5,Supplier 1560,Supplier 1560,INV-01560,INV-01560,2026-06-01,2026-06-01,84580,84580,15224.40,15224.40,1,1,2,EXACT_MATCH
07ABCDE4059F1Z5,07ABCDE4059F1Z5,Supplier 1561,Supplier 1561,INV-01561,INV-01561,2026-05-23,2026-05-23,4664,4664,839.52,839.52,1,1,2,EXACT_MATCH
07ABCDE8944F1Z5,07ABCDE8944F1Z5,Supplier 1562,Supplier 1562,INV-01562,INV-01562,2026-12-15,2026-12-15,82250,82250,14805.00,14805.00,1,1,2,EXACT_MATCH
07ABCDE3598F1Z5,07ABCDE3598F1Z5,Supplier 1563,Supplier 1563,INV-01563,INV-01563,2026-10-16,2026-10-16,53367,53367,9606.06,9606.06,1,1,2,EXACT_MATCH
07ABCDE7793F1Z5,07ABCDE7793F1Z5,Supplier 1564,Supplier 1564,INV-01564,INV-01564,2026-02-08,2026-02-08,77210,77210,13897.80,13897.80,1,1,2,EXACT_MATCH
07ABCDE8360F1Z5,07ABCDE8360F1Z5,Supplier 1565,Supplier 1565,INV-01565,INV-01565,2026-05-31,2026-05-31,55439,55439,9979.02,9979.02,1,1,2,EXACT_MATCH
07ABCDE6606F1Z5,07ABCDE6606F1Z5,Supplier 1566,Supplier 1566,INV-01566,INV-01566,2026-12-07,2026-12-07,52425,52425,9436.50,9436.50,1,1,2,EXACT_MATCH
07ABCDE5117F1Z5,07ABCDE5117F1Z5,Supplier 1567,Supplier 1567,INV-01567,INV-01567,2026-10-22,2026-10-22,7721,7721,1389.78,1389.78,1,1,2,EXACT_MATCH
07ABCDE1161F1Z5,07ABCDE1161F1Z5,Supplier 1568,Supplier 1568,INV-01568,INV-01568,2026-04-22,2026-04-22,77287,77287,13911.66,13911.66,1,1,2,EXACT_MATCH
07ABCDE1744F1Z5,07ABCDE1744F1Z5,Supplier 1569,Supplier 1569,INV-01569,INV-01569,2026-04-23,2026-04-23,38941,38941,7009.38,7009.38,1,1,2,EXACT_MATCH
07ABCDE6278F1Z5,07ABCDE6278F1Z5,Supplier 1570,Supplier 1570,INV-01570,INV-01570,2026-08-14,2026-08-14,69195,69195,12455.10,12455.10,1,1,2,EXACT_MATCH
07ABCDE3379F1Z5,07ABCDE3379F1Z5,Supplier 1571,Supplier 1571,INV-01571,INV-01571,2026-11-13,2026-11-13,79522,79522,14313.96,14313.96,1,1,2,EXACT_MATCH
07ABCDE5616F1Z5,07ABCDE5616F1Z5,Supplier 1572,Supplier 1572,INV-01572,INV-01572,2026-02-21,2026-02-21,71341,71341,12841.38,12841.38,1,1,2,EXACT_MATCH
07ABCDE5716F1Z5,07ABCDE5716F1Z5,Supplier 1573,Supplier 1573,INV-01573,INV-01573,2026-10-28,2026-10-28,30829,30829,5549.22,5549.22,1,1,2,EXACT_MATCH
07ABCDE9409F1Z5,07ABCDE9409F1Z5,Supplier 1574,Supplier 1574,INV-01574,INV-01574,2026-01-14,2026-01-14,68180,68180,12272.40,12272.40,1,1,2,EXACT_MATCH
07ABCDE2196F1Z5,07ABCDE2196F1Z5,Supplier 1575,Supplier 1575,INV-01575,INV-01575,2026-05-08,2026-05-08,68848,68848,12392.64,12392.64,1,1,2,EXACT_MATCH
07ABCDE1202F1Z5,07ABCDE1202F1Z5,Supplier 1576,Supplier 1576,INV-01576,INV-01576,2026-05-20,2026-05-20,77656,77656,13978.08,13978.08,1,1,2,EXACT_MATCH
07ABCDE2607F1Z5,07ABCDE2607F1Z5,Supplier 1577,Supplier 1577,INV-01577,INV-01577,2026-11-30,2026-11-30,63799,63799,11483.82,11483.82,1,1,2,EXACT_MATCH
07ABCDE5788F1Z5,07ABCDE5788F1Z5,Supplier 1578,Supplier 1578,INV-01578,INV-01578,2026-06-11,2026-06-11,44914,44914,8084.52,8084.52,1,1,2,EXACT_MATCH
07ABCDE8143F1Z5,07ABCDE8143F1Z5,Supplier 1579,Supplier 1579,INV-01579,INV-01579,2026-01-08,2026-01-08,36477,36477,6565.86,6565.86,1,1,2,EXACT_MATCH
07ABCDE5477F1Z5,07ABCDE5477F1Z5,Supplier 1580,Supplier 1580,INV-01580,INV-01580,2026-02-28,2026-02-28,98257,98257,17686.26,17686.26,1,1,2,EXACT_MATCH
07ABCDE8100F1Z5,07ABCDE8100F1Z5,Supplier 1581,Supplier 1581,INV-01581,INV-01581,2026-07-29,2026-07-29,57077,57077,10273.86,10273.86,1,1,2,EXACT_MATCH
07ABCDE5113F1Z5,07ABCDE5113F1Z5,Supplier 1582,Supplier 1582,INV-01582,INV-01582,2026-07-01,2026-07-01,72215,72215,12998.70,12998.70,1,1,2,EXACT_MATCH
07ABCDE9903F1Z5,07ABCDE9903F1Z5,Supplier 1583,Supplier 1583,INV-01583,INV-01583,2026-01-18,2026-01-18,82645,82645,14876.10,14876.10,1,1,2,EXACT_MATCH
07ABCDE5844F1Z5,07ABCDE5844F1Z5,Supplier 1584,Supplier 1584,INV-01584,INV-01584,2026-03-14,2026-03-14,92419,92419,16635.42,16635.42,1,1,2,EXACT_MATCH
07ABCDE9941F1Z5,07ABCDE9941F1Z5,Supplier 1585,Supplier 1585,INV-01585,INV-01585,2026-11-12,2026-11-12,89528,89528,16115.04,16115.04,1,1,2,EXACT_MATCH
07ABCDE2714F1Z5,07ABCDE2714F1Z5,Supplier 1586,Supplier 1586,INV-01586,INV-01586,2026-06-17,2026-06-17,47063,47063,8471.34,8471.34,1,1,2,EXACT_MATCH
07ABCDE3065F1Z5,07ABCDE3065F1Z5,Supplier 1587,Supplier 1587,INV-01587,INV-01587,2026-11-09,2026-11-09,89681,89681,16142.58,16142.58,1,1,2,EXACT_MATCH
07ABCDE7800F1Z5,07ABCDE7800F1Z5,Supplier 1588,Supplier 1588,INV-01588,INV-01588,2026-09-16,2026-09-16,79609,79609,14329.62,14329.62,1,1,2,EXACT_MATCH
07ABCDE7176F1Z5,07ABCDE7176F1Z5,Supplier 1589,Supplier 1589,INV-01589,INV-01589,2026-10-05,2026-10-05,34457,34457,6202.26,6202.26,1,1,2,EXACT_MATCH
07ABCDE7832F1Z5,07ABCDE7832F1Z5,Supplier 1590,Supplier 1590,INV-01590,INV-01590,2026-11-06,2026-11-06,13068,13068,2352.24,2352.24,1,1,2,EXACT_MATCH
07ABCDE5971F1Z5,07ABCDE5971F1Z5,Supplier 1591,Supplier 1591,INV-01591,INV-01591,2026-08-22,2026-08-22,19021,19021,3423.78,3423.78,1,1,2,EXACT_MATCH
07ABCDE2688F1Z5,07ABCDE2688F1Z5,Supplier 1592,Supplier 1592,INV-01592,INV-01592,2026-03-21,2026-03-21,67281,67281,12110.58,12110.58,1,1,2,EXACT_MATCH
07ABCDE3020F1Z5,07ABCDE3020F1Z5,Supplier 1593,Supplier 1593,INV-01593,INV-01593,2026-07-25,2026-07-25,1647,1647,296.46,296.46,1,1,2,EXACT_MATCH
07ABCDE6829F1Z5,07ABCDE6829F1Z5,Supplier 1594,Supplier 1594,INV-01594,INV-01594,2026-11-30,2026-11-30,39540,39540,7117.20,7117.20,1,1,2,EXACT_MATCH
07ABCDE8519F1Z5,07ABCDE8519F1Z5,Supplier 1595,Supplier 1595,INV-01595,INV-01595,2026-03-02,2026-03-02,96442,96442,17359.56,17359.56,1,1,2,EXACT_MATCH
07ABCDE8105F1Z5,07ABCDE8105F1Z5,Supplier 1596,Supplier 1596,INV-01596,INV-01596,2026-05-12,2026-05-12,30506,30506,5491.08,5491.08,1,1,2,EXACT_MATCH
07ABCDE9893F1Z5,07ABCDE9893F1Z5,Supplier 1597,Supplier 1597,INV-01597,INV-01597,2026-06-22,2026-06-22,52970,52970,9534.60,9534.60,1,1,2,EXACT_MATCH
07ABCDE5848F1Z5,07ABCDE5848F1Z5,Supplier 1598,Supplier 1598,INV-01598,INV-01598,2026-05-01,2026-05-01,5849,5849,1052.82,1052.82,1,1,2,EXACT_MATCH
07ABCDE4029F1Z5,07ABCDE4029F1Z5,Supplier 1599,Supplier 1599,INV-01599,INV-01599,2026-01-20,2026-01-20,52333,52333,9419.94,9419.94,1,1,2,EXACT_MATCH
07ABCDE2768F1Z5,07ABCDE2768F1Z5,Supplier 1600,Supplier 1600,INV-01600,INV-01600,2026-10-19,2026-10-19,7113,7113,1280.34,1280.34,1,1,2,EXACT_MATCH
07ABCDE9926F1Z5,07ABCDE9926F1Z5,Supplier 1601,Supplier 1601,INV-01601,INV-01601,2026-01-11,2026-01-11,18476,18476,3325.68,3325.68,1,1,2,EXACT_MATCH
07ABCDE7764F1Z5,07ABCDE7764F1Z5,Supplier 1602,Supplier 1602,INV-01602,INV-01602,2026-08-30,2026-08-30,52631,52631,9473.58,9473.58,1,1,2,EXACT_MATCH
07ABCDE8503F1Z5,07ABCDE8503F1Z5,Supplier 1603,Supplier 1603,INV-01603,INV-01603,2026-01-19,2026-01-19,79706,79706,14347.08,14347.08,1,1,2,EXACT_MATCH
07ABCDE9383F1Z5,07ABCDE9383F1Z5,Supplier 1604,Supplier 1604,INV-01604,INV-01604,2026-07-10,2026-07-10,5338,5338,960.84,960.84,1,1,2,EXACT_MATCH
07ABCDE9791F1Z5,07ABCDE9791F1Z5,Supplier 1605,Supplier 1605,INV-01605,INV-01605,2026-09-19,2026-09-19,12467,12467,2244.06,2244.06,1,1,2,EXACT_MATCH
07ABCDE4615F1Z5,07ABCDE4615F1Z5,Supplier 1606,Supplier 1606,INV-01606,INV-01606,2026-01-03,2026-01-03,85667,85667,15420.06,15420.06,1,1,2,EXACT_MATCH
07ABCDE8588F1Z5,07ABCDE8588F1Z5,Supplier 1607,Supplier 1607,INV-01607,INV-01607,2026-11-12,2026-11-12,99555,99555,17919.90,17919.90,1,1,2,EXACT_MATCH
07ABCDE4041F1Z5,07ABCDE4041F1Z5,Supplier 1608,Supplier 1608,INV-01608,INV-01608,2026-08-16,2026-08-16,12473,12473,2245.14,2245.14,1,1,2,EXACT_MATCH
07ABCDE6635F1Z5,07ABCDE6635F1Z5,Supplier 1609,Supplier 1609,INV-01609,INV-01609,2026-12-15,2026-12-15,92671,92671,16680.78,16680.78,1,1,2,EXACT_MATCH
07ABCDE3499F1Z5,07ABCDE3499F1Z5,Supplier 1610,Supplier 1610,INV-01610,INV-01610,2026-03-19,2026-03-19,48948,48948,8810.64,8810.64,1,1,2,EXACT_MATCH
07ABCDE8942F1Z5,07ABCDE8942F1Z5,Supplier 1611,Supplier 1611,INV-01611,INV-01611,2026-01-01,2026-01-01,92112,92112,16580.16,16580.16,1,1,2,EXACT_MATCH
07ABCDE2294F1Z5,07ABCDE2294F1Z5,Supplier 1612,Supplier 1612,INV-01612,INV-01612,2026-10-19,2026-10-19,58597,58597,10547.46,10547.46,1,1,2,EXACT_MATCH
07ABCDE4674F1Z5,07ABCDE4674F1Z5,Supplier 1613,Supplier 1613,INV-01613,INV-01613,2026-10-12,2026-10-12,10898,10898,1961.64,1961.64,1,1,2,EXACT_MATCH
07ABCDE2571F1Z5,07ABCDE2571F1Z5,Supplier 1614,Supplier 1614,INV-01614,INV-01614,2026-01-20,2026-01-20,67361,67361,12124.98,12124.98,1,1,2,EXACT_MATCH
07ABCDE8342F1Z5,07ABCDE8342F1Z5,Supplier 1615,Supplier 1615,INV-01615,INV-01615,2026-04-13,2026-04-13,59232,59232,10661.76,10661.76,1,1,2,EXACT_MATCH
07ABCDE3807F1Z5,07ABCDE3807F1Z5,Supplier 1616,Supplier 1616,INV-01616,INV-01616,2026-01-13,2026-01-13,69197,69197,12455.46,12455.46,1,1,2,EXACT_MATCH
07ABCDE9570F1Z5,07ABCDE9570F1Z5,Supplier 1617,Supplier 1617,INV-01617,INV-01617,2026-09-11,2026-09-11,84572,84572,15222.96,15222.96,1,1,2,EXACT_MATCH
07ABCDE7680F1Z5,07ABCDE7680F1Z5,Supplier 1618,Supplier 1618,INV-01618,INV-01618,2026-02-10,2026-02-10,65436,65436,11778.48,11778.48,1,1,2,EXACT_MATCH
07ABCDE2319F1Z5,07ABCDE2319F1Z5,Supplier 1619,Supplier 1619,INV-01619,INV-01619,2026-01-23,2026-01-23,74184,74184,13353.12,13353.12,1,1,2,EXACT_MATCH
07ABCDE1754F1Z5,07ABCDE1754F1Z5,Supplier 1620,Supplier 1620,INV-01620,INV-01620,2026-07-20,2026-07-20,69395,69395,12491.10,12491.10,1,1,2,EXACT_MATCH
07ABCDE8600F1Z5,07ABCDE8600F1Z5,Supplier 1621,Supplier 1621,INV-01621,INV-01621,2026-06-21,2026-06-21,7648,7648,1376.64,1376.64,1,1,2,EXACT_MATCH
07ABCDE1297F1Z5,07ABCDE1297F1Z5,Supplier 1622,Supplier 1622,INV-01622,INV-01622,2026-11-12,2026-11-12,34408,34408,6193.44,6193.44,1,1,2,EXACT_MATCH
07ABCDE9557F1Z5,07ABCDE9557F1Z5,Supplier 1623,Supplier 1623,INV-01623,INV-01623,2026-01-08,2026-01-08,7249,7249,1304.82,1304.82,1,1,2,EXACT_MATCH
07ABCDE7145F1Z5,07ABCDE7145F1Z5,Supplier 1624,Supplier 1624,INV-01624,INV-01624,2026-07-25,2026-07-25,8752,8752,1575.36,1575.36,1,1,2,EXACT_MATCH
07ABCDE9539F1Z5,07ABCDE9539F1Z5,Supplier 1625,Supplier 1625,INV-01625,INV-01625,2026-08-27,2026-08-27,14289,14289,2572.02,2572.02,1,1,2,EXACT_MATCH
07ABCDE1894F1Z5,07ABCDE1894F1Z5,Supplier 1626,Supplier 1626,INV-01626,INV-01626,2026-08-04,2026-08-04,17663,17663,3179.34,3179.34,1,1,2,EXACT_MATCH
07ABCDE3470F1Z5,07ABCDE3470F1Z5,Supplier 1627,Supplier 1627,INV-01627,INV-01627,2026-09-21,2026-09-21,78865,78865,14195.70,14195.70,1,1,2,EXACT_MATCH
07ABCDE6314F1Z5,07ABCDE6314F1Z5,Supplier 1628,Supplier 1628,INV-01628,INV-01628,2026-08-02,2026-08-02,86540,86540,15577.20,15577.20,1,1,2,EXACT_MATCH
07ABCDE3374F1Z5,07ABCDE3374F1Z5,Supplier 1629,Supplier 1629,INV-01629,INV-01629,2026-08-14,2026-08-14,31878,31878,5738.04,5738.04,1,1,2,EXACT_MATCH
07ABCDE2206F1Z5,07ABCDE2206F1Z5,Supplier 1630,Supplier 1630,INV-01630,INV-01630,2026-03-19,2026-03-19,51150,51150,9207.00,9207.00,1,1,2,EXACT_MATCH
07ABCDE1220F1Z5,07ABCDE1220F1Z5,Supplier 1631,Supplier 1631,INV-01631,INV-01631,2026-04-01,2026-04-01,79403,79403,14292.54,14292.54,1,1,2,EXACT_MATCH
07ABCDE6647F1Z5,07ABCDE6647F1Z5,Supplier 1632,Supplier 1632,INV-01632,INV-01632,2026-07-31,2026-07-31,30141,30141,5425.38,5425.38,1,1,2,EXACT_MATCH
07ABCDE9144F1Z5,07ABCDE9144F1Z5,Supplier 1633,Supplier 1633,INV-01633,INV-01633,2026-09-09,2026-09-09,1964,1964,353.52,353.52,1,1,2,EXACT_MATCH
07ABCDE9585F1Z5,07ABCDE9585F1Z5,Supplier 1634,Supplier 1634,INV-01634,INV-01634,2026-12-04,2026-12-04,66702,66702,12006.36,12006.36,1,1,2,EXACT_MATCH
07ABCDE3542F1Z5,07ABCDE3542F1Z5,Supplier 1635,Supplier 1635,INV-01635,INV-01635,2026-07-17,2026-07-17,63369,63369,11406.42,11406.42,1,1,2,EXACT_MATCH
07ABCDE1816F1Z5,07ABCDE1816F1Z5,Supplier 1636,Supplier 1636,INV-01636,INV-01636,2026-04-23,2026-04-23,2592,2592,466.56,466.56,1,1,2,EXACT_MATCH
07ABCDE9958F1Z5,07ABCDE9958F1Z5,Supplier 1637,Supplier 1637,INV-01637,INV-01637,2026-10-22,2026-10-22,12185,12185,2193.30,2193.30,1,1,2,EXACT_MATCH
07ABCDE1458F1Z5,07ABCDE1458F1Z5,Supplier 1638,Supplier 1638,INV-01638,INV-01638,2026-07-20,2026-07-20,43959,43959,7912.62,7912.62,1,1,2,EXACT_MATCH
07ABCDE1294F1Z5,07ABCDE1294F1Z5,Supplier 1639,Supplier 1639,INV-01639,INV-01639,2026-08-10,2026-08-10,16251,16251,2925.18,2925.18,1,1,2,EXACT_MATCH
07ABCDE5006F1Z5,07ABCDE5006F1Z5,Supplier 1640,Supplier 1640,INV-01640,INV-01640,2026-11-13,2026-11-13,23648,23648,4256.64,4256.64,1,1,2,EXACT_MATCH
07ABCDE5434F1Z5,07ABCDE5434F1Z5,Supplier 1641,Supplier 1641,INV-01641,INV-01641,2026-07-27,2026-07-27,86719,86719,15609.42,15609.42,1,1,2,EXACT_MATCH
07ABCDE1241F1Z5,07ABCDE1241F1Z5,Supplier 1642,Supplier 1642,INV-01642,INV-01642,2026-02-05,2026-02-05,79941,79941,14389.38,14389.38,1,1,2,EXACT_MATCH
07ABCDE6259F1Z5,07ABCDE6259F1Z5,Supplier 1643,Supplier 1643,INV-01643,INV-01643,2026-08-07,2026-08-07,13017,13017,2343.06,2343.06,1,1,2,EXACT_MATCH
07ABCDE5427F1Z5,07ABCDE5427F1Z5,Supplier 1644,Supplier 1644,INV-01644,INV-01644,2026-10-12,2026-10-12,55159,55159,9928.62,9928.62,1,1,2,EXACT_MATCH
07ABCDE5761F1Z5,07ABCDE5761F1Z5,Supplier 1645,Supplier 1645,INV-01645,INV-01645,2026-02-10,2026-02-10,42217,42217,7599.06,7599.06,1,1,2,EXACT_MATCH
07ABCDE7622F1Z5,07ABCDE7622F1Z5,Supplier 1646,Supplier 1646,INV-01646,INV-01646,2026-12-17,2026-12-17,29694,29694,5344.92,5344.92,1,1,2,EXACT_MATCH
07ABCDE9264F1Z5,07ABCDE9264F1Z5,Supplier 1647,Supplier 1647,INV-01647,INV-01647,2026-08-07,2026-08-07,92483,92483,16646.94,16646.94,1,1,2,EXACT_MATCH
07ABCDE4680F1Z5,07ABCDE4680F1Z5,Supplier 1648,Supplier 1648,INV-01648,INV-01648,2026-02-05,2026-02-05,85313,85313,15356.34,15356.34,1,1,2,EXACT_MATCH
07ABCDE9888F1Z5,07ABCDE9888F1Z5,Supplier 1649,Supplier 1649,INV-01649,INV-01649,2026-10-15,2026-10-15,6024,6024,1084.32,1084.32,1,1,2,EXACT_MATCH
07ABCDE4334F1Z5,07ABCDE4334F1Z5,Supplier 1650,Supplier 1650,INV-01650,INV-01650,2026-05-17,2026-05-17,41601,41601,7488.18,7488.18,1,1,2,EXACT_MATCH
07ABCDE9379F1Z5,07ABCDE9379F1Z5,Supplier 1651,Supplier 1651,INV-01651,INV-01651,2026-12-02,2026-12-02,35066,35066,6311.88,6311.88,1,1,2,EXACT_MATCH
07ABCDE1716F1Z5,07ABCDE1716F1Z5,Supplier 1652,Supplier 1652,INV-01652,INV-01652,2026-04-04,2026-04-04,7762,7762,1397.16,1397.16,1,1,2,EXACT_MATCH
07ABCDE2717F1Z5,07ABCDE2717F1Z5,Supplier 1653,Supplier 1653,INV-01653,INV-01653,2026-05-21,2026-05-21,12118,12118,2181.24,2181.24,1,1,2,EXACT_MATCH
07ABCDE4390F1Z5,07ABCDE4390F1Z5,Supplier 1654,Supplier 1654,INV-01654,INV-01654,2026-08-21,2026-08-21,76295,76295,13733.10,13733.10,1,1,2,EXACT_MATCH
07ABCDE6373F1Z5,07ABCDE6373F1Z5,Supplier 1655,Supplier 1655,INV-01655,INV-01655,2026-02-08,2026-02-08,65560,65560,11800.80,11800.80,1,1,2,EXACT_MATCH
07ABCDE7256F1Z5,07ABCDE7256F1Z5,Supplier 1656,Supplier 1656,INV-01656,INV-01656,2026-10-11,2026-10-11,30173,30173,5431.14,5431.14,1,1,2,EXACT_MATCH
07ABCDE7881F1Z5,07ABCDE7881F1Z5,Supplier 1657,Supplier 1657,INV-01657,INV-01657,2026-06-28,2026-06-28,98388,98388,17709.84,17709.84,1,1,2,EXACT_MATCH
07ABCDE7623F1Z5,07ABCDE7623F1Z5,Supplier 1658,Supplier 1658,INV-01658,INV-01658,2026-12-23,2026-12-23,1838,1838,330.84,330.84,1,1,2,EXACT_MATCH
07ABCDE1326F1Z5,07ABCDE1326F1Z5,Supplier 1659,Supplier 1659,INV-01659,INV-01659,2026-03-16,2026-03-16,39815,39815,7166.70,7166.70,1,1,2,EXACT_MATCH
07ABCDE8359F1Z5,07ABCDE8359F1Z5,Supplier 1660,Supplier 1660,INV-01660,INV-01660,2026-09-27,2026-09-27,32322,32322,5817.96,5817.96,1,1,2,EXACT_MATCH
07ABCDE1375F1Z5,07ABCDE1375F1Z5,Supplier 1661,Supplier 1661,INV-01661,INV-01661,2026-11-07,2026-11-07,90032,90032,16205.76,16205.76,1,1,2,EXACT_MATCH
07ABCDE5210F1Z5,07ABCDE5210F1Z5,Supplier 1662,Supplier 1662,INV-01662,INV-01662,2026-04-15,2026-04-15,14926,14926,2686.68,2686.68,1,1,2,EXACT_MATCH
07ABCDE7382F1Z5,07ABCDE7382F1Z5,Supplier 1663,Supplier 1663,INV-01663,INV-01663,2026-10-09,2026-10-09,37584,37584,6765.12,6765.12,1,1,2,EXACT_MATCH
07ABCDE7687F1Z5,07ABCDE7687F1Z5,Supplier 1664,Supplier 1664,INV-01664,INV-01664,2026-02-24,2026-02-24,49585,49585,8925.30,8925.30,1,1,2,EXACT_MATCH
07ABCDE4006F1Z5,07ABCDE4006F1Z5,Supplier 1665,Supplier 1665,INV-01665,INV-01665,2026-06-09,2026-06-09,74649,74649,13436.82,13436.82,1,1,2,EXACT_MATCH
07ABCDE7374F1Z5,07ABCDE7374F1Z5,Supplier 1666,Supplier 1666,INV-01666,INV-01666,2026-09-20,2026-09-20,23741,23741,4273.38,4273.38,1,1,2,EXACT_MATCH
07ABCDE8222F1Z5,07ABCDE8222F1Z5,Supplier 1667,Supplier 1667,INV-01667,INV-01667,2026-05-24,2026-05-24,56354,56354,10143.72,10143.72,1,1,2,EXACT_MATCH
07ABCDE6863F1Z5,07ABCDE6863F1Z5,Supplier 1668,Supplier 1668,INV-01668,INV-01668,2026-10-16,2026-10-16,4182,4182,752.76,752.76,1,1,2,EXACT_MATCH
07ABCDE9050F1Z5,07ABCDE9050F1Z5,Supplier 1669,Supplier 1669,INV-01669,INV-01669,2026-04-10,2026-04-10,96452,96452,17361.36,17361.36,1,1,2,EXACT_MATCH
07ABCDE7734F1Z5,07ABCDE7734F1Z5,Supplier 1670,Supplier 1670,INV-01670,INV-01670,2026-07-06,2026-07-06,6094,6094,1096.92,1096.92,1,1,2,EXACT_MATCH
07ABCDE5629F1Z5,07ABCDE5629F1Z5,Supplier 1671,Supplier 1671,INV-01671,INV-01671,2026-11-08,2026-11-08,9344,9344,1681.92,1681.92,1,1,2,EXACT_MATCH
07ABCDE4783F1Z5,07ABCDE4783F1Z5,Supplier 1672,Supplier 1672,INV-01672,INV-01672,2026-01-10,2026-01-10,67581,67581,12164.58,12164.58,1,1,2,EXACT_MATCH
07ABCDE2201F1Z5,07ABCDE2201F1Z5,Supplier 1673,Supplier 1673,INV-01673,INV-01673,2026-03-26,2026-03-26,16927,16927,3046.86,3046.86,1,1,2,EXACT_MATCH
07ABCDE1239F1Z5,07ABCDE1239F1Z5,Supplier 1674,Supplier 1674,INV-01674,INV-01674,2026-06-14,2026-06-14,55767,55767,10038.06,10038.06,1,1,2,EXACT_MATCH
07ABCDE7483F1Z5,07ABCDE7483F1Z5,Supplier 1675,Supplier 1675,INV-01675,INV-01675,2026-03-01,2026-03-01,11592,11592,2086.56,2086.56,1,1,2,EXACT_MATCH
07ABCDE9195F1Z5,07ABCDE9195F1Z5,Supplier 1676,Supplier 1676,INV-01676,INV-01676,2026-03-02,2026-03-02,71902,71902,12942.36,12942.36,1,1,2,EXACT_MATCH
07ABCDE5739F1Z5,07ABCDE5739F1Z5,Supplier 1677,Supplier 1677,INV-01677,INV-01677,2026-03-14,2026-03-14,99373,99373,17887.14,17887.14,1,1,2,EXACT_MATCH
07ABCDE5542F1Z5,07ABCDE5542F1Z5,Supplier 1678,Supplier 1678,INV-01678,INV-01678,2026-11-16,2026-11-16,54975,54975,9895.50,9895.50,1,1,2,EXACT_MATCH
07ABCDE1410F1Z5,07ABCDE1410F1Z5,Supplier 1679,Supplier 1679,INV-01679,INV-01679,2026-05-28,2026-05-28,24854,24854,4473.72,4473.72,1,1,2,EXACT_MATCH
07ABCDE5079F1Z5,07ABCDE5079F1Z5,Supplier 1680,Supplier 1680,INV-01680,INV-01680,2026-05-09,2026-05-09,13663,13663,2459.34,2459.34,1,1,2,EXACT_MATCH
07ABCDE8569F1Z5,07ABCDE8569F1Z5,Supplier 1681,Supplier 1681,INV-01681,INV-01681,2026-03-20,2026-03-20,45951,45951,8271.18,8271.18,1,1,2,EXACT_MATCH
07ABCDE4637F1Z5,07ABCDE4637F1Z5,Supplier 1682,Supplier 1682,INV-01682,INV-01682,2026-11-27,2026-11-27,91978,91978,16556.04,16556.04,1,1,2,EXACT_MATCH
07ABCDE9111F1Z5,07ABCDE9111F1Z5,Supplier 1683,Supplier 1683,INV-01683,INV-01683,2026-11-08,2026-11-08,56552,56552,10179.36,10179.36,1,1,2,EXACT_MATCH
07ABCDE1034F1Z5,07ABCDE1034F1Z5,Supplier 1684,Supplier 1684,INV-01684,INV-01684,2026-07-28,2026-07-28,99593,99593,17926.74,17926.74,1,1,2,EXACT_MATCH
07ABCDE5236F1Z5,07ABCDE5236F1Z5,Supplier 1685,Supplier 1685,INV-01685,INV-01685,2026-05-31,2026-05-31,80545,80545,14498.10,14498.10,1,1,2,EXACT_MATCH
07ABCDE7114F1Z5,07ABCDE7114F1Z5,Supplier 1686,Supplier 1686,INV-01686,INV-01686,2026-01-06,2026-01-06,36594,36594,6586.92,6586.92,1,1,2,EXACT_MATCH
07ABCDE4492F1Z5,07ABCDE4492F1Z5,Supplier 1687,Supplier 1687,INV-01687,INV-01687,2026-09-14,2026-09-14,43502,43502,7830.36,7830.36,1,1,2,EXACT_MATCH
07ABCDE9095F1Z5,07ABCDE9095F1Z5,Supplier 1688,Supplier 1688,INV-01688,INV-01688,2026-03-02,2026-03-02,62008,62008,11161.44,11161.44,1,1,2,EXACT_MATCH
07ABCDE7483F1Z5,07ABCDE7483F1Z5,Supplier 1689,Supplier 1689,INV-01689,INV-01689,2026-07-29,2026-07-29,93036,93036,16746.48,16746.48,1,1,2,EXACT_MATCH
07ABCDE3281F1Z5,07ABCDE3281F1Z5,Supplier 1690,Supplier 1690,INV-01690,INV-01690,2026-09-30,2026-09-30,89954,89954,16191.72,16191.72,1,1,2,EXACT_MATCH
07ABCDE9940F1Z5,07ABCDE9940F1Z5,Supplier 1691,Supplier 1691,INV-01691,INV-01691,2026-06-30,2026-06-30,75808,75808,13645.44,13645.44,1,1,2,EXACT_MATCH
07ABCDE5399F1Z5,07ABCDE5399F1Z5,Supplier 1692,Supplier 1692,INV-01692,INV-01692,2026-04-25,2026-04-25,33941,33941,6109.38,6109.38,1,1,2,EXACT_MATCH
07ABCDE1419F1Z5,07ABCDE1419F1Z5,Supplier 1693,Supplier 1693,INV-01693,INV-01693,2026-10-04,2026-10-04,88273,88273,15889.14,15889.14,1,1,2,EXACT_MATCH
07ABCDE5807F1Z5,07ABCDE5807F1Z5,Supplier 1694,Supplier 1694,INV-01694,INV-01694,2026-01-23,2026-01-23,99167,99167,17850.06,17850.06,1,1,2,EXACT_MATCH
07ABCDE7151F1Z5,07ABCDE7151F1Z5,Supplier 1695,Supplier 1695,INV-01695,INV-01695,2026-12-06,2026-12-06,43310,43310,7795.80,7795.80,1,1,2,EXACT_MATCH
07ABCDE3514F1Z5,07ABCDE3514F1Z5,Supplier 1696,Supplier 1696,INV-01696,INV-01696,2026-10-17,2026-10-17,67607,67607,12169.26,12169.26,1,1,2,EXACT_MATCH
07ABCDE5095F1Z5,07ABCDE5095F1Z5,Supplier 1697,Supplier 1697,INV-01697,INV-01697,2026-04-08,2026-04-08,37871,37871,6816.78,6816.78,1,1,2,EXACT_MATCH
07ABCDE6655F1Z5,07ABCDE6655F1Z5,Supplier 1698,Supplier 1698,INV-01698,INV-01698,2026-10-30,2026-10-30,31334,31334,5640.12,5640.12,1,1,2,EXACT_MATCH
07ABCDE7754F1Z5,07ABCDE7754F1Z5,Supplier 1699,Supplier 1699,INV-01699,INV-01699,2026-10-04,2026-10-04,71254,71254,12825.72,12825.72,1,1,2,EXACT_MATCH
07ABCDE6797F1Z5,07ABCDE6797F1Z5,Supplier 1700,Supplier 1700,INV-01700,INV-01700,2026-06-08,2026-06-08,21109,21109,3799.62,3799.62,1,1,2,EXACT_MATCH
07ABCDE2065F1Z5,07ABCDE2065F1Z5,Supplier 1701,Supplier 1701,INV-01701,INV-01701,2026-02-23,2026-02-23,92688,92688,16683.84,16683.84,1,1,2,EXACT_MATCH
07ABCDE3999F1Z5,07ABCDE3999F1Z5,Supplier 1702,Supplier 1702,INV-01702,INV-01702,2026-10-28,2026-10-28,1384,1384,249.12,249.12,1,1,2,EXACT_MATCH
07ABCDE7874F1Z5,07ABCDE7874F1Z5,Supplier 1703,Supplier 1703,INV-01703,INV-01703,2026-11-07,2026-11-07,88866,88866,15995.88,15995.88,1,1,2,EXACT_MATCH
07ABCDE6127F1Z5,07ABCDE6127F1Z5,Supplier 1704,Supplier 1704,INV-01704,INV-01704,2026-03-20,2026-03-20,81420,81420,14655.60,14655.60,1,1,2,EXACT_MATCH
07ABCDE1241F1Z5,07ABCDE1241F1Z5,Supplier 1705,Supplier 1705,INV-01705,INV-01705,2026-03-30,2026-03-30,69246,69246,12464.28,12464.28,1,1,2,EXACT_MATCH
07ABCDE9475F1Z5,07ABCDE9475F1Z5,Supplier 1706,Supplier 1706,INV-01706,INV-01706,2026-09-05,2026-09-05,14319,14319,2577.42,2577.42,1,1,2,EXACT_MATCH
07ABCDE3324F1Z5,07ABCDE3324F1Z5,Supplier 1707,Supplier 1707,INV-01707,INV-01707,2026-05-22,2026-05-22,72917,72917,13125.06,13125.06,1,1,2,EXACT_MATCH
07ABCDE1002F1Z5,07ABCDE1002F1Z5,Supplier 1708,Supplier 1708,INV-01708,INV-01708,2026-10-04,2026-10-04,37806,37806,6805.08,6805.08,1,1,2,EXACT_MATCH
07ABCDE1779F1Z5,07ABCDE1779F1Z5,Supplier 1709,Supplier 1709,INV-01709,INV-01709,2026-12-13,2026-12-13,24832,24832,4469.76,4469.76,1,1,2,EXACT_MATCH
07ABCDE5488F1Z5,07ABCDE5488F1Z5,Supplier 1710,Supplier 1710,INV-01710,INV-01710,2026-05-05,2026-05-05,10938,10938,1968.84,1968.84,1,1,2,EXACT_MATCH
07ABCDE8558F1Z5,07ABCDE8558F1Z5,Supplier 1711,Supplier 1711,INV-01711,INV-01711,2026-02-09,2026-02-09,42008,42008,7561.44,7561.44,1,1,2,EXACT_MATCH
07ABCDE7791F1Z5,07ABCDE7791F1Z5,Supplier 1712,Supplier 1712,INV-01712,INV-01712,2026-12-08,2026-12-08,4412,4412,794.16,794.16,1,1,2,EXACT_MATCH
07ABCDE2763F1Z5,07ABCDE2763F1Z5,Supplier 1713,Supplier 1713,INV-01713,INV-01713,2026-11-25,2026-11-25,87125,87125,15682.50,15682.50,1,1,2,EXACT_MATCH
07ABCDE7396F1Z5,07ABCDE7396F1Z5,Supplier 1714,Supplier 1714,INV-01714,INV-01714,2026-07-18,2026-07-18,88444,88444,15919.92,15919.92,1,1,2,EXACT_MATCH
07ABCDE2891F1Z5,07ABCDE2891F1Z5,Supplier 1715,Supplier 1715,INV-01715,INV-01715,2026-07-17,2026-07-17,74170,74170,13350.60,13350.60,1,1,2,EXACT_MATCH
07ABCDE5517F1Z5,07ABCDE5517F1Z5,Supplier 1716,Supplier 1716,INV-01716,INV-01716,2026-08-12,2026-08-12,19731,19731,3551.58,3551.58,1,1,2,EXACT_MATCH
07ABCDE3087F1Z5,07ABCDE3087F1Z5,Supplier 1717,Supplier 1717,INV-01717,INV-01717,2026-12-28,2026-12-28,51866,51866,9335.88,9335.88,1,1,2,EXACT_MATCH
07ABCDE3094F1Z5,07ABCDE3094F1Z5,Supplier 1718,Supplier 1718,INV-01718,INV-01718,2026-06-16,2026-06-16,28429,28429,5117.22,5117.22,1,1,2,EXACT_MATCH
07ABCDE6358F1Z5,07ABCDE6358F1Z5,Supplier 1719,Supplier 1719,INV-01719,INV-01719,2026-05-03,2026-05-03,64742,64742,11653.56,11653.56,1,1,2,EXACT_MATCH
07ABCDE3657F1Z5,07ABCDE3657F1Z5,Supplier 1720,Supplier 1720,INV-01720,INV-01720,2026-06-10,2026-06-10,16525,16525,2974.50,2974.50,1,1,2,EXACT_MATCH
07ABCDE8478F1Z5,07ABCDE8478F1Z5,Supplier 1721,Supplier 1721,INV-01721,INV-01721,2026-04-21,2026-04-21,17754,17754,3195.72,3195.72,1,1,2,EXACT_MATCH
07ABCDE6144F1Z5,07ABCDE6144F1Z5,Supplier 1722,Supplier 1722,INV-01722,INV-01722,2026-02-19,2026-02-19,68198,68198,12275.64,12275.64,1,1,2,EXACT_MATCH
07ABCDE2752F1Z5,07ABCDE2752F1Z5,Supplier 1723,Supplier 1723,INV-01723,INV-01723,2026-10-19,2026-10-19,55166,55166,9929.88,9929.88,1,1,2,EXACT_MATCH
07ABCDE4837F1Z5,07ABCDE4837F1Z5,Supplier 1724,Supplier 1724,INV-01724,INV-01724,2026-02-27,2026-02-27,75336,75336,13560.48,13560.48,1,1,2,EXACT_MATCH
07ABCDE2990F1Z5,07ABCDE2990F1Z5,Supplier 1725,Supplier 1725,INV-01725,INV-01725,2026-07-19,2026-07-19,40250,40250,7245.00,7245.00,1,1,2,EXACT_MATCH
07ABCDE8215F1Z5,07ABCDE8215F1Z5,Supplier 1726,Supplier 1726,INV-01726,INV-01726,2026-10-20,2026-10-20,3915,3915,704.70,704.70,1,1,2,EXACT_MATCH
07ABCDE5133F1Z5,07ABCDE5133F1Z5,Supplier 1727,Supplier 1727,INV-01727,INV-01727,2026-09-30,2026-09-30,64409,64409,11593.62,11593.62,1,1,2,EXACT_MATCH
07ABCDE6127F1Z5,07ABCDE6127F1Z5,Supplier 1728,Supplier 1728,INV-01728,INV-01728,2026-12-13,2026-12-13,8075,8075,1453.50,1453.50,1,1,2,EXACT_MATCH
07ABCDE2285F1Z5,07ABCDE2285F1Z5,Supplier 1729,Supplier 1729,INV-01729,INV-01729,2026-10-26,2026-10-26,10438,10438,1878.84,1878.84,1,1,2,EXACT_MATCH
07ABCDE1467F1Z5,07ABCDE1467F1Z5,Supplier 1730,Supplier 1730,INV-01730,INV-01730,2026-02-24,2026-02-24,12451,12451,2241.18,2241.18,1,1,2,EXACT_MATCH
07ABCDE8786F1Z5,07ABCDE8786F1Z5,Supplier 1731,Supplier 1731,INV-01731,INV-01731,2026-10-09,2026-10-09,27650,27650,4977.00,4977.00,1,1,2,EXACT_MATCH
07ABCDE7046F1Z5,07ABCDE7046F1Z5,Supplier 1732,Supplier 1732,INV-01732,INV-01732,2026-10-10,2026-10-10,2379,2379,428.22,428.22,1,1,2,EXACT_MATCH
07ABCDE7539F1Z5,07ABCDE7539F1Z5,Supplier 1733,Supplier 1733,INV-01733,INV-01733,2026-08-26,2026-08-26,50129,50129,9023.22,9023.22,1,1,2,EXACT_MATCH
07ABCDE3766F1Z5,07ABCDE3766F1Z5,Supplier 1734,Supplier 1734,INV-01734,INV-01734,2026-03-18,2026-03-18,97591,97591,17566.38,17566.38,1,1,2,EXACT_MATCH
07ABCDE6183F1Z5,07ABCDE6183F1Z5,Supplier 1735,Supplier 1735,INV-01735,INV-01735,2026-01-18,2026-01-18,34209,34209,6157.62,6157.62,1,1,2,EXACT_MATCH
07ABCDE6828F1Z5,07ABCDE6828F1Z5,Supplier 1736,Supplier 1736,INV-01736,INV-01736,2026-12-06,2026-12-06,5936,5936,1068.48,1068.48,1,1,2,EXACT_MATCH
07ABCDE3953F1Z5,07ABCDE3953F1Z5,Supplier 1737,Supplier 1737,INV-01737,INV-01737,2026-06-04,2026-06-04,42333,42333,7619.94,7619.94,1,1,2,EXACT_MATCH
07ABCDE7844F1Z5,07ABCDE7844F1Z5,Supplier 1738,Supplier 1738,INV-01738,INV-01738,2026-12-03,2026-12-03,26479,26479,4766.22,4766.22,1,1,2,EXACT_MATCH
07ABCDE7122F1Z5,07ABCDE7122F1Z5,Supplier 1739,Supplier 1739,INV-01739,INV-01739,2026-07-28,2026-07-28,60000,60000,10800.00,10800.00,1,1,2,EXACT_MATCH
07ABCDE9413F1Z5,07ABCDE9413F1Z5,Supplier 1740,Supplier 1740,INV-01740,INV-01740,2026-06-17,2026-06-17,25785,25785,4641.30,4641.30,1,1,2,EXACT_MATCH
07ABCDE1178F1Z5,07ABCDE1178F1Z5,Supplier 1741,Supplier 1741,INV-01741,INV-01741,2026-08-23,2026-08-23,8095,8095,1457.10,1457.10,1,1,2,EXACT_MATCH
07ABCDE3079F1Z5,07ABCDE3079F1Z5,Supplier 1742,Supplier 1742,INV-01742,INV-01742,2026-11-08,2026-11-08,11175,11175,2011.50,2011.50,1,1,2,EXACT_MATCH
07ABCDE5607F1Z5,07ABCDE5607F1Z5,Supplier 1743,Supplier 1743,INV-01743,INV-01743,2026-10-22,2026-10-22,54191,54191,9754.38,9754.38,1,1,2,EXACT_MATCH
07ABCDE5322F1Z5,07ABCDE5322F1Z5,Supplier 1744,Supplier 1744,INV-01744,INV-01744,2026-06-02,2026-06-02,35096,35096,6317.28,6317.28,1,1,2,EXACT_MATCH
07ABCDE1936F1Z5,07ABCDE1936F1Z5,Supplier 1745,Supplier 1745,INV-01745,INV-01745,2026-02-26,2026-02-26,45083,45083,8114.94,8114.94,1,1,2,EXACT_MATCH
07ABCDE8823F1Z5,07ABCDE8823F1Z5,Supplier 1746,Supplier 1746,INV-01746,INV-01746,2026-12-22,2026-12-22,15701,15701,2826.18,2826.18,1,1,2,EXACT_MATCH
07ABCDE4600F1Z5,07ABCDE4600F1Z5,Supplier 1747,Supplier 1747,INV-01747,INV-01747,2026-12-10,2026-12-10,87121,87121,15681.78,15681.78,1,1,2,EXACT_MATCH
07ABCDE8300F1Z5,07ABCDE8300F1Z5,Supplier 1748,Supplier 1748,INV-01748,INV-01748,2026-06-23,2026-06-23,34971,34971,6294.78,6294.78,1,1,2,EXACT_MATCH
07ABCDE1882F1Z5,07ABCDE1882F1Z5,Supplier 1749,Supplier 1749,INV-01749,INV-01749,2026-08-26,2026-08-26,31816,31816,5726.88,5726.88,1,1,2,EXACT_MATCH
07ABCDE5343F1Z5,07ABCDE5343F1Z5,Supplier 1750,Supplier 1750,INV-01750,INV-01750,2026-02-23,2026-02-23,18295,18295,3293.10,3293.10,1,1,2,EXACT_MATCH
07ABCDE3247F1Z5,07ABCDE3247F1Z5,Supplier 1751,Supplier 1751,INV-01751,INV-01751,2026-09-30,2026-09-30,52503,52503,9450.54,9450.54,1,1,2,EXACT_MATCH
07ABCDE7222F1Z5,07ABCDE7222F1Z5,Supplier 1752,Supplier 1752,INV-01752,INV-01752,2026-03-07,2026-03-07,5301,5301,954.18,954.18,1,1,2,EXACT_MATCH
07ABCDE8538F1Z5,07ABCDE8538F1Z5,Supplier 1753,Supplier 1753,INV-01753,INV-01753,2026-05-31,2026-05-31,21956,21956,3952.08,3952.08,1,1,2,EXACT_MATCH
07ABCDE3866F1Z5,07ABCDE3866F1Z5,Supplier 1754,Supplier 1754,INV-01754,INV-01754,2026-07-11,2026-07-11,37665,37665,6779.70,6779.70,1,1,2,EXACT_MATCH
07ABCDE2013F1Z5,07ABCDE2013F1Z5,Supplier 1755,Supplier 1755,INV-01755,INV-01755,2026-01-21,2026-01-21,89894,89894,16180.92,16180.92,1,1,2,EXACT_MATCH
07ABCDE8208F1Z5,07ABCDE8208F1Z5,Supplier 1756,Supplier 1756,INV-01756,INV-01756,2026-04-30,2026-04-30,52547,52547,9458.46,9458.46,1,1,2,EXACT_MATCH
07ABCDE9892F1Z5,07ABCDE9892F1Z5,Supplier 1757,Supplier 1757,INV-01757,INV-01757,2026-05-30,2026-05-30,96570,96570,17382.60,17382.60,1,1,2,EXACT_MATCH
07ABCDE7636F1Z5,07ABCDE7636F1Z5,Supplier 1758,Supplier 1758,INV-01758,INV-01758,2026-02-21,2026-02-21,41924,41924,7546.32,7546.32,1,1,2,EXACT_MATCH
07ABCDE3150F1Z5,07ABCDE3150F1Z5,Supplier 1759,Supplier 1759,INV-01759,INV-01759,2026-05-20,2026-05-20,60994,60994,10978.92,10978.92,1,1,2,EXACT_MATCH
07ABCDE7725F1Z5,07ABCDE7725F1Z5,Supplier 1760,Supplier 1760,INV-01760,INV-01760,2026-09-16,2026-09-16,87765,87765,15797.70,15797.70,1,1,2,EXACT_MATCH
07ABCDE1989F1Z5,07ABCDE1989F1Z5,Supplier 1761,Supplier 1761,INV-01761,INV-01761,2026-09-06,2026-09-06,84212,84212,15158.16,15158.16,1,1,2,EXACT_MATCH
07ABCDE9113F1Z5,07ABCDE9113F1Z5,Supplier 1762,Supplier 1762,INV-01762,INV-01762,2026-01-18,2026-01-18,49935,49935,8988.30,8988.30,1,1,2,EXACT_MATCH
07ABCDE2371F1Z5,07ABCDE2371F1Z5,Supplier 1763,Supplier 1763,INV-01763,INV-01763,2026-11-10,2026-11-10,51787,51787,9321.66,9321.66,1,1,2,EXACT_MATCH
07ABCDE7673F1Z5,07ABCDE7673F1Z5,Supplier 1764,Supplier 1764,INV-01764,INV-01764,2026-09-08,2026-09-08,49007,49007,8821.26,8821.26,1,1,2,EXACT_MATCH
07ABCDE8828F1Z5,07ABCDE8828F1Z5,Supplier 1765,Supplier 1765,INV-01765,INV-01765,2026-06-02,2026-06-02,5700,5700,1026.00,1026.00,1,1,2,EXACT_MATCH
07ABCDE3497F1Z5,07ABCDE3497F1Z5,Supplier 1766,Supplier 1766,INV-01766,INV-01766,2026-03-31,2026-03-31,1384,1384,249.12,249.12,1,1,2,EXACT_MATCH
07ABCDE8723F1Z5,07ABCDE8723F1Z5,Supplier 1767,Supplier 1767,INV-01767,INV-01767,2026-12-07,2026-12-07,10994,10994,1978.92,1978.92,1,1,2,EXACT_MATCH
07ABCDE5044F1Z5,07ABCDE5044F1Z5,Supplier 1768,Supplier 1768,INV-01768,INV-01768,2026-04-16,2026-04-16,93587,93587,16845.66,16845.66,1,1,2,EXACT_MATCH
07ABCDE9916F1Z5,07ABCDE9916F1Z5,Supplier 1769,Supplier 1769,INV-01769,INV-01769,2026-12-27,2026-12-27,8341,8341,1501.38,1501.38,1,1,2,EXACT_MATCH
07ABCDE1008F1Z5,07ABCDE1008F1Z5,Supplier 1770,Supplier 1770,INV-01770,INV-01770,2026-02-10,2026-02-10,85694,85694,15424.92,15424.92,1,1,2,EXACT_MATCH
07ABCDE8641F1Z5,07ABCDE8641F1Z5,Supplier 1771,Supplier 1771,INV-01771,INV-01771,2026-11-16,2026-11-16,26481,26481,4766.58,4766.58,1,1,2,EXACT_MATCH
07ABCDE9176F1Z5,07ABCDE9176F1Z5,Supplier 1772,Supplier 1772,INV-01772,INV-01772,2026-06-07,2026-06-07,43097,43097,7757.46,7757.46,1,1,2,EXACT_MATCH
07ABCDE3610F1Z5,07ABCDE3610F1Z5,Supplier 1773,Supplier 1773,INV-01773,INV-01773,2026-09-30,2026-09-30,45584,45584,8205.12,8205.12,1,1,2,EXACT_MATCH
07ABCDE4970F1Z5,07ABCDE4970F1Z5,Supplier 1774,Supplier 1774,INV-01774,INV-01774,2026-03-21,2026-03-21,21649,21649,3896.82,3896.82,1,1,2,EXACT_MATCH
07ABCDE4092F1Z5,07ABCDE4092F1Z5,Supplier 1775,Supplier 1775,INV-01775,INV-01775,2026-12-21,2026-12-21,24438,24438,4398.84,4398.84,1,1,2,EXACT_MATCH
07ABCDE9419F1Z5,07ABCDE9419F1Z5,Supplier 1776,Supplier 1776,INV-01776,INV-01776,2026-09-05,2026-09-05,98602,98602,17748.36,17748.36,1,1,2,EXACT_MATCH
07ABCDE1465F1Z5,07ABCDE1465F1Z5,Supplier 1777,Supplier 1777,INV-01777,INV-01777,2026-06-22,2026-06-22,29078,29078,5234.04,5234.04,1,1,2,EXACT_MATCH
07ABCDE4746F1Z5,07ABCDE4746F1Z5,Supplier 1778,Supplier 1778,INV-01778,INV-01778,2026-12-20,2026-12-20,66703,66703,12006.54,12006.54,1,1,2,EXACT_MATCH
07ABCDE2767F1Z5,07ABCDE2767F1Z5,Supplier 1779,Supplier 1779,INV-01779,INV-01779,2026-12-16,2026-12-16,88642,88642,15955.56,15955.56,1,1,2,EXACT_MATCH
07ABCDE9243F1Z5,07ABCDE9243F1Z5,Supplier 1780,Supplier 1780,INV-01780,INV-01780,2026-06-29,2026-06-29,66797,66797,12023.46,12023.46,1,1,2,EXACT_MATCH
07ABCDE1387F1Z5,07ABCDE1387F1Z5,Supplier 1781,Supplier 1781,INV-01781,INV-01781,2026-02-09,2026-02-09,56355,56355,10143.90,10143.90,1,1,2,EXACT_MATCH
07ABCDE3258F1Z5,07ABCDE3258F1Z5,Supplier 1782,Supplier 1782,INV-01782,INV-01782,2026-04-13,2026-04-13,10746,10746,1934.28,1934.28,1,1,2,EXACT_MATCH
07ABCDE9563F1Z5,07ABCDE9563F1Z5,Supplier 1783,Supplier 1783,INV-01783,INV-01783,2026-07-01,2026-07-01,1240,1240,223.20,223.20,1,1,2,EXACT_MATCH
07ABCDE3420F1Z5,07ABCDE3420F1Z5,Supplier 1784,Supplier 1784,INV-01784,INV-01784,2026-08-23,2026-08-23,85102,85102,15318.36,15318.36,1,1,2,EXACT_MATCH
07ABCDE3927F1Z5,07ABCDE3927F1Z5,Supplier 1785,Supplier 1785,INV-01785,INV-01785,2026-05-27,2026-05-27,46004,46004,8280.72,8280.72,1,1,2,EXACT_MATCH
07ABCDE2589F1Z5,07ABCDE2589F1Z5,Supplier 1786,Supplier 1786,INV-01786,INV-01786,2026-01-16,2026-01-16,83012,83012,14942.16,14942.16,1,1,2,EXACT_MATCH
07ABCDE4565F1Z5,07ABCDE4565F1Z5,Supplier 1787,Supplier 1787,INV-01787,INV-01787,2026-02-17,2026-02-17,49366,49366,8885.88,8885.88,1,1,2,EXACT_MATCH
07ABCDE3370F1Z5,07ABCDE3370F1Z5,Supplier 1788,Supplier 1788,INV-01788,INV-01788,2026-08-04,2026-08-04,90207,90207,16237.26,16237.26,1,1,2,EXACT_MATCH
07ABCDE4292F1Z5,07ABCDE4292F1Z5,Supplier 1789,Supplier 1789,INV-01789,INV-01789,2026-03-15,2026-03-15,15132,15132,2723.76,2723.76,1,1,2,EXACT_MATCH
07ABCDE2719F1Z5,07ABCDE2719F1Z5,Supplier 1790,Supplier 1790,INV-01790,INV-01790,2026-08-24,2026-08-24,72366,72366,13025.88,13025.88,1,1,2,EXACT_MATCH
07ABCDE8122F1Z5,07ABCDE8122F1Z5,Supplier 1791,Supplier 1791,INV-01791,INV-01791,2026-02-15,2026-02-15,85894,85894,15460.92,15460.92,1,1,2,EXACT_MATCH
07ABCDE8593F1Z5,07ABCDE8593F1Z5,Supplier 1792,Supplier 1792,INV-01792,INV-01792,2026-08-12,2026-08-12,73668,73668,13260.24,13260.24,1,1,2,EXACT_MATCH
07ABCDE6218F1Z5,07ABCDE6218F1Z5,Supplier 1793,Supplier 1793,INV-01793,INV-01793,2026-05-07,2026-05-07,25734,25734,4632.12,4632.12,1,1,2,EXACT_MATCH
07ABCDE4755F1Z5,07ABCDE4755F1Z5,Supplier 1794,Supplier 1794,INV-01794,INV-01794,2026-01-29,2026-01-29,58668,58668,10560.24,10560.24,1,1,2,EXACT_MATCH
07ABCDE9568F1Z5,07ABCDE9568F1Z5,Supplier 1795,Supplier 1795,INV-01795,INV-01795,2026-04-16,2026-04-16,40977,40977,7375.86,7375.86,1,1,2,EXACT_MATCH
07ABCDE4246F1Z5,07ABCDE4246F1Z5,Supplier 1796,Supplier 1796,INV-01796,INV-01796,2026-09-25,2026-09-25,40442,40442,7279.56,7279.56,1,1,2,EXACT_MATCH
07ABCDE1684F1Z5,07ABCDE1684F1Z5,Supplier 1797,Supplier 1797,INV-01797,INV-01797,2026-04-10,2026-04-10,77268,77268,13908.24,13908.24,1,1,2,EXACT_MATCH
07ABCDE7335F1Z5,07ABCDE7335F1Z5,Supplier 1798,Supplier 1798,INV-01798,INV-01798,2026-08-03,2026-08-03,95254,95254,17145.72,17145.72,1,1,2,EXACT_MATCH
07ABCDE8597F1Z5,07ABCDE8597F1Z5,Supplier 1799,Supplier 1799,INV-01799,INV-01799,2026-10-12,2026-10-12,22742,22742,4093.56,4093.56,1,1,2,EXACT_MATCH
07ABCDE7874F1Z5,07ABCDE7874F1Z5,Supplier 1800,Supplier 1800,INV-01800,INV-01800,2026-12-30,2026-12-30,94850,94850,17073.00,17073.00,1,1,2,EXACT_MATCH
07ABCDE9522F1Z5,07ABCDE9522F1Z5,Supplier 1801,Supplier 1801,INV-01801,INV-01801,2026-11-13,2026-11-13,99231,99231,17861.58,17861.58,1,1,2,EXACT_MATCH
07ABCDE3600F1Z5,07ABCDE3600F1Z5,Supplier 1802,Supplier 1802,INV-01802,INV-01802,2026-12-24,2026-12-24,27164,27164,4889.52,4889.52,1,1,2,EXACT_MATCH
07ABCDE8794F1Z5,07ABCDE8794F1Z5,Supplier 1803,Supplier 1803,INV-01803,INV-01803,2026-11-17,2026-11-17,5516,5516,992.88,992.88,1,1,2,EXACT_MATCH
07ABCDE8393F1Z5,07ABCDE8393F1Z5,Supplier 1804,Supplier 1804,INV-01804,INV-01804,2026-11-04,2026-11-04,86161,86161,15508.98,15508.98,1,1,2,EXACT_MATCH
07ABCDE4813F1Z5,07ABCDE4813F1Z5,Supplier 1805,Supplier 1805,INV-01805,INV-01805,2026-07-21,2026-07-21,34923,34923,6286.14,6286.14,1,1,2,EXACT_MATCH
07ABCDE6711F1Z5,07ABCDE6711F1Z5,Supplier 1806,Supplier 1806,INV-01806,INV-01806,2026-09-18,2026-09-18,33667,33667,6060.06,6060.06,1,1,2,EXACT_MATCH
07ABCDE1866F1Z5,07ABCDE1866F1Z5,Supplier 1807,Supplier 1807,INV-01807,INV-01807,2026-11-22,2026-11-22,22905,22905,4122.90,4122.90,1,1,2,EXACT_MATCH
07ABCDE5169F1Z5,07ABCDE5169F1Z5,Supplier 1808,Supplier 1808,INV-01808,INV-01808,2026-12-17,2026-12-17,30356,30356,5464.08,5464.08,1,1,2,EXACT_MATCH
07ABCDE7995F1Z5,07ABCDE7995F1Z5,Supplier 1809,Supplier 1809,INV-01809,INV-01809,2026-02-22,2026-02-22,10613,10613,1910.34,1910.34,1,1,2,EXACT_MATCH
07ABCDE9498F1Z5,07ABCDE9498F1Z5,Supplier 1810,Supplier 1810,INV-01810,INV-01810,2026-08-31,2026-08-31,1320,1320,237.60,237.60,1,1,2,EXACT_MATCH
07ABCDE7664F1Z5,07ABCDE7664F1Z5,Supplier 1811,Supplier 1811,INV-01811,INV-01811,2026-08-28,2026-08-28,8379,8379,1508.22,1508.22,1,1,2,EXACT_MATCH
07ABCDE9305F1Z5,07ABCDE9305F1Z5,Supplier 1812,Supplier 1812,INV-01812,INV-01812,2026-07-25,2026-07-25,28260,28260,5086.80,5086.80,1,1,2,EXACT_MATCH
07ABCDE4865F1Z5,07ABCDE4865F1Z5,Supplier 1813,Supplier 1813,INV-01813,INV-01813,2026-05-06,2026-05-06,75232,75232,13541.76,13541.76,1,1,2,EXACT_MATCH
07ABCDE2989F1Z5,07ABCDE2989F1Z5,Supplier 1814,Supplier 1814,INV-01814,INV-01814,2026-03-15,2026-03-15,28303,28303,5094.54,5094.54,1,1,2,EXACT_MATCH
07ABCDE3659F1Z5,07ABCDE3659F1Z5,Supplier 1815,Supplier 1815,INV-01815,INV-01815,2026-04-17,2026-04-17,26686,26686,4803.48,4803.48,1,1,2,EXACT_MATCH
07ABCDE8881F1Z5,07ABCDE8881F1Z5,Supplier 1816,Supplier 1816,INV-01816,INV-01816,2026-10-25,2026-10-25,39891,39891,7180.38,7180.38,1,1,2,EXACT_MATCH
07ABCDE8675F1Z5,07ABCDE8675F1Z5,Supplier 1817,Supplier 1817,INV-01817,INV-01817,2026-05-27,2026-05-27,33516,33516,6032.88,6032.88,1,1,2,EXACT_MATCH
07ABCDE1810F1Z5,07ABCDE1810F1Z5,Supplier 1818,Supplier 1818,INV-01818,INV-01818,2026-07-01,2026-07-01,79725,79725,14350.50,14350.50,1,1,2,EXACT_MATCH
07ABCDE7332F1Z5,07ABCDE7332F1Z5,Supplier 1819,Supplier 1819,INV-01819,INV-01819,2026-08-26,2026-08-26,73039,73039,13147.02,13147.02,1,1,2,EXACT_MATCH
07ABCDE7429F1Z5,07ABCDE7429F1Z5,Supplier 1820,Supplier 1820,INV-01820,INV-01820,2026-02-20,2026-02-20,36867,36867,6636.06,6636.06,1,1,2,EXACT_MATCH
07ABCDE7379F1Z5,07ABCDE7379F1Z5,Supplier 1821,Supplier 1821,INV-01821,INV-01821,2026-05-07,2026-05-07,83298,83298,14993.64,14993.64,1,1,2,EXACT_MATCH
07ABCDE7698F1Z5,07ABCDE7698F1Z5,Supplier 1822,Supplier 1822,INV-01822,INV-01822,2026-03-13,2026-03-13,18246,18246,3284.28,3284.28,1,1,2,EXACT_MATCH
07ABCDE8400F1Z5,07ABCDE8400F1Z5,Supplier 1823,Supplier 1823,INV-01823,INV-01823,2026-07-23,2026-07-23,70576,70576,12703.68,12703.68,1,1,2,EXACT_MATCH
07ABCDE8501F1Z5,07ABCDE8501F1Z5,Supplier 1824,Supplier 1824,INV-01824,INV-01824,2026-02-17,2026-02-17,5104,5104,918.72,918.72,1,1,2,EXACT_MATCH
07ABCDE8028F1Z5,07ABCDE8028F1Z5,Supplier 1825,Supplier 1825,INV-01825,INV-01825,2026-12-05,2026-12-05,99910,99910,17983.80,17983.80,1,1,2,EXACT_MATCH
07ABCDE1121F1Z5,07ABCDE1121F1Z5,Supplier 1826,Supplier 1826,INV-01826,INV-01826,2026-10-17,2026-10-17,24778,24778,4460.04,4460.04,1,1,2,EXACT_MATCH
07ABCDE6118F1Z5,07ABCDE6118F1Z5,Supplier 1827,Supplier 1827,INV-01827,INV-01827,2026-02-24,2026-02-24,27200,27200,4896.00,4896.00,1,1,2,EXACT_MATCH
07ABCDE1255F1Z5,07ABCDE1255F1Z5,Supplier 1828,Supplier 1828,INV-01828,INV-01828,2026-12-06,2026-12-06,14165,14165,2549.70,2549.70,1,1,2,EXACT_MATCH
07ABCDE2197F1Z5,07ABCDE2197F1Z5,Supplier 1829,Supplier 1829,INV-01829,INV-01829,2026-11-30,2026-11-30,59690,59690,10744.20,10744.20,1,1,2,EXACT_MATCH
07ABCDE5278F1Z5,07ABCDE5278F1Z5,Supplier 1830,Supplier 1830,INV-01830,INV-01830,2026-11-25,2026-11-25,67782,67782,12200.76,12200.76,1,1,2,EXACT_MATCH
07ABCDE5070F1Z5,07ABCDE5070F1Z5,Supplier 1831,Supplier 1831,INV-01831,INV-01831,2026-09-30,2026-09-30,61370,61370,11046.60,11046.60,1,1,2,EXACT_MATCH
07ABCDE9600F1Z5,07ABCDE9600F1Z5,Supplier 1832,Supplier 1832,INV-01832,INV-01832,2026-03-05,2026-03-05,14556,14556,2620.08,2620.08,1,1,2,EXACT_MATCH
07ABCDE2784F1Z5,07ABCDE2784F1Z5,Supplier 1833,Supplier 1833,INV-01833,INV-01833,2026-11-28,2026-11-28,23569,23569,4242.42,4242.42,1,1,2,EXACT_MATCH
07ABCDE3846F1Z5,07ABCDE3846F1Z5,Supplier 1834,Supplier 1834,INV-01834,INV-01834,2026-09-26,2026-09-26,73697,73697,13265.46,13265.46,1,1,2,EXACT_MATCH
07ABCDE7013F1Z5,07ABCDE7013F1Z5,Supplier 1835,Supplier 1835,INV-01835,INV-01835,2026-01-12,2026-01-12,53974,53974,9715.32,9715.32,1,1,2,EXACT_MATCH
07ABCDE3650F1Z5,07ABCDE3650F1Z5,Supplier 1836,Supplier 1836,INV-01836,INV-01836,2026-01-03,2026-01-03,43310,43310,7795.80,7795.80,1,1,2,EXACT_MATCH
07ABCDE3650F1Z5,07ABCDE3650F1Z5,Supplier 1837,Supplier 1837,INV-01837,INV-01837,2026-03-06,2026-03-06,59432,59432,10697.76,10697.76,1,1,2,EXACT_MATCH
07ABCDE3921F1Z5,07ABCDE3921F1Z5,Supplier 1838,Supplier 1838,INV-01838,INV-01838,2026-11-14,2026-11-14,6908,6908,1243.44,1243.44,1,1,2,EXACT_MATCH
07ABCDE6154F1Z5,07ABCDE6154F1Z5,Supplier 1839,Supplier 1839,INV-01839,INV-01839,2026-10-04,2026-10-04,66945,66945,12050.10,12050.10,1,1,2,EXACT_MATCH
07ABCDE5098F1Z5,07ABCDE5098F1Z5,Supplier 1840,Supplier 1840,INV-01840,INV-01840,2026-12-20,2026-12-20,16894,16894,3040.92,3040.92,1,1,2,EXACT_MATCH
07ABCDE5029F1Z5,07ABCDE5029F1Z5,Supplier 1841,Supplier 1841,INV-01841,INV-01841,2026-09-03,2026-09-03,72227,72227,13000.86,13000.86,1,1,2,EXACT_MATCH
07ABCDE3249F1Z5,07ABCDE3249F1Z5,Supplier 1842,Supplier 1842,INV-01842,INV-01842,2026-01-06,2026-01-06,59513,59513,10712.34,10712.34,1,1,2,EXACT_MATCH
07ABCDE2730F1Z5,07ABCDE2730F1Z5,Supplier 1843,Supplier 1843,INV-01843,INV-01843,2026-07-03,2026-07-03,73704,73704,13266.72,13266.72,1,1,2,EXACT_MATCH
07ABCDE6705F1Z5,07ABCDE6705F1Z5,Supplier 1844,Supplier 1844,INV-01844,INV-01844,2026-10-07,2026-10-07,23223,23223,4180.14,4180.14,1,1,2,EXACT_MATCH
07ABCDE6341F1Z5,07ABCDE6341F1Z5,Supplier 1845,Supplier 1845,INV-01845,INV-01845,2026-06-28,2026-06-28,22248,22248,4004.64,4004.64,1,1,2,EXACT_MATCH
07ABCDE4165F1Z5,07ABCDE4165F1Z5,Supplier 1846,Supplier 1846,INV-01846,INV-01846,2026-08-02,2026-08-02,38374,38374,6907.32,6907.32,1,1,2,EXACT_MATCH
07ABCDE4725F1Z5,07ABCDE4725F1Z5,Supplier 1847,Supplier 1847,INV-01847,INV-01847,2026-11-28,2026-11-28,57361,57361,10324.98,10324.98,1,1,2,EXACT_MATCH
07ABCDE5549F1Z5,07ABCDE5549F1Z5,Supplier 1848,Supplier 1848,INV-01848,INV-01848,2026-06-19,2026-06-19,93694,93694,16864.92,16864.92,1,1,2,EXACT_MATCH
07ABCDE3318F1Z5,07ABCDE3318F1Z5,Supplier 1849,Supplier 1849,INV-01849,INV-01849,2026-09-10,2026-09-10,91722,91722,16509.96,16509.96,1,1,2,EXACT_MATCH
07ABCDE1937F1Z5,07ABCDE1937F1Z5,Supplier 1850,Supplier 1850,INV-01850,INV-01850,2026-06-22,2026-06-22,94566,94566,17021.88,17021.88,1,1,2,EXACT_MATCH
07ABCDE8167F1Z5,07ABCDE8167F1Z5,Supplier 1851,Supplier 1851,INV-01851,INV-01851,2026-10-06,2026-10-06,65957,65957,11872.26,11872.26,1,1,2,EXACT_MATCH
07ABCDE4436F1Z5,07ABCDE4436F1Z5,Supplier 1852,Supplier 1852,INV-01852,INV-01852,2026-04-26,2026-04-26,75999,75999,13679.82,13679.82,1,1,2,EXACT_MATCH
07ABCDE8313F1Z5,07ABCDE8313F1Z5,Supplier 1853,Supplier 1853,INV-01853,INV-01853,2026-07-22,2026-07-22,10307,10307,1855.26,1855.26,1,1,2,EXACT_MATCH
07ABCDE3010F1Z5,07ABCDE3010F1Z5,Supplier 1854,Supplier 1854,INV-01854,INV-01854,2026-12-29,2026-12-29,53992,53992,9718.56,9718.56,1,1,2,EXACT_MATCH
07ABCDE7530F1Z5,07ABCDE7530F1Z5,Supplier 1855,Supplier 1855,INV-01855,INV-01855,2026-10-17,2026-10-17,32643,32643,5875.74,5875.74,1,1,2,EXACT_MATCH
07ABCDE7068F1Z5,07ABCDE7068F1Z5,Supplier 1856,Supplier 1856,INV-01856,INV-01856,2027-01-01,2027-01-01,43470,43470,7824.60,7824.60,1,1,2,EXACT_MATCH
07ABCDE7789F1Z5,07ABCDE7789F1Z5,Supplier 1857,Supplier 1857,INV-01857,INV-01857,2026-07-17,2026-07-17,33377,33377,6007.86,6007.86,1,1,2,EXACT_MATCH
07ABCDE3095F1Z5,07ABCDE3095F1Z5,Supplier 1858,Supplier 1858,INV-01858,INV-01858,2026-01-26,2026-01-26,70432,70432,12677.76,12677.76,1,1,2,EXACT_MATCH
07ABCDE3850F1Z5,07ABCDE3850F1Z5,Supplier 1859,Supplier 1859,INV-01859,INV-01859,2026-08-17,2026-08-17,70896,70896,12761.28,12761.28,1,1,2,EXACT_MATCH
07ABCDE1897F1Z5,07ABCDE1897F1Z5,Supplier 1860,Supplier 1860,INV-01860,INV-01860,2026-09-30,2026-09-30,86254,86254,15525.72,15525.72,1,1,2,EXACT_MATCH
07ABCDE6763F1Z5,07ABCDE6763F1Z5,Supplier 1861,Supplier 1861,INV-01861,INV-01861,2026-08-24,2026-08-24,12026,12026,2164.68,2164.68,1,1,2,EXACT_MATCH
07ABCDE2265F1Z5,07ABCDE2265F1Z5,Supplier 1862,Supplier 1862,INV-01862,INV-01862,2026-02-18,2026-02-18,39900,39900,7182.00,7182.00,1,1,2,EXACT_MATCH
07ABCDE5263F1Z5,07ABCDE5263F1Z5,Supplier 1863,Supplier 1863,INV-01863,INV-01863,2026-04-05,2026-04-05,55781,55781,10040.58,10040.58,1,1,2,EXACT_MATCH
07ABCDE1991F1Z5,07ABCDE1991F1Z5,Supplier 1864,Supplier 1864,INV-01864,INV-01864,2026-11-02,2026-11-02,98951,98951,17811.18,17811.18,1,1,2,EXACT_MATCH
07ABCDE9743F1Z5,07ABCDE9743F1Z5,Supplier 1865,Supplier 1865,INV-01865,INV-01865,2026-01-20,2026-01-20,72344,72344,13021.92,13021.92,1,1,2,EXACT_MATCH
07ABCDE6293F1Z5,07ABCDE6293F1Z5,Supplier 1866,Supplier 1866,INV-01866,INV-01866,2026-10-09,2026-10-09,47503,47503,8550.54,8550.54,1,1,2,EXACT_MATCH
07ABCDE8554F1Z5,07ABCDE8554F1Z5,Supplier 1867,Supplier 1867,INV-01867,INV-01867,2026-01-21,2026-01-21,37848,37848,6812.64,6812.64,1,1,2,EXACT_MATCH
07ABCDE8327F1Z5,07ABCDE8327F1Z5,Supplier 1868,Supplier 1868,INV-01868,INV-01868,2026-08-01,2026-08-01,48230,48230,8681.40,8681.40,1,1,2,EXACT_MATCH
07ABCDE1974F1Z5,07ABCDE1974F1Z5,Supplier 1869,Supplier 1869,INV-01869,INV-01869,2026-12-13,2026-12-13,24960,24960,4492.80,4492.80,1,1,2,EXACT_MATCH
07ABCDE5194F1Z5,07ABCDE5194F1Z5,Supplier 1870,Supplier 1870,INV-01870,INV-01870,2026-05-03,2026-05-03,78066,78066,14051.88,14051.88,1,1,2,EXACT_MATCH
07ABCDE1634F1Z5,07ABCDE1634F1Z5,Supplier 1871,Supplier 1871,INV-01871,INV-01871,2026-08-13,2026-08-13,54127,54127,9742.86,9742.86,1,1,2,EXACT_MATCH
07ABCDE1417F1Z5,07ABCDE1417F1Z5,Supplier 1872,Supplier 1872,INV-01872,INV-01872,2026-02-28,2026-02-28,94005,94005,16920.90,16920.90,1,1,2,EXACT_MATCH
07ABCDE8346F1Z5,07ABCDE8346F1Z5,Supplier 1873,Supplier 1873,INV-01873,INV-01873,2026-08-18,2026-08-18,58041,58041,10447.38,10447.38,1,1,2,EXACT_MATCH
07ABCDE4441F1Z5,07ABCDE4441F1Z5,Supplier 1874,Supplier 1874,INV-01874,INV-01874,2026-03-09,2026-03-09,46845,46845,8432.10,8432.10,1,1,2,EXACT_MATCH
07ABCDE2346F1Z5,07ABCDE2346F1Z5,Supplier 1875,Supplier 1875,INV-01875,INV-01875,2026-06-07,2026-06-07,60065,60065,10811.70,10811.70,1,1,2,EXACT_MATCH
07ABCDE3248F1Z5,07ABCDE3248F1Z5,Supplier 1876,Supplier 1876,INV-01876,INV-01876,2026-10-21,2026-10-21,41447,41447,7460.46,7460.46,1,1,2,EXACT_MATCH
07ABCDE8675F1Z5,07ABCDE8675F1Z5,Supplier 1877,Supplier 1877,INV-01877,INV-01877,2026-10-09,2026-10-09,60515,60515,10892.70,10892.70,1,1,2,EXACT_MATCH
07ABCDE6604F1Z5,07ABCDE6604F1Z5,Supplier 1878,Supplier 1878,INV-01878,INV-01878,2026-05-24,2026-05-24,65027,65027,11704.86,11704.86,1,1,2,EXACT_MATCH
07ABCDE4873F1Z5,07ABCDE4873F1Z5,Supplier 1879,Supplier 1879,INV-01879,INV-01879,2026-10-22,2026-10-22,63411,63411,11413.98,11413.98,1,1,2,EXACT_MATCH
07ABCDE5966F1Z5,07ABCDE5966F1Z5,Supplier 1880,Supplier 1880,INV-01880,INV-01880,2026-06-24,2026-06-24,40527,40527,7294.86,7294.86,1,1,2,EXACT_MATCH
07ABCDE5951F1Z5,07ABCDE5951F1Z5,Supplier 1881,Supplier 1881,INV-01881,INV-01881,2026-09-30,2026-09-30,6923,6923,1246.14,1246.14,1,1,2,EXACT_MATCH
07ABCDE6451F1Z5,07ABCDE6451F1Z5,Supplier 1882,Supplier 1882,INV-01882,INV-01882,2026-12-20,2026-12-20,19558,19558,3520.44,3520.44,1,1,2,EXACT_MATCH
07ABCDE7573F1Z5,07ABCDE7573F1Z5,Supplier 1883,Supplier 1883,INV-01883,INV-01883,2026-02-24,2026-02-24,70966,70966,12773.88,12773.88,1,1,2,EXACT_MATCH
07ABCDE9806F1Z5,07ABCDE9806F1Z5,Supplier 1884,Supplier 1884,INV-01884,INV-01884,2026-02-05,2026-02-05,31887,31887,5739.66,5739.66,1,1,2,EXACT_MATCH
07ABCDE9151F1Z5,07ABCDE9151F1Z5,Supplier 1885,Supplier 1885,INV-01885,INV-01885,2026-12-28,2026-12-28,11487,11487,2067.66,2067.66,1,1,2,EXACT_MATCH
07ABCDE2291F1Z5,07ABCDE2291F1Z5,Supplier 1886,Supplier 1886,INV-01886,INV-01886,2026-11-30,2026-11-30,68208,68208,12277.44,12277.44,1,1,2,EXACT_MATCH
07ABCDE9446F1Z5,07ABCDE9446F1Z5,Supplier 1887,Supplier 1887,INV-01887,INV-01887,2026-08-17,2026-08-17,58493,58493,10528.74,10528.74,1,1,2,EXACT_MATCH
07ABCDE5386F1Z5,07ABCDE5386F1Z5,Supplier 1888,Supplier 1888,INV-01888,INV-01888,2026-04-20,2026-04-20,61793,61793,11122.74,11122.74,1,1,2,EXACT_MATCH
07ABCDE6316F1Z5,07ABCDE6316F1Z5,Supplier 1889,Supplier 1889,INV-01889,INV-01889,2026-08-22,2026-08-22,5947,5947,1070.46,1070.46,1,1,2,EXACT_MATCH
07ABCDE3235F1Z5,07ABCDE3235F1Z5,Supplier 1890,Supplier 1890,INV-01890,INV-01890,2026-05-28,2026-05-28,80180,80180,14432.40,14432.40,1,1,2,EXACT_MATCH
07ABCDE3734F1Z5,07ABCDE3734F1Z5,Supplier 1891,Supplier 1891,INV-01891,INV-01891,2026-02-08,2026-02-08,22323,22323,4018.14,4018.14,1,1,2,EXACT_MATCH
07ABCDE7412F1Z5,07ABCDE7412F1Z5,Supplier 1892,Supplier 1892,INV-01892,INV-01892,2026-03-12,2026-03-12,37083,37083,6674.94,6674.94,1,1,2,EXACT_MATCH
07ABCDE1232F1Z5,07ABCDE1232F1Z5,Supplier 1893,Supplier 1893,INV-01893,INV-01893,2026-06-25,2026-06-25,54350,54350,9783.00,9783.00,1,1,2,EXACT_MATCH
07ABCDE2098F1Z5,07ABCDE2098F1Z5,Supplier 1894,Supplier 1894,INV-01894,INV-01894,2026-03-03,2026-03-03,74078,74078,13334.04,13334.04,1,1,2,EXACT_MATCH
07ABCDE1737F1Z5,07ABCDE1737F1Z5,Supplier 1895,Supplier 1895,INV-01895,INV-01895,2026-10-13,2026-10-13,29928,29928,5387.04,5387.04,1,1,2,EXACT_MATCH
07ABCDE1129F1Z5,07ABCDE1129F1Z5,Supplier 1896,Supplier 1896,INV-01896,INV-01896,2026-01-10,2026-01-10,1488,1488,267.84,267.84,1,1,2,EXACT_MATCH
07ABCDE7235F1Z5,07ABCDE7235F1Z5,Supplier 1897,Supplier 1897,INV-01897,INV-01897,2026-07-21,2026-07-21,45538,45538,8196.84,8196.84,1,1,2,EXACT_MATCH
07ABCDE5461F1Z5,07ABCDE5461F1Z5,Supplier 1898,Supplier 1898,INV-01898,INV-01898,2026-06-15,2026-06-15,83047,83047,14948.46,14948.46,1,1,2,EXACT_MATCH
07ABCDE8678F1Z5,07ABCDE8678F1Z5,Supplier 1899,Supplier 1899,INV-01899,INV-01899,2026-05-27,2026-05-27,93941,93941,16909.38,16909.38,1,1,2,EXACT_MATCH
07ABCDE6634F1Z5,07ABCDE6634F1Z5,Supplier 1900,Supplier 1900,INV-01900,INV-01900,2026-04-22,2026-04-22,66342,66342,11941.56,11941.56,1,1,2,EXACT_MATCH
07ABCDE6495F1Z5,07ABCDE6495F1Z5,Supplier 1901,Supplier 1901,INV-01901,INV-01901,2026-12-28,2026-12-28,64595,64595,11627.10,11627.10,1,1,2,EXACT_MATCH
07ABCDE6318F1Z5,07ABCDE6318F1Z5,Supplier 1902,Supplier 1902,INV-01902,INV-01902,2026-01-24,2026-01-24,20905,20905,3762.90,3762.90,1,1,2,EXACT_MATCH
07ABCDE8811F1Z5,07ABCDE8811F1Z5,Supplier 1903,Supplier 1903,INV-01903,INV-01903,2026-09-11,2026-09-11,84508,84508,15211.44,15211.44,1,1,2,EXACT_MATCH
07ABCDE8946F1Z5,07ABCDE8946F1Z5,Supplier 1904,Supplier 1904,INV-01904,INV-01904,2026-08-02,2026-08-02,47780,47780,8600.40,8600.40,1,1,2,EXACT_MATCH
07ABCDE1658F1Z5,07ABCDE1658F1Z5,Supplier 1905,Supplier 1905,INV-01905,INV-01905,2026-08-27,2026-08-27,89461,89461,16102.98,16102.98,1,1,2,EXACT_MATCH
07ABCDE7387F1Z5,07ABCDE7387F1Z5,Supplier 1906,Supplier 1906,INV-01906,INV-01906,2026-02-14,2026-02-14,28135,28135,5064.30,5064.30,1,1,2,EXACT_MATCH
07ABCDE1589F1Z5,07ABCDE1589F1Z5,Supplier 1907,Supplier 1907,INV-01907,INV-01907,2026-02-23,2026-02-23,32855,32855,5913.90,5913.90,1,1,2,EXACT_MATCH
07ABCDE6620F1Z5,07ABCDE6620F1Z5,Supplier 1908,Supplier 1908,INV-01908,INV-01908,2026-06-10,2026-06-10,58969,58969,10614.42,10614.42,1,1,2,EXACT_MATCH
07ABCDE9665F1Z5,07ABCDE9665F1Z5,Supplier 1909,Supplier 1909,INV-01909,INV-01909,2026-07-20,2026-07-20,1789,1789,322.02,322.02,1,1,2,EXACT_MATCH
07ABCDE1442F1Z5,07ABCDE1442F1Z5,Supplier 1910,Supplier 1910,INV-01910,INV-01910,2026-06-04,2026-06-04,36629,36629,6593.22,6593.22,1,1,2,EXACT_MATCH
07ABCDE9829F1Z5,07ABCDE9829F1Z5,Supplier 1911,Supplier 1911,INV-01911,INV-01911,2026-09-20,2026-09-20,67690,67690,12184.20,12184.20,1,1,2,EXACT_MATCH
07ABCDE7581F1Z5,07ABCDE7581F1Z5,Supplier 1912,Supplier 1912,INV-01912,INV-01912,2026-08-06,2026-08-06,46835,46835,8430.30,8430.30,1,1,2,EXACT_MATCH
07ABCDE5430F1Z5,07ABCDE5430F1Z5,Supplier 1913,Supplier 1913,INV-01913,INV-01913,2026-08-13,2026-08-13,94862,94862,17075.16,17075.16,1,1,2,EXACT_MATCH
07ABCDE1669F1Z5,07ABCDE1669F1Z5,Supplier 1914,Supplier 1914,INV-01914,INV-01914,2026-12-27,2026-12-27,35676,35676,6421.68,6421.68,1,1,2,EXACT_MATCH
07ABCDE9271F1Z5,07ABCDE9271F1Z5,Supplier 1915,Supplier 1915,INV-01915,INV-01915,2026-11-19,2026-11-19,9943,9943,1789.74,1789.74,1,1,2,EXACT_MATCH
07ABCDE1461F1Z5,07ABCDE1461F1Z5,Supplier 1916,Supplier 1916,INV-01916,INV-01916,2026-04-20,2026-04-20,41005,41005,7380.90,7380.90,1,1,2,EXACT_MATCH
07ABCDE7877F1Z5,07ABCDE7877F1Z5,Supplier 1917,Supplier 1917,INV-01917,INV-01917,2026-04-28,2026-04-28,13284,13284,2391.12,2391.12,1,1,2,EXACT_MATCH
07ABCDE8999F1Z5,07ABCDE8999F1Z5,Supplier 1918,Supplier 1918,INV-01918,INV-01918,2026-08-31,2026-08-31,52174,52174,9391.32,9391.32,1,1,2,EXACT_MATCH
07ABCDE1107F1Z5,07ABCDE1107F1Z5,Supplier 1919,Supplier 1919,INV-01919,INV-01919,2026-01-24,2026-01-24,6271,6271,1128.78,1128.78,1,1,2,EXACT_MATCH
07ABCDE2066F1Z5,07ABCDE2066F1Z5,Supplier 1920,Supplier 1920,INV-01920,INV-01920,2026-08-09,2026-08-09,79247,79247,14264.46,14264.46,1,1,2,EXACT_MATCH
07ABCDE7165F1Z5,07ABCDE7165F1Z5,Supplier 1921,Supplier 1921,INV-01921,INV-01921,2026-05-19,2026-05-19,39582,39582,7124.76,7124.76,1,1,2,EXACT_MATCH
07ABCDE6323F1Z5,07ABCDE6323F1Z5,Supplier 1922,Supplier 1922,INV-01922,INV-01922,2026-04-29,2026-04-29,53648,53648,9656.64,9656.64,1,1,2,EXACT_MATCH
07ABCDE2594F1Z5,07ABCDE2594F1Z5,Supplier 1923,Supplier 1923,INV-01923,INV-01923,2026-04-19,2026-04-19,91402,91402,16452.36,16452.36,1,1,2,EXACT_MATCH
07ABCDE4541F1Z5,07ABCDE4541F1Z5,Supplier 1924,Supplier 1924,INV-01924,INV-01924,2026-09-20,2026-09-20,23404,23404,4212.72,4212.72,1,1,2,EXACT_MATCH
07ABCDE4184F1Z5,07ABCDE4184F1Z5,Supplier 1925,Supplier 1925,INV-01925,INV-01925,2026-10-04,2026-10-04,38164,38164,6869.52,6869.52,1,1,2,EXACT_MATCH
07ABCDE1193F1Z5,07ABCDE1193F1Z5,Supplier 1926,Supplier 1926,INV-01926,INV-01926,2026-07-04,2026-07-04,55764,55764,10037.52,10037.52,1,1,2,EXACT_MATCH
07ABCDE3317F1Z5,07ABCDE3317F1Z5,Supplier 1927,Supplier 1927,INV-01927,INV-01927,2026-12-11,2026-12-11,61915,61915,11144.70,11144.70,1,1,2,EXACT_MATCH
07ABCDE4636F1Z5,07ABCDE4636F1Z5,Supplier 1928,Supplier 1928,INV-01928,INV-01928,2026-01-21,2026-01-21,34419,34419,6195.42,6195.42,1,1,2,EXACT_MATCH
07ABCDE2983F1Z5,07ABCDE2983F1Z5,Supplier 1929,Supplier 1929,INV-01929,INV-01929,2026-06-19,2026-06-19,42048,42048,7568.64,7568.64,1,1,2,EXACT_MATCH
07ABCDE6670F1Z5,07ABCDE6670F1Z5,Supplier 1930,Supplier 1930,INV-01930,INV-01930,2026-06-24,2026-06-24,17932,17932,3227.76,3227.76,1,1,2,EXACT_MATCH
07ABCDE5193F1Z5,07ABCDE5193F1Z5,Supplier 1931,Supplier 1931,INV-01931,INV-01931,2026-11-02,2026-11-02,14113,14113,2540.34,2540.34,1,1,2,EXACT_MATCH
07ABCDE4177F1Z5,07ABCDE4177F1Z5,Supplier 1932,Supplier 1932,INV-01932,INV-01932,2026-07-11,2026-07-11,98483,98483,17726.94,17726.94,1,1,2,EXACT_MATCH
07ABCDE8084F1Z5,07ABCDE8084F1Z5,Supplier 1933,Supplier 1933,INV-01933,INV-01933,2026-09-28,2026-09-28,57008,57008,10261.44,10261.44,1,1,2,EXACT_MATCH
07ABCDE8166F1Z5,07ABCDE8166F1Z5,Supplier 1934,Supplier 1934,INV-01934,INV-01934,2026-07-19,2026-07-19,42577,42577,7663.86,7663.86,1,1,2,EXACT_MATCH
07ABCDE4777F1Z5,07ABCDE4777F1Z5,Supplier 1935,Supplier 1935,INV-01935,INV-01935,2026-11-12,2026-11-12,27616,27616,4970.88,4970.88,1,1,2,EXACT_MATCH
07ABCDE5009F1Z5,07ABCDE5009F1Z5,Supplier 1936,Supplier 1936,INV-01936,INV-01936,2026-09-11,2026-09-11,29187,29187,5253.66,5253.66,1,1,2,EXACT_MATCH
07ABCDE1388F1Z5,07ABCDE1388F1Z5,Supplier 1937,Supplier 1937,INV-01937,INV-01937,2026-04-05,2026-04-05,63871,63871,11496.78,11496.78,1,1,2,EXACT_MATCH
07ABCDE4623F1Z5,07ABCDE4623F1Z5,Supplier 1938,Supplier 1938,INV-01938,INV-01938,2026-06-29,2026-06-29,32965,32965,5933.70,5933.70,1,1,2,EXACT_MATCH
07ABCDE2252F1Z5,07ABCDE2252F1Z5,Supplier 1939,Supplier 1939,INV-01939,INV-01939,2026-03-31,2026-03-31,52327,52327,9418.86,9418.86,1,1,2,EXACT_MATCH
07ABCDE1329F1Z5,07ABCDE1329F1Z5,Supplier 1940,Supplier 1940,INV-01940,INV-01940,2026-04-15,2026-04-15,79889,79889,14380.02,14380.02,1,1,2,EXACT_MATCH
07ABCDE9961F1Z5,07ABCDE9961F1Z5,Supplier 1941,Supplier 1941,INV-01941,INV-01941,2026-05-26,2026-05-26,65257,65257,11746.26,11746.26,1,1,2,EXACT_MATCH
07ABCDE5172F1Z5,07ABCDE5172F1Z5,Supplier 1942,Supplier 1942,INV-01942,INV-01942,2026-04-09,2026-04-09,76727,76727,13810.86,13810.86,1,1,2,EXACT_MATCH
07ABCDE9613F1Z5,07ABCDE9613F1Z5,Supplier 1943,Supplier 1943,INV-01943,INV-01943,2026-12-20,2026-12-20,61356,61356,11044.08,11044.08,1,1,2,EXACT_MATCH
07ABCDE7105F1Z5,07ABCDE7105F1Z5,Supplier 1944,Supplier 1944,INV-01944,INV-01944,2026-07-27,2026-07-27,59988,59988,10797.84,10797.84,1,1,2,EXACT_MATCH
07ABCDE8574F1Z5,07ABCDE8574F1Z5,Supplier 1945,Supplier 1945,INV-01945,INV-01945,2026-03-24,2026-03-24,80537,80537,14496.66,14496.66,1,1,2,EXACT_MATCH
07ABCDE6564F1Z5,07ABCDE6564F1Z5,Supplier 1946,Supplier 1946,INV-01946,INV-01946,2026-12-22,2026-12-22,82584,82584,14865.12,14865.12,1,1,2,EXACT_MATCH
07ABCDE7373F1Z5,07ABCDE7373F1Z5,Supplier 1947,Supplier 1947,INV-01947,INV-01947,2026-11-21,2026-11-21,92655,92655,16677.90,16677.90,1,1,2,EXACT_MATCH
07ABCDE1964F1Z5,07ABCDE1964F1Z5,Supplier 1948,Supplier 1948,INV-01948,INV-01948,2026-03-06,2026-03-06,32289,32289,5812.02,5812.02,1,1,2,EXACT_MATCH
07ABCDE1891F1Z5,07ABCDE1891F1Z5,Supplier 1949,Supplier 1949,INV-01949,INV-01949,2026-02-28,2026-02-28,26593,26593,4786.74,4786.74,1,1,2,EXACT_MATCH
07ABCDE4058F1Z5,07ABCDE4058F1Z5,Supplier 1950,Supplier 1950,INV-01950,INV-01950,2026-07-24,2026-07-24,55602,55602,10008.36,10008.36,1,1,2,EXACT_MATCH
07ABCDE6364F1Z5,07ABCDE6364F1Z5,Supplier 1951,Supplier 1951,INV-01951,INV-01951,2026-07-06,2026-07-06,73786,73786,13281.48,13281.48,1,1,2,EXACT_MATCH
07ABCDE2697F1Z5,07ABCDE2697F1Z5,Supplier 1952,Supplier 1952,INV-01952,INV-01952,2026-03-30,2026-03-30,77191,77191,13894.38,13894.38,1,1,2,EXACT_MATCH
07ABCDE8774F1Z5,07ABCDE8774F1Z5,Supplier 1953,Supplier 1953,INV-01953,INV-01953,2026-07-12,2026-07-12,90800,90800,16344.00,16344.00,1,1,2,EXACT_MATCH
07ABCDE4949F1Z5,07ABCDE4949F1Z5,Supplier 1954,Supplier 1954,INV-01954,INV-01954,2026-04-07,2026-04-07,61512,61512,11072.16,11072.16,1,1,2,EXACT_MATCH
07ABCDE6539F1Z5,07ABCDE6539F1Z5,Supplier 1955,Supplier 1955,INV-01955,INV-01955,2026-11-22,2026-11-22,47660,47660,8578.80,8578.80,1,1,2,EXACT_MATCH
07ABCDE8833F1Z5,07ABCDE8833F1Z5,Supplier 1956,Supplier 1956,INV-01956,INV-01956,2026-11-19,2026-11-19,82406,82406,14833.08,14833.08,1,1,2,EXACT_MATCH
07ABCDE6920F1Z5,07ABCDE6920F1Z5,Supplier 1957,Supplier 1957,INV-01957,INV-01957,2026-02-09,2026-02-09,49416,49416,8894.88,8894.88,1,1,2,EXACT_MATCH
07ABCDE3318F1Z5,07ABCDE3318F1Z5,Supplier 1958,Supplier 1958,INV-01958,INV-01958,2026-02-24,2026-02-24,3574,3574,643.32,643.32,1,1,2,EXACT_MATCH
07ABCDE6485F1Z5,07ABCDE6485F1Z5,Supplier 1959,Supplier 1959,INV-01959,INV-01959,2026-07-08,2026-07-08,12346,12346,2222.28,2222.28,1,1,2,EXACT_MATCH
07ABCDE7559F1Z5,07ABCDE7559F1Z5,Supplier 1960,Supplier 1960,INV-01960,INV-01960,2026-02-13,2026-02-13,44129,44129,7943.22,7943.22,1,1,2,EXACT_MATCH
07ABCDE2931F1Z5,07ABCDE2931F1Z5,Supplier 1961,Supplier 1961,INV-01961,INV-01961,2026-05-02,2026-05-02,12341,12341,2221.38,2221.38,1,1,2,EXACT_MATCH
07ABCDE1132F1Z5,07ABCDE1132F1Z5,Supplier 1962,Supplier 1962,INV-01962,INV-01962,2026-07-16,2026-07-16,49804,49804,8964.72,8964.72,1,1,2,EXACT_MATCH
07ABCDE5885F1Z5,07ABCDE5885F1Z5,Supplier 1963,Supplier 1963,INV-01963,INV-01963,2026-03-24,2026-03-24,10401,10401,1872.18,1872.18,1,1,2,EXACT_MATCH
07ABCDE1793F1Z5,07ABCDE1793F1Z5,Supplier 1964,Supplier 1964,INV-01964,INV-01964,2026-12-05,2026-12-05,24886,24886,4479.48,4479.48,1,1,2,EXACT_MATCH
07ABCDE2372F1Z5,07ABCDE2372F1Z5,Supplier 1965,Supplier 1965,INV-01965,INV-01965,2026-06-23,2026-06-23,81747,81747,14714.46,14714.46,1,1,2,EXACT_MATCH
07ABCDE2434F1Z5,07ABCDE2434F1Z5,Supplier 1966,Supplier 1966,INV-01966,INV-01966,2026-10-14,2026-10-14,30753,30753,5535.54,5535.54,1,1,2,EXACT_MATCH
07ABCDE5237F1Z5,07ABCDE5237F1Z5,Supplier 1967,Supplier 1967,INV-01967,INV-01967,2026-06-09,2026-06-09,32996,32996,5939.28,5939.28,1,1,2,EXACT_MATCH
07ABCDE7802F1Z5,07ABCDE7802F1Z5,Supplier 1968,Supplier 1968,INV-01968,INV-01968,2026-04-08,2026-04-08,58101,58101,10458.18,10458.18,1,1,2,EXACT_MATCH
07ABCDE5650F1Z5,07ABCDE5650F1Z5,Supplier 1969,Supplier 1969,INV-01969,INV-01969,2026-01-03,2026-01-03,16408,16408,2953.44,2953.44,1,1,2,EXACT_MATCH
07ABCDE6520F1Z5,07ABCDE6520F1Z5,Supplier 1970,Supplier 1970,INV-01970,INV-01970,2026-07-21,2026-07-21,76752,76752,13815.36,13815.36,1,1,2,EXACT_MATCH
07ABCDE3014F1Z5,07ABCDE3014F1Z5,Supplier 1971,Supplier 1971,INV-01971,INV-01971,2026-02-04,2026-02-04,30419,30419,5475.42,5475.42,1,1,2,EXACT_MATCH
07ABCDE2078F1Z5,07ABCDE2078F1Z5,Supplier 1972,Supplier 1972,INV-01972,INV-01972,2026-12-16,2026-12-16,47158,47158,8488.44,8488.44,1,1,2,EXACT_MATCH
07ABCDE3241F1Z5,07ABCDE3241F1Z5,Supplier 1973,Supplier 1973,INV-01973,INV-01973,2026-04-09,2026-04-09,65819,65819,11847.42,11847.42,1,1,2,EXACT_MATCH
07ABCDE4890F1Z5,07ABCDE4890F1Z5,Supplier 1974,Supplier 1974,INV-01974,INV-01974,2026-06-27,2026-06-27,94357,94357,16984.26,16984.26,1,1,2,EXACT_MATCH
07ABCDE7773F1Z5,07ABCDE7773F1Z5,Supplier 1975,Supplier 1975,INV-01975,INV-01975,2026-08-18,2026-08-18,92598,92598,16667.64,16667.64,1,1,2,EXACT_MATCH
07ABCDE5937F1Z5,07ABCDE5937F1Z5,Supplier 1976,Supplier 1976,INV-01976,INV-01976,2026-05-09,2026-05-09,41674,41674,7501.32,7501.32,1,1,2,EXACT_MATCH
07ABCDE5140F1Z5,07ABCDE5140F1Z5,Supplier 1977,Supplier 1977,INV-01977,INV-01977,2026-06-23,2026-06-23,37788,37788,6801.84,6801.84,1,1,2,EXACT_MATCH
07ABCDE5610F1Z5,07ABCDE5610F1Z5,Supplier 1978,Supplier 1978,INV-01978,INV-01978,2026-03-03,2026-03-03,23149,23149,4166.82,4166.82,1,1,2,EXACT_MATCH
07ABCDE8221F1Z5,07ABCDE8221F1Z5,Supplier 1979,Supplier 1979,INV-01979,INV-01979,2026-07-27,2026-07-27,18110,18110,3259.80,3259.80,1,1,2,EXACT_MATCH
07ABCDE1406F1Z5,07ABCDE1406F1Z5,Supplier 1980,Supplier 1980,INV-01980,INV-01980,2026-10-31,2026-10-31,27640,27640,4975.20,4975.20,1,1,2,EXACT_MATCH
07ABCDE3306F1Z5,07ABCDE3306F1Z5,Supplier 1981,Supplier 1981,INV-01981,INV-01981,2026-07-10,2026-07-10,10172,10172,1830.96,1830.96,1,1,2,EXACT_MATCH
07ABCDE9186F1Z5,07ABCDE9186F1Z5,Supplier 1982,Supplier 1982,INV-01982,INV-01982,2026-12-11,2026-12-11,73137,73137,13164.66,13164.66,1,1,2,EXACT_MATCH
07ABCDE6568F1Z5,07ABCDE6568F1Z5,Supplier 1983,Supplier 1983,INV-01983,INV-01983,2026-12-22,2026-12-22,20005,20005,3600.90,3600.90,1,1,2,EXACT_MATCH
07ABCDE8540F1Z5,07ABCDE8540F1Z5,Supplier 1984,Supplier 1984,INV-01984,INV-01984,2026-10-08,2026-10-08,88383,88383,15908.94,15908.94,1,1,2,EXACT_MATCH
07ABCDE6243F1Z5,07ABCDE6243F1Z5,Supplier 1985,Supplier 1985,INV-01985,INV-01985,2026-08-08,2026-08-08,83442,83442,15019.56,15019.56,1,1,2,EXACT_MATCH
07ABCDE2187F1Z5,07ABCDE2187F1Z5,Supplier 1986,Supplier 1986,INV-01986,INV-01986,2026-05-12,2026-05-12,85716,85716,15428.88,15428.88,1,1,2,EXACT_MATCH
07ABCDE4864F1Z5,07ABCDE4864F1Z5,Supplier 1987,Supplier 1987,INV-01987,INV-01987,2026-06-14,2026-06-14,69513,69513,12512.34,12512.34,1,1,2,EXACT_MATCH
07ABCDE2138F1Z5,07ABCDE2138F1Z5,Supplier 1988,Supplier 1988,INV-01988,INV-01988,2026-01-23,2026-01-23,36493,36493,6568.74,6568.74,1,1,2,EXACT_MATCH
07ABCDE8461F1Z5,07ABCDE8461F1Z5,Supplier 1989,Supplier 1989,INV-01989,INV-01989,2026-10-26,2026-10-26,43698,43698,7865.64,7865.64,1,1,2,EXACT_MATCH
07ABCDE6477F1Z5,07ABCDE6477F1Z5,Supplier 1990,Supplier 1990,INV-01990,INV-01990,2026-04-28,2026-04-28,97398,97398,17531.64,17531.64,1,1,2,EXACT_MATCH
07ABCDE5219F1Z5,07ABCDE5219F1Z5,Supplier 1991,Supplier 1991,INV-01991,INV-01991,2026-11-08,2026-11-08,74415,74415,13394.70,13394.70,1,1,2,EXACT_MATCH
07ABCDE1368F1Z5,07ABCDE1368F1Z5,Supplier 1992,Supplier 1992,INV-01992,INV-01992,2026-10-18,2026-10-18,22400,22400,4032.00,4032.00,1,1,2,EXACT_MATCH
07ABCDE7562F1Z5,07ABCDE7562F1Z5,Supplier 1993,Supplier 1993,INV-01993,INV-01993,2026-03-10,2026-03-10,91532,91532,16475.76,16475.76,1,1,2,EXACT_MATCH
07ABCDE6142F1Z5,07ABCDE6142F1Z5,Supplier 1994,Supplier 1994,INV-01994,INV-01994,2026-04-03,2026-04-03,3793,3793,682.74,682.74,1,1,2,EXACT_MATCH
07ABCDE5441F1Z5,07ABCDE5441F1Z5,Supplier 1995,Supplier 1995,INV-01995,INV-01995,2026-11-16,2026-11-16,70184,70184,12633.12,12633.12,1,1,2,EXACT_MATCH
07ABCDE8759F1Z5,07ABCDE8759F1Z5,Supplier 1996,Supplier 1996,INV-01996,INV-01996,2026-11-22,2026-11-22,18899,18899,3401.82,3401.82,1,1,2,EXACT_MATCH
07ABCDE1677F1Z5,07ABCDE1677F1Z5,Supplier 1997,Supplier 1997,INV-01997,INV-01997,2026-12-04,2026-12-04,7354,7354,1323.72,1323.72,1,1,2,EXACT_MATCH
07ABCDE4135F1Z5,07ABCDE4135F1Z5,Supplier 1998,Supplier 1998,INV-01998,INV-01998,2026-08-21,2026-08-21,26992,26992,4858.56,4858.56,1,1,2,EXACT_MATCH
07ABCDE3976F1Z5,07ABCDE3976F1Z5,Supplier 1999,Supplier 1999,INV-01999,INV-01999,2026-08-21,2026-08-21,1404,1404,252.72,252.72,1,1,2,EXACT_MATCH
07ABCDE3165F1Z5,07ABCDE3165F1Z5,Supplier 2000,Supplier 2000,INV-02000,INV-02000,2026-02-28,2026-02-28,9235,9235,1662.30,1662.30,1,1,2,EXACT_MATCH
07ABCDE6178F1Z5,07ABCDE6178F1Z5,Supplier 2001,Supplier 2001,INV-02001,INV-02001,2026-09-22,2026-09-22,82497,82497,14849.46,14849.46,1,1,2,EXACT_MATCH
07ABCDE1235F1Z5,07ABCDE1235F1Z5,Supplier 2002,Supplier 2002,INV-02002,INV-02002,2026-07-10,2026-07-10,70987,70987,12777.66,12777.66,1,1,2,EXACT_MATCH
07ABCDE7056F1Z5,07ABCDE7056F1Z5,Supplier 2003,Supplier 2003,INV-02003,INV-02003,2026-02-14,2026-02-14,11126,11126,2002.68,2002.68,1,1,2,EXACT_MATCH
07ABCDE9767F1Z5,07ABCDE9767F1Z5,Supplier 2004,Supplier 2004,INV-02004,INV-02004,2026-03-24,2026-03-24,71794,71794,12922.92,12922.92,1,1,2,EXACT_MATCH
07ABCDE5148F1Z5,07ABCDE5148F1Z5,Supplier 2005,Supplier 2005,INV-02005,INV-02005,2026-08-12,2026-08-12,56316,56316,10136.88,10136.88,1,1,2,EXACT_MATCH
07ABCDE7769F1Z5,07ABCDE7769F1Z5,Supplier 2006,Supplier 2006,INV-02006,INV-02006,2026-11-29,2026-11-29,81206,81206,14617.08,14617.08,1,1,2,EXACT_MATCH
07ABCDE8769F1Z5,07ABCDE8769F1Z5,Supplier 2007,Supplier 2007,INV-02007,INV-02007,2026-03-05,2026-03-05,46373,46373,8347.14,8347.14,1,1,2,EXACT_MATCH
07ABCDE3674F1Z5,07ABCDE3674F1Z5,Supplier 2008,Supplier 2008,INV-02008,INV-02008,2026-02-11,2026-02-11,47414,47414,8534.52,8534.52,1,1,2,EXACT_MATCH
07ABCDE6823F1Z5,07ABCDE6823F1Z5,Supplier 2009,Supplier 2009,INV-02009,INV-02009,2026-05-07,2026-05-07,32403,32403,5832.54,5832.54,1,1,2,EXACT_MATCH
07ABCDE4902F1Z5,07ABCDE4902F1Z5,Supplier 2010,Supplier 2010,INV-02010,INV-02010,2026-07-09,2026-07-09,37058,37058,6670.44,6670.44,1,1,2,EXACT_MATCH
07ABCDE2675F1Z5,07ABCDE2675F1Z5,Supplier 2011,Supplier 2011,INV-02011,INV-02011,2026-02-07,2026-02-07,20468,20468,3684.24,3684.24,1,1,2,EXACT_MATCH
07ABCDE5980F1Z5,07ABCDE5980F1Z5,Supplier 2012,Supplier 2012,INV-02012,INV-02012,2026-07-09,2026-07-09,33958,33958,6112.44,6112.44,1,1,2,EXACT_MATCH
07ABCDE8134F1Z5,07ABCDE8134F1Z5,Supplier 2013,Supplier 2013,INV-02013,INV-02013,2026-06-14,2026-06-14,8290,8290,1492.20,1492.20,1,1,2,EXACT_MATCH
07ABCDE5223F1Z5,07ABCDE5223F1Z5,Supplier 2014,Supplier 2014,INV-02014,INV-02014,2026-10-08,2026-10-08,47158,47158,8488.44,8488.44,1,1,2,EXACT_MATCH
07ABCDE9428F1Z5,07ABCDE9428F1Z5,Supplier 2015,Supplier 2015,INV-02015,INV-02015,2026-04-18,2026-04-18,66810,66810,12025.80,12025.80,1,1,2,EXACT_MATCH
07ABCDE7071F1Z5,07ABCDE7071F1Z5,Supplier 2016,Supplier 2016,INV-02016,INV-02016,2026-05-02,2026-05-02,54371,54371,9786.78,9786.78,1,1,2,EXACT_MATCH
07ABCDE5584F1Z5,07ABCDE5584F1Z5,Supplier 2017,Supplier 2017,INV-02017,INV-02017,2026-07-01,2026-07-01,47960,47960,8632.80,8632.80,1,1,2,EXACT_MATCH
07ABCDE5865F1Z5,07ABCDE5865F1Z5,Supplier 2018,Supplier 2018,INV-02018,INV-02018,2026-10-01,2026-10-01,23803,23803,4284.54,4284.54,1,1,2,EXACT_MATCH
07ABCDE3327F1Z5,07ABCDE3327F1Z5,Supplier 2019,Supplier 2019,INV-02019,INV-02019,2026-04-22,2026-04-22,77688,77688,13983.84,13983.84,1,1,2,EXACT_MATCH
07ABCDE4967F1Z5,07ABCDE4967F1Z5,Supplier 2020,Supplier 2020,INV-02020,INV-02020,2026-04-23,2026-04-23,94812,94812,17066.16,17066.16,1,1,2,EXACT_MATCH
07ABCDE3664F1Z5,07ABCDE3664F1Z5,Supplier 2021,Supplier 2021,INV-02021,INV-02021,2026-03-09,2026-03-09,50059,50059,9010.62,9010.62,1,1,2,EXACT_MATCH
07ABCDE6158F1Z5,07ABCDE6158F1Z5,Supplier 2022,Supplier 2022,INV-02022,INV-02022,2026-10-25,2026-10-25,26813,26813,4826.34,4826.34,1,1,2,EXACT_MATCH
07ABCDE1141F1Z5,07ABCDE1141F1Z5,Supplier 2023,Supplier 2023,INV-02023,INV-02023,2026-03-27,2026-03-27,52179,52179,9392.22,9392.22,1,1,2,EXACT_MATCH
07ABCDE6150F1Z5,07ABCDE6150F1Z5,Supplier 2024,Supplier 2024,INV-02024,INV-02024,2026-12-01,2026-12-01,93621,93621,16851.78,16851.78,1,1,2,EXACT_MATCH
07ABCDE7285F1Z5,07ABCDE7285F1Z5,Supplier 2025,Supplier 2025,INV-02025,INV-02025,2026-02-08,2026-02-08,24983,24983,4496.94,4496.94,1,1,2,EXACT_MATCH
07ABCDE3668F1Z5,07ABCDE3668F1Z5,Supplier 2026,Supplier 2026,INV-02026,INV-02026,2026-10-06,2026-10-06,44802,44802,8064.36,8064.36,1,1,2,EXACT_MATCH
07ABCDE3064F1Z5,07ABCDE3064F1Z5,Supplier 2027,Supplier 2027,INV-02027,INV-02027,2026-02-11,2026-02-11,22014,22014,3962.52,3962.52,1,1,2,EXACT_MATCH
07ABCDE1126F1Z5,07ABCDE1126F1Z5,Supplier 2028,Supplier 2028,INV-02028,INV-02028,2026-07-16,2026-07-16,22918,22918,4125.24,4125.24,1,1,2,EXACT_MATCH
07ABCDE7995F1Z5,07ABCDE7995F1Z5,Supplier 2029,Supplier 2029,INV-02029,INV-02029,2026-05-17,2026-05-17,28092,28092,5056.56,5056.56,1,1,2,EXACT_MATCH
07ABCDE6736F1Z5,07ABCDE6736F1Z5,Supplier 2030,Supplier 2030,INV-02030,INV-02030,2026-11-22,2026-11-22,87055,87055,15669.90,15669.90,1,1,2,EXACT_MATCH
07ABCDE6661F1Z5,07ABCDE6661F1Z5,Supplier 2031,Supplier 2031,INV-02031,INV-02031,2026-09-09,2026-09-09,34183,34183,6152.94,6152.94,1,1,2,EXACT_MATCH
07ABCDE5252F1Z5,07ABCDE5252F1Z5,Supplier 2032,Supplier 2032,INV-02032,INV-02032,2026-05-01,2026-05-01,51804,51804,9324.72,9324.72,1,1,2,EXACT_MATCH
07ABCDE9056F1Z5,07ABCDE9056F1Z5,Supplier 2033,Supplier 2033,INV-02033,INV-02033,2026-01-23,2026-01-23,90238,90238,16242.84,16242.84,1,1,2,EXACT_MATCH
07ABCDE1248F1Z5,07ABCDE1248F1Z5,Supplier 2034,Supplier 2034,INV-02034,INV-02034,2026-09-18,2026-09-18,71158,71158,12808.44,12808.44,1,1,2,EXACT_MATCH
07ABCDE4809F1Z5,07ABCDE4809F1Z5,Supplier 2035,Supplier 2035,INV-02035,INV-02035,2026-05-17,2026-05-17,36771,36771,6618.78,6618.78,1,1,2,EXACT_MATCH
07ABCDE2860F1Z5,07ABCDE2860F1Z5,Supplier 2036,Supplier 2036,INV-02036,INV-02036,2026-03-25,2026-03-25,87466,87466,15743.88,15743.88,1,1,2,EXACT_MATCH
07ABCDE1097F1Z5,07ABCDE1097F1Z5,Supplier 2037,Supplier 2037,INV-02037,INV-02037,2026-10-19,2026-10-19,3323,3323,598.14,598.14,1,1,2,EXACT_MATCH
07ABCDE1147F1Z5,07ABCDE1147F1Z5,Supplier 2038,Supplier 2038,INV-02038,INV-02038,2026-05-13,2026-05-13,27251,27251,4905.18,4905.18,1,1,2,EXACT_MATCH
07ABCDE7964F1Z5,07ABCDE7964F1Z5,Supplier 2039,Supplier 2039,INV-02039,INV-02039,2026-07-27,2026-07-27,33000,33000,5940.00,5940.00,1,1,2,EXACT_MATCH
07ABCDE1392F1Z5,07ABCDE1392F1Z5,Supplier 2040,Supplier 2040,INV-02040,INV-02040,2026-07-14,2026-07-14,70460,70460,12682.80,12682.80,1,1,2,EXACT_MATCH
07ABCDE3697F1Z5,07ABCDE3697F1Z5,Supplier 2041,Supplier 2041,INV-02041,INV-02041,2026-10-25,2026-10-25,7484,7484,1347.12,1347.12,1,1,2,EXACT_MATCH
07ABCDE4278F1Z5,07ABCDE4278F1Z5,Supplier 2042,Supplier 2042,INV-02042,INV-02042,2026-08-07,2026-08-07,52574,52574,9463.32,9463.32,1,1,2,EXACT_MATCH
07ABCDE3742F1Z5,07ABCDE3742F1Z5,Supplier 2043,Supplier 2043,INV-02043,INV-02043,2026-03-09,2026-03-09,49750,49750,8955.00,8955.00,1,1,2,EXACT_MATCH
07ABCDE9001F1Z5,07ABCDE9001F1Z5,Supplier 2044,Supplier 2044,INV-02044,INV-02044,2026-12-25,2026-12-25,7531,7531,1355.58,1355.58,1,1,2,EXACT_MATCH
07ABCDE9401F1Z5,07ABCDE9401F1Z5,Supplier 2045,Supplier 2045,INV-02045,INV-02045,2026-03-15,2026-03-15,78006,78006,14041.08,14041.08,1,1,2,EXACT_MATCH
07ABCDE2024F1Z5,07ABCDE2024F1Z5,Supplier 2046,Supplier 2046,INV-02046,INV-02046,2026-05-26,2026-05-26,57422,57422,10335.96,10335.96,1,1,2,EXACT_MATCH
07ABCDE6756F1Z5,07ABCDE6756F1Z5,Supplier 2047,Supplier 2047,INV-02047,INV-02047,2026-10-25,2026-10-25,94419,94419,16995.42,16995.42,1,1,2,EXACT_MATCH
07ABCDE8952F1Z5,07ABCDE8952F1Z5,Supplier 2048,Supplier 2048,INV-02048,INV-02048,2026-12-28,2026-12-28,84487,84487,15207.66,15207.66,1,1,2,EXACT_MATCH
07ABCDE2792F1Z5,07ABCDE2792F1Z5,Supplier 2049,Supplier 2049,INV-02049,INV-02049,2026-11-29,2026-11-29,56235,56235,10122.30,10122.30,1,1,2,EXACT_MATCH
07ABCDE6030F1Z5,07ABCDE6030F1Z5,Supplier 2050,Supplier 2050,INV-02050,INV-02050,2026-01-15,2026-01-15,58558,58558,10540.44,10540.44,1,1,2,EXACT_MATCH
07ABCDE9589F1Z5,07ABCDE9589F1Z5,Supplier 2051,Supplier 2051,INV-02051,INV-02051,2026-09-23,2026-09-23,92601,92601,16668.18,16668.18,1,1,2,EXACT_MATCH
07ABCDE3094F1Z5,07ABCDE3094F1Z5,Supplier 2052,Supplier 2052,INV-02052,INV-02052,2026-08-27,2026-08-27,30294,30294,5452.92,5452.92,1,1,2,EXACT_MATCH
07ABCDE7914F1Z5,07ABCDE7914F1Z5,Supplier 2053,Supplier 2053,INV-02053,INV-02053,2026-02-11,2026-02-11,33471,33471,6024.78,6024.78,1,1,2,EXACT_MATCH
07ABCDE1649F1Z5,07ABCDE1649F1Z5,Supplier 2054,Supplier 2054,INV-02054,INV-02054,2026-11-25,2026-11-25,63083,63083,11354.94,11354.94,1,1,2,EXACT_MATCH
07ABCDE2984F1Z5,07ABCDE2984F1Z5,Supplier 2055,Supplier 2055,INV-02055,INV-02055,2026-07-11,2026-07-11,1268,1268,228.24,228.24,1,1,2,EXACT_MATCH
07ABCDE1128F1Z5,07ABCDE1128F1Z5,Supplier 2056,Supplier 2056,INV-02056,INV-02056,2026-12-01,2026-12-01,57061,57061,10270.98,10270.98,1,1,2,EXACT_MATCH
07ABCDE7603F1Z5,07ABCDE7603F1Z5,Supplier 2057,Supplier 2057,INV-02057,INV-02057,2026-12-16,2026-12-16,26591,26591,4786.38,4786.38,1,1,2,EXACT_MATCH
07ABCDE7937F1Z5,07ABCDE7937F1Z5,Supplier 2058,Supplier 2058,INV-02058,INV-02058,2026-10-09,2026-10-09,31765,31765,5717.70,5717.70,1,1,2,EXACT_MATCH
07ABCDE1439F1Z5,07ABCDE1439F1Z5,Supplier 2059,Supplier 2059,INV-02059,INV-02059,2026-10-04,2026-10-04,65846,65846,11852.28,11852.28,1,1,2,EXACT_MATCH
07ABCDE5710F1Z5,07ABCDE5710F1Z5,Supplier 2060,Supplier 2060,INV-02060,INV-02060,2026-07-19,2026-07-19,23857,23857,4294.26,4294.26,1,1,2,EXACT_MATCH
07ABCDE7814F1Z5,07ABCDE7814F1Z5,Supplier 2061,Supplier 2061,INV-02061,INV-02061,2026-07-02,2026-07-02,12811,12811,2305.98,2305.98,1,1,2,EXACT_MATCH
07ABCDE9066F1Z5,07ABCDE9066F1Z5,Supplier 2062,Supplier 2062,INV-02062,INV-02062,2026-12-20,2026-12-20,38399,38399,6911.82,6911.82,1,1,2,EXACT_MATCH
07ABCDE2498F1Z5,07ABCDE2498F1Z5,Supplier 2063,Supplier 2063,INV-02063,INV-02063,2026-11-26,2026-11-26,48360,48360,8704.80,8704.80,1,1,2,EXACT_MATCH
07ABCDE5750F1Z5,07ABCDE5750F1Z5,Supplier 2064,Supplier 2064,INV-02064,INV-02064,2026-03-31,2026-03-31,94519,94519,17013.42,17013.42,1,1,2,EXACT_MATCH
07ABCDE8930F1Z5,07ABCDE8930F1Z5,Supplier 2065,Supplier 2065,INV-02065,INV-02065,2026-09-20,2026-09-20,81915,81915,14744.70,14744.70,1,1,2,EXACT_MATCH
07ABCDE6949F1Z5,07ABCDE6949F1Z5,Supplier 2066,Supplier 2066,INV-02066,INV-02066,2026-10-17,2026-10-17,79278,79278,14270.04,14270.04,1,1,2,EXACT_MATCH
07ABCDE1649F1Z5,07ABCDE1649F1Z5,Supplier 2067,Supplier 2067,INV-02067,INV-02067,2026-07-18,2026-07-18,3800,3800,684.00,684.00,1,1,2,EXACT_MATCH
07ABCDE2324F1Z5,07ABCDE2324F1Z5,Supplier 2068,Supplier 2068,INV-02068,INV-02068,2026-05-12,2026-05-12,60407,60407,10873.26,10873.26,1,1,2,EXACT_MATCH
07ABCDE3822F1Z5,07ABCDE3822F1Z5,Supplier 2069,Supplier 2069,INV-02069,INV-02069,2026-04-04,2026-04-04,1003,1003,180.54,180.54,1,1,2,EXACT_MATCH
07ABCDE8532F1Z5,07ABCDE8532F1Z5,Supplier 2070,Supplier 2070,INV-02070,INV-02070,2026-12-10,2026-12-10,95023,95023,17104.14,17104.14,1,1,2,EXACT_MATCH
07ABCDE5479F1Z5,07ABCDE5479F1Z5,Supplier 2071,Supplier 2071,INV-02071,INV-02071,2026-09-01,2026-09-01,8664,8664,1559.52,1559.52,1,1,2,EXACT_MATCH
07ABCDE1385F1Z5,07ABCDE1385F1Z5,Supplier 2072,Supplier 2072,INV-02072,INV-02072,2026-07-16,2026-07-16,72831,72831,13109.58,13109.58,1,1,2,EXACT_MATCH
07ABCDE1754F1Z5,07ABCDE1754F1Z5,Supplier 2073,Supplier 2073,INV-02073,INV-02073,2026-02-22,2026-02-22,9377,9377,1687.86,1687.86,1,1,2,EXACT_MATCH
07ABCDE9974F1Z5,07ABCDE9974F1Z5,Supplier 2074,Supplier 2074,INV-02074,INV-02074,2026-06-20,2026-06-20,95377,95377,17167.86,17167.86,1,1,2,EXACT_MATCH
07ABCDE2598F1Z5,07ABCDE2598F1Z5,Supplier 2075,Supplier 2075,INV-02075,INV-02075,2026-12-21,2026-12-21,66609,66609,11989.62,11989.62,1,1,2,EXACT_MATCH
07ABCDE7455F1Z5,07ABCDE7455F1Z5,Supplier 2076,Supplier 2076,INV-02076,INV-02076,2026-10-13,2026-10-13,7426,7426,1336.68,1336.68,1,1,2,EXACT_MATCH
07ABCDE2404F1Z5,07ABCDE2404F1Z5,Supplier 2077,Supplier 2077,INV-02077,INV-02077,2026-08-01,2026-08-01,29155,29155,5247.90,5247.90,1,1,2,EXACT_MATCH
07ABCDE3400F1Z5,07ABCDE3400F1Z5,Supplier 2078,Supplier 2078,INV-02078,INV-02078,2026-12-28,2026-12-28,67503,67503,12150.54,12150.54,1,1,2,EXACT_MATCH
07ABCDE5190F1Z5,07ABCDE5190F1Z5,Supplier 2079,Supplier 2079,INV-02079,INV-02079,2026-05-08,2026-05-08,22692,22692,4084.56,4084.56,1,1,2,EXACT_MATCH
07ABCDE3093F1Z5,07ABCDE3093F1Z5,Supplier 2080,Supplier 2080,INV-02080,INV-02080,2026-05-31,2026-05-31,63558,63558,11440.44,11440.44,1,1,2,EXACT_MATCH
07ABCDE8891F1Z5,07ABCDE8891F1Z5,Supplier 2081,Supplier 2081,INV-02081,INV-02081,2026-12-01,2026-12-01,71663,71663,12899.34,12899.34,1,1,2,EXACT_MATCH
07ABCDE7145F1Z5,07ABCDE7145F1Z5,Supplier 2082,Supplier 2082,INV-02082,INV-02082,2026-10-19,2026-10-19,23001,23001,4140.18,4140.18,1,1,2,EXACT_MATCH
07ABCDE5036F1Z5,07ABCDE5036F1Z5,Supplier 2083,Supplier 2083,INV-02083,INV-02083,2026-08-26,2026-08-26,53408,53408,9613.44,9613.44,1,1,2,EXACT_MATCH
07ABCDE2483F1Z5,07ABCDE2483F1Z5,Supplier 2084,Supplier 2084,INV-02084,INV-02084,2026-09-28,2026-09-28,80269,80269,14448.42,14448.42,1,1,2,EXACT_MATCH
07ABCDE4674F1Z5,07ABCDE4674F1Z5,Supplier 2085,Supplier 2085,INV-02085,INV-02085,2026-03-29,2026-03-29,98119,98119,17661.42,17661.42,1,1,2,EXACT_MATCH
07ABCDE2929F1Z5,07ABCDE2929F1Z5,Supplier 2086,Supplier 2086,INV-02086,INV-02086,2026-09-21,2026-09-21,67938,67938,12228.84,12228.84,1,1,2,EXACT_MATCH
07ABCDE5203F1Z5,07ABCDE5203F1Z5,Supplier 2087,Supplier 2087,INV-02087,INV-02087,2026-01-21,2026-01-21,1985,1985,357.30,357.30,1,1,2,EXACT_MATCH
07ABCDE7855F1Z5,07ABCDE7855F1Z5,Supplier 2088,Supplier 2088,INV-02088,INV-02088,2026-06-24,2026-06-24,75731,75731,13631.58,13631.58,1,1,2,EXACT_MATCH
07ABCDE6432F1Z5,07ABCDE6432F1Z5,Supplier 2089,Supplier 2089,INV-02089,INV-02089,2026-07-14,2026-07-14,8243,8243,1483.74,1483.74,1,1,2,EXACT_MATCH
07ABCDE6058F1Z5,07ABCDE6058F1Z5,Supplier 2090,Supplier 2090,INV-02090,INV-02090,2026-09-27,2026-09-27,78612,78612,14150.16,14150.16,1,1,2,EXACT_MATCH
07ABCDE3854F1Z5,07ABCDE3854F1Z5,Supplier 2091,Supplier 2091,INV-02091,INV-02091,2026-09-24,2026-09-24,4530,4530,815.40,815.40,1,1,2,EXACT_MATCH
07ABCDE8158F1Z5,07ABCDE8158F1Z5,Supplier 2092,Supplier 2092,INV-02092,INV-02092,2026-06-25,2026-06-25,47863,47863,8615.34,8615.34,1,1,2,EXACT_MATCH
07ABCDE7943F1Z5,07ABCDE7943F1Z5,Supplier 2093,Supplier 2093,INV-02093,INV-02093,2026-10-02,2026-10-02,8694,8694,1564.92,1564.92,1,1,2,EXACT_MATCH
07ABCDE1698F1Z5,07ABCDE1698F1Z5,Supplier 2094,Supplier 2094,INV-02094,INV-02094,2026-04-28,2026-04-28,36700,36700,6606.00,6606.00,1,1,2,EXACT_MATCH
07ABCDE6568F1Z5,07ABCDE6568F1Z5,Supplier 2095,Supplier 2095,INV-02095,INV-02095,2026-02-21,2026-02-21,66710,66710,12007.80,12007.80,1,1,2,EXACT_MATCH
07ABCDE9171F1Z5,07ABCDE9171F1Z5,Supplier 2096,Supplier 2096,INV-02096,INV-02096,2026-08-24,2026-08-24,76289,76289,13732.02,13732.02,1,1,2,EXACT_MATCH
07ABCDE4671F1Z5,07ABCDE4671F1Z5,Supplier 2097,Supplier 2097,INV-02097,INV-02097,2026-07-17,2026-07-17,5926,5926,1066.68,1066.68,1,1,2,EXACT_MATCH
07ABCDE1020F1Z5,07ABCDE1020F1Z5,Supplier 2098,Supplier 2098,INV-02098,INV-02098,2026-01-24,2026-01-24,18601,18601,3348.18,3348.18,1,1,2,EXACT_MATCH
07ABCDE5011F1Z5,07ABCDE5011F1Z5,Supplier 2099,Supplier 2099,INV-02099,INV-02099,2026-02-23,2026-02-23,88054,88054,15849.72,15849.72,1,1,2,EXACT_MATCH
07ABCDE7514F1Z5,07ABCDE7514F1Z5,Supplier 2100,Supplier 2100,INV-02100,INV-02100,2026-02-07,2026-02-07,37721,37721,6789.78,6789.78,1,1,2,EXACT_MATCH
07ABCDE6705F1Z5,07ABCDE6705F1Z5,Supplier 2101,Supplier 2101,INV-02101,INV-02101,2026-01-01,2026-01-01,97132,97132,17483.76,17483.76,1,1,2,EXACT_MATCH
07ABCDE5070F1Z5,07ABCDE5070F1Z5,Supplier 2102,Supplier 2102,INV-02102,INV-02102,2026-03-13,2026-03-13,51300,51300,9234.00,9234.00,1,1,2,EXACT_MATCH
07ABCDE1957F1Z5,07ABCDE1957F1Z5,Supplier 2103,Supplier 2103,INV-02103,INV-02103,2026-01-12,2026-01-12,1508,1508,271.44,271.44,1,1,2,EXACT_MATCH
07ABCDE8532F1Z5,07ABCDE8532F1Z5,Supplier 2104,Supplier 2104,INV-02104,INV-02104,2026-12-06,2026-12-06,42895,42895,7721.10,7721.10,1,1,2,EXACT_MATCH
07ABCDE9693F1Z5,07ABCDE9693F1Z5,Supplier 2105,Supplier 2105,INV-02105,INV-02105,2026-03-25,2026-03-25,37897,37897,6821.46,6821.46,1,1,2,EXACT_MATCH
07ABCDE1863F1Z5,07ABCDE1863F1Z5,Supplier 2106,Supplier 2106,INV-02106,INV-02106,2026-08-30,2026-08-30,84522,84522,15213.96,15213.96,1,1,2,EXACT_MATCH
07ABCDE9198F1Z5,07ABCDE9198F1Z5,Supplier 2107,Supplier 2107,INV-02107,INV-02107,2026-07-31,2026-07-31,31538,31538,5676.84,5676.84,1,1,2,EXACT_MATCH
07ABCDE6675F1Z5,07ABCDE6675F1Z5,Supplier 2108,Supplier 2108,INV-02108,INV-02108,2026-12-06,2026-12-06,15438,15438,2778.84,2778.84,1,1,2,EXACT_MATCH
07ABCDE4816F1Z5,07ABCDE4816F1Z5,Supplier 2109,Supplier 2109,INV-02109,INV-02109,2026-07-12,2026-07-12,26539,26539,4777.02,4777.02,1,1,2,EXACT_MATCH
07ABCDE5376F1Z5,07ABCDE5376F1Z5,Supplier 2110,Supplier 2110,INV-02110,INV-02110,2026-07-08,2026-07-08,49038,49038,8826.84,8826.84,1,1,2,EXACT_MATCH
07ABCDE5215F1Z5,07ABCDE5215F1Z5,Supplier 2111,Supplier 2111,INV-02111,INV-02111,2026-02-11,2026-02-11,47552,47552,8559.36,8559.36,1,1,2,EXACT_MATCH
07ABCDE1115F1Z5,07ABCDE1115F1Z5,Supplier 2112,Supplier 2112,INV-02112,INV-02112,2026-06-18,2026-06-18,4332,4332,779.76,779.76,1,1,2,EXACT_MATCH
07ABCDE8177F1Z5,07ABCDE8177F1Z5,Supplier 2113,Supplier 2113,INV-02113,INV-02113,2026-03-22,2026-03-22,23415,23415,4214.70,4214.70,1,1,2,EXACT_MATCH
07ABCDE8343F1Z5,07ABCDE8343F1Z5,Supplier 2114,Supplier 2114,INV-02114,INV-02114,2026-06-05,2026-06-05,63654,63654,11457.72,11457.72,1,1,2,EXACT_MATCH
07ABCDE7619F1Z5,07ABCDE7619F1Z5,Supplier 2115,Supplier 2115,INV-02115,INV-02115,2026-10-01,2026-10-01,99164,99164,17849.52,17849.52,1,1,2,EXACT_MATCH
07ABCDE7601F1Z5,07ABCDE7601F1Z5,Supplier 2116,Supplier 2116,INV-02116,INV-02116,2026-12-16,2026-12-16,91114,91114,16400.52,16400.52,1,1,2,EXACT_MATCH
07ABCDE4929F1Z5,07ABCDE4929F1Z5,Supplier 2117,Supplier 2117,INV-02117,INV-02117,2026-10-04,2026-10-04,19859,19859,3574.62,3574.62,1,1,2,EXACT_MATCH
07ABCDE8867F1Z5,07ABCDE8867F1Z5,Supplier 2118,Supplier 2118,INV-02118,INV-02118,2026-12-11,2026-12-11,12926,12926,2326.68,2326.68,1,1,2,EXACT_MATCH
07ABCDE7289F1Z5,07ABCDE7289F1Z5,Supplier 2119,Supplier 2119,INV-02119,INV-02119,2026-08-01,2026-08-01,40807,40807,7345.26,7345.26,1,1,2,EXACT_MATCH
07ABCDE2109F1Z5,07ABCDE2109F1Z5,Supplier 2120,Supplier 2120,INV-02120,INV-02120,2026-03-27,2026-03-27,72983,72983,13136.94,13136.94,1,1,2,EXACT_MATCH
07ABCDE1443F1Z5,07ABCDE1443F1Z5,Supplier 2121,Supplier 2121,INV-02121,INV-02121,2026-06-10,2026-06-10,7605,7605,1368.90,1368.90,1,1,2,EXACT_MATCH
07ABCDE1175F1Z5,07ABCDE1175F1Z5,Supplier 2122,Supplier 2122,INV-02122,INV-02122,2026-05-28,2026-05-28,40215,40215,7238.70,7238.70,1,1,2,EXACT_MATCH
07ABCDE1846F1Z5,07ABCDE1846F1Z5,Supplier 2123,Supplier 2123,INV-02123,INV-02123,2026-09-06,2026-09-06,73291,73291,13192.38,13192.38,1,1,2,EXACT_MATCH
07ABCDE2475F1Z5,07ABCDE2475F1Z5,Supplier 2124,Supplier 2124,INV-02124,INV-02124,2026-11-17,2026-11-17,69663,69663,12539.34,12539.34,1,1,2,EXACT_MATCH
07ABCDE6138F1Z5,07ABCDE6138F1Z5,Supplier 2125,Supplier 2125,INV-02125,INV-02125,2026-11-16,2026-11-16,94120,94120,16941.60,16941.60,1,1,2,EXACT_MATCH
07ABCDE6484F1Z5,07ABCDE6484F1Z5,Supplier 2126,Supplier 2126,INV-02126,INV-02126,2026-04-22,2026-04-22,31593,31593,5686.74,5686.74,1,1,2,EXACT_MATCH
07ABCDE7491F1Z5,07ABCDE7491F1Z5,Supplier 2127,Supplier 2127,INV-02127,INV-02127,2026-07-28,2026-07-28,98790,98790,17782.20,17782.20,1,1,2,EXACT_MATCH
07ABCDE8694F1Z5,07ABCDE8694F1Z5,Supplier 2128,Supplier 2128,INV-02128,INV-02128,2026-09-11,2026-09-11,98463,98463,17723.34,17723.34,1,1,2,EXACT_MATCH
07ABCDE1487F1Z5,07ABCDE1487F1Z5,Supplier 2129,Supplier 2129,INV-02129,INV-02129,2026-04-11,2026-04-11,86630,86630,15593.40,15593.40,1,1,2,EXACT_MATCH
07ABCDE2024F1Z5,07ABCDE2024F1Z5,Supplier 2130,Supplier 2130,INV-02130,INV-02130,2026-04-24,2026-04-24,21047,21047,3788.46,3788.46,1,1,2,EXACT_MATCH
07ABCDE8829F1Z5,07ABCDE8829F1Z5,Supplier 2131,Supplier 2131,INV-02131,INV-02131,2026-11-26,2026-11-26,56206,56206,10117.08,10117.08,1,1,2,EXACT_MATCH
07ABCDE1457F1Z5,07ABCDE1457F1Z5,Supplier 2132,Supplier 2132,INV-02132,INV-02132,2026-03-11,2026-03-11,4471,4471,804.78,804.78,1,1,2,EXACT_MATCH
07ABCDE3923F1Z5,07ABCDE3923F1Z5,Supplier 2133,Supplier 2133,INV-02133,INV-02133,2026-10-24,2026-10-24,16339,16339,2941.02,2941.02,1,1,2,EXACT_MATCH
07ABCDE6503F1Z5,07ABCDE6503F1Z5,Supplier 2134,Supplier 2134,INV-02134,INV-02134,2026-12-14,2026-12-14,61503,61503,11070.54,11070.54,1,1,2,EXACT_MATCH
07ABCDE1366F1Z5,07ABCDE1366F1Z5,Supplier 2135,Supplier 2135,INV-02135,INV-02135,2026-07-31,2026-07-31,95806,95806,17245.08,17245.08,1,1,2,EXACT_MATCH
07ABCDE9163F1Z5,07ABCDE9163F1Z5,Supplier 2136,Supplier 2136,INV-02136,INV-02136,2026-02-02,2026-02-02,65204,65204,11736.72,11736.72,1,1,2,EXACT_MATCH
07ABCDE6433F1Z5,07ABCDE6433F1Z5,Supplier 2137,Supplier 2137,INV-02137,INV-02137,2026-10-01,2026-10-01,69065,69065,12431.70,12431.70,1,1,2,EXACT_MATCH
07ABCDE4899F1Z5,07ABCDE4899F1Z5,Supplier 2138,Supplier 2138,INV-02138,INV-02138,2026-08-27,2026-08-27,34957,34957,6292.26,6292.26,1,1,2,EXACT_MATCH
07ABCDE3147F1Z5,07ABCDE3147F1Z5,Supplier 2139,Supplier 2139,INV-02139,INV-02139,2026-12-11,2026-12-11,41264,41264,7427.52,7427.52,1,1,2,EXACT_MATCH
07ABCDE2628F1Z5,07ABCDE2628F1Z5,Supplier 2140,Supplier 2140,INV-02140,INV-02140,2026-02-21,2026-02-21,78398,78398,14111.64,14111.64,1,1,2,EXACT_MATCH
07ABCDE6243F1Z5,07ABCDE6243F1Z5,Supplier 2141,Supplier 2141,INV-02141,INV-02141,2026-06-07,2026-06-07,33136,33136,5964.48,5964.48,1,1,2,EXACT_MATCH
07ABCDE8138F1Z5,07ABCDE8138F1Z5,Supplier 2142,Supplier 2142,INV-02142,INV-02142,2026-04-18,2026-04-18,93730,93730,16871.40,16871.40,1,1,2,EXACT_MATCH
07ABCDE7612F1Z5,07ABCDE7612F1Z5,Supplier 2143,Supplier 2143,INV-02143,INV-02143,2026-04-15,2026-04-15,71998,71998,12959.64,12959.64,1,1,2,EXACT_MATCH
07ABCDE1787F1Z5,07ABCDE1787F1Z5,Supplier 2144,Supplier 2144,INV-02144,INV-02144,2026-02-06,2026-02-06,20116,20116,3620.88,3620.88,1,1,2,EXACT_MATCH
07ABCDE3773F1Z5,07ABCDE3773F1Z5,Supplier 2145,Supplier 2145,INV-02145,INV-02145,2026-08-03,2026-08-03,74477,74477,13405.86,13405.86,1,1,2,EXACT_MATCH
07ABCDE1755F1Z5,07ABCDE1755F1Z5,Supplier 2146,Supplier 2146,INV-02146,INV-02146,2026-11-25,2026-11-25,81667,81667,14700.06,14700.06,1,1,2,EXACT_MATCH
07ABCDE7745F1Z5,07ABCDE7745F1Z5,Supplier 2147,Supplier 2147,INV-02147,INV-02147,2026-01-18,2026-01-18,52859,52859,9514.62,9514.62,1,1,2,EXACT_MATCH
07ABCDE8242F1Z5,07ABCDE8242F1Z5,Supplier 2148,Supplier 2148,INV-02148,INV-02148,2026-10-30,2026-10-30,13508,13508,2431.44,2431.44,1,1,2,EXACT_MATCH
07ABCDE4586F1Z5,07ABCDE4586F1Z5,Supplier 2149,Supplier 2149,INV-02149,INV-02149,2026-09-13,2026-09-13,89431,89431,16097.58,16097.58,1,1,2,EXACT_MATCH
07ABCDE1486F1Z5,07ABCDE1486F1Z5,Supplier 2150,Supplier 2150,INV-02150,INV-02150,2026-08-14,2026-08-14,39492,39492,7108.56,7108.56,1,1,2,EXACT_MATCH
07ABCDE2873F1Z5,07ABCDE2873F1Z5,Supplier 2151,Supplier 2151,INV-02151,INV-02151,2026-08-04,2026-08-04,67275,67275,12109.50,12109.50,1,1,2,EXACT_MATCH
07ABCDE5439F1Z5,07ABCDE5439F1Z5,Supplier 2152,Supplier 2152,INV-02152,INV-02152,2026-02-11,2026-02-11,2346,2346,422.28,422.28,1,1,2,EXACT_MATCH
07ABCDE6639F1Z5,07ABCDE6639F1Z5,Supplier 2153,Supplier 2153,INV-02153,INV-02153,2026-11-02,2026-11-02,35047,35047,6308.46,6308.46,1,1,2,EXACT_MATCH
07ABCDE6635F1Z5,07ABCDE6635F1Z5,Supplier 2154,Supplier 2154,INV-02154,INV-02154,2026-04-15,2026-04-15,42324,42324,7618.32,7618.32,1,1,2,EXACT_MATCH
07ABCDE1035F1Z5,07ABCDE1035F1Z5,Supplier 2155,Supplier 2155,INV-02155,INV-02155,2026-04-11,2026-04-11,59464,59464,10703.52,10703.52,1,1,2,EXACT_MATCH
07ABCDE3763F1Z5,07ABCDE3763F1Z5,Supplier 2156,Supplier 2156,INV-02156,INV-02156,2026-01-30,2026-01-30,3780,3780,680.40,680.40,1,1,2,EXACT_MATCH
07ABCDE4887F1Z5,07ABCDE4887F1Z5,Supplier 2157,Supplier 2157,INV-02157,INV-02157,2026-02-07,2026-02-07,22886,22886,4119.48,4119.48,1,1,2,EXACT_MATCH
07ABCDE4439F1Z5,07ABCDE4439F1Z5,Supplier 2158,Supplier 2158,INV-02158,INV-02158,2026-06-02,2026-06-02,29540,29540,5317.20,5317.20,1,1,2,EXACT_MATCH
07ABCDE4685F1Z5,07ABCDE4685F1Z5,Supplier 2159,Supplier 2159,INV-02159,INV-02159,2026-02-08,2026-02-08,5283,5283,950.94,950.94,1,1,2,EXACT_MATCH
07ABCDE4082F1Z5,07ABCDE4082F1Z5,Supplier 2160,Supplier 2160,INV-02160,INV-02160,2026-04-04,2026-04-04,37042,37042,6667.56,6667.56,1,1,2,EXACT_MATCH
07ABCDE6090F1Z5,07ABCDE6090F1Z5,Supplier 2161,Supplier 2161,INV-02161,INV-02161,2026-04-23,2026-04-23,82899,82899,14921.82,14921.82,1,1,2,EXACT_MATCH
07ABCDE9382F1Z5,07ABCDE9382F1Z5,Supplier 2162,Supplier 2162,INV-02162,INV-02162,2026-05-10,2026-05-10,71241,71241,12823.38,12823.38,1,1,2,EXACT_MATCH
07ABCDE4826F1Z5,07ABCDE4826F1Z5,Supplier 2163,Supplier 2163,INV-02163,INV-02163,2026-09-08,2026-09-08,53814,53814,9686.52,9686.52,1,1,2,EXACT_MATCH
07ABCDE6005F1Z5,07ABCDE6005F1Z5,Supplier 2164,Supplier 2164,INV-02164,INV-02164,2026-03-14,2026-03-14,18773,18773,3379.14,3379.14,1,1,2,EXACT_MATCH
07ABCDE2128F1Z5,07ABCDE2128F1Z5,Supplier 2165,Supplier 2165,INV-02165,INV-02165,2026-06-25,2026-06-25,86219,86219,15519.42,15519.42,1,1,2,EXACT_MATCH
07ABCDE6041F1Z5,07ABCDE6041F1Z5,Supplier 2166,Supplier 2166,INV-02166,INV-02166,2026-05-01,2026-05-01,75507,75507,13591.26,13591.26,1,1,2,EXACT_MATCH
07ABCDE8725F1Z5,07ABCDE8725F1Z5,Supplier 2167,Supplier 2167,INV-02167,INV-02167,2026-11-12,2026-11-12,27428,27428,4937.04,4937.04,1,1,2,EXACT_MATCH
07ABCDE4846F1Z5,07ABCDE4846F1Z5,Supplier 2168,Supplier 2168,INV-02168,INV-02168,2026-06-20,2026-06-20,12761,12761,2296.98,2296.98,1,1,2,EXACT_MATCH
07ABCDE7305F1Z5,07ABCDE7305F1Z5,Supplier 2169,Supplier 2169,INV-02169,INV-02169,2026-05-03,2026-05-03,87985,87985,15837.30,15837.30,1,1,2,EXACT_MATCH
07ABCDE5002F1Z5,07ABCDE5002F1Z5,Supplier 2170,Supplier 2170,INV-02170,INV-02170,2026-09-09,2026-09-09,68404,68404,12312.72,12312.72,1,1,2,EXACT_MATCH
07ABCDE6914F1Z5,07ABCDE6914F1Z5,Supplier 2171,Supplier 2171,INV-02171,INV-02171,2026-09-29,2026-09-29,49554,49554,8919.72,8919.72,1,1,2,EXACT_MATCH
07ABCDE5997F1Z5,07ABCDE5997F1Z5,Supplier 2172,Supplier 2172,INV-02172,INV-02172,2026-07-09,2026-07-09,86655,86655,15597.90,15597.90,1,1,2,EXACT_MATCH
07ABCDE5256F1Z5,07ABCDE5256F1Z5,Supplier 2173,Supplier 2173,INV-02173,INV-02173,2026-08-01,2026-08-01,11801,11801,2124.18,2124.18,1,1,2,EXACT_MATCH
07ABCDE8977F1Z5,07ABCDE8977F1Z5,Supplier 2174,Supplier 2174,INV-02174,INV-02174,2026-12-20,2026-12-20,10083,10083,1814.94,1814.94,1,1,2,EXACT_MATCH
07ABCDE4157F1Z5,07ABCDE4157F1Z5,Supplier 2175,Supplier 2175,INV-02175,INV-02175,2026-07-04,2026-07-04,48874,48874,8797.32,8797.32,1,1,2,EXACT_MATCH
07ABCDE7349F1Z5,07ABCDE7349F1Z5,Supplier 2176,Supplier 2176,INV-02176,INV-02176,2026-03-10,2026-03-10,25136,25136,4524.48,4524.48,1,1,2,EXACT_MATCH
07ABCDE6801F1Z5,07ABCDE6801F1Z5,Supplier 2177,Supplier 2177,INV-02177,INV-02177,2026-08-15,2026-08-15,79281,79281,14270.58,14270.58,1,1,2,EXACT_MATCH
07ABCDE3882F1Z5,07ABCDE3882F1Z5,Supplier 2178,Supplier 2178,INV-02178,INV-02178,2026-04-13,2026-04-13,87011,87011,15661.98,15661.98,1,1,2,EXACT_MATCH
07ABCDE9545F1Z5,07ABCDE9545F1Z5,Supplier 2179,Supplier 2179,INV-02179,INV-02179,2026-07-27,2026-07-27,26399,26399,4751.82,4751.82,1,1,2,EXACT_MATCH
07ABCDE7011F1Z5,07ABCDE7011F1Z5,Supplier 2180,Supplier 2180,INV-02180,INV-02180,2026-02-03,2026-02-03,41814,41814,7526.52,7526.52,1,1,2,EXACT_MATCH
07ABCDE5576F1Z5,07ABCDE5576F1Z5,Supplier 2181,Supplier 2181,INV-02181,INV-02181,2026-07-24,2026-07-24,19132,19132,3443.76,3443.76,1,1,2,EXACT_MATCH
07ABCDE2002F1Z5,07ABCDE2002F1Z5,Supplier 2182,Supplier 2182,INV-02182,INV-02182,2026-11-21,2026-11-21,80145,80145,14426.10,14426.10,1,1,2,EXACT_MATCH
07ABCDE2640F1Z5,07ABCDE2640F1Z5,Supplier 2183,Supplier 2183,INV-02183,INV-02183,2026-03-26,2026-03-26,9827,9827,1768.86,1768.86,1,1,2,EXACT_MATCH
07ABCDE7593F1Z5,07ABCDE7593F1Z5,Supplier 2184,Supplier 2184,INV-02184,INV-02184,2026-10-07,2026-10-07,35015,35015,6302.70,6302.70,1,1,2,EXACT_MATCH
07ABCDE3809F1Z5,07ABCDE3809F1Z5,Supplier 2185,Supplier 2185,INV-02185,INV-02185,2026-03-29,2026-03-29,34193,34193,6154.74,6154.74,1,1,2,EXACT_MATCH
07ABCDE3898F1Z5,07ABCDE3898F1Z5,Supplier 2186,Supplier 2186,INV-02186,INV-02186,2026-07-26,2026-07-26,19366,19366,3485.88,3485.88,1,1,2,EXACT_MATCH
07ABCDE7289F1Z5,07ABCDE7289F1Z5,Supplier 2187,Supplier 2187,INV-02187,INV-02187,2026-06-21,2026-06-21,28363,28363,5105.34,5105.34,1,1,2,EXACT_MATCH
07ABCDE9913F1Z5,07ABCDE9913F1Z5,Supplier 2188,Supplier 2188,INV-02188,INV-02188,2026-09-23,2026-09-23,47054,47054,8469.72,8469.72,1,1,2,EXACT_MATCH
07ABCDE2205F1Z5,07ABCDE2205F1Z5,Supplier 2189,Supplier 2189,INV-02189,INV-02189,2026-11-16,2026-11-16,83291,83291,14992.38,14992.38,1,1,2,EXACT_MATCH
07ABCDE9819F1Z5,07ABCDE9819F1Z5,Supplier 2190,Supplier 2190,INV-02190,INV-02190,2026-12-24,2026-12-24,16938,16938,3048.84,3048.84,1,1,2,EXACT_MATCH
07ABCDE9192F1Z5,07ABCDE9192F1Z5,Supplier 2191,Supplier 2191,INV-02191,INV-02191,2026-03-14,2026-03-14,11653,11653,2097.54,2097.54,1,1,2,EXACT_MATCH
07ABCDE6824F1Z5,07ABCDE6824F1Z5,Supplier 2192,Supplier 2192,INV-02192,INV-02192,2026-08-15,2026-08-15,42793,42793,7702.74,7702.74,1,1,2,EXACT_MATCH
07ABCDE3909F1Z5,07ABCDE3909F1Z5,Supplier 2193,Supplier 2193,INV-02193,INV-02193,2026-06-07,2026-06-07,80807,80807,14545.26,14545.26,1,1,2,EXACT_MATCH
07ABCDE2188F1Z5,07ABCDE2188F1Z5,Supplier 2194,Supplier 2194,INV-02194,INV-02194,2026-03-28,2026-03-28,67825,67825,12208.50,12208.50,1,1,2,EXACT_MATCH
07ABCDE6872F1Z5,07ABCDE6872F1Z5,Supplier 2195,Supplier 2195,INV-02195,INV-02195,2026-05-12,2026-05-12,5839,5839,1051.02,1051.02,1,1,2,EXACT_MATCH
07ABCDE4252F1Z5,07ABCDE4252F1Z5,Supplier 2196,Supplier 2196,INV-02196,INV-02196,2026-03-08,2026-03-08,52134,52134,9384.12,9384.12,1,1,2,EXACT_MATCH
07ABCDE9853F1Z5,07ABCDE9853F1Z5,Supplier 2197,Supplier 2197,INV-02197,INV-02197,2026-04-01,2026-04-01,91874,91874,16537.32,16537.32,1,1,2,EXACT_MATCH
07ABCDE2916F1Z5,07ABCDE2916F1Z5,Supplier 2198,Supplier 2198,INV-02198,INV-02198,2026-08-08,2026-08-08,53122,53122,9561.96,9561.96,1,1,2,EXACT_MATCH
07ABCDE2426F1Z5,07ABCDE2426F1Z5,Supplier 2199,Supplier 2199,INV-02199,INV-02199,2026-08-23,2026-08-23,88362,88362,15905.16,15905.16,1,1,2,EXACT_MATCH
07ABCDE4356F1Z5,07ABCDE4356F1Z5,Supplier 2200,Supplier 2200,INV-02200,INV-02200,2026-08-27,2026-08-27,17211,17211,3097.98,3097.98,1,1,2,EXACT_MATCH
07ABCDE6202F1Z5,07ABCDE6202F1Z5,Supplier 2201,Supplier 2201,INV-02201,INV-02201,2026-07-24,2026-07-24,5082,5082,914.76,914.76,1,1,2,EXACT_MATCH
07ABCDE1848F1Z5,07ABCDE1848F1Z5,Supplier 2202,Supplier 2202,INV-02202,INV-02202,2026-10-17,2026-10-17,88239,88239,15883.02,15883.02,1,1,2,EXACT_MATCH
07ABCDE3371F1Z5,07ABCDE3371F1Z5,Supplier 2203,Supplier 2203,INV-02203,INV-02203,2026-04-27,2026-04-27,9920,9920,1785.60,1785.60,1,1,2,EXACT_MATCH
07ABCDE2396F1Z5,07ABCDE2396F1Z5,Supplier 2204,Supplier 2204,INV-02204,INV-02204,2026-12-18,2026-12-18,35522,35522,6393.96,6393.96,1,1,2,EXACT_MATCH
07ABCDE8679F1Z5,07ABCDE8679F1Z5,Supplier 2205,Supplier 2205,INV-02205,INV-02205,2026-02-23,2026-02-23,77540,77540,13957.20,13957.20,1,1,2,EXACT_MATCH
07ABCDE7566F1Z5,07ABCDE7566F1Z5,Supplier 2206,Supplier 2206,INV-02206,INV-02206,2026-07-14,2026-07-14,23238,23238,4182.84,4182.84,1,1,2,EXACT_MATCH
07ABCDE6789F1Z5,07ABCDE6789F1Z5,Supplier 2207,Supplier 2207,INV-02207,INV-02207,2026-07-30,2026-07-30,14959,14959,2692.62,2692.62,1,1,2,EXACT_MATCH
07ABCDE4178F1Z5,07ABCDE4178F1Z5,Supplier 2208,Supplier 2208,INV-02208,INV-02208,2026-05-21,2026-05-21,50874,50874,9157.32,9157.32,1,1,2,EXACT_MATCH
07ABCDE9646F1Z5,07ABCDE9646F1Z5,Supplier 2209,Supplier 2209,INV-02209,INV-02209,2026-02-09,2026-02-09,63515,63515,11432.70,11432.70,1,1,2,EXACT_MATCH
07ABCDE4733F1Z5,07ABCDE4733F1Z5,Supplier 2210,Supplier 2210,INV-02210,INV-02210,2026-09-24,2026-09-24,26667,26667,4800.06,4800.06,1,1,2,EXACT_MATCH
07ABCDE5884F1Z5,07ABCDE5884F1Z5,Supplier 2211,Supplier 2211,INV-02211,INV-02211,2026-03-11,2026-03-11,88787,88787,15981.66,15981.66,1,1,2,EXACT_MATCH
07ABCDE6022F1Z5,07ABCDE6022F1Z5,Supplier 2212,Supplier 2212,INV-02212,INV-02212,2026-12-10,2026-12-10,19131,19131,3443.58,3443.58,1,1,2,EXACT_MATCH
07ABCDE1802F1Z5,07ABCDE1802F1Z5,Supplier 2213,Supplier 2213,INV-02213,INV-02213,2026-08-24,2026-08-24,1838,1838,330.84,330.84,1,1,2,EXACT_MATCH
07ABCDE4659F1Z5,07ABCDE4659F1Z5,Supplier 2214,Supplier 2214,INV-02214,INV-02214,2026-10-04,2026-10-04,47898,47898,8621.64,8621.64,1,1,2,EXACT_MATCH
07ABCDE9537F1Z5,07ABCDE9537F1Z5,Supplier 2215,Supplier 2215,INV-02215,INV-02215,2026-09-10,2026-09-10,71436,71436,12858.48,12858.48,1,1,2,EXACT_MATCH
07ABCDE5396F1Z5,07ABCDE5396F1Z5,Supplier 2216,Supplier 2216,INV-02216,INV-02216,2026-07-05,2026-07-05,49477,49477,8905.86,8905.86,1,1,2,EXACT_MATCH
07ABCDE5692F1Z5,07ABCDE5692F1Z5,Supplier 2217,Supplier 2217,INV-02217,INV-02217,2026-08-25,2026-08-25,83268,83268,14988.24,14988.24,1,1,2,EXACT_MATCH
07ABCDE5600F1Z5,07ABCDE5600F1Z5,Supplier 2218,Supplier 2218,INV-02218,INV-02218,2026-01-21,2026-01-21,91029,91029,16385.22,16385.22,1,1,2,EXACT_MATCH
07ABCDE3297F1Z5,07ABCDE3297F1Z5,Supplier 2219,Supplier 2219,INV-02219,INV-02219,2026-03-18,2026-03-18,5036,5036,906.48,906.48,1,1,2,EXACT_MATCH
07ABCDE6292F1Z5,07ABCDE6292F1Z5,Supplier 2220,Supplier 2220,INV-02220,INV-02220,2026-09-27,2026-09-27,73159,73159,13168.62,13168.62,1,1,2,EXACT_MATCH
07ABCDE2195F1Z5,07ABCDE2195F1Z5,Supplier 2221,Supplier 2221,INV-02221,INV-02221,2026-10-03,2026-10-03,69008,69008,12421.44,12421.44,1,1,2,EXACT_MATCH
07ABCDE4807F1Z5,07ABCDE4807F1Z5,Supplier 2222,Supplier 2222,INV-02222,INV-02222,2026-04-19,2026-04-19,48097,48097,8657.46,8657.46,1,1,2,EXACT_MATCH
07ABCDE1144F1Z5,07ABCDE1144F1Z5,Supplier 2223,Supplier 2223,INV-02223,INV-02223,2026-10-29,2026-10-29,28175,28175,5071.50,5071.50,1,1,2,EXACT_MATCH
07ABCDE4642F1Z5,07ABCDE4642F1Z5,Supplier 2224,Supplier 2224,INV-02224,INV-02224,2026-04-08,2026-04-08,99845,99845,17972.10,17972.10,1,1,2,EXACT_MATCH
07ABCDE1871F1Z5,07ABCDE1871F1Z5,Supplier 2225,Supplier 2225,INV-02225,INV-02225,2026-12-30,2026-12-30,15493,15493,2788.74,2788.74,1,1,2,EXACT_MATCH
07ABCDE9111F1Z5,07ABCDE9111F1Z5,Supplier 2226,Supplier 2226,INV-02226,INV-02226,2026-02-06,2026-02-06,70459,70459,12682.62,12682.62,1,1,2,EXACT_MATCH
07ABCDE1943F1Z5,07ABCDE1943F1Z5,Supplier 2227,Supplier 2227,INV-02227,INV-02227,2026-06-09,2026-06-09,56837,56837,10230.66,10230.66,1,1,2,EXACT_MATCH
07ABCDE4789F1Z5,07ABCDE4789F1Z5,Supplier 2228,Supplier 2228,INV-02228,INV-02228,2026-06-18,2026-06-18,61223,61223,11020.14,11020.14,1,1,2,EXACT_MATCH
07ABCDE5649F1Z5,07ABCDE5649F1Z5,Supplier 2229,Supplier 2229,INV-02229,INV-02229,2026-08-16,2026-08-16,61951,61951,11151.18,11151.18,1,1,2,EXACT_MATCH
07ABCDE3487F1Z5,07ABCDE3487F1Z5,Supplier 2230,Supplier 2230,INV-02230,INV-02230,2026-08-30,2026-08-30,89437,89437,16098.66,16098.66,1,1,2,EXACT_MATCH
07ABCDE5167F1Z5,07ABCDE5167F1Z5,Supplier 2231,Supplier 2231,INV-02231,INV-02231,2026-07-13,2026-07-13,2896,2896,521.28,521.28,1,1,2,EXACT_MATCH
07ABCDE1916F1Z5,07ABCDE1916F1Z5,Supplier 2232,Supplier 2232,INV-02232,INV-02232,2026-11-27,2026-11-27,81675,81675,14701.50,14701.50,1,1,2,EXACT_MATCH
07ABCDE6594F1Z5,07ABCDE6594F1Z5,Supplier 2233,Supplier 2233,INV-02233,INV-02233,2026-10-08,2026-10-08,51540,51540,9277.20,9277.20,1,1,2,EXACT_MATCH
07ABCDE6753F1Z5,07ABCDE6753F1Z5,Supplier 2234,Supplier 2234,INV-02234,INV-02234,2026-09-26,2026-09-26,42580,42580,7664.40,7664.40,1,1,2,EXACT_MATCH
07ABCDE1612F1Z5,07ABCDE1612F1Z5,Supplier 2235,Supplier 2235,INV-02235,INV-02235,2026-11-19,2026-11-19,45406,45406,8173.08,8173.08,1,1,2,EXACT_MATCH
07ABCDE8414F1Z5,07ABCDE8414F1Z5,Supplier 2236,Supplier 2236,INV-02236,INV-02236,2026-06-12,2026-06-12,30430,30430,5477.40,5477.40,1,1,2,EXACT_MATCH
07ABCDE6944F1Z5,07ABCDE6944F1Z5,Supplier 2237,Supplier 2237,INV-02237,INV-02237,2026-02-04,2026-02-04,67779,67779,12200.22,12200.22,1,1,2,EXACT_MATCH
07ABCDE6399F1Z5,07ABCDE6399F1Z5,Supplier 2238,Supplier 2238,INV-02238,INV-02238,2026-11-09,2026-11-09,20743,20743,3733.74,3733.74,1,1,2,EXACT_MATCH
07ABCDE4492F1Z5,07ABCDE4492F1Z5,Supplier 2239,Supplier 2239,INV-02239,INV-02239,2026-09-17,2026-09-17,5422,5422,975.96,975.96,1,1,2,EXACT_MATCH
07ABCDE1494F1Z5,07ABCDE1494F1Z5,Supplier 2240,Supplier 2240,INV-02240,INV-02240,2026-02-03,2026-02-03,40791,40791,7342.38,7342.38,1,1,2,EXACT_MATCH
07ABCDE4344F1Z5,07ABCDE4344F1Z5,Supplier 2241,Supplier 2241,INV-02241,INV-02241,2026-05-26,2026-05-26,89435,89435,16098.30,16098.30,1,1,2,EXACT_MATCH
07ABCDE8795F1Z5,07ABCDE8795F1Z5,Supplier 2242,Supplier 2242,INV-02242,INV-02242,2026-08-10,2026-08-10,37398,37398,6731.64,6731.64,1,1,2,EXACT_MATCH
07ABCDE5316F1Z5,07ABCDE5316F1Z5,Supplier 2243,Supplier 2243,INV-02243,INV-02243,2026-07-12,2026-07-12,85761,85761,15436.98,15436.98,1,1,2,EXACT_MATCH
07ABCDE1607F1Z5,07ABCDE1607F1Z5,Supplier 2244,Supplier 2244,INV-02244,INV-02244,2026-02-26,2026-02-26,14895,14895,2681.10,2681.10,1,1,2,EXACT_MATCH
07ABCDE5555F1Z5,07ABCDE5555F1Z5,Supplier 2245,Supplier 2245,INV-02245,INV-02245,2026-04-01,2026-04-01,88452,88452,15921.36,15921.36,1,1,2,EXACT_MATCH
07ABCDE2745F1Z5,07ABCDE2745F1Z5,Supplier 2246,Supplier 2246,INV-02246,INV-02246,2026-07-06,2026-07-06,33520,33520,6033.60,6033.60,1,1,2,EXACT_MATCH
07ABCDE7089F1Z5,07ABCDE7089F1Z5,Supplier 2247,Supplier 2247,INV-02247,INV-02247,2026-10-17,2026-10-17,4065,4065,731.70,731.70,1,1,2,EXACT_MATCH
07ABCDE5492F1Z5,07ABCDE5492F1Z5,Supplier 2248,Supplier 2248,INV-02248,INV-02248,2026-04-18,2026-04-18,55554,55554,9999.72,9999.72,1,1,2,EXACT_MATCH
07ABCDE5834F1Z5,07ABCDE5834F1Z5,Supplier 2249,Supplier 2249,INV-02249,INV-02249,2026-02-14,2026-02-14,39666,39666,7139.88,7139.88,1,1,2,EXACT_MATCH
07ABCDE5506F1Z5,07ABCDE5506F1Z5,Supplier 2250,Supplier 2250,INV-02250,INV-02250,2026-02-21,2026-02-21,52893,52893,9520.74,9520.74,1,1,2,EXACT_MATCH
07ABCDE5040F1Z5,07ABCDE5040F1Z5,Supplier 2251,Supplier 2251,INV-02251,INV-02251,2026-05-15,2026-05-15,73584,73584,13245.12,13245.12,1,1,2,EXACT_MATCH
07ABCDE7580F1Z5,07ABCDE7580F1Z5,Supplier 2252,Supplier 2252,INV-02252,INV-02252,2026-08-15,2026-08-15,46784,46784,8421.12,8421.12,1,1,2,EXACT_MATCH
07ABCDE7546F1Z5,07ABCDE7546F1Z5,Supplier 2253,Supplier 2253,INV-02253,INV-02253,2026-10-01,2026-10-01,78709,78709,14167.62,14167.62,1,1,2,EXACT_MATCH
07ABCDE8708F1Z5,07ABCDE8708F1Z5,Supplier 2254,Supplier 2254,INV-02254,INV-02254,2026-09-07,2026-09-07,77233,77233,13901.94,13901.94,1,1,2,EXACT_MATCH
07ABCDE9770F1Z5,07ABCDE9770F1Z5,Supplier 2255,Supplier 2255,INV-02255,INV-02255,2026-04-28,2026-04-28,48270,48270,8688.60,8688.60,1,1,2,EXACT_MATCH
07ABCDE8059F1Z5,07ABCDE8059F1Z5,Supplier 2256,Supplier 2256,INV-02256,INV-02256,2026-11-14,2026-11-14,69715,69715,12548.70,12548.70,1,1,2,EXACT_MATCH
07ABCDE2814F1Z5,07ABCDE2814F1Z5,Supplier 2257,Supplier 2257,INV-02257,INV-02257,2026-08-10,2026-08-10,10379,10379,1868.22,1868.22,1,1,2,EXACT_MATCH
07ABCDE8772F1Z5,07ABCDE8772F1Z5,Supplier 2258,Supplier 2258,INV-02258,INV-02258,2026-11-19,2026-11-19,66592,66592,11986.56,11986.56,1,1,2,EXACT_MATCH
07ABCDE9507F1Z5,07ABCDE9507F1Z5,Supplier 2259,Supplier 2259,INV-02259,INV-02259,2026-02-14,2026-02-14,76922,76922,13845.96,13845.96,1,1,2,EXACT_MATCH
07ABCDE8163F1Z5,07ABCDE8163F1Z5,Supplier 2260,Supplier 2260,INV-02260,INV-02260,2026-09-05,2026-09-05,66161,66161,11908.98,11908.98,1,1,2,EXACT_MATCH
07ABCDE7614F1Z5,07ABCDE7614F1Z5,Supplier 2261,Supplier 2261,INV-02261,INV-02261,2026-12-11,2026-12-11,62652,62652,11277.36,11277.36,1,1,2,EXACT_MATCH
07ABCDE6895F1Z5,07ABCDE6895F1Z5,Supplier 2262,Supplier 2262,INV-02262,INV-02262,2026-02-12,2026-02-12,35716,35716,6428.88,6428.88,1,1,2,EXACT_MATCH
07ABCDE6866F1Z5,07ABCDE6866F1Z5,Supplier 2263,Supplier 2263,INV-02263,INV-02263,2026-08-03,2026-08-03,61467,61467,11064.06,11064.06,1,1,2,EXACT_MATCH
07ABCDE8146F1Z5,07ABCDE8146F1Z5,Supplier 2264,Supplier 2264,INV-02264,INV-02264,2026-04-25,2026-04-25,72046,72046,12968.28,12968.28,1,1,2,EXACT_MATCH
07ABCDE3024F1Z5,07ABCDE3024F1Z5,Supplier 2265,Supplier 2265,INV-02265,INV-02265,2026-01-24,2026-01-24,57630,57630,10373.40,10373.40,1,1,2,EXACT_MATCH
07ABCDE1066F1Z5,07ABCDE1066F1Z5,Supplier 2266,Supplier 2266,INV-02266,INV-02266,2026-04-17,2026-04-17,99224,99224,17860.32,17860.32,1,1,2,EXACT_MATCH
07ABCDE1940F1Z5,07ABCDE1940F1Z5,Supplier 2267,Supplier 2267,INV-02267,INV-02267,2026-03-15,2026-03-15,61971,61971,11154.78,11154.78,1,1,2,EXACT_MATCH
07ABCDE4700F1Z5,07ABCDE4700F1Z5,Supplier 2268,Supplier 2268,INV-02268,INV-02268,2026-08-30,2026-08-30,7062,7062,1271.16,1271.16,1,1,2,EXACT_MATCH
07ABCDE7386F1Z5,07ABCDE7386F1Z5,Supplier 2269,Supplier 2269,INV-02269,INV-02269,2026-05-18,2026-05-18,86205,86205,15516.90,15516.90,1,1,2,EXACT_MATCH
07ABCDE3639F1Z5,07ABCDE3639F1Z5,Supplier 2270,Supplier 2270,INV-02270,INV-02270,2026-10-16,2026-10-16,20231,20231,3641.58,3641.58,1,1,2,EXACT_MATCH
07ABCDE4246F1Z5,07ABCDE4246F1Z5,Supplier 2271,Supplier 2271,INV-02271,INV-02271,2026-02-07,2026-02-07,54322,54322,9777.96,9777.96,1,1,2,EXACT_MATCH
07ABCDE1954F1Z5,07ABCDE1954F1Z5,Supplier 2272,Supplier 2272,INV-02272,INV-02272,2026-03-13,2026-03-13,29793,29793,5362.74,5362.74,1,1,2,EXACT_MATCH
07ABCDE5768F1Z5,07ABCDE5768F1Z5,Supplier 2273,Supplier 2273,INV-02273,INV-02273,2026-05-21,2026-05-21,98864,98864,17795.52,17795.52,1,1,2,EXACT_MATCH
07ABCDE4343F1Z5,07ABCDE4343F1Z5,Supplier 2274,Supplier 2274,INV-02274,INV-02274,2026-11-28,2026-11-28,28081,28081,5054.58,5054.58,1,1,2,EXACT_MATCH
07ABCDE8672F1Z5,07ABCDE8672F1Z5,Supplier 2275,Supplier 2275,INV-02275,INV-02275,2026-06-28,2026-06-28,23760,23760,4276.80,4276.80,1,1,2,EXACT_MATCH
07ABCDE7334F1Z5,07ABCDE7334F1Z5,Supplier 2276,Supplier 2276,INV-02276,INV-02276,2026-02-05,2026-02-05,42508,42508,7651.44,7651.44,1,1,2,EXACT_MATCH
07ABCDE6672F1Z5,07ABCDE6672F1Z5,Supplier 2277,Supplier 2277,INV-02277,INV-02277,2026-03-12,2026-03-12,83388,83388,15009.84,15009.84,1,1,2,EXACT_MATCH
07ABCDE5664F1Z5,07ABCDE5664F1Z5,Supplier 2278,Supplier 2278,INV-02278,INV-02278,2026-07-06,2026-07-06,90283,90283,16250.94,16250.94,1,1,2,EXACT_MATCH
07ABCDE5083F1Z5,07ABCDE5083F1Z5,Supplier 2279,Supplier 2279,INV-02279,INV-02279,2026-01-25,2026-01-25,82038,82038,14766.84,14766.84,1,1,2,EXACT_MATCH
07ABCDE9202F1Z5,07ABCDE9202F1Z5,Supplier 2280,Supplier 2280,INV-02280,INV-02280,2026-02-12,2026-02-12,17352,17352,3123.36,3123.36,1,1,2,EXACT_MATCH
07ABCDE8941F1Z5,07ABCDE8941F1Z5,Supplier 2281,Supplier 2281,INV-02281,INV-02281,2026-05-07,2026-05-07,85333,85333,15359.94,15359.94,1,1,2,EXACT_MATCH
07ABCDE6874F1Z5,07ABCDE6874F1Z5,Supplier 2282,Supplier 2282,INV-02282,INV-02282,2026-07-26,2026-07-26,26957,26957,4852.26,4852.26,1,1,2,EXACT_MATCH
07ABCDE5078F1Z5,07ABCDE5078F1Z5,Supplier 2283,Supplier 2283,INV-02283,INV-02283,2026-12-03,2026-12-03,24746,24746,4454.28,4454.28,1,1,2,EXACT_MATCH
07ABCDE3053F1Z5,07ABCDE3053F1Z5,Supplier 2284,Supplier 2284,INV-02284,INV-02284,2026-07-23,2026-07-23,12699,12699,2285.82,2285.82,1,1,2,EXACT_MATCH
07ABCDE7201F1Z5,07ABCDE7201F1Z5,Supplier 2285,Supplier 2285,INV-02285,INV-02285,2026-11-27,2026-11-27,49784,49784,8961.12,8961.12,1,1,2,EXACT_MATCH
07ABCDE5304F1Z5,07ABCDE5304F1Z5,Supplier 2286,Supplier 2286,INV-02286,INV-02286,2026-04-16,2026-04-16,11824,11824,2128.32,2128.32,1,1,2,EXACT_MATCH
07ABCDE3627F1Z5,07ABCDE3627F1Z5,Supplier 2287,Supplier 2287,INV-02287,INV-02287,2026-11-15,2026-11-15,92443,92443,16639.74,16639.74,1,1,2,EXACT_MATCH
07ABCDE7731F1Z5,07ABCDE7731F1Z5,Supplier 2288,Supplier 2288,INV-02288,INV-02288,2026-07-05,2026-07-05,47518,47518,8553.24,8553.24,1,1,2,EXACT_MATCH
07ABCDE4556F1Z5,07ABCDE4556F1Z5,Supplier 2289,Supplier 2289,INV-02289,INV-02289,2026-07-28,2026-07-28,75274,75274,13549.32,13549.32,1,1,2,EXACT_MATCH
07ABCDE2602F1Z5,07ABCDE2602F1Z5,Supplier 2290,Supplier 2290,INV-02290,INV-02290,2026-11-04,2026-11-04,80528,80528,14495.04,14495.04,1,1,2,EXACT_MATCH
07ABCDE7129F1Z5,07ABCDE7129F1Z5,Supplier 2291,Supplier 2291,INV-02291,INV-02291,2026-11-02,2026-11-02,77963,77963,14033.34,14033.34,1,1,2,EXACT_MATCH
07ABCDE1843F1Z5,07ABCDE1843F1Z5,Supplier 2292,Supplier 2292,INV-02292,INV-02292,2026-05-20,2026-05-20,9176,9176,1651.68,1651.68,1,1,2,EXACT_MATCH
07ABCDE3205F1Z5,07ABCDE3205F1Z5,Supplier 2293,Supplier 2293,INV-02293,INV-02293,2026-02-24,2026-02-24,51387,51387,9249.66,9249.66,1,1,2,EXACT_MATCH
07ABCDE3657F1Z5,07ABCDE3657F1Z5,Supplier 2294,Supplier 2294,INV-02294,INV-02294,2026-09-02,2026-09-02,35868,35868,6456.24,6456.24,1,1,2,EXACT_MATCH
07ABCDE6657F1Z5,07ABCDE6657F1Z5,Supplier 2295,Supplier 2295,INV-02295,INV-02295,2026-07-16,2026-07-16,50771,50771,9138.78,9138.78,1,1,2,EXACT_MATCH
07ABCDE5899F1Z5,07ABCDE5899F1Z5,Supplier 2296,Supplier 2296,INV-02296,INV-02296,2026-05-18,2026-05-18,47996,47996,8639.28,8639.28,1,1,2,EXACT_MATCH
07ABCDE5356F1Z5,07ABCDE5356F1Z5,Supplier 2297,Supplier 2297,INV-02297,INV-02297,2026-07-19,2026-07-19,2387,2387,429.66,429.66,1,1,2,EXACT_MATCH
07ABCDE7347F1Z5,07ABCDE7347F1Z5,Supplier 2298,Supplier 2298,INV-02298,INV-02298,2026-06-07,2026-06-07,56322,56322,10137.96,10137.96,1,1,2,EXACT_MATCH
07ABCDE9722F1Z5,07ABCDE9722F1Z5,Supplier 2299,Supplier 2299,INV-02299,INV-02299,2026-03-14,2026-03-14,1272,1272,228.96,228.96,1,1,2,EXACT_MATCH
07ABCDE3336F1Z5,07ABCDE3336F1Z5,Supplier 2300,Supplier 2300,INV-02300,INV-02300,2026-04-16,2026-04-16,74896,74896,13481.28,13481.28,1,1,2,EXACT_MATCH
07ABCDE6040F1Z5,07ABCDE6040F1Z5,Supplier 2301,Supplier 2301,INV-02301,INV-02301,2026-01-29,2026-01-29,52978,52978,9536.04,9536.04,1,1,2,EXACT_MATCH
07ABCDE1423F1Z5,07ABCDE1423F1Z5,Supplier 2302,Supplier 2302,INV-02302,INV-02302,2026-05-23,2026-05-23,81161,81161,14608.98,14608.98,1,1,2,EXACT_MATCH
07ABCDE9806F1Z5,07ABCDE9806F1Z5,Supplier 2303,Supplier 2303,INV-02303,INV-02303,2026-10-24,2026-10-24,9458,9458,1702.44,1702.44,1,1,2,EXACT_MATCH
07ABCDE7675F1Z5,07ABCDE7675F1Z5,Supplier 2304,Supplier 2304,INV-02304,INV-02304,2026-10-22,2026-10-22,60364,60364,10865.52,10865.52,1,1,2,EXACT_MATCH
07ABCDE6401F1Z5,07ABCDE6401F1Z5,Supplier 2305,Supplier 2305,INV-02305,INV-02305,2026-03-13,2026-03-13,33582,33582,6044.76,6044.76,1,1,2,EXACT_MATCH
07ABCDE3911F1Z5,07ABCDE3911F1Z5,Supplier 2306,Supplier 2306,INV-02306,INV-02306,2026-06-15,2026-06-15,35367,35367,6366.06,6366.06,1,1,2,EXACT_MATCH
07ABCDE9773F1Z5,07ABCDE9773F1Z5,Supplier 2307,Supplier 2307,INV-02307,INV-02307,2026-07-21,2026-07-21,55239,55239,9943.02,9943.02,1,1,2,EXACT_MATCH
07ABCDE6984F1Z5,07ABCDE6984F1Z5,Supplier 2308,Supplier 2308,INV-02308,INV-02308,2026-09-14,2026-09-14,28311,28311,5095.98,5095.98,1,1,2,EXACT_MATCH
07ABCDE6217F1Z5,07ABCDE6217F1Z5,Supplier 2309,Supplier 2309,INV-02309,INV-02309,2026-01-20,2026-01-20,61895,61895,11141.10,11141.10,1,1,2,EXACT_MATCH
07ABCDE7479F1Z5,07ABCDE7479F1Z5,Supplier 2310,Supplier 2310,INV-02310,INV-02310,2026-04-24,2026-04-24,65419,65419,11775.42,11775.42,1,1,2,EXACT_MATCH
07ABCDE1424F1Z5,07ABCDE1424F1Z5,Supplier 2311,Supplier 2311,INV-02311,INV-02311,2026-05-23,2026-05-23,63633,63633,11453.94,11453.94,1,1,2,EXACT_MATCH
07ABCDE5960F1Z5,07ABCDE5960F1Z5,Supplier 2312,Supplier 2312,INV-02312,INV-02312,2026-05-01,2026-05-01,8469,8469,1524.42,1524.42,1,1,2,EXACT_MATCH
07ABCDE9473F1Z5,07ABCDE9473F1Z5,Supplier 2313,Supplier 2313,INV-02313,INV-02313,2026-05-04,2026-05-04,63359,63359,11404.62,11404.62,1,1,2,EXACT_MATCH
07ABCDE5897F1Z5,07ABCDE5897F1Z5,Supplier 2314,Supplier 2314,INV-02314,INV-02314,2026-07-02,2026-07-02,93936,93936,16908.48,16908.48,1,1,2,EXACT_MATCH
07ABCDE7007F1Z5,07ABCDE7007F1Z5,Supplier 2315,Supplier 2315,INV-02315,INV-02315,2026-05-26,2026-05-26,86683,86683,15602.94,15602.94,1,1,2,EXACT_MATCH
07ABCDE2187F1Z5,07ABCDE2187F1Z5,Supplier 2316,Supplier 2316,INV-02316,INV-02316,2026-12-10,2026-12-10,62791,62791,11302.38,11302.38,1,1,2,EXACT_MATCH
07ABCDE3444F1Z5,07ABCDE3444F1Z5,Supplier 2317,Supplier 2317,INV-02317,INV-02317,2026-06-23,2026-06-23,64585,64585,11625.30,11625.30,1,1,2,EXACT_MATCH
07ABCDE5662F1Z5,07ABCDE5662F1Z5,Supplier 2318,Supplier 2318,INV-02318,INV-02318,2026-11-12,2026-11-12,68460,68460,12322.80,12322.80,1,1,2,EXACT_MATCH
07ABCDE9551F1Z5,07ABCDE9551F1Z5,Supplier 2319,Supplier 2319,INV-02319,INV-02319,2026-11-21,2026-11-21,5936,5936,1068.48,1068.48,1,1,2,EXACT_MATCH
07ABCDE6236F1Z5,07ABCDE6236F1Z5,Supplier 2320,Supplier 2320,INV-02320,INV-02320,2026-01-13,2026-01-13,28304,28304,5094.72,5094.72,1,1,2,EXACT_MATCH
07ABCDE3862F1Z5,07ABCDE3862F1Z5,Supplier 2321,Supplier 2321,INV-02321,INV-02321,2026-02-09,2026-02-09,98004,98004,17640.72,17640.72,1,1,2,EXACT_MATCH
07ABCDE4352F1Z5,07ABCDE4352F1Z5,Supplier 2322,Supplier 2322,INV-02322,INV-02322,2026-04-27,2026-04-27,63142,63142,11365.56,11365.56,1,1,2,EXACT_MATCH
07ABCDE3000F1Z5,07ABCDE3000F1Z5,Supplier 2323,Supplier 2323,INV-02323,INV-02323,2026-06-24,2026-06-24,71888,71888,12939.84,12939.84,1,1,2,EXACT_MATCH
07ABCDE6569F1Z5,07ABCDE6569F1Z5,Supplier 2324,Supplier 2324,INV-02324,INV-02324,2026-08-26,2026-08-26,53552,53552,9639.36,9639.36,1,1,2,EXACT_MATCH
07ABCDE9535F1Z5,07ABCDE9535F1Z5,Supplier 2325,Supplier 2325,INV-02325,INV-02325,2026-12-07,2026-12-07,76617,76617,13791.06,13791.06,1,1,2,EXACT_MATCH
07ABCDE6539F1Z5,07ABCDE6539F1Z5,Supplier 2326,Supplier 2326,INV-02326,INV-02326,2026-11-02,2026-11-02,20893,20893,3760.74,3760.74,1,1,2,EXACT_MATCH
07ABCDE9346F1Z5,07ABCDE9346F1Z5,Supplier 2327,Supplier 2327,INV-02327,INV-02327,2026-11-30,2026-11-30,97806,97806,17605.08,17605.08,1,1,2,EXACT_MATCH
07ABCDE4585F1Z5,07ABCDE4585F1Z5,Supplier 2328,Supplier 2328,INV-02328,INV-02328,2026-01-03,2026-01-03,37580,37580,6764.40,6764.40,1,1,2,EXACT_MATCH
07ABCDE7613F1Z5,07ABCDE7613F1Z5,Supplier 2329,Supplier 2329,INV-02329,INV-02329,2026-12-29,2026-12-29,68901,68901,12402.18,12402.18,1,1,2,EXACT_MATCH
07ABCDE7033F1Z5,07ABCDE7033F1Z5,Supplier 2330,Supplier 2330,INV-02330,INV-02330,2026-01-10,2026-01-10,27862,27862,5015.16,5015.16,1,1,2,EXACT_MATCH
07ABCDE2640F1Z5,07ABCDE2640F1Z5,Supplier 2331,Supplier 2331,INV-02331,INV-02331,2026-08-29,2026-08-29,15187,15187,2733.66,2733.66,1,1,2,EXACT_MATCH
07ABCDE5693F1Z5,07ABCDE5693F1Z5,Supplier 2332,Supplier 2332,INV-02332,INV-02332,2026-12-07,2026-12-07,11168,11168,2010.24,2010.24,1,1,2,EXACT_MATCH
07ABCDE7398F1Z5,07ABCDE7398F1Z5,Supplier 2333,Supplier 2333,INV-02333,INV-02333,2026-10-03,2026-10-03,71022,71022,12783.96,12783.96,1,1,2,EXACT_MATCH
07ABCDE7616F1Z5,07ABCDE7616F1Z5,Supplier 2334,Supplier 2334,INV-02334,INV-02334,2026-08-13,2026-08-13,70252,70252,12645.36,12645.36,1,1,2,EXACT_MATCH
07ABCDE3729F1Z5,07ABCDE3729F1Z5,Supplier 2335,Supplier 2335,INV-02335,INV-02335,2026-03-03,2026-03-03,12115,12115,2180.70,2180.70,1,1,2,EXACT_MATCH
07ABCDE8547F1Z5,07ABCDE8547F1Z5,Supplier 2336,Supplier 2336,INV-02336,INV-02336,2026-11-20,2026-11-20,21174,21174,3811.32,3811.32,1,1,2,EXACT_MATCH
07ABCDE4792F1Z5,07ABCDE4792F1Z5,Supplier 2337,Supplier 2337,INV-02337,INV-02337,2026-02-18,2026-02-18,64710,64710,11647.80,11647.80,1,1,2,EXACT_MATCH
07ABCDE8738F1Z5,07ABCDE8738F1Z5,Supplier 2338,Supplier 2338,INV-02338,INV-02338,2026-09-12,2026-09-12,82568,82568,14862.24,14862.24,1,1,2,EXACT_MATCH
07ABCDE7383F1Z5,07ABCDE7383F1Z5,Supplier 2339,Supplier 2339,INV-02339,INV-02339,2026-04-14,2026-04-14,6316,6316,1136.88,1136.88,1,1,2,EXACT_MATCH
07ABCDE5748F1Z5,07ABCDE5748F1Z5,Supplier 2340,Supplier 2340,INV-02340,INV-02340,2026-02-21,2026-02-21,62780,62780,11300.40,11300.40,1,1,2,EXACT_MATCH
07ABCDE6078F1Z5,07ABCDE6078F1Z5,Supplier 2341,Supplier 2341,INV-02341,INV-02341,2026-03-25,2026-03-25,78942,78942,14209.56,14209.56,1,1,2,EXACT_MATCH
07ABCDE9688F1Z5,07ABCDE9688F1Z5,Supplier 2342,Supplier 2342,INV-02342,INV-02342,2026-01-10,2026-01-10,23346,23346,4202.28,4202.28,1,1,2,EXACT_MATCH
07ABCDE1380F1Z5,07ABCDE1380F1Z5,Supplier 2343,Supplier 2343,INV-02343,INV-02343,2026-07-23,2026-07-23,25216,25216,4538.88,4538.88,1,1,2,EXACT_MATCH
07ABCDE8104F1Z5,07ABCDE8104F1Z5,Supplier 2344,Supplier 2344,INV-02344,INV-02344,2026-02-23,2026-02-23,36704,36704,6606.72,6606.72,1,1,2,EXACT_MATCH
07ABCDE2629F1Z5,07ABCDE2629F1Z5,Supplier 2345,Supplier 2345,INV-02345,INV-02345,2026-01-19,2026-01-19,60200,60200,10836.00,10836.00,1,1,2,EXACT_MATCH
07ABCDE5302F1Z5,07ABCDE5302F1Z5,Supplier 2346,Supplier 2346,INV-02346,INV-02346,2026-04-09,2026-04-09,95179,95179,17132.22,17132.22,1,1,2,EXACT_MATCH
07ABCDE5685F1Z5,07ABCDE5685F1Z5,Supplier 2347,Supplier 2347,INV-02347,INV-02347,2026-11-21,2026-11-21,30625,30625,5512.50,5512.50,1,1,2,EXACT_MATCH
07ABCDE5754F1Z5,07ABCDE5754F1Z5,Supplier 2348,Supplier 2348,INV-02348,INV-02348,2026-08-07,2026-08-07,23908,23908,4303.44,4303.44,1,1,2,EXACT_MATCH
07ABCDE1997F1Z5,07ABCDE1997F1Z5,Supplier 2349,Supplier 2349,INV-02349,INV-02349,2026-06-03,2026-06-03,55556,55556,10000.08,10000.08,1,1,2,EXACT_MATCH
07ABCDE4298F1Z5,07ABCDE4298F1Z5,Supplier 2350,Supplier 2350,INV-02350,INV-02350,2026-10-08,2026-10-08,78034,78034,14046.12,14046.12,1,1,2,EXACT_MATCH
07ABCDE3770F1Z5,07ABCDE3770F1Z5,Supplier 2351,Supplier 2351,INV-02351,INV-02351,2026-02-11,2026-02-11,46825,46825,8428.50,8428.50,1,1,2,EXACT_MATCH
07ABCDE3632F1Z5,07ABCDE3632F1Z5,Supplier 2352,Supplier 2352,INV-02352,INV-02352,2026-12-21,2026-12-21,43300,43300,7794.00,7794.00,1,1,2,EXACT_MATCH
07ABCDE5152F1Z5,07ABCDE5152F1Z5,Supplier 2353,Supplier 2353,INV-02353,INV-02353,2026-07-20,2026-07-20,92502,92502,16650.36,16650.36,1,1,2,EXACT_MATCH
07ABCDE5126F1Z5,07ABCDE5126F1Z5,Supplier 2354,Supplier 2354,INV-02354,INV-02354,2026-09-29,2026-09-29,94643,94643,17035.74,17035.74,1,1,2,EXACT_MATCH
07ABCDE7418F1Z5,07ABCDE7418F1Z5,Supplier 2355,Supplier 2355,INV-02355,INV-02355,2026-01-03,2026-01-03,36026,36026,6484.68,6484.68,1,1,2,EXACT_MATCH
07ABCDE2242F1Z5,07ABCDE2242F1Z5,Supplier 2356,Supplier 2356,INV-02356,INV-02356,2026-08-13,2026-08-13,15644,15644,2815.92,2815.92,1,1,2,EXACT_MATCH
07ABCDE2986F1Z5,07ABCDE2986F1Z5,Supplier 2357,Supplier 2357,INV-02357,INV-02357,2026-10-23,2026-10-23,82746,82746,14894.28,14894.28,1,1,2,EXACT_MATCH
07ABCDE5935F1Z5,07ABCDE5935F1Z5,Supplier 2358,Supplier 2358,INV-02358,INV-02358,2026-11-01,2026-11-01,45504,45504,8190.72,8190.72,1,1,2,EXACT_MATCH
07ABCDE4970F1Z5,07ABCDE4970F1Z5,Supplier 2359,Supplier 2359,INV-02359,INV-02359,2026-01-08,2026-01-08,26027,26027,4684.86,4684.86,1,1,2,EXACT_MATCH
07ABCDE9072F1Z5,07ABCDE9072F1Z5,Supplier 2360,Supplier 2360,INV-02360,INV-02360,2026-08-18,2026-08-18,64444,64444,11599.92,11599.92,1,1,2,EXACT_MATCH
07ABCDE6167F1Z5,07ABCDE6167F1Z5,Supplier 2361,Supplier 2361,INV-02361,INV-02361,2026-03-23,2026-03-23,48077,48077,8653.86,8653.86,1,1,2,EXACT_MATCH
07ABCDE2851F1Z5,07ABCDE2851F1Z5,Supplier 2362,Supplier 2362,INV-02362,INV-02362,2026-05-08,2026-05-08,95999,95999,17279.82,17279.82,1,1,2,EXACT_MATCH
07ABCDE7295F1Z5,07ABCDE7295F1Z5,Supplier 2363,Supplier 2363,INV-02363,INV-02363,2026-11-08,2026-11-08,96775,96775,17419.50,17419.50,1,1,2,EXACT_MATCH
07ABCDE2749F1Z5,07ABCDE2749F1Z5,Supplier 2364,Supplier 2364,INV-02364,INV-02364,2026-06-30,2026-06-30,45138,45138,8124.84,8124.84,1,1,2,EXACT_MATCH
07ABCDE7213F1Z5,07ABCDE7213F1Z5,Supplier 2365,Supplier 2365,INV-02365,INV-02365,2026-11-05,2026-11-05,52944,52944,9529.92,9529.92,1,1,2,EXACT_MATCH
07ABCDE9421F1Z5,07ABCDE9421F1Z5,Supplier 2366,Supplier 2366,INV-02366,INV-02366,2026-03-29,2026-03-29,58519,58519,10533.42,10533.42,1,1,2,EXACT_MATCH
07ABCDE1880F1Z5,07ABCDE1880F1Z5,Supplier 2367,Supplier 2367,INV-02367,INV-02367,2026-12-01,2026-12-01,65051,65051,11709.18,11709.18,1,1,2,EXACT_MATCH
07ABCDE4627F1Z5,07ABCDE4627F1Z5,Supplier 2368,Supplier 2368,INV-02368,INV-02368,2026-07-28,2026-07-28,82546,82546,14858.28,14858.28,1,1,2,EXACT_MATCH
07ABCDE2150F1Z5,07ABCDE2150F1Z5,Supplier 2369,Supplier 2369,INV-02369,INV-02369,2026-06-18,2026-06-18,94282,94282,16970.76,16970.76,1,1,2,EXACT_MATCH
07ABCDE1690F1Z5,07ABCDE1690F1Z5,Supplier 2370,Supplier 2370,INV-02370,INV-02370,2026-09-12,2026-09-12,45028,45028,8105.04,8105.04,1,1,2,EXACT_MATCH
07ABCDE2121F1Z5,07ABCDE2121F1Z5,Supplier 2371,Supplier 2371,INV-02371,INV-02371,2026-01-15,2026-01-15,47083,47083,8474.94,8474.94,1,1,2,EXACT_MATCH
07ABCDE1803F1Z5,07ABCDE1803F1Z5,Supplier 2372,Supplier 2372,INV-02372,INV-02372,2026-03-26,2026-03-26,50018,50018,9003.24,9003.24,1,1,2,EXACT_MATCH
07ABCDE5139F1Z5,07ABCDE5139F1Z5,Supplier 2373,Supplier 2373,INV-02373,INV-02373,2026-05-08,2026-05-08,26127,26127,4702.86,4702.86,1,1,2,EXACT_MATCH
07ABCDE9501F1Z5,07ABCDE9501F1Z5,Supplier 2374,Supplier 2374,INV-02374,INV-02374,2026-06-02,2026-06-02,82646,82646,14876.28,14876.28,1,1,2,EXACT_MATCH
07ABCDE1034F1Z5,07ABCDE1034F1Z5,Supplier 2375,Supplier 2375,INV-02375,INV-02375,2026-05-18,2026-05-18,68961,68961,12412.98,12412.98,1,1,2,EXACT_MATCH
07ABCDE3417F1Z5,07ABCDE3417F1Z5,Supplier 2376,Supplier 2376,INV-02376,INV-02376,2026-04-22,2026-04-22,19737,19737,3552.66,3552.66,1,1,2,EXACT_MATCH
07ABCDE1150F1Z5,07ABCDE1150F1Z5,Supplier 2377,Supplier 2377,INV-02377,INV-02377,2026-09-28,2026-09-28,53913,53913,9704.34,9704.34,1,1,2,EXACT_MATCH
07ABCDE1033F1Z5,07ABCDE1033F1Z5,Supplier 2378,Supplier 2378,INV-02378,INV-02378,2026-04-02,2026-04-02,8115,8115,1460.70,1460.70,1,1,2,EXACT_MATCH
07ABCDE6797F1Z5,07ABCDE6797F1Z5,Supplier 2379,Supplier 2379,INV-02379,INV-02379,2026-06-19,2026-06-19,2011,2011,361.98,361.98,1,1,2,EXACT_MATCH
07ABCDE5447F1Z5,07ABCDE5447F1Z5,Supplier 2380,Supplier 2380,INV-02380,INV-02380,2026-06-12,2026-06-12,95450,95450,17181.00,17181.00,1,1,2,EXACT_MATCH
07ABCDE7351F1Z5,07ABCDE7351F1Z5,Supplier 2381,Supplier 2381,INV-02381,INV-02381,2026-07-02,2026-07-02,86160,86160,15508.80,15508.80,1,1,2,EXACT_MATCH
07ABCDE5563F1Z5,07ABCDE5563F1Z5,Supplier 2382,Supplier 2382,INV-02382,INV-02382,2026-11-19,2026-11-19,20968,20968,3774.24,3774.24,1,1,2,EXACT_MATCH
07ABCDE7300F1Z5,07ABCDE7300F1Z5,Supplier 2383,Supplier 2383,INV-02383,INV-02383,2026-03-21,2026-03-21,63665,63665,11459.70,11459.70,1,1,2,EXACT_MATCH
07ABCDE5458F1Z5,07ABCDE5458F1Z5,Supplier 2384,Supplier 2384,INV-02384,INV-02384,2026-11-04,2026-11-04,94086,94086,16935.48,16935.48,1,1,2,EXACT_MATCH
07ABCDE3042F1Z5,07ABCDE3042F1Z5,Supplier 2385,Supplier 2385,INV-02385,INV-02385,2026-04-29,2026-04-29,2866,2866,515.88,515.88,1,1,2,EXACT_MATCH
07ABCDE6627F1Z5,07ABCDE6627F1Z5,Supplier 2386,Supplier 2386,INV-02386,INV-02386,2026-01-11,2026-01-11,98342,98342,17701.56,17701.56,1,1,2,EXACT_MATCH
07ABCDE7994F1Z5,07ABCDE7994F1Z5,Supplier 2387,Supplier 2387,INV-02387,INV-02387,2026-08-27,2026-08-27,31425,31425,5656.50,5656.50,1,1,2,EXACT_MATCH
07ABCDE6544F1Z5,07ABCDE6544F1Z5,Supplier 2388,Supplier 2388,INV-02388,INV-02388,2026-08-07,2026-08-07,29002,29002,5220.36,5220.36,1,1,2,EXACT_MATCH
07ABCDE5673F1Z5,07ABCDE5673F1Z5,Supplier 2389,Supplier 2389,INV-02389,INV-02389,2026-10-14,2026-10-14,11465,11465,2063.70,2063.70,1,1,2,EXACT_MATCH
07ABCDE3577F1Z5,07ABCDE3577F1Z5,Supplier 2390,Supplier 2390,INV-02390,INV-02390,2026-05-24,2026-05-24,25880,25880,4658.40,4658.40,1,1,2,EXACT_MATCH
07ABCDE3781F1Z5,07ABCDE3781F1Z5,Supplier 2391,Supplier 2391,INV-02391,INV-02391,2026-09-20,2026-09-20,26934,26934,4848.12,4848.12,1,1,2,EXACT_MATCH
07ABCDE5571F1Z5,07ABCDE5571F1Z5,Supplier 2392,Supplier 2392,INV-02392,INV-02392,2026-01-27,2026-01-27,91612,91612,16490.16,16490.16,1,1,2,EXACT_MATCH
07ABCDE6814F1Z5,07ABCDE6814F1Z5,Supplier 2393,Supplier 2393,INV-02393,INV-02393,2026-05-18,2026-05-18,77595,77595,13967.10,13967.10,1,1,2,EXACT_MATCH
07ABCDE7081F1Z5,07ABCDE7081F1Z5,Supplier 2394,Supplier 2394,INV-02394,INV-02394,2026-12-24,2026-12-24,38603,38603,6948.54,6948.54,1,1,2,EXACT_MATCH
07ABCDE4503F1Z5,07ABCDE4503F1Z5,Supplier 2395,Supplier 2395,INV-02395,INV-02395,2026-10-26,2026-10-26,68519,68519,12333.42,12333.42,1,1,2,EXACT_MATCH
07ABCDE6185F1Z5,07ABCDE6185F1Z5,Supplier 2396,Supplier 2396,INV-02396,INV-02396,2026-02-17,2026-02-17,72724,72724,13090.32,13090.32,1,1,2,EXACT_MATCH
07ABCDE6896F1Z5,07ABCDE6896F1Z5,Supplier 2397,Supplier 2397,INV-02397,INV-02397,2026-12-15,2026-12-15,44487,44487,8007.66,8007.66,1,1,2,EXACT_MATCH
07ABCDE3838F1Z5,07ABCDE3838F1Z5,Supplier 2398,Supplier 2398,INV-02398,INV-02398,2026-03-18,2026-03-18,99475,99475,17905.50,17905.50,1,1,2,EXACT_MATCH
07ABCDE4467F1Z5,07ABCDE4467F1Z5,Supplier 2399,Supplier 2399,INV-02399,INV-02399,2026-07-30,2026-07-30,66704,66704,12006.72,12006.72,1,1,2,EXACT_MATCH
07ABCDE3195F1Z5,07ABCDE3195F1Z5,Supplier 2400,Supplier 2400,INV-02400,INV-02400,2026-10-22,2026-10-22,87495,87495,15749.10,15749.10,1,1,2,EXACT_MATCH
07ABCDE9934F1Z5,07ABCDE9934F1Z5,Supplier 2401,Supplier 2401,INV-02401,INV-02401,2026-03-24,2026-03-24,54622,54622,9831.96,9831.96,1,1,2,EXACT_MATCH
07ABCDE1467F1Z5,07ABCDE1467F1Z5,Supplier 2402,Supplier 2402,INV-02402,INV-02402,2026-10-11,2026-10-11,25987,25987,4677.66,4677.66,1,1,2,EXACT_MATCH
07ABCDE6252F1Z5,07ABCDE6252F1Z5,Supplier 2403,Supplier 2403,INV-02403,INV-02403,2026-10-17,2026-10-17,42880,42880,7718.40,7718.40,1,1,2,EXACT_MATCH
07ABCDE9385F1Z5,07ABCDE9385F1Z5,Supplier 2404,Supplier 2404,INV-02404,INV-02404,2026-07-11,2026-07-11,76352,76352,13743.36,13743.36,1,1,2,EXACT_MATCH
07ABCDE1279F1Z5,07ABCDE1279F1Z5,Supplier 2405,Supplier 2405,INV-02405,INV-02405,2026-01-26,2026-01-26,2962,2962,533.16,533.16,1,1,2,EXACT_MATCH
07ABCDE4524F1Z5,07ABCDE4524F1Z5,Supplier 2406,Supplier 2406,INV-02406,INV-02406,2026-09-24,2026-09-24,31982,31982,5756.76,5756.76,1,1,2,EXACT_MATCH
07ABCDE1813F1Z5,07ABCDE1813F1Z5,Supplier 2407,Supplier 2407,INV-02407,INV-02407,2026-09-25,2026-09-25,79554,79554,14319.72,14319.72,1,1,2,EXACT_MATCH
07ABCDE8131F1Z5,07ABCDE8131F1Z5,Supplier 2408,Supplier 2408,INV-02408,INV-02408,2026-12-09,2026-12-09,57667,57667,10380.06,10380.06,1,1,2,EXACT_MATCH
07ABCDE5781F1Z5,07ABCDE5781F1Z5,Supplier 2409,Supplier 2409,INV-02409,INV-02409,2026-05-15,2026-05-15,17882,17882,3218.76,3218.76,1,1,2,EXACT_MATCH
07ABCDE3175F1Z5,07ABCDE3175F1Z5,Supplier 2410,Supplier 2410,INV-02410,INV-02410,2026-01-26,2026-01-26,57623,57623,10372.14,10372.14,1,1,2,EXACT_MATCH
07ABCDE2390F1Z5,07ABCDE2390F1Z5,Supplier 2411,Supplier 2411,INV-02411,INV-02411,2026-11-17,2026-11-17,19855,19855,3573.90,3573.90,1,1,2,EXACT_MATCH
07ABCDE5962F1Z5,07ABCDE5962F1Z5,Supplier 2412,Supplier 2412,INV-02412,INV-02412,2026-02-26,2026-02-26,21123,21123,3802.14,3802.14,1,1,2,EXACT_MATCH
07ABCDE3195F1Z5,07ABCDE3195F1Z5,Supplier 2413,Supplier 2413,INV-02413,INV-02413,2026-11-21,2026-11-21,7109,7109,1279.62,1279.62,1,1,2,EXACT_MATCH
07ABCDE3898F1Z5,07ABCDE3898F1Z5,Supplier 2414,Supplier 2414,INV-02414,INV-02414,2026-05-21,2026-05-21,96995,96995,17459.10,17459.10,1,1,2,EXACT_MATCH
07ABCDE7326F1Z5,07ABCDE7326F1Z5,Supplier 2415,Supplier 2415,INV-02415,INV-02415,2026-04-12,2026-04-12,14875,14875,2677.50,2677.50,1,1,2,EXACT_MATCH
07ABCDE3697F1Z5,07ABCDE3697F1Z5,Supplier 2416,Supplier 2416,INV-02416,INV-02416,2026-03-15,2026-03-15,74873,74873,13477.14,13477.14,1,1,2,EXACT_MATCH
07ABCDE7897F1Z5,07ABCDE7897F1Z5,Supplier 2417,Supplier 2417,INV-02417,INV-02417,2026-04-09,2026-04-09,76531,76531,13775.58,13775.58,1,1,2,EXACT_MATCH
07ABCDE6894F1Z5,07ABCDE6894F1Z5,Supplier 2418,Supplier 2418,INV-02418,INV-02418,2026-12-28,2026-12-28,59376,59376,10687.68,10687.68,1,1,2,EXACT_MATCH
07ABCDE6260F1Z5,07ABCDE6260F1Z5,Supplier 2419,Supplier 2419,INV-02419,INV-02419,2026-05-08,2026-05-08,2056,2056,370.08,370.08,1,1,2,EXACT_MATCH
07ABCDE1997F1Z5,07ABCDE1997F1Z5,Supplier 2420,Supplier 2420,INV-02420,INV-02420,2026-06-22,2026-06-22,25307,25307,4555.26,4555.26,1,1,2,EXACT_MATCH
07ABCDE1876F1Z5,07ABCDE1876F1Z5,Supplier 2421,Supplier 2421,INV-02421,INV-02421,2026-08-14,2026-08-14,46198,46198,8315.64,8315.64,1,1,2,EXACT_MATCH
07ABCDE5708F1Z5,07ABCDE5708F1Z5,Supplier 2422,Supplier 2422,INV-02422,INV-02422,2026-07-07,2026-07-07,9868,9868,1776.24,1776.24,1,1,2,EXACT_MATCH
07ABCDE4977F1Z5,07ABCDE4977F1Z5,Supplier 2423,Supplier 2423,INV-02423,INV-02423,2026-04-13,2026-04-13,84171,84171,15150.78,15150.78,1,1,2,EXACT_MATCH
07ABCDE7309F1Z5,07ABCDE7309F1Z5,Supplier 2424,Supplier 2424,INV-02424,INV-02424,2026-01-17,2026-01-17,69777,69777,12559.86,12559.86,1,1,2,EXACT_MATCH
07ABCDE9274F1Z5,07ABCDE9274F1Z5,Supplier 2425,Supplier 2425,INV-02425,INV-02425,2026-05-26,2026-05-26,13241,13241,2383.38,2383.38,1,1,2,EXACT_MATCH
07ABCDE8491F1Z5,07ABCDE8491F1Z5,Supplier 2426,Supplier 2426,INV-02426,INV-02426,2026-02-23,2026-02-23,2333,2333,419.94,419.94,1,1,2,EXACT_MATCH
07ABCDE3843F1Z5,07ABCDE3843F1Z5,Supplier 2427,Supplier 2427,INV-02427,INV-02427,2026-08-15,2026-08-15,75616,75616,13610.88,13610.88,1,1,2,EXACT_MATCH
07ABCDE5364F1Z5,07ABCDE5364F1Z5,Supplier 2428,Supplier 2428,INV-02428,INV-02428,2026-06-06,2026-06-06,89276,89276,16069.68,16069.68,1,1,2,EXACT_MATCH
07ABCDE9603F1Z5,07ABCDE9603F1Z5,Supplier 2429,Supplier 2429,INV-02429,INV-02429,2026-05-15,2026-05-15,4591,4591,826.38,826.38,1,1,2,EXACT_MATCH
07ABCDE2892F1Z5,07ABCDE2892F1Z5,Supplier 2430,Supplier 2430,INV-02430,INV-02430,2026-10-21,2026-10-21,52828,52828,9509.04,9509.04,1,1,2,EXACT_MATCH
07ABCDE6657F1Z5,07ABCDE6657F1Z5,Supplier 2431,Supplier 2431,INV-02431,INV-02431,2026-07-13,2026-07-13,70743,70743,12733.74,12733.74,1,1,2,EXACT_MATCH
07ABCDE1158F1Z5,07ABCDE1158F1Z5,Supplier 2432,Supplier 2432,INV-02432,INV-02432,2026-02-23,2026-02-23,55995,55995,10079.10,10079.10,1,1,2,EXACT_MATCH
07ABCDE1130F1Z5,07ABCDE1130F1Z5,Supplier 2433,Supplier 2433,INV-02433,INV-02433,2026-11-19,2026-11-19,14871,14871,2676.78,2676.78,1,1,2,EXACT_MATCH
07ABCDE3800F1Z5,07ABCDE3800F1Z5,Supplier 2434,Supplier 2434,INV-02434,INV-02434,2026-09-11,2026-09-11,48005,48005,8640.90,8640.90,1,1,2,EXACT_MATCH
07ABCDE5299F1Z5,07ABCDE5299F1Z5,Supplier 2435,Supplier 2435,INV-02435,INV-02435,2026-10-27,2026-10-27,58055,58055,10449.90,10449.90,1,1,2,EXACT_MATCH
07ABCDE4177F1Z5,07ABCDE4177F1Z5,Supplier 2436,Supplier 2436,INV-02436,INV-02436,2026-08-19,2026-08-19,67431,67431,12137.58,12137.58,1,1,2,EXACT_MATCH
07ABCDE4388F1Z5,07ABCDE4388F1Z5,Supplier 2437,Supplier 2437,INV-02437,INV-02437,2026-04-28,2026-04-28,63826,63826,11488.68,11488.68,1,1,2,EXACT_MATCH
07ABCDE1513F1Z5,07ABCDE1513F1Z5,Supplier 2438,Supplier 2438,INV-02438,INV-02438,2026-07-12,2026-07-12,94553,94553,17019.54,17019.54,1,1,2,EXACT_MATCH
07ABCDE9659F1Z5,07ABCDE9659F1Z5,Supplier 2439,Supplier 2439,INV-02439,INV-02439,2026-10-08,2026-10-08,88797,88797,15983.46,15983.46,1,1,2,EXACT_MATCH
07ABCDE7208F1Z5,07ABCDE7208F1Z5,Supplier 2440,Supplier 2440,INV-02440,INV-02440,2026-01-14,2026-01-14,23348,23348,4202.64,4202.64,1,1,2,EXACT_MATCH
07ABCDE6237F1Z5,07ABCDE6237F1Z5,Supplier 2441,Supplier 2441,INV-02441,INV-02441,2026-04-04,2026-04-04,41442,41442,7459.56,7459.56,1,1,2,EXACT_MATCH
07ABCDE2524F1Z5,07ABCDE2524F1Z5,Supplier 2442,Supplier 2442,INV-02442,INV-02442,2026-04-21,2026-04-21,33054,33054,5949.72,5949.72,1,1,2,EXACT_MATCH
07ABCDE9480F1Z5,07ABCDE9480F1Z5,Supplier 2443,Supplier 2443,INV-02443,INV-02443,2026-05-29,2026-05-29,83513,83513,15032.34,15032.34,1,1,2,EXACT_MATCH
07ABCDE1788F1Z5,07ABCDE1788F1Z5,Supplier 2444,Supplier 2444,INV-02444,INV-02444,2026-10-02,2026-10-02,75526,75526,13594.68,13594.68,1,1,2,EXACT_MATCH
07ABCDE3966F1Z5,07ABCDE3966F1Z5,Supplier 2445,Supplier 2445,INV-02445,INV-02445,2026-03-31,2026-03-31,21437,21437,3858.66,3858.66,1,1,2,EXACT_MATCH
07ABCDE7350F1Z5,07ABCDE7350F1Z5,Supplier 2446,Supplier 2446,INV-02446,INV-02446,2026-05-28,2026-05-28,14608,14608,2629.44,2629.44,1,1,2,EXACT_MATCH
07ABCDE6621F1Z5,07ABCDE6621F1Z5,Supplier 2447,Supplier 2447,INV-02447,INV-02447,2026-04-16,2026-04-16,74120,74120,13341.60,13341.60,1,1,2,EXACT_MATCH
07ABCDE8706F1Z5,07ABCDE8706F1Z5,Supplier 2448,Supplier 2448,INV-02448,INV-02448,2026-01-21,2026-01-21,27688,27688,4983.84,4983.84,1,1,2,EXACT_MATCH
07ABCDE8095F1Z5,07ABCDE8095F1Z5,Supplier 2449,Supplier 2449,INV-02449,INV-02449,2026-03-05,2026-03-05,50754,50754,9135.72,9135.72,1,1,2,EXACT_MATCH
07ABCDE4035F1Z5,07ABCDE4035F1Z5,Supplier 2450,Supplier 2450,INV-02450,INV-02450,2026-06-06,2026-06-06,53103,53103,9558.54,9558.54,1,1,2,EXACT_MATCH
07ABCDE5536F1Z5,07ABCDE5536F1Z5,Supplier 2451,Supplier 2451,INV-02451,INV-02451,2026-04-18,2026-04-18,71255,71255,12825.90,12825.90,1,1,2,EXACT_MATCH
07ABCDE7612F1Z5,07ABCDE7612F1Z5,Supplier 2452,Supplier 2452,INV-02452,INV-02452,2026-09-12,2026-09-12,70424,70424,12676.32,12676.32,1,1,2,EXACT_MATCH
07ABCDE2430F1Z5,07ABCDE2430F1Z5,Supplier 2453,Supplier 2453,INV-02453,INV-02453,2026-10-20,2026-10-20,36868,36868,6636.24,6636.24,1,1,2,EXACT_MATCH
07ABCDE7341F1Z5,07ABCDE7341F1Z5,Supplier 2454,Supplier 2454,INV-02454,INV-02454,2026-07-06,2026-07-06,32824,32824,5908.32,5908.32,1,1,2,EXACT_MATCH
07ABCDE6838F1Z5,07ABCDE6838F1Z5,Supplier 2455,Supplier 2455,INV-02455,INV-02455,2026-11-03,2026-11-03,17001,17001,3060.18,3060.18,1,1,2,EXACT_MATCH
07ABCDE9094F1Z5,07ABCDE9094F1Z5,Supplier 2456,Supplier 2456,INV-02456,INV-02456,2026-10-12,2026-10-12,43076,43076,7753.68,7753.68,1,1,2,EXACT_MATCH
07ABCDE2934F1Z5,07ABCDE2934F1Z5,Supplier 2457,Supplier 2457,INV-02457,INV-02457,2026-09-27,2026-09-27,95734,95734,17232.12,17232.12,1,1,2,EXACT_MATCH
07ABCDE5286F1Z5,07ABCDE5286F1Z5,Supplier 2458,Supplier 2458,INV-02458,INV-02458,2026-11-25,2026-11-25,51436,51436,9258.48,9258.48,1,1,2,EXACT_MATCH
07ABCDE7047F1Z5,07ABCDE7047F1Z5,Supplier 2459,Supplier 2459,INV-02459,INV-02459,2026-08-12,2026-08-12,21602,21602,3888.36,3888.36,1,1,2,EXACT_MATCH
07ABCDE6578F1Z5,07ABCDE6578F1Z5,Supplier 2460,Supplier 2460,INV-02460,INV-02460,2026-07-05,2026-07-05,81371,81371,14646.78,14646.78,1,1,2,EXACT_MATCH
07ABCDE3023F1Z5,07ABCDE3023F1Z5,Supplier 2461,Supplier 2461,INV-02461,INV-02461,2026-10-21,2026-10-21,92703,92703,16686.54,16686.54,1,1,2,EXACT_MATCH
07ABCDE2228F1Z5,07ABCDE2228F1Z5,Supplier 2462,Supplier 2462,INV-02462,INV-02462,2026-01-05,2026-01-05,42391,42391,7630.38,7630.38,1,1,2,EXACT_MATCH
07ABCDE6358F1Z5,07ABCDE6358F1Z5,Supplier 2463,Supplier 2463,INV-02463,INV-02463,2026-09-19,2026-09-19,35175,35175,6331.50,6331.50,1,1,2,EXACT_MATCH
07ABCDE2575F1Z5,07ABCDE2575F1Z5,Supplier 2464,Supplier 2464,INV-02464,INV-02464,2026-12-15,2026-12-15,37697,37697,6785.46,6785.46,1,1,2,EXACT_MATCH
07ABCDE6657F1Z5,07ABCDE6657F1Z5,Supplier 2465,Supplier 2465,INV-02465,INV-02465,2026-11-23,2026-11-23,47079,47079,8474.22,8474.22,1,1,2,EXACT_MATCH
07ABCDE1510F1Z5,07ABCDE1510F1Z5,Supplier 2466,Supplier 2466,INV-02466,INV-02466,2026-05-12,2026-05-12,90517,90517,16293.06,16293.06,1,1,2,EXACT_MATCH
07ABCDE8444F1Z5,07ABCDE8444F1Z5,Supplier 2467,Supplier 2467,INV-02467,INV-02467,2026-02-24,2026-02-24,50289,50289,9052.02,9052.02,1,1,2,EXACT_MATCH
07ABCDE7705F1Z5,07ABCDE7705F1Z5,Supplier 2468,Supplier 2468,INV-02468,INV-02468,2026-09-10,2026-09-10,89082,89082,16034.76,16034.76,1,1,2,EXACT_MATCH
07ABCDE6801F1Z5,07ABCDE6801F1Z5,Supplier 2469,Supplier 2469,INV-02469,INV-02469,2026-08-05,2026-08-05,93986,93986,16917.48,16917.48,1,1,2,EXACT_MATCH
07ABCDE6055F1Z5,07ABCDE6055F1Z5,Supplier 2470,Supplier 2470,INV-02470,INV-02470,2026-11-29,2026-11-29,70184,70184,12633.12,12633.12,1,1,2,EXACT_MATCH
07ABCDE9478F1Z5,07ABCDE9478F1Z5,Supplier 2471,Supplier 2471,INV-02471,INV-02471,2026-10-15,2026-10-15,4647,4647,836.46,836.46,1,1,2,EXACT_MATCH
07ABCDE5348F1Z5,07ABCDE5348F1Z5,Supplier 2472,Supplier 2472,INV-02472,INV-02472,2026-02-26,2026-02-26,91763,91763,16517.34,16517.34,1,1,2,EXACT_MATCH
07ABCDE4654F1Z5,07ABCDE4654F1Z5,Supplier 2473,Supplier 2473,INV-02473,INV-02473,2026-04-23,2026-04-23,72292,72292,13012.56,13012.56,1,1,2,EXACT_MATCH
07ABCDE1294F1Z5,07ABCDE1294F1Z5,Supplier 2474,Supplier 2474,INV-02474,INV-02474,2026-03-09,2026-03-09,65837,65837,11850.66,11850.66,1,1,2,EXACT_MATCH
07ABCDE7162F1Z5,07ABCDE7162F1Z5,Supplier 2475,Supplier 2475,INV-02475,INV-02475,2026-07-15,2026-07-15,50858,50858,9154.44,9154.44,1,1,2,EXACT_MATCH
07ABCDE9354F1Z5,07ABCDE9354F1Z5,Supplier 2476,Supplier 2476,INV-02476,INV-02476,2026-06-11,2026-06-11,26450,26450,4761.00,4761.00,1,1,2,EXACT_MATCH
07ABCDE2664F1Z5,07ABCDE2664F1Z5,Supplier 2477,Supplier 2477,INV-02477,INV-02477,2026-09-16,2026-09-16,31289,31289,5632.02,5632.02,1,1,2,EXACT_MATCH
07ABCDE5469F1Z5,07ABCDE5469F1Z5,Supplier 2478,Supplier 2478,INV-02478,INV-02478,2026-05-18,2026-05-18,54353,54353,9783.54,9783.54,1,1,2,EXACT_MATCH
07ABCDE1324F1Z5,07ABCDE1324F1Z5,Supplier 2479,Supplier 2479,INV-02479,INV-02479,2026-06-06,2026-06-06,58141,58141,10465.38,10465.38,1,1,2,EXACT_MATCH
07ABCDE9825F1Z5,07ABCDE9825F1Z5,Supplier 2480,Supplier 2480,INV-02480,INV-02480,2026-05-11,2026-05-11,9633,9633,1733.94,1733.94,1,1,2,EXACT_MATCH
07ABCDE1126F1Z5,07ABCDE1126F1Z5,Supplier 2481,Supplier 2481,INV-02481,INV-02481,2026-02-27,2026-02-27,89667,89667,16140.06,16140.06,1,1,2,EXACT_MATCH
07ABCDE1550F1Z5,07ABCDE1550F1Z5,Supplier 2482,Supplier 2482,INV-02482,INV-02482,2026-12-14,2026-12-14,77045,77045,13868.10,13868.10,1,1,2,EXACT_MATCH
07ABCDE7992F1Z5,07ABCDE7992F1Z5,Supplier 2483,Supplier 2483,INV-02483,INV-02483,2026-09-17,2026-09-17,80229,80229,14441.22,14441.22,1,1,2,EXACT_MATCH
07ABCDE6316F1Z5,07ABCDE6316F1Z5,Supplier 2484,Supplier 2484,INV-02484,INV-02484,2026-08-09,2026-08-09,33704,33704,6066.72,6066.72,1,1,2,EXACT_MATCH
07ABCDE6669F1Z5,07ABCDE6669F1Z5,Supplier 2485,Supplier 2485,INV-02485,INV-02485,2026-11-24,2026-11-24,1134,1134,204.12,204.12,1,1,2,EXACT_MATCH
07ABCDE4043F1Z5,07ABCDE4043F1Z5,Supplier 2486,Supplier 2486,INV-02486,INV-02486,2026-10-13,2026-10-13,71830,71830,12929.40,12929.40,1,1,2,EXACT_MATCH
07ABCDE9831F1Z5,07ABCDE9831F1Z5,Supplier 2487,Supplier 2487,INV-02487,INV-02487,2026-07-29,2026-07-29,89783,89783,16160.94,16160.94,1,1,2,EXACT_MATCH
07ABCDE8957F1Z5,07ABCDE8957F1Z5,Supplier 2488,Supplier 2488,INV-02488,INV-02488,2026-09-06,2026-09-06,23407,23407,4213.26,4213.26,1,1,2,EXACT_MATCH
07ABCDE1342F1Z5,07ABCDE1342F1Z5,Supplier 2489,Supplier 2489,INV-02489,INV-02489,2026-07-24,2026-07-24,70440,70440,12679.20,12679.20,1,1,2,EXACT_MATCH
07ABCDE3368F1Z5,07ABCDE3368F1Z5,Supplier 2490,Supplier 2490,INV-02490,INV-02490,2026-09-16,2026-09-16,45014,45014,8102.52,8102.52,1,1,2,EXACT_MATCH
07ABCDE4531F1Z5,07ABCDE4531F1Z5,Supplier 2491,Supplier 2491,INV-02491,INV-02491,2026-02-03,2026-02-03,90274,90274,16249.32,16249.32,1,1,2,EXACT_MATCH
07ABCDE3427F1Z5,07ABCDE3427F1Z5,Supplier 2492,Supplier 2492,INV-02492,INV-02492,2026-08-20,2026-08-20,57295,57295,10313.10,10313.10,1,1,2,EXACT_MATCH
07ABCDE2285F1Z5,07ABCDE2285F1Z5,Supplier 2493,Supplier 2493,INV-02493,INV-02493,2026-10-03,2026-10-03,79196,79196,14255.28,14255.28,1,1,2,EXACT_MATCH
07ABCDE3667F1Z5,07ABCDE3667F1Z5,Supplier 2494,Supplier 2494,INV-02494,INV-02494,2026-05-29,2026-05-29,10623,10623,1912.14,1912.14,1,1,2,EXACT_MATCH
07ABCDE3023F1Z5,07ABCDE3023F1Z5,Supplier 2495,Supplier 2495,INV-02495,INV-02495,2026-02-18,2026-02-18,24304,24304,4374.72,4374.72,1,1,2,EXACT_MATCH
07ABCDE3657F1Z5,07ABCDE3657F1Z5,Supplier 2496,Supplier 2496,INV-02496,INV-02496,2026-03-13,2026-03-13,41799,41799,7523.82,7523.82,1,1,2,EXACT_MATCH
07ABCDE6322F1Z5,07ABCDE6322F1Z5,Supplier 2497,Supplier 2497,INV-02497,INV-02497,2026-02-14,2026-02-14,58211,58211,10477.98,10477.98,1,1,2,EXACT_MATCH
07ABCDE5738F1Z5,07ABCDE5738F1Z5,Supplier 2498,Supplier 2498,INV-02498,INV-02498,2026-04-08,2026-04-08,56926,56926,10246.68,10246.68,1,1,2,EXACT_MATCH
07ABCDE2297F1Z5,07ABCDE2297F1Z5,Supplier 2499,Supplier 2499,INV-02499,INV-02499,2026-06-06,2026-06-06,91273,91273,16429.14,16429.14,1,1,2,EXACT_MATCH
07ABCDE8510F1Z5,07ABCDE8510F1Z5,Fuzzy Supplier 0,Fuzzy Supplier 0 Pvt Ltd,INV-00000,INV00000,2026-11-08,2026-11-09,22466,22466,4043.88,4042.88,1,1,2,FUZZY_MATCH
07ABCDE7563F1Z5,07ABCDE7563F1Z5,Fuzzy Supplier 1,Fuzzy Supplier 1 Pvt Ltd,INV-00001,INV00001,2026-12-29,2026-12-28,83576,83576,15043.68,15044.68,1,1,2,FUZZY_MATCH
07ABCDE9743F1Z5,07ABCDE9743F1Z5,Fuzzy Supplier 2,Fuzzy Supplier 2 Pvt Ltd,INV-00002,inv-00002A,2026-08-15,2026-08-16,7926,7926,1426.68,1427.68,1,1,2,FUZZY_MATCH
07ABCDE9554F1Z5,07ABCDE9554F1Z5,Fuzzy Supplier 3,Fuzzy Supplier 3 Pvt Ltd,INV-00003,inv-00003,2026-08-28,2026-08-28,29945,29945,5390.10,5391.10,1,1,2,FUZZY_MATCH
07ABCDE9699F1Z5,07ABCDE9699F1Z5,Fuzzy Supplier 4,Fuzzy Supplier 4 Pvt Ltd,INV-00004,inv-00004A,2026-09-18,2026-09-18,69365,69365,12485.70,12486.70,1,1,2,FUZZY_MATCH
07ABCDE7437F1Z5,07ABCDE7437F1Z5,Fuzzy Supplier 5,Fuzzy Supplier 5 Pvt Ltd,INV-00005,inv-00005,2026-06-19,2026-06-20,43945,43945,7910.10,7909.10,1,1,2,FUZZY_MATCH
07ABCDE5501F1Z5,07ABCDE5501F1Z5,Fuzzy Supplier 6,Fuzzy Supplier 6 Pvt Ltd,INV-00006,inv-00006,2026-02-15,2026-02-14,34121,34121,6141.78,6140.78,1,1,2,FUZZY_MATCH
07ABCDE6501F1Z5,07ABCDE6501F1Z5,Fuzzy Supplier 7,Fuzzy Supplier 7 Pvt Ltd,INV-00007,INV00007A,2026-06-09,2026-06-08,2435,2435,438.30,438.30,1,1,2,FUZZY_MATCH
07ABCDE9321F1Z5,07ABCDE9321F1Z5,Fuzzy Supplier 8,Fuzzy Supplier 8 Pvt Ltd,INV-00008,inv-00008A,2026-02-20,2026-02-21,87954,87954,15831.72,15832.72,1,1,2,FUZZY_MATCH
07ABCDE3235F1Z5,07ABCDE3235F1Z5,Fuzzy Supplier 9,Fuzzy Supplier 9 Pvt Ltd,INV-00009,inv-00009A,2026-02-21,2026-02-21,89080,89080,16034.40,16034.40,1,1,2,FUZZY_MATCH
07ABCDE8119F1Z5,07ABCDE8119F1Z5,Fuzzy Supplier 10,Fuzzy Supplier 10 Pvt Ltd,INV-00010,inv-00010,2026-09-21,2026-09-20,3160,3160,568.80,567.80,1,1,2,FUZZY_MATCH
07ABCDE5251F1Z5,07ABCDE5251F1Z5,Fuzzy Supplier 11,Fuzzy Supplier 11 Pvt Ltd,INV-00011,inv-00011,2026-07-07,2026-07-08,19931,19931,3587.58,3587.58,1,1,2,FUZZY_MATCH
07ABCDE2546F1Z5,07ABCDE2546F1Z5,Fuzzy Supplier 12,Fuzzy Supplier 12 Pvt Ltd,INV-00012,INV00012,2026-02-15,2026-02-15,79715,79715,14348.70,14348.70,1,1,2,FUZZY_MATCH
07ABCDE6029F1Z5,07ABCDE6029F1Z5,Fuzzy Supplier 13,Fuzzy Supplier 13 Pvt Ltd,INV-00013,INV00013A,2026-07-01,2026-06-30,92640,92640,16675.20,16675.20,1,1,2,FUZZY_MATCH
07ABCDE1035F1Z5,07ABCDE1035F1Z5,Fuzzy Supplier 14,Fuzzy Supplier 14 Pvt Ltd,INV-00014,inv-00014A,2026-12-04,2026-12-04,48545,48545,8738.10,8737.10,1,1,2,FUZZY_MATCH
07ABCDE8977F1Z5,07ABCDE8977F1Z5,Fuzzy Supplier 15,Fuzzy Supplier 15 Pvt Ltd,INV-00015,inv-00015,2026-08-24,2026-08-24,63298,63298,11393.64,11393.64,1,1,2,FUZZY_MATCH
07ABCDE9564F1Z5,07ABCDE9564F1Z5,Fuzzy Supplier 16,Fuzzy Supplier 16 Pvt Ltd,INV-00016,inv-00016A,2026-05-21,2026-05-20,59492,59492,10708.56,10708.56,1,1,2,FUZZY_MATCH
07ABCDE1123F1Z5,07ABCDE1123F1Z5,Fuzzy Supplier 17,Fuzzy Supplier 17 Pvt Ltd,INV-00017,inv-00017,2026-09-16,2026-09-16,72103,72103,12978.54,12977.54,1,1,2,FUZZY_MATCH
07ABCDE9740F1Z5,07ABCDE9740F1Z5,Fuzzy Supplier 18,Fuzzy Supplier 18 Pvt Ltd,INV-00018,INV00018,2026-10-07,2026-10-07,99538,99538,17916.84,17915.84,1,1,2,FUZZY_MATCH
07ABCDE9992F1Z5,07ABCDE9992F1Z5,Fuzzy Supplier 19,Fuzzy Supplier 19 Pvt Ltd,INV-00019,INV00019A,2026-01-28,2026-01-28,32061,32061,5770.98,5769.98,1,1,2,FUZZY_MATCH
07ABCDE4592F1Z5,07ABCDE4592F1Z5,Fuzzy Supplier 20,Fuzzy Supplier 20 Pvt Ltd,INV-00020,inv-00020,2026-08-13,2026-08-12,16840,16840,3031.20,3031.20,1,1,2,FUZZY_MATCH
07ABCDE6032F1Z5,07ABCDE6032F1Z5,Fuzzy Supplier 21,Fuzzy Supplier 21 Pvt Ltd,INV-00021,INV00021,2026-03-03,2026-03-03,70089,70089,12616.02,12615.02,1,1,2,FUZZY_MATCH
07ABCDE2561F1Z5,07ABCDE2561F1Z5,Fuzzy Supplier 22,Fuzzy Supplier 22 Pvt Ltd,INV-00022,inv-00022,2026-04-19,2026-04-20,41243,41243,7423.74,7424.74,1,1,2,FUZZY_MATCH
07ABCDE4527F1Z5,07ABCDE4527F1Z5,Fuzzy Supplier 23,Fuzzy Supplier 23 Pvt Ltd,INV-00023,INV00023,2026-02-10,2026-02-10,8840,8840,1591.20,1591.20,1,1,2,FUZZY_MATCH
07ABCDE9826F1Z5,07ABCDE9826F1Z5,Fuzzy Supplier 24,Fuzzy Supplier 24 Pvt Ltd,INV-00024,inv-00024,2026-07-17,2026-07-17,77176,77176,13891.68,13892.68,1,1,2,FUZZY_MATCH
07ABCDE8495F1Z5,07ABCDE8495F1Z5,Fuzzy Supplier 25,Fuzzy Supplier 25 Pvt Ltd,INV-00025,inv-00025A,2026-10-31,2026-10-30,11635,11635,2094.30,2095.30,1,1,2,FUZZY_MATCH
07ABCDE7502F1Z5,07ABCDE7502F1Z5,Fuzzy Supplier 26,Fuzzy Supplier 26 Pvt Ltd,INV-00026,inv-00026,2026-06-06,2026-06-07,68709,68709,12367.62,12367.62,1,1,2,FUZZY_MATCH
07ABCDE5940F1Z5,07ABCDE5940F1Z5,Fuzzy Supplier 27,Fuzzy Supplier 27 Pvt Ltd,INV-00027,inv-00027,2026-05-01,2026-04-30,57378,57378,10328.04,10327.04,1,1,2,FUZZY_MATCH
07ABCDE7493F1Z5,07ABCDE7493F1Z5,Fuzzy Supplier 28,Fuzzy Supplier 28 Pvt Ltd,INV-00028,inv-00028,2026-06-19,2026-06-20,93022,93022,16743.96,16742.96,1,1,2,FUZZY_MATCH
07ABCDE4614F1Z5,07ABCDE4614F1Z5,Fuzzy Supplier 29,Fuzzy Supplier 29 Pvt Ltd,INV-00029,inv-00029,2026-01-19,2026-01-19,30611,30611,5509.98,5509.98,1,1,2,FUZZY_MATCH
07ABCDE4930F1Z5,07ABCDE4930F1Z5,Fuzzy Supplier 30,Fuzzy Supplier 30 Pvt Ltd,INV-00030,INV00030,2026-03-13,2026-03-13,91422,91422,16455.96,16455.96,1,1,2,FUZZY_MATCH
07ABCDE5111F1Z5,07ABCDE5111F1Z5,Fuzzy Supplier 31,Fuzzy Supplier 31 Pvt Ltd,INV-00031,INV00031,2026-12-06,2026-12-06,19696,19696,3545.28,3546.28,1,1,2,FUZZY_MATCH
07ABCDE8103F1Z5,07ABCDE8103F1Z5,Fuzzy Supplier 32,Fuzzy Supplier 32 Pvt Ltd,INV-00032,INV00032,2026-01-23,2026-01-23,28733,28733,5171.94,5172.94,1,1,2,FUZZY_MATCH
07ABCDE5746F1Z5,07ABCDE5746F1Z5,Fuzzy Supplier 33,Fuzzy Supplier 33 Pvt Ltd,INV-00033,INV00033,2026-05-18,2026-05-18,66152,66152,11907.36,11908.36,1,1,2,FUZZY_MATCH
07ABCDE6838F1Z5,07ABCDE6838F1Z5,Fuzzy Supplier 34,Fuzzy Supplier 34 Pvt Ltd,INV-00034,inv-00034,2026-03-27,2026-03-26,80343,80343,14461.74,14460.74,1,1,2,FUZZY_MATCH
07ABCDE6547F1Z5,07ABCDE6547F1Z5,Fuzzy Supplier 35,Fuzzy Supplier 35 Pvt Ltd,INV-00035,INV00035,2026-10-22,2026-10-23,51537,51537,9276.66,9277.66,1,1,2,FUZZY_MATCH
07ABCDE6944F1Z5,07ABCDE6944F1Z5,Fuzzy Supplier 36,Fuzzy Supplier 36 Pvt Ltd,INV-00036,inv-00036,2026-07-27,2026-07-27,91182,91182,16412.76,16412.76,1,1,2,FUZZY_MATCH
07ABCDE9775F1Z5,07ABCDE9775F1Z5,Fuzzy Supplier 37,Fuzzy Supplier 37 Pvt Ltd,INV-00037,INV00037,2026-05-16,2026-05-15,31523,31523,5674.14,5673.14,1,1,2,FUZZY_MATCH
07ABCDE4086F1Z5,07ABCDE4086F1Z5,Fuzzy Supplier 38,Fuzzy Supplier 38 Pvt Ltd,INV-00038,inv-00038,2026-09-13,2026-09-14,41111,41111,7399.98,7399.98,1,1,2,FUZZY_MATCH
07ABCDE2078F1Z5,07ABCDE2078F1Z5,Fuzzy Supplier 39,Fuzzy Supplier 39 Pvt Ltd,INV-00039,INV00039,2026-10-18,2026-10-18,12855,12855,2313.90,2314.90,1,1,2,FUZZY_MATCH
07ABCDE5079F1Z5,07ABCDE5079F1Z5,Fuzzy Supplier 40,Fuzzy Supplier 40 Pvt Ltd,INV-00040,INV00040,2026-04-05,2026-04-05,47821,47821,8607.78,8607.78,1,1,2,FUZZY_MATCH
07ABCDE5331F1Z5,07ABCDE5331F1Z5,Fuzzy Supplier 41,Fuzzy Supplier 41 Pvt Ltd,INV-00041,INV00041A,2026-10-10,2026-10-10,72013,72013,12962.34,12961.34,1,1,2,FUZZY_MATCH
07ABCDE8959F1Z5,07ABCDE8959F1Z5,Fuzzy Supplier 42,Fuzzy Supplier 42 Pvt Ltd,INV-00042,INV00042,2026-01-08,2026-01-08,1439,1439,259.02,258.02,1,1,2,FUZZY_MATCH
07ABCDE8865F1Z5,07ABCDE8865F1Z5,Fuzzy Supplier 43,Fuzzy Supplier 43 Pvt Ltd,INV-00043,INV00043,2026-04-17,2026-04-17,11909,11909,2143.62,2143.62,1,1,2,FUZZY_MATCH
07ABCDE3175F1Z5,07ABCDE3175F1Z5,Fuzzy Supplier 44,Fuzzy Supplier 44 Pvt Ltd,INV-00044,INV00044,2026-04-21,2026-04-20,86624,86624,15592.32,15591.32,1,1,2,FUZZY_MATCH
07ABCDE9188F1Z5,07ABCDE9188F1Z5,Fuzzy Supplier 45,Fuzzy Supplier 45 Pvt Ltd,INV-00045,INV00045,2026-09-13,2026-09-13,48567,48567,8742.06,8743.06,1,1,2,FUZZY_MATCH
07ABCDE2480F1Z5,07ABCDE2480F1Z5,Fuzzy Supplier 46,Fuzzy Supplier 46 Pvt Ltd,INV-00046,inv-00046,2026-08-27,2026-08-26,3752,3752,675.36,676.36,1,1,2,FUZZY_MATCH
07ABCDE9684F1Z5,07ABCDE9684F1Z5,Fuzzy Supplier 47,Fuzzy Supplier 47 Pvt Ltd,INV-00047,INV00047,2026-11-13,2026-11-12,85483,85483,15386.94,15387.94,1,1,2,FUZZY_MATCH
07ABCDE6614F1Z5,07ABCDE6614F1Z5,Fuzzy Supplier 48,Fuzzy Supplier 48 Pvt Ltd,INV-00048,inv-00048,2026-02-27,2026-02-27,97693,97693,17584.74,17584.74,1,1,2,FUZZY_MATCH
07ABCDE8909F1Z5,07ABCDE8909F1Z5,Fuzzy Supplier 49,Fuzzy Supplier 49 Pvt Ltd,INV-00049,inv-00049,2026-06-01,2026-05-31,13043,13043,2347.74,2346.74,1,1,2,FUZZY_MATCH
07ABCDE1578F1Z5,07ABCDE1578F1Z5,Fuzzy Supplier 50,Fuzzy Supplier 50 Pvt Ltd,INV-00050,INV00050,2026-04-21,2026-04-22,24958,24958,4492.44,4491.44,1,1,2,FUZZY_MATCH
07ABCDE2981F1Z5,07ABCDE2981F1Z5,Fuzzy Supplier 51,Fuzzy Supplier 51 Pvt Ltd,INV-00051,INV00051,2026-04-01,2026-04-01,33469,33469,6024.42,6024.42,1,1,2,FUZZY_MATCH
07ABCDE2798F1Z5,07ABCDE2798F1Z5,Fuzzy Supplier 52,Fuzzy Supplier 52 Pvt Ltd,INV-00052,inv-00052A,2026-01-31,2026-01-31,80078,80078,14414.04,14414.04,1,1,2,FUZZY_MATCH
07ABCDE2497F1Z5,07ABCDE2497F1Z5,Fuzzy Supplier 53,Fuzzy Supplier 53 Pvt Ltd,INV-00053,inv-00053A,2026-11-22,2026-11-22,57560,57560,10360.80,10361.80,1,1,2,FUZZY_MATCH
07ABCDE9083F1Z5,07ABCDE9083F1Z5,Fuzzy Supplier 54,Fuzzy Supplier 54 Pvt Ltd,INV-00054,INV00054,2026-04-07,2026-04-07,27905,27905,5022.90,5021.90,1,1,2,FUZZY_MATCH
07ABCDE1056F1Z5,07ABCDE1056F1Z5,Fuzzy Supplier 55,Fuzzy Supplier 55 Pvt Ltd,INV-00055,inv-00055,2026-10-25,2026-10-24,59102,59102,10638.36,10637.36,1,1,2,FUZZY_MATCH
07ABCDE5692F1Z5,07ABCDE5692F1Z5,Fuzzy Supplier 56,Fuzzy Supplier 56 Pvt Ltd,INV-00056,INV00056,2026-07-12,2026-07-12,18833,18833,3389.94,3390.94,1,1,2,FUZZY_MATCH
07ABCDE6795F1Z5,07ABCDE6795F1Z5,Fuzzy Supplier 57,Fuzzy Supplier 57 Pvt Ltd,INV-00057,INV00057,2026-01-28,2026-01-29,56078,56078,10094.04,10094.04,1,1,2,FUZZY_MATCH
07ABCDE6014F1Z5,07ABCDE6014F1Z5,Fuzzy Supplier 58,Fuzzy Supplier 58 Pvt Ltd,INV-00058,INV00058,2026-12-01,2026-12-01,60244,60244,10843.92,10842.92,1,1,2,FUZZY_MATCH
07ABCDE8659F1Z5,07ABCDE8659F1Z5,Fuzzy Supplier 59,Fuzzy Supplier 59 Pvt Ltd,INV-00059,INV00059,2026-02-02,2026-02-02,16739,16739,3013.02,3012.02,1,1,2,FUZZY_MATCH
07ABCDE5859F1Z5,07ABCDE5859F1Z5,Fuzzy Supplier 60,Fuzzy Supplier 60 Pvt Ltd,INV-00060,inv-00060,2026-11-28,2026-11-28,77416,77416,13934.88,13933.88,1,1,2,FUZZY_MATCH
07ABCDE4057F1Z5,07ABCDE4057F1Z5,Fuzzy Supplier 61,Fuzzy Supplier 61 Pvt Ltd,INV-00061,inv-00061,2026-11-15,2026-11-15,59033,59033,10625.94,10624.94,1,1,2,FUZZY_MATCH
07ABCDE1809F1Z5,07ABCDE1809F1Z5,Fuzzy Supplier 62,Fuzzy Supplier 62 Pvt Ltd,INV-00062,INV00062,2026-01-21,2026-01-21,13470,13470,2424.60,2424.60,1,1,2,FUZZY_MATCH
07ABCDE2312F1Z5,07ABCDE2312F1Z5,Fuzzy Supplier 63,Fuzzy Supplier 63 Pvt Ltd,INV-00063,INV00063,2026-09-25,2026-09-25,52728,52728,9491.04,9492.04,1,1,2,FUZZY_MATCH
07ABCDE9991F1Z5,07ABCDE9991F1Z5,Fuzzy Supplier 64,Fuzzy Supplier 64 Pvt Ltd,INV-00064,INV00064,2026-06-02,2026-06-03,1881,1881,338.58,337.58,1,1,2,FUZZY_MATCH
07ABCDE1464F1Z5,07ABCDE1464F1Z5,Fuzzy Supplier 65,Fuzzy Supplier 65 Pvt Ltd,INV-00065,INV00065,2026-08-03,2026-08-03,78221,78221,14079.78,14079.78,1,1,2,FUZZY_MATCH
07ABCDE1590F1Z5,07ABCDE1590F1Z5,Fuzzy Supplier 66,Fuzzy Supplier 66 Pvt Ltd,INV-00066,INV00066,2026-04-03,2026-04-02,26175,26175,4711.50,4711.50,1,1,2,FUZZY_MATCH
07ABCDE2711F1Z5,07ABCDE2711F1Z5,Fuzzy Supplier 67,Fuzzy Supplier 67 Pvt Ltd,INV-00067,inv-00067,2026-05-24,2026-05-23,87842,87842,15811.56,15812.56,1,1,2,FUZZY_MATCH
07ABCDE2134F1Z5,07ABCDE2134F1Z5,Fuzzy Supplier 68,Fuzzy Supplier 68 Pvt Ltd,INV-00068,INV00068,2026-11-12,2026-11-12,69996,69996,12599.28,12598.28,1,1,2,FUZZY_MATCH
07ABCDE7776F1Z5,07ABCDE7776F1Z5,Fuzzy Supplier 69,Fuzzy Supplier 69 Pvt Ltd,INV-00069,inv-00069A,2026-06-10,2026-06-09,52083,52083,9374.94,9373.94,1,1,2,FUZZY_MATCH
07ABCDE4518F1Z5,07ABCDE4518F1Z5,Fuzzy Supplier 70,Fuzzy Supplier 70 Pvt Ltd,INV-00070,inv-00070,2026-11-01,2026-11-01,43598,43598,7847.64,7846.64,1,1,2,FUZZY_MATCH
07ABCDE2717F1Z5,07ABCDE2717F1Z5,Fuzzy Supplier 71,Fuzzy Supplier 71 Pvt Ltd,INV-00071,INV00071,2026-09-06,2026-09-06,92459,92459,16642.62,16643.62,1,1,2,FUZZY_MATCH
07ABCDE3143F1Z5,07ABCDE3143F1Z5,Fuzzy Supplier 72,Fuzzy Supplier 72 Pvt Ltd,INV-00072,inv-00072,2026-09-26,2026-09-26,80209,80209,14437.62,14438.62,1,1,2,FUZZY_MATCH
07ABCDE8221F1Z5,07ABCDE8221F1Z5,Fuzzy Supplier 73,Fuzzy Supplier 73 Pvt Ltd,INV-00073,inv-00073,2026-02-14,2026-02-14,45904,45904,8262.72,8261.72,1,1,2,FUZZY_MATCH
07ABCDE8524F1Z5,07ABCDE8524F1Z5,Fuzzy Supplier 74,Fuzzy Supplier 74 Pvt Ltd,INV-00074,INV00074,2026-01-18,2026-01-19,46680,46680,8402.40,8401.40,1,1,2,FUZZY_MATCH
07ABCDE2007F1Z5,07ABCDE2007F1Z5,Fuzzy Supplier 75,Fuzzy Supplier 75 Pvt Ltd,INV-00075,inv-00075,2026-06-13,2026-06-13,52281,52281,9410.58,9410.58,1,1,2,FUZZY_MATCH
07ABCDE6809F1Z5,07ABCDE6809F1Z5,Fuzzy Supplier 76,Fuzzy Supplier 76 Pvt Ltd,INV-00076,inv-00076,2026-01-05,2026-01-05,81658,81658,14698.44,14698.44,1,1,2,FUZZY_MATCH
07ABCDE7498F1Z5,07ABCDE7498F1Z5,Fuzzy Supplier 77,Fuzzy Supplier 77 Pvt Ltd,INV-00077,inv-00077A,2026-09-03,2026-09-03,29389,29389,5290.02,5290.02,1,1,2,FUZZY_MATCH
07ABCDE5599F1Z5,07ABCDE5599F1Z5,Fuzzy Supplier 78,Fuzzy Supplier 78 Pvt Ltd,INV-00078,inv-00078,2026-04-21,2026-04-21,32780,32780,5900.40,5900.40,1,1,2,FUZZY_MATCH
07ABCDE5136F1Z5,07ABCDE5136F1Z5,Fuzzy Supplier 79,Fuzzy Supplier 79 Pvt Ltd,INV-00079,INV00079,2026-03-15,2026-03-15,83456,83456,15022.08,15023.08,1,1,2,FUZZY_MATCH
07ABCDE4011F1Z5,07ABCDE4011F1Z5,Fuzzy Supplier 80,Fuzzy Supplier 80 Pvt Ltd,INV-00080,inv-00080,2026-08-19,2026-08-19,86711,86711,15607.98,15606.98,1,1,2,FUZZY_MATCH
07ABCDE5418F1Z5,07ABCDE5418F1Z5,Fuzzy Supplier 81,Fuzzy Supplier 81 Pvt Ltd,INV-00081,INV00081,2026-01-18,2026-01-18,77769,77769,13998.42,13998.42,1,1,2,FUZZY_MATCH
07ABCDE2511F1Z5,07ABCDE2511F1Z5,Fuzzy Supplier 82,Fuzzy Supplier 82 Pvt Ltd,INV-00082,INV00082A,2026-05-02,2026-05-02,73328,73328,13199.04,13198.04,1,1,2,FUZZY_MATCH
07ABCDE5167F1Z5,07ABCDE5167F1Z5,Fuzzy Supplier 83,Fuzzy Supplier 83 Pvt Ltd,INV-00083,INV00083,2026-07-09,2026-07-10,92848,92848,16712.64,16713.64,1,1,2,FUZZY_MATCH
07ABCDE2827F1Z5,07ABCDE2827F1Z5,Fuzzy Supplier 84,Fuzzy Supplier 84 Pvt Ltd,INV-00084,INV00084,2026-12-24,2026-12-24,49317,49317,8877.06,8878.06,1,1,2,FUZZY_MATCH
07ABCDE9578F1Z5,07ABCDE9578F1Z5,Fuzzy Supplier 85,Fuzzy Supplier 85 Pvt Ltd,INV-00085,INV00085A,2026-11-07,2026-11-07,62503,62503,11250.54,11250.54,1,1,2,FUZZY_MATCH
07ABCDE1418F1Z5,07ABCDE1418F1Z5,Fuzzy Supplier 86,Fuzzy Supplier 86 Pvt Ltd,INV-00086,inv-00086A,2026-09-11,2026-09-10,35916,35916,6464.88,6465.88,1,1,2,FUZZY_MATCH
07ABCDE5488F1Z5,07ABCDE5488F1Z5,Fuzzy Supplier 87,Fuzzy Supplier 87 Pvt Ltd,INV-00087,INV00087,2026-12-01,2026-12-01,16580,16580,2984.40,2985.40,1,1,2,FUZZY_MATCH
07ABCDE9336F1Z5,07ABCDE9336F1Z5,Fuzzy Supplier 88,Fuzzy Supplier 88 Pvt Ltd,INV-00088,inv-00088,2026-12-07,2026-12-07,37874,37874,6817.32,6816.32,1,1,2,FUZZY_MATCH
07ABCDE5816F1Z5,07ABCDE5816F1Z5,Fuzzy Supplier 89,Fuzzy Supplier 89 Pvt Ltd,INV-00089,inv-00089,2026-06-25,2026-06-24,51225,51225,9220.50,9219.50,1,1,2,FUZZY_MATCH
07ABCDE5643F1Z5,07ABCDE5643F1Z5,Fuzzy Supplier 90,Fuzzy Supplier 90 Pvt Ltd,INV-00090,INV00090A,2026-08-11,2026-08-11,70173,70173,12631.14,12630.14,1,1,2,FUZZY_MATCH
07ABCDE6956F1Z5,07ABCDE6956F1Z5,Fuzzy Supplier 91,Fuzzy Supplier 91 Pvt Ltd,INV-00091,INV00091,2026-12-19,2026-12-18,9465,9465,1703.70,1702.70,1,1,2,FUZZY_MATCH
07ABCDE5817F1Z5,07ABCDE5817F1Z5,Fuzzy Supplier 92,Fuzzy Supplier 92 Pvt Ltd,INV-00092,INV00092A,2026-01-05,2026-01-04,93448,93448,16820.64,16819.64,1,1,2,FUZZY_MATCH
07ABCDE1474F1Z5,07ABCDE1474F1Z5,Fuzzy Supplier 93,Fuzzy Supplier 93 Pvt Ltd,INV-00093,inv-00093,2026-12-24,2026-12-25,83481,83481,15026.58,15025.58,1,1,2,FUZZY_MATCH
07ABCDE3800F1Z5,07ABCDE3800F1Z5,Fuzzy Supplier 94,Fuzzy Supplier 94 Pvt Ltd,INV-00094,INV00094,2026-08-12,2026-08-12,82445,82445,14840.10,14839.10,1,1,2,FUZZY_MATCH
07ABCDE4224F1Z5,07ABCDE4224F1Z5,Fuzzy Supplier 95,Fuzzy Supplier 95 Pvt Ltd,INV-00095,inv-00095,2026-02-15,2026-02-15,92131,92131,16583.58,16582.58,1,1,2,FUZZY_MATCH
07ABCDE3263F1Z5,07ABCDE3263F1Z5,Fuzzy Supplier 96,Fuzzy Supplier 96 Pvt Ltd,INV-00096,inv-00096,2026-01-23,2026-01-23,7143,7143,1285.74,1285.74,1,1,2,FUZZY_MATCH
07ABCDE2045F1Z5,07ABCDE2045F1Z5,Fuzzy Supplier 97,Fuzzy Supplier 97 Pvt Ltd,INV-00097,INV00097A,2026-12-20,2026-12-20,58867,58867,10596.06,10596.06,1,1,2,FUZZY_MATCH
07ABCDE8115F1Z5,07ABCDE8115F1Z5,Fuzzy Supplier 98,Fuzzy Supplier 98 Pvt Ltd,INV-00098,inv-00098,2026-11-06,2026-11-05,54470,54470,9804.60,9805.60,1,1,2,FUZZY_MATCH
07ABCDE1194F1Z5,07ABCDE1194F1Z5,Fuzzy Supplier 99,Fuzzy Supplier 99 Pvt Ltd,INV-00099,INV00099,2026-06-21,2026-06-20,11013,11013,1982.34,1981.34,1,1,2,FUZZY_MATCH
07ABCDE6155F1Z5,07ABCDE6155F1Z5,Fuzzy Supplier 100,Fuzzy Supplier 100 Pvt Ltd,INV-00100,INV00100,2026-11-08,2026-11-09,7373,7373,1327.14,1328.14,1,1,2,FUZZY_MATCH
07ABCDE9577F1Z5,07ABCDE9577F1Z5,Fuzzy Supplier 101,Fuzzy Supplier 101 Pvt Ltd,INV-00101,inv-00101,2026-04-06,2026-04-06,45437,45437,8178.66,8177.66,1,1,2,FUZZY_MATCH
07ABCDE5194F1Z5,07ABCDE5194F1Z5,Fuzzy Supplier 102,Fuzzy Supplier 102 Pvt Ltd,INV-00102,inv-00102,2026-08-25,2026-08-26,75365,75365,13565.70,13566.70,1,1,2,FUZZY_MATCH
07ABCDE5628F1Z5,07ABCDE5628F1Z5,Fuzzy Supplier 103,Fuzzy Supplier 103 Pvt Ltd,INV-00103,inv-00103,2026-08-05,2026-08-05,6153,6153,1107.54,1108.54,1,1,2,FUZZY_MATCH
07ABCDE7782F1Z5,07ABCDE7782F1Z5,Fuzzy Supplier 104,Fuzzy Supplier 104 Pvt Ltd,INV-00104,inv-00104,2026-12-06,2026-12-06,14828,14828,2669.04,2669.04,1,1,2,FUZZY_MATCH
07ABCDE4776F1Z5,07ABCDE4776F1Z5,Fuzzy Supplier 105,Fuzzy Supplier 105 Pvt Ltd,INV-00105,inv-00105,2026-11-17,2026-11-16,17444,17444,3139.92,3139.92,1,1,2,FUZZY_MATCH
07ABCDE8745F1Z5,07ABCDE8745F1Z5,Fuzzy Supplier 106,Fuzzy Supplier 106 Pvt Ltd,INV-00106,INV00106,2026-08-12,2026-08-12,57489,57489,10348.02,10348.02,1,1,2,FUZZY_MATCH
07ABCDE9567F1Z5,07ABCDE9567F1Z5,Fuzzy Supplier 107,Fuzzy Supplier 107 Pvt Ltd,INV-00107,inv-00107,2026-08-18,2026-08-19,5263,5263,947.34,947.34,1,1,2,FUZZY_MATCH
07ABCDE6973F1Z5,07ABCDE6973F1Z5,Fuzzy Supplier 108,Fuzzy Supplier 108 Pvt Ltd,INV-00108,INV00108,2026-05-10,2026-05-11,26801,26801,4824.18,4825.18,1,1,2,FUZZY_MATCH
07ABCDE4416F1Z5,07ABCDE4416F1Z5,Fuzzy Supplier 109,Fuzzy Supplier 109 Pvt Ltd,INV-00109,INV00109A,2026-11-08,2026-11-09,62026,62026,11164.68,11165.68,1,1,2,FUZZY_MATCH
07ABCDE1523F1Z5,07ABCDE1523F1Z5,Fuzzy Supplier 110,Fuzzy Supplier 110 Pvt Ltd,INV-00110,inv-00110,2026-07-31,2026-08-01,12040,12040,2167.20,2167.20,1,1,2,FUZZY_MATCH
07ABCDE2322F1Z5,07ABCDE2322F1Z5,Fuzzy Supplier 111,Fuzzy Supplier 111 Pvt Ltd,INV-00111,INV00111A,2026-09-21,2026-09-21,13014,13014,2342.52,2342.52,1,1,2,FUZZY_MATCH
07ABCDE4367F1Z5,07ABCDE4367F1Z5,Fuzzy Supplier 112,Fuzzy Supplier 112 Pvt Ltd,INV-00112,INV00112,2026-09-01,2026-08-31,27325,27325,4918.50,4917.50,1,1,2,FUZZY_MATCH
07ABCDE5827F1Z5,07ABCDE5827F1Z5,Fuzzy Supplier 113,Fuzzy Supplier 113 Pvt Ltd,INV-00113,inv-00113,2026-05-26,2026-05-26,94686,94686,17043.48,17043.48,1,1,2,FUZZY_MATCH
07ABCDE6421F1Z5,07ABCDE6421F1Z5,Fuzzy Supplier 114,Fuzzy Supplier 114 Pvt Ltd,INV-00114,INV00114A,2026-05-18,2026-05-17,91232,91232,16421.76,16421.76,1,1,2,FUZZY_MATCH
07ABCDE4121F1Z5,07ABCDE4121F1Z5,Fuzzy Supplier 115,Fuzzy Supplier 115 Pvt Ltd,INV-00115,INV00115A,2026-12-03,2026-12-02,96740,96740,17413.20,17413.20,1,1,2,FUZZY_MATCH
07ABCDE8849F1Z5,07ABCDE8849F1Z5,Fuzzy Supplier 116,Fuzzy Supplier 116 Pvt Ltd,INV-00116,INV00116A,2026-07-06,2026-07-06,24368,24368,4386.24,4386.24,1,1,2,FUZZY_MATCH
07ABCDE1805F1Z5,07ABCDE1805F1Z5,Fuzzy Supplier 117,Fuzzy Supplier 117 Pvt Ltd,INV-00117,INV00117A,2026-11-19,2026-11-18,61381,61381,11048.58,11049.58,1,1,2,FUZZY_MATCH
07ABCDE9868F1Z5,07ABCDE9868F1Z5,Fuzzy Supplier 118,Fuzzy Supplier 118 Pvt Ltd,INV-00118,inv-00118,2026-12-02,2026-12-02,9570,9570,1722.60,1721.60,1,1,2,FUZZY_MATCH
07ABCDE3992F1Z5,07ABCDE3992F1Z5,Fuzzy Supplier 119,Fuzzy Supplier 119 Pvt Ltd,INV-00119,inv-00119A,2026-12-29,2026-12-28,95156,95156,17128.08,17129.08,1,1,2,FUZZY_MATCH
07ABCDE6263F1Z5,07ABCDE6263F1Z5,Fuzzy Supplier 120,Fuzzy Supplier 120 Pvt Ltd,INV-00120,inv-00120,2026-10-31,2026-10-31,33896,33896,6101.28,6100.28,1,1,2,FUZZY_MATCH
07ABCDE9688F1Z5,07ABCDE9688F1Z5,Fuzzy Supplier 121,Fuzzy Supplier 121 Pvt Ltd,INV-00121,INV00121A,2026-09-24,2026-09-23,20056,20056,3610.08,3610.08,1,1,2,FUZZY_MATCH
07ABCDE8863F1Z5,07ABCDE8863F1Z5,Fuzzy Supplier 122,Fuzzy Supplier 122 Pvt Ltd,INV-00122,inv-00122A,2026-07-13,2026-07-13,91801,91801,16524.18,16525.18,1,1,2,FUZZY_MATCH
07ABCDE2921F1Z5,07ABCDE2921F1Z5,Fuzzy Supplier 123,Fuzzy Supplier 123 Pvt Ltd,INV-00123,INV00123,2026-10-03,2026-10-03,22660,22660,4078.80,4078.80,1,1,2,FUZZY_MATCH
07ABCDE9882F1Z5,07ABCDE9882F1Z5,Fuzzy Supplier 124,Fuzzy Supplier 124 Pvt Ltd,INV-00124,INV00124A,2026-04-05,2026-04-05,76318,76318,13737.24,13737.24,1,1,2,FUZZY_MATCH
07ABCDE8067F1Z5,07ABCDE8067F1Z5,Fuzzy Supplier 125,Fuzzy Supplier 125 Pvt Ltd,INV-00125,INV00125,2026-06-20,2026-06-20,83401,83401,15012.18,15013.18,1,1,2,FUZZY_MATCH
07ABCDE6837F1Z5,07ABCDE6837F1Z5,Fuzzy Supplier 126,Fuzzy Supplier 126 Pvt Ltd,INV-00126,INV00126A,2026-08-12,2026-08-12,85348,85348,15362.64,15363.64,1,1,2,FUZZY_MATCH
07ABCDE4869F1Z5,07ABCDE4869F1Z5,Fuzzy Supplier 127,Fuzzy Supplier 127 Pvt Ltd,INV-00127,inv-00127,2026-07-14,2026-07-14,74558,74558,13420.44,13420.44,1,1,2,FUZZY_MATCH
07ABCDE4773F1Z5,07ABCDE4773F1Z5,Fuzzy Supplier 128,Fuzzy Supplier 128 Pvt Ltd,INV-00128,INV00128A,2026-10-05,2026-10-06,69426,69426,12496.68,12496.68,1,1,2,FUZZY_MATCH
07ABCDE9941F1Z5,07ABCDE9941F1Z5,Fuzzy Supplier 129,Fuzzy Supplier 129 Pvt Ltd,INV-00129,inv-00129,2026-07-09,2026-07-09,62031,62031,11165.58,11166.58,1,1,2,FUZZY_MATCH
07ABCDE6658F1Z5,07ABCDE6658F1Z5,Fuzzy Supplier 130,Fuzzy Supplier 130 Pvt Ltd,INV-00130,INV00130A,2026-09-08,2026-09-09,98619,98619,17751.42,17752.42,1,1,2,FUZZY_MATCH
07ABCDE9295F1Z5,07ABCDE9295F1Z5,Fuzzy Supplier 131,Fuzzy Supplier 131 Pvt Ltd,INV-00131,INV00131,2026-12-25,2026-12-25,15239,15239,2743.02,2742.02,1,1,2,FUZZY_MATCH
07ABCDE7532F1Z5,07ABCDE7532F1Z5,Fuzzy Supplier 132,Fuzzy Supplier 132 Pvt Ltd,INV-00132,inv-00132,2026-11-11,2026-11-10,86258,86258,15526.44,15525.44,1,1,2,FUZZY_MATCH
07ABCDE9370F1Z5,07ABCDE9370F1Z5,Fuzzy Supplier 133,Fuzzy Supplier 133 Pvt Ltd,INV-00133,inv-00133,2026-07-25,2026-07-25,1507,1507,271.26,271.26,1,1,2,FUZZY_MATCH
07ABCDE5025F1Z5,07ABCDE5025F1Z5,Fuzzy Supplier 134,Fuzzy Supplier 134 Pvt Ltd,INV-00134,inv-00134A,2026-04-16,2026-04-16,81775,81775,14719.50,14719.50,1,1,2,FUZZY_MATCH
07ABCDE7122F1Z5,07ABCDE7122F1Z5,Fuzzy Supplier 135,Fuzzy Supplier 135 Pvt Ltd,INV-00135,inv-00135,2026-10-15,2026-10-15,74932,74932,13487.76,13486.76,1,1,2,FUZZY_MATCH
07ABCDE1905F1Z5,07ABCDE1905F1Z5,Fuzzy Supplier 136,Fuzzy Supplier 136 Pvt Ltd,INV-00136,inv-00136,2026-03-17,2026-03-17,66903,66903,12042.54,12043.54,1,1,2,FUZZY_MATCH
07ABCDE3960F1Z5,07ABCDE3960F1Z5,Fuzzy Supplier 137,Fuzzy Supplier 137 Pvt Ltd,INV-00137,INV00137,2026-08-15,2026-08-16,47139,47139,8485.02,8485.02,1,1,2,FUZZY_MATCH
07ABCDE7919F1Z5,07ABCDE7919F1Z5,Fuzzy Supplier 138,Fuzzy Supplier 138 Pvt Ltd,INV-00138,INV00138A,2026-05-26,2026-05-26,59118,59118,10641.24,10642.24,1,1,2,FUZZY_MATCH
07ABCDE7583F1Z5,07ABCDE7583F1Z5,Fuzzy Supplier 139,Fuzzy Supplier 139 Pvt Ltd,INV-00139,INV00139,2026-04-04,2026-04-04,89464,89464,16103.52,16104.52,1,1,2,FUZZY_MATCH
07ABCDE9655F1Z5,07ABCDE9655F1Z5,Fuzzy Supplier 140,Fuzzy Supplier 140 Pvt Ltd,INV-00140,inv-00140,2026-12-13,2026-12-12,19704,19704,3546.72,3545.72,1,1,2,FUZZY_MATCH
07ABCDE3738F1Z5,07ABCDE3738F1Z5,Fuzzy Supplier 141,Fuzzy Supplier 141 Pvt Ltd,INV-00141,inv-00141,2026-05-07,2026-05-07,29232,29232,5261.76,5262.76,1,1,2,FUZZY_MATCH
07ABCDE9699F1Z5,07ABCDE9699F1Z5,Fuzzy Supplier 142,Fuzzy Supplier 142 Pvt Ltd,INV-00142,INV00142A,2026-12-07,2026-12-07,57419,57419,10335.42,10336.42,1,1,2,FUZZY_MATCH
07ABCDE5960F1Z5,07ABCDE5960F1Z5,Fuzzy Supplier 143,Fuzzy Supplier 143 Pvt Ltd,INV-00143,inv-00143,2026-04-16,2026-04-17,85439,85439,15379.02,15380.02,1,1,2,FUZZY_MATCH
07ABCDE1124F1Z5,07ABCDE1124F1Z5,Fuzzy Supplier 144,Fuzzy Supplier 144 Pvt Ltd,INV-00144,inv-00144,2026-08-16,2026-08-16,84350,84350,15183.00,15182.00,1,1,2,FUZZY_MATCH
07ABCDE9569F1Z5,07ABCDE9569F1Z5,Fuzzy Supplier 145,Fuzzy Supplier 145 Pvt Ltd,INV-00145,inv-00145,2026-12-01,2026-12-01,83450,83450,15021.00,15021.00,1,1,2,FUZZY_MATCH
07ABCDE1317F1Z5,07ABCDE1317F1Z5,Fuzzy Supplier 146,Fuzzy Supplier 146 Pvt Ltd,INV-00146,inv-00146A,2026-07-03,2026-07-02,86676,86676,15601.68,15602.68,1,1,2,FUZZY_MATCH
07ABCDE5279F1Z5,07ABCDE5279F1Z5,Fuzzy Supplier 147,Fuzzy Supplier 147 Pvt Ltd,INV-00147,inv-00147,2026-03-28,2026-03-29,7600,7600,1368.00,1368.00,1,1,2,FUZZY_MATCH
07ABCDE7905F1Z5,07ABCDE7905F1Z5,Fuzzy Supplier 148,Fuzzy Supplier 148 Pvt Ltd,INV-00148,INV00148,2026-09-08,2026-09-07,18159,18159,3268.62,3269.62,1,1,2,FUZZY_MATCH
07ABCDE1039F1Z5,07ABCDE1039F1Z5,Fuzzy Supplier 149,Fuzzy Supplier 149 Pvt Ltd,INV-00149,inv-00149,2026-12-17,2026-12-16,47501,47501,8550.18,8551.18,1,1,2,FUZZY_MATCH
07ABCDE1022F1Z5,07ABCDE1022F1Z5,Fuzzy Supplier 150,Fuzzy Supplier 150 Pvt Ltd,INV-00150,INV00150,2026-08-27,2026-08-27,61956,61956,11152.08,11153.08,1,1,2,FUZZY_MATCH
07ABCDE6919F1Z5,07ABCDE6919F1Z5,Fuzzy Supplier 151,Fuzzy Supplier 151 Pvt Ltd,INV-00151,INV00151,2026-02-03,2026-02-03,22339,22339,4021.02,4021.02,1,1,2,FUZZY_MATCH
07ABCDE6686F1Z5,07ABCDE6686F1Z5,Fuzzy Supplier 152,Fuzzy Supplier 152 Pvt Ltd,INV-00152,INV00152A,2026-07-29,2026-07-30,14512,14512,2612.16,2613.16,1,1,2,FUZZY_MATCH
07ABCDE6016F1Z5,07ABCDE6016F1Z5,Fuzzy Supplier 153,Fuzzy Supplier 153 Pvt Ltd,INV-00153,inv-00153,2026-12-23,2026-12-23,47477,47477,8545.86,8545.86,1,1,2,FUZZY_MATCH
07ABCDE5361F1Z5,07ABCDE5361F1Z5,Fuzzy Supplier 154,Fuzzy Supplier 154 Pvt Ltd,INV-00154,INV00154A,2026-04-10,2026-04-10,95774,95774,17239.32,17240.32,1,1,2,FUZZY_MATCH
07ABCDE2532F1Z5,07ABCDE2532F1Z5,Fuzzy Supplier 155,Fuzzy Supplier 155 Pvt Ltd,INV-00155,INV00155,2026-05-19,2026-05-19,56293,56293,10132.74,10131.74,1,1,2,FUZZY_MATCH
07ABCDE7557F1Z5,07ABCDE7557F1Z5,Fuzzy Supplier 156,Fuzzy Supplier 156 Pvt Ltd,INV-00156,inv-00156,2026-12-06,2026-12-06,59355,59355,10683.90,10682.90,1,1,2,FUZZY_MATCH
07ABCDE9228F1Z5,07ABCDE9228F1Z5,Fuzzy Supplier 157,Fuzzy Supplier 157 Pvt Ltd,INV-00157,inv-00157,2026-08-10,2026-08-10,11385,11385,2049.30,2050.30,1,1,2,FUZZY_MATCH
07ABCDE2638F1Z5,07ABCDE2638F1Z5,Fuzzy Supplier 158,Fuzzy Supplier 158 Pvt Ltd,INV-00158,inv-00158,2026-06-20,2026-06-19,67746,67746,12194.28,12195.28,1,1,2,FUZZY_MATCH
07ABCDE1366F1Z5,07ABCDE1366F1Z5,Fuzzy Supplier 159,Fuzzy Supplier 159 Pvt Ltd,INV-00159,INV00159,2026-04-26,2026-04-25,68658,68658,12358.44,12359.44,1,1,2,FUZZY_MATCH
07ABCDE6290F1Z5,07ABCDE6290F1Z5,Fuzzy Supplier 160,Fuzzy Supplier 160 Pvt Ltd,INV-00160,inv-00160,2026-02-14,2026-02-15,85000,85000,15300.00,15301.00,1,1,2,FUZZY_MATCH
07ABCDE9993F1Z5,07ABCDE9993F1Z5,Fuzzy Supplier 161,Fuzzy Supplier 161 Pvt Ltd,INV-00161,inv-00161A,2026-11-13,2026-11-12,91347,91347,16442.46,16442.46,1,1,2,FUZZY_MATCH
07ABCDE4233F1Z5,07ABCDE4233F1Z5,Fuzzy Supplier 162,Fuzzy Supplier 162 Pvt Ltd,INV-00162,INV00162,2026-07-26,2026-07-27,86960,86960,15652.80,15652.80,1,1,2,FUZZY_MATCH
07ABCDE5026F1Z5,07ABCDE5026F1Z5,Fuzzy Supplier 163,Fuzzy Supplier 163 Pvt Ltd,INV-00163,inv-00163A,2026-07-10,2026-07-10,92919,92919,16725.42,16725.42,1,1,2,FUZZY_MATCH
07ABCDE7663F1Z5,07ABCDE7663F1Z5,Fuzzy Supplier 164,Fuzzy Supplier 164 Pvt Ltd,INV-00164,INV00164,2026-05-18,2026-05-18,31197,31197,5615.46,5614.46,1,1,2,FUZZY_MATCH
07ABCDE8561F1Z5,07ABCDE8561F1Z5,Fuzzy Supplier 165,Fuzzy Supplier 165 Pvt Ltd,INV-00165,INV00165,2026-08-26,2026-08-25,83384,83384,15009.12,15008.12,1,1,2,FUZZY_MATCH
07ABCDE7149F1Z5,07ABCDE7149F1Z5,Fuzzy Supplier 166,Fuzzy Supplier 166 Pvt Ltd,INV-00166,INV00166,2026-03-24,2026-03-24,73648,73648,13256.64,13256.64,1,1,2,FUZZY_MATCH
07ABCDE4881F1Z5,07ABCDE4881F1Z5,Fuzzy Supplier 167,Fuzzy Supplier 167 Pvt Ltd,INV-00167,INV00167A,2026-08-12,2026-08-13,61770,61770,11118.60,11119.60,1,1,2,FUZZY_MATCH
07ABCDE5036F1Z5,07ABCDE5036F1Z5,Fuzzy Supplier 168,Fuzzy Supplier 168 Pvt Ltd,INV-00168,INV00168,2026-01-20,2026-01-20,10646,10646,1916.28,1915.28,1,1,2,FUZZY_MATCH
07ABCDE8375F1Z5,07ABCDE8375F1Z5,Fuzzy Supplier 169,Fuzzy Supplier 169 Pvt Ltd,INV-00169,INV00169,2026-08-31,2026-09-01,91941,91941,16549.38,16550.38,1,1,2,FUZZY_MATCH
07ABCDE5484F1Z5,07ABCDE5484F1Z5,Fuzzy Supplier 170,Fuzzy Supplier 170 Pvt Ltd,INV-00170,INV00170,2026-08-16,2026-08-16,66254,66254,11925.72,11926.72,1,1,2,FUZZY_MATCH
07ABCDE4147F1Z5,07ABCDE4147F1Z5,Fuzzy Supplier 171,Fuzzy Supplier 171 Pvt Ltd,INV-00171,INV00171,2026-02-19,2026-02-19,18427,18427,3316.86,3315.86,1,1,2,FUZZY_MATCH
07ABCDE7109F1Z5,07ABCDE7109F1Z5,Fuzzy Supplier 172,Fuzzy Supplier 172 Pvt Ltd,INV-00172,inv-00172,2026-09-30,2026-09-30,5122,5122,921.96,921.96,1,1,2,FUZZY_MATCH
07ABCDE7747F1Z5,07ABCDE7747F1Z5,Fuzzy Supplier 173,Fuzzy Supplier 173 Pvt Ltd,INV-00173,INV00173,2026-07-19,2026-07-19,80641,80641,14515.38,14514.38,1,1,2,FUZZY_MATCH
07ABCDE2847F1Z5,07ABCDE2847F1Z5,Fuzzy Supplier 174,Fuzzy Supplier 174 Pvt Ltd,INV-00174,INV00174,2026-12-18,2026-12-18,32655,32655,5877.90,5877.90,1,1,2,FUZZY_MATCH
07ABCDE4647F1Z5,07ABCDE4647F1Z5,Fuzzy Supplier 175,Fuzzy Supplier 175 Pvt Ltd,INV-00175,inv-00175A,2026-11-16,2026-11-15,87180,87180,15692.40,15692.40,1,1,2,FUZZY_MATCH
07ABCDE3369F1Z5,07ABCDE3369F1Z5,Fuzzy Supplier 176,Fuzzy Supplier 176 Pvt Ltd,INV-00176,inv-00176,2026-09-23,2026-09-23,12190,12190,2194.20,2194.20,1,1,2,FUZZY_MATCH
07ABCDE1686F1Z5,07ABCDE1686F1Z5,Fuzzy Supplier 177,Fuzzy Supplier 177 Pvt Ltd,INV-00177,INV00177,2026-11-27,2026-11-27,29336,29336,5280.48,5279.48,1,1,2,FUZZY_MATCH
07ABCDE6592F1Z5,07ABCDE6592F1Z5,Fuzzy Supplier 178,Fuzzy Supplier 178 Pvt Ltd,INV-00178,inv-00178,2026-03-04,2026-03-05,45922,45922,8265.96,8266.96,1,1,2,FUZZY_MATCH
07ABCDE2081F1Z5,07ABCDE2081F1Z5,Fuzzy Supplier 179,Fuzzy Supplier 179 Pvt Ltd,INV-00179,INV00179,2026-01-14,2026-01-13,35625,35625,6412.50,6412.50,1,1,2,FUZZY_MATCH
07ABCDE4736F1Z5,07ABCDE4736F1Z5,Fuzzy Supplier 180,Fuzzy Supplier 180 Pvt Ltd,INV-00180,INV00180,2026-05-26,2026-05-27,72891,72891,13120.38,13119.38,1,1,2,FUZZY_MATCH
07ABCDE9738F1Z5,07ABCDE9738F1Z5,Fuzzy Supplier 181,Fuzzy Supplier 181 Pvt Ltd,INV-00181,INV00181,2026-07-05,2026-07-05,25073,25073,4513.14,4512.14,1,1,2,FUZZY_MATCH
07ABCDE7966F1Z5,07ABCDE7966F1Z5,Fuzzy Supplier 182,Fuzzy Supplier 182 Pvt Ltd,INV-00182,inv-00182,2026-02-19,2026-02-19,91508,91508,16471.44,16471.44,1,1,2,FUZZY_MATCH
07ABCDE5019F1Z5,07ABCDE5019F1Z5,Fuzzy Supplier 183,Fuzzy Supplier 183 Pvt Ltd,INV-00183,inv-00183,2026-05-29,2026-05-28,96820,96820,17427.60,17426.60,1,1,2,FUZZY_MATCH
07ABCDE8865F1Z5,07ABCDE8865F1Z5,Fuzzy Supplier 184,Fuzzy Supplier 184 Pvt Ltd,INV-00184,inv-00184,2026-08-14,2026-08-15,73704,73704,13266.72,13265.72,1,1,2,FUZZY_MATCH
07ABCDE5120F1Z5,07ABCDE5120F1Z5,Fuzzy Supplier 185,Fuzzy Supplier 185 Pvt Ltd,INV-00185,inv-00185A,2026-04-01,2026-04-02,95461,95461,17182.98,17183.98,1,1,2,FUZZY_MATCH
07ABCDE5327F1Z5,07ABCDE5327F1Z5,Fuzzy Supplier 186,Fuzzy Supplier 186 Pvt Ltd,INV-00186,INV00186,2026-05-24,2026-05-24,81591,81591,14686.38,14685.38,1,1,2,FUZZY_MATCH
07ABCDE1293F1Z5,07ABCDE1293F1Z5,Fuzzy Supplier 187,Fuzzy Supplier 187 Pvt Ltd,INV-00187,inv-00187,2026-01-18,2026-01-17,67151,67151,12087.18,12086.18,1,1,2,FUZZY_MATCH
07ABCDE8436F1Z5,07ABCDE8436F1Z5,Fuzzy Supplier 188,Fuzzy Supplier 188 Pvt Ltd,INV-00188,inv-00188,2026-05-07,2026-05-07,65828,65828,11849.04,11850.04,1,1,2,FUZZY_MATCH
07ABCDE9866F1Z5,07ABCDE9866F1Z5,Fuzzy Supplier 189,Fuzzy Supplier 189 Pvt Ltd,INV-00189,INV00189,2026-10-20,2026-10-20,97542,97542,17557.56,17556.56,1,1,2,FUZZY_MATCH
07ABCDE9955F1Z5,07ABCDE9955F1Z5,Fuzzy Supplier 190,Fuzzy Supplier 190 Pvt Ltd,INV-00190,inv-00190,2026-06-23,2026-06-23,51352,51352,9243.36,9242.36,1,1,2,FUZZY_MATCH
07ABCDE7267F1Z5,07ABCDE7267F1Z5,Fuzzy Supplier 191,Fuzzy Supplier 191 Pvt Ltd,INV-00191,inv-00191,2026-05-23,2026-05-22,48191,48191,8674.38,8674.38,1,1,2,FUZZY_MATCH
07ABCDE6646F1Z5,07ABCDE6646F1Z5,Fuzzy Supplier 192,Fuzzy Supplier 192 Pvt Ltd,INV-00192,INV00192,2026-11-24,2026-11-25,10693,10693,1924.74,1924.74,1,1,2,FUZZY_MATCH
07ABCDE6233F1Z5,07ABCDE6233F1Z5,Fuzzy Supplier 193,Fuzzy Supplier 193 Pvt Ltd,INV-00193,INV00193A,2026-01-28,2026-01-27,88385,88385,15909.30,15910.30,1,1,2,FUZZY_MATCH
07ABCDE1819F1Z5,07ABCDE1819F1Z5,Fuzzy Supplier 194,Fuzzy Supplier 194 Pvt Ltd,INV-00194,INV00194,2026-03-22,2026-03-22,91442,91442,16459.56,16458.56,1,1,2,FUZZY_MATCH
07ABCDE7331F1Z5,07ABCDE7331F1Z5,Fuzzy Supplier 195,Fuzzy Supplier 195 Pvt Ltd,INV-00195,inv-00195,2026-05-02,2026-05-02,77160,77160,13888.80,13889.80,1,1,2,FUZZY_MATCH
07ABCDE2003F1Z5,07ABCDE2003F1Z5,Fuzzy Supplier 196,Fuzzy Supplier 196 Pvt Ltd,INV-00196,inv-00196A,2026-09-21,2026-09-20,48628,48628,8753.04,8752.04,1,1,2,FUZZY_MATCH
07ABCDE4357F1Z5,07ABCDE4357F1Z5,Fuzzy Supplier 197,Fuzzy Supplier 197 Pvt Ltd,INV-00197,inv-00197A,2026-09-19,2026-09-20,13972,13972,2514.96,2514.96,1,1,2,FUZZY_MATCH
07ABCDE2745F1Z5,07ABCDE2745F1Z5,Fuzzy Supplier 198,Fuzzy Supplier 198 Pvt Ltd,INV-00198,INV00198,2026-10-27,2026-10-26,40764,40764,7337.52,7336.52,1,1,2,FUZZY_MATCH
07ABCDE9629F1Z5,07ABCDE9629F1Z5,Fuzzy Supplier 199,Fuzzy Supplier 199 Pvt Ltd,INV-00199,inv-00199,2026-10-02,2026-10-01,91372,91372,16446.96,16445.96,1,1,2,FUZZY_MATCH
07ABCDE2679F1Z5,07ABCDE2679F1Z5,Fuzzy Supplier 200,Fuzzy Supplier 200 Pvt Ltd,INV-00200,INV00200,2026-12-15,2026-12-15,90013,90013,16202.34,16203.34,1,1,2,FUZZY_MATCH
07ABCDE5425F1Z5,07ABCDE5425F1Z5,Fuzzy Supplier 201,Fuzzy Supplier 201 Pvt Ltd,INV-00201,INV00201,2026-07-20,2026-07-19,46453,46453,8361.54,8362.54,1,1,2,FUZZY_MATCH
07ABCDE1274F1Z5,07ABCDE1274F1Z5,Fuzzy Supplier 202,Fuzzy Supplier 202 Pvt Ltd,INV-00202,INV00202,2026-07-15,2026-07-15,78079,78079,14054.22,14054.22,1,1,2,FUZZY_MATCH
07ABCDE1642F1Z5,07ABCDE1642F1Z5,Fuzzy Supplier 203,Fuzzy Supplier 203 Pvt Ltd,INV-00203,inv-00203,2026-02-26,2026-02-27,68122,68122,12261.96,12260.96,1,1,2,FUZZY_MATCH
07ABCDE4603F1Z5,07ABCDE4603F1Z5,Fuzzy Supplier 204,Fuzzy Supplier 204 Pvt Ltd,INV-00204,INV00204,2026-11-09,2026-11-10,14369,14369,2586.42,2585.42,1,1,2,FUZZY_MATCH
07ABCDE5112F1Z5,07ABCDE5112F1Z5,Fuzzy Supplier 205,Fuzzy Supplier 205 Pvt Ltd,INV-00205,INV00205,2026-07-18,2026-07-18,4080,4080,734.40,735.40,1,1,2,FUZZY_MATCH
07ABCDE6081F1Z5,07ABCDE6081F1Z5,Fuzzy Supplier 206,Fuzzy Supplier 206 Pvt Ltd,INV-00206,inv-00206,2026-10-08,2026-10-07,60037,60037,10806.66,10806.66,1,1,2,FUZZY_MATCH
07ABCDE2297F1Z5,07ABCDE2297F1Z5,Fuzzy Supplier 207,Fuzzy Supplier 207 Pvt Ltd,INV-00207,INV00207A,2026-11-23,2026-11-22,83220,83220,14979.60,14980.60,1,1,2,FUZZY_MATCH
07ABCDE3984F1Z5,07ABCDE3984F1Z5,Fuzzy Supplier 208,Fuzzy Supplier 208 Pvt Ltd,INV-00208,INV00208A,2026-09-09,2026-09-09,56182,56182,10112.76,10111.76,1,1,2,FUZZY_MATCH
07ABCDE9729F1Z5,07ABCDE9729F1Z5,Fuzzy Supplier 209,Fuzzy Supplier 209 Pvt Ltd,INV-00209,inv-00209,2026-03-02,2026-03-01,91908,91908,16543.44,16544.44,1,1,2,FUZZY_MATCH
07ABCDE9359F1Z5,07ABCDE9359F1Z5,Fuzzy Supplier 210,Fuzzy Supplier 210 Pvt Ltd,INV-00210,inv-00210,2026-12-20,2026-12-20,5659,5659,1018.62,1019.62,1,1,2,FUZZY_MATCH
07ABCDE7323F1Z5,07ABCDE7323F1Z5,Fuzzy Supplier 211,Fuzzy Supplier 211 Pvt Ltd,INV-00211,inv-00211,2026-03-15,2026-03-15,94885,94885,17079.30,17080.30,1,1,2,FUZZY_MATCH
07ABCDE9015F1Z5,07ABCDE9015F1Z5,Fuzzy Supplier 212,Fuzzy Supplier 212 Pvt Ltd,INV-00212,INV00212A,2026-02-13,2026-02-13,61308,61308,11035.44,11035.44,1,1,2,FUZZY_MATCH
07ABCDE7053F1Z5,07ABCDE7053F1Z5,Fuzzy Supplier 213,Fuzzy Supplier 213 Pvt Ltd,INV-00213,inv-00213,2026-11-05,2026-11-06,69201,69201,12456.18,12456.18,1,1,2,FUZZY_MATCH
07ABCDE7002F1Z5,07ABCDE7002F1Z5,Fuzzy Supplier 214,Fuzzy Supplier 214 Pvt Ltd,INV-00214,inv-00214,2026-11-10,2026-11-11,64447,64447,11600.46,11599.46,1,1,2,FUZZY_MATCH
07ABCDE2147F1Z5,07ABCDE2147F1Z5,Fuzzy Supplier 215,Fuzzy Supplier 215 Pvt Ltd,INV-00215,INV00215A,2026-11-28,2026-11-28,17484,17484,3147.12,3146.12,1,1,2,FUZZY_MATCH
07ABCDE9433F1Z5,07ABCDE9433F1Z5,Fuzzy Supplier 216,Fuzzy Supplier 216 Pvt Ltd,INV-00216,INV00216,2026-05-15,2026-05-15,67130,67130,12083.40,12083.40,1,1,2,FUZZY_MATCH
07ABCDE9587F1Z5,07ABCDE9587F1Z5,Fuzzy Supplier 217,Fuzzy Supplier 217 Pvt Ltd,INV-00217,inv-00217,2026-04-07,2026-04-06,94643,94643,17035.74,17036.74,1,1,2,FUZZY_MATCH
07ABCDE2819F1Z5,07ABCDE2819F1Z5,Fuzzy Supplier 218,Fuzzy Supplier 218 Pvt Ltd,INV-00218,inv-00218,2026-11-09,2026-11-08,42861,42861,7714.98,7715.98,1,1,2,FUZZY_MATCH
07ABCDE3177F1Z5,07ABCDE3177F1Z5,Fuzzy Supplier 219,Fuzzy Supplier 219 Pvt Ltd,INV-00219,inv-00219,2026-03-05,2026-03-05,93546,93546,16838.28,16837.28,1,1,2,FUZZY_MATCH
07ABCDE8938F1Z5,07ABCDE8938F1Z5,Fuzzy Supplier 220,Fuzzy Supplier 220 Pvt Ltd,INV-00220,INV00220A,2026-08-19,2026-08-20,6910,6910,1243.80,1242.80,1,1,2,FUZZY_MATCH
07ABCDE6294F1Z5,07ABCDE6294F1Z5,Fuzzy Supplier 221,Fuzzy Supplier 221 Pvt Ltd,INV-00221,inv-00221,2026-08-18,2026-08-19,81940,81940,14749.20,14749.20,1,1,2,FUZZY_MATCH
07ABCDE3040F1Z5,07ABCDE3040F1Z5,Fuzzy Supplier 222,Fuzzy Supplier 222 Pvt Ltd,INV-00222,inv-00222,2026-11-15,2026-11-15,24454,24454,4401.72,4400.72,1,1,2,FUZZY_MATCH
07ABCDE2497F1Z5,07ABCDE2497F1Z5,Fuzzy Supplier 223,Fuzzy Supplier 223 Pvt Ltd,INV-00223,inv-00223,2026-07-02,2026-07-01,24297,24297,4373.46,4372.46,1,1,2,FUZZY_MATCH
07ABCDE4948F1Z5,07ABCDE4948F1Z5,Fuzzy Supplier 224,Fuzzy Supplier 224 Pvt Ltd,INV-00224,inv-00224A,2026-09-08,2026-09-08,32098,32098,5777.64,5776.64,1,1,2,FUZZY_MATCH
07ABCDE1562F1Z5,07ABCDE1562F1Z5,Fuzzy Supplier 225,Fuzzy Supplier 225 Pvt Ltd,INV-00225,INV00225,2026-12-03,2026-12-02,95618,95618,17211.24,17210.24,1,1,2,FUZZY_MATCH
07ABCDE2270F1Z5,07ABCDE2270F1Z5,Fuzzy Supplier 226,Fuzzy Supplier 226 Pvt Ltd,INV-00226,INV00226,2026-07-12,2026-07-12,21487,21487,3867.66,3868.66,1,1,2,FUZZY_MATCH
07ABCDE5476F1Z5,07ABCDE5476F1Z5,Fuzzy Supplier 227,Fuzzy Supplier 227 Pvt Ltd,INV-00227,inv-00227A,2026-11-13,2026-11-14,31419,31419,5655.42,5654.42,1,1,2,FUZZY_MATCH
07ABCDE8835F1Z5,07ABCDE8835F1Z5,Fuzzy Supplier 228,Fuzzy Supplier 228 Pvt Ltd,INV-00228,inv-00228A,2026-09-20,2026-09-20,10231,10231,1841.58,1842.58,1,1,2,FUZZY_MATCH
07ABCDE1933F1Z5,07ABCDE1933F1Z5,Fuzzy Supplier 229,Fuzzy Supplier 229 Pvt Ltd,INV-00229,inv-00229,2026-09-19,2026-09-18,53137,53137,9564.66,9564.66,1,1,2,FUZZY_MATCH
07ABCDE2167F1Z5,07ABCDE2167F1Z5,Fuzzy Supplier 230,Fuzzy Supplier 230 Pvt Ltd,INV-00230,INV00230A,2026-04-01,2026-04-02,7780,7780,1400.40,1399.40,1,1,2,FUZZY_MATCH
07ABCDE9612F1Z5,07ABCDE9612F1Z5,Fuzzy Supplier 231,Fuzzy Supplier 231 Pvt Ltd,INV-00231,inv-00231A,2026-06-10,2026-06-11,82258,82258,14806.44,14805.44,1,1,2,FUZZY_MATCH
07ABCDE2978F1Z5,07ABCDE2978F1Z5,Fuzzy Supplier 232,Fuzzy Supplier 232 Pvt Ltd,INV-00232,INV00232,2026-05-05,2026-05-05,21054,21054,3789.72,3790.72,1,1,2,FUZZY_MATCH
07ABCDE3755F1Z5,07ABCDE3755F1Z5,Fuzzy Supplier 233,Fuzzy Supplier 233 Pvt Ltd,INV-00233,inv-00233,2026-09-30,2026-09-29,33958,33958,6112.44,6112.44,1,1,2,FUZZY_MATCH
07ABCDE4542F1Z5,07ABCDE4542F1Z5,Fuzzy Supplier 234,Fuzzy Supplier 234 Pvt Ltd,INV-00234,INV00234,2026-06-15,2026-06-14,34861,34861,6274.98,6275.98,1,1,2,FUZZY_MATCH
07ABCDE7855F1Z5,07ABCDE7855F1Z5,Fuzzy Supplier 235,Fuzzy Supplier 235 Pvt Ltd,INV-00235,INV00235,2026-08-06,2026-08-07,59484,59484,10707.12,10706.12,1,1,2,FUZZY_MATCH
07ABCDE3744F1Z5,07ABCDE3744F1Z5,Fuzzy Supplier 236,Fuzzy Supplier 236 Pvt Ltd,INV-00236,INV00236,2026-02-13,2026-02-12,65170,65170,11730.60,11731.60,1,1,2,FUZZY_MATCH
07ABCDE3830F1Z5,07ABCDE3830F1Z5,Fuzzy Supplier 237,Fuzzy Supplier 237 Pvt Ltd,INV-00237,inv-00237,2026-01-12,2026-01-11,65174,65174,11731.32,11731.32,1,1,2,FUZZY_MATCH
07ABCDE9088F1Z5,07ABCDE9088F1Z5,Fuzzy Supplier 238,Fuzzy Supplier 238 Pvt Ltd,INV-00238,inv-00238,2026-06-22,2026-06-22,18228,18228,3281.04,3282.04,1,1,2,FUZZY_MATCH
07ABCDE6342F1Z5,07ABCDE6342F1Z5,Fuzzy Supplier 239,Fuzzy Supplier 239 Pvt Ltd,INV-00239,INV00239,2026-08-14,2026-08-14,48185,48185,8673.30,8674.30,1,1,2,FUZZY_MATCH
07ABCDE6142F1Z5,07ABCDE6142F1Z5,Fuzzy Supplier 240,Fuzzy Supplier 240 Pvt Ltd,INV-00240,inv-00240,2026-05-25,2026-05-26,35162,35162,6329.16,6330.16,1,1,2,FUZZY_MATCH
07ABCDE6416F1Z5,07ABCDE6416F1Z5,Fuzzy Supplier 241,Fuzzy Supplier 241 Pvt Ltd,INV-00241,inv-00241,2026-07-21,2026-07-22,23349,23349,4202.82,4201.82,1,1,2,FUZZY_MATCH
07ABCDE5227F1Z5,07ABCDE5227F1Z5,Fuzzy Supplier 242,Fuzzy Supplier 242 Pvt Ltd,INV-00242,INV00242,2026-01-13,2026-01-14,97062,97062,17471.16,17471.16,1,1,2,FUZZY_MATCH
07ABCDE3398F1Z5,07ABCDE3398F1Z5,Fuzzy Supplier 243,Fuzzy Supplier 243 Pvt Ltd,INV-00243,INV00243,2026-05-05,2026-05-05,43061,43061,7750.98,7750.98,1,1,2,FUZZY_MATCH
07ABCDE7526F1Z5,07ABCDE7526F1Z5,Fuzzy Supplier 244,Fuzzy Supplier 244 Pvt Ltd,INV-00244,inv-00244A,2026-12-19,2026-12-19,35963,35963,6473.34,6473.34,1,1,2,FUZZY_MATCH
07ABCDE7718F1Z5,07ABCDE7718F1Z5,Fuzzy Supplier 245,Fuzzy Supplier 245 Pvt Ltd,INV-00245,INV00245A,2026-07-04,2026-07-04,80269,80269,14448.42,14448.42,1,1,2,FUZZY_MATCH
07ABCDE6117F1Z5,07ABCDE6117F1Z5,Fuzzy Supplier 246,Fuzzy Supplier 246 Pvt Ltd,INV-00246,INV00246A,2026-04-07,2026-04-07,52365,52365,9425.70,9426.70,1,1,2,FUZZY_MATCH
07ABCDE4883F1Z5,07ABCDE4883F1Z5,Fuzzy Supplier 247,Fuzzy Supplier 247 Pvt Ltd,INV-00247,inv-00247,2026-04-14,2026-04-14,76809,76809,13825.62,13825.62,1,1,2,FUZZY_MATCH
07ABCDE3564F1Z5,07ABCDE3564F1Z5,Fuzzy Supplier 248,Fuzzy Supplier 248 Pvt Ltd,INV-00248,INV00248,2026-01-08,2026-01-08,18504,18504,3330.72,3329.72,1,1,2,FUZZY_MATCH
07ABCDE4670F1Z5,07ABCDE4670F1Z5,Fuzzy Supplier 249,Fuzzy Supplier 249 Pvt Ltd,INV-00249,INV00249,2026-11-11,2026-11-11,33004,33004,5940.72,5940.72,1,1,2,FUZZY_MATCH
07ABCDE5438F1Z5,07ABCDE5438F1Z5,Fuzzy Supplier 250,Fuzzy Supplier 250 Pvt Ltd,INV-00250,INV00250A,2026-07-27,2026-07-27,80948,80948,14570.64,14571.64,1,1,2,FUZZY_MATCH
07ABCDE6050F1Z5,07ABCDE6050F1Z5,Fuzzy Supplier 251,Fuzzy Supplier 251 Pvt Ltd,INV-00251,inv-00251,2026-11-17,2026-11-17,74295,74295,13373.10,13372.10,1,1,2,FUZZY_MATCH
07ABCDE9041F1Z5,07ABCDE9041F1Z5,Fuzzy Supplier 252,Fuzzy Supplier 252 Pvt Ltd,INV-00252,inv-00252A,2026-02-21,2026-02-22,88996,88996,16019.28,16018.28,1,1,2,FUZZY_MATCH
07ABCDE7267F1Z5,07ABCDE7267F1Z5,Fuzzy Supplier 253,Fuzzy Supplier 253 Pvt Ltd,INV-00253,inv-00253,2026-11-25,2026-11-26,15151,15151,2727.18,2727.18,1,1,2,FUZZY_MATCH
07ABCDE4141F1Z5,07ABCDE4141F1Z5,Fuzzy Supplier 254,Fuzzy Supplier 254 Pvt Ltd,INV-00254,INV00254,2026-09-15,2026-09-15,35931,35931,6467.58,6466.58,1,1,2,FUZZY_MATCH
07ABCDE5690F1Z5,07ABCDE5690F1Z5,Fuzzy Supplier 255,Fuzzy Supplier 255 Pvt Ltd,INV-00255,inv-00255,2026-11-04,2026-11-04,1381,1381,248.58,248.58,1,1,2,FUZZY_MATCH
07ABCDE3566F1Z5,07ABCDE3566F1Z5,Fuzzy Supplier 256,Fuzzy Supplier 256 Pvt Ltd,INV-00256,inv-00256,2026-05-01,2026-05-02,30723,30723,5530.14,5530.14,1,1,2,FUZZY_MATCH
07ABCDE5982F1Z5,07ABCDE5982F1Z5,Fuzzy Supplier 257,Fuzzy Supplier 257 Pvt Ltd,INV-00257,INV00257,2026-06-22,2026-06-22,68471,68471,12324.78,12325.78,1,1,2,FUZZY_MATCH
07ABCDE6714F1Z5,07ABCDE6714F1Z5,Fuzzy Supplier 258,Fuzzy Supplier 258 Pvt Ltd,INV-00258,inv-00258,2026-04-20,2026-04-20,53423,53423,9616.14,9615.14,1,1,2,FUZZY_MATCH
07ABCDE6293F1Z5,07ABCDE6293F1Z5,Fuzzy Supplier 259,Fuzzy Supplier 259 Pvt Ltd,INV-00259,inv-00259A,2026-05-13,2026-05-12,37818,37818,6807.24,6806.24,1,1,2,FUZZY_MATCH
07ABCDE3318F1Z5,07ABCDE3318F1Z5,Fuzzy Supplier 260,Fuzzy Supplier 260 Pvt Ltd,INV-00260,inv-00260,2026-04-18,2026-04-18,87331,87331,15719.58,15718.58,1,1,2,FUZZY_MATCH
07ABCDE3843F1Z5,07ABCDE3843F1Z5,Fuzzy Supplier 261,Fuzzy Supplier 261 Pvt Ltd,INV-00261,INV00261,2026-03-18,2026-03-17,13811,13811,2485.98,2486.98,1,1,2,FUZZY_MATCH
07ABCDE8251F1Z5,07ABCDE8251F1Z5,Fuzzy Supplier 262,Fuzzy Supplier 262 Pvt Ltd,INV-00262,inv-00262,2026-02-02,2026-02-02,28187,28187,5073.66,5073.66,1,1,2,FUZZY_MATCH
07ABCDE4399F1Z5,07ABCDE4399F1Z5,Fuzzy Supplier 263,Fuzzy Supplier 263 Pvt Ltd,INV-00263,INV00263,2026-12-25,2026-12-24,51709,51709,9307.62,9307.62,1,1,2,FUZZY_MATCH
07ABCDE7946F1Z5,07ABCDE7946F1Z5,Fuzzy Supplier 264,Fuzzy Supplier 264 Pvt Ltd,INV-00264,inv-00264,2026-08-29,2026-08-28,59325,59325,10678.50,10678.50,1,1,2,FUZZY_MATCH
07ABCDE4010F1Z5,07ABCDE4010F1Z5,Fuzzy Supplier 265,Fuzzy Supplier 265 Pvt Ltd,INV-00265,inv-00265,2026-01-29,2026-01-29,31659,31659,5698.62,5699.62,1,1,2,FUZZY_MATCH
07ABCDE6784F1Z5,07ABCDE6784F1Z5,Fuzzy Supplier 266,Fuzzy Supplier 266 Pvt Ltd,INV-00266,INV00266,2026-06-17,2026-06-17,13642,13642,2455.56,2454.56,1,1,2,FUZZY_MATCH
07ABCDE7252F1Z5,07ABCDE7252F1Z5,Fuzzy Supplier 267,Fuzzy Supplier 267 Pvt Ltd,INV-00267,inv-00267,2026-01-21,2026-01-22,99928,99928,17987.04,17987.04,1,1,2,FUZZY_MATCH
07ABCDE4717F1Z5,07ABCDE4717F1Z5,Fuzzy Supplier 268,Fuzzy Supplier 268 Pvt Ltd,INV-00268,INV00268,2026-01-28,2026-01-27,15944,15944,2869.92,2868.92,1,1,2,FUZZY_MATCH
07ABCDE6202F1Z5,07ABCDE6202F1Z5,Fuzzy Supplier 269,Fuzzy Supplier 269 Pvt Ltd,INV-00269,inv-00269,2026-02-02,2026-02-03,14693,14693,2644.74,2645.74,1,1,2,FUZZY_MATCH
07ABCDE1329F1Z5,07ABCDE1329F1Z5,Fuzzy Supplier 270,Fuzzy Supplier 270 Pvt Ltd,INV-00270,INV00270,2026-10-05,2026-10-06,16084,16084,2895.12,2895.12,1,1,2,FUZZY_MATCH
07ABCDE1416F1Z5,07ABCDE1416F1Z5,Fuzzy Supplier 271,Fuzzy Supplier 271 Pvt Ltd,INV-00271,INV00271,2026-06-14,2026-06-15,96311,96311,17335.98,17334.98,1,1,2,FUZZY_MATCH
07ABCDE4976F1Z5,07ABCDE4976F1Z5,Fuzzy Supplier 272,Fuzzy Supplier 272 Pvt Ltd,INV-00272,INV00272,2026-10-28,2026-10-27,5012,5012,902.16,903.16,1,1,2,FUZZY_MATCH
07ABCDE4663F1Z5,07ABCDE4663F1Z5,Fuzzy Supplier 273,Fuzzy Supplier 273 Pvt Ltd,INV-00273,inv-00273,2026-12-07,2026-12-07,29132,29132,5243.76,5242.76,1,1,2,FUZZY_MATCH
07ABCDE6529F1Z5,07ABCDE6529F1Z5,Fuzzy Supplier 274,Fuzzy Supplier 274 Pvt Ltd,INV-00274,INV00274,2026-11-20,2026-11-20,58388,58388,10509.84,10509.84,1,1,2,FUZZY_MATCH
07ABCDE1167F1Z5,07ABCDE1167F1Z5,Fuzzy Supplier 275,Fuzzy Supplier 275 Pvt Ltd,INV-00275,INV00275,2026-04-14,2026-04-13,85716,85716,15428.88,15427.88,1,1,2,FUZZY_MATCH
07ABCDE5766F1Z5,07ABCDE5766F1Z5,Fuzzy Supplier 276,Fuzzy Supplier 276 Pvt Ltd,INV-00276,INV00276,2026-08-10,2026-08-09,57880,57880,10418.40,10418.40,1,1,2,FUZZY_MATCH
07ABCDE6100F1Z5,07ABCDE6100F1Z5,Fuzzy Supplier 277,Fuzzy Supplier 277 Pvt Ltd,INV-00277,inv-00277A,2026-03-13,2026-03-13,74337,74337,13380.66,13381.66,1,1,2,FUZZY_MATCH
07ABCDE4755F1Z5,07ABCDE4755F1Z5,Fuzzy Supplier 278,Fuzzy Supplier 278 Pvt Ltd,INV-00278,INV00278,2026-03-18,2026-03-19,24951,24951,4491.18,4490.18,1,1,2,FUZZY_MATCH
07ABCDE5639F1Z5,07ABCDE5639F1Z5,Fuzzy Supplier 279,Fuzzy Supplier 279 Pvt Ltd,INV-00279,INV00279,2026-04-26,2026-04-26,24500,24500,4410.00,4411.00,1,1,2,FUZZY_MATCH
07ABCDE9153F1Z5,07ABCDE9153F1Z5,Fuzzy Supplier 280,Fuzzy Supplier 280 Pvt Ltd,INV-00280,inv-00280,2026-06-02,2026-06-01,1614,1614,290.52,290.52,1,1,2,FUZZY_MATCH
07ABCDE2237F1Z5,07ABCDE2237F1Z5,Fuzzy Supplier 281,Fuzzy Supplier 281 Pvt Ltd,INV-00281,INV00281,2026-11-19,2026-11-19,75243,75243,13543.74,13543.74,1,1,2,FUZZY_MATCH
07ABCDE3490F1Z5,07ABCDE3490F1Z5,Fuzzy Supplier 282,Fuzzy Supplier 282 Pvt Ltd,INV-00282,INV00282A,2026-06-01,2026-06-02,52663,52663,9479.34,9480.34,1,1,2,FUZZY_MATCH
07ABCDE1824F1Z5,07ABCDE1824F1Z5,Fuzzy Supplier 283,Fuzzy Supplier 283 Pvt Ltd,INV-00283,INV00283,2026-07-23,2026-07-24,13106,13106,2359.08,2358.08,1,1,2,FUZZY_MATCH
07ABCDE7297F1Z5,07ABCDE7297F1Z5,Fuzzy Supplier 284,Fuzzy Supplier 284 Pvt Ltd,INV-00284,inv-00284,2026-08-11,2026-08-11,9047,9047,1628.46,1628.46,1,1,2,FUZZY_MATCH
07ABCDE3489F1Z5,07ABCDE3489F1Z5,Fuzzy Supplier 285,Fuzzy Supplier 285 Pvt Ltd,INV-00285,INV00285A,2026-08-24,2026-08-25,35706,35706,6427.08,6426.08,1,1,2,FUZZY_MATCH
07ABCDE6719F1Z5,07ABCDE6719F1Z5,Fuzzy Supplier 286,Fuzzy Supplier 286 Pvt Ltd,INV-00286,inv-00286,2026-05-23,2026-05-23,33738,33738,6072.84,6073.84,1,1,2,FUZZY_MATCH
07ABCDE8774F1Z5,07ABCDE8774F1Z5,Fuzzy Supplier 287,Fuzzy Supplier 287 Pvt Ltd,INV-00287,INV00287,2026-10-16,2026-10-15,66003,66003,11880.54,11880.54,1,1,2,FUZZY_MATCH
07ABCDE3916F1Z5,07ABCDE3916F1Z5,Fuzzy Supplier 288,Fuzzy Supplier 288 Pvt Ltd,INV-00288,INV00288,2026-11-09,2026-11-10,19202,19202,3456.36,3456.36,1,1,2,FUZZY_MATCH
07ABCDE3421F1Z5,07ABCDE3421F1Z5,Fuzzy Supplier 289,Fuzzy Supplier 289 Pvt Ltd,INV-00289,INV00289,2026-11-11,2026-11-10,16649,16649,2996.82,2995.82,1,1,2,FUZZY_MATCH
07ABCDE8747F1Z5,07ABCDE8747F1Z5,Fuzzy Supplier 290,Fuzzy Supplier 290 Pvt Ltd,INV-00290,INV00290A,2026-01-19,2026-01-19,26284,26284,4731.12,4730.12,1,1,2,FUZZY_MATCH
07ABCDE5750F1Z5,07ABCDE5750F1Z5,Fuzzy Supplier 291,Fuzzy Supplier 291 Pvt Ltd,INV-00291,INV00291,2026-01-22,2026-01-23,26267,26267,4728.06,4727.06,1,1,2,FUZZY_MATCH
07ABCDE7636F1Z5,07ABCDE7636F1Z5,Fuzzy Supplier 292,Fuzzy Supplier 292 Pvt Ltd,INV-00292,inv-00292,2026-12-11,2026-12-12,28162,28162,5069.16,5070.16,1,1,2,FUZZY_MATCH
07ABCDE7383F1Z5,07ABCDE7383F1Z5,Fuzzy Supplier 293,Fuzzy Supplier 293 Pvt Ltd,INV-00293,inv-00293,2026-11-30,2026-11-30,58481,58481,10526.58,10527.58,1,1,2,FUZZY_MATCH
07ABCDE2859F1Z5,07ABCDE2859F1Z5,Fuzzy Supplier 294,Fuzzy Supplier 294 Pvt Ltd,INV-00294,INV00294,2026-09-16,2026-09-16,82553,82553,14859.54,14860.54,1,1,2,FUZZY_MATCH
07ABCDE9370F1Z5,07ABCDE9370F1Z5,Fuzzy Supplier 295,Fuzzy Supplier 295 Pvt Ltd,INV-00295,INV00295,2026-08-10,2026-08-09,88114,88114,15860.52,15859.52,1,1,2,FUZZY_MATCH
07ABCDE4533F1Z5,07ABCDE4533F1Z5,Fuzzy Supplier 296,Fuzzy Supplier 296 Pvt Ltd,INV-00296,INV00296A,2026-09-19,2026-09-18,22533,22533,4055.94,4054.94,1,1,2,FUZZY_MATCH
07ABCDE3441F1Z5,07ABCDE3441F1Z5,Fuzzy Supplier 297,Fuzzy Supplier 297 Pvt Ltd,INV-00297,INV00297,2026-06-03,2026-06-03,80698,80698,14525.64,14526.64,1,1,2,FUZZY_MATCH
07ABCDE4024F1Z5,07ABCDE4024F1Z5,Fuzzy Supplier 298,Fuzzy Supplier 298 Pvt Ltd,INV-00298,INV00298,2026-04-01,2026-04-02,31063,31063,5591.34,5591.34,1,1,2,FUZZY_MATCH
07ABCDE2996F1Z5,07ABCDE2996F1Z5,Fuzzy Supplier 299,Fuzzy Supplier 299 Pvt Ltd,INV-00299,inv-00299A,2026-08-18,2026-08-18,13068,13068,2352.24,2351.24,1,1,2,FUZZY_MATCH
07ABCDE2854F1Z5,07ABCDE2854F1Z5,Fuzzy Supplier 300,Fuzzy Supplier 300 Pvt Ltd,INV-00300,INV00300,2026-09-21,2026-09-21,28294,28294,5092.92,5093.92,1,1,2,FUZZY_MATCH
07ABCDE8700F1Z5,07ABCDE8700F1Z5,Fuzzy Supplier 301,Fuzzy Supplier 301 Pvt Ltd,INV-00301,inv-00301,2026-02-20,2026-02-21,56762,56762,10217.16,10216.16,1,1,2,FUZZY_MATCH
07ABCDE8922F1Z5,07ABCDE8922F1Z5,Fuzzy Supplier 302,Fuzzy Supplier 302 Pvt Ltd,INV-00302,inv-00302A,2026-07-21,2026-07-21,70173,70173,12631.14,12630.14,1,1,2,FUZZY_MATCH
07ABCDE9578F1Z5,07ABCDE9578F1Z5,Fuzzy Supplier 303,Fuzzy Supplier 303 Pvt Ltd,INV-00303,INV00303,2026-01-18,2026-01-18,63087,63087,11355.66,11355.66,1,1,2,FUZZY_MATCH
07ABCDE2762F1Z5,07ABCDE2762F1Z5,Fuzzy Supplier 304,Fuzzy Supplier 304 Pvt Ltd,INV-00304,INV00304,2026-02-13,2026-02-14,87703,87703,15786.54,15787.54,1,1,2,FUZZY_MATCH
07ABCDE8082F1Z5,07ABCDE8082F1Z5,Fuzzy Supplier 305,Fuzzy Supplier 305 Pvt Ltd,INV-00305,inv-00305,2026-07-04,2026-07-03,73113,73113,13160.34,13159.34,1,1,2,FUZZY_MATCH
07ABCDE8085F1Z5,07ABCDE8085F1Z5,Fuzzy Supplier 306,Fuzzy Supplier 306 Pvt Ltd,INV-00306,inv-00306,2026-11-17,2026-11-17,16707,16707,3007.26,3006.26,1,1,2,FUZZY_MATCH
07ABCDE5704F1Z5,07ABCDE5704F1Z5,Fuzzy Supplier 307,Fuzzy Supplier 307 Pvt Ltd,INV-00307,INV00307,2026-06-20,2026-06-19,42194,42194,7594.92,7594.92,1,1,2,FUZZY_MATCH
07ABCDE4320F1Z5,07ABCDE4320F1Z5,Fuzzy Supplier 308,Fuzzy Supplier 308 Pvt Ltd,INV-00308,inv-00308,2026-02-08,2026-02-08,34606,34606,6229.08,6228.08,1,1,2,FUZZY_MATCH
07ABCDE3628F1Z5,07ABCDE3628F1Z5,Fuzzy Supplier 309,Fuzzy Supplier 309 Pvt Ltd,INV-00309,inv-00309,2026-08-04,2026-08-04,11209,11209,2017.62,2018.62,1,1,2,FUZZY_MATCH
07ABCDE4901F1Z5,07ABCDE4901F1Z5,Fuzzy Supplier 310,Fuzzy Supplier 310 Pvt Ltd,INV-00310,INV00310,2026-09-28,2026-09-27,91630,91630,16493.40,16492.40,1,1,2,FUZZY_MATCH
07ABCDE7964F1Z5,07ABCDE7964F1Z5,Fuzzy Supplier 311,Fuzzy Supplier 311 Pvt Ltd,INV-00311,INV00311,2026-01-23,2026-01-23,60271,60271,10848.78,10849.78,1,1,2,FUZZY_MATCH
07ABCDE3336F1Z5,07ABCDE3336F1Z5,Fuzzy Supplier 312,Fuzzy Supplier 312 Pvt Ltd,INV-00312,INV00312A,2026-04-15,2026-04-14,28476,28476,5125.68,5125.68,1,1,2,FUZZY_MATCH
07ABCDE3201F1Z5,07ABCDE3201F1Z5,Fuzzy Supplier 313,Fuzzy Supplier 313 Pvt Ltd,INV-00313,inv-00313A,2026-04-17,2026-04-18,89368,89368,16086.24,16086.24,1,1,2,FUZZY_MATCH
07ABCDE3346F1Z5,07ABCDE3346F1Z5,Fuzzy Supplier 314,Fuzzy Supplier 314 Pvt Ltd,INV-00314,INV00314,2026-08-04,2026-08-03,88243,88243,15883.74,15883.74,1,1,2,FUZZY_MATCH
07ABCDE7226F1Z5,07ABCDE7226F1Z5,Fuzzy Supplier 315,Fuzzy Supplier 315 Pvt Ltd,INV-00315,inv-00315,2026-01-26,2026-01-26,51764,51764,9317.52,9317.52,1,1,2,FUZZY_MATCH
07ABCDE7622F1Z5,07ABCDE7622F1Z5,Fuzzy Supplier 316,Fuzzy Supplier 316 Pvt Ltd,INV-00316,INV00316,2026-09-15,2026-09-15,41815,41815,7526.70,7526.70,1,1,2,FUZZY_MATCH
07ABCDE2917F1Z5,07ABCDE2917F1Z5,Fuzzy Supplier 317,Fuzzy Supplier 317 Pvt Ltd,INV-00317,INV00317,2026-04-26,2026-04-25,28236,28236,5082.48,5083.48,1,1,2,FUZZY_MATCH
07ABCDE2619F1Z5,07ABCDE2619F1Z5,Fuzzy Supplier 318,Fuzzy Supplier 318 Pvt Ltd,INV-00318,inv-00318,2026-06-22,2026-06-23,79432,79432,14297.76,14297.76,1,1,2,FUZZY_MATCH
07ABCDE6408F1Z5,07ABCDE6408F1Z5,Fuzzy Supplier 319,Fuzzy Supplier 319 Pvt Ltd,INV-00319,inv-00319,2026-10-01,2026-09-30,80249,80249,14444.82,14444.82,1,1,2,FUZZY_MATCH
07ABCDE8575F1Z5,07ABCDE8575F1Z5,Fuzzy Supplier 320,Fuzzy Supplier 320 Pvt Ltd,INV-00320,INV00320A,2026-04-19,2026-04-20,22428,22428,4037.04,4037.04,1,1,2,FUZZY_MATCH
07ABCDE5169F1Z5,07ABCDE5169F1Z5,Fuzzy Supplier 321,Fuzzy Supplier 321 Pvt Ltd,INV-00321,inv-00321,2026-04-23,2026-04-23,35907,35907,6463.26,6462.26,1,1,2,FUZZY_MATCH
07ABCDE5322F1Z5,07ABCDE5322F1Z5,Fuzzy Supplier 322,Fuzzy Supplier 322 Pvt Ltd,INV-00322,INV00322,2026-08-19,2026-08-19,64108,64108,11539.44,11540.44,1,1,2,FUZZY_MATCH
07ABCDE9705F1Z5,07ABCDE9705F1Z5,Fuzzy Supplier 323,Fuzzy Supplier 323 Pvt Ltd,INV-00323,inv-00323A,2026-11-30,2026-12-01,85126,85126,15322.68,15321.68,1,1,2,FUZZY_MATCH
07ABCDE1827F1Z5,07ABCDE1827F1Z5,Fuzzy Supplier 324,Fuzzy Supplier 324 Pvt Ltd,INV-00324,INV00324,2026-02-23,2026-02-23,25984,25984,4677.12,4676.12,1,1,2,FUZZY_MATCH
07ABCDE4546F1Z5,07ABCDE4546F1Z5,Fuzzy Supplier 325,Fuzzy Supplier 325 Pvt Ltd,INV-00325,inv-00325,2026-10-02,2026-10-02,88649,88649,15956.82,15957.82,1,1,2,FUZZY_MATCH
07ABCDE2035F1Z5,07ABCDE2035F1Z5,Fuzzy Supplier 326,Fuzzy Supplier 326 Pvt Ltd,INV-00326,INV00326,2026-03-04,2026-03-03,67857,67857,12214.26,12214.26,1,1,2,FUZZY_MATCH
07ABCDE2623F1Z5,07ABCDE2623F1Z5,Fuzzy Supplier 327,Fuzzy Supplier 327 Pvt Ltd,INV-00327,inv-00327,2026-06-12,2026-06-11,11033,11033,1985.94,1984.94,1,1,2,FUZZY_MATCH
07ABCDE6524F1Z5,07ABCDE6524F1Z5,Fuzzy Supplier 328,Fuzzy Supplier 328 Pvt Ltd,INV-00328,inv-00328,2026-08-20,2026-08-20,58509,58509,10531.62,10531.62,1,1,2,FUZZY_MATCH
07ABCDE9353F1Z5,07ABCDE9353F1Z5,Fuzzy Supplier 329,Fuzzy Supplier 329 Pvt Ltd,INV-00329,inv-00329,2026-11-15,2026-11-16,93450,93450,16821.00,16822.00,1,1,2,FUZZY_MATCH
07ABCDE7590F1Z5,07ABCDE7590F1Z5,Fuzzy Supplier 330,Fuzzy Supplier 330 Pvt Ltd,INV-00330,INV00330,2026-09-30,2026-09-30,56329,56329,10139.22,10138.22,1,1,2,FUZZY_MATCH
07ABCDE7839F1Z5,07ABCDE7839F1Z5,Fuzzy Supplier 331,Fuzzy Supplier 331 Pvt Ltd,INV-00331,INV00331,2026-01-21,2026-01-21,15105,15105,2718.90,2717.90,1,1,2,FUZZY_MATCH
07ABCDE1641F1Z5,07ABCDE1641F1Z5,Fuzzy Supplier 332,Fuzzy Supplier 332 Pvt Ltd,INV-00332,INV00332,2026-03-26,2026-03-25,85038,85038,15306.84,15305.84,1,1,2,FUZZY_MATCH
07ABCDE1760F1Z5,07ABCDE1760F1Z5,Fuzzy Supplier 333,Fuzzy Supplier 333 Pvt Ltd,INV-00333,inv-00333,2026-07-19,2026-07-19,94887,94887,17079.66,17079.66,1,1,2,FUZZY_MATCH
07ABCDE8239F1Z5,07ABCDE8239F1Z5,Fuzzy Supplier 334,Fuzzy Supplier 334 Pvt Ltd,INV-00334,inv-00334,2026-01-06,2026-01-07,54532,54532,9815.76,9814.76,1,1,2,FUZZY_MATCH
07ABCDE4201F1Z5,07ABCDE4201F1Z5,Fuzzy Supplier 335,Fuzzy Supplier 335 Pvt Ltd,INV-00335,INV00335,2026-07-08,2026-07-08,43198,43198,7775.64,7775.64,1,1,2,FUZZY_MATCH
07ABCDE3739F1Z5,07ABCDE3739F1Z5,Fuzzy Supplier 336,Fuzzy Supplier 336 Pvt Ltd,INV-00336,inv-00336,2026-06-22,2026-06-23,87529,87529,15755.22,15754.22,1,1,2,FUZZY_MATCH
07ABCDE3989F1Z5,07ABCDE3989F1Z5,Fuzzy Supplier 337,Fuzzy Supplier 337 Pvt Ltd,INV-00337,inv-00337,2026-06-16,2026-06-17,83597,83597,15047.46,15046.46,1,1,2,FUZZY_MATCH
07ABCDE7915F1Z5,07ABCDE7915F1Z5,Fuzzy Supplier 338,Fuzzy Supplier 338 Pvt Ltd,INV-00338,inv-00338,2026-10-08,2026-10-08,31686,31686,5703.48,5704.48,1,1,2,FUZZY_MATCH
07ABCDE4902F1Z5,07ABCDE4902F1Z5,Fuzzy Supplier 339,Fuzzy Supplier 339 Pvt Ltd,INV-00339,INV00339A,2026-10-09,2026-10-10,42987,42987,7737.66,7736.66,1,1,2,FUZZY_MATCH
07ABCDE8757F1Z5,07ABCDE8757F1Z5,Fuzzy Supplier 340,Fuzzy Supplier 340 Pvt Ltd,INV-00340,inv-00340,2026-12-21,2026-12-22,60629,60629,10913.22,10913.22,1,1,2,FUZZY_MATCH
07ABCDE7718F1Z5,07ABCDE7718F1Z5,Fuzzy Supplier 341,Fuzzy Supplier 341 Pvt Ltd,INV-00341,INV00341,2026-07-27,2026-07-27,48772,48772,8778.96,8779.96,1,1,2,FUZZY_MATCH
07ABCDE4853F1Z5,07ABCDE4853F1Z5,Fuzzy Supplier 342,Fuzzy Supplier 342 Pvt Ltd,INV-00342,inv-00342,2026-07-26,2026-07-26,15579,15579,2804.22,2804.22,1,1,2,FUZZY_MATCH
07ABCDE3801F1Z5,07ABCDE3801F1Z5,Fuzzy Supplier 343,Fuzzy Supplier 343 Pvt Ltd,INV-00343,INV00343,2026-10-17,2026-10-17,15054,15054,2709.72,2709.72,1,1,2,FUZZY_MATCH
07ABCDE7315F1Z5,07ABCDE7315F1Z5,Fuzzy Supplier 344,Fuzzy Supplier 344 Pvt Ltd,INV-00344,INV00344,2026-08-22,2026-08-23,45253,45253,8145.54,8144.54,1,1,2,FUZZY_MATCH
07ABCDE2706F1Z5,07ABCDE2706F1Z5,Fuzzy Supplier 345,Fuzzy Supplier 345 Pvt Ltd,INV-00345,inv-00345,2026-12-07,2026-12-08,27695,27695,4985.10,4985.10,1,1,2,FUZZY_MATCH
07ABCDE1130F1Z5,07ABCDE1130F1Z5,Fuzzy Supplier 346,Fuzzy Supplier 346 Pvt Ltd,INV-00346,INV00346,2026-06-15,2026-06-14,75305,75305,13554.90,13554.90,1,1,2,FUZZY_MATCH
07ABCDE6562F1Z5,07ABCDE6562F1Z5,Fuzzy Supplier 347,Fuzzy Supplier 347 Pvt Ltd,INV-00347,inv-00347A,2026-11-09,2026-11-09,89862,89862,16175.16,16174.16,1,1,2,FUZZY_MATCH
07ABCDE3070F1Z5,07ABCDE3070F1Z5,Fuzzy Supplier 348,Fuzzy Supplier 348 Pvt Ltd,INV-00348,inv-00348A,2026-02-06,2026-02-06,4197,4197,755.46,756.46,1,1,2,FUZZY_MATCH
07ABCDE8565F1Z5,07ABCDE8565F1Z5,Fuzzy Supplier 349,Fuzzy Supplier 349 Pvt Ltd,INV-00349,inv-00349,2026-02-20,2026-02-20,15990,15990,2878.20,2878.20,1,1,2,FUZZY_MATCH
07ABCDE5139F1Z5,07ABCDE5139F1Z5,Fuzzy Supplier 350,Fuzzy Supplier 350 Pvt Ltd,INV-00350,INV00350A,2026-03-22,2026-03-22,75842,75842,13651.56,13651.56,1,1,2,FUZZY_MATCH
07ABCDE6168F1Z5,07ABCDE6168F1Z5,Fuzzy Supplier 351,Fuzzy Supplier 351 Pvt Ltd,INV-00351,inv-00351,2026-12-10,2026-12-09,89982,89982,16196.76,16195.76,1,1,2,FUZZY_MATCH
07ABCDE4672F1Z5,07ABCDE4672F1Z5,Fuzzy Supplier 352,Fuzzy Supplier 352 Pvt Ltd,INV-00352,inv-00352,2026-09-11,2026-09-12,13706,13706,2467.08,2467.08,1,1,2,FUZZY_MATCH
07ABCDE6785F1Z5,07ABCDE6785F1Z5,Fuzzy Supplier 353,Fuzzy Supplier 353 Pvt Ltd,INV-00353,inv-00353A,2026-11-10,2026-11-09,30927,30927,5566.86,5566.86,1,1,2,FUZZY_MATCH
07ABCDE6159F1Z5,07ABCDE6159F1Z5,Fuzzy Supplier 354,Fuzzy Supplier 354 Pvt Ltd,INV-00354,INV00354A,2026-02-25,2026-02-24,45972,45972,8274.96,8275.96,1,1,2,FUZZY_MATCH
07ABCDE5724F1Z5,07ABCDE5724F1Z5,Fuzzy Supplier 355,Fuzzy Supplier 355 Pvt Ltd,INV-00355,inv-00355A,2026-11-15,2026-11-15,39420,39420,7095.60,7096.60,1,1,2,FUZZY_MATCH
07ABCDE2073F1Z5,07ABCDE2073F1Z5,Fuzzy Supplier 356,Fuzzy Supplier 356 Pvt Ltd,INV-00356,INV00356,2026-06-23,2026-06-24,79352,79352,14283.36,14284.36,1,1,2,FUZZY_MATCH
07ABCDE9460F1Z5,07ABCDE9460F1Z5,Fuzzy Supplier 357,Fuzzy Supplier 357 Pvt Ltd,INV-00357,INV00357,2026-06-14,2026-06-14,35495,35495,6389.10,6390.10,1,1,2,FUZZY_MATCH
07ABCDE9104F1Z5,07ABCDE9104F1Z5,Fuzzy Supplier 358,Fuzzy Supplier 358 Pvt Ltd,INV-00358,inv-00358,2026-01-02,2026-01-01,99893,99893,17980.74,17980.74,1,1,2,FUZZY_MATCH
07ABCDE7687F1Z5,07ABCDE7687F1Z5,Fuzzy Supplier 359,Fuzzy Supplier 359 Pvt Ltd,INV-00359,INV00359A,2026-03-09,2026-03-10,91403,91403,16452.54,16451.54,1,1,2,FUZZY_MATCH
07ABCDE8728F1Z5,07ABCDE8728F1Z5,Fuzzy Supplier 360,Fuzzy Supplier 360 Pvt Ltd,INV-00360,INV00360,2026-01-10,2026-01-11,34572,34572,6222.96,6223.96,1,1,2,FUZZY_MATCH
07ABCDE9075F1Z5,07ABCDE9075F1Z5,Fuzzy Supplier 361,Fuzzy Supplier 361 Pvt Ltd,INV-00361,inv-00361,2026-06-28,2026-06-27,42458,42458,7642.44,7642.44,1,1,2,FUZZY_MATCH
07ABCDE2908F1Z5,07ABCDE2908F1Z5,Fuzzy Supplier 362,Fuzzy Supplier 362 Pvt Ltd,INV-00362,INV00362,2026-06-29,2026-06-28,1403,1403,252.54,252.54,1,1,2,FUZZY_MATCH
07ABCDE1767F1Z5,07ABCDE1767F1Z5,Fuzzy Supplier 363,Fuzzy Supplier 363 Pvt Ltd,INV-00363,inv-00363,2026-06-21,2026-06-20,63520,63520,11433.60,11433.60,1,1,2,FUZZY_MATCH
07ABCDE5247F1Z5,07ABCDE5247F1Z5,Fuzzy Supplier 364,Fuzzy Supplier 364 Pvt Ltd,INV-00364,INV00364,2026-12-01,2026-12-02,88175,88175,15871.50,15871.50,1,1,2,FUZZY_MATCH
07ABCDE3801F1Z5,07ABCDE3801F1Z5,Fuzzy Supplier 365,Fuzzy Supplier 365 Pvt Ltd,INV-00365,INV00365,2026-04-19,2026-04-18,19044,19044,3427.92,3426.92,1,1,2,FUZZY_MATCH
07ABCDE3075F1Z5,07ABCDE3075F1Z5,Fuzzy Supplier 366,Fuzzy Supplier 366 Pvt Ltd,INV-00366,inv-00366,2026-05-27,2026-05-27,74858,74858,13474.44,13475.44,1,1,2,FUZZY_MATCH
07ABCDE2068F1Z5,07ABCDE2068F1Z5,Fuzzy Supplier 367,Fuzzy Supplier 367 Pvt Ltd,INV-00367,INV00367,2026-09-08,2026-09-08,41412,41412,7454.16,7454.16,1,1,2,FUZZY_MATCH
07ABCDE8941F1Z5,07ABCDE8941F1Z5,Fuzzy Supplier 368,Fuzzy Supplier 368 Pvt Ltd,INV-00368,inv-00368A,2026-10-07,2026-10-07,40896,40896,7361.28,7362.28,1,1,2,FUZZY_MATCH
07ABCDE1604F1Z5,07ABCDE1604F1Z5,Fuzzy Supplier 369,Fuzzy Supplier 369 Pvt Ltd,INV-00369,INV00369,2026-06-27,2026-06-28,76581,76581,13784.58,13784.58,1,1,2,FUZZY_MATCH
07ABCDE6188F1Z5,07ABCDE6188F1Z5,Fuzzy Supplier 370,Fuzzy Supplier 370 Pvt Ltd,INV-00370,INV00370A,2026-02-11,2026-02-10,76777,76777,13819.86,13819.86,1,1,2,FUZZY_MATCH
07ABCDE9410F1Z5,07ABCDE9410F1Z5,Fuzzy Supplier 371,Fuzzy Supplier 371 Pvt Ltd,INV-00371,INV00371A,2026-02-21,2026-02-22,53440,53440,9619.20,9619.20,1,1,2,FUZZY_MATCH
07ABCDE8626F1Z5,07ABCDE8626F1Z5,Fuzzy Supplier 372,Fuzzy Supplier 372 Pvt Ltd,INV-00372,INV00372,2026-12-03,2026-12-04,80106,80106,14419.08,14418.08,1,1,2,FUZZY_MATCH
07ABCDE3973F1Z5,07ABCDE3973F1Z5,Fuzzy Supplier 373,Fuzzy Supplier 373 Pvt Ltd,INV-00373,INV00373,2026-10-24,2026-10-23,60581,60581,10904.58,10904.58,1,1,2,FUZZY_MATCH
07ABCDE7770F1Z5,07ABCDE7770F1Z5,Fuzzy Supplier 374,Fuzzy Supplier 374 Pvt Ltd,INV-00374,inv-00374A,2026-09-29,2026-09-29,18289,18289,3292.02,3291.02,1,1,2,FUZZY_MATCH
07ABCDE7180F1Z5,07ABCDE7180F1Z5,Fuzzy Supplier 375,Fuzzy Supplier 375 Pvt Ltd,INV-00375,inv-00375,2026-05-06,2026-05-06,91373,91373,16447.14,16448.14,1,1,2,FUZZY_MATCH
07ABCDE4089F1Z5,07ABCDE4089F1Z5,Fuzzy Supplier 376,Fuzzy Supplier 376 Pvt Ltd,INV-00376,inv-00376,2026-01-02,2026-01-02,2132,2132,383.76,383.76,1,1,2,FUZZY_MATCH
07ABCDE8432F1Z5,07ABCDE8432F1Z5,Fuzzy Supplier 377,Fuzzy Supplier 377 Pvt Ltd,INV-00377,INV00377,2026-09-12,2026-09-12,20989,20989,3778.02,3777.02,1,1,2,FUZZY_MATCH
07ABCDE2028F1Z5,07ABCDE2028F1Z5,Fuzzy Supplier 378,Fuzzy Supplier 378 Pvt Ltd,INV-00378,inv-00378,2026-08-22,2026-08-22,70535,70535,12696.30,12695.30,1,1,2,FUZZY_MATCH
07ABCDE8762F1Z5,07ABCDE8762F1Z5,Fuzzy Supplier 379,Fuzzy Supplier 379 Pvt Ltd,INV-00379,INV00379,2026-07-17,2026-07-18,85020,85020,15303.60,15304.60,1,1,2,FUZZY_MATCH
07ABCDE9696F1Z5,07ABCDE9696F1Z5,Fuzzy Supplier 380,Fuzzy Supplier 380 Pvt Ltd,INV-00380,inv-00380,2026-11-14,2026-11-14,62226,62226,11200.68,11201.68,1,1,2,FUZZY_MATCH
07ABCDE2875F1Z5,07ABCDE2875F1Z5,Fuzzy Supplier 381,Fuzzy Supplier 381 Pvt Ltd,INV-00381,INV00381,2026-01-31,2026-01-31,8069,8069,1452.42,1453.42,1,1,2,FUZZY_MATCH
07ABCDE6668F1Z5,07ABCDE6668F1Z5,Fuzzy Supplier 382,Fuzzy Supplier 382 Pvt Ltd,INV-00382,INV00382,2026-05-11,2026-05-12,37303,37303,6714.54,6715.54,1,1,2,FUZZY_MATCH
07ABCDE6554F1Z5,07ABCDE6554F1Z5,Fuzzy Supplier 383,Fuzzy Supplier 383 Pvt Ltd,INV-00383,inv-00383,2026-01-31,2026-02-01,45330,45330,8159.40,8160.40,1,1,2,FUZZY_MATCH
07ABCDE5308F1Z5,07ABCDE5308F1Z5,Fuzzy Supplier 384,Fuzzy Supplier 384 Pvt Ltd,INV-00384,INV00384,2026-09-20,2026-09-20,39266,39266,7067.88,7067.88,1,1,2,FUZZY_MATCH
07ABCDE7682F1Z5,07ABCDE7682F1Z5,Fuzzy Supplier 385,Fuzzy Supplier 385 Pvt Ltd,INV-00385,INV00385,2026-07-28,2026-07-28,21503,21503,3870.54,3870.54,1,1,2,FUZZY_MATCH
07ABCDE3656F1Z5,07ABCDE3656F1Z5,Fuzzy Supplier 386,Fuzzy Supplier 386 Pvt Ltd,INV-00386,inv-00386,2026-01-13,2026-01-13,20761,20761,3736.98,3736.98,1,1,2,FUZZY_MATCH
07ABCDE8921F1Z5,07ABCDE8921F1Z5,Fuzzy Supplier 387,Fuzzy Supplier 387 Pvt Ltd,INV-00387,inv-00387,2026-11-30,2026-11-30,94025,94025,16924.50,16924.50,1,1,2,FUZZY_MATCH
07ABCDE3286F1Z5,07ABCDE3286F1Z5,Fuzzy Supplier 388,Fuzzy Supplier 388 Pvt Ltd,INV-00388,INV00388,2026-06-16,2026-06-16,71159,71159,12808.62,12807.62,1,1,2,FUZZY_MATCH
07ABCDE2049F1Z5,07ABCDE2049F1Z5,Fuzzy Supplier 389,Fuzzy Supplier 389 Pvt Ltd,INV-00389,INV00389,2026-10-26,2026-10-26,89716,89716,16148.88,16148.88,1,1,2,FUZZY_MATCH
07ABCDE4609F1Z5,07ABCDE4609F1Z5,Fuzzy Supplier 390,Fuzzy Supplier 390 Pvt Ltd,INV-00390,inv-00390,2026-11-15,2026-11-15,63314,63314,11396.52,11395.52,1,1,2,FUZZY_MATCH
07ABCDE8517F1Z5,07ABCDE8517F1Z5,Fuzzy Supplier 391,Fuzzy Supplier 391 Pvt Ltd,INV-00391,inv-00391,2026-08-25,2026-08-25,65004,65004,11700.72,11701.72,1,1,2,FUZZY_MATCH
07ABCDE6326F1Z5,07ABCDE6326F1Z5,Fuzzy Supplier 392,Fuzzy Supplier 392 Pvt Ltd,INV-00392,INV00392,2026-12-31,2026-12-30,25311,25311,4555.98,4554.98,1,1,2,FUZZY_MATCH
07ABCDE2326F1Z5,07ABCDE2326F1Z5,Fuzzy Supplier 393,Fuzzy Supplier 393 Pvt Ltd,INV-00393,INV00393,2026-12-25,2026-12-24,28553,28553,5139.54,5140.54,1,1,2,FUZZY_MATCH
07ABCDE1776F1Z5,07ABCDE1776F1Z5,Fuzzy Supplier 394,Fuzzy Supplier 394 Pvt Ltd,INV-00394,INV00394,2026-10-12,2026-10-13,18368,18368,3306.24,3305.24,1,1,2,FUZZY_MATCH
07ABCDE1635F1Z5,07ABCDE1635F1Z5,Fuzzy Supplier 395,Fuzzy Supplier 395 Pvt Ltd,INV-00395,INV00395,2026-05-30,2026-05-29,55798,55798,10043.64,10042.64,1,1,2,FUZZY_MATCH
07ABCDE4944F1Z5,07ABCDE4944F1Z5,Fuzzy Supplier 396,Fuzzy Supplier 396 Pvt Ltd,INV-00396,INV00396,2026-07-13,2026-07-13,31902,31902,5742.36,5743.36,1,1,2,FUZZY_MATCH
07ABCDE5546F1Z5,07ABCDE5546F1Z5,Fuzzy Supplier 397,Fuzzy Supplier 397 Pvt Ltd,INV-00397,inv-00397,2026-10-14,2026-10-13,29218,29218,5259.24,5259.24,1,1,2,FUZZY_MATCH
07ABCDE7646F1Z5,07ABCDE7646F1Z5,Fuzzy Supplier 398,Fuzzy Supplier 398 Pvt Ltd,INV-00398,inv-00398,2026-08-07,2026-08-08,98179,98179,17672.22,17673.22,1,1,2,FUZZY_MATCH
07ABCDE8414F1Z5,07ABCDE8414F1Z5,Fuzzy Supplier 399,Fuzzy Supplier 399 Pvt Ltd,INV-00399,inv-00399,2026-10-18,2026-10-19,82090,82090,14776.20,14775.20,1,1,2,FUZZY_MATCH
07ABCDE6396F1Z5,07ABCDE6396F1Z5,Fuzzy Supplier 400,Fuzzy Supplier 400 Pvt Ltd,INV-00400,INV00400,2026-08-09,2026-08-08,26058,26058,4690.44,4690.44,1,1,2,FUZZY_MATCH
07ABCDE8216F1Z5,07ABCDE8216F1Z5,Fuzzy Supplier 401,Fuzzy Supplier 401 Pvt Ltd,INV-00401,inv-00401,2026-05-07,2026-05-07,13613,13613,2450.34,2450.34,1,1,2,FUZZY_MATCH
07ABCDE7031F1Z5,07ABCDE7031F1Z5,Fuzzy Supplier 402,Fuzzy Supplier 402 Pvt Ltd,INV-00402,INV00402,2026-10-09,2026-10-08,46215,46215,8318.70,8317.70,1,1,2,FUZZY_MATCH
07ABCDE7918F1Z5,07ABCDE7918F1Z5,Fuzzy Supplier 403,Fuzzy Supplier 403 Pvt Ltd,INV-00403,INV00403,2026-11-09,2026-11-08,94574,94574,17023.32,17022.32,1,1,2,FUZZY_MATCH
07ABCDE5972F1Z5,07ABCDE5972F1Z5,Fuzzy Supplier 404,Fuzzy Supplier 404 Pvt Ltd,INV-00404,INV00404,2026-02-06,2026-02-06,42070,42070,7572.60,7573.60,1,1,2,FUZZY_MATCH
07ABCDE8399F1Z5,07ABCDE8399F1Z5,Fuzzy Supplier 405,Fuzzy Supplier 405 Pvt Ltd,INV-00405,inv-00405,2026-10-28,2026-10-29,92545,92545,16658.10,16658.10,1,1,2,FUZZY_MATCH
07ABCDE2990F1Z5,07ABCDE2990F1Z5,Fuzzy Supplier 406,Fuzzy Supplier 406 Pvt Ltd,INV-00406,INV00406,2026-03-03,2026-03-02,8530,8530,1535.40,1534.40,1,1,2,FUZZY_MATCH
07ABCDE1698F1Z5,07ABCDE1698F1Z5,Fuzzy Supplier 407,Fuzzy Supplier 407 Pvt Ltd,INV-00407,INV00407,2026-03-22,2026-03-21,29039,29039,5227.02,5228.02,1,1,2,FUZZY_MATCH
07ABCDE2259F1Z5,07ABCDE2259F1Z5,Fuzzy Supplier 408,Fuzzy Supplier 408 Pvt Ltd,INV-00408,inv-00408,2026-12-06,2026-12-06,16103,16103,2898.54,2899.54,1,1,2,FUZZY_MATCH
07ABCDE9351F1Z5,07ABCDE9351F1Z5,Fuzzy Supplier 409,Fuzzy Supplier 409 Pvt Ltd,INV-00409,inv-00409,2026-08-08,2026-08-08,13780,13780,2480.40,2480.40,1,1,2,FUZZY_MATCH
07ABCDE2505F1Z5,07ABCDE2505F1Z5,Fuzzy Supplier 410,Fuzzy Supplier 410 Pvt Ltd,INV-00410,inv-00410,2026-09-14,2026-09-14,88989,88989,16018.02,16018.02,1,1,2,FUZZY_MATCH
07ABCDE6933F1Z5,07ABCDE6933F1Z5,Fuzzy Supplier 411,Fuzzy Supplier 411 Pvt Ltd,INV-00411,INV00411,2026-09-06,2026-09-07,94145,94145,16946.10,16946.10,1,1,2,FUZZY_MATCH
07ABCDE5013F1Z5,07ABCDE5013F1Z5,Fuzzy Supplier 412,Fuzzy Supplier 412 Pvt Ltd,INV-00412,inv-00412,2026-11-26,2026-11-25,7892,7892,1420.56,1420.56,1,1,2,FUZZY_MATCH
07ABCDE8385F1Z5,07ABCDE8385F1Z5,Fuzzy Supplier 413,Fuzzy Supplier 413 Pvt Ltd,INV-00413,INV00413,2026-02-10,2026-02-10,8067,8067,1452.06,1451.06,1,1,2,FUZZY_MATCH
07ABCDE5301F1Z5,07ABCDE5301F1Z5,Fuzzy Supplier 414,Fuzzy Supplier 414 Pvt Ltd,INV-00414,inv-00414,2026-09-04,2026-09-04,90726,90726,16330.68,16329.68,1,1,2,FUZZY_MATCH
07ABCDE4238F1Z5,07ABCDE4238F1Z5,Fuzzy Supplier 415,Fuzzy Supplier 415 Pvt Ltd,INV-00415,INV00415,2026-11-11,2026-11-11,62825,62825,11308.50,11309.50,1,1,2,FUZZY_MATCH
07ABCDE6192F1Z5,07ABCDE6192F1Z5,Fuzzy Supplier 416,Fuzzy Supplier 416 Pvt Ltd,INV-00416,inv-00416,2026-09-01,2026-09-01,60163,60163,10829.34,10829.34,1,1,2,FUZZY_MATCH
07ABCDE2913F1Z5,07ABCDE2913F1Z5,Fuzzy Supplier 417,Fuzzy Supplier 417 Pvt Ltd,INV-00417,inv-00417,2026-04-15,2026-04-16,67432,67432,12137.76,12137.76,1,1,2,FUZZY_MATCH
07ABCDE1268F1Z5,07ABCDE1268F1Z5,Fuzzy Supplier 418,Fuzzy Supplier 418 Pvt Ltd,INV-00418,INV00418,2026-08-04,2026-08-05,40874,40874,7357.32,7358.32,1,1,2,FUZZY_MATCH
07ABCDE5403F1Z5,07ABCDE5403F1Z5,Fuzzy Supplier 419,Fuzzy Supplier 419 Pvt Ltd,INV-00419,inv-00419,2026-12-04,2026-12-03,66739,66739,12013.02,12013.02,1,1,2,FUZZY_MATCH
07ABCDE1085F1Z5,07ABCDE1085F1Z5,Fuzzy Supplier 420,Fuzzy Supplier 420 Pvt Ltd,INV-00420,inv-00420,2026-09-06,2026-09-06,91052,91052,16389.36,16390.36,1,1,2,FUZZY_MATCH
07ABCDE5631F1Z5,07ABCDE5631F1Z5,Fuzzy Supplier 421,Fuzzy Supplier 421 Pvt Ltd,INV-00421,INV00421,2026-11-03,2026-11-03,62661,62661,11278.98,11279.98,1,1,2,FUZZY_MATCH
07ABCDE5874F1Z5,07ABCDE5874F1Z5,Fuzzy Supplier 422,Fuzzy Supplier 422 Pvt Ltd,INV-00422,inv-00422A,2026-12-09,2026-12-09,44673,44673,8041.14,8042.14,1,1,2,FUZZY_MATCH
07ABCDE9617F1Z5,07ABCDE9617F1Z5,Fuzzy Supplier 423,Fuzzy Supplier 423 Pvt Ltd,INV-00423,inv-00423A,2026-06-14,2026-06-14,91155,91155,16407.90,16407.90,1,1,2,FUZZY_MATCH
07ABCDE2346F1Z5,07ABCDE2346F1Z5,Fuzzy Supplier 424,Fuzzy Supplier 424 Pvt Ltd,INV-00424,inv-00424,2026-09-20,2026-09-20,58812,58812,10586.16,10587.16,1,1,2,FUZZY_MATCH
07ABCDE9258F1Z5,07ABCDE9258F1Z5,Fuzzy Supplier 425,Fuzzy Supplier 425 Pvt Ltd,INV-00425,inv-00425,2026-06-30,2026-06-30,60211,60211,10837.98,10838.98,1,1,2,FUZZY_MATCH
07ABCDE9531F1Z5,07ABCDE9531F1Z5,Fuzzy Supplier 426,Fuzzy Supplier 426 Pvt Ltd,INV-00426,INV00426,2026-11-12,2026-11-12,3613,3613,650.34,650.34,1,1,2,FUZZY_MATCH
07ABCDE6552F1Z5,07ABCDE6552F1Z5,Fuzzy Supplier 427,Fuzzy Supplier 427 Pvt Ltd,INV-00427,INV00427,2026-10-29,2026-10-30,14222,14222,2559.96,2558.96,1,1,2,FUZZY_MATCH
07ABCDE5313F1Z5,07ABCDE5313F1Z5,Fuzzy Supplier 428,Fuzzy Supplier 428 Pvt Ltd,INV-00428,inv-00428,2026-11-24,2026-11-25,99248,99248,17864.64,17865.64,1,1,2,FUZZY_MATCH
07ABCDE5746F1Z5,07ABCDE5746F1Z5,Fuzzy Supplier 429,Fuzzy Supplier 429 Pvt Ltd,INV-00429,inv-00429,2026-09-13,2026-09-12,94542,94542,17017.56,17017.56,1,1,2,FUZZY_MATCH
07ABCDE8137F1Z5,07ABCDE8137F1Z5,Fuzzy Supplier 430,Fuzzy Supplier 430 Pvt Ltd,INV-00430,INV00430,2026-07-26,2026-07-26,71646,71646,12896.28,12897.28,1,1,2,FUZZY_MATCH
07ABCDE8536F1Z5,07ABCDE8536F1Z5,Fuzzy Supplier 431,Fuzzy Supplier 431 Pvt Ltd,INV-00431,inv-00431,2026-08-06,2026-08-07,42434,42434,7638.12,7637.12,1,1,2,FUZZY_MATCH
07ABCDE4933F1Z5,07ABCDE4933F1Z5,Fuzzy Supplier 432,Fuzzy Supplier 432 Pvt Ltd,INV-00432,inv-00432,2026-08-19,2026-08-19,70881,70881,12758.58,12759.58,1,1,2,FUZZY_MATCH
07ABCDE3953F1Z5,07ABCDE3953F1Z5,Fuzzy Supplier 433,Fuzzy Supplier 433 Pvt Ltd,INV-00433,INV00433,2026-11-11,2026-11-11,90225,90225,16240.50,16239.50,1,1,2,FUZZY_MATCH
07ABCDE3342F1Z5,07ABCDE3342F1Z5,Fuzzy Supplier 434,Fuzzy Supplier 434 Pvt Ltd,INV-00434,INV00434,2026-12-08,2026-12-08,56249,56249,10124.82,10123.82,1,1,2,FUZZY_MATCH
07ABCDE3984F1Z5,07ABCDE3984F1Z5,Fuzzy Supplier 435,Fuzzy Supplier 435 Pvt Ltd,INV-00435,INV00435,2026-12-27,2026-12-28,10053,10053,1809.54,1810.54,1,1,2,FUZZY_MATCH
07ABCDE6603F1Z5,07ABCDE6603F1Z5,Fuzzy Supplier 436,Fuzzy Supplier 436 Pvt Ltd,INV-00436,INV00436A,2026-02-03,2026-02-03,69557,69557,12520.26,12520.26,1,1,2,FUZZY_MATCH
07ABCDE3402F1Z5,07ABCDE3402F1Z5,Fuzzy Supplier 437,Fuzzy Supplier 437 Pvt Ltd,INV-00437,inv-00437A,2026-02-11,2026-02-11,89755,89755,16155.90,16155.90,1,1,2,FUZZY_MATCH
07ABCDE7714F1Z5,07ABCDE7714F1Z5,Fuzzy Supplier 438,Fuzzy Supplier 438 Pvt Ltd,INV-00438,inv-00438A,2026-08-12,2026-08-12,7669,7669,1380.42,1379.42,1,1,2,FUZZY_MATCH
07ABCDE8485F1Z5,07ABCDE8485F1Z5,Fuzzy Supplier 439,Fuzzy Supplier 439 Pvt Ltd,INV-00439,INV00439,2026-10-18,2026-10-19,31826,31826,5728.68,5729.68,1,1,2,FUZZY_MATCH
07ABCDE5313F1Z5,07ABCDE5313F1Z5,Fuzzy Supplier 440,Fuzzy Supplier 440 Pvt Ltd,INV-00440,INV00440,2026-08-17,2026-08-16,73535,73535,13236.30,13237.30,1,1,2,FUZZY_MATCH
07ABCDE2370F1Z5,07ABCDE2370F1Z5,Fuzzy Supplier 441,Fuzzy Supplier 441 Pvt Ltd,INV-00441,inv-00441A,2026-02-02,2026-02-02,19013,19013,3422.34,3422.34,1,1,2,FUZZY_MATCH
07ABCDE9217F1Z5,07ABCDE9217F1Z5,Fuzzy Supplier 442,Fuzzy Supplier 442 Pvt Ltd,INV-00442,INV00442,2026-01-14,2026-01-13,35981,35981,6476.58,6477.58,1,1,2,FUZZY_MATCH
07ABCDE2201F1Z5,07ABCDE2201F1Z5,Fuzzy Supplier 443,Fuzzy Supplier 443 Pvt Ltd,INV-00443,INV00443A,2026-12-16,2026-12-16,37170,37170,6690.60,6689.60,1,1,2,FUZZY_MATCH
07ABCDE4473F1Z5,07ABCDE4473F1Z5,Fuzzy Supplier 444,Fuzzy Supplier 444 Pvt Ltd,INV-00444,inv-00444A,2026-07-28,2026-07-27,78461,78461,14122.98,14122.98,1,1,2,FUZZY_MATCH
07ABCDE5722F1Z5,07ABCDE5722F1Z5,Fuzzy Supplier 445,Fuzzy Supplier 445 Pvt Ltd,INV-00445,inv-00445,2026-12-09,2026-12-09,30805,30805,5544.90,5545.90,1,1,2,FUZZY_MATCH
07ABCDE9936F1Z5,07ABCDE9936F1Z5,Fuzzy Supplier 446,Fuzzy Supplier 446 Pvt Ltd,INV-00446,INV00446,2026-12-01,2026-12-01,87876,87876,15817.68,15818.68,1,1,2,FUZZY_MATCH
07ABCDE6932F1Z5,07ABCDE6932F1Z5,Fuzzy Supplier 447,Fuzzy Supplier 447 Pvt Ltd,INV-00447,inv-00447,2026-01-16,2026-01-15,3583,3583,644.94,644.94,1,1,2,FUZZY_MATCH
07ABCDE9135F1Z5,07ABCDE9135F1Z5,Fuzzy Supplier 448,Fuzzy Supplier 448 Pvt Ltd,INV-00448,inv-00448,2026-02-09,2026-02-09,77079,77079,13874.22,13873.22,1,1,2,FUZZY_MATCH
07ABCDE7016F1Z5,07ABCDE7016F1Z5,Fuzzy Supplier 449,Fuzzy Supplier 449 Pvt Ltd,INV-00449,inv-00449,2026-06-10,2026-06-10,32294,32294,5812.92,5812.92,1,1,2,FUZZY_MATCH
07ABCDE3635F1Z5,07ABCDE3635F1Z5,Fuzzy Supplier 450,Fuzzy Supplier 450 Pvt Ltd,INV-00450,INV00450,2026-02-04,2026-02-04,59768,59768,10758.24,10757.24,1,1,2,FUZZY_MATCH
07ABCDE7972F1Z5,07ABCDE7972F1Z5,Fuzzy Supplier 451,Fuzzy Supplier 451 Pvt Ltd,INV-00451,inv-00451,2026-01-12,2026-01-11,65000,65000,11700.00,11701.00,1,1,2,FUZZY_MATCH
07ABCDE6809F1Z5,07ABCDE6809F1Z5,Fuzzy Supplier 452,Fuzzy Supplier 452 Pvt Ltd,INV-00452,INV00452,2026-05-29,2026-05-29,48571,48571,8742.78,8741.78,1,1,2,FUZZY_MATCH
07ABCDE5915F1Z5,07ABCDE5915F1Z5,Fuzzy Supplier 453,Fuzzy Supplier 453 Pvt Ltd,INV-00453,INV00453A,2026-07-13,2026-07-13,13732,13732,2471.76,2471.76,1,1,2,FUZZY_MATCH
07ABCDE8338F1Z5,07ABCDE8338F1Z5,Fuzzy Supplier 454,Fuzzy Supplier 454 Pvt Ltd,INV-00454,INV00454A,2026-12-09,2026-12-08,96518,96518,17373.24,17374.24,1,1,2,FUZZY_MATCH
07ABCDE7471F1Z5,07ABCDE7471F1Z5,Fuzzy Supplier 455,Fuzzy Supplier 455 Pvt Ltd,INV-00455,INV00455,2026-07-06,2026-07-06,86110,86110,15499.80,15498.80,1,1,2,FUZZY_MATCH
07ABCDE9942F1Z5,07ABCDE9942F1Z5,Fuzzy Supplier 456,Fuzzy Supplier 456 Pvt Ltd,INV-00456,inv-00456,2026-09-13,2026-09-14,29690,29690,5344.20,5344.20,1,1,2,FUZZY_MATCH
07ABCDE9088F1Z5,07ABCDE9088F1Z5,Fuzzy Supplier 457,Fuzzy Supplier 457 Pvt Ltd,INV-00457,INV00457,2026-04-07,2026-04-07,37603,37603,6768.54,6767.54,1,1,2,FUZZY_MATCH
07ABCDE5349F1Z5,07ABCDE5349F1Z5,Fuzzy Supplier 458,Fuzzy Supplier 458 Pvt Ltd,INV-00458,INV00458,2026-10-30,2026-10-31,9570,9570,1722.60,1723.60,1,1,2,FUZZY_MATCH
07ABCDE3441F1Z5,07ABCDE3441F1Z5,Fuzzy Supplier 459,Fuzzy Supplier 459 Pvt Ltd,INV-00459,INV00459,2026-10-08,2026-10-08,26061,26061,4690.98,4691.98,1,1,2,FUZZY_MATCH
07ABCDE5053F1Z5,07ABCDE5053F1Z5,Fuzzy Supplier 460,Fuzzy Supplier 460 Pvt Ltd,INV-00460,inv-00460,2026-10-13,2026-10-12,66393,66393,11950.74,11951.74,1,1,2,FUZZY_MATCH
07ABCDE9898F1Z5,07ABCDE9898F1Z5,Fuzzy Supplier 461,Fuzzy Supplier 461 Pvt Ltd,INV-00461,inv-00461,2026-07-07,2026-07-07,14604,14604,2628.72,2628.72,1,1,2,FUZZY_MATCH
07ABCDE5052F1Z5,07ABCDE5052F1Z5,Fuzzy Supplier 462,Fuzzy Supplier 462 Pvt Ltd,INV-00462,INV00462,2026-05-24,2026-05-23,47451,47451,8541.18,8542.18,1,1,2,FUZZY_MATCH
07ABCDE7072F1Z5,07ABCDE7072F1Z5,Fuzzy Supplier 463,Fuzzy Supplier 463 Pvt Ltd,INV-00463,INV00463A,2026-07-25,2026-07-26,80551,80551,14499.18,14499.18,1,1,2,FUZZY_MATCH
07ABCDE3474F1Z5,07ABCDE3474F1Z5,Fuzzy Supplier 464,Fuzzy Supplier 464 Pvt Ltd,INV-00464,inv-00464,2026-10-07,2026-10-06,19528,19528,3515.04,3514.04,1,1,2,FUZZY_MATCH
07ABCDE7745F1Z5,07ABCDE7745F1Z5,Fuzzy Supplier 465,Fuzzy Supplier 465 Pvt Ltd,INV-00465,inv-00465,2026-04-06,2026-04-06,44192,44192,7954.56,7955.56,1,1,2,FUZZY_MATCH
07ABCDE8266F1Z5,07ABCDE8266F1Z5,Fuzzy Supplier 466,Fuzzy Supplier 466 Pvt Ltd,INV-00466,inv-00466,2026-05-06,2026-05-06,89279,89279,16070.22,16070.22,1,1,2,FUZZY_MATCH
07ABCDE7898F1Z5,07ABCDE7898F1Z5,Fuzzy Supplier 467,Fuzzy Supplier 467 Pvt Ltd,INV-00467,INV00467,2026-03-01,2026-03-01,25371,25371,4566.78,4567.78,1,1,2,FUZZY_MATCH
07ABCDE3034F1Z5,07ABCDE3034F1Z5,Fuzzy Supplier 468,Fuzzy Supplier 468 Pvt Ltd,INV-00468,INV00468,2026-08-15,2026-08-15,18620,18620,3351.60,3351.60,1,1,2,FUZZY_MATCH
07ABCDE6713F1Z5,07ABCDE6713F1Z5,Fuzzy Supplier 469,Fuzzy Supplier 469 Pvt Ltd,INV-00469,inv-00469,2026-10-17,2026-10-17,93446,93446,16820.28,16821.28,1,1,2,FUZZY_MATCH
07ABCDE3739F1Z5,07ABCDE3739F1Z5,Fuzzy Supplier 470,Fuzzy Supplier 470 Pvt Ltd,INV-00470,INV00470,2026-06-01,2026-05-31,10657,10657,1918.26,1919.26,1,1,2,FUZZY_MATCH
07ABCDE4202F1Z5,07ABCDE4202F1Z5,Fuzzy Supplier 471,Fuzzy Supplier 471 Pvt Ltd,INV-00471,inv-00471,2026-11-29,2026-11-28,86097,86097,15497.46,15497.46,1,1,2,FUZZY_MATCH
07ABCDE8421F1Z5,07ABCDE8421F1Z5,Fuzzy Supplier 472,Fuzzy Supplier 472 Pvt Ltd,INV-00472,inv-00472,2026-01-24,2026-01-24,52720,52720,9489.60,9489.60,1,1,2,FUZZY_MATCH
07ABCDE8591F1Z5,07ABCDE8591F1Z5,Fuzzy Supplier 473,Fuzzy Supplier 473 Pvt Ltd,INV-00473,INV00473,2026-08-01,2026-08-02,41880,41880,7538.40,7538.40,1,1,2,FUZZY_MATCH
07ABCDE8288F1Z5,07ABCDE8288F1Z5,Fuzzy Supplier 474,Fuzzy Supplier 474 Pvt Ltd,INV-00474,inv-00474,2026-03-17,2026-03-17,97940,97940,17629.20,17629.20,1,1,2,FUZZY_MATCH
07ABCDE7905F1Z5,07ABCDE7905F1Z5,Fuzzy Supplier 475,Fuzzy Supplier 475 Pvt Ltd,INV-00475,inv-00475,2026-06-01,2026-06-01,36115,36115,6500.70,6501.70,1,1,2,FUZZY_MATCH
07ABCDE4828F1Z5,07ABCDE4828F1Z5,Fuzzy Supplier 476,Fuzzy Supplier 476 Pvt Ltd,INV-00476,inv-00476,2026-07-09,2026-07-09,96043,96043,17287.74,17286.74,1,1,2,FUZZY_MATCH
07ABCDE1954F1Z5,07ABCDE1954F1Z5,Fuzzy Supplier 477,Fuzzy Supplier 477 Pvt Ltd,INV-00477,inv-00477A,2026-08-05,2026-08-04,61017,61017,10983.06,10982.06,1,1,2,FUZZY_MATCH
07ABCDE4263F1Z5,07ABCDE4263F1Z5,Fuzzy Supplier 478,Fuzzy Supplier 478 Pvt Ltd,INV-00478,INV00478A,2026-05-21,2026-05-20,22999,22999,4139.82,4138.82,1,1,2,FUZZY_MATCH
07ABCDE7278F1Z5,07ABCDE7278F1Z5,Fuzzy Supplier 479,Fuzzy Supplier 479 Pvt Ltd,INV-00479,INV00479A,2026-04-17,2026-04-17,84900,84900,15282.00,15281.00,1,1,2,FUZZY_MATCH
07ABCDE2257F1Z5,07ABCDE2257F1Z5,Fuzzy Supplier 480,Fuzzy Supplier 480 Pvt Ltd,INV-00480,inv-00480,2026-07-27,2026-07-28,45126,45126,8122.68,8122.68,1,1,2,FUZZY_MATCH
07ABCDE9329F1Z5,07ABCDE9329F1Z5,Fuzzy Supplier 481,Fuzzy Supplier 481 Pvt Ltd,INV-00481,inv-00481,2026-02-17,2026-02-16,84326,84326,15178.68,15178.68,1,1,2,FUZZY_MATCH
07ABCDE6404F1Z5,07ABCDE6404F1Z5,Fuzzy Supplier 482,Fuzzy Supplier 482 Pvt Ltd,INV-00482,INV00482,2026-08-16,2026-08-17,66680,66680,12002.40,12001.40,1,1,2,FUZZY_MATCH
07ABCDE9614F1Z5,07ABCDE9614F1Z5,Fuzzy Supplier 483,Fuzzy Supplier 483 Pvt Ltd,INV-00483,INV00483A,2026-02-20,2026-02-21,94574,94574,17023.32,17024.32,1,1,2,FUZZY_MATCH
07ABCDE8918F1Z5,07ABCDE8918F1Z5,Fuzzy Supplier 484,Fuzzy Supplier 484 Pvt Ltd,INV-00484,inv-00484,2026-05-28,2026-05-29,93692,93692,16864.56,16865.56,1,1,2,FUZZY_MATCH
07ABCDE6052F1Z5,07ABCDE6052F1Z5,Fuzzy Supplier 485,Fuzzy Supplier 485 Pvt Ltd,INV-00485,inv-00485,2026-05-07,2026-05-08,89629,89629,16133.22,16133.22,1,1,2,FUZZY_MATCH
07ABCDE1205F1Z5,07ABCDE1205F1Z5,Fuzzy Supplier 486,Fuzzy Supplier 486 Pvt Ltd,INV-00486,inv-00486,2026-07-25,2026-07-25,78504,78504,14130.72,14129.72,1,1,2,FUZZY_MATCH
07ABCDE9576F1Z5,07ABCDE9576F1Z5,Fuzzy Supplier 487,Fuzzy Supplier 487 Pvt Ltd,INV-00487,INV00487,2026-03-08,2026-03-09,55158,55158,9928.44,9928.44,1,1,2,FUZZY_MATCH
07ABCDE5779F1Z5,07ABCDE5779F1Z5,Fuzzy Supplier 488,Fuzzy Supplier 488 Pvt Ltd,INV-00488,INV00488A,2026-01-18,2026-01-17,93318,93318,16797.24,16796.24,1,1,2,FUZZY_MATCH
07ABCDE6038F1Z5,07ABCDE6038F1Z5,Fuzzy Supplier 489,Fuzzy Supplier 489 Pvt Ltd,INV-00489,inv-00489,2026-02-26,2026-02-25,56860,56860,10234.80,10235.80,1,1,2,FUZZY_MATCH
07ABCDE4053F1Z5,07ABCDE4053F1Z5,Fuzzy Supplier 490,Fuzzy Supplier 490 Pvt Ltd,INV-00490,inv-00490,2026-12-08,2026-12-08,88075,88075,15853.50,15852.50,1,1,2,FUZZY_MATCH
07ABCDE9609F1Z5,07ABCDE9609F1Z5,Fuzzy Supplier 491,Fuzzy Supplier 491 Pvt Ltd,INV-00491,inv-00491A,2026-06-04,2026-06-04,54301,54301,9774.18,9774.18,1,1,2,FUZZY_MATCH
07ABCDE5645F1Z5,07ABCDE5645F1Z5,Fuzzy Supplier 492,Fuzzy Supplier 492 Pvt Ltd,INV-00492,inv-00492,2026-10-06,2026-10-07,75969,75969,13674.42,13673.42,1,1,2,FUZZY_MATCH
07ABCDE2079F1Z5,07ABCDE2079F1Z5,Fuzzy Supplier 493,Fuzzy Supplier 493 Pvt Ltd,INV-00493,inv-00493,2026-06-03,2026-06-04,18302,18302,3294.36,3295.36,1,1,2,FUZZY_MATCH
07ABCDE9483F1Z5,07ABCDE9483F1Z5,Fuzzy Supplier 494,Fuzzy Supplier 494 Pvt Ltd,INV-00494,INV00494,2026-10-02,2026-10-02,91789,91789,16522.02,16521.02,1,1,2,FUZZY_MATCH
07ABCDE4382F1Z5,07ABCDE4382F1Z5,Fuzzy Supplier 495,Fuzzy Supplier 495 Pvt Ltd,INV-00495,INV00495,2026-01-16,2026-01-17,89516,89516,16112.88,16113.88,1,1,2,FUZZY_MATCH
07ABCDE6713F1Z5,07ABCDE6713F1Z5,Fuzzy Supplier 496,Fuzzy Supplier 496 Pvt Ltd,INV-00496,INV00496A,2026-06-23,2026-06-24,13346,13346,2402.28,2403.28,1,1,2,FUZZY_MATCH
07ABCDE1312F1Z5,07ABCDE1312F1Z5,Fuzzy Supplier 497,Fuzzy Supplier 497 Pvt Ltd,INV-00497,inv-00497,2026-10-26,2026-10-27,15779,15779,2840.22,2841.22,1,1,2,FUZZY_MATCH
07ABCDE1288F1Z5,07ABCDE1288F1Z5,Fuzzy Supplier 498,Fuzzy Supplier 498 Pvt Ltd,INV-00498,INV00498,2026-11-18,2026-11-19,31649,31649,5696.82,5695.82,1,1,2,FUZZY_MATCH
07ABCDE4293F1Z5,07ABCDE4293F1Z5,Fuzzy Supplier 499,Fuzzy Supplier 499 Pvt Ltd,INV-00499,INV00499,2026-03-30,2026-03-30,3091,3091,556.38,555.38,1,1,2,FUZZY_MATCH
07ABCDE7246F1Z5,07ABCDE7246F1Z5,Fuzzy Supplier 500,Fuzzy Supplier 500 Pvt Ltd,INV-00500,inv-00500A,2026-05-09,2026-05-09,85615,85615,15410.70,15411.70,1,1,2,FUZZY_MATCH
07ABCDE9315F1Z5,07ABCDE9315F1Z5,Fuzzy Supplier 501,Fuzzy Supplier 501 Pvt Ltd,INV-00501,INV00501A,2026-11-26,2026-11-27,97458,97458,17542.44,17543.44,1,1,2,FUZZY_MATCH
07ABCDE2349F1Z5,07ABCDE2349F1Z5,Fuzzy Supplier 502,Fuzzy Supplier 502 Pvt Ltd,INV-00502,inv-00502,2026-11-06,2026-11-06,5554,5554,999.72,998.72,1,1,2,FUZZY_MATCH
07ABCDE3053F1Z5,07ABCDE3053F1Z5,Fuzzy Supplier 503,Fuzzy Supplier 503 Pvt Ltd,INV-00503,INV00503,2026-08-06,2026-08-07,54651,54651,9837.18,9837.18,1,1,2,FUZZY_MATCH
07ABCDE2333F1Z5,07ABCDE2333F1Z5,Fuzzy Supplier 504,Fuzzy Supplier 504 Pvt Ltd,INV-00504,INV00504,2026-09-21,2026-09-21,76528,76528,13775.04,13776.04,1,1,2,FUZZY_MATCH
07ABCDE9335F1Z5,07ABCDE9335F1Z5,Fuzzy Supplier 505,Fuzzy Supplier 505 Pvt Ltd,INV-00505,INV00505,2026-07-30,2026-07-31,10265,10265,1847.70,1848.70,1,1,2,FUZZY_MATCH
07ABCDE7592F1Z5,07ABCDE7592F1Z5,Fuzzy Supplier 506,Fuzzy Supplier 506 Pvt Ltd,INV-00506,INV00506,2026-05-03,2026-05-03,84647,84647,15236.46,15236.46,1,1,2,FUZZY_MATCH
07ABCDE9096F1Z5,07ABCDE9096F1Z5,Fuzzy Supplier 507,Fuzzy Supplier 507 Pvt Ltd,INV-00507,inv-00507,2026-02-21,2026-02-22,19477,19477,3505.86,3505.86,1,1,2,FUZZY_MATCH
07ABCDE2692F1Z5,07ABCDE2692F1Z5,Fuzzy Supplier 508,Fuzzy Supplier 508 Pvt Ltd,INV-00508,INV00508A,2026-01-07,2026-01-08,24423,24423,4396.14,4397.14,1,1,2,FUZZY_MATCH
07ABCDE4782F1Z5,07ABCDE4782F1Z5,Fuzzy Supplier 509,Fuzzy Supplier 509 Pvt Ltd,INV-00509,INV00509,2026-03-29,2026-03-30,63267,63267,11388.06,11389.06,1,1,2,FUZZY_MATCH
07ABCDE5163F1Z5,07ABCDE5163F1Z5,Fuzzy Supplier 510,Fuzzy Supplier 510 Pvt Ltd,INV-00510,INV00510,2026-02-16,2026-02-16,70797,70797,12743.46,12744.46,1,1,2,FUZZY_MATCH
07ABCDE2532F1Z5,07ABCDE2532F1Z5,Fuzzy Supplier 511,Fuzzy Supplier 511 Pvt Ltd,INV-00511,inv-00511,2026-12-14,2026-12-14,21735,21735,3912.30,3913.30,1,1,2,FUZZY_MATCH
07ABCDE7113F1Z5,07ABCDE7113F1Z5,Fuzzy Supplier 512,Fuzzy Supplier 512 Pvt Ltd,INV-00512,INV00512,2026-02-03,2026-02-04,33826,33826,6088.68,6088.68,1,1,2,FUZZY_MATCH
07ABCDE2792F1Z5,07ABCDE2792F1Z5,Fuzzy Supplier 513,Fuzzy Supplier 513 Pvt Ltd,INV-00513,inv-00513,2026-11-23,2026-11-24,20275,20275,3649.50,3650.50,1,1,2,FUZZY_MATCH
07ABCDE8456F1Z5,07ABCDE8456F1Z5,Fuzzy Supplier 514,Fuzzy Supplier 514 Pvt Ltd,INV-00514,INV00514,2026-10-08,2026-10-07,77599,77599,13967.82,13968.82,1,1,2,FUZZY_MATCH
07ABCDE9828F1Z5,07ABCDE9828F1Z5,Fuzzy Supplier 515,Fuzzy Supplier 515 Pvt Ltd,INV-00515,INV00515,2026-12-13,2026-12-14,69517,69517,12513.06,12513.06,1,1,2,FUZZY_MATCH
07ABCDE6788F1Z5,07ABCDE6788F1Z5,Fuzzy Supplier 516,Fuzzy Supplier 516 Pvt Ltd,INV-00516,inv-00516A,2026-02-25,2026-02-25,9321,9321,1677.78,1678.78,1,1,2,FUZZY_MATCH
07ABCDE8971F1Z5,07ABCDE8971F1Z5,Fuzzy Supplier 517,Fuzzy Supplier 517 Pvt Ltd,INV-00517,INV00517,2026-04-05,2026-04-05,46410,46410,8353.80,8354.80,1,1,2,FUZZY_MATCH
07ABCDE1080F1Z5,07ABCDE1080F1Z5,Fuzzy Supplier 518,Fuzzy Supplier 518 Pvt Ltd,INV-00518,INV00518,2026-11-04,2026-11-05,85563,85563,15401.34,15401.34,1,1,2,FUZZY_MATCH
07ABCDE9912F1Z5,07ABCDE9912F1Z5,Fuzzy Supplier 519,Fuzzy Supplier 519 Pvt Ltd,INV-00519,INV00519A,2026-08-15,2026-08-16,30504,30504,5490.72,5490.72,1,1,2,FUZZY_MATCH
07ABCDE9171F1Z5,07ABCDE9171F1Z5,Fuzzy Supplier 520,Fuzzy Supplier 520 Pvt Ltd,INV-00520,INV00520,2026-01-17,2026-01-18,57274,57274,10309.32,10309.32,1,1,2,FUZZY_MATCH
07ABCDE2930F1Z5,07ABCDE2930F1Z5,Fuzzy Supplier 521,Fuzzy Supplier 521 Pvt Ltd,INV-00521,INV00521,2026-07-06,2026-07-06,88020,88020,15843.60,15842.60,1,1,2,FUZZY_MATCH
07ABCDE8307F1Z5,07ABCDE8307F1Z5,Fuzzy Supplier 522,Fuzzy Supplier 522 Pvt Ltd,INV-00522,INV00522,2026-01-13,2026-01-13,36984,36984,6657.12,6656.12,1,1,2,FUZZY_MATCH
07ABCDE3973F1Z5,07ABCDE3973F1Z5,Fuzzy Supplier 523,Fuzzy Supplier 523 Pvt Ltd,INV-00523,INV00523,2026-04-06,2026-04-05,35549,35549,6398.82,6398.82,1,1,2,FUZZY_MATCH
07ABCDE2287F1Z5,07ABCDE2287F1Z5,Fuzzy Supplier 524,Fuzzy Supplier 524 Pvt Ltd,INV-00524,inv-00524,2026-06-14,2026-06-14,59536,59536,10716.48,10716.48,1,1,2,FUZZY_MATCH
07ABCDE9295F1Z5,07ABCDE9295F1Z5,Fuzzy Supplier 525,Fuzzy Supplier 525 Pvt Ltd,INV-00525,inv-00525,2026-02-11,2026-02-11,50028,50028,9005.04,9004.04,1,1,2,FUZZY_MATCH
07ABCDE4636F1Z5,07ABCDE4636F1Z5,Fuzzy Supplier 526,Fuzzy Supplier 526 Pvt Ltd,INV-00526,inv-00526,2026-11-30,2026-11-30,2369,2369,426.42,426.42,1,1,2,FUZZY_MATCH
07ABCDE4760F1Z5,07ABCDE4760F1Z5,Fuzzy Supplier 527,Fuzzy Supplier 527 Pvt Ltd,INV-00527,inv-00527,2026-03-05,2026-03-04,85874,85874,15457.32,15457.32,1,1,2,FUZZY_MATCH
07ABCDE4826F1Z5,07ABCDE4826F1Z5,Fuzzy Supplier 528,Fuzzy Supplier 528 Pvt Ltd,INV-00528,INV00528,2026-06-14,2026-06-13,14048,14048,2528.64,2528.64,1,1,2,FUZZY_MATCH
07ABCDE5725F1Z5,07ABCDE5725F1Z5,Fuzzy Supplier 529,Fuzzy Supplier 529 Pvt Ltd,INV-00529,INV00529,2026-03-25,2026-03-24,67081,67081,12074.58,12074.58,1,1,2,FUZZY_MATCH
07ABCDE4171F1Z5,07ABCDE4171F1Z5,Fuzzy Supplier 530,Fuzzy Supplier 530 Pvt Ltd,INV-00530,INV00530,2026-07-06,2026-07-06,78881,78881,14198.58,14198.58,1,1,2,FUZZY_MATCH
07ABCDE1853F1Z5,07ABCDE1853F1Z5,Fuzzy Supplier 531,Fuzzy Supplier 531 Pvt Ltd,INV-00531,inv-00531,2026-09-21,2026-09-21,8429,8429,1517.22,1517.22,1,1,2,FUZZY_MATCH
07ABCDE6587F1Z5,07ABCDE6587F1Z5,Fuzzy Supplier 532,Fuzzy Supplier 532 Pvt Ltd,INV-00532,inv-00532,2026-01-14,2026-01-14,41663,41663,7499.34,7499.34,1,1,2,FUZZY_MATCH
07ABCDE9527F1Z5,07ABCDE9527F1Z5,Fuzzy Supplier 533,Fuzzy Supplier 533 Pvt Ltd,INV-00533,inv-00533,2026-06-03,2026-06-03,30868,30868,5556.24,5555.24,1,1,2,FUZZY_MATCH
07ABCDE7836F1Z5,07ABCDE7836F1Z5,Fuzzy Supplier 534,Fuzzy Supplier 534 Pvt Ltd,INV-00534,inv-00534A,2026-05-15,2026-05-15,51073,51073,9193.14,9194.14,1,1,2,FUZZY_MATCH
07ABCDE2757F1Z5,07ABCDE2757F1Z5,Fuzzy Supplier 535,Fuzzy Supplier 535 Pvt Ltd,INV-00535,inv-00535,2026-07-02,2026-07-02,8377,8377,1507.86,1506.86,1,1,2,FUZZY_MATCH
07ABCDE4787F1Z5,07ABCDE4787F1Z5,Fuzzy Supplier 536,Fuzzy Supplier 536 Pvt Ltd,INV-00536,inv-00536,2026-07-28,2026-07-27,34486,34486,6207.48,6206.48,1,1,2,FUZZY_MATCH
07ABCDE5067F1Z5,07ABCDE5067F1Z5,Fuzzy Supplier 537,Fuzzy Supplier 537 Pvt Ltd,INV-00537,INV00537,2026-06-18,2026-06-17,3676,3676,661.68,662.68,1,1,2,FUZZY_MATCH
07ABCDE5092F1Z5,07ABCDE5092F1Z5,Fuzzy Supplier 538,Fuzzy Supplier 538 Pvt Ltd,INV-00538,inv-00538,2026-03-05,2026-03-05,40438,40438,7278.84,7279.84,1,1,2,FUZZY_MATCH
07ABCDE7569F1Z5,07ABCDE7569F1Z5,Fuzzy Supplier 539,Fuzzy Supplier 539 Pvt Ltd,INV-00539,inv-00539,2026-03-28,2026-03-28,82376,82376,14827.68,14828.68,1,1,2,FUZZY_MATCH
07ABCDE4057F1Z5,07ABCDE4057F1Z5,Fuzzy Supplier 540,Fuzzy Supplier 540 Pvt Ltd,INV-00540,INV00540,2026-05-03,2026-05-04,22457,22457,4042.26,4043.26,1,1,2,FUZZY_MATCH
07ABCDE1842F1Z5,07ABCDE1842F1Z5,Fuzzy Supplier 541,Fuzzy Supplier 541 Pvt Ltd,INV-00541,inv-00541,2026-10-09,2026-10-08,2930,2930,527.40,527.40,1,1,2,FUZZY_MATCH
07ABCDE6507F1Z5,07ABCDE6507F1Z5,Fuzzy Supplier 542,Fuzzy Supplier 542 Pvt Ltd,INV-00542,INV00542,2026-09-14,2026-09-14,55577,55577,10003.86,10004.86,1,1,2,FUZZY_MATCH
07ABCDE2435F1Z5,07ABCDE2435F1Z5,Fuzzy Supplier 543,Fuzzy Supplier 543 Pvt Ltd,INV-00543,INV00543A,2026-07-02,2026-07-01,35640,35640,6415.20,6416.20,1,1,2,FUZZY_MATCH
07ABCDE8736F1Z5,07ABCDE8736F1Z5,Fuzzy Supplier 544,Fuzzy Supplier 544 Pvt Ltd,INV-00544,inv-00544,2026-04-06,2026-04-06,79053,79053,14229.54,14230.54,1,1,2,FUZZY_MATCH
07ABCDE2862F1Z5,07ABCDE2862F1Z5,Fuzzy Supplier 545,Fuzzy Supplier 545 Pvt Ltd,INV-00545,inv-00545,2026-09-22,2026-09-22,8544,8544,1537.92,1538.92,1,1,2,FUZZY_MATCH
07ABCDE6786F1Z5,07ABCDE6786F1Z5,Fuzzy Supplier 546,Fuzzy Supplier 546 Pvt Ltd,INV-00546,INV00546A,2026-11-19,2026-11-19,31043,31043,5587.74,5586.74,1,1,2,FUZZY_MATCH
07ABCDE3743F1Z5,07ABCDE3743F1Z5,Fuzzy Supplier 547,Fuzzy Supplier 547 Pvt Ltd,INV-00547,INV00547,2026-10-30,2026-10-30,98742,98742,17773.56,17774.56,1,1,2,FUZZY_MATCH
07ABCDE5329F1Z5,07ABCDE5329F1Z5,Fuzzy Supplier 548,Fuzzy Supplier 548 Pvt Ltd,INV-00548,inv-00548A,2026-03-13,2026-03-14,59182,59182,10652.76,10653.76,1,1,2,FUZZY_MATCH
07ABCDE1134F1Z5,07ABCDE1134F1Z5,Fuzzy Supplier 549,Fuzzy Supplier 549 Pvt Ltd,INV-00549,INV00549A,2026-03-04,2026-03-05,16766,16766,3017.88,3016.88,1,1,2,FUZZY_MATCH
07ABCDE7273F1Z5,07ABCDE7273F1Z5,Fuzzy Supplier 550,Fuzzy Supplier 550 Pvt Ltd,INV-00550,INV00550A,2026-04-23,2026-04-23,29564,29564,5321.52,5322.52,1,1,2,FUZZY_MATCH
07ABCDE2820F1Z5,07ABCDE2820F1Z5,Fuzzy Supplier 551,Fuzzy Supplier 551 Pvt Ltd,INV-00551,inv-00551,2026-08-01,2026-08-01,22589,22589,4066.02,4065.02,1,1,2,FUZZY_MATCH
07ABCDE4977F1Z5,07ABCDE4977F1Z5,Fuzzy Supplier 552,Fuzzy Supplier 552 Pvt Ltd,INV-00552,inv-00552A,2026-02-06,2026-02-07,80175,80175,14431.50,14432.50,1,1,2,FUZZY_MATCH
07ABCDE9047F1Z5,07ABCDE9047F1Z5,Fuzzy Supplier 553,Fuzzy Supplier 553 Pvt Ltd,INV-00553,INV00553,2026-05-04,2026-05-03,63842,63842,11491.56,11492.56,1,1,2,FUZZY_MATCH
07ABCDE8806F1Z5,07ABCDE8806F1Z5,Fuzzy Supplier 554,Fuzzy Supplier 554 Pvt Ltd,INV-00554,INV00554,2026-10-09,2026-10-09,87007,87007,15661.26,15660.26,1,1,2,FUZZY_MATCH
07ABCDE2571F1Z5,07ABCDE2571F1Z5,Fuzzy Supplier 555,Fuzzy Supplier 555 Pvt Ltd,INV-00555,INV00555A,2026-03-26,2026-03-26,65389,65389,11770.02,11770.02,1,1,2,FUZZY_MATCH
07ABCDE3679F1Z5,07ABCDE3679F1Z5,Fuzzy Supplier 556,Fuzzy Supplier 556 Pvt Ltd,INV-00556,inv-00556A,2026-09-16,2026-09-16,11304,11304,2034.72,2034.72,1,1,2,FUZZY_MATCH
07ABCDE2191F1Z5,07ABCDE2191F1Z5,Fuzzy Supplier 557,Fuzzy Supplier 557 Pvt Ltd,INV-00557,INV00557,2026-10-12,2026-10-12,18527,18527,3334.86,3333.86,1,1,2,FUZZY_MATCH
07ABCDE2761F1Z5,07ABCDE2761F1Z5,Fuzzy Supplier 558,Fuzzy Supplier 558 Pvt Ltd,INV-00558,INV00558A,2026-06-14,2026-06-14,88164,88164,15869.52,15868.52,1,1,2,FUZZY_MATCH
07ABCDE3599F1Z5,07ABCDE3599F1Z5,Fuzzy Supplier 559,Fuzzy Supplier 559 Pvt Ltd,INV-00559,inv-00559,2026-12-21,2026-12-21,21609,21609,3889.62,3889.62,1,1,2,FUZZY_MATCH
07ABCDE8345F1Z5,07ABCDE8345F1Z5,Fuzzy Supplier 560,Fuzzy Supplier 560 Pvt Ltd,INV-00560,INV00560,2026-03-04,2026-03-05,67501,67501,12150.18,12151.18,1,1,2,FUZZY_MATCH
07ABCDE1718F1Z5,07ABCDE1718F1Z5,Fuzzy Supplier 561,Fuzzy Supplier 561 Pvt Ltd,INV-00561,inv-00561,2026-08-11,2026-08-11,85654,85654,15417.72,15416.72,1,1,2,FUZZY_MATCH
07ABCDE7895F1Z5,07ABCDE7895F1Z5,Fuzzy Supplier 562,Fuzzy Supplier 562 Pvt Ltd,INV-00562,INV00562,2026-09-28,2026-09-28,79899,79899,14381.82,14380.82,1,1,2,FUZZY_MATCH
07ABCDE7502F1Z5,07ABCDE7502F1Z5,Fuzzy Supplier 563,Fuzzy Supplier 563 Pvt Ltd,INV-00563,INV00563,2026-07-16,2026-07-16,98079,98079,17654.22,17654.22,1,1,2,FUZZY_MATCH
07ABCDE1410F1Z5,07ABCDE1410F1Z5,Fuzzy Supplier 564,Fuzzy Supplier 564 Pvt Ltd,INV-00564,inv-00564,2026-12-02,2026-12-02,40854,40854,7353.72,7354.72,1,1,2,FUZZY_MATCH
07ABCDE6818F1Z5,07ABCDE6818F1Z5,Fuzzy Supplier 565,Fuzzy Supplier 565 Pvt Ltd,INV-00565,inv-00565A,2026-09-06,2026-09-06,79590,79590,14326.20,14326.20,1,1,2,FUZZY_MATCH
07ABCDE5058F1Z5,07ABCDE5058F1Z5,Fuzzy Supplier 566,Fuzzy Supplier 566 Pvt Ltd,INV-00566,inv-00566,2026-02-22,2026-02-21,72978,72978,13136.04,13137.04,1,1,2,FUZZY_MATCH
07ABCDE8900F1Z5,07ABCDE8900F1Z5,Fuzzy Supplier 567,Fuzzy Supplier 567 Pvt Ltd,INV-00567,INV00567,2026-06-30,2026-06-30,2341,2341,421.38,420.38,1,1,2,FUZZY_MATCH
07ABCDE9207F1Z5,07ABCDE9207F1Z5,Fuzzy Supplier 568,Fuzzy Supplier 568 Pvt Ltd,INV-00568,inv-00568A,2026-12-16,2026-12-15,46605,46605,8388.90,8387.90,1,1,2,FUZZY_MATCH
07ABCDE4590F1Z5,07ABCDE4590F1Z5,Fuzzy Supplier 569,Fuzzy Supplier 569 Pvt Ltd,INV-00569,inv-00569A,2026-01-29,2026-01-29,29764,29764,5357.52,5358.52,1,1,2,FUZZY_MATCH
07ABCDE3581F1Z5,07ABCDE3581F1Z5,Fuzzy Supplier 570,Fuzzy Supplier 570 Pvt Ltd,INV-00570,inv-00570A,2026-03-14,2026-03-14,68951,68951,12411.18,12410.18,1,1,2,FUZZY_MATCH
07ABCDE3466F1Z5,07ABCDE3466F1Z5,Fuzzy Supplier 571,Fuzzy Supplier 571 Pvt Ltd,INV-00571,INV00571,2026-03-10,2026-03-10,41220,41220,7419.60,7418.60,1,1,2,FUZZY_MATCH
07ABCDE4717F1Z5,07ABCDE4717F1Z5,Fuzzy Supplier 572,Fuzzy Supplier 572 Pvt Ltd,INV-00572,INV00572,2026-07-19,2026-07-20,17894,17894,3220.92,3221.92,1,1,2,FUZZY_MATCH
07ABCDE7282F1Z5,07ABCDE7282F1Z5,Fuzzy Supplier 573,Fuzzy Supplier 573 Pvt Ltd,INV-00573,INV00573,2026-06-24,2026-06-23,99685,99685,17943.30,17944.30,1,1,2,FUZZY_MATCH
07ABCDE7307F1Z5,07ABCDE7307F1Z5,Fuzzy Supplier 574,Fuzzy Supplier 574 Pvt Ltd,INV-00574,inv-00574,2026-11-21,2026-11-22,11468,11468,2064.24,2064.24,1,1,2,FUZZY_MATCH
07ABCDE4443F1Z5,07ABCDE4443F1Z5,Fuzzy Supplier 575,Fuzzy Supplier 575 Pvt Ltd,INV-00575,INV00575,2026-11-11,2026-11-11,33837,33837,6090.66,6090.66,1,1,2,FUZZY_MATCH
07ABCDE2307F1Z5,07ABCDE2307F1Z5,Fuzzy Supplier 576,Fuzzy Supplier 576 Pvt Ltd,INV-00576,INV00576,2026-04-02,2026-04-03,24968,24968,4494.24,4494.24,1,1,2,FUZZY_MATCH
07ABCDE2947F1Z5,07ABCDE2947F1Z5,Fuzzy Supplier 577,Fuzzy Supplier 577 Pvt Ltd,INV-00577,INV00577,2026-09-11,2026-09-10,78935,78935,14208.30,14207.30,1,1,2,FUZZY_MATCH
07ABCDE5716F1Z5,07ABCDE5716F1Z5,Fuzzy Supplier 578,Fuzzy Supplier 578 Pvt Ltd,INV-00578,inv-00578,2026-11-25,2026-11-25,86845,86845,15632.10,15631.10,1,1,2,FUZZY_MATCH
07ABCDE7856F1Z5,07ABCDE7856F1Z5,Fuzzy Supplier 579,Fuzzy Supplier 579 Pvt Ltd,INV-00579,inv-00579,2026-11-07,2026-11-08,64733,64733,11651.94,11651.94,1,1,2,FUZZY_MATCH
07ABCDE5151F1Z5,07ABCDE5151F1Z5,Fuzzy Supplier 580,Fuzzy Supplier 580 Pvt Ltd,INV-00580,INV00580,2026-01-09,2026-01-10,45824,45824,8248.32,8248.32,1,1,2,FUZZY_MATCH
07ABCDE3665F1Z5,07ABCDE3665F1Z5,Fuzzy Supplier 581,Fuzzy Supplier 581 Pvt Ltd,INV-00581,INV00581,2026-05-25,2026-05-24,15790,15790,2842.20,2841.20,1,1,2,FUZZY_MATCH
07ABCDE1629F1Z5,07ABCDE1629F1Z5,Fuzzy Supplier 582,Fuzzy Supplier 582 Pvt Ltd,INV-00582,inv-00582,2026-10-30,2026-10-29,77663,77663,13979.34,13978.34,1,1,2,FUZZY_MATCH
07ABCDE5882F1Z5,07ABCDE5882F1Z5,Fuzzy Supplier 583,Fuzzy Supplier 583 Pvt Ltd,INV-00583,INV00583A,2026-07-16,2026-07-16,72578,72578,13064.04,13063.04,1,1,2,FUZZY_MATCH
07ABCDE9316F1Z5,07ABCDE9316F1Z5,Fuzzy Supplier 584,Fuzzy Supplier 584 Pvt Ltd,INV-00584,INV00584,2026-08-14,2026-08-14,48181,48181,8672.58,8673.58,1,1,2,FUZZY_MATCH
07ABCDE7659F1Z5,07ABCDE7659F1Z5,Fuzzy Supplier 585,Fuzzy Supplier 585 Pvt Ltd,INV-00585,INV00585,2026-11-09,2026-11-09,68188,68188,12273.84,12274.84,1,1,2,FUZZY_MATCH
07ABCDE6618F1Z5,07ABCDE6618F1Z5,Fuzzy Supplier 586,Fuzzy Supplier 586 Pvt Ltd,INV-00586,INV00586,2026-08-24,2026-08-25,86222,86222,15519.96,15519.96,1,1,2,FUZZY_MATCH
07ABCDE7777F1Z5,07ABCDE7777F1Z5,Fuzzy Supplier 587,Fuzzy Supplier 587 Pvt Ltd,INV-00587,INV00587,2026-02-17,2026-02-16,78374,78374,14107.32,14107.32,1,1,2,FUZZY_MATCH
07ABCDE6418F1Z5,07ABCDE6418F1Z5,Fuzzy Supplier 588,Fuzzy Supplier 588 Pvt Ltd,INV-00588,inv-00588A,2026-10-30,2026-10-31,77246,77246,13904.28,13904.28,1,1,2,FUZZY_MATCH
07ABCDE8818F1Z5,07ABCDE8818F1Z5,Fuzzy Supplier 589,Fuzzy Supplier 589 Pvt Ltd,INV-00589,INV00589A,2026-04-07,2026-04-07,46091,46091,8296.38,8297.38,1,1,2,FUZZY_MATCH
07ABCDE4027F1Z5,07ABCDE4027F1Z5,Fuzzy Supplier 590,Fuzzy Supplier 590 Pvt Ltd,INV-00590,INV00590,2026-11-18,2026-11-18,14370,14370,2586.60,2587.60,1,1,2,FUZZY_MATCH
07ABCDE4292F1Z5,07ABCDE4292F1Z5,Fuzzy Supplier 591,Fuzzy Supplier 591 Pvt Ltd,INV-00591,INV00591,2026-08-21,2026-08-21,70744,70744,12733.92,12732.92,1,1,2,FUZZY_MATCH
07ABCDE6740F1Z5,07ABCDE6740F1Z5,Fuzzy Supplier 592,Fuzzy Supplier 592 Pvt Ltd,INV-00592,inv-00592,2026-03-17,2026-03-18,34654,34654,6237.72,6238.72,1,1,2,FUZZY_MATCH
07ABCDE5040F1Z5,07ABCDE5040F1Z5,Fuzzy Supplier 593,Fuzzy Supplier 593 Pvt Ltd,INV-00593,INV00593,2026-04-08,2026-04-08,14245,14245,2564.10,2564.10,1,1,2,FUZZY_MATCH
07ABCDE2678F1Z5,07ABCDE2678F1Z5,Fuzzy Supplier 594,Fuzzy Supplier 594 Pvt Ltd,INV-00594,inv-00594,2026-09-01,2026-09-01,67285,67285,12111.30,12112.30,1,1,2,FUZZY_MATCH
07ABCDE3079F1Z5,07ABCDE3079F1Z5,Fuzzy Supplier 595,Fuzzy Supplier 595 Pvt Ltd,INV-00595,inv-00595,2026-07-07,2026-07-06,50722,50722,9129.96,9128.96,1,1,2,FUZZY_MATCH
07ABCDE3614F1Z5,07ABCDE3614F1Z5,Fuzzy Supplier 596,Fuzzy Supplier 596 Pvt Ltd,INV-00596,INV00596,2026-10-18,2026-10-19,16172,16172,2910.96,2911.96,1,1,2,FUZZY_MATCH
07ABCDE5289F1Z5,07ABCDE5289F1Z5,Fuzzy Supplier 597,Fuzzy Supplier 597 Pvt Ltd,INV-00597,INV00597,2026-11-01,2026-11-01,96448,96448,17360.64,17361.64,1,1,2,FUZZY_MATCH
07ABCDE8006F1Z5,07ABCDE8006F1Z5,Fuzzy Supplier 598,Fuzzy Supplier 598 Pvt Ltd,INV-00598,inv-00598,2026-10-16,2026-10-16,31085,31085,5595.30,5595.30,1,1,2,FUZZY_MATCH
07ABCDE7924F1Z5,07ABCDE7924F1Z5,Fuzzy Supplier 599,Fuzzy Supplier 599 Pvt Ltd,INV-00599,INV00599A,2026-06-12,2026-06-12,43267,43267,7788.06,7787.06,1,1,2,FUZZY_MATCH
07ABCDE5294F1Z5,07ABCDE5294F1Z5,Fuzzy Supplier 600,Fuzzy Supplier 600 Pvt Ltd,INV-00600,inv-00600,2026-09-09,2026-09-09,94417,94417,16995.06,16994.06,1,1,2,FUZZY_MATCH
07ABCDE9341F1Z5,07ABCDE9341F1Z5,Fuzzy Supplier 601,Fuzzy Supplier 601 Pvt Ltd,INV-00601,inv-00601A,2026-03-17,2026-03-17,97609,97609,17569.62,17568.62,1,1,2,FUZZY_MATCH
07ABCDE9535F1Z5,07ABCDE9535F1Z5,Fuzzy Supplier 602,Fuzzy Supplier 602 Pvt Ltd,INV-00602,INV00602,2026-12-07,2026-12-06,90082,90082,16214.76,16214.76,1,1,2,FUZZY_MATCH
07ABCDE3683F1Z5,07ABCDE3683F1Z5,Fuzzy Supplier 603,Fuzzy Supplier 603 Pvt Ltd,INV-00603,inv-00603,2026-07-25,2026-07-24,7441,7441,1339.38,1338.38,1,1,2,FUZZY_MATCH
07ABCDE9733F1Z5,07ABCDE9733F1Z5,Fuzzy Supplier 604,Fuzzy Supplier 604 Pvt Ltd,INV-00604,INV00604A,2026-04-18,2026-04-19,38177,38177,6871.86,6871.86,1,1,2,FUZZY_MATCH
07ABCDE5038F1Z5,07ABCDE5038F1Z5,Fuzzy Supplier 605,Fuzzy Supplier 605 Pvt Ltd,INV-00605,inv-00605,2026-07-13,2026-07-13,78950,78950,14211.00,14210.00,1,1,2,FUZZY_MATCH
07ABCDE2758F1Z5,07ABCDE2758F1Z5,Fuzzy Supplier 606,Fuzzy Supplier 606 Pvt Ltd,INV-00606,INV00606,2026-02-18,2026-02-18,15670,15670,2820.60,2821.60,1,1,2,FUZZY_MATCH
07ABCDE6275F1Z5,07ABCDE6275F1Z5,Fuzzy Supplier 607,Fuzzy Supplier 607 Pvt Ltd,INV-00607,inv-00607,2026-09-29,2026-09-30,29309,29309,5275.62,5275.62,1,1,2,FUZZY_MATCH
07ABCDE2475F1Z5,07ABCDE2475F1Z5,Fuzzy Supplier 608,Fuzzy Supplier 608 Pvt Ltd,INV-00608,inv-00608,2026-03-01,2026-02-28,17849,17849,3212.82,3211.82,1,1,2,FUZZY_MATCH
07ABCDE8862F1Z5,07ABCDE8862F1Z5,Fuzzy Supplier 609,Fuzzy Supplier 609 Pvt Ltd,INV-00609,INV00609,2026-08-15,2026-08-16,69585,69585,12525.30,12526.30,1,1,2,FUZZY_MATCH
07ABCDE8820F1Z5,07ABCDE8820F1Z5,Fuzzy Supplier 610,Fuzzy Supplier 610 Pvt Ltd,INV-00610,INV00610,2026-12-11,2026-12-12,59025,59025,10624.50,10625.50,1,1,2,FUZZY_MATCH
07ABCDE4387F1Z5,07ABCDE4387F1Z5,Fuzzy Supplier 611,Fuzzy Supplier 611 Pvt Ltd,INV-00611,inv-00611,2026-03-15,2026-03-15,89204,89204,16056.72,16056.72,1,1,2,FUZZY_MATCH
07ABCDE4495F1Z5,07ABCDE4495F1Z5,Fuzzy Supplier 612,Fuzzy Supplier 612 Pvt Ltd,INV-00612,inv-00612,2026-02-17,2026-02-16,23644,23644,4255.92,4255.92,1,1,2,FUZZY_MATCH
07ABCDE5003F1Z5,07ABCDE5003F1Z5,Fuzzy Supplier 613,Fuzzy Supplier 613 Pvt Ltd,INV-00613,inv-00613,2026-01-31,2026-01-31,19729,19729,3551.22,3550.22,1,1,2,FUZZY_MATCH
07ABCDE5026F1Z5,07ABCDE5026F1Z5,Fuzzy Supplier 614,Fuzzy Supplier 614 Pvt Ltd,INV-00614,inv-00614A,2026-01-08,2026-01-08,19821,19821,3567.78,3568.78,1,1,2,FUZZY_MATCH
07ABCDE4234F1Z5,07ABCDE4234F1Z5,Fuzzy Supplier 615,Fuzzy Supplier 615 Pvt Ltd,INV-00615,inv-00615,2026-07-04,2026-07-03,79015,79015,14222.70,14222.70,1,1,2,FUZZY_MATCH
07ABCDE1961F1Z5,07ABCDE1961F1Z5,Fuzzy Supplier 616,Fuzzy Supplier 616 Pvt Ltd,INV-00616,INV00616,2026-09-07,2026-09-08,90204,90204,16236.72,16236.72,1,1,2,FUZZY_MATCH
07ABCDE8517F1Z5,07ABCDE8517F1Z5,Fuzzy Supplier 617,Fuzzy Supplier 617 Pvt Ltd,INV-00617,inv-00617,2026-09-14,2026-09-15,78748,78748,14174.64,14175.64,1,1,2,FUZZY_MATCH
07ABCDE9083F1Z5,07ABCDE9083F1Z5,Fuzzy Supplier 618,Fuzzy Supplier 618 Pvt Ltd,INV-00618,INV00618,2026-05-05,2026-05-06,70074,70074,12613.32,12613.32,1,1,2,FUZZY_MATCH
07ABCDE2586F1Z5,07ABCDE2586F1Z5,Fuzzy Supplier 619,Fuzzy Supplier 619 Pvt Ltd,INV-00619,INV00619,2026-03-17,2026-03-17,11141,11141,2005.38,2006.38,1,1,2,FUZZY_MATCH
07ABCDE4905F1Z5,07ABCDE4905F1Z5,Fuzzy Supplier 620,Fuzzy Supplier 620 Pvt Ltd,INV-00620,inv-00620,2026-04-29,2026-04-30,98905,98905,17802.90,17802.90,1,1,2,FUZZY_MATCH
07ABCDE2584F1Z5,07ABCDE2584F1Z5,Fuzzy Supplier 621,Fuzzy Supplier 621 Pvt Ltd,INV-00621,inv-00621,2026-05-01,2026-04-30,63269,63269,11388.42,11389.42,1,1,2,FUZZY_MATCH
07ABCDE6437F1Z5,07ABCDE6437F1Z5,Fuzzy Supplier 622,Fuzzy Supplier 622 Pvt Ltd,INV-00622,inv-00622,2026-11-27,2026-11-28,54827,54827,9868.86,9868.86,1,1,2,FUZZY_MATCH
07ABCDE4045F1Z5,07ABCDE4045F1Z5,Fuzzy Supplier 623,Fuzzy Supplier 623 Pvt Ltd,INV-00623,inv-00623,2026-11-17,2026-11-17,98333,98333,17699.94,17698.94,1,1,2,FUZZY_MATCH
07ABCDE1979F1Z5,07ABCDE1979F1Z5,Fuzzy Supplier 624,Fuzzy Supplier 624 Pvt Ltd,INV-00624,inv-00624,2026-08-30,2026-08-29,21308,21308,3835.44,3834.44,1,1,2,FUZZY_MATCH
07ABCDE6786F1Z5,07ABCDE6786F1Z5,Fuzzy Supplier 625,Fuzzy Supplier 625 Pvt Ltd,INV-00625,inv-00625,2026-09-09,2026-09-09,73761,73761,13276.98,13277.98,1,1,2,FUZZY_MATCH
07ABCDE1581F1Z5,07ABCDE1581F1Z5,Fuzzy Supplier 626,Fuzzy Supplier 626 Pvt Ltd,INV-00626,INV00626,2026-08-22,2026-08-22,59974,59974,10795.32,10794.32,1,1,2,FUZZY_MATCH
07ABCDE9196F1Z5,07ABCDE9196F1Z5,Fuzzy Supplier 627,Fuzzy Supplier 627 Pvt Ltd,INV-00627,inv-00627,2026-04-20,2026-04-21,93238,93238,16782.84,16782.84,1,1,2,FUZZY_MATCH
07ABCDE2302F1Z5,07ABCDE2302F1Z5,Fuzzy Supplier 628,Fuzzy Supplier 628 Pvt Ltd,INV-00628,INV00628,2026-04-26,2026-04-26,66158,66158,11908.44,11908.44,1,1,2,FUZZY_MATCH
07ABCDE2754F1Z5,07ABCDE2754F1Z5,Fuzzy Supplier 629,Fuzzy Supplier 629 Pvt Ltd,INV-00629,INV00629,2026-05-17,2026-05-17,39180,39180,7052.40,7052.40,1,1,2,FUZZY_MATCH
07ABCDE4302F1Z5,07ABCDE4302F1Z5,Fuzzy Supplier 630,Fuzzy Supplier 630 Pvt Ltd,INV-00630,inv-00630,2026-05-12,2026-05-11,32400,32400,5832.00,5831.00,1,1,2,FUZZY_MATCH
07ABCDE8660F1Z5,07ABCDE8660F1Z5,Fuzzy Supplier 631,Fuzzy Supplier 631 Pvt Ltd,INV-00631,inv-00631,2026-09-15,2026-09-16,60191,60191,10834.38,10834.38,1,1,2,FUZZY_MATCH
07ABCDE4569F1Z5,07ABCDE4569F1Z5,Fuzzy Supplier 632,Fuzzy Supplier 632 Pvt Ltd,INV-00632,INV00632A,2026-08-03,2026-08-03,8912,8912,1604.16,1604.16,1,1,2,FUZZY_MATCH
07ABCDE2557F1Z5,07ABCDE2557F1Z5,Fuzzy Supplier 633,Fuzzy Supplier 633 Pvt Ltd,INV-00633,INV00633,2026-10-22,2026-10-23,21829,21829,3929.22,3930.22,1,1,2,FUZZY_MATCH
07ABCDE4319F1Z5,07ABCDE4319F1Z5,Fuzzy Supplier 634,Fuzzy Supplier 634 Pvt Ltd,INV-00634,INV00634,2026-06-14,2026-06-13,53537,53537,9636.66,9635.66,1,1,2,FUZZY_MATCH
07ABCDE3001F1Z5,07ABCDE3001F1Z5,Fuzzy Supplier 635,Fuzzy Supplier 635 Pvt Ltd,INV-00635,inv-00635,2026-07-27,2026-07-27,16971,16971,3054.78,3054.78,1,1,2,FUZZY_MATCH
07ABCDE9558F1Z5,07ABCDE9558F1Z5,Fuzzy Supplier 636,Fuzzy Supplier 636 Pvt Ltd,INV-00636,INV00636,2026-03-07,2026-03-06,58965,58965,10613.70,10613.70,1,1,2,FUZZY_MATCH
07ABCDE7339F1Z5,07ABCDE7339F1Z5,Fuzzy Supplier 637,Fuzzy Supplier 637 Pvt Ltd,INV-00637,INV00637A,2026-02-13,2026-02-12,73921,73921,13305.78,13306.78,1,1,2,FUZZY_MATCH
07ABCDE8355F1Z5,07ABCDE8355F1Z5,Fuzzy Supplier 638,Fuzzy Supplier 638 Pvt Ltd,INV-00638,inv-00638,2026-02-02,2026-02-01,37480,37480,6746.40,6745.40,1,1,2,FUZZY_MATCH
07ABCDE3258F1Z5,07ABCDE3258F1Z5,Fuzzy Supplier 639,Fuzzy Supplier 639 Pvt Ltd,INV-00639,inv-00639,2026-06-14,2026-06-13,98382,98382,17708.76,17708.76,1,1,2,FUZZY_MATCH
07ABCDE1175F1Z5,07ABCDE1175F1Z5,Fuzzy Supplier 640,Fuzzy Supplier 640 Pvt Ltd,INV-00640,INV00640,2026-12-31,2026-12-30,35378,35378,6368.04,6369.04,1,1,2,FUZZY_MATCH
07ABCDE2971F1Z5,07ABCDE2971F1Z5,Fuzzy Supplier 641,Fuzzy Supplier 641 Pvt Ltd,INV-00641,inv-00641,2026-07-13,2026-07-13,59969,59969,10794.42,10794.42,1,1,2,FUZZY_MATCH
07ABCDE8806F1Z5,07ABCDE8806F1Z5,Fuzzy Supplier 642,Fuzzy Supplier 642 Pvt Ltd,INV-00642,INV00642,2026-12-16,2026-12-16,71589,71589,12886.02,12887.02,1,1,2,FUZZY_MATCH
07ABCDE5998F1Z5,07ABCDE5998F1Z5,Fuzzy Supplier 643,Fuzzy Supplier 643 Pvt Ltd,INV-00643,INV00643,2026-03-02,2026-03-03,22133,22133,3983.94,3982.94,1,1,2,FUZZY_MATCH
07ABCDE7342F1Z5,07ABCDE7342F1Z5,Fuzzy Supplier 644,Fuzzy Supplier 644 Pvt Ltd,INV-00644,INV00644,2026-09-13,2026-09-13,32502,32502,5850.36,5851.36,1,1,2,FUZZY_MATCH
07ABCDE3788F1Z5,07ABCDE3788F1Z5,Fuzzy Supplier 645,Fuzzy Supplier 645 Pvt Ltd,INV-00645,inv-00645,2026-02-24,2026-02-23,35454,35454,6381.72,6382.72,1,1,2,FUZZY_MATCH
07ABCDE8354F1Z5,07ABCDE8354F1Z5,Fuzzy Supplier 646,Fuzzy Supplier 646 Pvt Ltd,INV-00646,inv-00646,2026-12-19,2026-12-19,42712,42712,7688.16,7687.16,1,1,2,FUZZY_MATCH
07ABCDE6468F1Z5,07ABCDE6468F1Z5,Fuzzy Supplier 647,Fuzzy Supplier 647 Pvt Ltd,INV-00647,inv-00647,2026-08-22,2026-08-21,31668,31668,5700.24,5700.24,1,1,2,FUZZY_MATCH
07ABCDE5562F1Z5,07ABCDE5562F1Z5,Fuzzy Supplier 648,Fuzzy Supplier 648 Pvt Ltd,INV-00648,inv-00648,2026-09-12,2026-09-12,24159,24159,4348.62,4348.62,1,1,2,FUZZY_MATCH
07ABCDE2815F1Z5,07ABCDE2815F1Z5,Fuzzy Supplier 649,Fuzzy Supplier 649 Pvt Ltd,INV-00649,inv-00649,2026-11-04,2026-11-05,47711,47711,8587.98,8586.98,1,1,2,FUZZY_MATCH
07ABCDE6758F1Z5,07ABCDE6758F1Z5,Fuzzy Supplier 650,Fuzzy Supplier 650 Pvt Ltd,INV-00650,INV00650,2026-01-20,2026-01-19,43702,43702,7866.36,7865.36,1,1,2,FUZZY_MATCH
07ABCDE9057F1Z5,07ABCDE9057F1Z5,Fuzzy Supplier 651,Fuzzy Supplier 651 Pvt Ltd,INV-00651,INV00651,2026-09-11,2026-09-11,93894,93894,16900.92,16899.92,1,1,2,FUZZY_MATCH
07ABCDE4814F1Z5,07ABCDE4814F1Z5,Fuzzy Supplier 652,Fuzzy Supplier 652 Pvt Ltd,INV-00652,INV00652,2026-01-24,2026-01-25,91241,91241,16423.38,16424.38,1,1,2,FUZZY_MATCH
07ABCDE5516F1Z5,07ABCDE5516F1Z5,Fuzzy Supplier 653,Fuzzy Supplier 653 Pvt Ltd,INV-00653,inv-00653,2026-07-20,2026-07-20,66169,66169,11910.42,11909.42,1,1,2,FUZZY_MATCH
07ABCDE7592F1Z5,07ABCDE7592F1Z5,Fuzzy Supplier 654,Fuzzy Supplier 654 Pvt Ltd,INV-00654,inv-00654,2026-09-24,2026-09-23,43064,43064,7751.52,7752.52,1,1,2,FUZZY_MATCH
07ABCDE2412F1Z5,07ABCDE2412F1Z5,Fuzzy Supplier 655,Fuzzy Supplier 655 Pvt Ltd,INV-00655,INV00655,2026-01-16,2026-01-17,29462,29462,5303.16,5302.16,1,1,2,FUZZY_MATCH
07ABCDE2438F1Z5,07ABCDE2438F1Z5,Fuzzy Supplier 656,Fuzzy Supplier 656 Pvt Ltd,INV-00656,INV00656,2026-03-27,2026-03-27,42171,42171,7590.78,7589.78,1,1,2,FUZZY_MATCH
07ABCDE6467F1Z5,07ABCDE6467F1Z5,Fuzzy Supplier 657,Fuzzy Supplier 657 Pvt Ltd,INV-00657,INV00657A,2026-12-11,2026-12-12,59529,59529,10715.22,10715.22,1,1,2,FUZZY_MATCH
07ABCDE7535F1Z5,07ABCDE7535F1Z5,Fuzzy Supplier 658,Fuzzy Supplier 658 Pvt Ltd,INV-00658,INV00658,2026-01-17,2026-01-17,36537,36537,6576.66,6577.66,1,1,2,FUZZY_MATCH
07ABCDE9292F1Z5,07ABCDE9292F1Z5,Fuzzy Supplier 659,Fuzzy Supplier 659 Pvt Ltd,INV-00659,inv-00659,2026-01-12,2026-01-11,76720,76720,13809.60,13810.60,1,1,2,FUZZY_MATCH
07ABCDE6264F1Z5,07ABCDE6264F1Z5,Fuzzy Supplier 660,Fuzzy Supplier 660 Pvt Ltd,INV-00660,INV00660,2026-03-19,2026-03-19,42155,42155,7587.90,7587.90,1,1,2,FUZZY_MATCH
07ABCDE8274F1Z5,07ABCDE8274F1Z5,Fuzzy Supplier 661,Fuzzy Supplier 661 Pvt Ltd,INV-00661,inv-00661,2026-04-06,2026-04-07,7636,7636,1374.48,1375.48,1,1,2,FUZZY_MATCH
07ABCDE6476F1Z5,07ABCDE6476F1Z5,Fuzzy Supplier 662,Fuzzy Supplier 662 Pvt Ltd,INV-00662,INV00662A,2026-11-28,2026-11-28,78598,78598,14147.64,14147.64,1,1,2,FUZZY_MATCH
07ABCDE9897F1Z5,07ABCDE9897F1Z5,Fuzzy Supplier 663,Fuzzy Supplier 663 Pvt Ltd,INV-00663,inv-00663A,2026-06-26,2026-06-26,85460,85460,15382.80,15382.80,1,1,2,FUZZY_MATCH
07ABCDE8581F1Z5,07ABCDE8581F1Z5,Fuzzy Supplier 664,Fuzzy Supplier 664 Pvt Ltd,INV-00664,inv-00664,2026-11-20,2026-11-20,75072,75072,13512.96,13512.96,1,1,2,FUZZY_MATCH
07ABCDE8622F1Z5,07ABCDE8622F1Z5,Fuzzy Supplier 665,Fuzzy Supplier 665 Pvt Ltd,INV-00665,inv-00665,2026-12-28,2026-12-28,28587,28587,5145.66,5144.66,1,1,2,FUZZY_MATCH
07ABCDE4452F1Z5,07ABCDE4452F1Z5,Fuzzy Supplier 666,Fuzzy Supplier 666 Pvt Ltd,INV-00666,inv-00666,2026-05-26,2026-05-26,99249,99249,17864.82,17865.82,1,1,2,FUZZY_MATCH
07ABCDE1453F1Z5,07ABCDE1453F1Z5,Fuzzy Supplier 667,Fuzzy Supplier 667 Pvt Ltd,INV-00667,inv-00667,2026-11-19,2026-11-19,82872,82872,14916.96,14916.96,1,1,2,FUZZY_MATCH
07ABCDE2789F1Z5,07ABCDE2789F1Z5,Fuzzy Supplier 668,Fuzzy Supplier 668 Pvt Ltd,INV-00668,inv-00668,2026-05-04,2026-05-04,74223,74223,13360.14,13359.14,1,1,2,FUZZY_MATCH
07ABCDE9926F1Z5,07ABCDE9926F1Z5,Fuzzy Supplier 669,Fuzzy Supplier 669 Pvt Ltd,INV-00669,INV00669,2026-10-27,2026-10-27,56809,56809,10225.62,10225.62,1,1,2,FUZZY_MATCH
07ABCDE8278F1Z5,07ABCDE8278F1Z5,Fuzzy Supplier 670,Fuzzy Supplier 670 Pvt Ltd,INV-00670,inv-00670,2026-06-01,2026-06-01,65822,65822,11847.96,11847.96,1,1,2,FUZZY_MATCH
07ABCDE1045F1Z5,07ABCDE1045F1Z5,Fuzzy Supplier 671,Fuzzy Supplier 671 Pvt Ltd,INV-00671,inv-00671A,2026-11-29,2026-11-29,3953,3953,711.54,711.54,1,1,2,FUZZY_MATCH
07ABCDE4235F1Z5,07ABCDE4235F1Z5,Fuzzy Supplier 672,Fuzzy Supplier 672 Pvt Ltd,INV-00672,inv-00672A,2026-06-10,2026-06-11,56488,56488,10167.84,10168.84,1,1,2,FUZZY_MATCH
07ABCDE6312F1Z5,07ABCDE6312F1Z5,Fuzzy Supplier 673,Fuzzy Supplier 673 Pvt Ltd,INV-00673,inv-00673,2026-03-13,2026-03-13,19380,19380,3488.40,3489.40,1,1,2,FUZZY_MATCH
07ABCDE9804F1Z5,07ABCDE9804F1Z5,Fuzzy Supplier 674,Fuzzy Supplier 674 Pvt Ltd,INV-00674,INV00674,2026-03-15,2026-03-15,7875,7875,1417.50,1417.50,1,1,2,FUZZY_MATCH
07ABCDE3799F1Z5,07ABCDE3799F1Z5,Fuzzy Supplier 675,Fuzzy Supplier 675 Pvt Ltd,INV-00675,INV00675,2026-04-13,2026-04-13,10226,10226,1840.68,1841.68,1,1,2,FUZZY_MATCH
07ABCDE1479F1Z5,07ABCDE1479F1Z5,Fuzzy Supplier 676,Fuzzy Supplier 676 Pvt Ltd,INV-00676,inv-00676,2026-10-16,2026-10-17,60816,60816,10946.88,10945.88,1,1,2,FUZZY_MATCH
07ABCDE7413F1Z5,07ABCDE7413F1Z5,Fuzzy Supplier 677,Fuzzy Supplier 677 Pvt Ltd,INV-00677,inv-00677,2026-07-23,2026-07-24,31756,31756,5716.08,5715.08,1,1,2,FUZZY_MATCH
07ABCDE7620F1Z5,07ABCDE7620F1Z5,Fuzzy Supplier 678,Fuzzy Supplier 678 Pvt Ltd,INV-00678,inv-00678,2026-12-12,2026-12-13,68167,68167,12270.06,12269.06,1,1,2,FUZZY_MATCH
07ABCDE7222F1Z5,07ABCDE7222F1Z5,Fuzzy Supplier 679,Fuzzy Supplier 679 Pvt Ltd,INV-00679,INV00679A,2026-06-04,2026-06-04,73916,73916,13304.88,13303.88,1,1,2,FUZZY_MATCH
07ABCDE9970F1Z5,07ABCDE9970F1Z5,Fuzzy Supplier 680,Fuzzy Supplier 680 Pvt Ltd,INV-00680,inv-00680,2026-10-25,2026-10-26,31474,31474,5665.32,5665.32,1,1,2,FUZZY_MATCH
07ABCDE8558F1Z5,07ABCDE8558F1Z5,Fuzzy Supplier 681,Fuzzy Supplier 681 Pvt Ltd,INV-00681,INV00681,2026-12-29,2026-12-29,85071,85071,15312.78,15311.78,1,1,2,FUZZY_MATCH
07ABCDE4146F1Z5,07ABCDE4146F1Z5,Fuzzy Supplier 682,Fuzzy Supplier 682 Pvt Ltd,INV-00682,INV00682,2026-08-04,2026-08-04,78883,78883,14198.94,14198.94,1,1,2,FUZZY_MATCH
07ABCDE2472F1Z5,07ABCDE2472F1Z5,Fuzzy Supplier 683,Fuzzy Supplier 683 Pvt Ltd,INV-00683,inv-00683,2026-11-03,2026-11-04,32558,32558,5860.44,5861.44,1,1,2,FUZZY_MATCH
07ABCDE3594F1Z5,07ABCDE3594F1Z5,Fuzzy Supplier 684,Fuzzy Supplier 684 Pvt Ltd,INV-00684,inv-00684,2026-06-22,2026-06-23,44223,44223,7960.14,7959.14,1,1,2,FUZZY_MATCH
07ABCDE3306F1Z5,07ABCDE3306F1Z5,Fuzzy Supplier 685,Fuzzy Supplier 685 Pvt Ltd,INV-00685,INV00685,2026-09-13,2026-09-13,27713,27713,4988.34,4989.34,1,1,2,FUZZY_MATCH
07ABCDE2069F1Z5,07ABCDE2069F1Z5,Fuzzy Supplier 686,Fuzzy Supplier 686 Pvt Ltd,INV-00686,INV00686A,2026-10-02,2026-10-02,9488,9488,1707.84,1708.84,1,1,2,FUZZY_MATCH
07ABCDE5826F1Z5,07ABCDE5826F1Z5,Fuzzy Supplier 687,Fuzzy Supplier 687 Pvt Ltd,INV-00687,INV00687,2026-11-29,2026-11-28,39217,39217,7059.06,7060.06,1,1,2,FUZZY_MATCH
07ABCDE6861F1Z5,07ABCDE6861F1Z5,Fuzzy Supplier 688,Fuzzy Supplier 688 Pvt Ltd,INV-00688,INV00688,2026-12-29,2026-12-28,90013,90013,16202.34,16203.34,1,1,2,FUZZY_MATCH
07ABCDE4848F1Z5,07ABCDE4848F1Z5,Fuzzy Supplier 689,Fuzzy Supplier 689 Pvt Ltd,INV-00689,inv-00689,2026-03-12,2026-03-12,80847,80847,14552.46,14553.46,1,1,2,FUZZY_MATCH
07ABCDE4201F1Z5,07ABCDE4201F1Z5,Fuzzy Supplier 690,Fuzzy Supplier 690 Pvt Ltd,INV-00690,INV00690,2026-01-17,2026-01-17,52696,52696,9485.28,9484.28,1,1,2,FUZZY_MATCH
07ABCDE7352F1Z5,07ABCDE7352F1Z5,Fuzzy Supplier 691,Fuzzy Supplier 691 Pvt Ltd,INV-00691,inv-00691,2026-01-23,2026-01-23,54589,54589,9826.02,9825.02,1,1,2,FUZZY_MATCH
07ABCDE6798F1Z5,07ABCDE6798F1Z5,Fuzzy Supplier 692,Fuzzy Supplier 692 Pvt Ltd,INV-00692,INV00692,2026-03-16,2026-03-16,39305,39305,7074.90,7074.90,1,1,2,FUZZY_MATCH
07ABCDE9670F1Z5,07ABCDE9670F1Z5,Fuzzy Supplier 693,Fuzzy Supplier 693 Pvt Ltd,INV-00693,inv-00693,2026-06-20,2026-06-20,14035,14035,2526.30,2527.30,1,1,2,FUZZY_MATCH
07ABCDE7835F1Z5,07ABCDE7835F1Z5,Fuzzy Supplier 694,Fuzzy Supplier 694 Pvt Ltd,INV-00694,INV00694,2026-07-08,2026-07-09,40418,40418,7275.24,7275.24,1,1,2,FUZZY_MATCH
07ABCDE7359F1Z5,07ABCDE7359F1Z5,Fuzzy Supplier 695,Fuzzy Supplier 695 Pvt Ltd,INV-00695,INV00695A,2026-04-26,2026-04-25,23844,23844,4291.92,4292.92,1,1,2,FUZZY_MATCH
07ABCDE2573F1Z5,07ABCDE2573F1Z5,Fuzzy Supplier 696,Fuzzy Supplier 696 Pvt Ltd,INV-00696,inv-00696A,2026-07-08,2026-07-08,4729,4729,851.22,851.22,1,1,2,FUZZY_MATCH
07ABCDE2048F1Z5,07ABCDE2048F1Z5,Fuzzy Supplier 697,Fuzzy Supplier 697 Pvt Ltd,INV-00697,INV00697,2026-03-04,2026-03-04,89882,89882,16178.76,16177.76,1,1,2,FUZZY_MATCH
07ABCDE3167F1Z5,07ABCDE3167F1Z5,Fuzzy Supplier 698,Fuzzy Supplier 698 Pvt Ltd,INV-00698,inv-00698,2026-05-17,2026-05-18,18584,18584,3345.12,3345.12,1,1,2,FUZZY_MATCH
07ABCDE8483F1Z5,07ABCDE8483F1Z5,Fuzzy Supplier 699,Fuzzy Supplier 699 Pvt Ltd,INV-00699,inv-00699,2026-01-29,2026-01-29,95203,95203,17136.54,17137.54,1,1,2,FUZZY_MATCH
07ABCDE1842F1Z5,07ABCDE1842F1Z5,Fuzzy Supplier 700,Fuzzy Supplier 700 Pvt Ltd,INV-00700,inv-00700,2026-01-23,2026-01-23,15270,15270,2748.60,2749.60,1,1,2,FUZZY_MATCH
07ABCDE4185F1Z5,07ABCDE4185F1Z5,Fuzzy Supplier 701,Fuzzy Supplier 701 Pvt Ltd,INV-00701,inv-00701,2026-04-09,2026-04-09,27049,27049,4868.82,4868.82,1,1,2,FUZZY_MATCH
07ABCDE2876F1Z5,07ABCDE2876F1Z5,Fuzzy Supplier 702,Fuzzy Supplier 702 Pvt Ltd,INV-00702,INV00702,2026-11-09,2026-11-09,88148,88148,15866.64,15867.64,1,1,2,FUZZY_MATCH
07ABCDE7560F1Z5,07ABCDE7560F1Z5,Fuzzy Supplier 703,Fuzzy Supplier 703 Pvt Ltd,INV-00703,inv-00703A,2026-01-18,2026-01-18,17658,17658,3178.44,3178.44,1,1,2,FUZZY_MATCH
07ABCDE1184F1Z5,07ABCDE1184F1Z5,Fuzzy Supplier 704,Fuzzy Supplier 704 Pvt Ltd,INV-00704,INV00704,2026-09-11,2026-09-12,52247,52247,9404.46,9404.46,1,1,2,FUZZY_MATCH
07ABCDE6719F1Z5,07ABCDE6719F1Z5,Fuzzy Supplier 705,Fuzzy Supplier 705 Pvt Ltd,INV-00705,INV00705,2026-10-16,2026-10-15,2501,2501,450.18,451.18,1,1,2,FUZZY_MATCH
07ABCDE3578F1Z5,07ABCDE3578F1Z5,Fuzzy Supplier 706,Fuzzy Supplier 706 Pvt Ltd,INV-00706,inv-00706,2026-05-06,2026-05-07,33290,33290,5992.20,5992.20,1,1,2,FUZZY_MATCH
07ABCDE6764F1Z5,07ABCDE6764F1Z5,Fuzzy Supplier 707,Fuzzy Supplier 707 Pvt Ltd,INV-00707,inv-00707,2026-04-27,2026-04-27,38748,38748,6974.64,6975.64,1,1,2,FUZZY_MATCH
07ABCDE7599F1Z5,07ABCDE7599F1Z5,Fuzzy Supplier 708,Fuzzy Supplier 708 Pvt Ltd,INV-00708,INV00708,2026-07-17,2026-07-18,72001,72001,12960.18,12959.18,1,1,2,FUZZY_MATCH
07ABCDE6726F1Z5,07ABCDE6726F1Z5,Fuzzy Supplier 709,Fuzzy Supplier 709 Pvt Ltd,INV-00709,inv-00709,2026-04-09,2026-04-09,32913,32913,5924.34,5923.34,1,1,2,FUZZY_MATCH
07ABCDE4664F1Z5,07ABCDE4664F1Z5,Fuzzy Supplier 710,Fuzzy Supplier 710 Pvt Ltd,INV-00710,INV00710,2026-06-23,2026-06-23,44299,44299,7973.82,7973.82,1,1,2,FUZZY_MATCH
07ABCDE4165F1Z5,07ABCDE4165F1Z5,Fuzzy Supplier 711,Fuzzy Supplier 711 Pvt Ltd,INV-00711,INV00711A,2026-03-20,2026-03-21,91951,91951,16551.18,16552.18,1,1,2,FUZZY_MATCH
07ABCDE2492F1Z5,07ABCDE2492F1Z5,Fuzzy Supplier 712,Fuzzy Supplier 712 Pvt Ltd,INV-00712,inv-00712,2026-05-05,2026-05-05,66630,66630,11993.40,11992.40,1,1,2,FUZZY_MATCH
07ABCDE9582F1Z5,07ABCDE9582F1Z5,Fuzzy Supplier 713,Fuzzy Supplier 713 Pvt Ltd,INV-00713,INV00713,2026-11-11,2026-11-10,11164,11164,2009.52,2008.52,1,1,2,FUZZY_MATCH
07ABCDE1417F1Z5,07ABCDE1417F1Z5,Fuzzy Supplier 714,Fuzzy Supplier 714 Pvt Ltd,INV-00714,inv-00714,2026-09-20,2026-09-20,2942,2942,529.56,528.56,1,1,2,FUZZY_MATCH
07ABCDE1135F1Z5,07ABCDE1135F1Z5,Fuzzy Supplier 715,Fuzzy Supplier 715 Pvt Ltd,INV-00715,inv-00715,2026-10-11,2026-10-11,5046,5046,908.28,909.28,1,1,2,FUZZY_MATCH
07ABCDE4462F1Z5,07ABCDE4462F1Z5,Fuzzy Supplier 716,Fuzzy Supplier 716 Pvt Ltd,INV-00716,inv-00716,2026-11-14,2026-11-14,54578,54578,9824.04,9823.04,1,1,2,FUZZY_MATCH
07ABCDE4714F1Z5,07ABCDE4714F1Z5,Fuzzy Supplier 717,Fuzzy Supplier 717 Pvt Ltd,INV-00717,INV00717,2026-01-06,2026-01-07,23156,23156,4168.08,4167.08,1,1,2,FUZZY_MATCH
07ABCDE1855F1Z5,07ABCDE1855F1Z5,Fuzzy Supplier 718,Fuzzy Supplier 718 Pvt Ltd,INV-00718,inv-00718,2026-06-03,2026-06-03,55963,55963,10073.34,10073.34,1,1,2,FUZZY_MATCH
07ABCDE7181F1Z5,07ABCDE7181F1Z5,Fuzzy Supplier 719,Fuzzy Supplier 719 Pvt Ltd,INV-00719,INV00719,2026-01-02,2026-01-02,73142,73142,13165.56,13166.56,1,1,2,FUZZY_MATCH
07ABCDE1690F1Z5,07ABCDE1690F1Z5,Fuzzy Supplier 720,Fuzzy Supplier 720 Pvt Ltd,INV-00720,inv-00720,2026-05-28,2026-05-28,97413,97413,17534.34,17535.34,1,1,2,FUZZY_MATCH
07ABCDE4224F1Z5,07ABCDE4224F1Z5,Fuzzy Supplier 721,Fuzzy Supplier 721 Pvt Ltd,INV-00721,inv-00721,2026-05-18,2026-05-19,52909,52909,9523.62,9522.62,1,1,2,FUZZY_MATCH
07ABCDE8505F1Z5,07ABCDE8505F1Z5,Fuzzy Supplier 722,Fuzzy Supplier 722 Pvt Ltd,INV-00722,inv-00722,2026-02-22,2026-02-23,20712,20712,3728.16,3728.16,1,1,2,FUZZY_MATCH
07ABCDE1857F1Z5,07ABCDE1857F1Z5,Fuzzy Supplier 723,Fuzzy Supplier 723 Pvt Ltd,INV-00723,inv-00723,2026-12-13,2026-12-13,86432,86432,15557.76,15556.76,1,1,2,FUZZY_MATCH
07ABCDE7855F1Z5,07ABCDE7855F1Z5,Fuzzy Supplier 724,Fuzzy Supplier 724 Pvt Ltd,INV-00724,INV00724,2026-09-17,2026-09-16,65473,65473,11785.14,11786.14,1,1,2,FUZZY_MATCH
07ABCDE7192F1Z5,07ABCDE7192F1Z5,Fuzzy Supplier 725,Fuzzy Supplier 725 Pvt Ltd,INV-00725,inv-00725A,2026-01-31,2026-01-31,72456,72456,13042.08,13042.08,1,1,2,FUZZY_MATCH
07ABCDE1555F1Z5,07ABCDE1555F1Z5,Fuzzy Supplier 726,Fuzzy Supplier 726 Pvt Ltd,INV-00726,INV00726,2026-11-30,2026-11-29,80427,80427,14476.86,14475.86,1,1,2,FUZZY_MATCH
07ABCDE6018F1Z5,07ABCDE6018F1Z5,Fuzzy Supplier 727,Fuzzy Supplier 727 Pvt Ltd,INV-00727,INV00727,2026-11-05,2026-11-04,70060,70060,12610.80,12609.80,1,1,2,FUZZY_MATCH
07ABCDE4877F1Z5,07ABCDE4877F1Z5,Fuzzy Supplier 728,Fuzzy Supplier 728 Pvt Ltd,INV-00728,INV00728,2026-02-18,2026-02-17,72745,72745,13094.10,13095.10,1,1,2,FUZZY_MATCH
07ABCDE4724F1Z5,07ABCDE4724F1Z5,Fuzzy Supplier 729,Fuzzy Supplier 729 Pvt Ltd,INV-00729,INV00729,2026-12-07,2026-12-06,27178,27178,4892.04,4891.04,1,1,2,FUZZY_MATCH
07ABCDE9175F1Z5,07ABCDE9175F1Z5,Fuzzy Supplier 730,Fuzzy Supplier 730 Pvt Ltd,INV-00730,inv-00730,2026-04-08,2026-04-08,9295,9295,1673.10,1672.10,1,1,2,FUZZY_MATCH
07ABCDE8744F1Z5,07ABCDE8744F1Z5,Fuzzy Supplier 731,Fuzzy Supplier 731 Pvt Ltd,INV-00731,inv-00731,2026-08-23,2026-08-23,2108,2108,379.44,378.44,1,1,2,FUZZY_MATCH
07ABCDE7418F1Z5,07ABCDE7418F1Z5,Fuzzy Supplier 732,Fuzzy Supplier 732 Pvt Ltd,INV-00732,inv-00732,2026-01-14,2026-01-14,23244,23244,4183.92,4184.92,1,1,2,FUZZY_MATCH
07ABCDE4476F1Z5,07ABCDE4476F1Z5,Fuzzy Supplier 733,Fuzzy Supplier 733 Pvt Ltd,INV-00733,INV00733,2026-09-26,2026-09-27,23877,23877,4297.86,4298.86,1,1,2,FUZZY_MATCH
07ABCDE5763F1Z5,07ABCDE5763F1Z5,Fuzzy Supplier 734,Fuzzy Supplier 734 Pvt Ltd,INV-00734,inv-00734,2026-03-26,2026-03-26,22372,22372,4026.96,4025.96,1,1,2,FUZZY_MATCH
07ABCDE7461F1Z5,07ABCDE7461F1Z5,Fuzzy Supplier 735,Fuzzy Supplier 735 Pvt Ltd,INV-00735,inv-00735,2026-03-11,2026-03-10,55594,55594,10006.92,10005.92,1,1,2,FUZZY_MATCH
07ABCDE7736F1Z5,07ABCDE7736F1Z5,Fuzzy Supplier 736,Fuzzy Supplier 736 Pvt Ltd,INV-00736,INV00736,2026-09-05,2026-09-06,2408,2408,433.44,432.44,1,1,2,FUZZY_MATCH
07ABCDE2638F1Z5,07ABCDE2638F1Z5,Fuzzy Supplier 737,Fuzzy Supplier 737 Pvt Ltd,INV-00737,inv-00737,2026-05-01,2026-05-01,18538,18538,3336.84,3335.84,1,1,2,FUZZY_MATCH
07ABCDE3621F1Z5,07ABCDE3621F1Z5,Fuzzy Supplier 738,Fuzzy Supplier 738 Pvt Ltd,INV-00738,INV00738,2026-04-27,2026-04-27,10747,10747,1934.46,1934.46,1,1,2,FUZZY_MATCH
07ABCDE7288F1Z5,07ABCDE7288F1Z5,Fuzzy Supplier 739,Fuzzy Supplier 739 Pvt Ltd,INV-00739,INV00739,2026-10-07,2026-10-08,24187,24187,4353.66,4354.66,1,1,2,FUZZY_MATCH
07ABCDE5322F1Z5,07ABCDE5322F1Z5,Fuzzy Supplier 740,Fuzzy Supplier 740 Pvt Ltd,INV-00740,INV00740,2026-04-04,2026-04-03,80825,80825,14548.50,14548.50,1,1,2,FUZZY_MATCH
07ABCDE7908F1Z5,07ABCDE7908F1Z5,Fuzzy Supplier 741,Fuzzy Supplier 741 Pvt Ltd,INV-00741,INV00741A,2026-10-31,2026-10-30,76450,76450,13761.00,13760.00,1,1,2,FUZZY_MATCH
07ABCDE2880F1Z5,07ABCDE2880F1Z5,Fuzzy Supplier 742,Fuzzy Supplier 742 Pvt Ltd,INV-00742,inv-00742,2026-01-30,2026-01-29,43484,43484,7827.12,7826.12,1,1,2,FUZZY_MATCH
07ABCDE7239F1Z5,07ABCDE7239F1Z5,Fuzzy Supplier 743,Fuzzy Supplier 743 Pvt Ltd,INV-00743,INV00743,2026-11-30,2026-11-30,65675,65675,11821.50,11821.50,1,1,2,FUZZY_MATCH
07ABCDE1810F1Z5,07ABCDE1810F1Z5,Fuzzy Supplier 744,Fuzzy Supplier 744 Pvt Ltd,INV-00744,INV00744A,2026-03-24,2026-03-24,67091,67091,12076.38,12077.38,1,1,2,FUZZY_MATCH
07ABCDE4148F1Z5,07ABCDE4148F1Z5,Fuzzy Supplier 745,Fuzzy Supplier 745 Pvt Ltd,INV-00745,INV00745A,2026-08-13,2026-08-12,90678,90678,16322.04,16321.04,1,1,2,FUZZY_MATCH
07ABCDE1317F1Z5,07ABCDE1317F1Z5,Fuzzy Supplier 746,Fuzzy Supplier 746 Pvt Ltd,INV-00746,INV00746A,2026-11-12,2026-11-11,4046,4046,728.28,728.28,1,1,2,FUZZY_MATCH
07ABCDE1143F1Z5,07ABCDE1143F1Z5,Fuzzy Supplier 747,Fuzzy Supplier 747 Pvt Ltd,INV-00747,inv-00747,2026-06-07,2026-06-07,19608,19608,3529.44,3528.44,1,1,2,FUZZY_MATCH
07ABCDE6361F1Z5,07ABCDE6361F1Z5,Fuzzy Supplier 748,Fuzzy Supplier 748 Pvt Ltd,INV-00748,INV00748,2026-03-30,2026-03-30,40781,40781,7340.58,7339.58,1,1,2,FUZZY_MATCH
07ABCDE7575F1Z5,07ABCDE7575F1Z5,Fuzzy Supplier 749,Fuzzy Supplier 749 Pvt Ltd,INV-00749,INV00749,2026-11-11,2026-11-12,12274,12274,2209.32,2208.32,1,1,2,FUZZY_MATCH
07ABCDE1773F1Z5,07ABCDE1773F1Z5,Fuzzy Supplier 750,Fuzzy Supplier 750 Pvt Ltd,INV-00750,INV00750,2026-07-27,2026-07-26,52377,52377,9427.86,9428.86,1,1,2,FUZZY_MATCH
07ABCDE8184F1Z5,07ABCDE8184F1Z5,Fuzzy Supplier 751,Fuzzy Supplier 751 Pvt Ltd,INV-00751,INV00751,2026-02-20,2026-02-21,46156,46156,8308.08,8308.08,1,1,2,FUZZY_MATCH
07ABCDE8514F1Z5,07ABCDE8514F1Z5,Fuzzy Supplier 752,Fuzzy Supplier 752 Pvt Ltd,INV-00752,inv-00752,2026-01-01,2026-01-01,98639,98639,17755.02,17755.02,1,1,2,FUZZY_MATCH
07ABCDE8543F1Z5,07ABCDE8543F1Z5,Fuzzy Supplier 753,Fuzzy Supplier 753 Pvt Ltd,INV-00753,INV00753,2026-04-26,2026-04-26,92425,92425,16636.50,16636.50,1,1,2,FUZZY_MATCH
07ABCDE6453F1Z5,07ABCDE6453F1Z5,Fuzzy Supplier 754,Fuzzy Supplier 754 Pvt Ltd,INV-00754,inv-00754,2026-01-24,2026-01-23,29990,29990,5398.20,5397.20,1,1,2,FUZZY_MATCH
07ABCDE9559F1Z5,07ABCDE9559F1Z5,Fuzzy Supplier 755,Fuzzy Supplier 755 Pvt Ltd,INV-00755,INV00755,2026-08-20,2026-08-21,75669,75669,13620.42,13620.42,1,1,2,FUZZY_MATCH
07ABCDE7229F1Z5,07ABCDE7229F1Z5,Fuzzy Supplier 756,Fuzzy Supplier 756 Pvt Ltd,INV-00756,INV00756,2026-07-14,2026-07-15,67757,67757,12196.26,12195.26,1,1,2,FUZZY_MATCH
07ABCDE1150F1Z5,07ABCDE1150F1Z5,Fuzzy Supplier 757,Fuzzy Supplier 757 Pvt Ltd,INV-00757,inv-00757,2026-07-01,2026-07-01,61243,61243,11023.74,11022.74,1,1,2,FUZZY_MATCH
07ABCDE7478F1Z5,07ABCDE7478F1Z5,Fuzzy Supplier 758,Fuzzy Supplier 758 Pvt Ltd,INV-00758,INV00758A,2026-03-11,2026-03-11,79899,79899,14381.82,14381.82,1,1,2,FUZZY_MATCH
07ABCDE1397F1Z5,07ABCDE1397F1Z5,Fuzzy Supplier 759,Fuzzy Supplier 759 Pvt Ltd,INV-00759,INV00759,2026-07-31,2026-08-01,15128,15128,2723.04,2723.04,1,1,2,FUZZY_MATCH
07ABCDE9282F1Z5,07ABCDE9282F1Z5,Fuzzy Supplier 760,Fuzzy Supplier 760 Pvt Ltd,INV-00760,INV00760,2026-05-09,2026-05-08,31403,31403,5652.54,5652.54,1,1,2,FUZZY_MATCH
07ABCDE9857F1Z5,07ABCDE9857F1Z5,Fuzzy Supplier 761,Fuzzy Supplier 761 Pvt Ltd,INV-00761,INV00761,2026-11-16,2026-11-17,65685,65685,11823.30,11823.30,1,1,2,FUZZY_MATCH
07ABCDE6357F1Z5,07ABCDE6357F1Z5,Fuzzy Supplier 762,Fuzzy Supplier 762 Pvt Ltd,INV-00762,inv-00762,2026-12-04,2026-12-05,76541,76541,13777.38,13777.38,1,1,2,FUZZY_MATCH
07ABCDE3696F1Z5,07ABCDE3696F1Z5,Fuzzy Supplier 763,Fuzzy Supplier 763 Pvt Ltd,INV-00763,inv-00763,2026-06-13,2026-06-12,17769,17769,3198.42,3197.42,1,1,2,FUZZY_MATCH
07ABCDE2031F1Z5,07ABCDE2031F1Z5,Fuzzy Supplier 764,Fuzzy Supplier 764 Pvt Ltd,INV-00764,inv-00764,2026-05-23,2026-05-24,99233,99233,17861.94,17860.94,1,1,2,FUZZY_MATCH
07ABCDE5972F1Z5,07ABCDE5972F1Z5,Fuzzy Supplier 765,Fuzzy Supplier 765 Pvt Ltd,INV-00765,INV00765,2026-05-22,2026-05-21,91090,91090,16396.20,16396.20,1,1,2,FUZZY_MATCH
07ABCDE1014F1Z5,07ABCDE1014F1Z5,Fuzzy Supplier 766,Fuzzy Supplier 766 Pvt Ltd,INV-00766,INV00766,2026-09-30,2026-09-29,64960,64960,11692.80,11693.80,1,1,2,FUZZY_MATCH
07ABCDE8023F1Z5,07ABCDE8023F1Z5,Fuzzy Supplier 767,Fuzzy Supplier 767 Pvt Ltd,INV-00767,inv-00767,2026-07-07,2026-07-07,35108,35108,6319.44,6319.44,1,1,2,FUZZY_MATCH
07ABCDE5525F1Z5,07ABCDE5525F1Z5,Fuzzy Supplier 768,Fuzzy Supplier 768 Pvt Ltd,INV-00768,inv-00768,2026-02-26,2026-02-26,11984,11984,2157.12,2156.12,1,1,2,FUZZY_MATCH
07ABCDE2918F1Z5,07ABCDE2918F1Z5,Fuzzy Supplier 769,Fuzzy Supplier 769 Pvt Ltd,INV-00769,inv-00769A,2026-07-05,2026-07-04,59977,59977,10795.86,10795.86,1,1,2,FUZZY_MATCH
07ABCDE3084F1Z5,07ABCDE3084F1Z5,Fuzzy Supplier 770,Fuzzy Supplier 770 Pvt Ltd,INV-00770,inv-00770,2026-06-20,2026-06-21,99688,99688,17943.84,17942.84,1,1,2,FUZZY_MATCH
07ABCDE7680F1Z5,07ABCDE7680F1Z5,Fuzzy Supplier 771,Fuzzy Supplier 771 Pvt Ltd,INV-00771,inv-00771,2026-01-07,2026-01-08,7261,7261,1306.98,1305.98,1,1,2,FUZZY_MATCH
07ABCDE7662F1Z5,07ABCDE7662F1Z5,Fuzzy Supplier 772,Fuzzy Supplier 772 Pvt Ltd,INV-00772,INV00772,2026-12-08,2026-12-07,68875,68875,12397.50,12396.50,1,1,2,FUZZY_MATCH
07ABCDE6413F1Z5,07ABCDE6413F1Z5,Fuzzy Supplier 773,Fuzzy Supplier 773 Pvt Ltd,INV-00773,INV00773,2026-04-04,2026-04-04,98897,98897,17801.46,17800.46,1,1,2,FUZZY_MATCH
07ABCDE7446F1Z5,07ABCDE7446F1Z5,Fuzzy Supplier 774,Fuzzy Supplier 774 Pvt Ltd,INV-00774,inv-00774,2026-08-26,2026-08-27,71696,71696,12905.28,12905.28,1,1,2,FUZZY_MATCH
07ABCDE3549F1Z5,07ABCDE3549F1Z5,Fuzzy Supplier 775,Fuzzy Supplier 775 Pvt Ltd,INV-00775,INV00775,2026-07-26,2026-07-25,53925,53925,9706.50,9706.50,1,1,2,FUZZY_MATCH
07ABCDE2909F1Z5,07ABCDE2909F1Z5,Fuzzy Supplier 776,Fuzzy Supplier 776 Pvt Ltd,INV-00776,inv-00776A,2026-03-26,2026-03-26,95858,95858,17254.44,17255.44,1,1,2,FUZZY_MATCH
07ABCDE8178F1Z5,07ABCDE8178F1Z5,Fuzzy Supplier 777,Fuzzy Supplier 777 Pvt Ltd,INV-00777,inv-00777,2026-03-25,2026-03-25,56015,56015,10082.70,10083.70,1,1,2,FUZZY_MATCH
07ABCDE8088F1Z5,07ABCDE8088F1Z5,Fuzzy Supplier 778,Fuzzy Supplier 778 Pvt Ltd,INV-00778,INV00778,2026-11-02,2026-11-03,17966,17966,3233.88,3232.88,1,1,2,FUZZY_MATCH
07ABCDE6749F1Z5,07ABCDE6749F1Z5,Fuzzy Supplier 779,Fuzzy Supplier 779 Pvt Ltd,INV-00779,inv-00779A,2026-10-12,2026-10-11,71788,71788,12921.84,12922.84,1,1,2,FUZZY_MATCH
07ABCDE5382F1Z5,07ABCDE5382F1Z5,Fuzzy Supplier 780,Fuzzy Supplier 780 Pvt Ltd,INV-00780,inv-00780,2026-05-14,2026-05-13,97963,97963,17633.34,17634.34,1,1,2,FUZZY_MATCH
07ABCDE2020F1Z5,07ABCDE2020F1Z5,Fuzzy Supplier 781,Fuzzy Supplier 781 Pvt Ltd,INV-00781,inv-00781,2026-03-09,2026-03-08,52857,52857,9514.26,9514.26,1,1,2,FUZZY_MATCH
07ABCDE7119F1Z5,07ABCDE7119F1Z5,Fuzzy Supplier 782,Fuzzy Supplier 782 Pvt Ltd,INV-00782,INV00782,2026-04-16,2026-04-15,70578,70578,12704.04,12703.04,1,1,2,FUZZY_MATCH
07ABCDE8674F1Z5,07ABCDE8674F1Z5,Fuzzy Supplier 783,Fuzzy Supplier 783 Pvt Ltd,INV-00783,INV00783,2026-05-14,2026-05-14,41908,41908,7543.44,7542.44,1,1,2,FUZZY_MATCH
07ABCDE3000F1Z5,07ABCDE3000F1Z5,Fuzzy Supplier 784,Fuzzy Supplier 784 Pvt Ltd,INV-00784,INV00784A,2026-02-15,2026-02-14,64788,64788,11661.84,11660.84,1,1,2,FUZZY_MATCH
07ABCDE6393F1Z5,07ABCDE6393F1Z5,Fuzzy Supplier 785,Fuzzy Supplier 785 Pvt Ltd,INV-00785,inv-00785,2026-01-05,2026-01-05,34904,34904,6282.72,6283.72,1,1,2,FUZZY_MATCH
07ABCDE7155F1Z5,07ABCDE7155F1Z5,Fuzzy Supplier 786,Fuzzy Supplier 786 Pvt Ltd,INV-00786,inv-00786,2026-06-20,2026-06-20,65947,65947,11870.46,11871.46,1,1,2,FUZZY_MATCH
07ABCDE7736F1Z5,07ABCDE7736F1Z5,Fuzzy Supplier 787,Fuzzy Supplier 787 Pvt Ltd,INV-00787,inv-00787,2026-09-13,2026-09-13,39899,39899,7181.82,7182.82,1,1,2,FUZZY_MATCH
07ABCDE7214F1Z5,07ABCDE7214F1Z5,Fuzzy Supplier 788,Fuzzy Supplier 788 Pvt Ltd,INV-00788,inv-00788A,2026-03-16,2026-03-17,31764,31764,5717.52,5717.52,1,1,2,FUZZY_MATCH
07ABCDE3305F1Z5,07ABCDE3305F1Z5,Fuzzy Supplier 789,Fuzzy Supplier 789 Pvt Ltd,INV-00789,INV00789,2026-12-14,2026-12-14,20518,20518,3693.24,3693.24,1,1,2,FUZZY_MATCH
07ABCDE3934F1Z5,07ABCDE3934F1Z5,Fuzzy Supplier 790,Fuzzy Supplier 790 Pvt Ltd,INV-00790,inv-00790,2026-10-31,2026-10-31,71438,71438,12858.84,12857.84,1,1,2,FUZZY_MATCH
07ABCDE1307F1Z5,07ABCDE1307F1Z5,Fuzzy Supplier 791,Fuzzy Supplier 791 Pvt Ltd,INV-00791,INV00791,2026-12-20,2026-12-20,53099,53099,9557.82,9557.82,1,1,2,FUZZY_MATCH
07ABCDE4110F1Z5,07ABCDE4110F1Z5,Fuzzy Supplier 792,Fuzzy Supplier 792 Pvt Ltd,INV-00792,INV00792,2026-08-21,2026-08-21,10048,10048,1808.64,1808.64,1,1,2,FUZZY_MATCH
07ABCDE2692F1Z5,07ABCDE2692F1Z5,Fuzzy Supplier 793,Fuzzy Supplier 793 Pvt Ltd,INV-00793,INV00793,2026-05-12,2026-05-12,30087,30087,5415.66,5415.66,1,1,2,FUZZY_MATCH
07ABCDE6223F1Z5,07ABCDE6223F1Z5,Fuzzy Supplier 794,Fuzzy Supplier 794 Pvt Ltd,INV-00794,INV00794,2026-12-11,2026-12-11,47614,47614,8570.52,8569.52,1,1,2,FUZZY_MATCH
07ABCDE3159F1Z5,07ABCDE3159F1Z5,Fuzzy Supplier 795,Fuzzy Supplier 795 Pvt Ltd,INV-00795,inv-00795,2026-12-02,2026-12-02,49188,49188,8853.84,8853.84,1,1,2,FUZZY_MATCH
07ABCDE5915F1Z5,07ABCDE5915F1Z5,Fuzzy Supplier 796,Fuzzy Supplier 796 Pvt Ltd,INV-00796,INV00796,2026-11-09,2026-11-08,65542,65542,11797.56,11796.56,1,1,2,FUZZY_MATCH
07ABCDE8409F1Z5,07ABCDE8409F1Z5,Fuzzy Supplier 797,Fuzzy Supplier 797 Pvt Ltd,INV-00797,INV00797,2026-03-01,2026-03-02,78176,78176,14071.68,14072.68,1,1,2,FUZZY_MATCH
07ABCDE6500F1Z5,07ABCDE6500F1Z5,Fuzzy Supplier 798,Fuzzy Supplier 798 Pvt Ltd,INV-00798,INV00798,2026-08-26,2026-08-26,5578,5578,1004.04,1003.04,1,1,2,FUZZY_MATCH
07ABCDE9421F1Z5,07ABCDE9421F1Z5,Fuzzy Supplier 799,Fuzzy Supplier 799 Pvt Ltd,INV-00799,INV00799,2026-04-25,2026-04-25,43080,43080,7754.40,7755.40,1,1,2,FUZZY_MATCH
07ABCDE9450F1Z5,07ABCDE9450F1Z5,Fuzzy Supplier 800,Fuzzy Supplier 800 Pvt Ltd,INV-00800,INV00800,2026-02-28,2026-02-28,74912,74912,13484.16,13485.16,1,1,2,FUZZY_MATCH
07ABCDE2635F1Z5,07ABCDE2635F1Z5,Fuzzy Supplier 801,Fuzzy Supplier 801 Pvt Ltd,INV-00801,inv-00801,2026-05-06,2026-05-06,41262,41262,7427.16,7428.16,1,1,2,FUZZY_MATCH
07ABCDE8587F1Z5,07ABCDE8587F1Z5,Fuzzy Supplier 802,Fuzzy Supplier 802 Pvt Ltd,INV-00802,inv-00802A,2026-10-04,2026-10-05,99357,99357,17884.26,17883.26,1,1,2,FUZZY_MATCH
07ABCDE2684F1Z5,07ABCDE2684F1Z5,Fuzzy Supplier 803,Fuzzy Supplier 803 Pvt Ltd,INV-00803,INV00803,2026-11-09,2026-11-08,68490,68490,12328.20,12329.20,1,1,2,FUZZY_MATCH
07ABCDE2441F1Z5,07ABCDE2441F1Z5,Fuzzy Supplier 804,Fuzzy Supplier 804 Pvt Ltd,INV-00804,INV00804,2026-08-13,2026-08-13,99458,99458,17902.44,17903.44,1,1,2,FUZZY_MATCH
07ABCDE5796F1Z5,07ABCDE5796F1Z5,Fuzzy Supplier 805,Fuzzy Supplier 805 Pvt Ltd,INV-00805,INV00805A,2026-01-28,2026-01-29,40167,40167,7230.06,7231.06,1,1,2,FUZZY_MATCH
07ABCDE5111F1Z5,07ABCDE5111F1Z5,Fuzzy Supplier 806,Fuzzy Supplier 806 Pvt Ltd,INV-00806,inv-00806,2026-03-01,2026-03-01,62357,62357,11224.26,11225.26,1,1,2,FUZZY_MATCH
07ABCDE2054F1Z5,07ABCDE2054F1Z5,Fuzzy Supplier 807,Fuzzy Supplier 807 Pvt Ltd,INV-00807,INV00807A,2026-10-26,2026-10-26,82381,82381,14828.58,14828.58,1,1,2,FUZZY_MATCH
07ABCDE9101F1Z5,07ABCDE9101F1Z5,Fuzzy Supplier 808,Fuzzy Supplier 808 Pvt Ltd,INV-00808,inv-00808,2026-06-24,2026-06-24,32498,32498,5849.64,5850.64,1,1,2,FUZZY_MATCH
07ABCDE1609F1Z5,07ABCDE1609F1Z5,Fuzzy Supplier 809,Fuzzy Supplier 809 Pvt Ltd,INV-00809,inv-00809,2026-03-22,2026-03-22,82813,82813,14906.34,14905.34,1,1,2,FUZZY_MATCH
07ABCDE2435F1Z5,07ABCDE2435F1Z5,Fuzzy Supplier 810,Fuzzy Supplier 810 Pvt Ltd,INV-00810,INV00810,2026-08-18,2026-08-18,6271,6271,1128.78,1127.78,1,1,2,FUZZY_MATCH
07ABCDE4613F1Z5,07ABCDE4613F1Z5,Fuzzy Supplier 811,Fuzzy Supplier 811 Pvt Ltd,INV-00811,inv-00811,2026-01-12,2026-01-11,20647,20647,3716.46,3716.46,1,1,2,FUZZY_MATCH
07ABCDE2591F1Z5,07ABCDE2591F1Z5,Fuzzy Supplier 812,Fuzzy Supplier 812 Pvt Ltd,INV-00812,inv-00812A,2026-09-27,2026-09-27,33125,33125,5962.50,5963.50,1,1,2,FUZZY_MATCH
07ABCDE9830F1Z5,07ABCDE9830F1Z5,Fuzzy Supplier 813,Fuzzy Supplier 813 Pvt Ltd,INV-00813,INV00813A,2026-12-20,2026-12-19,10140,10140,1825.20,1825.20,1,1,2,FUZZY_MATCH
07ABCDE6051F1Z5,07ABCDE6051F1Z5,Fuzzy Supplier 814,Fuzzy Supplier 814 Pvt Ltd,INV-00814,inv-00814,2026-06-26,2026-06-27,10686,10686,1923.48,1922.48,1,1,2,FUZZY_MATCH
07ABCDE8994F1Z5,07ABCDE8994F1Z5,Fuzzy Supplier 815,Fuzzy Supplier 815 Pvt Ltd,INV-00815,INV00815,2026-03-01,2026-03-01,36858,36858,6634.44,6633.44,1,1,2,FUZZY_MATCH
07ABCDE7762F1Z5,07ABCDE7762F1Z5,Fuzzy Supplier 816,Fuzzy Supplier 816 Pvt Ltd,INV-00816,inv-00816,2026-06-09,2026-06-09,72696,72696,13085.28,13084.28,1,1,2,FUZZY_MATCH
07ABCDE5171F1Z5,07ABCDE5171F1Z5,Fuzzy Supplier 817,Fuzzy Supplier 817 Pvt Ltd,INV-00817,INV00817,2026-04-02,2026-04-02,6865,6865,1235.70,1235.70,1,1,2,FUZZY_MATCH
07ABCDE6337F1Z5,07ABCDE6337F1Z5,Fuzzy Supplier 818,Fuzzy Supplier 818 Pvt Ltd,INV-00818,inv-00818,2026-07-07,2026-07-07,34703,34703,6246.54,6247.54,1,1,2,FUZZY_MATCH
07ABCDE7769F1Z5,07ABCDE7769F1Z5,Fuzzy Supplier 819,Fuzzy Supplier 819 Pvt Ltd,INV-00819,inv-00819,2026-07-07,2026-07-07,24113,24113,4340.34,4341.34,1,1,2,FUZZY_MATCH
07ABCDE6500F1Z5,07ABCDE6500F1Z5,Fuzzy Supplier 820,Fuzzy Supplier 820 Pvt Ltd,INV-00820,INV00820,2026-06-02,2026-06-01,55686,55686,10023.48,10022.48,1,1,2,FUZZY_MATCH
07ABCDE4894F1Z5,07ABCDE4894F1Z5,Fuzzy Supplier 821,Fuzzy Supplier 821 Pvt Ltd,INV-00821,inv-00821,2026-03-06,2026-03-07,42952,42952,7731.36,7732.36,1,1,2,FUZZY_MATCH
07ABCDE4207F1Z5,07ABCDE4207F1Z5,Fuzzy Supplier 822,Fuzzy Supplier 822 Pvt Ltd,INV-00822,inv-00822,2026-04-06,2026-04-06,42167,42167,7590.06,7591.06,1,1,2,FUZZY_MATCH
07ABCDE7396F1Z5,07ABCDE7396F1Z5,Fuzzy Supplier 823,Fuzzy Supplier 823 Pvt Ltd,INV-00823,inv-00823A,2026-08-24,2026-08-23,90293,90293,16252.74,16251.74,1,1,2,FUZZY_MATCH
07ABCDE5486F1Z5,07ABCDE5486F1Z5,Fuzzy Supplier 824,Fuzzy Supplier 824 Pvt Ltd,INV-00824,INV00824,2026-09-14,2026-09-14,12567,12567,2262.06,2261.06,1,1,2,FUZZY_MATCH
07ABCDE2056F1Z5,07ABCDE2056F1Z5,Fuzzy Supplier 825,Fuzzy Supplier 825 Pvt Ltd,INV-00825,INV00825,2026-06-15,2026-06-15,70134,70134,12624.12,12625.12,1,1,2,FUZZY_MATCH
07ABCDE9807F1Z5,07ABCDE9807F1Z5,Fuzzy Supplier 826,Fuzzy Supplier 826 Pvt Ltd,INV-00826,INV00826,2026-03-05,2026-03-06,44295,44295,7973.10,7972.10,1,1,2,FUZZY_MATCH
07ABCDE1891F1Z5,07ABCDE1891F1Z5,Fuzzy Supplier 827,Fuzzy Supplier 827 Pvt Ltd,INV-00827,inv-00827,2026-12-02,2026-12-02,24029,24029,4325.22,4325.22,1,1,2,FUZZY_MATCH
07ABCDE8755F1Z5,07ABCDE8755F1Z5,Fuzzy Supplier 828,Fuzzy Supplier 828 Pvt Ltd,INV-00828,inv-00828,2026-01-12,2026-01-12,32972,32972,5934.96,5935.96,1,1,2,FUZZY_MATCH
07ABCDE8474F1Z5,07ABCDE8474F1Z5,Fuzzy Supplier 829,Fuzzy Supplier 829 Pvt Ltd,INV-00829,INV00829,2026-09-26,2026-09-25,88503,88503,15930.54,15929.54,1,1,2,FUZZY_MATCH
07ABCDE8013F1Z5,07ABCDE8013F1Z5,Fuzzy Supplier 830,Fuzzy Supplier 830 Pvt Ltd,INV-00830,INV00830,2026-01-29,2026-01-30,60457,60457,10882.26,10882.26,1,1,2,FUZZY_MATCH
07ABCDE5858F1Z5,07ABCDE5858F1Z5,Fuzzy Supplier 831,Fuzzy Supplier 831 Pvt Ltd,INV-00831,INV00831,2026-11-14,2026-11-15,34695,34695,6245.10,6244.10,1,1,2,FUZZY_MATCH
07ABCDE1171F1Z5,07ABCDE1171F1Z5,Fuzzy Supplier 832,Fuzzy Supplier 832 Pvt Ltd,INV-00832,inv-00832,2026-02-11,2026-02-10,54505,54505,9810.90,9810.90,1,1,2,FUZZY_MATCH
07ABCDE6362F1Z5,07ABCDE6362F1Z5,Fuzzy Supplier 833,Fuzzy Supplier 833 Pvt Ltd,INV-00833,INV00833,2026-04-06,2026-04-06,90393,90393,16270.74,16270.74,1,1,2,FUZZY_MATCH
07ABCDE9493F1Z5,07ABCDE9493F1Z5,Fuzzy Supplier 834,Fuzzy Supplier 834 Pvt Ltd,INV-00834,INV00834A,2026-02-22,2026-02-21,15295,15295,2753.10,2752.10,1,1,2,FUZZY_MATCH
07ABCDE9033F1Z5,07ABCDE9033F1Z5,Fuzzy Supplier 835,Fuzzy Supplier 835 Pvt Ltd,INV-00835,inv-00835,2026-12-30,2026-12-29,83761,83761,15076.98,15075.98,1,1,2,FUZZY_MATCH
07ABCDE8878F1Z5,07ABCDE8878F1Z5,Fuzzy Supplier 836,Fuzzy Supplier 836 Pvt Ltd,INV-00836,inv-00836,2026-10-24,2026-10-24,43557,43557,7840.26,7839.26,1,1,2,FUZZY_MATCH
07ABCDE7447F1Z5,07ABCDE7447F1Z5,Fuzzy Supplier 837,Fuzzy Supplier 837 Pvt Ltd,INV-00837,inv-00837A,2026-09-19,2026-09-19,75401,75401,13572.18,13573.18,1,1,2,FUZZY_MATCH
07ABCDE6218F1Z5,07ABCDE6218F1Z5,Fuzzy Supplier 838,Fuzzy Supplier 838 Pvt Ltd,INV-00838,inv-00838,2026-04-27,2026-04-27,43537,43537,7836.66,7835.66,1,1,2,FUZZY_MATCH
07ABCDE7851F1Z5,07ABCDE7851F1Z5,Fuzzy Supplier 839,Fuzzy Supplier 839 Pvt Ltd,INV-00839,inv-00839,2026-03-03,2026-03-03,17716,17716,3188.88,3188.88,1,1,2,FUZZY_MATCH
07ABCDE1262F1Z5,07ABCDE1262F1Z5,Fuzzy Supplier 840,Fuzzy Supplier 840 Pvt Ltd,INV-00840,inv-00840A,2026-12-02,2026-12-01,23488,23488,4227.84,4228.84,1,1,2,FUZZY_MATCH
07ABCDE6788F1Z5,07ABCDE6788F1Z5,Fuzzy Supplier 841,Fuzzy Supplier 841 Pvt Ltd,INV-00841,inv-00841,2026-03-09,2026-03-08,45832,45832,8249.76,8248.76,1,1,2,FUZZY_MATCH
07ABCDE1943F1Z5,07ABCDE1943F1Z5,Fuzzy Supplier 842,Fuzzy Supplier 842 Pvt Ltd,INV-00842,inv-00842,2026-05-11,2026-05-11,80670,80670,14520.60,14519.60,1,1,2,FUZZY_MATCH
07ABCDE8152F1Z5,07ABCDE8152F1Z5,Fuzzy Supplier 843,Fuzzy Supplier 843 Pvt Ltd,INV-00843,inv-00843A,2026-02-02,2026-02-02,45863,45863,8255.34,8256.34,1,1,2,FUZZY_MATCH
07ABCDE8540F1Z5,07ABCDE8540F1Z5,Fuzzy Supplier 844,Fuzzy Supplier 844 Pvt Ltd,INV-00844,INV00844A,2026-08-25,2026-08-24,1806,1806,325.08,325.08,1,1,2,FUZZY_MATCH
07ABCDE6204F1Z5,07ABCDE6204F1Z5,Fuzzy Supplier 845,Fuzzy Supplier 845 Pvt Ltd,INV-00845,inv-00845,2026-10-26,2026-10-25,48987,48987,8817.66,8818.66,1,1,2,FUZZY_MATCH
07ABCDE9209F1Z5,07ABCDE9209F1Z5,Fuzzy Supplier 846,Fuzzy Supplier 846 Pvt Ltd,INV-00846,INV00846,2026-04-10,2026-04-11,66116,66116,11900.88,11899.88,1,1,2,FUZZY_MATCH
07ABCDE6794F1Z5,07ABCDE6794F1Z5,Fuzzy Supplier 847,Fuzzy Supplier 847 Pvt Ltd,INV-00847,INV00847,2026-05-12,2026-05-13,22448,22448,4040.64,4039.64,1,1,2,FUZZY_MATCH
07ABCDE3182F1Z5,07ABCDE3182F1Z5,Fuzzy Supplier 848,Fuzzy Supplier 848 Pvt Ltd,INV-00848,inv-00848A,2026-06-09,2026-06-08,37778,37778,6800.04,6801.04,1,1,2,FUZZY_MATCH
07ABCDE2451F1Z5,07ABCDE2451F1Z5,Fuzzy Supplier 849,Fuzzy Supplier 849 Pvt Ltd,INV-00849,INV00849,2026-03-29,2026-03-29,33455,33455,6021.90,6022.90,1,1,2,FUZZY_MATCH
07ABCDE2485F1Z5,07ABCDE2485F1Z5,Fuzzy Supplier 850,Fuzzy Supplier 850 Pvt Ltd,INV-00850,inv-00850,2026-06-22,2026-06-21,78502,78502,14130.36,14131.36,1,1,2,FUZZY_MATCH
07ABCDE1385F1Z5,07ABCDE1385F1Z5,Fuzzy Supplier 851,Fuzzy Supplier 851 Pvt Ltd,INV-00851,INV00851,2026-07-19,2026-07-20,50973,50973,9175.14,9174.14,1,1,2,FUZZY_MATCH
07ABCDE6038F1Z5,07ABCDE6038F1Z5,Fuzzy Supplier 852,Fuzzy Supplier 852 Pvt Ltd,INV-00852,inv-00852,2026-07-29,2026-07-30,80334,80334,14460.12,14460.12,1,1,2,FUZZY_MATCH
07ABCDE7983F1Z5,07ABCDE7983F1Z5,Fuzzy Supplier 853,Fuzzy Supplier 853 Pvt Ltd,INV-00853,inv-00853A,2026-03-11,2026-03-11,33888,33888,6099.84,6100.84,1,1,2,FUZZY_MATCH
07ABCDE3692F1Z5,07ABCDE3692F1Z5,Fuzzy Supplier 854,Fuzzy Supplier 854 Pvt Ltd,INV-00854,INV00854,2026-08-30,2026-08-29,95306,95306,17155.08,17155.08,1,1,2,FUZZY_MATCH
07ABCDE1451F1Z5,07ABCDE1451F1Z5,Fuzzy Supplier 855,Fuzzy Supplier 855 Pvt Ltd,INV-00855,inv-00855,2026-03-28,2026-03-29,10334,10334,1860.12,1861.12,1,1,2,FUZZY_MATCH
07ABCDE1112F1Z5,07ABCDE1112F1Z5,Fuzzy Supplier 856,Fuzzy Supplier 856 Pvt Ltd,INV-00856,INV00856,2026-05-08,2026-05-08,44066,44066,7931.88,7930.88,1,1,2,FUZZY_MATCH
07ABCDE9336F1Z5,07ABCDE9336F1Z5,Fuzzy Supplier 857,Fuzzy Supplier 857 Pvt Ltd,INV-00857,inv-00857A,2026-01-16,2026-01-17,54001,54001,9720.18,9721.18,1,1,2,FUZZY_MATCH
07ABCDE7295F1Z5,07ABCDE7295F1Z5,Fuzzy Supplier 858,Fuzzy Supplier 858 Pvt Ltd,INV-00858,INV00858A,2026-07-22,2026-07-22,91784,91784,16521.12,16520.12,1,1,2,FUZZY_MATCH
07ABCDE4669F1Z5,07ABCDE4669F1Z5,Fuzzy Supplier 859,Fuzzy Supplier 859 Pvt Ltd,INV-00859,INV00859,2026-02-10,2026-02-09,53817,53817,9687.06,9688.06,1,1,2,FUZZY_MATCH
07ABCDE8639F1Z5,07ABCDE8639F1Z5,Fuzzy Supplier 860,Fuzzy Supplier 860 Pvt Ltd,INV-00860,INV00860,2026-03-18,2026-03-18,65489,65489,11788.02,11789.02,1,1,2,FUZZY_MATCH
07ABCDE3950F1Z5,07ABCDE3950F1Z5,Fuzzy Supplier 861,Fuzzy Supplier 861 Pvt Ltd,INV-00861,INV00861A,2026-02-20,2026-02-20,72339,72339,13021.02,13020.02,1,1,2,FUZZY_MATCH
07ABCDE5048F1Z5,07ABCDE5048F1Z5,Fuzzy Supplier 862,Fuzzy Supplier 862 Pvt Ltd,INV-00862,inv-00862,2026-12-27,2026-12-26,10606,10606,1909.08,1910.08,1,1,2,FUZZY_MATCH
07ABCDE5331F1Z5,07ABCDE5331F1Z5,Fuzzy Supplier 863,Fuzzy Supplier 863 Pvt Ltd,INV-00863,inv-00863,2026-07-10,2026-07-09,87183,87183,15692.94,15693.94,1,1,2,FUZZY_MATCH
07ABCDE8713F1Z5,07ABCDE8713F1Z5,Fuzzy Supplier 864,Fuzzy Supplier 864 Pvt Ltd,INV-00864,INV00864,2026-11-03,2026-11-03,69624,69624,12532.32,12532.32,1,1,2,FUZZY_MATCH
07ABCDE6918F1Z5,07ABCDE6918F1Z5,Fuzzy Supplier 865,Fuzzy Supplier 865 Pvt Ltd,INV-00865,INV00865A,2026-08-25,2026-08-26,85237,85237,15342.66,15342.66,1,1,2,FUZZY_MATCH
07ABCDE3499F1Z5,07ABCDE3499F1Z5,Fuzzy Supplier 866,Fuzzy Supplier 866 Pvt Ltd,INV-00866,INV00866,2026-06-05,2026-06-06,52673,52673,9481.14,9480.14,1,1,2,FUZZY_MATCH
07ABCDE7320F1Z5,07ABCDE7320F1Z5,Fuzzy Supplier 867,Fuzzy Supplier 867 Pvt Ltd,INV-00867,INV00867,2026-11-15,2026-11-14,58488,58488,10527.84,10527.84,1,1,2,FUZZY_MATCH
07ABCDE5471F1Z5,07ABCDE5471F1Z5,Fuzzy Supplier 868,Fuzzy Supplier 868 Pvt Ltd,INV-00868,inv-00868,2026-11-06,2026-11-05,81162,81162,14609.16,14608.16,1,1,2,FUZZY_MATCH
07ABCDE5747F1Z5,07ABCDE5747F1Z5,Fuzzy Supplier 869,Fuzzy Supplier 869 Pvt Ltd,INV-00869,INV00869,2026-01-30,2026-01-29,33059,33059,5950.62,5949.62,1,1,2,FUZZY_MATCH
07ABCDE9731F1Z5,07ABCDE9731F1Z5,Fuzzy Supplier 870,Fuzzy Supplier 870 Pvt Ltd,INV-00870,INV00870,2026-08-18,2026-08-18,16039,16039,2887.02,2886.02,1,1,2,FUZZY_MATCH
07ABCDE7764F1Z5,07ABCDE7764F1Z5,Fuzzy Supplier 871,Fuzzy Supplier 871 Pvt Ltd,INV-00871,INV00871,2026-06-17,2026-06-18,88274,88274,15889.32,15888.32,1,1,2,FUZZY_MATCH
07ABCDE9899F1Z5,07ABCDE9899F1Z5,Fuzzy Supplier 872,Fuzzy Supplier 872 Pvt Ltd,INV-00872,INV00872,2026-07-23,2026-07-22,33648,33648,6056.64,6057.64,1,1,2,FUZZY_MATCH
07ABCDE7454F1Z5,07ABCDE7454F1Z5,Fuzzy Supplier 873,Fuzzy Supplier 873 Pvt Ltd,INV-00873,inv-00873,2026-12-20,2026-12-21,30460,30460,5482.80,5481.80,1,1,2,FUZZY_MATCH
07ABCDE1923F1Z5,07ABCDE1923F1Z5,Fuzzy Supplier 874,Fuzzy Supplier 874 Pvt Ltd,INV-00874,inv-00874,2026-01-20,2026-01-20,44860,44860,8074.80,8074.80,1,1,2,FUZZY_MATCH
07ABCDE8745F1Z5,07ABCDE8745F1Z5,Fuzzy Supplier 875,Fuzzy Supplier 875 Pvt Ltd,INV-00875,INV00875,2026-05-26,2026-05-26,69463,69463,12503.34,12503.34,1,1,2,FUZZY_MATCH
07ABCDE2203F1Z5,07ABCDE2203F1Z5,Fuzzy Supplier 876,Fuzzy Supplier 876 Pvt Ltd,INV-00876,inv-00876,2026-07-09,2026-07-09,78018,78018,14043.24,14042.24,1,1,2,FUZZY_MATCH
07ABCDE2324F1Z5,07ABCDE2324F1Z5,Fuzzy Supplier 877,Fuzzy Supplier 877 Pvt Ltd,INV-00877,inv-00877,2026-11-19,2026-11-19,2016,2016,362.88,361.88,1,1,2,FUZZY_MATCH
07ABCDE5372F1Z5,07ABCDE5372F1Z5,Fuzzy Supplier 878,Fuzzy Supplier 878 Pvt Ltd,INV-00878,INV00878,2026-05-14,2026-05-14,18213,18213,3278.34,3278.34,1,1,2,FUZZY_MATCH
07ABCDE6329F1Z5,07ABCDE6329F1Z5,Fuzzy Supplier 879,Fuzzy Supplier 879 Pvt Ltd,INV-00879,INV00879,2026-04-03,2026-04-02,33658,33658,6058.44,6059.44,1,1,2,FUZZY_MATCH
07ABCDE9255F1Z5,07ABCDE9255F1Z5,Fuzzy Supplier 880,Fuzzy Supplier 880 Pvt Ltd,INV-00880,INV00880,2026-10-21,2026-10-21,67492,67492,12148.56,12148.56,1,1,2,FUZZY_MATCH
07ABCDE1486F1Z5,07ABCDE1486F1Z5,Fuzzy Supplier 881,Fuzzy Supplier 881 Pvt Ltd,INV-00881,inv-00881,2026-05-26,2026-05-26,94747,94747,17054.46,17053.46,1,1,2,FUZZY_MATCH
07ABCDE2437F1Z5,07ABCDE2437F1Z5,Fuzzy Supplier 882,Fuzzy Supplier 882 Pvt Ltd,INV-00882,INV00882,2026-06-20,2026-06-20,31111,31111,5599.98,5599.98,1,1,2,FUZZY_MATCH
07ABCDE4920F1Z5,07ABCDE4920F1Z5,Fuzzy Supplier 883,Fuzzy Supplier 883 Pvt Ltd,INV-00883,INV00883,2026-07-22,2026-07-22,91430,91430,16457.40,16457.40,1,1,2,FUZZY_MATCH
07ABCDE1414F1Z5,07ABCDE1414F1Z5,Fuzzy Supplier 884,Fuzzy Supplier 884 Pvt Ltd,INV-00884,inv-00884,2026-03-31,2026-03-31,94833,94833,17069.94,17070.94,1,1,2,FUZZY_MATCH
07ABCDE4364F1Z5,07ABCDE4364F1Z5,Fuzzy Supplier 885,Fuzzy Supplier 885 Pvt Ltd,INV-00885,INV00885,2026-08-15,2026-08-14,70620,70620,12711.60,12712.60,1,1,2,FUZZY_MATCH
07ABCDE6773F1Z5,07ABCDE6773F1Z5,Fuzzy Supplier 886,Fuzzy Supplier 886 Pvt Ltd,INV-00886,INV00886A,2026-05-17,2026-05-16,67659,67659,12178.62,12177.62,1,1,2,FUZZY_MATCH
07ABCDE4424F1Z5,07ABCDE4424F1Z5,Fuzzy Supplier 887,Fuzzy Supplier 887 Pvt Ltd,INV-00887,INV00887A,2026-02-05,2026-02-05,50232,50232,9041.76,9040.76,1,1,2,FUZZY_MATCH
07ABCDE2368F1Z5,07ABCDE2368F1Z5,Fuzzy Supplier 888,Fuzzy Supplier 888 Pvt Ltd,INV-00888,inv-00888,2026-04-18,2026-04-19,35428,35428,6377.04,6376.04,1,1,2,FUZZY_MATCH
07ABCDE4536F1Z5,07ABCDE4536F1Z5,Fuzzy Supplier 889,Fuzzy Supplier 889 Pvt Ltd,INV-00889,INV00889,2026-12-09,2026-12-09,69373,69373,12487.14,12487.14,1,1,2,FUZZY_MATCH
07ABCDE9186F1Z5,07ABCDE9186F1Z5,Fuzzy Supplier 890,Fuzzy Supplier 890 Pvt Ltd,INV-00890,inv-00890A,2026-10-08,2026-10-09,15514,15514,2792.52,2791.52,1,1,2,FUZZY_MATCH
07ABCDE6719F1Z5,07ABCDE6719F1Z5,Fuzzy Supplier 891,Fuzzy Supplier 891 Pvt Ltd,INV-00891,inv-00891,2026-11-23,2026-11-22,1099,1099,197.82,197.82,1,1,2,FUZZY_MATCH
07ABCDE6871F1Z5,07ABCDE6871F1Z5,Fuzzy Supplier 892,Fuzzy Supplier 892 Pvt Ltd,INV-00892,INV00892,2026-04-18,2026-04-17,10696,10696,1925.28,1926.28,1,1,2,FUZZY_MATCH
07ABCDE5705F1Z5,07ABCDE5705F1Z5,Fuzzy Supplier 893,Fuzzy Supplier 893 Pvt Ltd,INV-00893,inv-00893,2026-04-29,2026-04-29,93661,93661,16858.98,16858.98,1,1,2,FUZZY_MATCH
07ABCDE6656F1Z5,07ABCDE6656F1Z5,Fuzzy Supplier 894,Fuzzy Supplier 894 Pvt Ltd,INV-00894,inv-00894,2026-06-30,2026-06-30,92137,92137,16584.66,16584.66,1,1,2,FUZZY_MATCH
07ABCDE1459F1Z5,07ABCDE1459F1Z5,Fuzzy Supplier 895,Fuzzy Supplier 895 Pvt Ltd,INV-00895,INV00895,2026-02-24,2026-02-24,39427,39427,7096.86,7097.86,1,1,2,FUZZY_MATCH
07ABCDE3369F1Z5,07ABCDE3369F1Z5,Fuzzy Supplier 896,Fuzzy Supplier 896 Pvt Ltd,INV-00896,inv-00896,2026-09-29,2026-09-28,16137,16137,2904.66,2905.66,1,1,2,FUZZY_MATCH
07ABCDE3435F1Z5,07ABCDE3435F1Z5,Fuzzy Supplier 897,Fuzzy Supplier 897 Pvt Ltd,INV-00897,INV00897,2026-02-06,2026-02-06,77560,77560,13960.80,13960.80,1,1,2,FUZZY_MATCH
07ABCDE7464F1Z5,07ABCDE7464F1Z5,Fuzzy Supplier 898,Fuzzy Supplier 898 Pvt Ltd,INV-00898,inv-00898,2026-12-24,2026-12-24,76880,76880,13838.40,13838.40,1,1,2,FUZZY_MATCH
07ABCDE4266F1Z5,07ABCDE4266F1Z5,Fuzzy Supplier 899,Fuzzy Supplier 899 Pvt Ltd,INV-00899,INV00899,2026-12-01,2026-11-30,73046,73046,13148.28,13147.28,1,1,2,FUZZY_MATCH
07ABCDE2337F1Z5,07ABCDE2337F1Z5,Fuzzy Supplier 900,Fuzzy Supplier 900 Pvt Ltd,INV-00900,INV00900,2026-01-04,2026-01-04,79908,79908,14383.44,14384.44,1,1,2,FUZZY_MATCH
07ABCDE4180F1Z5,07ABCDE4180F1Z5,Fuzzy Supplier 901,Fuzzy Supplier 901 Pvt Ltd,INV-00901,inv-00901,2026-07-03,2026-07-03,87606,87606,15769.08,15768.08,1,1,2,FUZZY_MATCH
07ABCDE1124F1Z5,07ABCDE1124F1Z5,Fuzzy Supplier 902,Fuzzy Supplier 902 Pvt Ltd,INV-00902,INV00902,2026-09-11,2026-09-11,80158,80158,14428.44,14428.44,1,1,2,FUZZY_MATCH
07ABCDE4157F1Z5,07ABCDE4157F1Z5,Fuzzy Supplier 903,Fuzzy Supplier 903 Pvt Ltd,INV-00903,INV00903,2026-10-18,2026-10-19,64111,64111,11539.98,11540.98,1,1,2,FUZZY_MATCH
07ABCDE4576F1Z5,07ABCDE4576F1Z5,Fuzzy Supplier 904,Fuzzy Supplier 904 Pvt Ltd,INV-00904,inv-00904,2026-09-10,2026-09-09,95970,95970,17274.60,17273.60,1,1,2,FUZZY_MATCH
07ABCDE4255F1Z5,07ABCDE4255F1Z5,Fuzzy Supplier 905,Fuzzy Supplier 905 Pvt Ltd,INV-00905,inv-00905,2026-11-21,2026-11-20,95518,95518,17193.24,17192.24,1,1,2,FUZZY_MATCH
07ABCDE3376F1Z5,07ABCDE3376F1Z5,Fuzzy Supplier 906,Fuzzy Supplier 906 Pvt Ltd,INV-00906,INV00906,2026-08-22,2026-08-22,49245,49245,8864.10,8864.10,1,1,2,FUZZY_MATCH
07ABCDE7238F1Z5,07ABCDE7238F1Z5,Fuzzy Supplier 907,Fuzzy Supplier 907 Pvt Ltd,INV-00907,inv-00907A,2026-07-17,2026-07-16,19656,19656,3538.08,3538.08,1,1,2,FUZZY_MATCH
07ABCDE6674F1Z5,07ABCDE6674F1Z5,Fuzzy Supplier 908,Fuzzy Supplier 908 Pvt Ltd,INV-00908,inv-00908,2026-05-21,2026-05-21,57991,57991,10438.38,10438.38,1,1,2,FUZZY_MATCH
07ABCDE6697F1Z5,07ABCDE6697F1Z5,Fuzzy Supplier 909,Fuzzy Supplier 909 Pvt Ltd,INV-00909,inv-00909,2026-01-15,2026-01-15,49065,49065,8831.70,8831.70,1,1,2,FUZZY_MATCH
07ABCDE2436F1Z5,07ABCDE2436F1Z5,Fuzzy Supplier 910,Fuzzy Supplier 910 Pvt Ltd,INV-00910,inv-00910,2026-07-12,2026-07-12,59236,59236,10662.48,10661.48,1,1,2,FUZZY_MATCH
07ABCDE5182F1Z5,07ABCDE5182F1Z5,Fuzzy Supplier 911,Fuzzy Supplier 911 Pvt Ltd,INV-00911,inv-00911,2026-07-01,2026-06-30,19748,19748,3554.64,3553.64,1,1,2,FUZZY_MATCH
07ABCDE7602F1Z5,07ABCDE7602F1Z5,Fuzzy Supplier 912,Fuzzy Supplier 912 Pvt Ltd,INV-00912,inv-00912A,2026-09-21,2026-09-21,7661,7661,1378.98,1379.98,1,1,2,FUZZY_MATCH
07ABCDE9827F1Z5,07ABCDE9827F1Z5,Fuzzy Supplier 913,Fuzzy Supplier 913 Pvt Ltd,INV-00913,INV00913,2026-07-08,2026-07-08,80638,80638,14514.84,14515.84,1,1,2,FUZZY_MATCH
07ABCDE9129F1Z5,07ABCDE9129F1Z5,Fuzzy Supplier 914,Fuzzy Supplier 914 Pvt Ltd,INV-00914,INV00914,2026-03-08,2026-03-09,83784,83784,15081.12,15081.12,1,1,2,FUZZY_MATCH
07ABCDE1575F1Z5,07ABCDE1575F1Z5,Fuzzy Supplier 915,Fuzzy Supplier 915 Pvt Ltd,INV-00915,inv-00915,2026-01-11,2026-01-12,72313,72313,13016.34,13017.34,1,1,2,FUZZY_MATCH
07ABCDE4402F1Z5,07ABCDE4402F1Z5,Fuzzy Supplier 916,Fuzzy Supplier 916 Pvt Ltd,INV-00916,inv-00916,2026-12-19,2026-12-20,85742,85742,15433.56,15433.56,1,1,2,FUZZY_MATCH
07ABCDE9538F1Z5,07ABCDE9538F1Z5,Fuzzy Supplier 917,Fuzzy Supplier 917 Pvt Ltd,INV-00917,INV00917,2026-03-01,2026-03-01,39415,39415,7094.70,7095.70,1,1,2,FUZZY_MATCH
07ABCDE4313F1Z5,07ABCDE4313F1Z5,Fuzzy Supplier 918,Fuzzy Supplier 918 Pvt Ltd,INV-00918,INV00918,2026-09-21,2026-09-21,19602,19602,3528.36,3527.36,1,1,2,FUZZY_MATCH
07ABCDE5054F1Z5,07ABCDE5054F1Z5,Fuzzy Supplier 919,Fuzzy Supplier 919 Pvt Ltd,INV-00919,inv-00919,2026-08-23,2026-08-22,87956,87956,15832.08,15831.08,1,1,2,FUZZY_MATCH
07ABCDE7390F1Z5,07ABCDE7390F1Z5,Fuzzy Supplier 920,Fuzzy Supplier 920 Pvt Ltd,INV-00920,inv-00920,2026-05-19,2026-05-20,82236,82236,14802.48,14802.48,1,1,2,FUZZY_MATCH
07ABCDE2221F1Z5,07ABCDE2221F1Z5,Fuzzy Supplier 921,Fuzzy Supplier 921 Pvt Ltd,INV-00921,INV00921,2026-04-21,2026-04-21,43816,43816,7886.88,7887.88,1,1,2,FUZZY_MATCH
07ABCDE1887F1Z5,07ABCDE1887F1Z5,Fuzzy Supplier 922,Fuzzy Supplier 922 Pvt Ltd,INV-00922,INV00922,2026-12-19,2026-12-19,27133,27133,4883.94,4884.94,1,1,2,FUZZY_MATCH
07ABCDE5296F1Z5,07ABCDE5296F1Z5,Fuzzy Supplier 923,Fuzzy Supplier 923 Pvt Ltd,INV-00923,inv-00923A,2026-06-15,2026-06-15,89116,89116,16040.88,16041.88,1,1,2,FUZZY_MATCH
07ABCDE5091F1Z5,07ABCDE5091F1Z5,Fuzzy Supplier 924,Fuzzy Supplier 924 Pvt Ltd,INV-00924,INV00924,2026-09-06,2026-09-06,56348,56348,10142.64,10143.64,1,1,2,FUZZY_MATCH
07ABCDE2356F1Z5,07ABCDE2356F1Z5,Fuzzy Supplier 925,Fuzzy Supplier 925 Pvt Ltd,INV-00925,inv-00925,2026-10-26,2026-10-26,36870,36870,6636.60,6635.60,1,1,2,FUZZY_MATCH
07ABCDE6182F1Z5,07ABCDE6182F1Z5,Fuzzy Supplier 926,Fuzzy Supplier 926 Pvt Ltd,INV-00926,inv-00926,2026-01-03,2026-01-02,66765,66765,12017.70,12017.70,1,1,2,FUZZY_MATCH
07ABCDE3344F1Z5,07ABCDE3344F1Z5,Fuzzy Supplier 927,Fuzzy Supplier 927 Pvt Ltd,INV-00927,inv-00927,2026-07-31,2026-07-31,13049,13049,2348.82,2349.82,1,1,2,FUZZY_MATCH
07ABCDE9560F1Z5,07ABCDE9560F1Z5,Fuzzy Supplier 928,Fuzzy Supplier 928 Pvt Ltd,INV-00928,INV00928,2026-07-24,2026-07-25,59888,59888,10779.84,10778.84,1,1,2,FUZZY_MATCH
07ABCDE7470F1Z5,07ABCDE7470F1Z5,Fuzzy Supplier 929,Fuzzy Supplier 929 Pvt Ltd,INV-00929,inv-00929A,2026-06-06,2026-06-06,91400,91400,16452.00,16451.00,1,1,2,FUZZY_MATCH
07ABCDE4358F1Z5,07ABCDE4358F1Z5,Fuzzy Supplier 930,Fuzzy Supplier 930 Pvt Ltd,INV-00930,INV00930,2026-05-18,2026-05-17,57188,57188,10293.84,10293.84,1,1,2,FUZZY_MATCH
07ABCDE9951F1Z5,07ABCDE9951F1Z5,Fuzzy Supplier 931,Fuzzy Supplier 931 Pvt Ltd,INV-00931,INV00931,2026-12-20,2026-12-20,72776,72776,13099.68,13099.68,1,1,2,FUZZY_MATCH
07ABCDE1920F1Z5,07ABCDE1920F1Z5,Fuzzy Supplier 932,Fuzzy Supplier 932 Pvt Ltd,INV-00932,inv-00932,2026-08-06,2026-08-05,16856,16856,3034.08,3035.08,1,1,2,FUZZY_MATCH
07ABCDE8055F1Z5,07ABCDE8055F1Z5,Fuzzy Supplier 933,Fuzzy Supplier 933 Pvt Ltd,INV-00933,inv-00933,2026-08-10,2026-08-11,29340,29340,5281.20,5280.20,1,1,2,FUZZY_MATCH
07ABCDE1554F1Z5,07ABCDE1554F1Z5,Fuzzy Supplier 934,Fuzzy Supplier 934 Pvt Ltd,INV-00934,INV00934,2026-11-27,2026-11-26,50446,50446,9080.28,9079.28,1,1,2,FUZZY_MATCH
07ABCDE3857F1Z5,07ABCDE3857F1Z5,Fuzzy Supplier 935,Fuzzy Supplier 935 Pvt Ltd,INV-00935,inv-00935A,2026-06-30,2026-06-29,48804,48804,8784.72,8784.72,1,1,2,FUZZY_MATCH
07ABCDE7767F1Z5,07ABCDE7767F1Z5,Fuzzy Supplier 936,Fuzzy Supplier 936 Pvt Ltd,INV-00936,INV00936,2026-02-19,2026-02-18,47150,47150,8487.00,8487.00,1,1,2,FUZZY_MATCH
07ABCDE8352F1Z5,07ABCDE8352F1Z5,Fuzzy Supplier 937,Fuzzy Supplier 937 Pvt Ltd,INV-00937,INV00937,2026-09-21,2026-09-21,98953,98953,17811.54,17810.54,1,1,2,FUZZY_MATCH
07ABCDE7286F1Z5,07ABCDE7286F1Z5,Fuzzy Supplier 938,Fuzzy Supplier 938 Pvt Ltd,INV-00938,INV00938,2026-10-14,2026-10-15,90182,90182,16232.76,16233.76,1,1,2,FUZZY_MATCH
07ABCDE2736F1Z5,07ABCDE2736F1Z5,Fuzzy Supplier 939,Fuzzy Supplier 939 Pvt Ltd,INV-00939,inv-00939A,2026-12-02,2026-12-02,99981,99981,17996.58,17996.58,1,1,2,FUZZY_MATCH
07ABCDE1787F1Z5,07ABCDE1787F1Z5,Fuzzy Supplier 940,Fuzzy Supplier 940 Pvt Ltd,INV-00940,inv-00940,2026-03-27,2026-03-27,39819,39819,7167.42,7166.42,1,1,2,FUZZY_MATCH
07ABCDE4276F1Z5,07ABCDE4276F1Z5,Fuzzy Supplier 941,Fuzzy Supplier 941 Pvt Ltd,INV-00941,INV00941,2026-08-15,2026-08-15,76131,76131,13703.58,13704.58,1,1,2,FUZZY_MATCH
07ABCDE4698F1Z5,07ABCDE4698F1Z5,Fuzzy Supplier 942,Fuzzy Supplier 942 Pvt Ltd,INV-00942,inv-00942,2026-04-22,2026-04-22,83834,83834,15090.12,15091.12,1,1,2,FUZZY_MATCH
07ABCDE7699F1Z5,07ABCDE7699F1Z5,Fuzzy Supplier 943,Fuzzy Supplier 943 Pvt Ltd,INV-00943,INV00943,2026-08-19,2026-08-20,55400,55400,9972.00,9973.00,1,1,2,FUZZY_MATCH
07ABCDE4051F1Z5,07ABCDE4051F1Z5,Fuzzy Supplier 944,Fuzzy Supplier 944 Pvt Ltd,INV-00944,INV00944,2026-08-06,2026-08-06,8605,8605,1548.90,1547.90,1,1,2,FUZZY_MATCH
07ABCDE8065F1Z5,07ABCDE8065F1Z5,Fuzzy Supplier 945,Fuzzy Supplier 945 Pvt Ltd,INV-00945,inv-00945,2026-07-03,2026-07-04,23017,23017,4143.06,4143.06,1,1,2,FUZZY_MATCH
07ABCDE1404F1Z5,07ABCDE1404F1Z5,Fuzzy Supplier 946,Fuzzy Supplier 946 Pvt Ltd,INV-00946,INV00946,2026-09-10,2026-09-11,55610,55610,10009.80,10010.80,1,1,2,FUZZY_MATCH
07ABCDE3811F1Z5,07ABCDE3811F1Z5,Fuzzy Supplier 947,Fuzzy Supplier 947 Pvt Ltd,INV-00947,INV00947,2026-04-25,2026-04-25,51238,51238,9222.84,9221.84,1,1,2,FUZZY_MATCH
07ABCDE5119F1Z5,07ABCDE5119F1Z5,Fuzzy Supplier 948,Fuzzy Supplier 948 Pvt Ltd,INV-00948,INV00948,2026-11-07,2026-11-06,49812,49812,8966.16,8965.16,1,1,2,FUZZY_MATCH
07ABCDE4286F1Z5,07ABCDE4286F1Z5,Fuzzy Supplier 949,Fuzzy Supplier 949 Pvt Ltd,INV-00949,INV00949,2026-02-03,2026-02-02,12543,12543,2257.74,2256.74,1,1,2,FUZZY_MATCH
07ABCDE9729F1Z5,07ABCDE9729F1Z5,Fuzzy Supplier 950,Fuzzy Supplier 950 Pvt Ltd,INV-00950,INV00950,2026-04-16,2026-04-17,77762,77762,13997.16,13997.16,1,1,2,FUZZY_MATCH
07ABCDE1302F1Z5,07ABCDE1302F1Z5,Fuzzy Supplier 951,Fuzzy Supplier 951 Pvt Ltd,INV-00951,INV00951,2026-04-17,2026-04-18,1355,1355,243.90,244.90,1,1,2,FUZZY_MATCH
07ABCDE9143F1Z5,07ABCDE9143F1Z5,Fuzzy Supplier 952,Fuzzy Supplier 952 Pvt Ltd,INV-00952,inv-00952,2026-02-17,2026-02-17,67987,67987,12237.66,12237.66,1,1,2,FUZZY_MATCH
07ABCDE9377F1Z5,07ABCDE9377F1Z5,Fuzzy Supplier 953,Fuzzy Supplier 953 Pvt Ltd,INV-00953,inv-00953,2026-02-21,2026-02-21,56666,56666,10199.88,10199.88,1,1,2,FUZZY_MATCH
07ABCDE2972F1Z5,07ABCDE2972F1Z5,Fuzzy Supplier 954,Fuzzy Supplier 954 Pvt Ltd,INV-00954,INV00954A,2026-09-21,2026-09-21,14651,14651,2637.18,2638.18,1,1,2,FUZZY_MATCH
07ABCDE5654F1Z5,07ABCDE5654F1Z5,Fuzzy Supplier 955,Fuzzy Supplier 955 Pvt Ltd,INV-00955,INV00955,2026-03-16,2026-03-16,56696,56696,10205.28,10206.28,1,1,2,FUZZY_MATCH
07ABCDE9973F1Z5,07ABCDE9973F1Z5,Fuzzy Supplier 956,Fuzzy Supplier 956 Pvt Ltd,INV-00956,INV00956,2026-06-20,2026-06-19,96203,96203,17316.54,17316.54,1,1,2,FUZZY_MATCH
07ABCDE8267F1Z5,07ABCDE8267F1Z5,Fuzzy Supplier 957,Fuzzy Supplier 957 Pvt Ltd,INV-00957,inv-00957A,2026-05-06,2026-05-06,96223,96223,17320.14,17320.14,1,1,2,FUZZY_MATCH
07ABCDE2080F1Z5,07ABCDE2080F1Z5,Fuzzy Supplier 958,Fuzzy Supplier 958 Pvt Ltd,INV-00958,INV00958,2026-12-03,2026-12-03,63533,63533,11435.94,11434.94,1,1,2,FUZZY_MATCH
07ABCDE8044F1Z5,07ABCDE8044F1Z5,Fuzzy Supplier 959,Fuzzy Supplier 959 Pvt Ltd,INV-00959,INV00959,2026-05-25,2026-05-24,8273,8273,1489.14,1489.14,1,1,2,FUZZY_MATCH
07ABCDE6831F1Z5,07ABCDE6831F1Z5,Fuzzy Supplier 960,Fuzzy Supplier 960 Pvt Ltd,INV-00960,inv-00960A,2026-04-30,2026-04-29,27597,27597,4967.46,4966.46,1,1,2,FUZZY_MATCH
07ABCDE2417F1Z5,07ABCDE2417F1Z5,Fuzzy Supplier 961,Fuzzy Supplier 961 Pvt Ltd,INV-00961,INV00961,2026-04-01,2026-04-02,83768,83768,15078.24,15079.24,1,1,2,FUZZY_MATCH
07ABCDE9802F1Z5,07ABCDE9802F1Z5,Fuzzy Supplier 962,Fuzzy Supplier 962 Pvt Ltd,INV-00962,INV00962,2026-11-24,2026-11-23,38646,38646,6956.28,6957.28,1,1,2,FUZZY_MATCH
07ABCDE7566F1Z5,07ABCDE7566F1Z5,Fuzzy Supplier 963,Fuzzy Supplier 963 Pvt Ltd,INV-00963,INV00963,2026-12-13,2026-12-14,42815,42815,7706.70,7707.70,1,1,2,FUZZY_MATCH
07ABCDE6051F1Z5,07ABCDE6051F1Z5,Fuzzy Supplier 964,Fuzzy Supplier 964 Pvt Ltd,INV-00964,inv-00964A,2026-03-17,2026-03-18,64612,64612,11630.16,11629.16,1,1,2,FUZZY_MATCH
07ABCDE2588F1Z5,07ABCDE2588F1Z5,Fuzzy Supplier 965,Fuzzy Supplier 965 Pvt Ltd,INV-00965,inv-00965,2026-10-30,2026-10-31,29627,29627,5332.86,5332.86,1,1,2,FUZZY_MATCH
07ABCDE3391F1Z5,07ABCDE3391F1Z5,Fuzzy Supplier 966,Fuzzy Supplier 966 Pvt Ltd,INV-00966,INV00966,2026-06-10,2026-06-11,26520,26520,4773.60,4773.60,1,1,2,FUZZY_MATCH
07ABCDE1407F1Z5,07ABCDE1407F1Z5,Fuzzy Supplier 967,Fuzzy Supplier 967 Pvt Ltd,INV-00967,INV00967A,2026-04-18,2026-04-18,13437,13437,2418.66,2419.66,1,1,2,FUZZY_MATCH
07ABCDE3958F1Z5,07ABCDE3958F1Z5,Fuzzy Supplier 968,Fuzzy Supplier 968 Pvt Ltd,INV-00968,inv-00968,2026-07-29,2026-07-29,32328,32328,5819.04,5820.04,1,1,2,FUZZY_MATCH
07ABCDE1876F1Z5,07ABCDE1876F1Z5,Fuzzy Supplier 969,Fuzzy Supplier 969 Pvt Ltd,INV-00969,inv-00969A,2026-04-13,2026-04-14,92789,92789,16702.02,16703.02,1,1,2,FUZZY_MATCH
07ABCDE1445F1Z5,07ABCDE1445F1Z5,Fuzzy Supplier 970,Fuzzy Supplier 970 Pvt Ltd,INV-00970,INV00970,2026-06-28,2026-06-27,93266,93266,16787.88,16788.88,1,1,2,FUZZY_MATCH
07ABCDE1061F1Z5,07ABCDE1061F1Z5,Fuzzy Supplier 971,Fuzzy Supplier 971 Pvt Ltd,INV-00971,INV00971,2026-05-02,2026-05-02,87854,87854,15813.72,15814.72,1,1,2,FUZZY_MATCH
07ABCDE8379F1Z5,07ABCDE8379F1Z5,Fuzzy Supplier 972,Fuzzy Supplier 972 Pvt Ltd,INV-00972,INV00972,2026-05-14,2026-05-13,26761,26761,4816.98,4817.98,1,1,2,FUZZY_MATCH
07ABCDE5805F1Z5,07ABCDE5805F1Z5,Fuzzy Supplier 973,Fuzzy Supplier 973 Pvt Ltd,INV-00973,inv-00973A,2026-07-06,2026-07-06,58724,58724,10570.32,10570.32,1,1,2,FUZZY_MATCH
07ABCDE6318F1Z5,07ABCDE6318F1Z5,Fuzzy Supplier 974,Fuzzy Supplier 974 Pvt Ltd,INV-00974,INV00974A,2026-09-24,2026-09-23,62129,62129,11183.22,11182.22,1,1,2,FUZZY_MATCH
07ABCDE8148F1Z5,07ABCDE8148F1Z5,Fuzzy Supplier 975,Fuzzy Supplier 975 Pvt Ltd,INV-00975,INV00975,2026-02-18,2026-02-17,80898,80898,14561.64,14560.64,1,1,2,FUZZY_MATCH
07ABCDE7461F1Z5,07ABCDE7461F1Z5,Fuzzy Supplier 976,Fuzzy Supplier 976 Pvt Ltd,INV-00976,INV00976,2026-09-14,2026-09-15,7602,7602,1368.36,1369.36,1,1,2,FUZZY_MATCH
07ABCDE5465F1Z5,07ABCDE5465F1Z5,Fuzzy Supplier 977,Fuzzy Supplier 977 Pvt Ltd,INV-00977,inv-00977,2026-06-09,2026-06-08,78618,78618,14151.24,14152.24,1,1,2,FUZZY_MATCH
07ABCDE6391F1Z5,07ABCDE6391F1Z5,Fuzzy Supplier 978,Fuzzy Supplier 978 Pvt Ltd,INV-00978,inv-00978,2026-02-25,2026-02-25,9959,9959,1792.62,1792.62,1,1,2,FUZZY_MATCH
07ABCDE9472F1Z5,07ABCDE9472F1Z5,Fuzzy Supplier 979,Fuzzy Supplier 979 Pvt Ltd,INV-00979,INV00979,2026-08-22,2026-08-23,25790,25790,4642.20,4643.20,1,1,2,FUZZY_MATCH
07ABCDE2167F1Z5,07ABCDE2167F1Z5,Fuzzy Supplier 980,Fuzzy Supplier 980 Pvt Ltd,INV-00980,inv-00980,2026-09-18,2026-09-19,71265,71265,12827.70,12827.70,1,1,2,FUZZY_MATCH
07ABCDE8683F1Z5,07ABCDE8683F1Z5,Fuzzy Supplier 981,Fuzzy Supplier 981 Pvt Ltd,INV-00981,inv-00981,2026-12-30,2026-12-30,38372,38372,6906.96,6907.96,1,1,2,FUZZY_MATCH
07ABCDE5657F1Z5,07ABCDE5657F1Z5,Fuzzy Supplier 982,Fuzzy Supplier 982 Pvt Ltd,INV-00982,INV00982A,2026-05-19,2026-05-20,91047,91047,16388.46,16388.46,1,1,2,FUZZY_MATCH
07ABCDE4720F1Z5,07ABCDE4720F1Z5,Fuzzy Supplier 983,Fuzzy Supplier 983 Pvt Ltd,INV-00983,inv-00983,2026-06-10,2026-06-10,51981,51981,9356.58,9355.58,1,1,2,FUZZY_MATCH
07ABCDE3992F1Z5,07ABCDE3992F1Z5,Fuzzy Supplier 984,Fuzzy Supplier 984 Pvt Ltd,INV-00984,INV00984,2026-09-24,2026-09-23,14907,14907,2683.26,2682.26,1,1,2,FUZZY_MATCH
07ABCDE5348F1Z5,07ABCDE5348F1Z5,Fuzzy Supplier 985,Fuzzy Supplier 985 Pvt Ltd,INV-00985,INV00985,2026-10-10,2026-10-10,61307,61307,11035.26,11034.26,1,1,2,FUZZY_MATCH
07ABCDE8961F1Z5,07ABCDE8961F1Z5,Fuzzy Supplier 986,Fuzzy Supplier 986 Pvt Ltd,INV-00986,INV00986A,2026-08-07,2026-08-06,10963,10963,1973.34,1973.34,1,1,2,FUZZY_MATCH
07ABCDE2911F1Z5,07ABCDE2911F1Z5,Fuzzy Supplier 987,Fuzzy Supplier 987 Pvt Ltd,INV-00987,INV00987,2026-06-20,2026-06-19,50252,50252,9045.36,9045.36,1,1,2,FUZZY_MATCH
07ABCDE3289F1Z5,07ABCDE3289F1Z5,Fuzzy Supplier 988,Fuzzy Supplier 988 Pvt Ltd,INV-00988,INV00988,2026-11-11,2026-11-12,47095,47095,8477.10,8476.10,1,1,2,FUZZY_MATCH
07ABCDE1769F1Z5,07ABCDE1769F1Z5,Fuzzy Supplier 989,Fuzzy Supplier 989 Pvt Ltd,INV-00989,inv-00989,2026-06-19,2026-06-19,5208,5208,937.44,936.44,1,1,2,FUZZY_MATCH
07ABCDE9338F1Z5,07ABCDE9338F1Z5,Fuzzy Supplier 990,Fuzzy Supplier 990 Pvt Ltd,INV-00990,INV00990,2026-04-05,2026-04-04,10867,10867,1956.06,1956.06,1,1,2,FUZZY_MATCH
07ABCDE1474F1Z5,07ABCDE1474F1Z5,Fuzzy Supplier 991,Fuzzy Supplier 991 Pvt Ltd,INV-00991,INV00991,2026-04-22,2026-04-23,90305,90305,16254.90,16255.90,1,1,2,FUZZY_MATCH
07ABCDE5589F1Z5,07ABCDE5589F1Z5,Fuzzy Supplier 992,Fuzzy Supplier 992 Pvt Ltd,INV-00992,INV00992,2026-03-15,2026-03-14,58135,58135,10464.30,10463.30,1,1,2,FUZZY_MATCH
07ABCDE6925F1Z5,07ABCDE6925F1Z5,Fuzzy Supplier 993,Fuzzy Supplier 993 Pvt Ltd,INV-00993,inv-00993,2026-06-28,2026-06-27,28661,28661,5158.98,5158.98,1,1,2,FUZZY_MATCH
07ABCDE7080F1Z5,07ABCDE7080F1Z5,Fuzzy Supplier 994,Fuzzy Supplier 994 Pvt Ltd,INV-00994,INV00994,2026-05-02,2026-05-03,50220,50220,9039.60,9039.60,1,1,2,FUZZY_MATCH
07ABCDE1031F1Z5,07ABCDE1031F1Z5,Fuzzy Supplier 995,Fuzzy Supplier 995 Pvt Ltd,INV-00995,INV00995,2026-12-17,2026-12-17,80298,80298,14453.64,14452.64,1,1,2,FUZZY_MATCH
07ABCDE7556F1Z5,07ABCDE7556F1Z5,Fuzzy Supplier 996,Fuzzy Supplier 996 Pvt Ltd,INV-00996,INV00996,2026-05-23,2026-05-23,46411,46411,8353.98,8352.98,1,1,2,FUZZY_MATCH
07ABCDE8768F1Z5,07ABCDE8768F1Z5,Fuzzy Supplier 997,Fuzzy Supplier 997 Pvt Ltd,INV-00997,inv-00997,2026-08-17,2026-08-17,44291,44291,7972.38,7971.38,1,1,2,FUZZY_MATCH
07ABCDE8041F1Z5,07ABCDE8041F1Z5,Fuzzy Supplier 998,Fuzzy Supplier 998 Pvt Ltd,INV-00998,INV00998A,2026-10-18,2026-10-18,43970,43970,7914.60,7914.60,1,1,2,FUZZY_MATCH
07ABCDE4366F1Z5,07ABCDE4366F1Z5,Fuzzy Supplier 999,Fuzzy Supplier 999 Pvt Ltd,INV-00999,INV00999A,2026-08-24,2026-08-23,56247,56247,10124.46,10124.46,1,1,2,FUZZY_MATCH
07ABCDE6197F1Z5,07ABCDE6197F1Z5,Fuzzy Supplier 1000,Fuzzy Supplier 1000 Pvt Ltd,INV-01000,inv-01000,2026-02-13,2026-02-13,64357,64357,11584.26,11585.26,1,1,2,FUZZY_MATCH
07ABCDE1633F1Z5,07ABCDE1633F1Z5,Fuzzy Supplier 1001,Fuzzy Supplier 1001 Pvt Ltd,INV-01001,inv-01001,2026-12-21,2026-12-21,96657,96657,17398.26,17398.26,1,1,2,FUZZY_MATCH
07ABCDE4228F1Z5,07ABCDE4228F1Z5,Fuzzy Supplier 1002,Fuzzy Supplier 1002 Pvt Ltd,INV-01002,INV01002,2026-02-27,2026-02-27,19369,19369,3486.42,3485.42,1,1,2,FUZZY_MATCH
07ABCDE9056F1Z5,07ABCDE9056F1Z5,Fuzzy Supplier 1003,Fuzzy Supplier 1003 Pvt Ltd,INV-01003,inv-01003,2026-05-12,2026-05-12,21169,21169,3810.42,3809.42,1,1,2,FUZZY_MATCH
07ABCDE6248F1Z5,07ABCDE6248F1Z5,Fuzzy Supplier 1004,Fuzzy Supplier 1004 Pvt Ltd,INV-01004,inv-01004,2026-07-25,2026-07-25,5515,5515,992.70,993.70,1,1,2,FUZZY_MATCH
07ABCDE3551F1Z5,07ABCDE3551F1Z5,Fuzzy Supplier 1005,Fuzzy Supplier 1005 Pvt Ltd,INV-01005,inv-01005,2026-07-29,2026-07-29,47640,47640,8575.20,8575.20,1,1,2,FUZZY_MATCH
07ABCDE5541F1Z5,07ABCDE5541F1Z5,Fuzzy Supplier 1006,Fuzzy Supplier 1006 Pvt Ltd,INV-01006,INV01006,2026-01-04,2026-01-04,32903,32903,5922.54,5923.54,1,1,2,FUZZY_MATCH
07ABCDE8238F1Z5,07ABCDE8238F1Z5,Fuzzy Supplier 1007,Fuzzy Supplier 1007 Pvt Ltd,INV-01007,inv-01007,2026-09-13,2026-09-14,70655,70655,12717.90,12718.90,1,1,2,FUZZY_MATCH
07ABCDE4912F1Z5,07ABCDE4912F1Z5,Fuzzy Supplier 1008,Fuzzy Supplier 1008 Pvt Ltd,INV-01008,INV01008,2026-11-04,2026-11-04,65333,65333,11759.94,11759.94,1,1,2,FUZZY_MATCH
07ABCDE6147F1Z5,07ABCDE6147F1Z5,Fuzzy Supplier 1009,Fuzzy Supplier 1009 Pvt Ltd,INV-01009,INV01009,2026-06-06,2026-06-05,10691,10691,1924.38,1923.38,1,1,2,FUZZY_MATCH
07ABCDE8271F1Z5,07ABCDE8271F1Z5,Fuzzy Supplier 1010,Fuzzy Supplier 1010 Pvt Ltd,INV-01010,inv-01010,2026-07-29,2026-07-28,41252,41252,7425.36,7425.36,1,1,2,FUZZY_MATCH
07ABCDE4102F1Z5,07ABCDE4102F1Z5,Fuzzy Supplier 1011,Fuzzy Supplier 1011 Pvt Ltd,INV-01011,INV01011,2026-08-01,2026-07-31,75564,75564,13601.52,13600.52,1,1,2,FUZZY_MATCH
07ABCDE5216F1Z5,07ABCDE5216F1Z5,Fuzzy Supplier 1012,Fuzzy Supplier 1012 Pvt Ltd,INV-01012,inv-01012,2026-08-22,2026-08-23,32994,32994,5938.92,5939.92,1,1,2,FUZZY_MATCH
07ABCDE6789F1Z5,07ABCDE6789F1Z5,Fuzzy Supplier 1013,Fuzzy Supplier 1013 Pvt Ltd,INV-01013,inv-01013A,2026-05-29,2026-05-29,15412,15412,2774.16,2773.16,1,1,2,FUZZY_MATCH
07ABCDE7783F1Z5,07ABCDE7783F1Z5,Fuzzy Supplier 1014,Fuzzy Supplier 1014 Pvt Ltd,INV-01014,INV01014,2026-09-02,2026-09-02,93244,93244,16783.92,16782.92,1,1,2,FUZZY_MATCH
07ABCDE8969F1Z5,07ABCDE8969F1Z5,Fuzzy Supplier 1015,Fuzzy Supplier 1015 Pvt Ltd,INV-01015,inv-01015,2026-05-14,2026-05-14,90679,90679,16322.22,16321.22,1,1,2,FUZZY_MATCH
07ABCDE3939F1Z5,07ABCDE3939F1Z5,Fuzzy Supplier 1016,Fuzzy Supplier 1016 Pvt Ltd,INV-01016,INV01016,2026-02-04,2026-02-04,47334,47334,8520.12,8521.12,1,1,2,FUZZY_MATCH
07ABCDE4154F1Z5,07ABCDE4154F1Z5,Fuzzy Supplier 1017,Fuzzy Supplier 1017 Pvt Ltd,INV-01017,inv-01017,2026-09-12,2026-09-13,52465,52465,9443.70,9442.70,1,1,2,FUZZY_MATCH
07ABCDE5076F1Z5,07ABCDE5076F1Z5,Fuzzy Supplier 1018,Fuzzy Supplier 1018 Pvt Ltd,INV-01018,INV01018,2026-11-24,2026-11-23,67426,67426,12136.68,12137.68,1,1,2,FUZZY_MATCH
07ABCDE9053F1Z5,07ABCDE9053F1Z5,Fuzzy Supplier 1019,Fuzzy Supplier 1019 Pvt Ltd,INV-01019,INV01019,2026-02-27,2026-02-26,29067,29067,5232.06,5233.06,1,1,2,FUZZY_MATCH
07ABCDE2541F1Z5,07ABCDE2541F1Z5,Fuzzy Supplier 1020,Fuzzy Supplier 1020 Pvt Ltd,INV-01020,inv-01020,2026-07-07,2026-07-06,85963,85963,15473.34,15473.34,1,1,2,FUZZY_MATCH
07ABCDE7711F1Z5,07ABCDE7711F1Z5,Fuzzy Supplier 1021,Fuzzy Supplier 1021 Pvt Ltd,INV-01021,INV01021A,2026-10-10,2026-10-11,88692,88692,15964.56,15965.56,1,1,2,FUZZY_MATCH
07ABCDE4661F1Z5,07ABCDE4661F1Z5,Fuzzy Supplier 1022,Fuzzy Supplier 1022 Pvt Ltd,INV-01022,INV01022,2026-07-21,2026-07-20,78450,78450,14121.00,14122.00,1,1,2,FUZZY_MATCH
07ABCDE1112F1Z5,07ABCDE1112F1Z5,Fuzzy Supplier 1023,Fuzzy Supplier 1023 Pvt Ltd,INV-01023,INV01023A,2026-05-10,2026-05-10,79279,79279,14270.22,14271.22,1,1,2,FUZZY_MATCH
07ABCDE2521F1Z5,07ABCDE2521F1Z5,Fuzzy Supplier 1024,Fuzzy Supplier 1024 Pvt Ltd,INV-01024,inv-01024,2026-05-24,2026-05-24,68702,68702,12366.36,12367.36,1,1,2,FUZZY_MATCH
07ABCDE6918F1Z5,07ABCDE6918F1Z5,Fuzzy Supplier 1025,Fuzzy Supplier 1025 Pvt Ltd,INV-01025,INV01025,2026-07-31,2026-07-31,63389,63389,11410.02,11411.02,1,1,2,FUZZY_MATCH
07ABCDE3047F1Z5,07ABCDE3047F1Z5,Fuzzy Supplier 1026,Fuzzy Supplier 1026 Pvt Ltd,INV-01026,INV01026,2026-08-20,2026-08-19,47282,47282,8510.76,8511.76,1,1,2,FUZZY_MATCH
07ABCDE3595F1Z5,07ABCDE3595F1Z5,Fuzzy Supplier 1027,Fuzzy Supplier 1027 Pvt Ltd,INV-01027,inv-01027,2026-03-09,2026-03-09,73769,73769,13278.42,13278.42,1,1,2,FUZZY_MATCH
07ABCDE9616F1Z5,07ABCDE9616F1Z5,Fuzzy Supplier 1028,Fuzzy Supplier 1028 Pvt Ltd,INV-01028,inv-01028,2026-02-25,2026-02-25,67687,67687,12183.66,12182.66,1,1,2,FUZZY_MATCH
07ABCDE9749F1Z5,07ABCDE9749F1Z5,Fuzzy Supplier 1029,Fuzzy Supplier 1029 Pvt Ltd,INV-01029,inv-01029A,2026-09-16,2026-09-17,64302,64302,11574.36,11573.36,1,1,2,FUZZY_MATCH
07ABCDE4266F1Z5,07ABCDE4266F1Z5,Fuzzy Supplier 1030,Fuzzy Supplier 1030 Pvt Ltd,INV-01030,inv-01030A,2026-03-05,2026-03-04,20717,20717,3729.06,3730.06,1,1,2,FUZZY_MATCH
07ABCDE5155F1Z5,07ABCDE5155F1Z5,Fuzzy Supplier 1031,Fuzzy Supplier 1031 Pvt Ltd,INV-01031,INV01031,2026-11-01,2026-10-31,86266,86266,15527.88,15527.88,1,1,2,FUZZY_MATCH
07ABCDE7893F1Z5,07ABCDE7893F1Z5,Fuzzy Supplier 1032,Fuzzy Supplier 1032 Pvt Ltd,INV-01032,inv-01032A,2026-10-04,2026-10-05,82382,82382,14828.76,14828.76,1,1,2,FUZZY_MATCH
07ABCDE3509F1Z5,07ABCDE3509F1Z5,Fuzzy Supplier 1033,Fuzzy Supplier 1033 Pvt Ltd,INV-01033,INV01033A,2026-08-14,2026-08-14,76891,76891,13840.38,13840.38,1,1,2,FUZZY_MATCH
07ABCDE5986F1Z5,07ABCDE5986F1Z5,Fuzzy Supplier 1034,Fuzzy Supplier 1034 Pvt Ltd,INV-01034,inv-01034,2026-10-15,2026-10-15,58000,58000,10440.00,10440.00,1,1,2,FUZZY_MATCH
07ABCDE6358F1Z5,07ABCDE6358F1Z5,Fuzzy Supplier 1035,Fuzzy Supplier 1035 Pvt Ltd,INV-01035,inv-01035A,2026-09-17,2026-09-17,1789,1789,322.02,323.02,1,1,2,FUZZY_MATCH
07ABCDE6394F1Z5,07ABCDE6394F1Z5,Fuzzy Supplier 1036,Fuzzy Supplier 1036 Pvt Ltd,INV-01036,inv-01036A,2026-11-14,2026-11-13,88350,88350,15903.00,15902.00,1,1,2,FUZZY_MATCH
07ABCDE8924F1Z5,07ABCDE8924F1Z5,Fuzzy Supplier 1037,Fuzzy Supplier 1037 Pvt Ltd,INV-01037,inv-01037A,2026-06-23,2026-06-23,89400,89400,16092.00,16093.00,1,1,2,FUZZY_MATCH
07ABCDE9635F1Z5,07ABCDE9635F1Z5,Fuzzy Supplier 1038,Fuzzy Supplier 1038 Pvt Ltd,INV-01038,INV01038A,2026-04-14,2026-04-15,77619,77619,13971.42,13970.42,1,1,2,FUZZY_MATCH
07ABCDE2776F1Z5,07ABCDE2776F1Z5,Fuzzy Supplier 1039,Fuzzy Supplier 1039 Pvt Ltd,INV-01039,inv-01039,2026-01-23,2026-01-24,58194,58194,10474.92,10474.92,1,1,2,FUZZY_MATCH
07ABCDE2207F1Z5,07ABCDE2207F1Z5,Fuzzy Supplier 1040,Fuzzy Supplier 1040 Pvt Ltd,INV-01040,inv-01040,2026-05-31,2026-05-31,13007,13007,2341.26,2341.26,1,1,2,FUZZY_MATCH
07ABCDE9391F1Z5,07ABCDE9391F1Z5,Fuzzy Supplier 1041,Fuzzy Supplier 1041 Pvt Ltd,INV-01041,inv-01041,2026-07-29,2026-07-29,37531,37531,6755.58,6755.58,1,1,2,FUZZY_MATCH
07ABCDE9921F1Z5,07ABCDE9921F1Z5,Fuzzy Supplier 1042,Fuzzy Supplier 1042 Pvt Ltd,INV-01042,INV01042,2026-02-06,2026-02-07,36772,36772,6618.96,6617.96,1,1,2,FUZZY_MATCH
07ABCDE6034F1Z5,07ABCDE6034F1Z5,Fuzzy Supplier 1043,Fuzzy Supplier 1043 Pvt Ltd,INV-01043,inv-01043,2026-11-23,2026-11-22,83077,83077,14953.86,14954.86,1,1,2,FUZZY_MATCH
07ABCDE1484F1Z5,07ABCDE1484F1Z5,Fuzzy Supplier 1044,Fuzzy Supplier 1044 Pvt Ltd,INV-01044,INV01044,2026-01-05,2026-01-05,8169,8169,1470.42,1470.42,1,1,2,FUZZY_MATCH
07ABCDE4264F1Z5,07ABCDE4264F1Z5,Fuzzy Supplier 1045,Fuzzy Supplier 1045 Pvt Ltd,INV-01045,INV01045,2026-06-05,2026-06-06,92084,92084,16575.12,16575.12,1,1,2,FUZZY_MATCH
07ABCDE8663F1Z5,07ABCDE8663F1Z5,Fuzzy Supplier 1046,Fuzzy Supplier 1046 Pvt Ltd,INV-01046,INV01046A,2026-02-22,2026-02-21,17256,17256,3106.08,3107.08,1,1,2,FUZZY_MATCH
07ABCDE5745F1Z5,07ABCDE5745F1Z5,Fuzzy Supplier 1047,Fuzzy Supplier 1047 Pvt Ltd,INV-01047,INV01047,2026-05-06,2026-05-05,96966,96966,17453.88,17453.88,1,1,2,FUZZY_MATCH
07ABCDE4031F1Z5,07ABCDE4031F1Z5,Fuzzy Supplier 1048,Fuzzy Supplier 1048 Pvt Ltd,INV-01048,inv-01048A,2026-08-21,2026-08-20,98726,98726,17770.68,17770.68,1,1,2,FUZZY_MATCH
07ABCDE8632F1Z5,07ABCDE8632F1Z5,Fuzzy Supplier 1049,Fuzzy Supplier 1049 Pvt Ltd,INV-01049,INV01049A,2026-03-24,2026-03-24,97351,97351,17523.18,17524.18,1,1,2,FUZZY_MATCH
07ABCDE1060F1Z5,07ABCDE1060F1Z5,Fuzzy Supplier 1050,Fuzzy Supplier 1050 Pvt Ltd,INV-01050,INV01050,2026-06-28,2026-06-28,30808,30808,5545.44,5544.44,1,1,2,FUZZY_MATCH
07ABCDE1154F1Z5,07ABCDE1154F1Z5,Fuzzy Supplier 1051,Fuzzy Supplier 1051 Pvt Ltd,INV-01051,INV01051,2026-08-26,2026-08-27,87265,87265,15707.70,15707.70,1,1,2,FUZZY_MATCH
07ABCDE9220F1Z5,07ABCDE9220F1Z5,Fuzzy Supplier 1052,Fuzzy Supplier 1052 Pvt Ltd,INV-01052,INV01052,2026-08-11,2026-08-11,41825,41825,7528.50,7528.50,1,1,2,FUZZY_MATCH
07ABCDE2925F1Z5,07ABCDE2925F1Z5,Fuzzy Supplier 1053,Fuzzy Supplier 1053 Pvt Ltd,INV-01053,inv-01053,2026-11-25,2026-11-24,36036,36036,6486.48,6485.48,1,1,2,FUZZY_MATCH
07ABCDE9261F1Z5,07ABCDE9261F1Z5,Fuzzy Supplier 1054,Fuzzy Supplier 1054 Pvt Ltd,INV-01054,INV01054,2026-06-02,2026-06-03,85495,85495,15389.10,15389.10,1,1,2,FUZZY_MATCH
07ABCDE8827F1Z5,07ABCDE8827F1Z5,Fuzzy Supplier 1055,Fuzzy Supplier 1055 Pvt Ltd,INV-01055,inv-01055A,2026-06-02,2026-06-02,73559,73559,13240.62,13241.62,1,1,2,FUZZY_MATCH
07ABCDE1806F1Z5,07ABCDE1806F1Z5,Fuzzy Supplier 1056,Fuzzy Supplier 1056 Pvt Ltd,INV-01056,inv-01056,2026-04-11,2026-04-11,18931,18931,3407.58,3408.58,1,1,2,FUZZY_MATCH
07ABCDE4439F1Z5,07ABCDE4439F1Z5,Fuzzy Supplier 1057,Fuzzy Supplier 1057 Pvt Ltd,INV-01057,INV01057A,2026-01-26,2026-01-25,81361,81361,14644.98,14645.98,1,1,2,FUZZY_MATCH
07ABCDE2849F1Z5,07ABCDE2849F1Z5,Fuzzy Supplier 1058,Fuzzy Supplier 1058 Pvt Ltd,INV-01058,INV01058,2026-02-12,2026-02-11,88027,88027,15844.86,15845.86,1,1,2,FUZZY_MATCH
07ABCDE7250F1Z5,07ABCDE7250F1Z5,Fuzzy Supplier 1059,Fuzzy Supplier 1059 Pvt Ltd,INV-01059,INV01059,2026-07-23,2026-07-24,36583,36583,6584.94,6583.94,1,1,2,FUZZY_MATCH
07ABCDE5663F1Z5,07ABCDE5663F1Z5,Fuzzy Supplier 1060,Fuzzy Supplier 1060 Pvt Ltd,INV-01060,INV01060,2026-08-03,2026-08-03,62006,62006,11161.08,11162.08,1,1,2,FUZZY_MATCH
07ABCDE3401F1Z5,07ABCDE3401F1Z5,Fuzzy Supplier 1061,Fuzzy Supplier 1061 Pvt Ltd,INV-01061,INV01061,2026-05-14,2026-05-13,58941,58941,10609.38,10609.38,1,1,2,FUZZY_MATCH
07ABCDE9706F1Z5,07ABCDE9706F1Z5,Fuzzy Supplier 1062,Fuzzy Supplier 1062 Pvt Ltd,INV-01062,INV01062A,2026-08-12,2026-08-12,70853,70853,12753.54,12754.54,1,1,2,FUZZY_MATCH
07ABCDE4564F1Z5,07ABCDE4564F1Z5,Fuzzy Supplier 1063,Fuzzy Supplier 1063 Pvt Ltd,INV-01063,INV01063,2026-12-11,2026-12-12,54233,54233,9761.94,9760.94,1,1,2,FUZZY_MATCH
07ABCDE3860F1Z5,07ABCDE3860F1Z5,Fuzzy Supplier 1064,Fuzzy Supplier 1064 Pvt Ltd,INV-01064,inv-01064A,2026-11-18,2026-11-18,18965,18965,3413.70,3414.70,1,1,2,FUZZY_MATCH
07ABCDE4533F1Z5,07ABCDE4533F1Z5,Fuzzy Supplier 1065,Fuzzy Supplier 1065 Pvt Ltd,INV-01065,inv-01065,2026-10-12,2026-10-12,90085,90085,16215.30,16216.30,1,1,2,FUZZY_MATCH
07ABCDE7146F1Z5,07ABCDE7146F1Z5,Fuzzy Supplier 1066,Fuzzy Supplier 1066 Pvt Ltd,INV-01066,INV01066,2026-12-17,2026-12-18,29313,29313,5276.34,5275.34,1,1,2,FUZZY_MATCH
07ABCDE9431F1Z5,07ABCDE9431F1Z5,Fuzzy Supplier 1067,Fuzzy Supplier 1067 Pvt Ltd,INV-01067,inv-01067A,2026-03-08,2026-03-07,43271,43271,7788.78,7789.78,1,1,2,FUZZY_MATCH
07ABCDE9570F1Z5,07ABCDE9570F1Z5,Fuzzy Supplier 1068,Fuzzy Supplier 1068 Pvt Ltd,INV-01068,INV01068,2026-10-06,2026-10-06,51934,51934,9348.12,9348.12,1,1,2,FUZZY_MATCH
07ABCDE1590F1Z5,07ABCDE1590F1Z5,Fuzzy Supplier 1069,Fuzzy Supplier 1069 Pvt Ltd,INV-01069,inv-01069,2026-10-27,2026-10-28,64088,64088,11535.84,11535.84,1,1,2,FUZZY_MATCH
07ABCDE6808F1Z5,07ABCDE6808F1Z5,Fuzzy Supplier 1070,Fuzzy Supplier 1070 Pvt Ltd,INV-01070,inv-01070A,2026-01-04,2026-01-03,82304,82304,14814.72,14814.72,1,1,2,FUZZY_MATCH
07ABCDE4017F1Z5,07ABCDE4017F1Z5,Fuzzy Supplier 1071,Fuzzy Supplier 1071 Pvt Ltd,INV-01071,inv-01071,2026-03-07,2026-03-06,24225,24225,4360.50,4360.50,1,1,2,FUZZY_MATCH
07ABCDE3674F1Z5,07ABCDE3674F1Z5,Fuzzy Supplier 1072,Fuzzy Supplier 1072 Pvt Ltd,INV-01072,inv-01072,2026-09-05,2026-09-05,2919,2919,525.42,525.42,1,1,2,FUZZY_MATCH
07ABCDE4396F1Z5,07ABCDE4396F1Z5,Fuzzy Supplier 1073,Fuzzy Supplier 1073 Pvt Ltd,INV-01073,INV01073A,2026-09-20,2026-09-21,5211,5211,937.98,936.98,1,1,2,FUZZY_MATCH
07ABCDE2850F1Z5,07ABCDE2850F1Z5,Fuzzy Supplier 1074,Fuzzy Supplier 1074 Pvt Ltd,INV-01074,inv-01074,2026-01-19,2026-01-19,88864,88864,15995.52,15995.52,1,1,2,FUZZY_MATCH
07ABCDE4334F1Z5,07ABCDE4334F1Z5,Fuzzy Supplier 1075,Fuzzy Supplier 1075 Pvt Ltd,INV-01075,INV01075,2026-02-03,2026-02-03,37775,37775,6799.50,6799.50,1,1,2,FUZZY_MATCH
07ABCDE6139F1Z5,07ABCDE6139F1Z5,Fuzzy Supplier 1076,Fuzzy Supplier 1076 Pvt Ltd,INV-01076,inv-01076A,2026-08-23,2026-08-24,91466,91466,16463.88,16464.88,1,1,2,FUZZY_MATCH
07ABCDE5165F1Z5,07ABCDE5165F1Z5,Fuzzy Supplier 1077,Fuzzy Supplier 1077 Pvt Ltd,INV-01077,INV01077,2026-06-15,2026-06-15,9241,9241,1663.38,1662.38,1,1,2,FUZZY_MATCH
07ABCDE5401F1Z5,07ABCDE5401F1Z5,Fuzzy Supplier 1078,Fuzzy Supplier 1078 Pvt Ltd,INV-01078,inv-01078A,2026-07-10,2026-07-10,78651,78651,14157.18,14158.18,1,1,2,FUZZY_MATCH
07ABCDE8960F1Z5,07ABCDE8960F1Z5,Fuzzy Supplier 1079,Fuzzy Supplier 1079 Pvt Ltd,INV-01079,inv-01079,2026-11-29,2026-11-30,9898,9898,1781.64,1780.64,1,1,2,FUZZY_MATCH
07ABCDE9646F1Z5,07ABCDE9646F1Z5,Fuzzy Supplier 1080,Fuzzy Supplier 1080 Pvt Ltd,INV-01080,INV01080,2026-08-19,2026-08-19,57435,57435,10338.30,10338.30,1,1,2,FUZZY_MATCH
07ABCDE6948F1Z5,07ABCDE6948F1Z5,Fuzzy Supplier 1081,Fuzzy Supplier 1081 Pvt Ltd,INV-01081,inv-01081,2026-09-08,2026-09-08,9766,9766,1757.88,1758.88,1,1,2,FUZZY_MATCH
07ABCDE5280F1Z5,07ABCDE5280F1Z5,Fuzzy Supplier 1082,Fuzzy Supplier 1082 Pvt Ltd,INV-01082,inv-01082A,2026-08-27,2026-08-26,93139,93139,16765.02,16764.02,1,1,2,FUZZY_MATCH
07ABCDE6340F1Z5,07ABCDE6340F1Z5,Fuzzy Supplier 1083,Fuzzy Supplier 1083 Pvt Ltd,INV-01083,INV01083,2026-01-09,2026-01-09,77630,77630,13973.40,13973.40,1,1,2,FUZZY_MATCH
07ABCDE1905F1Z5,07ABCDE1905F1Z5,Fuzzy Supplier 1084,Fuzzy Supplier 1084 Pvt Ltd,INV-01084,inv-01084,2026-10-21,2026-10-21,37508,37508,6751.44,6751.44,1,1,2,FUZZY_MATCH
07ABCDE1914F1Z5,07ABCDE1914F1Z5,Fuzzy Supplier 1085,Fuzzy Supplier 1085 Pvt Ltd,INV-01085,INV01085,2026-02-04,2026-02-04,48090,48090,8656.20,8657.20,1,1,2,FUZZY_MATCH
07ABCDE4072F1Z5,07ABCDE4072F1Z5,Fuzzy Supplier 1086,Fuzzy Supplier 1086 Pvt Ltd,INV-01086,inv-01086,2026-08-31,2026-08-30,45774,45774,8239.32,8239.32,1,1,2,FUZZY_MATCH
07ABCDE2181F1Z5,07ABCDE2181F1Z5,Fuzzy Supplier 1087,Fuzzy Supplier 1087 Pvt Ltd,INV-01087,inv-01087,2026-12-30,2026-12-30,11887,11887,2139.66,2139.66,1,1,2,FUZZY_MATCH
07ABCDE4907F1Z5,07ABCDE4907F1Z5,Fuzzy Supplier 1088,Fuzzy Supplier 1088 Pvt Ltd,INV-01088,inv-01088,2026-03-03,2026-03-03,22605,22605,4068.90,4069.90,1,1,2,FUZZY_MATCH
07ABCDE5158F1Z5,07ABCDE5158F1Z5,Fuzzy Supplier 1089,Fuzzy Supplier 1089 Pvt Ltd,INV-01089,INV01089A,2026-02-04,2026-02-04,80420,80420,14475.60,14476.60,1,1,2,FUZZY_MATCH
07ABCDE1032F1Z5,07ABCDE1032F1Z5,Fuzzy Supplier 1090,Fuzzy Supplier 1090 Pvt Ltd,INV-01090,inv-01090,2026-06-27,2026-06-26,31383,31383,5648.94,5647.94,1,1,2,FUZZY_MATCH
07ABCDE7898F1Z5,07ABCDE7898F1Z5,Fuzzy Supplier 1091,Fuzzy Supplier 1091 Pvt Ltd,INV-01091,INV01091,2026-08-08,2026-08-08,44596,44596,8027.28,8026.28,1,1,2,FUZZY_MATCH
07ABCDE9155F1Z5,07ABCDE9155F1Z5,Fuzzy Supplier 1092,Fuzzy Supplier 1092 Pvt Ltd,INV-01092,INV01092,2026-07-13,2026-07-12,4191,4191,754.38,755.38,1,1,2,FUZZY_MATCH
07ABCDE2246F1Z5,07ABCDE2246F1Z5,Fuzzy Supplier 1093,Fuzzy Supplier 1093 Pvt Ltd,INV-01093,INV01093,2026-02-06,2026-02-06,16340,16340,2941.20,2942.20,1,1,2,FUZZY_MATCH
07ABCDE8863F1Z5,07ABCDE8863F1Z5,Fuzzy Supplier 1094,Fuzzy Supplier 1094 Pvt Ltd,INV-01094,inv-01094,2026-02-13,2026-02-13,32784,32784,5901.12,5900.12,1,1,2,FUZZY_MATCH
07ABCDE1801F1Z5,07ABCDE1801F1Z5,Fuzzy Supplier 1095,Fuzzy Supplier 1095 Pvt Ltd,INV-01095,inv-01095,2026-01-27,2026-01-27,2118,2118,381.24,382.24,1,1,2,FUZZY_MATCH
07ABCDE6979F1Z5,07ABCDE6979F1Z5,Fuzzy Supplier 1096,Fuzzy Supplier 1096 Pvt Ltd,INV-01096,inv-01096,2026-07-29,2026-07-29,39893,39893,7180.74,7179.74,1,1,2,FUZZY_MATCH
07ABCDE4635F1Z5,07ABCDE4635F1Z5,Fuzzy Supplier 1097,Fuzzy Supplier 1097 Pvt Ltd,INV-01097,inv-01097,2026-11-19,2026-11-19,33693,33693,6064.74,6063.74,1,1,2,FUZZY_MATCH
07ABCDE6150F1Z5,07ABCDE6150F1Z5,Fuzzy Supplier 1098,Fuzzy Supplier 1098 Pvt Ltd,INV-01098,INV01098,2026-12-25,2026-12-25,11298,11298,2033.64,2034.64,1,1,2,FUZZY_MATCH
07ABCDE9068F1Z5,07ABCDE9068F1Z5,Fuzzy Supplier 1099,Fuzzy Supplier 1099 Pvt Ltd,INV-01099,inv-01099,2026-06-26,2026-06-25,97849,97849,17612.82,17612.82,1,1,2,FUZZY_MATCH
07ABCDE7099F1Z5,07ABCDE7099F1Z5,Fuzzy Supplier 1100,Fuzzy Supplier 1100 Pvt Ltd,INV-01100,inv-01100A,2026-12-01,2026-12-02,6866,6866,1235.88,1236.88,1,1,2,FUZZY_MATCH
07ABCDE2961F1Z5,07ABCDE2961F1Z5,Fuzzy Supplier 1101,Fuzzy Supplier 1101 Pvt Ltd,INV-01101,inv-01101,2026-05-26,2026-05-25,78781,78781,14180.58,14180.58,1,1,2,FUZZY_MATCH
07ABCDE7961F1Z5,07ABCDE7961F1Z5,Fuzzy Supplier 1102,Fuzzy Supplier 1102 Pvt Ltd,INV-01102,inv-01102A,2026-06-23,2026-06-23,63556,63556,11440.08,11441.08,1,1,2,FUZZY_MATCH
07ABCDE5275F1Z5,07ABCDE5275F1Z5,Fuzzy Supplier 1103,Fuzzy Supplier 1103 Pvt Ltd,INV-01103,inv-01103A,2026-06-06,2026-06-05,97325,97325,17518.50,17517.50,1,1,2,FUZZY_MATCH
07ABCDE4511F1Z5,07ABCDE4511F1Z5,Fuzzy Supplier 1104,Fuzzy Supplier 1104 Pvt Ltd,INV-01104,inv-01104,2026-01-16,2026-01-17,15176,15176,2731.68,2730.68,1,1,2,FUZZY_MATCH
07ABCDE4205F1Z5,07ABCDE4205F1Z5,Fuzzy Supplier 1105,Fuzzy Supplier 1105 Pvt Ltd,INV-01105,INV01105,2026-01-03,2026-01-03,8922,8922,1605.96,1605.96,1,1,2,FUZZY_MATCH
07ABCDE6137F1Z5,07ABCDE6137F1Z5,Fuzzy Supplier 1106,Fuzzy Supplier 1106 Pvt Ltd,INV-01106,INV01106A,2026-01-08,2026-01-09,17083,17083,3074.94,3074.94,1,1,2,FUZZY_MATCH
07ABCDE1830F1Z5,07ABCDE1830F1Z5,Fuzzy Supplier 1107,Fuzzy Supplier 1107 Pvt Ltd,INV-01107,INV01107,2026-05-12,2026-05-11,75798,75798,13643.64,13644.64,1,1,2,FUZZY_MATCH
07ABCDE7607F1Z5,07ABCDE7607F1Z5,Fuzzy Supplier 1108,Fuzzy Supplier 1108 Pvt Ltd,INV-01108,INV01108,2026-05-21,2026-05-21,22347,22347,4022.46,4022.46,1,1,2,FUZZY_MATCH
07ABCDE2598F1Z5,07ABCDE2598F1Z5,Fuzzy Supplier 1109,Fuzzy Supplier 1109 Pvt Ltd,INV-01109,inv-01109A,2026-02-13,2026-02-14,4424,4424,796.32,795.32,1,1,2,FUZZY_MATCH
07ABCDE6747F1Z5,07ABCDE6747F1Z5,Fuzzy Supplier 1110,Fuzzy Supplier 1110 Pvt Ltd,INV-01110,inv-01110,2026-08-20,2026-08-21,48214,48214,8678.52,8678.52,1,1,2,FUZZY_MATCH
07ABCDE5810F1Z5,07ABCDE5810F1Z5,Fuzzy Supplier 1111,Fuzzy Supplier 1111 Pvt Ltd,INV-01111,inv-01111,2026-03-02,2026-03-01,66897,66897,12041.46,12040.46,1,1,2,FUZZY_MATCH
07ABCDE4517F1Z5,07ABCDE4517F1Z5,Fuzzy Supplier 1112,Fuzzy Supplier 1112 Pvt Ltd,INV-01112,INV01112A,2026-10-19,2026-10-19,82068,82068,14772.24,14771.24,1,1,2,FUZZY_MATCH
07ABCDE7847F1Z5,07ABCDE7847F1Z5,Fuzzy Supplier 1113,Fuzzy Supplier 1113 Pvt Ltd,INV-01113,inv-01113,2026-04-24,2026-04-23,45021,45021,8103.78,8102.78,1,1,2,FUZZY_MATCH
07ABCDE2140F1Z5,07ABCDE2140F1Z5,Fuzzy Supplier 1114,Fuzzy Supplier 1114 Pvt Ltd,INV-01114,INV01114,2026-08-31,2026-08-30,11680,11680,2102.40,2101.40,1,1,2,FUZZY_MATCH
07ABCDE7360F1Z5,07ABCDE7360F1Z5,Fuzzy Supplier 1115,Fuzzy Supplier 1115 Pvt Ltd,INV-01115,inv-01115,2026-02-21,2026-02-21,7723,7723,1390.14,1391.14,1,1,2,FUZZY_MATCH
07ABCDE6416F1Z5,07ABCDE6416F1Z5,Fuzzy Supplier 1116,Fuzzy Supplier 1116 Pvt Ltd,INV-01116,INV01116,2026-05-22,2026-05-21,35446,35446,6380.28,6381.28,1,1,2,FUZZY_MATCH
07ABCDE5526F1Z5,07ABCDE5526F1Z5,Fuzzy Supplier 1117,Fuzzy Supplier 1117 Pvt Ltd,INV-01117,inv-01117A,2026-12-22,2026-12-22,94739,94739,17053.02,17052.02,1,1,2,FUZZY_MATCH
07ABCDE5587F1Z5,07ABCDE5587F1Z5,Fuzzy Supplier 1118,Fuzzy Supplier 1118 Pvt Ltd,INV-01118,INV01118,2026-12-05,2026-12-05,23759,23759,4276.62,4275.62,1,1,2,FUZZY_MATCH
07ABCDE4161F1Z5,07ABCDE4161F1Z5,Fuzzy Supplier 1119,Fuzzy Supplier 1119 Pvt Ltd,INV-01119,INV01119,2026-09-02,2026-09-01,26516,26516,4772.88,4772.88,1,1,2,FUZZY_MATCH
07ABCDE9044F1Z5,07ABCDE9044F1Z5,Fuzzy Supplier 1120,Fuzzy Supplier 1120 Pvt Ltd,INV-01120,inv-01120,2026-07-30,2026-07-31,70810,70810,12745.80,12746.80,1,1,2,FUZZY_MATCH
07ABCDE6648F1Z5,07ABCDE6648F1Z5,Fuzzy Supplier 1121,Fuzzy Supplier 1121 Pvt Ltd,INV-01121,inv-01121,2026-02-10,2026-02-09,43517,43517,7833.06,7832.06,1,1,2,FUZZY_MATCH
07ABCDE2044F1Z5,07ABCDE2044F1Z5,Fuzzy Supplier 1122,Fuzzy Supplier 1122 Pvt Ltd,INV-01122,INV01122,2026-09-11,2026-09-12,44487,44487,8007.66,8008.66,1,1,2,FUZZY_MATCH
07ABCDE6605F1Z5,07ABCDE6605F1Z5,Fuzzy Supplier 1123,Fuzzy Supplier 1123 Pvt Ltd,INV-01123,INV01123,2026-02-15,2026-02-14,77321,77321,13917.78,13918.78,1,1,2,FUZZY_MATCH
07ABCDE6193F1Z5,07ABCDE6193F1Z5,Fuzzy Supplier 1124,Fuzzy Supplier 1124 Pvt Ltd,INV-01124,INV01124,2026-05-09,2026-05-08,7394,7394,1330.92,1331.92,1,1,2,FUZZY_MATCH
07ABCDE9330F1Z5,07ABCDE9330F1Z5,Fuzzy Supplier 1125,Fuzzy Supplier 1125 Pvt Ltd,INV-01125,inv-01125,2026-01-07,2026-01-08,29801,29801,5364.18,5365.18,1,1,2,FUZZY_MATCH
07ABCDE6720F1Z5,07ABCDE6720F1Z5,Fuzzy Supplier 1126,Fuzzy Supplier 1126 Pvt Ltd,INV-01126,INV01126,2026-11-09,2026-11-09,32814,32814,5906.52,5907.52,1,1,2,FUZZY_MATCH
07ABCDE6522F1Z5,07ABCDE6522F1Z5,Fuzzy Supplier 1127,Fuzzy Supplier 1127 Pvt Ltd,INV-01127,inv-01127A,2026-04-28,2026-04-29,74400,74400,13392.00,13393.00,1,1,2,FUZZY_MATCH
07ABCDE8942F1Z5,07ABCDE8942F1Z5,Fuzzy Supplier 1128,Fuzzy Supplier 1128 Pvt Ltd,INV-01128,inv-01128,2026-02-26,2026-02-26,44059,44059,7930.62,7930.62,1,1,2,FUZZY_MATCH
07ABCDE8448F1Z5,07ABCDE8448F1Z5,Fuzzy Supplier 1129,Fuzzy Supplier 1129 Pvt Ltd,INV-01129,INV01129,2026-08-22,2026-08-23,94079,94079,16934.22,16933.22,1,1,2,FUZZY_MATCH
07ABCDE5499F1Z5,07ABCDE5499F1Z5,Fuzzy Supplier 1130,Fuzzy Supplier 1130 Pvt Ltd,INV-01130,inv-01130,2026-01-23,2026-01-23,89077,89077,16033.86,16033.86,1,1,2,FUZZY_MATCH
07ABCDE3235F1Z5,07ABCDE3235F1Z5,Fuzzy Supplier 1131,Fuzzy Supplier 1131 Pvt Ltd,INV-01131,inv-01131,2026-11-24,2026-11-25,84178,84178,15152.04,15153.04,1,1,2,FUZZY_MATCH
07ABCDE5882F1Z5,07ABCDE5882F1Z5,Fuzzy Supplier 1132,Fuzzy Supplier 1132 Pvt Ltd,INV-01132,inv-01132,2026-04-05,2026-04-04,43954,43954,7911.72,7910.72,1,1,2,FUZZY_MATCH
07ABCDE8265F1Z5,07ABCDE8265F1Z5,Fuzzy Supplier 1133,Fuzzy Supplier 1133 Pvt Ltd,INV-01133,inv-01133,2026-04-21,2026-04-22,44089,44089,7936.02,7935.02,1,1,2,FUZZY_MATCH
07ABCDE1145F1Z5,07ABCDE1145F1Z5,Fuzzy Supplier 1134,Fuzzy Supplier 1134 Pvt Ltd,INV-01134,inv-01134,2026-05-12,2026-05-12,61758,61758,11116.44,11115.44,1,1,2,FUZZY_MATCH
07ABCDE1763F1Z5,07ABCDE1763F1Z5,Fuzzy Supplier 1135,Fuzzy Supplier 1135 Pvt Ltd,INV-01135,INV01135A,2026-07-14,2026-07-14,15983,15983,2876.94,2875.94,1,1,2,FUZZY_MATCH
07ABCDE3900F1Z5,07ABCDE3900F1Z5,Fuzzy Supplier 1136,Fuzzy Supplier 1136 Pvt Ltd,INV-01136,INV01136,2026-12-11,2026-12-11,66325,66325,11938.50,11939.50,1,1,2,FUZZY_MATCH
07ABCDE1163F1Z5,07ABCDE1163F1Z5,Fuzzy Supplier 1137,Fuzzy Supplier 1137 Pvt Ltd,INV-01137,inv-01137,2026-08-28,2026-08-28,53636,53636,9654.48,9653.48,1,1,2,FUZZY_MATCH
07ABCDE5181F1Z5,07ABCDE5181F1Z5,Fuzzy Supplier 1138,Fuzzy Supplier 1138 Pvt Ltd,INV-01138,INV01138A,2026-12-10,2026-12-10,8958,8958,1612.44,1611.44,1,1,2,FUZZY_MATCH
07ABCDE5963F1Z5,07ABCDE5963F1Z5,Fuzzy Supplier 1139,Fuzzy Supplier 1139 Pvt Ltd,INV-01139,INV01139A,2026-08-31,2026-08-31,98208,98208,17677.44,17677.44,1,1,2,FUZZY_MATCH
07ABCDE7448F1Z5,07ABCDE7448F1Z5,Fuzzy Supplier 1140,Fuzzy Supplier 1140 Pvt Ltd,INV-01140,inv-01140A,2026-10-30,2026-10-30,26877,26877,4837.86,4837.86,1,1,2,FUZZY_MATCH
07ABCDE1607F1Z5,07ABCDE1607F1Z5,Fuzzy Supplier 1141,Fuzzy Supplier 1141 Pvt Ltd,INV-01141,inv-01141,2026-03-21,2026-03-20,82130,82130,14783.40,14784.40,1,1,2,FUZZY_MATCH
07ABCDE2842F1Z5,07ABCDE2842F1Z5,Fuzzy Supplier 1142,Fuzzy Supplier 1142 Pvt Ltd,INV-01142,INV01142,2026-09-09,2026-09-10,1210,1210,217.80,216.80,1,1,2,FUZZY_MATCH
07ABCDE6852F1Z5,07ABCDE6852F1Z5,Fuzzy Supplier 1143,Fuzzy Supplier 1143 Pvt Ltd,INV-01143,INV01143A,2026-10-18,2026-10-19,50513,50513,9092.34,9093.34,1,1,2,FUZZY_MATCH
07ABCDE5900F1Z5,07ABCDE5900F1Z5,Fuzzy Supplier 1144,Fuzzy Supplier 1144 Pvt Ltd,INV-01144,INV01144,2026-07-12,2026-07-12,60224,60224,10840.32,10841.32,1,1,2,FUZZY_MATCH
07ABCDE9857F1Z5,07ABCDE9857F1Z5,Fuzzy Supplier 1145,Fuzzy Supplier 1145 Pvt Ltd,INV-01145,INV01145A,2026-08-09,2026-08-10,15337,15337,2760.66,2759.66,1,1,2,FUZZY_MATCH
07ABCDE6907F1Z5,07ABCDE6907F1Z5,Fuzzy Supplier 1146,Fuzzy Supplier 1146 Pvt Ltd,INV-01146,inv-01146,2026-03-12,2026-03-11,22875,22875,4117.50,4116.50,1,1,2,FUZZY_MATCH
07ABCDE9798F1Z5,07ABCDE9798F1Z5,Fuzzy Supplier 1147,Fuzzy Supplier 1147 Pvt Ltd,INV-01147,INV01147A,2026-08-29,2026-08-29,83399,83399,15011.82,15012.82,1,1,2,FUZZY_MATCH
07ABCDE3858F1Z5,07ABCDE3858F1Z5,Fuzzy Supplier 1148,Fuzzy Supplier 1148 Pvt Ltd,INV-01148,INV01148,2026-10-19,2026-10-19,32336,32336,5820.48,5821.48,1,1,2,FUZZY_MATCH
07ABCDE2069F1Z5,07ABCDE2069F1Z5,Fuzzy Supplier 1149,Fuzzy Supplier 1149 Pvt Ltd,INV-01149,INV01149A,2026-06-12,2026-06-11,31988,31988,5757.84,5758.84,1,1,2,FUZZY_MATCH
07ABCDE9879F1Z5,07ABCDE9879F1Z5,Fuzzy Supplier 1150,Fuzzy Supplier 1150 Pvt Ltd,INV-01150,inv-01150,2026-12-01,2026-12-01,53002,53002,9540.36,9541.36,1,1,2,FUZZY_MATCH
07ABCDE8428F1Z5,07ABCDE8428F1Z5,Fuzzy Supplier 1151,Fuzzy Supplier 1151 Pvt Ltd,INV-01151,inv-01151A,2026-07-12,2026-07-13,26569,26569,4782.42,4782.42,1,1,2,FUZZY_MATCH
07ABCDE8097F1Z5,07ABCDE8097F1Z5,Fuzzy Supplier 1152,Fuzzy Supplier 1152 Pvt Ltd,INV-01152,inv-01152A,2026-09-28,2026-09-28,93119,93119,16761.42,16762.42,1,1,2,FUZZY_MATCH
07ABCDE8901F1Z5,07ABCDE8901F1Z5,Fuzzy Supplier 1153,Fuzzy Supplier 1153 Pvt Ltd,INV-01153,INV01153,2026-04-30,2026-04-30,69440,69440,12499.20,12498.20,1,1,2,FUZZY_MATCH
07ABCDE4417F1Z5,07ABCDE4417F1Z5,Fuzzy Supplier 1154,Fuzzy Supplier 1154 Pvt Ltd,INV-01154,INV01154,2026-01-29,2026-01-28,48750,48750,8775.00,8776.00,1,1,2,FUZZY_MATCH
07ABCDE4350F1Z5,07ABCDE4350F1Z5,Fuzzy Supplier 1155,Fuzzy Supplier 1155 Pvt Ltd,INV-01155,INV01155,2026-11-30,2026-11-29,39737,39737,7152.66,7151.66,1,1,2,FUZZY_MATCH
07ABCDE3464F1Z5,07ABCDE3464F1Z5,Fuzzy Supplier 1156,Fuzzy Supplier 1156 Pvt Ltd,INV-01156,inv-01156A,2026-06-06,2026-06-07,48555,48555,8739.90,8740.90,1,1,2,FUZZY_MATCH
07ABCDE1189F1Z5,07ABCDE1189F1Z5,Fuzzy Supplier 1157,Fuzzy Supplier 1157 Pvt Ltd,INV-01157,INV01157,2026-04-27,2026-04-27,68385,68385,12309.30,12309.30,1,1,2,FUZZY_MATCH
07ABCDE4432F1Z5,07ABCDE4432F1Z5,Fuzzy Supplier 1158,Fuzzy Supplier 1158 Pvt Ltd,INV-01158,inv-01158,2026-11-21,2026-11-22,22638,22638,4074.84,4074.84,1,1,2,FUZZY_MATCH
07ABCDE6011F1Z5,07ABCDE6011F1Z5,Fuzzy Supplier 1159,Fuzzy Supplier 1159 Pvt Ltd,INV-01159,INV01159,2026-05-12,2026-05-12,73931,73931,13307.58,13306.58,1,1,2,FUZZY_MATCH
07ABCDE9029F1Z5,07ABCDE9029F1Z5,Fuzzy Supplier 1160,Fuzzy Supplier 1160 Pvt Ltd,INV-01160,inv-01160,2026-06-11,2026-06-11,7399,7399,1331.82,1331.82,1,1,2,FUZZY_MATCH
07ABCDE4411F1Z5,07ABCDE4411F1Z5,Fuzzy Supplier 1161,Fuzzy Supplier 1161 Pvt Ltd,INV-01161,inv-01161,2026-09-08,2026-09-08,56555,56555,10179.90,10179.90,1,1,2,FUZZY_MATCH
07ABCDE8140F1Z5,07ABCDE8140F1Z5,Fuzzy Supplier 1162,Fuzzy Supplier 1162 Pvt Ltd,INV-01162,inv-01162,2026-02-27,2026-02-27,23898,23898,4301.64,4300.64,1,1,2,FUZZY_MATCH
07ABCDE9646F1Z5,07ABCDE9646F1Z5,Fuzzy Supplier 1163,Fuzzy Supplier 1163 Pvt Ltd,INV-01163,inv-01163,2026-06-03,2026-06-02,82833,82833,14909.94,14909.94,1,1,2,FUZZY_MATCH
07ABCDE8991F1Z5,07ABCDE8991F1Z5,Fuzzy Supplier 1164,Fuzzy Supplier 1164 Pvt Ltd,INV-01164,INV01164,2026-06-30,2026-06-30,91827,91827,16528.86,16528.86,1,1,2,FUZZY_MATCH
07ABCDE9111F1Z5,07ABCDE9111F1Z5,Fuzzy Supplier 1165,Fuzzy Supplier 1165 Pvt Ltd,INV-01165,inv-01165,2026-03-16,2026-03-16,97578,97578,17564.04,17565.04,1,1,2,FUZZY_MATCH
07ABCDE4237F1Z5,07ABCDE4237F1Z5,Fuzzy Supplier 1166,Fuzzy Supplier 1166 Pvt Ltd,INV-01166,inv-01166,2026-06-12,2026-06-12,5475,5475,985.50,984.50,1,1,2,FUZZY_MATCH
07ABCDE3818F1Z5,07ABCDE3818F1Z5,Fuzzy Supplier 1167,Fuzzy Supplier 1167 Pvt Ltd,INV-01167,inv-01167,2026-05-31,2026-05-30,40927,40927,7366.86,7366.86,1,1,2,FUZZY_MATCH
07ABCDE2181F1Z5,07ABCDE2181F1Z5,Fuzzy Supplier 1168,Fuzzy Supplier 1168 Pvt Ltd,INV-01168,inv-01168,2026-02-11,2026-02-12,29064,29064,5231.52,5230.52,1,1,2,FUZZY_MATCH
07ABCDE7727F1Z5,07ABCDE7727F1Z5,Fuzzy Supplier 1169,Fuzzy Supplier 1169 Pvt Ltd,INV-01169,INV01169A,2026-07-06,2026-07-07,52064,52064,9371.52,9370.52,1,1,2,FUZZY_MATCH
07ABCDE3351F1Z5,07ABCDE3351F1Z5,Fuzzy Supplier 1170,Fuzzy Supplier 1170 Pvt Ltd,INV-01170,INV01170A,2026-03-03,2026-03-03,55862,55862,10055.16,10054.16,1,1,2,FUZZY_MATCH
07ABCDE9701F1Z5,07ABCDE9701F1Z5,Fuzzy Supplier 1171,Fuzzy Supplier 1171 Pvt Ltd,INV-01171,INV01171A,2026-01-11,2026-01-10,30111,30111,5419.98,5419.98,1,1,2,FUZZY_MATCH
07ABCDE8252F1Z5,07ABCDE8252F1Z5,Fuzzy Supplier 1172,Fuzzy Supplier 1172 Pvt Ltd,INV-01172,inv-01172,2026-08-03,2026-08-03,34029,34029,6125.22,6125.22,1,1,2,FUZZY_MATCH
07ABCDE4001F1Z5,07ABCDE4001F1Z5,Fuzzy Supplier 1173,Fuzzy Supplier 1173 Pvt Ltd,INV-01173,INV01173A,2026-04-11,2026-04-11,85878,85878,15458.04,15457.04,1,1,2,FUZZY_MATCH
07ABCDE8957F1Z5,07ABCDE8957F1Z5,Fuzzy Supplier 1174,Fuzzy Supplier 1174 Pvt Ltd,INV-01174,inv-01174,2026-11-09,2026-11-09,1678,1678,302.04,302.04,1,1,2,FUZZY_MATCH
07ABCDE8758F1Z5,07ABCDE8758F1Z5,Fuzzy Supplier 1175,Fuzzy Supplier 1175 Pvt Ltd,INV-01175,INV01175A,2026-05-17,2026-05-18,83313,83313,14996.34,14995.34,1,1,2,FUZZY_MATCH
07ABCDE4509F1Z5,07ABCDE4509F1Z5,Fuzzy Supplier 1176,Fuzzy Supplier 1176 Pvt Ltd,INV-01176,inv-01176,2026-11-23,2026-11-23,17902,17902,3222.36,3221.36,1,1,2,FUZZY_MATCH
07ABCDE6170F1Z5,07ABCDE6170F1Z5,Fuzzy Supplier 1177,Fuzzy Supplier 1177 Pvt Ltd,INV-01177,inv-01177,2026-10-08,2026-10-07,96260,96260,17326.80,17326.80,1,1,2,FUZZY_MATCH
07ABCDE4736F1Z5,07ABCDE4736F1Z5,Fuzzy Supplier 1178,Fuzzy Supplier 1178 Pvt Ltd,INV-01178,inv-01178,2026-03-10,2026-03-09,39925,39925,7186.50,7185.50,1,1,2,FUZZY_MATCH
07ABCDE8129F1Z5,07ABCDE8129F1Z5,Fuzzy Supplier 1179,Fuzzy Supplier 1179 Pvt Ltd,INV-01179,INV01179,2026-11-24,2026-11-24,30122,30122,5421.96,5420.96,1,1,2,FUZZY_MATCH
07ABCDE1760F1Z5,07ABCDE1760F1Z5,Fuzzy Supplier 1180,Fuzzy Supplier 1180 Pvt Ltd,INV-01180,INV01180,2026-07-09,2026-07-09,33542,33542,6037.56,6036.56,1,1,2,FUZZY_MATCH
07ABCDE8941F1Z5,07ABCDE8941F1Z5,Fuzzy Supplier 1181,Fuzzy Supplier 1181 Pvt Ltd,INV-01181,INV01181,2026-01-02,2026-01-02,72471,72471,13044.78,13045.78,1,1,2,FUZZY_MATCH
07ABCDE8703F1Z5,07ABCDE8703F1Z5,Fuzzy Supplier 1182,Fuzzy Supplier 1182 Pvt Ltd,INV-01182,INV01182A,2026-08-03,2026-08-03,48966,48966,8813.88,8813.88,1,1,2,FUZZY_MATCH
07ABCDE5524F1Z5,07ABCDE5524F1Z5,Fuzzy Supplier 1183,Fuzzy Supplier 1183 Pvt Ltd,INV-01183,INV01183,2026-09-11,2026-09-10,19484,19484,3507.12,3508.12,1,1,2,FUZZY_MATCH
07ABCDE2437F1Z5,07ABCDE2437F1Z5,Fuzzy Supplier 1184,Fuzzy Supplier 1184 Pvt Ltd,INV-01184,INV01184,2026-02-21,2026-02-20,81503,81503,14670.54,14670.54,1,1,2,FUZZY_MATCH
07ABCDE5256F1Z5,07ABCDE5256F1Z5,Fuzzy Supplier 1185,Fuzzy Supplier 1185 Pvt Ltd,INV-01185,inv-01185A,2026-11-06,2026-11-06,60651,60651,10917.18,10918.18,1,1,2,FUZZY_MATCH
07ABCDE9137F1Z5,07ABCDE9137F1Z5,Fuzzy Supplier 1186,Fuzzy Supplier 1186 Pvt Ltd,INV-01186,INV01186,2026-09-20,2026-09-21,99129,99129,17843.22,17842.22,1,1,2,FUZZY_MATCH
07ABCDE4543F1Z5,07ABCDE4543F1Z5,Fuzzy Supplier 1187,Fuzzy Supplier 1187 Pvt Ltd,INV-01187,inv-01187A,2026-07-10,2026-07-11,82050,82050,14769.00,14768.00,1,1,2,FUZZY_MATCH
07ABCDE7756F1Z5,07ABCDE7756F1Z5,Fuzzy Supplier 1188,Fuzzy Supplier 1188 Pvt Ltd,INV-01188,inv-01188,2026-03-21,2026-03-22,24021,24021,4323.78,4323.78,1,1,2,FUZZY_MATCH
07ABCDE1025F1Z5,07ABCDE1025F1Z5,Fuzzy Supplier 1189,Fuzzy Supplier 1189 Pvt Ltd,INV-01189,inv-01189,2026-11-05,2026-11-04,68204,68204,12276.72,12276.72,1,1,2,FUZZY_MATCH
07ABCDE8133F1Z5,07ABCDE8133F1Z5,Fuzzy Supplier 1190,Fuzzy Supplier 1190 Pvt Ltd,INV-01190,INV01190,2026-02-27,2026-02-28,37650,37650,6777.00,6778.00,1,1,2,FUZZY_MATCH
07ABCDE9023F1Z5,07ABCDE9023F1Z5,Fuzzy Supplier 1191,Fuzzy Supplier 1191 Pvt Ltd,INV-01191,inv-01191,2026-06-21,2026-06-22,62151,62151,11187.18,11186.18,1,1,2,FUZZY_MATCH
07ABCDE1067F1Z5,07ABCDE1067F1Z5,Fuzzy Supplier 1192,Fuzzy Supplier 1192 Pvt Ltd,INV-01192,INV01192,2026-11-01,2026-10-31,29546,29546,5318.28,5319.28,1,1,2,FUZZY_MATCH
07ABCDE3640F1Z5,07ABCDE3640F1Z5,Fuzzy Supplier 1193,Fuzzy Supplier 1193 Pvt Ltd,INV-01193,INV01193,2026-06-02,2026-06-03,65866,65866,11855.88,11856.88,1,1,2,FUZZY_MATCH
07ABCDE3786F1Z5,07ABCDE3786F1Z5,Fuzzy Supplier 1194,Fuzzy Supplier 1194 Pvt Ltd,INV-01194,inv-01194,2026-12-28,2026-12-28,64302,64302,11574.36,11575.36,1,1,2,FUZZY_MATCH
07ABCDE3184F1Z5,07ABCDE3184F1Z5,Fuzzy Supplier 1195,Fuzzy Supplier 1195 Pvt Ltd,INV-01195,inv-01195,2026-08-31,2026-08-31,62470,62470,11244.60,11244.60,1,1,2,FUZZY_MATCH
07ABCDE1554F1Z5,07ABCDE1554F1Z5,Fuzzy Supplier 1196,Fuzzy Supplier 1196 Pvt Ltd,INV-01196,INV01196,2026-11-19,2026-11-19,80806,80806,14545.08,14544.08,1,1,2,FUZZY_MATCH
07ABCDE8847F1Z5,07ABCDE8847F1Z5,Fuzzy Supplier 1197,Fuzzy Supplier 1197 Pvt Ltd,INV-01197,inv-01197A,2026-09-17,2026-09-17,29129,29129,5243.22,5243.22,1,1,2,FUZZY_MATCH
07ABCDE5173F1Z5,07ABCDE5173F1Z5,Fuzzy Supplier 1198,Fuzzy Supplier 1198 Pvt Ltd,INV-01198,INV01198,2026-02-22,2026-02-22,22167,22167,3990.06,3991.06,1,1,2,FUZZY_MATCH
07ABCDE7116F1Z5,07ABCDE7116F1Z5,Fuzzy Supplier 1199,Fuzzy Supplier 1199 Pvt Ltd,INV-01199,INV01199,2026-04-06,2026-04-05,67632,67632,12173.76,12173.76,1,1,2,FUZZY_MATCH
07ABCDE4812F1Z5,07ABCDE4812F1Z5,Fuzzy Supplier 1200,Fuzzy Supplier 1200 Pvt Ltd,INV-01200,inv-01200,2026-01-16,2026-01-17,67549,67549,12158.82,12159.82,1,1,2,FUZZY_MATCH
07ABCDE2230F1Z5,07ABCDE2230F1Z5,Fuzzy Supplier 1201,Fuzzy Supplier 1201 Pvt Ltd,INV-01201,INV01201A,2026-10-21,2026-10-22,88166,88166,15869.88,15868.88,1,1,2,FUZZY_MATCH
07ABCDE6899F1Z5,07ABCDE6899F1Z5,Fuzzy Supplier 1202,Fuzzy Supplier 1202 Pvt Ltd,INV-01202,INV01202,2026-08-01,2026-08-01,64486,64486,11607.48,11606.48,1,1,2,FUZZY_MATCH
07ABCDE6657F1Z5,07ABCDE6657F1Z5,Fuzzy Supplier 1203,Fuzzy Supplier 1203 Pvt Ltd,INV-01203,inv-01203,2026-01-03,2026-01-04,17181,17181,3092.58,3091.58,1,1,2,FUZZY_MATCH
07ABCDE4189F1Z5,07ABCDE4189F1Z5,Fuzzy Supplier 1204,Fuzzy Supplier 1204 Pvt Ltd,INV-01204,inv-01204A,2026-02-03,2026-02-02,8149,8149,1466.82,1465.82,1,1,2,FUZZY_MATCH
07ABCDE6375F1Z5,07ABCDE6375F1Z5,Fuzzy Supplier 1205,Fuzzy Supplier 1205 Pvt Ltd,INV-01205,INV01205,2026-01-25,2026-01-26,20670,20670,3720.60,3720.60,1,1,2,FUZZY_MATCH
07ABCDE3721F1Z5,07ABCDE3721F1Z5,Fuzzy Supplier 1206,Fuzzy Supplier 1206 Pvt Ltd,INV-01206,inv-01206A,2026-09-21,2026-09-21,96046,96046,17288.28,17287.28,1,1,2,FUZZY_MATCH
07ABCDE8772F1Z5,07ABCDE8772F1Z5,Fuzzy Supplier 1207,Fuzzy Supplier 1207 Pvt Ltd,INV-01207,inv-01207,2026-03-29,2026-03-28,37137,37137,6684.66,6685.66,1,1,2,FUZZY_MATCH
07ABCDE7953F1Z5,07ABCDE7953F1Z5,Fuzzy Supplier 1208,Fuzzy Supplier 1208 Pvt Ltd,INV-01208,inv-01208,2026-06-09,2026-06-08,92144,92144,16585.92,16585.92,1,1,2,FUZZY_MATCH
07ABCDE4048F1Z5,07ABCDE4048F1Z5,Fuzzy Supplier 1209,Fuzzy Supplier 1209 Pvt Ltd,INV-01209,INV01209,2026-11-05,2026-11-05,3501,3501,630.18,631.18,1,1,2,FUZZY_MATCH
07ABCDE4016F1Z5,07ABCDE4016F1Z5,Fuzzy Supplier 1210,Fuzzy Supplier 1210 Pvt Ltd,INV-01210,inv-01210,2026-11-02,2026-11-02,41408,41408,7453.44,7454.44,1,1,2,FUZZY_MATCH
07ABCDE6470F1Z5,07ABCDE6470F1Z5,Fuzzy Supplier 1211,Fuzzy Supplier 1211 Pvt Ltd,INV-01211,INV01211,2026-05-08,2026-05-09,47190,47190,8494.20,8494.20,1,1,2,FUZZY_MATCH
07ABCDE8404F1Z5,07ABCDE8404F1Z5,Fuzzy Supplier 1212,Fuzzy Supplier 1212 Pvt Ltd,INV-01212,INV01212,2026-06-27,2026-06-26,63262,63262,11387.16,11388.16,1,1,2,FUZZY_MATCH
07ABCDE6750F1Z5,07ABCDE6750F1Z5,Fuzzy Supplier 1213,Fuzzy Supplier 1213 Pvt Ltd,INV-01213,inv-01213A,2026-11-05,2026-11-05,99527,99527,17914.86,17915.86,1,1,2,FUZZY_MATCH
07ABCDE5921F1Z5,07ABCDE5921F1Z5,Fuzzy Supplier 1214,Fuzzy Supplier 1214 Pvt Ltd,INV-01214,inv-01214,2026-09-16,2026-09-15,64414,64414,11594.52,11593.52,1,1,2,FUZZY_MATCH
07ABCDE1651F1Z5,07ABCDE1651F1Z5,Fuzzy Supplier 1215,Fuzzy Supplier 1215 Pvt Ltd,INV-01215,inv-01215,2026-08-31,2026-08-30,69631,69631,12533.58,12534.58,1,1,2,FUZZY_MATCH
07ABCDE4326F1Z5,07ABCDE4326F1Z5,Fuzzy Supplier 1216,Fuzzy Supplier 1216 Pvt Ltd,INV-01216,inv-01216,2026-04-20,2026-04-21,51179,51179,9212.22,9212.22,1,1,2,FUZZY_MATCH
07ABCDE4482F1Z5,07ABCDE4482F1Z5,Fuzzy Supplier 1217,Fuzzy Supplier 1217 Pvt Ltd,INV-01217,INV01217A,2026-08-22,2026-08-22,45332,45332,8159.76,8159.76,1,1,2,FUZZY_MATCH
07ABCDE5356F1Z5,07ABCDE5356F1Z5,Fuzzy Supplier 1218,Fuzzy Supplier 1218 Pvt Ltd,INV-01218,inv-01218,2026-10-06,2026-10-06,11387,11387,2049.66,2049.66,1,1,2,FUZZY_MATCH
07ABCDE3224F1Z5,07ABCDE3224F1Z5,Fuzzy Supplier 1219,Fuzzy Supplier 1219 Pvt Ltd,INV-01219,inv-01219A,2026-01-12,2026-01-12,49234,49234,8862.12,8861.12,1,1,2,FUZZY_MATCH
07ABCDE7105F1Z5,07ABCDE7105F1Z5,Fuzzy Supplier 1220,Fuzzy Supplier 1220 Pvt Ltd,INV-01220,INV01220,2026-11-28,2026-11-27,18163,18163,3269.34,3268.34,1,1,2,FUZZY_MATCH
07ABCDE4373F1Z5,07ABCDE4373F1Z5,Fuzzy Supplier 1221,Fuzzy Supplier 1221 Pvt Ltd,INV-01221,inv-01221,2026-03-03,2026-03-02,12980,12980,2336.40,2335.40,1,1,2,FUZZY_MATCH
07ABCDE1367F1Z5,07ABCDE1367F1Z5,Fuzzy Supplier 1222,Fuzzy Supplier 1222 Pvt Ltd,INV-01222,inv-01222A,2026-01-11,2026-01-11,36965,36965,6653.70,6653.70,1,1,2,FUZZY_MATCH
07ABCDE7050F1Z5,07ABCDE7050F1Z5,Fuzzy Supplier 1223,Fuzzy Supplier 1223 Pvt Ltd,INV-01223,INV01223,2026-01-11,2026-01-12,21794,21794,3922.92,3922.92,1,1,2,FUZZY_MATCH
07ABCDE9177F1Z5,07ABCDE9177F1Z5,Fuzzy Supplier 1224,Fuzzy Supplier 1224 Pvt Ltd,INV-01224,INV01224,2026-02-27,2026-02-28,92458,92458,16642.44,16641.44,1,1,2,FUZZY_MATCH
07ABCDE1947F1Z5,07ABCDE1947F1Z5,Fuzzy Supplier 1225,Fuzzy Supplier 1225 Pvt Ltd,INV-01225,inv-01225,2026-03-05,2026-03-05,65693,65693,11824.74,11824.74,1,1,2,FUZZY_MATCH
07ABCDE2670F1Z5,07ABCDE2670F1Z5,Fuzzy Supplier 1226,Fuzzy Supplier 1226 Pvt Ltd,INV-01226,inv-01226,2026-02-27,2026-02-27,86098,86098,15497.64,15496.64,1,1,2,FUZZY_MATCH
07ABCDE2781F1Z5,07ABCDE2781F1Z5,Fuzzy Supplier 1227,Fuzzy Supplier 1227 Pvt Ltd,INV-01227,inv-01227,2026-05-19,2026-05-18,19307,19307,3475.26,3476.26,1,1,2,FUZZY_MATCH
07ABCDE8799F1Z5,07ABCDE8799F1Z5,Fuzzy Supplier 1228,Fuzzy Supplier 1228 Pvt Ltd,INV-01228,INV01228,2026-06-12,2026-06-12,98410,98410,17713.80,17713.80,1,1,2,FUZZY_MATCH
07ABCDE6872F1Z5,07ABCDE6872F1Z5,Fuzzy Supplier 1229,Fuzzy Supplier 1229 Pvt Ltd,INV-01229,INV01229,2026-12-04,2026-12-04,35345,35345,6362.10,6361.10,1,1,2,FUZZY_MATCH
07ABCDE7439F1Z5,07ABCDE7439F1Z5,Fuzzy Supplier 1230,Fuzzy Supplier 1230 Pvt Ltd,INV-01230,INV01230,2026-12-18,2026-12-17,66714,66714,12008.52,12008.52,1,1,2,FUZZY_MATCH
07ABCDE8463F1Z5,07ABCDE8463F1Z5,Fuzzy Supplier 1231,Fuzzy Supplier 1231 Pvt Ltd,INV-01231,INV01231,2026-01-09,2026-01-09,48520,48520,8733.60,8734.60,1,1,2,FUZZY_MATCH
07ABCDE1127F1Z5,07ABCDE1127F1Z5,Fuzzy Supplier 1232,Fuzzy Supplier 1232 Pvt Ltd,INV-01232,INV01232,2026-09-24,2026-09-24,41786,41786,7521.48,7522.48,1,1,2,FUZZY_MATCH
07ABCDE8831F1Z5,07ABCDE8831F1Z5,Fuzzy Supplier 1233,Fuzzy Supplier 1233 Pvt Ltd,INV-01233,inv-01233A,2026-06-27,2026-06-26,12650,12650,2277.00,2277.00,1,1,2,FUZZY_MATCH
07ABCDE3280F1Z5,07ABCDE3280F1Z5,Fuzzy Supplier 1234,Fuzzy Supplier 1234 Pvt Ltd,INV-01234,inv-01234,2026-12-22,2026-12-22,59286,59286,10671.48,10671.48,1,1,2,FUZZY_MATCH
07ABCDE5819F1Z5,07ABCDE5819F1Z5,Fuzzy Supplier 1235,Fuzzy Supplier 1235 Pvt Ltd,INV-01235,INV01235,2026-07-22,2026-07-23,65665,65665,11819.70,11818.70,1,1,2,FUZZY_MATCH
07ABCDE3795F1Z5,07ABCDE3795F1Z5,Fuzzy Supplier 1236,Fuzzy Supplier 1236 Pvt Ltd,INV-01236,inv-01236,2026-11-20,2026-11-21,57920,57920,10425.60,10424.60,1,1,2,FUZZY_MATCH
07ABCDE9803F1Z5,07ABCDE9803F1Z5,Fuzzy Supplier 1237,Fuzzy Supplier 1237 Pvt Ltd,INV-01237,INV01237,2026-12-20,2026-12-20,46004,46004,8280.72,8281.72,1,1,2,FUZZY_MATCH
07ABCDE5847F1Z5,07ABCDE5847F1Z5,Fuzzy Supplier 1238,Fuzzy Supplier 1238 Pvt Ltd,INV-01238,INV01238A,2026-02-18,2026-02-17,96986,96986,17457.48,17456.48,1,1,2,FUZZY_MATCH
07ABCDE5340F1Z5,07ABCDE5340F1Z5,Fuzzy Supplier 1239,Fuzzy Supplier 1239 Pvt Ltd,INV-01239,INV01239,2026-03-05,2026-03-05,26032,26032,4685.76,4684.76,1,1,2,FUZZY_MATCH
07ABCDE7786F1Z5,07ABCDE7786F1Z5,Fuzzy Supplier 1240,Fuzzy Supplier 1240 Pvt Ltd,INV-01240,INV01240,2026-03-19,2026-03-19,97305,97305,17514.90,17514.90,1,1,2,FUZZY_MATCH
07ABCDE1008F1Z5,07ABCDE1008F1Z5,Fuzzy Supplier 1241,Fuzzy Supplier 1241 Pvt Ltd,INV-01241,inv-01241A,2026-06-28,2026-06-27,2309,2309,415.62,416.62,1,1,2,FUZZY_MATCH
07ABCDE7425F1Z5,07ABCDE7425F1Z5,Fuzzy Supplier 1242,Fuzzy Supplier 1242 Pvt Ltd,INV-01242,inv-01242,2026-05-22,2026-05-21,23217,23217,4179.06,4179.06,1,1,2,FUZZY_MATCH
07ABCDE5656F1Z5,07ABCDE5656F1Z5,Fuzzy Supplier 1243,Fuzzy Supplier 1243 Pvt Ltd,INV-01243,inv-01243,2026-07-22,2026-07-22,35803,35803,6444.54,6443.54,1,1,2,FUZZY_MATCH
07ABCDE2616F1Z5,07ABCDE2616F1Z5,Fuzzy Supplier 1244,Fuzzy Supplier 1244 Pvt Ltd,INV-01244,inv-01244,2026-05-09,2026-05-10,1354,1354,243.72,242.72,1,1,2,FUZZY_MATCH
07ABCDE1591F1Z5,07ABCDE1591F1Z5,Fuzzy Supplier 1245,Fuzzy Supplier 1245 Pvt Ltd,INV-01245,INV01245,2026-11-07,2026-11-06,60868,60868,10956.24,10955.24,1,1,2,FUZZY_MATCH
07ABCDE1251F1Z5,07ABCDE1251F1Z5,Fuzzy Supplier 1246,Fuzzy Supplier 1246 Pvt Ltd,INV-01246,inv-01246,2026-01-03,2026-01-02,21072,21072,3792.96,3791.96,1,1,2,FUZZY_MATCH
07ABCDE6622F1Z5,07ABCDE6622F1Z5,Fuzzy Supplier 1247,Fuzzy Supplier 1247 Pvt Ltd,INV-01247,inv-01247,2026-10-03,2026-10-03,2288,2288,411.84,410.84,1,1,2,FUZZY_MATCH
07ABCDE1727F1Z5,07ABCDE1727F1Z5,Fuzzy Supplier 1248,Fuzzy Supplier 1248 Pvt Ltd,INV-01248,INV01248,2026-09-24,2026-09-23,8944,8944,1609.92,1608.92,1,1,2,FUZZY_MATCH
07ABCDE6105F1Z5,07ABCDE6105F1Z5,Fuzzy Supplier 1249,Fuzzy Supplier 1249 Pvt Ltd,INV-01249,INV01249,2026-03-07,2026-03-07,48468,48468,8724.24,8723.24,1,1,2,FUZZY_MATCH
07ABCDE5020F1Z5,07ABCDE5020F1Z5,Fuzzy Supplier 1250,Fuzzy Supplier 1250 Pvt Ltd,INV-01250,inv-01250,2026-08-14,2026-08-14,14811,14811,2665.98,2664.98,1,1,2,FUZZY_MATCH
07ABCDE6558F1Z5,07ABCDE6558F1Z5,Fuzzy Supplier 1251,Fuzzy Supplier 1251 Pvt Ltd,INV-01251,INV01251,2026-12-23,2026-12-22,70395,70395,12671.10,12670.10,1,1,2,FUZZY_MATCH
07ABCDE9072F1Z5,07ABCDE9072F1Z5,Fuzzy Supplier 1252,Fuzzy Supplier 1252 Pvt Ltd,INV-01252,inv-01252,2026-08-30,2026-08-31,53471,53471,9624.78,9624.78,1,1,2,FUZZY_MATCH
07ABCDE2333F1Z5,07ABCDE2333F1Z5,Fuzzy Supplier 1253,Fuzzy Supplier 1253 Pvt Ltd,INV-01253,INV01253A,2026-09-01,2026-09-01,76530,76530,13775.40,13774.40,1,1,2,FUZZY_MATCH
07ABCDE2872F1Z5,07ABCDE2872F1Z5,Fuzzy Supplier 1254,Fuzzy Supplier 1254 Pvt Ltd,INV-01254,INV01254,2026-05-16,2026-05-16,78673,78673,14161.14,14160.14,1,1,2,FUZZY_MATCH
07ABCDE4565F1Z5,07ABCDE4565F1Z5,Fuzzy Supplier 1255,Fuzzy Supplier 1255 Pvt Ltd,INV-01255,inv-01255,2026-09-15,2026-09-14,73593,73593,13246.74,13246.74,1,1,2,FUZZY_MATCH
07ABCDE8338F1Z5,07ABCDE8338F1Z5,Fuzzy Supplier 1256,Fuzzy Supplier 1256 Pvt Ltd,INV-01256,INV01256,2026-07-06,2026-07-06,87449,87449,15740.82,15739.82,1,1,2,FUZZY_MATCH
07ABCDE2068F1Z5,07ABCDE2068F1Z5,Fuzzy Supplier 1257,Fuzzy Supplier 1257 Pvt Ltd,INV-01257,INV01257,2026-05-28,2026-05-28,20029,20029,3605.22,3604.22,1,1,2,FUZZY_MATCH
07ABCDE7485F1Z5,07ABCDE7485F1Z5,Fuzzy Supplier 1258,Fuzzy Supplier 1258 Pvt Ltd,INV-01258,INV01258,2026-11-15,2026-11-14,85425,85425,15376.50,15376.50,1,1,2,FUZZY_MATCH
07ABCDE6463F1Z5,07ABCDE6463F1Z5,Fuzzy Supplier 1259,Fuzzy Supplier 1259 Pvt Ltd,INV-01259,INV01259,2026-09-14,2026-09-13,40025,40025,7204.50,7204.50,1,1,2,FUZZY_MATCH
07ABCDE8342F1Z5,07ABCDE8342F1Z5,Fuzzy Supplier 1260,Fuzzy Supplier 1260 Pvt Ltd,INV-01260,INV01260,2026-04-30,2026-04-30,55406,55406,9973.08,9973.08,1,1,2,FUZZY_MATCH
07ABCDE6486F1Z5,07ABCDE6486F1Z5,Fuzzy Supplier 1261,Fuzzy Supplier 1261 Pvt Ltd,INV-01261,inv-01261A,2026-09-20,2026-09-21,17755,17755,3195.90,3196.90,1,1,2,FUZZY_MATCH
07ABCDE8004F1Z5,07ABCDE8004F1Z5,Fuzzy Supplier 1262,Fuzzy Supplier 1262 Pvt Ltd,INV-01262,INV01262,2026-06-13,2026-06-14,22091,22091,3976.38,3977.38,1,1,2,FUZZY_MATCH
07ABCDE6313F1Z5,07ABCDE6313F1Z5,Fuzzy Supplier 1263,Fuzzy Supplier 1263 Pvt Ltd,INV-01263,INV01263A,2026-05-30,2026-05-30,36230,36230,6521.40,6520.40,1,1,2,FUZZY_MATCH
07ABCDE3700F1Z5,07ABCDE3700F1Z5,Fuzzy Supplier 1264,Fuzzy Supplier 1264 Pvt Ltd,INV-01264,inv-01264,2026-08-14,2026-08-14,2559,2559,460.62,459.62,1,1,2,FUZZY_MATCH
07ABCDE7112F1Z5,07ABCDE7112F1Z5,Fuzzy Supplier 1265,Fuzzy Supplier 1265 Pvt Ltd,INV-01265,INV01265,2026-03-11,2026-03-12,81910,81910,14743.80,14742.80,1,1,2,FUZZY_MATCH
07ABCDE9294F1Z5,07ABCDE9294F1Z5,Fuzzy Supplier 1266,Fuzzy Supplier 1266 Pvt Ltd,INV-01266,INV01266,2026-04-13,2026-04-13,13670,13670,2460.60,2460.60,1,1,2,FUZZY_MATCH
07ABCDE1699F1Z5,07ABCDE1699F1Z5,Fuzzy Supplier 1267,Fuzzy Supplier 1267 Pvt Ltd,INV-01267,inv-01267A,2026-12-12,2026-12-12,98154,98154,17667.72,17668.72,1,1,2,FUZZY_MATCH
07ABCDE1257F1Z5,07ABCDE1257F1Z5,Fuzzy Supplier 1268,Fuzzy Supplier 1268 Pvt Ltd,INV-01268,inv-01268,2026-11-22,2026-11-22,41485,41485,7467.30,7467.30,1,1,2,FUZZY_MATCH
07ABCDE9038F1Z5,07ABCDE9038F1Z5,Fuzzy Supplier 1269,Fuzzy Supplier 1269 Pvt Ltd,INV-01269,INV01269,2026-09-01,2026-09-01,30249,30249,5444.82,5443.82,1,1,2,FUZZY_MATCH
07ABCDE9246F1Z5,07ABCDE9246F1Z5,Fuzzy Supplier 1270,Fuzzy Supplier 1270 Pvt Ltd,INV-01270,inv-01270,2026-07-04,2026-07-03,67301,67301,12114.18,12115.18,1,1,2,FUZZY_MATCH
07ABCDE8247F1Z5,07ABCDE8247F1Z5,Fuzzy Supplier 1271,Fuzzy Supplier 1271 Pvt Ltd,INV-01271,INV01271,2026-08-07,2026-08-06,10978,10978,1976.04,1975.04,1,1,2,FUZZY_MATCH
07ABCDE8868F1Z5,07ABCDE8868F1Z5,Fuzzy Supplier 1272,Fuzzy Supplier 1272 Pvt Ltd,INV-01272,inv-01272,2026-07-25,2026-07-25,1190,1190,214.20,215.20,1,1,2,FUZZY_MATCH
07ABCDE1363F1Z5,07ABCDE1363F1Z5,Fuzzy Supplier 1273,Fuzzy Supplier 1273 Pvt Ltd,INV-01273,inv-01273,2026-01-15,2026-01-16,16197,16197,2915.46,2916.46,1,1,2,FUZZY_MATCH
07ABCDE6686F1Z5,07ABCDE6686F1Z5,Fuzzy Supplier 1274,Fuzzy Supplier 1274 Pvt Ltd,INV-01274,inv-01274A,2026-08-02,2026-08-03,32701,32701,5886.18,5887.18,1,1,2,FUZZY_MATCH
07ABCDE2901F1Z5,07ABCDE2901F1Z5,Fuzzy Supplier 1275,Fuzzy Supplier 1275 Pvt Ltd,INV-01275,inv-01275A,2026-07-18,2026-07-17,23104,23104,4158.72,4159.72,1,1,2,FUZZY_MATCH
07ABCDE9168F1Z5,07ABCDE9168F1Z5,Fuzzy Supplier 1276,Fuzzy Supplier 1276 Pvt Ltd,INV-01276,inv-01276A,2026-04-06,2026-04-06,8836,8836,1590.48,1591.48,1,1,2,FUZZY_MATCH
07ABCDE2765F1Z5,07ABCDE2765F1Z5,Fuzzy Supplier 1277,Fuzzy Supplier 1277 Pvt Ltd,INV-01277,inv-01277,2026-07-12,2026-07-13,38364,38364,6905.52,6906.52,1,1,2,FUZZY_MATCH
07ABCDE2779F1Z5,07ABCDE2779F1Z5,Fuzzy Supplier 1278,Fuzzy Supplier 1278 Pvt Ltd,INV-01278,inv-01278,2026-10-19,2026-10-20,82123,82123,14782.14,14781.14,1,1,2,FUZZY_MATCH
07ABCDE7673F1Z5,07ABCDE7673F1Z5,Fuzzy Supplier 1279,Fuzzy Supplier 1279 Pvt Ltd,INV-01279,INV01279,2026-06-05,2026-06-05,15693,15693,2824.74,2825.74,1,1,2,FUZZY_MATCH
07ABCDE5334F1Z5,07ABCDE5334F1Z5,Fuzzy Supplier 1280,Fuzzy Supplier 1280 Pvt Ltd,INV-01280,INV01280,2026-01-01,2026-01-01,28789,28789,5182.02,5181.02,1,1,2,FUZZY_MATCH
07ABCDE6531F1Z5,07ABCDE6531F1Z5,Fuzzy Supplier 1281,Fuzzy Supplier 1281 Pvt Ltd,INV-01281,inv-01281A,2026-03-06,2026-03-06,1946,1946,350.28,350.28,1,1,2,FUZZY_MATCH
07ABCDE1053F1Z5,07ABCDE1053F1Z5,Fuzzy Supplier 1282,Fuzzy Supplier 1282 Pvt Ltd,INV-01282,inv-01282,2026-11-30,2026-12-01,48911,48911,8803.98,8802.98,1,1,2,FUZZY_MATCH
07ABCDE3890F1Z5,07ABCDE3890F1Z5,Fuzzy Supplier 1283,Fuzzy Supplier 1283 Pvt Ltd,INV-01283,INV01283,2026-02-16,2026-02-15,29814,29814,5366.52,5366.52,1,1,2,FUZZY_MATCH
07ABCDE2321F1Z5,07ABCDE2321F1Z5,Fuzzy Supplier 1284,Fuzzy Supplier 1284 Pvt Ltd,INV-01284,INV01284A,2026-07-24,2026-07-25,95725,95725,17230.50,17230.50,1,1,2,FUZZY_MATCH
07ABCDE8883F1Z5,07ABCDE8883F1Z5,Fuzzy Supplier 1285,Fuzzy Supplier 1285 Pvt Ltd,INV-01285,inv-01285,2026-04-12,2026-04-12,20409,20409,3673.62,3674.62,1,1,2,FUZZY_MATCH
07ABCDE9652F1Z5,07ABCDE9652F1Z5,Fuzzy Supplier 1286,Fuzzy Supplier 1286 Pvt Ltd,INV-01286,inv-01286,2026-01-08,2026-01-09,70408,70408,12673.44,12673.44,1,1,2,FUZZY_MATCH
07ABCDE8006F1Z5,07ABCDE8006F1Z5,Fuzzy Supplier 1287,Fuzzy Supplier 1287 Pvt Ltd,INV-01287,inv-01287,2026-06-26,2026-06-26,54176,54176,9751.68,9751.68,1,1,2,FUZZY_MATCH
07ABCDE1564F1Z5,07ABCDE1564F1Z5,Fuzzy Supplier 1288,Fuzzy Supplier 1288 Pvt Ltd,INV-01288,INV01288,2026-11-23,2026-11-23,59751,59751,10755.18,10756.18,1,1,2,FUZZY_MATCH
07ABCDE9601F1Z5,07ABCDE9601F1Z5,Fuzzy Supplier 1289,Fuzzy Supplier 1289 Pvt Ltd,INV-01289,INV01289A,2026-02-17,2026-02-17,19099,19099,3437.82,3437.82,1,1,2,FUZZY_MATCH
07ABCDE1174F1Z5,07ABCDE1174F1Z5,Fuzzy Supplier 1290,Fuzzy Supplier 1290 Pvt Ltd,INV-01290,INV01290,2026-12-26,2026-12-26,72738,72738,13092.84,13091.84,1,1,2,FUZZY_MATCH
07ABCDE5506F1Z5,07ABCDE5506F1Z5,Fuzzy Supplier 1291,Fuzzy Supplier 1291 Pvt Ltd,INV-01291,inv-01291,2026-03-25,2026-03-25,13279,13279,2390.22,2391.22,1,1,2,FUZZY_MATCH
07ABCDE8008F1Z5,07ABCDE8008F1Z5,Fuzzy Supplier 1292,Fuzzy Supplier 1292 Pvt Ltd,INV-01292,INV01292,2026-01-06,2026-01-07,22431,22431,4037.58,4037.58,1,1,2,FUZZY_MATCH
07ABCDE6869F1Z5,07ABCDE6869F1Z5,Fuzzy Supplier 1293,Fuzzy Supplier 1293 Pvt Ltd,INV-01293,inv-01293A,2026-10-11,2026-10-10,64970,64970,11694.60,11693.60,1,1,2,FUZZY_MATCH
07ABCDE3041F1Z5,07ABCDE3041F1Z5,Fuzzy Supplier 1294,Fuzzy Supplier 1294 Pvt Ltd,INV-01294,inv-01294,2026-12-16,2026-12-17,62587,62587,11265.66,11266.66,1,1,2,FUZZY_MATCH
07ABCDE5296F1Z5,07ABCDE5296F1Z5,Fuzzy Supplier 1295,Fuzzy Supplier 1295 Pvt Ltd,INV-01295,INV01295,2026-01-31,2026-01-30,49725,49725,8950.50,8951.50,1,1,2,FUZZY_MATCH
07ABCDE4496F1Z5,07ABCDE4496F1Z5,Fuzzy Supplier 1296,Fuzzy Supplier 1296 Pvt Ltd,INV-01296,INV01296A,2026-05-16,2026-05-15,55017,55017,9903.06,9902.06,1,1,2,FUZZY_MATCH
07ABCDE4410F1Z5,07ABCDE4410F1Z5,Fuzzy Supplier 1297,Fuzzy Supplier 1297 Pvt Ltd,INV-01297,INV01297,2026-06-24,2026-06-24,57536,57536,10356.48,10356.48,1,1,2,FUZZY_MATCH
07ABCDE3301F1Z5,07ABCDE3301F1Z5,Fuzzy Supplier 1298,Fuzzy Supplier 1298 Pvt Ltd,INV-01298,INV01298,2026-12-18,2026-12-18,77352,77352,13923.36,13924.36,1,1,2,FUZZY_MATCH
07ABCDE6981F1Z5,07ABCDE6981F1Z5,Fuzzy Supplier 1299,Fuzzy Supplier 1299 Pvt Ltd,INV-01299,INV01299,2026-05-27,2026-05-27,46256,46256,8326.08,8327.08,1,1,2,FUZZY_MATCH
07ABCDE4477F1Z5,07ABCDE4477F1Z5,Fuzzy Supplier 1300,Fuzzy Supplier 1300 Pvt Ltd,INV-01300,INV01300,2026-08-08,2026-08-08,17155,17155,3087.90,3087.90,1,1,2,FUZZY_MATCH
07ABCDE4364F1Z5,07ABCDE4364F1Z5,Fuzzy Supplier 1301,Fuzzy Supplier 1301 Pvt Ltd,INV-01301,inv-01301,2026-02-03,2026-02-02,82582,82582,14864.76,14865.76,1,1,2,FUZZY_MATCH
07ABCDE7235F1Z5,07ABCDE7235F1Z5,Fuzzy Supplier 1302,Fuzzy Supplier 1302 Pvt Ltd,INV-01302,INV01302,2026-10-28,2026-10-29,75662,75662,13619.16,13618.16,1,1,2,FUZZY_MATCH
07ABCDE6624F1Z5,07ABCDE6624F1Z5,Fuzzy Supplier 1303,Fuzzy Supplier 1303 Pvt Ltd,INV-01303,INV01303A,2026-01-02,2026-01-01,40963,40963,7373.34,7374.34,1,1,2,FUZZY_MATCH
07ABCDE2146F1Z5,07ABCDE2146F1Z5,Fuzzy Supplier 1304,Fuzzy Supplier 1304 Pvt Ltd,INV-01304,inv-01304,2026-09-03,2026-09-02,49973,49973,8995.14,8995.14,1,1,2,FUZZY_MATCH
07ABCDE1490F1Z5,07ABCDE1490F1Z5,Fuzzy Supplier 1305,Fuzzy Supplier 1305 Pvt Ltd,INV-01305,inv-01305A,2026-08-09,2026-08-09,76669,76669,13800.42,13799.42,1,1,2,FUZZY_MATCH
07ABCDE3755F1Z5,07ABCDE3755F1Z5,Fuzzy Supplier 1306,Fuzzy Supplier 1306 Pvt Ltd,INV-01306,inv-01306,2026-08-08,2026-08-07,69241,69241,12463.38,12463.38,1,1,2,FUZZY_MATCH
07ABCDE9779F1Z5,07ABCDE9779F1Z5,Fuzzy Supplier 1307,Fuzzy Supplier 1307 Pvt Ltd,INV-01307,INV01307,2026-05-29,2026-05-28,98364,98364,17705.52,17706.52,1,1,2,FUZZY_MATCH
07ABCDE8072F1Z5,07ABCDE8072F1Z5,Fuzzy Supplier 1308,Fuzzy Supplier 1308 Pvt Ltd,INV-01308,INV01308,2026-05-31,2026-05-30,10059,10059,1810.62,1810.62,1,1,2,FUZZY_MATCH
07ABCDE9795F1Z5,07ABCDE9795F1Z5,Fuzzy Supplier 1309,Fuzzy Supplier 1309 Pvt Ltd,INV-01309,INV01309A,2026-06-18,2026-06-18,66452,66452,11961.36,11960.36,1,1,2,FUZZY_MATCH
07ABCDE8906F1Z5,07ABCDE8906F1Z5,Fuzzy Supplier 1310,Fuzzy Supplier 1310 Pvt Ltd,INV-01310,INV01310,2026-07-12,2026-07-12,12317,12317,2217.06,2217.06,1,1,2,FUZZY_MATCH
07ABCDE9429F1Z5,07ABCDE9429F1Z5,Fuzzy Supplier 1311,Fuzzy Supplier 1311 Pvt Ltd,INV-01311,inv-01311,2026-01-17,2026-01-18,7950,7950,1431.00,1432.00,1,1,2,FUZZY_MATCH
07ABCDE6678F1Z5,07ABCDE6678F1Z5,Fuzzy Supplier 1312,Fuzzy Supplier 1312 Pvt Ltd,INV-01312,inv-01312A,2026-12-20,2026-12-20,18850,18850,3393.00,3392.00,1,1,2,FUZZY_MATCH
07ABCDE2342F1Z5,07ABCDE2342F1Z5,Fuzzy Supplier 1313,Fuzzy Supplier 1313 Pvt Ltd,INV-01313,inv-01313,2026-04-02,2026-04-02,58252,58252,10485.36,10484.36,1,1,2,FUZZY_MATCH
07ABCDE4661F1Z5,07ABCDE4661F1Z5,Fuzzy Supplier 1314,Fuzzy Supplier 1314 Pvt Ltd,INV-01314,INV01314,2026-01-25,2026-01-25,75236,75236,13542.48,13541.48,1,1,2,FUZZY_MATCH
07ABCDE4764F1Z5,07ABCDE4764F1Z5,Fuzzy Supplier 1315,Fuzzy Supplier 1315 Pvt Ltd,INV-01315,inv-01315,2026-11-08,2026-11-08,38224,38224,6880.32,6881.32,1,1,2,FUZZY_MATCH
07ABCDE2242F1Z5,07ABCDE2242F1Z5,Fuzzy Supplier 1316,Fuzzy Supplier 1316 Pvt Ltd,INV-01316,INV01316,2026-06-10,2026-06-09,76182,76182,13712.76,13712.76,1,1,2,FUZZY_MATCH
07ABCDE6694F1Z5,07ABCDE6694F1Z5,Fuzzy Supplier 1317,Fuzzy Supplier 1317 Pvt Ltd,INV-01317,INV01317,2026-06-27,2026-06-28,32594,32594,5866.92,5867.92,1,1,2,FUZZY_MATCH
07ABCDE2461F1Z5,07ABCDE2461F1Z5,Fuzzy Supplier 1318,Fuzzy Supplier 1318 Pvt Ltd,INV-01318,INV01318,2026-09-28,2026-09-28,27140,27140,4885.20,4886.20,1,1,2,FUZZY_MATCH
07ABCDE9848F1Z5,07ABCDE9848F1Z5,Fuzzy Supplier 1319,Fuzzy Supplier 1319 Pvt Ltd,INV-01319,inv-01319A,2026-11-21,2026-11-21,97803,97803,17604.54,17604.54,1,1,2,FUZZY_MATCH
07ABCDE8294F1Z5,07ABCDE8294F1Z5,Fuzzy Supplier 1320,Fuzzy Supplier 1320 Pvt Ltd,INV-01320,INV01320A,2026-10-04,2026-10-04,5338,5338,960.84,960.84,1,1,2,FUZZY_MATCH
07ABCDE6659F1Z5,07ABCDE6659F1Z5,Fuzzy Supplier 1321,Fuzzy Supplier 1321 Pvt Ltd,INV-01321,inv-01321,2026-09-29,2026-09-28,5971,5971,1074.78,1073.78,1,1,2,FUZZY_MATCH
07ABCDE2123F1Z5,07ABCDE2123F1Z5,Fuzzy Supplier 1322,Fuzzy Supplier 1322 Pvt Ltd,INV-01322,inv-01322,2026-01-01,2026-01-02,94609,94609,17029.62,17028.62,1,1,2,FUZZY_MATCH
07ABCDE4428F1Z5,07ABCDE4428F1Z5,Fuzzy Supplier 1323,Fuzzy Supplier 1323 Pvt Ltd,INV-01323,INV01323,2026-04-27,2026-04-28,72989,72989,13138.02,13137.02,1,1,2,FUZZY_MATCH
07ABCDE4589F1Z5,07ABCDE4589F1Z5,Fuzzy Supplier 1324,Fuzzy Supplier 1324 Pvt Ltd,INV-01324,INV01324A,2026-12-16,2026-12-15,44166,44166,7949.88,7948.88,1,1,2,FUZZY_MATCH
07ABCDE7137F1Z5,07ABCDE7137F1Z5,Fuzzy Supplier 1325,Fuzzy Supplier 1325 Pvt Ltd,INV-01325,INV01325,2026-04-18,2026-04-19,88142,88142,15865.56,15866.56,1,1,2,FUZZY_MATCH
07ABCDE7169F1Z5,07ABCDE7169F1Z5,Fuzzy Supplier 1326,Fuzzy Supplier 1326 Pvt Ltd,INV-01326,inv-01326,2026-02-11,2026-02-12,77964,77964,14033.52,14033.52,1,1,2,FUZZY_MATCH
07ABCDE3918F1Z5,07ABCDE3918F1Z5,Fuzzy Supplier 1327,Fuzzy Supplier 1327 Pvt Ltd,INV-01327,inv-01327,2026-02-04,2026-02-04,48433,48433,8717.94,8717.94,1,1,2,FUZZY_MATCH
07ABCDE2872F1Z5,07ABCDE2872F1Z5,Fuzzy Supplier 1328,Fuzzy Supplier 1328 Pvt Ltd,INV-01328,inv-01328,2026-07-15,2026-07-15,60612,60612,10910.16,10909.16,1,1,2,FUZZY_MATCH
07ABCDE3738F1Z5,07ABCDE3738F1Z5,Fuzzy Supplier 1329,Fuzzy Supplier 1329 Pvt Ltd,INV-01329,inv-01329A,2026-12-24,2026-12-23,52924,52924,9526.32,9526.32,1,1,2,FUZZY_MATCH
07ABCDE5542F1Z5,07ABCDE5542F1Z5,Fuzzy Supplier 1330,Fuzzy Supplier 1330 Pvt Ltd,INV-01330,inv-01330A,2026-05-19,2026-05-18,72421,72421,13035.78,13036.78,1,1,2,FUZZY_MATCH
07ABCDE7318F1Z5,07ABCDE7318F1Z5,Fuzzy Supplier 1331,Fuzzy Supplier 1331 Pvt Ltd,INV-01331,INV01331,2026-02-20,2026-02-20,30731,30731,5531.58,5530.58,1,1,2,FUZZY_MATCH
07ABCDE8106F1Z5,07ABCDE8106F1Z5,Fuzzy Supplier 1332,Fuzzy Supplier 1332 Pvt Ltd,INV-01332,INV01332,2026-04-22,2026-04-22,12330,12330,2219.40,2218.40,1,1,2,FUZZY_MATCH
07ABCDE4341F1Z5,07ABCDE4341F1Z5,Fuzzy Supplier 1333,Fuzzy Supplier 1333 Pvt Ltd,INV-01333,inv-01333A,2026-08-11,2026-08-11,54132,54132,9743.76,9744.76,1,1,2,FUZZY_MATCH
07ABCDE1117F1Z5,07ABCDE1117F1Z5,Fuzzy Supplier 1334,Fuzzy Supplier 1334 Pvt Ltd,INV-01334,inv-01334,2026-02-10,2026-02-10,12488,12488,2247.84,2248.84,1,1,2,FUZZY_MATCH
07ABCDE3574F1Z5,07ABCDE3574F1Z5,Fuzzy Supplier 1335,Fuzzy Supplier 1335 Pvt Ltd,INV-01335,INV01335,2026-02-27,2026-02-26,42726,42726,7690.68,7691.68,1,1,2,FUZZY_MATCH
07ABCDE3903F1Z5,07ABCDE3903F1Z5,Fuzzy Supplier 1336,Fuzzy Supplier 1336 Pvt Ltd,INV-01336,INV01336,2026-06-10,2026-06-11,38950,38950,7011.00,7011.00,1,1,2,FUZZY_MATCH
07ABCDE8505F1Z5,07ABCDE8505F1Z5,Fuzzy Supplier 1337,Fuzzy Supplier 1337 Pvt Ltd,INV-01337,inv-01337A,2026-05-22,2026-05-21,7711,7711,1387.98,1387.98,1,1,2,FUZZY_MATCH
07ABCDE8176F1Z5,07ABCDE8176F1Z5,Fuzzy Supplier 1338,Fuzzy Supplier 1338 Pvt Ltd,INV-01338,INV01338,2026-10-03,2026-10-03,2030,2030,365.40,366.40,1,1,2,FUZZY_MATCH
07ABCDE3470F1Z5,07ABCDE3470F1Z5,Fuzzy Supplier 1339,Fuzzy Supplier 1339 Pvt Ltd,INV-01339,inv-01339A,2026-10-20,2026-10-20,44658,44658,8038.44,8038.44,1,1,2,FUZZY_MATCH
07ABCDE4693F1Z5,07ABCDE4693F1Z5,Fuzzy Supplier 1340,Fuzzy Supplier 1340 Pvt Ltd,INV-01340,inv-01340,2026-01-06,2026-01-06,23531,23531,4235.58,4236.58,1,1,2,FUZZY_MATCH
07ABCDE5499F1Z5,07ABCDE5499F1Z5,Fuzzy Supplier 1341,Fuzzy Supplier 1341 Pvt Ltd,INV-01341,inv-01341A,2026-05-28,2026-05-27,62157,62157,11188.26,11187.26,1,1,2,FUZZY_MATCH
07ABCDE4715F1Z5,07ABCDE4715F1Z5,Fuzzy Supplier 1342,Fuzzy Supplier 1342 Pvt Ltd,INV-01342,INV01342,2026-05-26,2026-05-25,80654,80654,14517.72,14517.72,1,1,2,FUZZY_MATCH
07ABCDE4652F1Z5,07ABCDE4652F1Z5,Fuzzy Supplier 1343,Fuzzy Supplier 1343 Pvt Ltd,INV-01343,INV01343,2026-04-11,2026-04-10,50289,50289,9052.02,9051.02,1,1,2,FUZZY_MATCH
07ABCDE8502F1Z5,07ABCDE8502F1Z5,Fuzzy Supplier 1344,Fuzzy Supplier 1344 Pvt Ltd,INV-01344,inv-01344,2026-05-13,2026-05-12,30624,30624,5512.32,5513.32,1,1,2,FUZZY_MATCH
07ABCDE7429F1Z5,07ABCDE7429F1Z5,Fuzzy Supplier 1345,Fuzzy Supplier 1345 Pvt Ltd,INV-01345,INV01345A,2026-09-09,2026-09-08,17482,17482,3146.76,3147.76,1,1,2,FUZZY_MATCH
07ABCDE9203F1Z5,07ABCDE9203F1Z5,Fuzzy Supplier 1346,Fuzzy Supplier 1346 Pvt Ltd,INV-01346,inv-01346,2026-03-28,2026-03-27,30924,30924,5566.32,5565.32,1,1,2,FUZZY_MATCH
07ABCDE8227F1Z5,07ABCDE8227F1Z5,Fuzzy Supplier 1347,Fuzzy Supplier 1347 Pvt Ltd,INV-01347,INV01347A,2026-05-25,2026-05-25,6549,6549,1178.82,1178.82,1,1,2,FUZZY_MATCH
07ABCDE4305F1Z5,07ABCDE4305F1Z5,Fuzzy Supplier 1348,Fuzzy Supplier 1348 Pvt Ltd,INV-01348,inv-01348,2026-11-23,2026-11-23,33831,33831,6089.58,6089.58,1,1,2,FUZZY_MATCH
07ABCDE8880F1Z5,07ABCDE8880F1Z5,Fuzzy Supplier 1349,Fuzzy Supplier 1349 Pvt Ltd,INV-01349,INV01349,2026-05-04,2026-05-05,36056,36056,6490.08,6490.08,1,1,2,FUZZY_MATCH
07ABCDE1739F1Z5,07ABCDE1739F1Z5,Fuzzy Supplier 1350,Fuzzy Supplier 1350 Pvt Ltd,INV-01350,inv-01350A,2026-05-08,2026-05-07,14306,14306,2575.08,2575.08,1,1,2,FUZZY_MATCH
07ABCDE4226F1Z5,07ABCDE4226F1Z5,Fuzzy Supplier 1351,Fuzzy Supplier 1351 Pvt Ltd,INV-01351,INV01351,2026-09-23,2026-09-23,3308,3308,595.44,594.44,1,1,2,FUZZY_MATCH
07ABCDE3347F1Z5,07ABCDE3347F1Z5,Fuzzy Supplier 1352,Fuzzy Supplier 1352 Pvt Ltd,INV-01352,INV01352,2026-02-23,2026-02-23,67373,67373,12127.14,12128.14,1,1,2,FUZZY_MATCH
07ABCDE6331F1Z5,07ABCDE6331F1Z5,Fuzzy Supplier 1353,Fuzzy Supplier 1353 Pvt Ltd,INV-01353,inv-01353,2026-02-13,2026-02-13,81420,81420,14655.60,14656.60,1,1,2,FUZZY_MATCH
07ABCDE9090F1Z5,07ABCDE9090F1Z5,Fuzzy Supplier 1354,Fuzzy Supplier 1354 Pvt Ltd,INV-01354,INV01354,2026-07-17,2026-07-18,94933,94933,17087.94,17086.94,1,1,2,FUZZY_MATCH
07ABCDE9914F1Z5,07ABCDE9914F1Z5,Fuzzy Supplier 1355,Fuzzy Supplier 1355 Pvt Ltd,INV-01355,INV01355,2026-11-13,2026-11-14,13659,13659,2458.62,2457.62,1,1,2,FUZZY_MATCH
07ABCDE7360F1Z5,07ABCDE7360F1Z5,Fuzzy Supplier 1356,Fuzzy Supplier 1356 Pvt Ltd,INV-01356,INV01356A,2026-02-05,2026-02-05,26190,26190,4714.20,4713.20,1,1,2,FUZZY_MATCH
07ABCDE9015F1Z5,07ABCDE9015F1Z5,Fuzzy Supplier 1357,Fuzzy Supplier 1357 Pvt Ltd,INV-01357,INV01357A,2026-04-06,2026-04-06,37814,37814,6806.52,6805.52,1,1,2,FUZZY_MATCH
07ABCDE5013F1Z5,07ABCDE5013F1Z5,Fuzzy Supplier 1358,Fuzzy Supplier 1358 Pvt Ltd,INV-01358,inv-01358,2026-07-16,2026-07-16,9196,9196,1655.28,1654.28,1,1,2,FUZZY_MATCH
07ABCDE3311F1Z5,07ABCDE3311F1Z5,Fuzzy Supplier 1359,Fuzzy Supplier 1359 Pvt Ltd,INV-01359,INV01359,2026-07-13,2026-07-14,26942,26942,4849.56,4850.56,1,1,2,FUZZY_MATCH
07ABCDE2905F1Z5,07ABCDE2905F1Z5,Fuzzy Supplier 1360,Fuzzy Supplier 1360 Pvt Ltd,INV-01360,INV01360,2026-01-14,2026-01-14,56833,56833,10229.94,10229.94,1,1,2,FUZZY_MATCH
07ABCDE4064F1Z5,07ABCDE4064F1Z5,Fuzzy Supplier 1361,Fuzzy Supplier 1361 Pvt Ltd,INV-01361,inv-01361A,2026-11-28,2026-11-27,21299,21299,3833.82,3832.82,1,1,2,FUZZY_MATCH
07ABCDE3140F1Z5,07ABCDE3140F1Z5,Fuzzy Supplier 1362,Fuzzy Supplier 1362 Pvt Ltd,INV-01362,INV01362A,2026-07-11,2026-07-10,21185,21185,3813.30,3812.30,1,1,2,FUZZY_MATCH
07ABCDE3272F1Z5,07ABCDE3272F1Z5,Fuzzy Supplier 1363,Fuzzy Supplier 1363 Pvt Ltd,INV-01363,inv-01363,2026-06-24,2026-06-24,47297,47297,8513.46,8513.46,1,1,2,FUZZY_MATCH
07ABCDE3384F1Z5,07ABCDE3384F1Z5,Fuzzy Supplier 1364,Fuzzy Supplier 1364 Pvt Ltd,INV-01364,inv-01364,2026-08-02,2026-08-02,99933,99933,17987.94,17986.94,1,1,2,FUZZY_MATCH
07ABCDE4451F1Z5,07ABCDE4451F1Z5,Fuzzy Supplier 1365,Fuzzy Supplier 1365 Pvt Ltd,INV-01365,inv-01365A,2026-08-04,2026-08-03,79958,79958,14392.44,14391.44,1,1,2,FUZZY_MATCH
07ABCDE8220F1Z5,07ABCDE8220F1Z5,Fuzzy Supplier 1366,Fuzzy Supplier 1366 Pvt Ltd,INV-01366,INV01366,2026-01-13,2026-01-14,8670,8670,1560.60,1561.60,1,1,2,FUZZY_MATCH
07ABCDE1799F1Z5,07ABCDE1799F1Z5,Fuzzy Supplier 1367,Fuzzy Supplier 1367 Pvt Ltd,INV-01367,INV01367,2026-04-30,2026-04-29,97724,97724,17590.32,17591.32,1,1,2,FUZZY_MATCH
07ABCDE5826F1Z5,07ABCDE5826F1Z5,Fuzzy Supplier 1368,Fuzzy Supplier 1368 Pvt Ltd,INV-01368,INV01368,2026-04-24,2026-04-24,88729,88729,15971.22,15970.22,1,1,2,FUZZY_MATCH
07ABCDE9605F1Z5,07ABCDE9605F1Z5,Fuzzy Supplier 1369,Fuzzy Supplier 1369 Pvt Ltd,INV-01369,inv-01369,2026-09-07,2026-09-06,41301,41301,7434.18,7435.18,1,1,2,FUZZY_MATCH
07ABCDE5305F1Z5,07ABCDE5305F1Z5,Fuzzy Supplier 1370,Fuzzy Supplier 1370 Pvt Ltd,INV-01370,INV01370,2026-01-06,2026-01-05,86214,86214,15518.52,15519.52,1,1,2,FUZZY_MATCH
07ABCDE5138F1Z5,07ABCDE5138F1Z5,Fuzzy Supplier 1371,Fuzzy Supplier 1371 Pvt Ltd,INV-01371,inv-01371,2026-10-15,2026-10-15,66870,66870,12036.60,12035.60,1,1,2,FUZZY_MATCH
07ABCDE6559F1Z5,07ABCDE6559F1Z5,Fuzzy Supplier 1372,Fuzzy Supplier 1372 Pvt Ltd,INV-01372,INV01372A,2026-12-03,2026-12-03,66323,66323,11938.14,11938.14,1,1,2,FUZZY_MATCH
07ABCDE3782F1Z5,07ABCDE3782F1Z5,Fuzzy Supplier 1373,Fuzzy Supplier 1373 Pvt Ltd,INV-01373,inv-01373,2026-04-15,2026-04-15,76207,76207,13717.26,13716.26,1,1,2,FUZZY_MATCH
07ABCDE7042F1Z5,07ABCDE7042F1Z5,Fuzzy Supplier 1374,Fuzzy Supplier 1374 Pvt Ltd,INV-01374,inv-01374,2026-07-13,2026-07-13,37907,37907,6823.26,6822.26,1,1,2,FUZZY_MATCH
07ABCDE7995F1Z5,07ABCDE7995F1Z5,Fuzzy Supplier 1375,Fuzzy Supplier 1375 Pvt Ltd,INV-01375,inv-01375,2026-11-25,2026-11-26,83825,83825,15088.50,15089.50,1,1,2,FUZZY_MATCH
07ABCDE6500F1Z5,07ABCDE6500F1Z5,Fuzzy Supplier 1376,Fuzzy Supplier 1376 Pvt Ltd,INV-01376,inv-01376,2026-05-12,2026-05-12,86318,86318,15537.24,15538.24,1,1,2,FUZZY_MATCH
07ABCDE3531F1Z5,07ABCDE3531F1Z5,Fuzzy Supplier 1377,Fuzzy Supplier 1377 Pvt Ltd,INV-01377,inv-01377,2026-04-09,2026-04-09,31014,31014,5582.52,5583.52,1,1,2,FUZZY_MATCH
07ABCDE8218F1Z5,07ABCDE8218F1Z5,Fuzzy Supplier 1378,Fuzzy Supplier 1378 Pvt Ltd,INV-01378,inv-01378,2026-05-25,2026-05-26,6822,6822,1227.96,1227.96,1,1,2,FUZZY_MATCH
07ABCDE8602F1Z5,07ABCDE8602F1Z5,Fuzzy Supplier 1379,Fuzzy Supplier 1379 Pvt Ltd,INV-01379,INV01379,2026-06-10,2026-06-09,5766,5766,1037.88,1037.88,1,1,2,FUZZY_MATCH
07ABCDE6316F1Z5,07ABCDE6316F1Z5,Fuzzy Supplier 1380,Fuzzy Supplier 1380 Pvt Ltd,INV-01380,INV01380,2026-06-24,2026-06-24,17312,17312,3116.16,3117.16,1,1,2,FUZZY_MATCH
07ABCDE7616F1Z5,07ABCDE7616F1Z5,Fuzzy Supplier 1381,Fuzzy Supplier 1381 Pvt Ltd,INV-01381,INV01381,2026-06-14,2026-06-15,61895,61895,11141.10,11142.10,1,1,2,FUZZY_MATCH
07ABCDE9499F1Z5,07ABCDE9499F1Z5,Fuzzy Supplier 1382,Fuzzy Supplier 1382 Pvt Ltd,INV-01382,inv-01382,2026-12-17,2026-12-17,86608,86608,15589.44,15588.44,1,1,2,FUZZY_MATCH
07ABCDE4525F1Z5,07ABCDE4525F1Z5,Fuzzy Supplier 1383,Fuzzy Supplier 1383 Pvt Ltd,INV-01383,inv-01383,2026-03-20,2026-03-21,53638,53638,9654.84,9654.84,1,1,2,FUZZY_MATCH
07ABCDE3869F1Z5,07ABCDE3869F1Z5,Fuzzy Supplier 1384,Fuzzy Supplier 1384 Pvt Ltd,INV-01384,inv-01384,2026-09-05,2026-09-05,11045,11045,1988.10,1988.10,1,1,2,FUZZY_MATCH
07ABCDE7435F1Z5,07ABCDE7435F1Z5,Fuzzy Supplier 1385,Fuzzy Supplier 1385 Pvt Ltd,INV-01385,INV01385,2026-11-16,2026-11-17,63183,63183,11372.94,11372.94,1,1,2,FUZZY_MATCH
07ABCDE3324F1Z5,07ABCDE3324F1Z5,Fuzzy Supplier 1386,Fuzzy Supplier 1386 Pvt Ltd,INV-01386,inv-01386,2026-05-23,2026-05-23,73934,73934,13308.12,13307.12,1,1,2,FUZZY_MATCH
07ABCDE1087F1Z5,07ABCDE1087F1Z5,Fuzzy Supplier 1387,Fuzzy Supplier 1387 Pvt Ltd,INV-01387,inv-01387,2026-10-20,2026-10-20,50619,50619,9111.42,9110.42,1,1,2,FUZZY_MATCH
07ABCDE8856F1Z5,07ABCDE8856F1Z5,Fuzzy Supplier 1388,Fuzzy Supplier 1388 Pvt Ltd,INV-01388,inv-01388,2026-05-15,2026-05-15,45043,45043,8107.74,8108.74,1,1,2,FUZZY_MATCH
07ABCDE3683F1Z5,07ABCDE3683F1Z5,Fuzzy Supplier 1389,Fuzzy Supplier 1389 Pvt Ltd,INV-01389,INV01389,2026-11-22,2026-11-22,26569,26569,4782.42,4783.42,1,1,2,FUZZY_MATCH
07ABCDE9618F1Z5,07ABCDE9618F1Z5,Fuzzy Supplier 1390,Fuzzy Supplier 1390 Pvt Ltd,INV-01390,INV01390,2026-10-16,2026-10-16,15585,15585,2805.30,2805.30,1,1,2,FUZZY_MATCH
07ABCDE6091F1Z5,07ABCDE6091F1Z5,Fuzzy Supplier 1391,Fuzzy Supplier 1391 Pvt Ltd,INV-01391,inv-01391,2026-12-20,2026-12-19,43904,43904,7902.72,7901.72,1,1,2,FUZZY_MATCH
07ABCDE7706F1Z5,07ABCDE7706F1Z5,Fuzzy Supplier 1392,Fuzzy Supplier 1392 Pvt Ltd,INV-01392,INV01392A,2026-12-17,2026-12-17,83106,83106,14959.08,14958.08,1,1,2,FUZZY_MATCH
07ABCDE8382F1Z5,07ABCDE8382F1Z5,Fuzzy Supplier 1393,Fuzzy Supplier 1393 Pvt Ltd,INV-01393,inv-01393,2026-04-01,2026-04-01,47000,47000,8460.00,8461.00,1,1,2,FUZZY_MATCH
07ABCDE7270F1Z5,07ABCDE7270F1Z5,Fuzzy Supplier 1394,Fuzzy Supplier 1394 Pvt Ltd,INV-01394,INV01394,2026-05-04,2026-05-04,75022,75022,13503.96,13502.96,1,1,2,FUZZY_MATCH
07ABCDE3644F1Z5,07ABCDE3644F1Z5,Fuzzy Supplier 1395,Fuzzy Supplier 1395 Pvt Ltd,INV-01395,INV01395,2026-08-28,2026-08-28,52285,52285,9411.30,9410.30,1,1,2,FUZZY_MATCH
07ABCDE7006F1Z5,07ABCDE7006F1Z5,Fuzzy Supplier 1396,Fuzzy Supplier 1396 Pvt Ltd,INV-01396,inv-01396A,2026-03-25,2026-03-24,68796,68796,12383.28,12383.28,1,1,2,FUZZY_MATCH
07ABCDE6811F1Z5,07ABCDE6811F1Z5,Fuzzy Supplier 1397,Fuzzy Supplier 1397 Pvt Ltd,INV-01397,INV01397,2026-07-20,2026-07-21,35422,35422,6375.96,6375.96,1,1,2,FUZZY_MATCH
07ABCDE9976F1Z5,07ABCDE9976F1Z5,Fuzzy Supplier 1398,Fuzzy Supplier 1398 Pvt Ltd,INV-01398,INV01398,2026-07-31,2026-08-01,94864,94864,17075.52,17074.52,1,1,2,FUZZY_MATCH
07ABCDE8484F1Z5,07ABCDE8484F1Z5,Fuzzy Supplier 1399,Fuzzy Supplier 1399 Pvt Ltd,INV-01399,INV01399,2026-04-06,2026-04-06,78162,78162,14069.16,14070.16,1,1,2,FUZZY_MATCH
07ABCDE7403F1Z5,07ABCDE7403F1Z5,Fuzzy Supplier 1400,Fuzzy Supplier 1400 Pvt Ltd,INV-01400,INV01400,2026-03-13,2026-03-12,93884,93884,16899.12,16898.12,1,1,2,FUZZY_MATCH
07ABCDE5280F1Z5,07ABCDE5280F1Z5,Fuzzy Supplier 1401,Fuzzy Supplier 1401 Pvt Ltd,INV-01401,inv-01401,2026-03-28,2026-03-28,33625,33625,6052.50,6051.50,1,1,2,FUZZY_MATCH
07ABCDE3994F1Z5,07ABCDE3994F1Z5,Fuzzy Supplier 1402,Fuzzy Supplier 1402 Pvt Ltd,INV-01402,inv-01402,2026-05-11,2026-05-11,73779,73779,13280.22,13279.22,1,1,2,FUZZY_MATCH
07ABCDE9483F1Z5,07ABCDE9483F1Z5,Fuzzy Supplier 1403,Fuzzy Supplier 1403 Pvt Ltd,INV-01403,INV01403A,2026-05-29,2026-05-29,30583,30583,5504.94,5505.94,1,1,2,FUZZY_MATCH
07ABCDE7533F1Z5,07ABCDE7533F1Z5,Fuzzy Supplier 1404,Fuzzy Supplier 1404 Pvt Ltd,INV-01404,inv-01404,2026-05-18,2026-05-17,21507,21507,3871.26,3871.26,1,1,2,FUZZY_MATCH
07ABCDE3419F1Z5,07ABCDE3419F1Z5,Fuzzy Supplier 1405,Fuzzy Supplier 1405 Pvt Ltd,INV-01405,inv-01405A,2026-06-26,2026-06-26,26062,26062,4691.16,4691.16,1,1,2,FUZZY_MATCH
07ABCDE8397F1Z5,07ABCDE8397F1Z5,Fuzzy Supplier 1406,Fuzzy Supplier 1406 Pvt Ltd,INV-01406,inv-01406A,2026-05-17,2026-05-16,3197,3197,575.46,574.46,1,1,2,FUZZY_MATCH
07ABCDE1269F1Z5,07ABCDE1269F1Z5,Fuzzy Supplier 1407,Fuzzy Supplier 1407 Pvt Ltd,INV-01407,inv-01407,2026-07-20,2026-07-20,61079,61079,10994.22,10995.22,1,1,2,FUZZY_MATCH
07ABCDE1186F1Z5,07ABCDE1186F1Z5,Fuzzy Supplier 1408,Fuzzy Supplier 1408 Pvt Ltd,INV-01408,inv-01408,2026-09-19,2026-09-19,33131,33131,5963.58,5962.58,1,1,2,FUZZY_MATCH
07ABCDE5955F1Z5,07ABCDE5955F1Z5,Fuzzy Supplier 1409,Fuzzy Supplier 1409 Pvt Ltd,INV-01409,INV01409,2026-06-13,2026-06-13,97848,97848,17612.64,17613.64,1,1,2,FUZZY_MATCH
07ABCDE1740F1Z5,07ABCDE1740F1Z5,Fuzzy Supplier 1410,Fuzzy Supplier 1410 Pvt Ltd,INV-01410,inv-01410,2026-04-21,2026-04-22,35299,35299,6353.82,6354.82,1,1,2,FUZZY_MATCH
07ABCDE4578F1Z5,07ABCDE4578F1Z5,Fuzzy Supplier 1411,Fuzzy Supplier 1411 Pvt Ltd,INV-01411,inv-01411,2026-06-17,2026-06-17,85023,85023,15304.14,15303.14,1,1,2,FUZZY_MATCH
07ABCDE4471F1Z5,07ABCDE4471F1Z5,Fuzzy Supplier 1412,Fuzzy Supplier 1412 Pvt Ltd,INV-01412,INV01412,2026-06-22,2026-06-21,66545,66545,11978.10,11977.10,1,1,2,FUZZY_MATCH
07ABCDE1163F1Z5,07ABCDE1163F1Z5,Fuzzy Supplier 1413,Fuzzy Supplier 1413 Pvt Ltd,INV-01413,inv-01413,2026-05-29,2026-05-29,94156,94156,16948.08,16948.08,1,1,2,FUZZY_MATCH
07ABCDE8615F1Z5,07ABCDE8615F1Z5,Fuzzy Supplier 1414,Fuzzy Supplier 1414 Pvt Ltd,INV-01414,INV01414,2026-03-13,2026-03-13,59345,59345,10682.10,10682.10,1,1,2,FUZZY_MATCH
07ABCDE2485F1Z5,07ABCDE2485F1Z5,Fuzzy Supplier 1415,Fuzzy Supplier 1415 Pvt Ltd,INV-01415,inv-01415,2026-05-25,2026-05-24,67277,67277,12109.86,12110.86,1,1,2,FUZZY_MATCH
07ABCDE8677F1Z5,07ABCDE8677F1Z5,Fuzzy Supplier 1416,Fuzzy Supplier 1416 Pvt Ltd,INV-01416,INV01416A,2026-09-15,2026-09-14,75544,75544,13597.92,13597.92,1,1,2,FUZZY_MATCH
07ABCDE1220F1Z5,07ABCDE1220F1Z5,Fuzzy Supplier 1417,Fuzzy Supplier 1417 Pvt Ltd,INV-01417,inv-01417A,2026-07-15,2026-07-15,94972,94972,17094.96,17093.96,1,1,2,FUZZY_MATCH
07ABCDE7166F1Z5,07ABCDE7166F1Z5,Fuzzy Supplier 1418,Fuzzy Supplier 1418 Pvt Ltd,INV-01418,inv-01418,2026-01-04,2026-01-03,12047,12047,2168.46,2169.46,1,1,2,FUZZY_MATCH
07ABCDE5738F1Z5,07ABCDE5738F1Z5,Fuzzy Supplier 1419,Fuzzy Supplier 1419 Pvt Ltd,INV-01419,inv-01419,2026-12-02,2026-12-03,98462,98462,17723.16,17722.16,1,1,2,FUZZY_MATCH
07ABCDE6410F1Z5,07ABCDE6410F1Z5,Fuzzy Supplier 1420,Fuzzy Supplier 1420 Pvt Ltd,INV-01420,INV01420,2026-05-02,2026-05-01,63050,63050,11349.00,11348.00,1,1,2,FUZZY_MATCH
07ABCDE4973F1Z5,07ABCDE4973F1Z5,Fuzzy Supplier 1421,Fuzzy Supplier 1421 Pvt Ltd,INV-01421,INV01421,2026-06-29,2026-06-29,6056,6056,1090.08,1091.08,1,1,2,FUZZY_MATCH
07ABCDE5926F1Z5,07ABCDE5926F1Z5,Fuzzy Supplier 1422,Fuzzy Supplier 1422 Pvt Ltd,INV-01422,INV01422,2026-11-18,2026-11-19,5731,5731,1031.58,1032.58,1,1,2,FUZZY_MATCH
07ABCDE5800F1Z5,07ABCDE5800F1Z5,Fuzzy Supplier 1423,Fuzzy Supplier 1423 Pvt Ltd,INV-01423,INV01423,2026-04-01,2026-04-01,37305,37305,6714.90,6713.90,1,1,2,FUZZY_MATCH
07ABCDE1089F1Z5,07ABCDE1089F1Z5,Fuzzy Supplier 1424,Fuzzy Supplier 1424 Pvt Ltd,INV-01424,inv-01424,2026-05-03,2026-05-03,69340,69340,12481.20,12480.20,1,1,2,FUZZY_MATCH
07ABCDE8670F1Z5,07ABCDE8670F1Z5,Fuzzy Supplier 1425,Fuzzy Supplier 1425 Pvt Ltd,INV-01425,inv-01425,2026-02-22,2026-02-21,15793,15793,2842.74,2843.74,1,1,2,FUZZY_MATCH
07ABCDE2381F1Z5,07ABCDE2381F1Z5,Fuzzy Supplier 1426,Fuzzy Supplier 1426 Pvt Ltd,INV-01426,INV01426,2026-03-24,2026-03-23,11277,11277,2029.86,2028.86,1,1,2,FUZZY_MATCH
07ABCDE4788F1Z5,07ABCDE4788F1Z5,Fuzzy Supplier 1427,Fuzzy Supplier 1427 Pvt Ltd,INV-01427,inv-01427,2026-06-24,2026-06-23,65593,65593,11806.74,11807.74,1,1,2,FUZZY_MATCH
07ABCDE4860F1Z5,07ABCDE4860F1Z5,Fuzzy Supplier 1428,Fuzzy Supplier 1428 Pvt Ltd,INV-01428,INV01428,2026-04-17,2026-04-17,99253,99253,17865.54,17864.54,1,1,2,FUZZY_MATCH
07ABCDE5246F1Z5,07ABCDE5246F1Z5,Fuzzy Supplier 1429,Fuzzy Supplier 1429 Pvt Ltd,INV-01429,inv-01429A,2026-03-29,2026-03-29,97740,97740,17593.20,17593.20,1,1,2,FUZZY_MATCH
07ABCDE8600F1Z5,07ABCDE8600F1Z5,Fuzzy Supplier 1430,Fuzzy Supplier 1430 Pvt Ltd,INV-01430,INV01430,2026-07-01,2026-06-30,68636,68636,12354.48,12353.48,1,1,2,FUZZY_MATCH
07ABCDE9546F1Z5,07ABCDE9546F1Z5,Fuzzy Supplier 1431,Fuzzy Supplier 1431 Pvt Ltd,INV-01431,INV01431,2026-04-14,2026-04-15,86569,86569,15582.42,15583.42,1,1,2,FUZZY_MATCH
07ABCDE4114F1Z5,07ABCDE4114F1Z5,Fuzzy Supplier 1432,Fuzzy Supplier 1432 Pvt Ltd,INV-01432,INV01432,2026-05-28,2026-05-29,28488,28488,5127.84,5126.84,1,1,2,FUZZY_MATCH
07ABCDE7979F1Z5,07ABCDE7979F1Z5,Fuzzy Supplier 1433,Fuzzy Supplier 1433 Pvt Ltd,INV-01433,inv-01433A,2026-11-14,2026-11-13,70493,70493,12688.74,12688.74,1,1,2,FUZZY_MATCH
07ABCDE6847F1Z5,07ABCDE6847F1Z5,Fuzzy Supplier 1434,Fuzzy Supplier 1434 Pvt Ltd,INV-01434,INV01434,2026-07-31,2026-07-31,42428,42428,7637.04,7636.04,1,1,2,FUZZY_MATCH
07ABCDE1620F1Z5,07ABCDE1620F1Z5,Fuzzy Supplier 1435,Fuzzy Supplier 1435 Pvt Ltd,INV-01435,INV01435A,2026-07-19,2026-07-19,9083,9083,1634.94,1635.94,1,1,2,FUZZY_MATCH
07ABCDE7135F1Z5,07ABCDE7135F1Z5,Fuzzy Supplier 1436,Fuzzy Supplier 1436 Pvt Ltd,INV-01436,inv-01436,2026-08-14,2026-08-15,89727,89727,16150.86,16149.86,1,1,2,FUZZY_MATCH
07ABCDE7222F1Z5,07ABCDE7222F1Z5,Fuzzy Supplier 1437,Fuzzy Supplier 1437 Pvt Ltd,INV-01437,inv-01437A,2026-01-24,2026-01-24,44840,44840,8071.20,8071.20,1,1,2,FUZZY_MATCH
07ABCDE6851F1Z5,07ABCDE6851F1Z5,Fuzzy Supplier 1438,Fuzzy Supplier 1438 Pvt Ltd,INV-01438,inv-01438,2026-12-12,2026-12-13,56192,56192,10114.56,10113.56,1,1,2,FUZZY_MATCH
07ABCDE4340F1Z5,07ABCDE4340F1Z5,Fuzzy Supplier 1439,Fuzzy Supplier 1439 Pvt Ltd,INV-01439,INV01439,2026-01-21,2026-01-21,73692,73692,13264.56,13265.56,1,1,2,FUZZY_MATCH
07ABCDE8276F1Z5,07ABCDE8276F1Z5,Fuzzy Supplier 1440,Fuzzy Supplier 1440 Pvt Ltd,INV-01440,inv-01440,2026-04-25,2026-04-25,60820,60820,10947.60,10947.60,1,1,2,FUZZY_MATCH
07ABCDE1407F1Z5,07ABCDE1407F1Z5,Fuzzy Supplier 1441,Fuzzy Supplier 1441 Pvt Ltd,INV-01441,inv-01441,2026-02-17,2026-02-17,73084,73084,13155.12,13154.12,1,1,2,FUZZY_MATCH
07ABCDE4147F1Z5,07ABCDE4147F1Z5,Fuzzy Supplier 1442,Fuzzy Supplier 1442 Pvt Ltd,INV-01442,inv-01442,2026-03-17,2026-03-17,95164,95164,17129.52,17128.52,1,1,2,FUZZY_MATCH
07ABCDE7539F1Z5,07ABCDE7539F1Z5,Fuzzy Supplier 1443,Fuzzy Supplier 1443 Pvt Ltd,INV-01443,inv-01443,2026-08-23,2026-08-24,50167,50167,9030.06,9030.06,1,1,2,FUZZY_MATCH
07ABCDE5967F1Z5,07ABCDE5967F1Z5,Fuzzy Supplier 1444,Fuzzy Supplier 1444 Pvt Ltd,INV-01444,INV01444,2026-03-03,2026-03-02,68019,68019,12243.42,12244.42,1,1,2,FUZZY_MATCH
07ABCDE5669F1Z5,07ABCDE5669F1Z5,Fuzzy Supplier 1445,Fuzzy Supplier 1445 Pvt Ltd,INV-01445,inv-01445,2026-11-24,2026-11-24,35803,35803,6444.54,6444.54,1,1,2,FUZZY_MATCH
07ABCDE4597F1Z5,07ABCDE4597F1Z5,Fuzzy Supplier 1446,Fuzzy Supplier 1446 Pvt Ltd,INV-01446,inv-01446A,2026-10-19,2026-10-20,79067,79067,14232.06,14231.06,1,1,2,FUZZY_MATCH
07ABCDE4576F1Z5,07ABCDE4576F1Z5,Fuzzy Supplier 1447,Fuzzy Supplier 1447 Pvt Ltd,INV-01447,INV01447,2026-04-11,2026-04-10,15107,15107,2719.26,2718.26,1,1,2,FUZZY_MATCH
07ABCDE2602F1Z5,07ABCDE2602F1Z5,Fuzzy Supplier 1448,Fuzzy Supplier 1448 Pvt Ltd,INV-01448,inv-01448,2026-07-24,2026-07-24,92340,92340,16621.20,16620.20,1,1,2,FUZZY_MATCH
07ABCDE5019F1Z5,07ABCDE5019F1Z5,Fuzzy Supplier 1449,Fuzzy Supplier 1449 Pvt Ltd,INV-01449,inv-01449,2026-09-24,2026-09-24,47598,47598,8567.64,8566.64,1,1,2,FUZZY_MATCH
07ABCDE6023F1Z5,07ABCDE6023F1Z5,Fuzzy Supplier 1450,Fuzzy Supplier 1450 Pvt Ltd,INV-01450,inv-01450A,2026-12-28,2026-12-28,43073,43073,7753.14,7752.14,1,1,2,FUZZY_MATCH
07ABCDE8096F1Z5,07ABCDE8096F1Z5,Fuzzy Supplier 1451,Fuzzy Supplier 1451 Pvt Ltd,INV-01451,INV01451,2026-06-27,2026-06-27,55808,55808,10045.44,10044.44,1,1,2,FUZZY_MATCH
07ABCDE2343F1Z5,07ABCDE2343F1Z5,Fuzzy Supplier 1452,Fuzzy Supplier 1452 Pvt Ltd,INV-01452,inv-01452,2026-10-11,2026-10-11,85663,85663,15419.34,15420.34,1,1,2,FUZZY_MATCH
07ABCDE6769F1Z5,07ABCDE6769F1Z5,Fuzzy Supplier 1453,Fuzzy Supplier 1453 Pvt Ltd,INV-01453,INV01453A,2026-07-22,2026-07-22,30597,30597,5507.46,5508.46,1,1,2,FUZZY_MATCH
07ABCDE9650F1Z5,07ABCDE9650F1Z5,Fuzzy Supplier 1454,Fuzzy Supplier 1454 Pvt Ltd,INV-01454,INV01454,2026-05-04,2026-05-04,67029,67029,12065.22,12064.22,1,1,2,FUZZY_MATCH
07ABCDE3015F1Z5,07ABCDE3015F1Z5,Fuzzy Supplier 1455,Fuzzy Supplier 1455 Pvt Ltd,INV-01455,INV01455,2026-05-08,2026-05-07,88378,88378,15908.04,15908.04,1,1,2,FUZZY_MATCH
07ABCDE1398F1Z5,07ABCDE1398F1Z5,Fuzzy Supplier 1456,Fuzzy Supplier 1456 Pvt Ltd,INV-01456,INV01456,2026-12-17,2026-12-16,63013,63013,11342.34,11343.34,1,1,2,FUZZY_MATCH
07ABCDE8249F1Z5,07ABCDE8249F1Z5,Fuzzy Supplier 1457,Fuzzy Supplier 1457 Pvt Ltd,INV-01457,inv-01457,2026-07-27,2026-07-28,74431,74431,13397.58,13398.58,1,1,2,FUZZY_MATCH
07ABCDE6300F1Z5,07ABCDE6300F1Z5,Fuzzy Supplier 1458,Fuzzy Supplier 1458 Pvt Ltd,INV-01458,inv-01458,2026-10-15,2026-10-14,23784,23784,4281.12,4282.12,1,1,2,FUZZY_MATCH
07ABCDE1432F1Z5,07ABCDE1432F1Z5,Fuzzy Supplier 1459,Fuzzy Supplier 1459 Pvt Ltd,INV-01459,inv-01459,2026-12-26,2026-12-26,60904,60904,10962.72,10961.72,1,1,2,FUZZY_MATCH
07ABCDE7122F1Z5,07ABCDE7122F1Z5,Fuzzy Supplier 1460,Fuzzy Supplier 1460 Pvt Ltd,INV-01460,inv-01460,2026-08-24,2026-08-23,65332,65332,11759.76,11760.76,1,1,2,FUZZY_MATCH
07ABCDE8423F1Z5,07ABCDE8423F1Z5,Fuzzy Supplier 1461,Fuzzy Supplier 1461 Pvt Ltd,INV-01461,INV01461,2026-03-03,2026-03-03,39642,39642,7135.56,7135.56,1,1,2,FUZZY_MATCH
07ABCDE1519F1Z5,07ABCDE1519F1Z5,Fuzzy Supplier 1462,Fuzzy Supplier 1462 Pvt Ltd,INV-01462,INV01462A,2026-07-29,2026-07-29,65000,65000,11700.00,11700.00,1,1,2,FUZZY_MATCH
07ABCDE8872F1Z5,07ABCDE8872F1Z5,Fuzzy Supplier 1463,Fuzzy Supplier 1463 Pvt Ltd,INV-01463,INV01463A,2026-08-20,2026-08-20,12556,12556,2260.08,2260.08,1,1,2,FUZZY_MATCH
07ABCDE4431F1Z5,07ABCDE4431F1Z5,Fuzzy Supplier 1464,Fuzzy Supplier 1464 Pvt Ltd,INV-01464,inv-01464,2026-08-11,2026-08-12,38517,38517,6933.06,6932.06,1,1,2,FUZZY_MATCH
07ABCDE6764F1Z5,07ABCDE6764F1Z5,Fuzzy Supplier 1465,Fuzzy Supplier 1465 Pvt Ltd,INV-01465,INV01465,2026-12-12,2026-12-12,86161,86161,15508.98,15507.98,1,1,2,FUZZY_MATCH
07ABCDE9474F1Z5,07ABCDE9474F1Z5,Fuzzy Supplier 1466,Fuzzy Supplier 1466 Pvt Ltd,INV-01466,INV01466A,2026-07-10,2026-07-10,48674,48674,8761.32,8762.32,1,1,2,FUZZY_MATCH
07ABCDE8486F1Z5,07ABCDE8486F1Z5,Fuzzy Supplier 1467,Fuzzy Supplier 1467 Pvt Ltd,INV-01467,inv-01467,2026-04-15,2026-04-16,76006,76006,13681.08,13680.08,1,1,2,FUZZY_MATCH
07ABCDE8207F1Z5,07ABCDE8207F1Z5,Fuzzy Supplier 1468,Fuzzy Supplier 1468 Pvt Ltd,INV-01468,inv-01468,2026-02-08,2026-02-08,63539,63539,11437.02,11438.02,1,1,2,FUZZY_MATCH
07ABCDE9392F1Z5,07ABCDE9392F1Z5,Fuzzy Supplier 1469,Fuzzy Supplier 1469 Pvt Ltd,INV-01469,inv-01469,2026-01-28,2026-01-28,57459,57459,10342.62,10341.62,1,1,2,FUZZY_MATCH
07ABCDE9998F1Z5,07ABCDE9998F1Z5,Fuzzy Supplier 1470,Fuzzy Supplier 1470 Pvt Ltd,INV-01470,inv-01470,2026-01-12,2026-01-12,60877,60877,10957.86,10957.86,1,1,2,FUZZY_MATCH
07ABCDE9773F1Z5,07ABCDE9773F1Z5,Fuzzy Supplier 1471,Fuzzy Supplier 1471 Pvt Ltd,INV-01471,inv-01471,2026-03-02,2026-03-02,74293,74293,13372.74,13372.74,1,1,2,FUZZY_MATCH
07ABCDE6077F1Z5,07ABCDE6077F1Z5,Fuzzy Supplier 1472,Fuzzy Supplier 1472 Pvt Ltd,INV-01472,inv-01472,2026-02-04,2026-02-04,20357,20357,3664.26,3665.26,1,1,2,FUZZY_MATCH
07ABCDE8797F1Z5,07ABCDE8797F1Z5,Fuzzy Supplier 1473,Fuzzy Supplier 1473 Pvt Ltd,INV-01473,INV01473,2026-09-30,2026-10-01,94068,94068,16932.24,16933.24,1,1,2,FUZZY_MATCH
07ABCDE5073F1Z5,07ABCDE5073F1Z5,Fuzzy Supplier 1474,Fuzzy Supplier 1474 Pvt Ltd,INV-01474,INV01474,2026-01-18,2026-01-18,2862,2862,515.16,515.16,1,1,2,FUZZY_MATCH
07ABCDE7822F1Z5,07ABCDE7822F1Z5,Fuzzy Supplier 1475,Fuzzy Supplier 1475 Pvt Ltd,INV-01475,INV01475A,2026-04-24,2026-04-23,8004,8004,1440.72,1441.72,1,1,2,FUZZY_MATCH
07ABCDE7936F1Z5,07ABCDE7936F1Z5,Fuzzy Supplier 1476,Fuzzy Supplier 1476 Pvt Ltd,INV-01476,INV01476,2026-05-31,2026-05-31,38019,38019,6843.42,6842.42,1,1,2,FUZZY_MATCH
07ABCDE4239F1Z5,07ABCDE4239F1Z5,Fuzzy Supplier 1477,Fuzzy Supplier 1477 Pvt Ltd,INV-01477,INV01477,2026-05-03,2026-05-03,78036,78036,14046.48,14047.48,1,1,2,FUZZY_MATCH
07ABCDE9896F1Z5,07ABCDE9896F1Z5,Fuzzy Supplier 1478,Fuzzy Supplier 1478 Pvt Ltd,INV-01478,inv-01478,2026-12-27,2026-12-27,7054,7054,1269.72,1269.72,1,1,2,FUZZY_MATCH
07ABCDE4897F1Z5,07ABCDE4897F1Z5,Fuzzy Supplier 1479,Fuzzy Supplier 1479 Pvt Ltd,INV-01479,INV01479,2026-01-30,2026-01-29,76592,76592,13786.56,13785.56,1,1,2,FUZZY_MATCH
07ABCDE9939F1Z5,07ABCDE9939F1Z5,Fuzzy Supplier 1480,Fuzzy Supplier 1480 Pvt Ltd,INV-01480,inv-01480,2026-06-15,2026-06-15,2858,2858,514.44,514.44,1,1,2,FUZZY_MATCH
07ABCDE6711F1Z5,07ABCDE6711F1Z5,Fuzzy Supplier 1481,Fuzzy Supplier 1481 Pvt Ltd,INV-01481,inv-01481,2026-09-20,2026-09-20,63905,63905,11502.90,11501.90,1,1,2,FUZZY_MATCH
07ABCDE2441F1Z5,07ABCDE2441F1Z5,Fuzzy Supplier 1482,Fuzzy Supplier 1482 Pvt Ltd,INV-01482,inv-01482,2026-01-18,2026-01-18,43691,43691,7864.38,7864.38,1,1,2,FUZZY_MATCH
07ABCDE9195F1Z5,07ABCDE9195F1Z5,Fuzzy Supplier 1483,Fuzzy Supplier 1483 Pvt Ltd,INV-01483,INV01483,2026-09-11,2026-09-11,38740,38740,6973.20,6972.20,1,1,2,FUZZY_MATCH
07ABCDE5475F1Z5,07ABCDE5475F1Z5,Fuzzy Supplier 1484,Fuzzy Supplier 1484 Pvt Ltd,INV-01484,inv-01484,2026-04-28,2026-04-29,47971,47971,8634.78,8635.78,1,1,2,FUZZY_MATCH
07ABCDE3365F1Z5,07ABCDE3365F1Z5,Fuzzy Supplier 1485,Fuzzy Supplier 1485 Pvt Ltd,INV-01485,inv-01485,2026-01-20,2026-01-20,34455,34455,6201.90,6200.90,1,1,2,FUZZY_MATCH
07ABCDE2688F1Z5,07ABCDE2688F1Z5,Fuzzy Supplier 1486,Fuzzy Supplier 1486 Pvt Ltd,INV-01486,inv-01486A,2026-12-17,2026-12-17,4527,4527,814.86,813.86,1,1,2,FUZZY_MATCH
07ABCDE4885F1Z5,07ABCDE4885F1Z5,Fuzzy Supplier 1487,Fuzzy Supplier 1487 Pvt Ltd,INV-01487,inv-01487,2026-07-08,2026-07-07,25183,25183,4532.94,4532.94,1,1,2,FUZZY_MATCH
07ABCDE2949F1Z5,07ABCDE2949F1Z5,Fuzzy Supplier 1488,Fuzzy Supplier 1488 Pvt Ltd,INV-01488,INV01488,2026-02-22,2026-02-23,97987,97987,17637.66,17638.66,1,1,2,FUZZY_MATCH
07ABCDE5059F1Z5,07ABCDE5059F1Z5,Fuzzy Supplier 1489,Fuzzy Supplier 1489 Pvt Ltd,INV-01489,INV01489A,2026-06-16,2026-06-15,97530,97530,17555.40,17554.40,1,1,2,FUZZY_MATCH
07ABCDE8454F1Z5,07ABCDE8454F1Z5,Fuzzy Supplier 1490,Fuzzy Supplier 1490 Pvt Ltd,INV-01490,inv-01490,2026-01-22,2026-01-22,84259,84259,15166.62,15166.62,1,1,2,FUZZY_MATCH
07ABCDE2971F1Z5,07ABCDE2971F1Z5,Fuzzy Supplier 1491,Fuzzy Supplier 1491 Pvt Ltd,INV-01491,inv-01491,2026-08-14,2026-08-14,9047,9047,1628.46,1628.46,1,1,2,FUZZY_MATCH
07ABCDE2400F1Z5,07ABCDE2400F1Z5,Fuzzy Supplier 1492,Fuzzy Supplier 1492 Pvt Ltd,INV-01492,inv-01492A,2026-02-16,2026-02-15,89065,89065,16031.70,16031.70,1,1,2,FUZZY_MATCH
07ABCDE9814F1Z5,07ABCDE9814F1Z5,Fuzzy Supplier 1493,Fuzzy Supplier 1493 Pvt Ltd,INV-01493,inv-01493A,2026-03-15,2026-03-15,42954,42954,7731.72,7732.72,1,1,2,FUZZY_MATCH
07ABCDE5952F1Z5,07ABCDE5952F1Z5,Fuzzy Supplier 1494,Fuzzy Supplier 1494 Pvt Ltd,INV-01494,INV01494A,2026-05-06,2026-05-06,54476,54476,9805.68,9804.68,1,1,2,FUZZY_MATCH
07ABCDE6621F1Z5,07ABCDE6621F1Z5,Fuzzy Supplier 1495,Fuzzy Supplier 1495 Pvt Ltd,INV-01495,inv-01495,2026-07-14,2026-07-13,25146,25146,4526.28,4526.28,1,1,2,FUZZY_MATCH
07ABCDE8067F1Z5,07ABCDE8067F1Z5,Fuzzy Supplier 1496,Fuzzy Supplier 1496 Pvt Ltd,INV-01496,INV01496,2026-10-16,2026-10-16,50687,50687,9123.66,9124.66,1,1,2,FUZZY_MATCH
07ABCDE9241F1Z5,07ABCDE9241F1Z5,Fuzzy Supplier 1497,Fuzzy Supplier 1497 Pvt Ltd,INV-01497,inv-01497A,2026-05-01,2026-05-01,70443,70443,12679.74,12678.74,1,1,2,FUZZY_MATCH
07ABCDE9792F1Z5,07ABCDE9792F1Z5,Fuzzy Supplier 1498,Fuzzy Supplier 1498 Pvt Ltd,INV-01498,inv-01498,2026-08-17,2026-08-16,77798,77798,14003.64,14004.64,1,1,2,FUZZY_MATCH
07ABCDE4844F1Z5,07ABCDE4844F1Z5,Fuzzy Supplier 1499,Fuzzy Supplier 1499 Pvt Ltd,INV-01499,inv-01499,2026-03-23,2026-03-24,71903,71903,12942.54,12942.54,1,1,2,FUZZY_MATCH
07ABCDE2371F1Z5,07ABCDE2371F1Z5,Hard Supplier 0,Hard Supplier 0,INV-00000,INV-00000,2026-02-06,2026-02-06,62873,67873,11317.14,12217.14,1,1,3,CONTRADICTION
07ABCDE8238F1Z5,07ABCDE8238F1Z5,Hard Supplier 1,Hard Supplier 1,INV-00001,INV-00002,2026-09-20,2026-09-20,1784,1784,321.12,321.12,3,1,4,CONTRADICTION
07ABCDE2898F1Z5,07ABCDE2898F1Z5,Hard Supplier 2,Hard Supplier 2,INV-00002,INV-00002,2026-06-08,2026-06-08,27091,32091,4876.38,5776.38,3,1,4,CONTRADICTION
07ABCDE4094F1Z5,07ABCDE4094F1Z5,Hard Supplier 3,Hard Supplier 3,INV-00003,INV-00003,2026-05-19,2026-05-19,94732,99732,17051.76,17951.76,1,1,4,CONTRADICTION
07ABCDE3677F1Z5,07ABCDE3677F1Z5,Hard Supplier 4,Hard Supplier 4,INV-00004,INV-00004,2026-07-09,2026-07-09,55968,60968,10074.24,10974.24,2,1,4,CONTRADICTION
07ABCDE2548F1Z5,07ABCDE2548F1Z5,Hard Supplier 5,Hard Supplier 5,INV-00005,INV-00006,2026-04-05,2026-04-05,90359,90359,16264.62,16264.62,3,1,5,CONTRADICTION
07ABCDE5407F1Z5,07ABCDE5407F1Z5,Hard Supplier 6,Hard Supplier 6,INV-00006,INV-00006,2026-10-02,2026-10-02,58300,63300,10494.00,11394.00,2,2,5,CONTRADICTION
07ABCDE6997F1Z5,07ABCDE6997F1Z5,Hard Supplier 7,Hard Supplier 7,INV-00007,INV-00007,2026-02-17,2026-02-17,89048,94048,16028.64,16928.64,1,2,4,CONTRADICTION
07ABCDE7860F1Z5,07ABCDE7860F1Z5,Hard Supplier 8,Hard Supplier 8,INV-00008,INV-00008,2026-10-13,2026-10-13,57495,62495,10349.10,11249.10,3,2,5,CONTRADICTION
07ABCDE8701F1Z5,07ABCDE8701F1Z5,Hard Supplier 9,Hard Supplier 9,INV-00009,INV-00010,2026-11-23,2026-11-23,83400,83400,15012.00,15012.00,2,1,4,CONTRADICTION
07ABCDE6865F1Z5,07ABCDE6865F1Z5,Hard Supplier 10,Hard Supplier 10,INV-00010,INV-00011,2026-10-02,2026-10-02,10624,10624,1912.32,1912.32,3,2,3,CONTRADICTION
07ABCDE7313F1Z5,07ABCDE7313F1Z5,Hard Supplier 11,Hard Supplier 11,INV-00011,INV-00012,2026-09-08,2026-09-08,35786,35786,6441.48,6441.48,2,2,5,CONTRADICTION
07ABCDE5704F1Z5,07ABCDE5704F1Z5,Hard Supplier 12,Hard Supplier 12,INV-00012,INV-00012,2026-02-17,2026-02-17,63066,68066,11351.88,12251.88,3,2,3,CONTRADICTION
07ABCDE4975F1Z5,07ABCDE4975F1Z5,Hard Supplier 13,Hard Supplier 13,INV-00013,INV-00014,2026-05-05,2026-05-05,48048,48048,8648.64,8648.64,3,2,5,CONTRADICTION
07ABCDE2976F1Z5,07ABCDE2976F1Z5,Hard Supplier 14,Hard Supplier 14,INV-00014,INV-00014,2026-08-02,2026-08-02,67663,72663,12179.34,13079.34,2,2,5,CONTRADICTION
07ABCDE5159F1Z5,07ABCDE5159F1Z5,Hard Supplier 15,Hard Supplier 15,INV-00015,INV-00016,2026-12-17,2026-12-17,5114,5114,920.52,920.52,3,1,5,CONTRADICTION
07ABCDE1796F1Z5,07ABCDE1796F1Z5,Hard Supplier 16,Hard Supplier 16,INV-00016,INV-00016,2026-03-29,2026-03-29,7990,12990,1438.20,2338.20,1,1,5,CONTRADICTION
07ABCDE9754F1Z5,07ABCDE9754F1Z5,Hard Supplier 17,Hard Supplier 17,INV-00017,INV-00018,2026-10-14,2026-10-14,64117,64117,11541.06,11541.06,2,2,4,CONTRADICTION
07ABCDE9083F1Z5,07ABCDE9083F1Z5,Hard Supplier 18,Hard Supplier 18,INV-00018,INV-00018,2026-01-25,2026-01-25,12039,17039,2167.02,3067.02,1,1,5,CONTRADICTION
07ABCDE8118F1Z5,07ABCDE8118F1Z5,Hard Supplier 19,Hard Supplier 19,INV-00019,INV-00020,2026-06-03,2026-06-03,3716,3716,668.88,668.88,3,2,4,CONTRADICTION
07ABCDE6291F1Z5,07ABCDE6291F1Z5,Hard Supplier 20,Hard Supplier 20,INV-00020,INV-00021,2026-03-09,2026-03-09,55794,55794,10042.92,10042.92,3,2,4,CONTRADICTION
07ABCDE5756F1Z5,07ABCDE5756F1Z5,Hard Supplier 21,Hard Supplier 21,INV-00021,INV-00022,2026-11-01,2026-11-01,86111,86111,15499.98,15499.98,3,1,5,CONTRADICTION
07ABCDE6156F1Z5,07ABCDE6156F1Z5,Hard Supplier 22,Hard Supplier 22,INV-00022,INV-00022,2026-09-04,2026-09-04,21884,26884,3939.12,4839.12,3,1,5,CONTRADICTION
07ABCDE6103F1Z5,07ABCDE6103F1Z5,Hard Supplier 23,Hard Supplier 23,INV-00023,INV-00023,2026-11-28,2026-11-28,42505,47505,7650.90,8550.90,3,2,3,CONTRADICTION
07ABCDE7121F1Z5,07ABCDE7121F1Z5,Hard Supplier 24,Hard Supplier 24,INV-00024,INV-00025,2026-07-02,2026-07-02,8987,8987,1617.66,1617.66,3,2,3,CONTRADICTION
07ABCDE2170F1Z5,07ABCDE2170F1Z5,Hard Supplier 25,Hard Supplier 25,INV-00025,INV-00026,2026-08-14,2026-08-14,98933,98933,17807.94,17807.94,2,2,3,CONTRADICTION
07ABCDE6197F1Z5,07ABCDE6197F1Z5,Hard Supplier 26,Hard Supplier 26,INV-00026,INV-00027,2026-09-17,2026-09-17,90271,90271,16248.78,16248.78,1,1,4,CONTRADICTION
07ABCDE4581F1Z5,07ABCDE4581F1Z5,Hard Supplier 27,Hard Supplier 27,INV-00027,INV-00028,2026-05-19,2026-05-19,57953,57953,10431.54,10431.54,2,2,5,CONTRADICTION
07ABCDE4528F1Z5,07ABCDE4528F1Z5,Hard Supplier 28,Hard Supplier 28,INV-00028,INV-00029,2026-04-21,2026-04-21,74899,74899,13481.82,13481.82,1,2,4,CONTRADICTION
07ABCDE7379F1Z5,07ABCDE7379F1Z5,Hard Supplier 29,Hard Supplier 29,INV-00029,INV-00029,2026-06-10,2026-06-10,53637,58637,9654.66,10554.66,1,2,4,CONTRADICTION
07ABCDE1309F1Z5,07ABCDE1309F1Z5,Hard Supplier 30,Hard Supplier 30,INV-00030,INV-00030,2026-02-17,2026-02-17,2338,7338,420.84,1320.84,2,1,3,CONTRADICTION
07ABCDE1391F1Z5,07ABCDE1391F1Z5,Hard Supplier 31,Hard Supplier 31,INV-00031,INV-00032,2026-12-27,2026-12-27,89885,89885,16179.30,16179.30,1,1,4,CONTRADICTION
07ABCDE8315F1Z5,07ABCDE8315F1Z5,Hard Supplier 32,Hard Supplier 32,INV-00032,INV-00032,2026-06-08,2026-06-08,34795,39795,6263.10,7163.10,1,1,5,CONTRADICTION
07ABCDE2441F1Z5,07ABCDE2441F1Z5,Hard Supplier 33,Hard Supplier 33,INV-00033,INV-00033,2026-12-03,2026-12-03,81899,86899,14741.82,15641.82,2,1,5,CONTRADICTION
07ABCDE5715F1Z5,07ABCDE5715F1Z5,Hard Supplier 34,Hard Supplier 34,INV-00034,INV-00034,2026-08-13,2026-08-13,33745,38745,6074.10,6974.10,3,1,3,CONTRADICTION
07ABCDE1015F1Z5,07ABCDE1015F1Z5,Hard Supplier 35,Hard Supplier 35,INV-00035,INV-00035,2026-05-24,2026-05-24,42128,47128,7583.04,8483.04,1,1,3,CONTRADICTION
07ABCDE5810F1Z5,07ABCDE5810F1Z5,Hard Supplier 36,Hard Supplier 36,INV-00036,INV-00036,2026-03-03,2026-03-03,56612,61612,10190.16,11090.16,1,1,3,CONTRADICTION
07ABCDE9651F1Z5,07ABCDE9651F1Z5,Hard Supplier 37,Hard Supplier 37,INV-00037,INV-00038,2026-08-11,2026-08-11,60168,60168,10830.24,10830.24,3,1,4,CONTRADICTION
07ABCDE4778F1Z5,07ABCDE4778F1Z5,Hard Supplier 38,Hard Supplier 38,INV-00038,INV-00038,2026-12-28,2026-12-28,85574,90574,15403.32,16303.32,2,1,3,CONTRADICTION
07ABCDE1001F1Z5,07ABCDE1001F1Z5,Hard Supplier 39,Hard Supplier 39,INV-00039,INV-00039,2026-09-10,2026-09-10,48452,53452,8721.36,9621.36,1,2,5,CONTRADICTION
07ABCDE9398F1Z5,07ABCDE9398F1Z5,Hard Supplier 40,Hard Supplier 40,INV-00040,INV-00040,2026-12-13,2026-12-13,99167,104167,17850.06,18750.06,1,1,5,CONTRADICTION
07ABCDE7059F1Z5,07ABCDE7059F1Z5,Hard Supplier 41,Hard Supplier 41,INV-00041,INV-00041,2026-08-18,2026-08-18,54992,59992,9898.56,10798.56,1,2,5,CONTRADICTION
07ABCDE9028F1Z5,07ABCDE9028F1Z5,Hard Supplier 42,Hard Supplier 42,INV-00042,INV-00043,2026-01-21,2026-01-21,26492,26492,4768.56,4768.56,1,1,4,CONTRADICTION
07ABCDE4883F1Z5,07ABCDE4883F1Z5,Hard Supplier 43,Hard Supplier 43,INV-00043,INV-00044,2026-11-20,2026-11-20,80327,80327,14458.86,14458.86,3,1,5,CONTRADICTION
07ABCDE8255F1Z5,07ABCDE8255F1Z5,Hard Supplier 44,Hard Supplier 44,INV-00044,INV-00044,2026-04-05,2026-04-05,8934,13934,1608.12,2508.12,3,1,3,CONTRADICTION
07ABCDE3404F1Z5,07ABCDE3404F1Z5,Hard Supplier 45,Hard Supplier 45,INV-00045,INV-00046,2026-08-24,2026-08-24,34022,34022,6123.96,6123.96,1,2,4,CONTRADICTION
07ABCDE9809F1Z5,07ABCDE9809F1Z5,Hard Supplier 46,Hard Supplier 46,INV-00046,INV-00047,2026-07-27,2026-07-27,68241,68241,12283.38,12283.38,1,1,5,CONTRADICTION
07ABCDE9693F1Z5,07ABCDE9693F1Z5,Hard Supplier 47,Hard Supplier 47,INV-00047,INV-00048,2026-03-09,2026-03-09,4361,4361,784.98,784.98,3,1,5,CONTRADICTION
07ABCDE2114F1Z5,07ABCDE2114F1Z5,Hard Supplier 48,Hard Supplier 48,INV-00048,INV-00048,2026-07-14,2026-07-14,27170,32170,4890.60,5790.60,1,1,4,CONTRADICTION
07ABCDE3995F1Z5,07ABCDE3995F1Z5,Hard Supplier 49,Hard Supplier 49,INV-00049,INV-00049,2026-06-01,2026-06-01,60600,65600,10908.00,11808.00,1,2,3,CONTRADICTION
07ABCDE5682F1Z5,07ABCDE5682F1Z5,Hard Supplier 50,Hard Supplier 50,INV-00050,INV-00050,2026-12-29,2026-12-29,24185,29185,4353.30,5253.30,1,2,5,CONTRADICTION
07ABCDE5567F1Z5,07ABCDE5567F1Z5,Hard Supplier 51,Hard Supplier 51,INV-00051,INV-00051,2026-08-01,2026-08-01,99286,104286,17871.48,18771.48,1,1,5,CONTRADICTION
07ABCDE6687F1Z5,07ABCDE6687F1Z5,Hard Supplier 52,Hard Supplier 52,INV-00052,INV-00053,2026-08-02,2026-08-02,59936,59936,10788.48,10788.48,3,2,5,CONTRADICTION
07ABCDE7640F1Z5,07ABCDE7640F1Z5,Hard Supplier 53,Hard Supplier 53,INV-00053,INV-00053,2026-05-04,2026-05-04,50906,55906,9163.08,10063.08,1,1,5,CONTRADICTION
07ABCDE1337F1Z5,07ABCDE1337F1Z5,Hard Supplier 54,Hard Supplier 54,INV-00054,INV-00054,2026-07-03,2026-07-03,49984,54984,8997.12,9897.12,2,1,5,CONTRADICTION
07ABCDE7409F1Z5,07ABCDE7409F1Z5,Hard Supplier 55,Hard Supplier 55,INV-00055,INV-00056,2026-01-28,2026-01-28,86040,86040,15487.20,15487.20,3,2,4,CONTRADICTION
07ABCDE3143F1Z5,07ABCDE3143F1Z5,Hard Supplier 56,Hard Supplier 56,INV-00056,INV-00056,2026-07-01,2026-07-01,79579,84579,14324.22,15224.22,1,2,4,CONTRADICTION
07ABCDE7828F1Z5,07ABCDE7828F1Z5,Hard Supplier 57,Hard Supplier 57,INV-00057,INV-00057,2026-01-31,2026-01-31,46622,51622,8391.96,9291.96,3,1,4,CONTRADICTION
07ABCDE4830F1Z5,07ABCDE4830F1Z5,Hard Supplier 58,Hard Supplier 58,INV-00058,INV-00058,2026-11-28,2026-11-28,83164,88164,14969.52,15869.52,3,1,3,CONTRADICTION
07ABCDE6758F1Z5,07ABCDE6758F1Z5,Hard Supplier 59,Hard Supplier 59,INV-00059,INV-00059,2026-11-14,2026-11-14,14142,19142,2545.56,3445.56,3,2,3,CONTRADICTION
07ABCDE2175F1Z5,07ABCDE2175F1Z5,Hard Supplier 60,Hard Supplier 60,INV-00060,INV-00061,2026-09-16,2026-09-16,11284,11284,2031.12,2031.12,1,2,3,CONTRADICTION
07ABCDE3192F1Z5,07ABCDE3192F1Z5,Hard Supplier 61,Hard Supplier 61,INV-00061,INV-00061,2026-06-02,2026-06-02,9317,14317,1677.06,2577.06,3,1,4,CONTRADICTION
07ABCDE7126F1Z5,07ABCDE7126F1Z5,Hard Supplier 62,Hard Supplier 62,INV-00062,INV-00063,2026-07-25,2026-07-25,57210,57210,10297.80,10297.80,1,1,5,CONTRADICTION
07ABCDE7796F1Z5,07ABCDE7796F1Z5,Hard Supplier 63,Hard Supplier 63,INV-00063,INV-00063,2026-01-27,2026-01-27,43590,48590,7846.20,8746.20,3,1,4,CONTRADICTION
07ABCDE6581F1Z5,07ABCDE6581F1Z5,Hard Supplier 64,Hard Supplier 64,INV-00064,INV-00064,2026-12-10,2026-12-10,86214,91214,15518.52,16418.52,3,1,3,CONTRADICTION
07ABCDE6920F1Z5,07ABCDE6920F1Z5,Hard Supplier 65,Hard Supplier 65,INV-00065,INV-00065,2026-07-17,2026-07-17,7334,12334,1320.12,2220.12,3,2,5,CONTRADICTION
07ABCDE6019F1Z5,07ABCDE6019F1Z5,Hard Supplier 66,Hard Supplier 66,INV-00066,INV-00066,2026-01-26,2026-01-26,48092,53092,8656.56,9556.56,1,2,5,CONTRADICTION
07ABCDE9159F1Z5,07ABCDE9159F1Z5,Hard Supplier 67,Hard Supplier 67,INV-00067,INV-00067,2026-08-15,2026-08-15,72551,77551,13059.18,13959.18,2,1,3,CONTRADICTION
07ABCDE8793F1Z5,07ABCDE8793F1Z5,Hard Supplier 68,Hard Supplier 68,INV-00068,INV-00068,2026-12-19,2026-12-19,42564,47564,7661.52,8561.52,2,2,4,CONTRADICTION
07ABCDE2388F1Z5,07ABCDE2388F1Z5,Hard Supplier 69,Hard Supplier 69,INV-00069,INV-00069,2026-01-31,2026-01-31,46837,51837,8430.66,9330.66,3,1,4,CONTRADICTION
07ABCDE1963F1Z5,07ABCDE1963F1Z5,Hard Supplier 70,Hard Supplier 70,INV-00070,INV-00070,2026-10-19,2026-10-19,63222,68222,11379.96,12279.96,2,1,3,CONTRADICTION
07ABCDE5538F1Z5,07ABCDE5538F1Z5,Hard Supplier 71,Hard Supplier 71,INV-00071,INV-00071,2026-03-20,2026-03-20,20203,25203,3636.54,4536.54,1,1,3,CONTRADICTION
07ABCDE3333F1Z5,07ABCDE3333F1Z5,Hard Supplier 72,Hard Supplier 72,INV-00072,INV-00072,2026-07-12,2026-07-12,81081,86081,14594.58,15494.58,1,1,4,CONTRADICTION
07ABCDE1575F1Z5,07ABCDE1575F1Z5,Hard Supplier 73,Hard Supplier 73,INV-00073,INV-00073,2026-02-28,2026-02-28,69114,74114,12440.52,13340.52,1,1,4,CONTRADICTION
07ABCDE4216F1Z5,07ABCDE4216F1Z5,Hard Supplier 74,Hard Supplier 74,INV-00074,INV-00074,2026-12-05,2026-12-05,90982,95982,16376.76,17276.76,1,1,3,CONTRADICTION
07ABCDE2087F1Z5,07ABCDE2087F1Z5,Hard Supplier 75,Hard Supplier 75,INV-00075,INV-00076,2026-01-17,2026-01-17,31985,31985,5757.30,5757.30,3,2,5,CONTRADICTION
07ABCDE6581F1Z5,07ABCDE6581F1Z5,Hard Supplier 76,Hard Supplier 76,INV-00076,INV-00076,2026-07-11,2026-07-11,3502,8502,630.36,1530.36,1,1,3,CONTRADICTION
07ABCDE8302F1Z5,07ABCDE8302F1Z5,Hard Supplier 77,Hard Supplier 77,INV-00077,INV-00077,2026-04-06,2026-04-06,28733,33733,5171.94,6071.94,1,1,4,CONTRADICTION
07ABCDE1244F1Z5,07ABCDE1244F1Z5,Hard Supplier 78,Hard Supplier 78,INV-00078,INV-00079,2026-02-17,2026-02-17,22728,22728,4091.04,4091.04,1,2,5,CONTRADICTION
07ABCDE4006F1Z5,07ABCDE4006F1Z5,Hard Supplier 79,Hard Supplier 79,INV-00079,INV-00080,2026-05-22,2026-05-22,28908,28908,5203.44,5203.44,3,1,5,CONTRADICTION
07ABCDE7354F1Z5,07ABCDE7354F1Z5,Hard Supplier 80,Hard Supplier 80,INV-00080,INV-00081,2026-10-16,2026-10-16,71778,71778,12920.04,12920.04,2,1,4,CONTRADICTION
07ABCDE3336F1Z5,07ABCDE3336F1Z5,Hard Supplier 81,Hard Supplier 81,INV-00081,INV-00082,2026-11-04,2026-11-04,10228,10228,1841.04,1841.04,3,2,5,CONTRADICTION
07ABCDE9897F1Z5,07ABCDE9897F1Z5,Hard Supplier 82,Hard Supplier 82,INV-00082,INV-00083,2026-11-14,2026-11-14,2432,2432,437.76,437.76,1,2,3,CONTRADICTION
07ABCDE2118F1Z5,07ABCDE2118F1Z5,Hard Supplier 83,Hard Supplier 83,INV-00083,INV-00083,2026-10-27,2026-10-27,30803,35803,5544.54,6444.54,2,2,3,CONTRADICTION
07ABCDE9981F1Z5,07ABCDE9981F1Z5,Hard Supplier 84,Hard Supplier 84,INV-00084,INV-00084,2026-05-07,2026-05-07,44951,49951,8091.18,8991.18,2,1,4,CONTRADICTION
07ABCDE4298F1Z5,07ABCDE4298F1Z5,Hard Supplier 85,Hard Supplier 85,INV-00085,INV-00086,2026-08-13,2026-08-13,74186,74186,13353.48,13353.48,1,1,5,CONTRADICTION
07ABCDE6095F1Z5,07ABCDE6095F1Z5,Hard Supplier 86,Hard Supplier 86,INV-00086,INV-00087,2026-01-02,2026-01-02,28080,28080,5054.40,5054.40,1,2,4,CONTRADICTION
07ABCDE7706F1Z5,07ABCDE7706F1Z5,Hard Supplier 87,Hard Supplier 87,INV-00087,INV-00087,2026-11-25,2026-11-25,63458,68458,11422.44,12322.44,2,2,5,CONTRADICTION
07ABCDE5406F1Z5,07ABCDE5406F1Z5,Hard Supplier 88,Hard Supplier 88,INV-00088,INV-00089,2026-09-09,2026-09-09,43065,43065,7751.70,7751.70,3,1,4,CONTRADICTION
07ABCDE8213F1Z5,07ABCDE8213F1Z5,Hard Supplier 89,Hard Supplier 89,INV-00089,INV-00090,2026-12-04,2026-12-04,50814,50814,9146.52,9146.52,2,1,3,CONTRADICTION
07ABCDE2990F1Z5,07ABCDE2990F1Z5,Hard Supplier 90,Hard Supplier 90,INV-00090,INV-00091,2026-10-16,2026-10-16,84583,84583,15224.94,15224.94,1,1,4,CONTRADICTION
07ABCDE7341F1Z5,07ABCDE7341F1Z5,Hard Supplier 91,Hard Supplier 91,INV-00091,INV-00092,2026-03-11,2026-03-11,23407,23407,4213.26,4213.26,1,2,4,CONTRADICTION
07ABCDE2788F1Z5,07ABCDE2788F1Z5,Hard Supplier 92,Hard Supplier 92,INV-00092,INV-00092,2026-10-30,2026-10-30,56036,61036,10086.48,10986.48,2,2,5,CONTRADICTION
07ABCDE5312F1Z5,07ABCDE5312F1Z5,Hard Supplier 93,Hard Supplier 93,INV-00093,INV-00093,2026-07-12,2026-07-12,41513,46513,7472.34,8372.34,2,2,4,CONTRADICTION
07ABCDE3742F1Z5,07ABCDE3742F1Z5,Hard Supplier 94,Hard Supplier 94,INV-00094,INV-00095,2026-06-23,2026-06-23,28951,28951,5211.18,5211.18,2,2,3,CONTRADICTION
07ABCDE1915F1Z5,07ABCDE1915F1Z5,Hard Supplier 95,Hard Supplier 95,INV-00095,INV-00095,2026-10-28,2026-10-28,72386,77386,13029.48,13929.48,1,2,4,CONTRADICTION
07ABCDE7792F1Z5,07ABCDE7792F1Z5,Hard Supplier 96,Hard Supplier 96,INV-00096,INV-00096,2026-01-29,2026-01-29,54848,59848,9872.64,10772.64,2,1,3,CONTRADICTION
07ABCDE8776F1Z5,07ABCDE8776F1Z5,Hard Supplier 97,Hard Supplier 97,INV-00097,INV-00098,2026-02-13,2026-02-13,70831,70831,12749.58,12749.58,2,2,4,CONTRADICTION
07ABCDE9848F1Z5,07ABCDE9848F1Z5,Hard Supplier 98,Hard Supplier 98,INV-00098,INV-00098,2026-11-14,2026-11-14,28528,33528,5135.04,6035.04,3,2,4,CONTRADICTION
07ABCDE3491F1Z5,07ABCDE3491F1Z5,Hard Supplier 99,Hard Supplier 99,INV-00099,INV-00099,2026-01-05,2026-01-05,46478,51478,8366.04,9266.04,2,2,4,CONTRADICTION
07ABCDE1815F1Z5,07ABCDE1815F1Z5,Hard Supplier 100,Hard Supplier 100,INV-00100,INV-00101,2026-04-19,2026-04-19,78877,78877,14197.86,14197.86,3,2,4,CONTRADICTION
07ABCDE3124F1Z5,07ABCDE3124F1Z5,Hard Supplier 101,Hard Supplier 101,INV-00101,INV-00101,2026-03-13,2026-03-13,16166,21166,2909.88,3809.88,1,2,3,CONTRADICTION
07ABCDE4229F1Z5,07ABCDE4229F1Z5,Hard Supplier 102,Hard Supplier 102,INV-00102,INV-00103,2026-08-30,2026-08-30,40917,40917,7365.06,7365.06,2,1,5,CONTRADICTION
07ABCDE1399F1Z5,07ABCDE1399F1Z5,Hard Supplier 103,Hard Supplier 103,INV-00103,INV-00103,2026-06-12,2026-06-12,38158,43158,6868.44,7768.44,3,2,5,CONTRADICTION
07ABCDE3185F1Z5,07ABCDE3185F1Z5,Hard Supplier 104,Hard Supplier 104,INV-00104,INV-00105,2026-11-08,2026-11-08,88894,88894,16000.92,16000.92,2,2,5,CONTRADICTION
07ABCDE9595F1Z5,07ABCDE9595F1Z5,Hard Supplier 105,Hard Supplier 105,INV-00105,INV-00105,2026-09-28,2026-09-28,89343,94343,16081.74,16981.74,2,2,3,CONTRADICTION
07ABCDE5199F1Z5,07ABCDE5199F1Z5,Hard Supplier 106,Hard Supplier 106,INV-00106,INV-00107,2026-05-13,2026-05-13,33208,33208,5977.44,5977.44,3,2,3,CONTRADICTION
07ABCDE8837F1Z5,07ABCDE8837F1Z5,Hard Supplier 107,Hard Supplier 107,INV-00107,INV-00108,2026-03-07,2026-03-07,90968,90968,16374.24,16374.24,1,1,3,CONTRADICTION
07ABCDE3103F1Z5,07ABCDE3103F1Z5,Hard Supplier 108,Hard Supplier 108,INV-00108,INV-00108,2026-03-26,2026-03-26,14463,19463,2603.34,3503.34,3,1,4,CONTRADICTION
07ABCDE7425F1Z5,07ABCDE7425F1Z5,Hard Supplier 109,Hard Supplier 109,INV-00109,INV-00109,2026-09-12,2026-09-12,64986,69986,11697.48,12597.48,1,2,4,CONTRADICTION
07ABCDE8383F1Z5,07ABCDE8383F1Z5,Hard Supplier 110,Hard Supplier 110,INV-00110,INV-00111,2026-06-26,2026-06-26,84171,84171,15150.78,15150.78,3,1,4,CONTRADICTION
07ABCDE7889F1Z5,07ABCDE7889F1Z5,Hard Supplier 111,Hard Supplier 111,INV-00111,INV-00111,2026-03-23,2026-03-23,76599,81599,13787.82,14687.82,3,2,3,CONTRADICTION
07ABCDE5844F1Z5,07ABCDE5844F1Z5,Hard Supplier 112,Hard Supplier 112,INV-00112,INV-00113,2026-12-24,2026-12-24,51176,51176,9211.68,9211.68,3,1,5,CONTRADICTION
07ABCDE1479F1Z5,07ABCDE1479F1Z5,Hard Supplier 113,Hard Supplier 113,INV-00113,INV-00113,2026-12-13,2026-12-13,55895,60895,10061.10,10961.10,2,1,4,CONTRADICTION
07ABCDE2549F1Z5,07ABCDE2549F1Z5,Hard Supplier 114,Hard Supplier 114,INV-00114,INV-00114,2026-04-11,2026-04-11,63520,68520,11433.60,12333.60,1,1,5,CONTRADICTION
07ABCDE3184F1Z5,07ABCDE3184F1Z5,Hard Supplier 115,Hard Supplier 115,INV-00115,INV-00115,2026-12-06,2026-12-06,73596,78596,13247.28,14147.28,2,2,4,CONTRADICTION
07ABCDE1197F1Z5,07ABCDE1197F1Z5,Hard Supplier 116,Hard Supplier 116,INV-00116,INV-00117,2026-02-04,2026-02-04,16593,16593,2986.74,2986.74,1,2,4,CONTRADICTION
07ABCDE3418F1Z5,07ABCDE3418F1Z5,Hard Supplier 117,Hard Supplier 117,INV-00117,INV-00117,2026-10-09,2026-10-09,46141,51141,8305.38,9205.38,1,2,3,CONTRADICTION
07ABCDE5987F1Z5,07ABCDE5987F1Z5,Hard Supplier 118,Hard Supplier 118,INV-00118,INV-00119,2026-07-13,2026-07-13,11985,11985,2157.30,2157.30,1,2,3,CONTRADICTION
07ABCDE2863F1Z5,07ABCDE2863F1Z5,Hard Supplier 119,Hard Supplier 119,INV-00119,INV-00120,2026-11-08,2026-11-08,55295,55295,9953.10,9953.10,2,2,4,CONTRADICTION
07ABCDE5403F1Z5,07ABCDE5403F1Z5,Hard Supplier 120,Hard Supplier 120,INV-00120,INV-00120,2026-04-11,2026-04-11,89765,94765,16157.70,17057.70,3,2,4,CONTRADICTION
07ABCDE5722F1Z5,07ABCDE5722F1Z5,Hard Supplier 121,Hard Supplier 121,INV-00121,INV-00122,2026-07-11,2026-07-11,62948,62948,11330.64,11330.64,3,2,5,CONTRADICTION
07ABCDE8657F1Z5,07ABCDE8657F1Z5,Hard Supplier 122,Hard Supplier 122,INV-00122,INV-00122,2026-09-22,2026-09-22,71535,76535,12876.30,13776.30,2,1,3,CONTRADICTION
07ABCDE1399F1Z5,07ABCDE1399F1Z5,Hard Supplier 123,Hard Supplier 123,INV-00123,INV-00123,2026-06-20,2026-06-20,22774,27774,4099.32,4999.32,2,1,4,CONTRADICTION
07ABCDE5715F1Z5,07ABCDE5715F1Z5,Hard Supplier 124,Hard Supplier 124,INV-00124,INV-00125,2026-06-29,2026-06-29,26962,26962,4853.16,4853.16,2,2,3,CONTRADICTION
07ABCDE8555F1Z5,07ABCDE8555F1Z5,Hard Supplier 125,Hard Supplier 125,INV-00125,INV-00126,2026-03-14,2026-03-14,7832,7832,1409.76,1409.76,3,2,3,CONTRADICTION
07ABCDE2511F1Z5,07ABCDE2511F1Z5,Hard Supplier 126,Hard Supplier 126,INV-00126,INV-00126,2026-03-02,2026-03-02,58391,63391,10510.38,11410.38,1,2,3,CONTRADICTION
07ABCDE1400F1Z5,07ABCDE1400F1Z5,Hard Supplier 127,Hard Supplier 127,INV-00127,INV-00127,2026-12-15,2026-12-15,95763,100763,17237.34,18137.34,2,1,4,CONTRADICTION
07ABCDE9359F1Z5,07ABCDE9359F1Z5,Hard Supplier 128,Hard Supplier 128,INV-00128,INV-00128,2026-01-01,2026-01-01,12432,17432,2237.76,3137.76,3,1,4,CONTRADICTION
07ABCDE3241F1Z5,07ABCDE3241F1Z5,Hard Supplier 129,Hard Supplier 129,INV-00129,INV-00129,2026-01-25,2026-01-25,93974,98974,16915.32,17815.32,2,2,5,CONTRADICTION
07ABCDE7060F1Z5,07ABCDE7060F1Z5,Hard Supplier 130,Hard Supplier 130,INV-00130,INV-00131,2026-12-25,2026-12-25,15373,15373,2767.14,2767.14,1,1,4,CONTRADICTION
07ABCDE2140F1Z5,07ABCDE2140F1Z5,Hard Supplier 131,Hard Supplier 131,INV-00131,INV-00131,2026-07-27,2026-07-27,10225,15225,1840.50,2740.50,1,2,5,CONTRADICTION
07ABCDE6031F1Z5,07ABCDE6031F1Z5,Hard Supplier 132,Hard Supplier 132,INV-00132,INV-00132,2026-09-11,2026-09-11,60053,65053,10809.54,11709.54,2,2,4,CONTRADICTION
07ABCDE7249F1Z5,07ABCDE7249F1Z5,Hard Supplier 133,Hard Supplier 133,INV-00133,INV-00134,2026-01-07,2026-01-07,54973,54973,9895.14,9895.14,3,1,5,CONTRADICTION
07ABCDE3213F1Z5,07ABCDE3213F1Z5,Hard Supplier 134,Hard Supplier 134,INV-00134,INV-00135,2026-04-02,2026-04-02,10662,10662,1919.16,1919.16,2,1,5,CONTRADICTION
07ABCDE1271F1Z5,07ABCDE1271F1Z5,Hard Supplier 135,Hard Supplier 135,INV-00135,INV-00136,2026-11-21,2026-11-21,92602,92602,16668.36,16668.36,2,2,5,CONTRADICTION
07ABCDE8816F1Z5,07ABCDE8816F1Z5,Hard Supplier 136,Hard Supplier 136,INV-00136,INV-00136,2026-09-01,2026-09-01,29600,34600,5328.00,6228.00,2,2,3,CONTRADICTION
07ABCDE8624F1Z5,07ABCDE8624F1Z5,Hard Supplier 137,Hard Supplier 137,INV-00137,INV-00138,2026-06-29,2026-06-29,46957,46957,8452.26,8452.26,1,2,3,CONTRADICTION
07ABCDE5599F1Z5,07ABCDE5599F1Z5,Hard Supplier 138,Hard Supplier 138,INV-00138,INV-00138,2026-08-10,2026-08-10,64569,69569,11622.42,12522.42,3,2,4,CONTRADICTION
07ABCDE4679F1Z5,07ABCDE4679F1Z5,Hard Supplier 139,Hard Supplier 139,INV-00139,INV-00140,2026-07-07,2026-07-07,51964,51964,9353.52,9353.52,3,2,3,CONTRADICTION
07ABCDE7817F1Z5,07ABCDE7817F1Z5,Hard Supplier 140,Hard Supplier 140,INV-00140,INV-00140,2026-09-26,2026-09-26,54462,59462,9803.16,10703.16,2,1,4,CONTRADICTION
07ABCDE1422F1Z5,07ABCDE1422F1Z5,Hard Supplier 141,Hard Supplier 141,INV-00141,INV-00141,2026-03-03,2026-03-03,2514,7514,452.52,1352.52,1,2,4,CONTRADICTION
07ABCDE6164F1Z5,07ABCDE6164F1Z5,Hard Supplier 142,Hard Supplier 142,INV-00142,INV-00143,2026-02-03,2026-02-03,70128,70128,12623.04,12623.04,1,2,3,CONTRADICTION
07ABCDE6125F1Z5,07ABCDE6125F1Z5,Hard Supplier 143,Hard Supplier 143,INV-00143,INV-00144,2026-12-02,2026-12-02,60299,60299,10853.82,10853.82,3,2,5,CONTRADICTION
07ABCDE7920F1Z5,07ABCDE7920F1Z5,Hard Supplier 144,Hard Supplier 144,INV-00144,INV-00145,2026-10-16,2026-10-16,4757,4757,856.26,856.26,2,1,3,CONTRADICTION
07ABCDE3345F1Z5,07ABCDE3345F1Z5,Hard Supplier 145,Hard Supplier 145,INV-00145,INV-00146,2026-06-26,2026-06-26,7369,7369,1326.42,1326.42,2,1,4,CONTRADICTION
07ABCDE1832F1Z5,07ABCDE1832F1Z5,Hard Supplier 146,Hard Supplier 146,INV-00146,INV-00146,2026-06-11,2026-06-11,99345,104345,17882.10,18782.10,3,2,3,CONTRADICTION
07ABCDE5602F1Z5,07ABCDE5602F1Z5,Hard Supplier 147,Hard Supplier 147,INV-00147,INV-00148,2026-07-19,2026-07-19,5010,5010,901.80,901.80,3,1,5,CONTRADICTION
07ABCDE9651F1Z5,07ABCDE9651F1Z5,Hard Supplier 148,Hard Supplier 148,INV-00148,INV-00149,2026-12-10,2026-12-10,11458,11458,2062.44,2062.44,1,1,5,CONTRADICTION
07ABCDE5538F1Z5,07ABCDE5538F1Z5,Hard Supplier 149,Hard Supplier 149,INV-00149,INV-00149,2026-12-11,2026-12-11,73639,78639,13255.02,14155.02,1,1,5,CONTRADICTION
07ABCDE1632F1Z5,07ABCDE1632F1Z5,Hard Supplier 150,Hard Supplier 150,INV-00150,INV-00150,2026-03-21,2026-03-21,60488,65488,10887.84,11787.84,1,2,3,CONTRADICTION
07ABCDE2567F1Z5,07ABCDE2567F1Z5,Hard Supplier 151,Hard Supplier 151,INV-00151,INV-00152,2026-10-26,2026-10-26,11674,11674,2101.32,2101.32,1,2,5,CONTRADICTION
07ABCDE2815F1Z5,07ABCDE2815F1Z5,Hard Supplier 152,Hard Supplier 152,INV-00152,INV-00152,2026-08-11,2026-08-11,53349,58349,9602.82,10502.82,1,2,5,CONTRADICTION
07ABCDE2705F1Z5,07ABCDE2705F1Z5,Hard Supplier 153,Hard Supplier 153,INV-00153,INV-00153,2026-11-08,2026-11-08,6977,11977,1255.86,2155.86,1,2,5,CONTRADICTION
07ABCDE5761F1Z5,07ABCDE5761F1Z5,Hard Supplier 154,Hard Supplier 154,INV-00154,INV-00155,2026-09-15,2026-09-15,35754,35754,6435.72,6435.72,1,1,4,CONTRADICTION
07ABCDE4855F1Z5,07ABCDE4855F1Z5,Hard Supplier 155,Hard Supplier 155,INV-00155,INV-00155,2026-11-02,2026-11-02,58003,63003,10440.54,11340.54,1,2,3,CONTRADICTION
07ABCDE4612F1Z5,07ABCDE4612F1Z5,Hard Supplier 156,Hard Supplier 156,INV-00156,INV-00156,2026-03-20,2026-03-20,39040,44040,7027.20,7927.20,2,1,5,CONTRADICTION
07ABCDE4528F1Z5,07ABCDE4528F1Z5,Hard Supplier 157,Hard Supplier 157,INV-00157,INV-00157,2026-09-03,2026-09-03,90896,95896,16361.28,17261.28,2,1,5,CONTRADICTION
07ABCDE5316F1Z5,07ABCDE5316F1Z5,Hard Supplier 158,Hard Supplier 158,INV-00158,INV-00158,2026-04-10,2026-04-10,3690,8690,664.20,1564.20,1,2,5,CONTRADICTION
07ABCDE6944F1Z5,07ABCDE6944F1Z5,Hard Supplier 159,Hard Supplier 159,INV-00159,INV-00159,2026-04-20,2026-04-20,96251,101251,17325.18,18225.18,3,1,3,CONTRADICTION
07ABCDE7183F1Z5,07ABCDE7183F1Z5,Hard Supplier 160,Hard Supplier 160,INV-00160,INV-00161,2026-06-02,2026-06-02,52672,52672,9480.96,9480.96,3,1,3,CONTRADICTION
07ABCDE5812F1Z5,07ABCDE5812F1Z5,Hard Supplier 161,Hard Supplier 161,INV-00161,INV-00162,2026-05-25,2026-05-25,75896,75896,13661.28,13661.28,2,2,4,CONTRADICTION
07ABCDE7396F1Z5,07ABCDE7396F1Z5,Hard Supplier 162,Hard Supplier 162,INV-00162,INV-00163,2026-11-26,2026-11-26,83349,83349,15002.82,15002.82,1,1,3,CONTRADICTION
07ABCDE1963F1Z5,07ABCDE1963F1Z5,Hard Supplier 163,Hard Supplier 163,INV-00163,INV-00164,2026-03-03,2026-03-03,85758,85758,15436.44,15436.44,3,1,4,CONTRADICTION
07ABCDE9233F1Z5,07ABCDE9233F1Z5,Hard Supplier 164,Hard Supplier 164,INV-00164,INV-00164,2026-08-06,2026-08-06,42229,47229,7601.22,8501.22,2,2,4,CONTRADICTION
07ABCDE3788F1Z5,07ABCDE3788F1Z5,Hard Supplier 165,Hard Supplier 165,INV-00165,INV-00165,2026-09-16,2026-09-16,46359,51359,8344.62,9244.62,3,1,3,CONTRADICTION
07ABCDE9356F1Z5,07ABCDE9356F1Z5,Hard Supplier 166,Hard Supplier 166,INV-00166,INV-00166,2026-10-12,2026-10-12,33948,38948,6110.64,7010.64,3,1,3,CONTRADICTION
07ABCDE1675F1Z5,07ABCDE1675F1Z5,Hard Supplier 167,Hard Supplier 167,INV-00167,INV-00167,2026-08-26,2026-08-26,2318,7318,417.24,1317.24,3,1,3,CONTRADICTION
07ABCDE1886F1Z5,07ABCDE1886F1Z5,Hard Supplier 168,Hard Supplier 168,INV-00168,INV-00169,2026-02-09,2026-02-09,85594,85594,15406.92,15406.92,3,1,5,CONTRADICTION
07ABCDE7551F1Z5,07ABCDE7551F1Z5,Hard Supplier 169,Hard Supplier 169,INV-00169,INV-00169,2026-10-25,2026-10-25,65487,70487,11787.66,12687.66,1,1,5,CONTRADICTION
07ABCDE1898F1Z5,07ABCDE1898F1Z5,Hard Supplier 170,Hard Supplier 170,INV-00170,INV-00170,2026-11-10,2026-11-10,22471,27471,4044.78,4944.78,2,2,5,CONTRADICTION
07ABCDE8670F1Z5,07ABCDE8670F1Z5,Hard Supplier 171,Hard Supplier 171,INV-00171,INV-00172,2026-06-13,2026-06-13,74304,74304,13374.72,13374.72,2,1,4,CONTRADICTION
07ABCDE5021F1Z5,07ABCDE5021F1Z5,Hard Supplier 172,Hard Supplier 172,INV-00172,INV-00173,2026-02-03,2026-02-03,71948,71948,12950.64,12950.64,2,1,3,CONTRADICTION
07ABCDE6242F1Z5,07ABCDE6242F1Z5,Hard Supplier 173,Hard Supplier 173,INV-00173,INV-00173,2026-04-30,2026-04-30,19366,24366,3485.88,4385.88,1,1,4,CONTRADICTION
07ABCDE5711F1Z5,07ABCDE5711F1Z5,Hard Supplier 174,Hard Supplier 174,INV-00174,INV-00174,2026-04-15,2026-04-15,93289,98289,16792.02,17692.02,3,1,4,CONTRADICTION
07ABCDE2971F1Z5,07ABCDE2971F1Z5,Hard Supplier 175,Hard Supplier 175,INV-00175,INV-00175,2026-10-25,2026-10-25,82230,87230,14801.40,15701.40,2,1,5,CONTRADICTION
07ABCDE3446F1Z5,07ABCDE3446F1Z5,Hard Supplier 176,Hard Supplier 176,INV-00176,INV-00176,2026-03-16,2026-03-16,84086,89086,15135.48,16035.48,2,1,4,CONTRADICTION
07ABCDE6164F1Z5,07ABCDE6164F1Z5,Hard Supplier 177,Hard Supplier 177,INV-00177,INV-00177,2026-07-07,2026-07-07,69670,74670,12540.60,13440.60,2,1,5,CONTRADICTION
07ABCDE6299F1Z5,07ABCDE6299F1Z5,Hard Supplier 178,Hard Supplier 178,INV-00178,INV-00178,2026-12-15,2026-12-15,43528,48528,7835.04,8735.04,1,2,5,CONTRADICTION
07ABCDE6784F1Z5,07ABCDE6784F1Z5,Hard Supplier 179,Hard Supplier 179,INV-00179,INV-00179,2026-06-20,2026-06-20,3069,8069,552.42,1452.42,2,2,3,CONTRADICTION
07ABCDE2900F1Z5,07ABCDE2900F1Z5,Hard Supplier 180,Hard Supplier 180,INV-00180,INV-00181,2026-10-13,2026-10-13,50447,50447,9080.46,9080.46,1,2,3,CONTRADICTION
07ABCDE3455F1Z5,07ABCDE3455F1Z5,Hard Supplier 181,Hard Supplier 181,INV-00181,INV-00181,2026-05-13,2026-05-13,63250,68250,11385.00,12285.00,1,2,3,CONTRADICTION
07ABCDE2742F1Z5,07ABCDE2742F1Z5,Hard Supplier 182,Hard Supplier 182,INV-00182,INV-00182,2026-02-28,2026-02-28,39276,44276,7069.68,7969.68,3,1,4,CONTRADICTION
07ABCDE2952F1Z5,07ABCDE2952F1Z5,Hard Supplier 183,Hard Supplier 183,INV-00183,INV-00183,2026-06-08,2026-06-08,10372,15372,1866.96,2766.96,3,2,5,CONTRADICTION
07ABCDE9540F1Z5,07ABCDE9540F1Z5,Hard Supplier 184,Hard Supplier 184,INV-00184,INV-00184,2026-03-31,2026-03-31,61096,66096,10997.28,11897.28,2,1,5,CONTRADICTION
07ABCDE6782F1Z5,07ABCDE6782F1Z5,Hard Supplier 185,Hard Supplier 185,INV-00185,INV-00186,2026-12-02,2026-12-02,75927,75927,13666.86,13666.86,2,1,3,CONTRADICTION
07ABCDE8086F1Z5,07ABCDE8086F1Z5,Hard Supplier 186,Hard Supplier 186,INV-00186,INV-00186,2026-01-23,2026-01-23,44208,49208,7957.44,8857.44,3,2,3,CONTRADICTION
07ABCDE9993F1Z5,07ABCDE9993F1Z5,Hard Supplier 187,Hard Supplier 187,INV-00187,INV-00188,2026-07-17,2026-07-17,93552,93552,16839.36,16839.36,1,1,5,CONTRADICTION
07ABCDE7117F1Z5,07ABCDE7117F1Z5,Hard Supplier 188,Hard Supplier 188,INV-00188,INV-00189,2026-04-30,2026-04-30,65558,65558,11800.44,11800.44,3,1,3,CONTRADICTION
07ABCDE2190F1Z5,07ABCDE2190F1Z5,Hard Supplier 189,Hard Supplier 189,INV-00189,INV-00189,2026-05-27,2026-05-27,57161,62161,10288.98,11188.98,2,1,5,CONTRADICTION
07ABCDE2529F1Z5,07ABCDE2529F1Z5,Hard Supplier 190,Hard Supplier 190,INV-00190,INV-00191,2026-03-19,2026-03-19,5390,5390,970.20,970.20,3,1,5,CONTRADICTION
07ABCDE1200F1Z5,07ABCDE1200F1Z5,Hard Supplier 191,Hard Supplier 191,INV-00191,INV-00192,2026-06-19,2026-06-19,65582,65582,11804.76,11804.76,2,2,5,CONTRADICTION
07ABCDE7162F1Z5,07ABCDE7162F1Z5,Hard Supplier 192,Hard Supplier 192,INV-00192,INV-00193,2026-08-11,2026-08-11,9965,9965,1793.70,1793.70,3,1,3,CONTRADICTION
07ABCDE5994F1Z5,07ABCDE5994F1Z5,Hard Supplier 193,Hard Supplier 193,INV-00193,INV-00194,2026-02-01,2026-02-01,2588,2588,465.84,465.84,2,2,3,CONTRADICTION
07ABCDE6549F1Z5,07ABCDE6549F1Z5,Hard Supplier 194,Hard Supplier 194,INV-00194,INV-00195,2026-10-01,2026-10-01,77060,77060,13870.80,13870.80,3,1,3,CONTRADICTION
07ABCDE4284F1Z5,07ABCDE4284F1Z5,Hard Supplier 195,Hard Supplier 195,INV-00195,INV-00196,2026-09-02,2026-09-02,15415,15415,2774.70,2774.70,2,2,4,CONTRADICTION
07ABCDE2920F1Z5,07ABCDE2920F1Z5,Hard Supplier 196,Hard Supplier 196,INV-00196,INV-00197,2026-12-26,2026-12-26,18125,18125,3262.50,3262.50,2,1,4,CONTRADICTION
07ABCDE2823F1Z5,07ABCDE2823F1Z5,Hard Supplier 197,Hard Supplier 197,INV-00197,INV-00198,2026-09-11,2026-09-11,82843,82843,14911.74,14911.74,2,1,5,CONTRADICTION
07ABCDE2976F1Z5,07ABCDE2976F1Z5,Hard Supplier 198,Hard Supplier 198,INV-00198,INV-00199,2026-07-02,2026-07-02,7404,7404,1332.72,1332.72,2,1,3,CONTRADICTION
07ABCDE2780F1Z5,07ABCDE2780F1Z5,Hard Supplier 199,Hard Supplier 199,INV-00199,INV-00199,2026-05-21,2026-05-21,25743,30743,4633.74,5533.74,2,1,5,CONTRADICTION
07ABCDE7845F1Z5,07ABCDE7845F1Z5,Hard Supplier 200,Hard Supplier 200,INV-00200,INV-00201,2026-01-06,2026-01-06,55878,55878,10058.04,10058.04,2,1,4,CONTRADICTION
07ABCDE6958F1Z5,07ABCDE6958F1Z5,Hard Supplier 201,Hard Supplier 201,INV-00201,INV-00201,2026-08-23,2026-08-23,43197,48197,7775.46,8675.46,3,2,4,CONTRADICTION
07ABCDE2735F1Z5,07ABCDE2735F1Z5,Hard Supplier 202,Hard Supplier 202,INV-00202,INV-00202,2026-12-22,2026-12-22,51125,56125,9202.50,10102.50,2,2,3,CONTRADICTION
07ABCDE4971F1Z5,07ABCDE4971F1Z5,Hard Supplier 203,Hard Supplier 203,INV-00203,INV-00203,2026-06-24,2026-06-24,10643,15643,1915.74,2815.74,2,1,5,CONTRADICTION
07ABCDE3130F1Z5,07ABCDE3130F1Z5,Hard Supplier 204,Hard Supplier 204,INV-00204,INV-00204,2026-12-24,2026-12-24,15916,20916,2864.88,3764.88,2,2,5,CONTRADICTION
07ABCDE7512F1Z5,07ABCDE7512F1Z5,Hard Supplier 205,Hard Supplier 205,INV-00205,INV-00205,2026-10-08,2026-10-08,45409,50409,8173.62,9073.62,3,2,4,CONTRADICTION
07ABCDE3524F1Z5,07ABCDE3524F1Z5,Hard Supplier 206,Hard Supplier 206,INV-00206,INV-00206,2026-08-11,2026-08-11,27703,32703,4986.54,5886.54,1,2,4,CONTRADICTION
07ABCDE4958F1Z5,07ABCDE4958F1Z5,Hard Supplier 207,Hard Supplier 207,INV-00207,INV-00207,2026-06-23,2026-06-23,95784,100784,17241.12,18141.12,2,2,5,CONTRADICTION
07ABCDE6635F1Z5,07ABCDE6635F1Z5,Hard Supplier 208,Hard Supplier 208,INV-00208,INV-00209,2026-07-15,2026-07-15,86334,86334,15540.12,15540.12,2,1,3,CONTRADICTION
07ABCDE2797F1Z5,07ABCDE2797F1Z5,Hard Supplier 209,Hard Supplier 209,INV-00209,INV-00209,2026-06-11,2026-06-11,97124,102124,17482.32,18382.32,1,2,3,CONTRADICTION
07ABCDE7992F1Z5,07ABCDE7992F1Z5,Hard Supplier 210,Hard Supplier 210,INV-00210,INV-00210,2026-02-06,2026-02-06,17134,22134,3084.12,3984.12,2,1,4,CONTRADICTION
07ABCDE3682F1Z5,07ABCDE3682F1Z5,Hard Supplier 211,Hard Supplier 211,INV-00211,INV-00211,2026-12-16,2026-12-16,48522,53522,8733.96,9633.96,1,2,3,CONTRADICTION
07ABCDE6319F1Z5,07ABCDE6319F1Z5,Hard Supplier 212,Hard Supplier 212,INV-00212,INV-00213,2026-07-16,2026-07-16,37529,37529,6755.22,6755.22,2,1,3,CONTRADICTION
07ABCDE6936F1Z5,07ABCDE6936F1Z5,Hard Supplier 213,Hard Supplier 213,INV-00213,INV-00214,2026-10-23,2026-10-23,34106,34106,6139.08,6139.08,3,2,3,CONTRADICTION
07ABCDE2364F1Z5,07ABCDE2364F1Z5,Hard Supplier 214,Hard Supplier 214,INV-00214,INV-00215,2026-10-10,2026-10-10,13443,13443,2419.74,2419.74,3,1,4,CONTRADICTION
07ABCDE8884F1Z5,07ABCDE8884F1Z5,Hard Supplier 215,Hard Supplier 215,INV-00215,INV-00216,2026-04-21,2026-04-21,77015,77015,13862.70,13862.70,2,2,5,CONTRADICTION
07ABCDE6592F1Z5,07ABCDE6592F1Z5,Hard Supplier 216,Hard Supplier 216,INV-00216,INV-00216,2026-04-24,2026-04-24,44030,49030,7925.40,8825.40,3,1,5,CONTRADICTION
07ABCDE6894F1Z5,07ABCDE6894F1Z5,Hard Supplier 217,Hard Supplier 217,INV-00217,INV-00218,2026-12-07,2026-12-07,67358,67358,12124.44,12124.44,2,1,3,CONTRADICTION
07ABCDE1619F1Z5,07ABCDE1619F1Z5,Hard Supplier 218,Hard Supplier 218,INV-00218,INV-00219,2026-09-24,2026-09-24,6426,6426,1156.68,1156.68,3,2,3,CONTRADICTION
07ABCDE3684F1Z5,07ABCDE3684F1Z5,Hard Supplier 219,Hard Supplier 219,INV-00219,INV-00219,2026-03-30,2026-03-30,55102,60102,9918.36,10818.36,2,2,5,CONTRADICTION
07ABCDE7236F1Z5,07ABCDE7236F1Z5,Hard Supplier 220,Hard Supplier 220,INV-00220,INV-00221,2026-08-31,2026-08-31,25886,25886,4659.48,4659.48,1,1,4,CONTRADICTION
07ABCDE7876F1Z5,07ABCDE7876F1Z5,Hard Supplier 221,Hard Supplier 221,INV-00221,INV-00221,2026-07-03,2026-07-03,78940,83940,14209.20,15109.20,1,2,3,CONTRADICTION
07ABCDE1069F1Z5,07ABCDE1069F1Z5,Hard Supplier 222,Hard Supplier 222,INV-00222,INV-00222,2026-11-27,2026-11-27,34008,39008,6121.44,7021.44,2,2,4,CONTRADICTION
07ABCDE5358F1Z5,07ABCDE5358F1Z5,Hard Supplier 223,Hard Supplier 223,INV-00223,INV-00223,2026-09-14,2026-09-14,44174,49174,7951.32,8851.32,2,2,4,CONTRADICTION
07ABCDE4281F1Z5,07ABCDE4281F1Z5,Hard Supplier 224,Hard Supplier 224,INV-00224,INV-00225,2026-03-07,2026-03-07,8908,8908,1603.44,1603.44,3,2,4,CONTRADICTION
07ABCDE1752F1Z5,07ABCDE1752F1Z5,Hard Supplier 225,Hard Supplier 225,INV-00225,INV-00226,2026-09-18,2026-09-18,79577,79577,14323.86,14323.86,2,1,3,CONTRADICTION
07ABCDE6937F1Z5,07ABCDE6937F1Z5,Hard Supplier 226,Hard Supplier 226,INV-00226,INV-00226,2026-08-07,2026-08-07,51341,56341,9241.38,10141.38,2,1,5,CONTRADICTION
07ABCDE4884F1Z5,07ABCDE4884F1Z5,Hard Supplier 227,Hard Supplier 227,INV-00227,INV-00227,2026-02-15,2026-02-15,54658,59658,9838.44,10738.44,2,1,3,CONTRADICTION
07ABCDE4757F1Z5,07ABCDE4757F1Z5,Hard Supplier 228,Hard Supplier 228,INV-00228,INV-00229,2026-09-13,2026-09-13,20818,20818,3747.24,3747.24,3,2,5,CONTRADICTION
07ABCDE1961F1Z5,07ABCDE1961F1Z5,Hard Supplier 229,Hard Supplier 229,INV-00229,INV-00229,2026-05-24,2026-05-24,60143,65143,10825.74,11725.74,3,1,4,CONTRADICTION
07ABCDE6923F1Z5,07ABCDE6923F1Z5,Hard Supplier 230,Hard Supplier 230,INV-00230,INV-00230,2026-03-07,2026-03-07,59353,64353,10683.54,11583.54,3,2,5,CONTRADICTION
07ABCDE1995F1Z5,07ABCDE1995F1Z5,Hard Supplier 231,Hard Supplier 231,INV-00231,INV-00232,2026-12-16,2026-12-16,52195,52195,9395.10,9395.10,1,1,3,CONTRADICTION
07ABCDE6755F1Z5,07ABCDE6755F1Z5,Hard Supplier 232,Hard Supplier 232,INV-00232,INV-00232,2026-12-14,2026-12-14,86552,91552,15579.36,16479.36,1,1,5,CONTRADICTION
07ABCDE1425F1Z5,07ABCDE1425F1Z5,Hard Supplier 233,Hard Supplier 233,INV-00233,INV-00234,2026-05-12,2026-05-12,48465,48465,8723.70,8723.70,2,2,3,CONTRADICTION
07ABCDE9692F1Z5,07ABCDE9692F1Z5,Hard Supplier 234,Hard Supplier 234,INV-00234,INV-00234,2026-12-28,2026-12-28,23190,28190,4174.20,5074.20,3,1,3,CONTRADICTION
07ABCDE3442F1Z5,07ABCDE3442F1Z5,Hard Supplier 235,Hard Supplier 235,INV-00235,INV-00236,2026-12-15,2026-12-15,31663,31663,5699.34,5699.34,1,1,3,CONTRADICTION
07ABCDE7152F1Z5,07ABCDE7152F1Z5,Hard Supplier 236,Hard Supplier 236,INV-00236,INV-00237,2026-12-25,2026-12-25,7133,7133,1283.94,1283.94,1,1,4,CONTRADICTION
07ABCDE4679F1Z5,07ABCDE4679F1Z5,Hard Supplier 237,Hard Supplier 237,INV-00237,INV-00238,2026-11-12,2026-11-12,99978,99978,17996.04,17996.04,3,1,4,CONTRADICTION
07ABCDE8754F1Z5,07ABCDE8754F1Z5,Hard Supplier 238,Hard Supplier 238,INV-00238,INV-00239,2026-03-03,2026-03-03,92366,92366,16625.88,16625.88,3,1,4,CONTRADICTION
07ABCDE4921F1Z5,07ABCDE4921F1Z5,Hard Supplier 239,Hard Supplier 239,INV-00239,INV-00239,2026-07-27,2026-07-27,25891,30891,4660.38,5560.38,2,2,4,CONTRADICTION
07ABCDE7667F1Z5,07ABCDE7667F1Z5,Hard Supplier 240,Hard Supplier 240,INV-00240,INV-00241,2026-01-02,2026-01-02,17705,17705,3186.90,3186.90,1,2,4,CONTRADICTION
07ABCDE3655F1Z5,07ABCDE3655F1Z5,Hard Supplier 241,Hard Supplier 241,INV-00241,INV-00242,2026-10-10,2026-10-10,82489,82489,14848.02,14848.02,2,2,3,CONTRADICTION
07ABCDE9796F1Z5,07ABCDE9796F1Z5,Hard Supplier 242,Hard Supplier 242,INV-00242,INV-00243,2026-11-09,2026-11-09,35391,35391,6370.38,6370.38,3,2,3,CONTRADICTION
07ABCDE3917F1Z5,07ABCDE3917F1Z5,Hard Supplier 243,Hard Supplier 243,INV-00243,INV-00243,2026-05-23,2026-05-23,43789,48789,7882.02,8782.02,2,1,3,CONTRADICTION
07ABCDE6091F1Z5,07ABCDE6091F1Z5,Hard Supplier 244,Hard Supplier 244,INV-00244,INV-00245,2026-11-01,2026-11-01,47179,47179,8492.22,8492.22,1,1,3,CONTRADICTION
07ABCDE7214F1Z5,07ABCDE7214F1Z5,Hard Supplier 245,Hard Supplier 245,INV-00245,INV-00246,2026-10-09,2026-10-09,45083,45083,8114.94,8114.94,1,1,5,CONTRADICTION
07ABCDE8219F1Z5,07ABCDE8219F1Z5,Hard Supplier 246,Hard Supplier 246,INV-00246,INV-00246,2026-04-12,2026-04-12,11340,16340,2041.20,2941.20,2,1,5,CONTRADICTION
07ABCDE8068F1Z5,07ABCDE8068F1Z5,Hard Supplier 247,Hard Supplier 247,INV-00247,INV-00247,2027-01-01,2027-01-01,57307,62307,10315.26,11215.26,1,1,3,CONTRADICTION
07ABCDE2098F1Z5,07ABCDE2098F1Z5,Hard Supplier 248,Hard Supplier 248,INV-00248,INV-00249,2026-03-10,2026-03-10,7818,7818,1407.24,1407.24,3,2,4,CONTRADICTION
07ABCDE2777F1Z5,07ABCDE2777F1Z5,Hard Supplier 249,Hard Supplier 249,INV-00249,INV-00250,2026-04-08,2026-04-08,35423,35423,6376.14,6376.14,1,1,4,CONTRADICTION
07ABCDE7552F1Z5,07ABCDE7552F1Z5,Hard Supplier 250,Hard Supplier 250,INV-00250,INV-00250,2026-07-17,2026-07-17,66841,71841,12031.38,12931.38,1,2,3,CONTRADICTION
07ABCDE7596F1Z5,07ABCDE7596F1Z5,Hard Supplier 251,Hard Supplier 251,INV-00251,INV-00251,2026-11-14,2026-11-14,72160,77160,12988.80,13888.80,2,2,4,CONTRADICTION
07ABCDE6455F1Z5,07ABCDE6455F1Z5,Hard Supplier 252,Hard Supplier 252,INV-00252,INV-00253,2026-10-19,2026-10-19,70624,70624,12712.32,12712.32,2,1,5,CONTRADICTION
07ABCDE7572F1Z5,07ABCDE7572F1Z5,Hard Supplier 253,Hard Supplier 253,INV-00253,INV-00254,2026-08-23,2026-08-23,24456,24456,4402.08,4402.08,2,2,3,CONTRADICTION
07ABCDE8600F1Z5,07ABCDE8600F1Z5,Hard Supplier 254,Hard Supplier 254,INV-00254,INV-00255,2026-07-22,2026-07-22,16726,16726,3010.68,3010.68,1,2,4,CONTRADICTION
07ABCDE2566F1Z5,07ABCDE2566F1Z5,Hard Supplier 255,Hard Supplier 255,INV-00255,INV-00255,2026-10-13,2026-10-13,51048,56048,9188.64,10088.64,1,2,4,CONTRADICTION
07ABCDE5863F1Z5,07ABCDE5863F1Z5,Hard Supplier 256,Hard Supplier 256,INV-00256,INV-00256,2026-09-25,2026-09-25,56054,61054,10089.72,10989.72,1,2,3,CONTRADICTION
07ABCDE1355F1Z5,07ABCDE1355F1Z5,Hard Supplier 257,Hard Supplier 257,INV-00257,INV-00257,2026-07-06,2026-07-06,50694,55694,9124.92,10024.92,1,2,4,CONTRADICTION
07ABCDE2110F1Z5,07ABCDE2110F1Z5,Hard Supplier 258,Hard Supplier 258,INV-00258,INV-00258,2026-12-02,2026-12-02,34087,39087,6135.66,7035.66,1,1,5,CONTRADICTION
07ABCDE6165F1Z5,07ABCDE6165F1Z5,Hard Supplier 259,Hard Supplier 259,INV-00259,INV-00260,2026-04-06,2026-04-06,82196,82196,14795.28,14795.28,2,2,3,CONTRADICTION
07ABCDE3013F1Z5,07ABCDE3013F1Z5,Hard Supplier 260,Hard Supplier 260,INV-00260,INV-00260,2026-10-01,2026-10-01,40902,45902,7362.36,8262.36,2,2,4,CONTRADICTION
07ABCDE6455F1Z5,07ABCDE6455F1Z5,Hard Supplier 261,Hard Supplier 261,INV-00261,INV-00262,2026-12-04,2026-12-04,41254,41254,7425.72,7425.72,2,2,3,CONTRADICTION
07ABCDE4825F1Z5,07ABCDE4825F1Z5,Hard Supplier 262,Hard Supplier 262,INV-00262,INV-00263,2026-07-19,2026-07-19,20550,20550,3699.00,3699.00,2,2,3,CONTRADICTION
07ABCDE2340F1Z5,07ABCDE2340F1Z5,Hard Supplier 263,Hard Supplier 263,INV-00263,INV-00264,2026-02-25,2026-02-25,53896,53896,9701.28,9701.28,2,2,5,CONTRADICTION
07ABCDE4074F1Z5,07ABCDE4074F1Z5,Hard Supplier 264,Hard Supplier 264,INV-00264,INV-00264,2026-03-12,2026-03-12,66369,71369,11946.42,12846.42,2,1,5,CONTRADICTION
07ABCDE6306F1Z5,07ABCDE6306F1Z5,Hard Supplier 265,Hard Supplier 265,INV-00265,INV-00265,2026-01-30,2026-01-30,9162,14162,1649.16,2549.16,3,2,4,CONTRADICTION
07ABCDE7655F1Z5,07ABCDE7655F1Z5,Hard Supplier 266,Hard Supplier 266,INV-00266,INV-00267,2026-07-03,2026-07-03,96113,96113,17300.34,17300.34,2,2,3,CONTRADICTION
07ABCDE6423F1Z5,07ABCDE6423F1Z5,Hard Supplier 267,Hard Supplier 267,INV-00267,INV-00267,2026-05-11,2026-05-11,60750,65750,10935.00,11835.00,1,2,4,CONTRADICTION
07ABCDE4731F1Z5,07ABCDE4731F1Z5,Hard Supplier 268,Hard Supplier 268,INV-00268,INV-00269,2026-07-30,2026-07-30,23711,23711,4267.98,4267.98,2,1,5,CONTRADICTION
07ABCDE3138F1Z5,07ABCDE3138F1Z5,Hard Supplier 269,Hard Supplier 269,INV-00269,INV-00269,2026-11-09,2026-11-09,74024,79024,13324.32,14224.32,1,1,4,CONTRADICTION
07ABCDE5970F1Z5,07ABCDE5970F1Z5,Hard Supplier 270,Hard Supplier 270,INV-00270,INV-00270,2026-07-30,2026-07-30,38608,43608,6949.44,7849.44,3,2,3,CONTRADICTION
07ABCDE7839F1Z5,07ABCDE7839F1Z5,Hard Supplier 271,Hard Supplier 271,INV-00271,INV-00271,2026-03-17,2026-03-17,16144,21144,2905.92,3805.92,3,1,4,CONTRADICTION
07ABCDE7620F1Z5,07ABCDE7620F1Z5,Hard Supplier 272,Hard Supplier 272,INV-00272,INV-00272,2026-02-08,2026-02-08,97937,102937,17628.66,18528.66,3,2,4,CONTRADICTION
07ABCDE3837F1Z5,07ABCDE3837F1Z5,Hard Supplier 273,Hard Supplier 273,INV-00273,INV-00274,2026-02-07,2026-02-07,84123,84123,15142.14,15142.14,1,1,3,CONTRADICTION
07ABCDE4993F1Z5,07ABCDE4993F1Z5,Hard Supplier 274,Hard Supplier 274,INV-00274,INV-00275,2026-04-11,2026-04-11,69045,69045,12428.10,12428.10,1,1,5,CONTRADICTION
07ABCDE8157F1Z5,07ABCDE8157F1Z5,Hard Supplier 275,Hard Supplier 275,INV-00275,INV-00275,2026-01-28,2026-01-28,94828,99828,17069.04,17969.04,1,2,4,CONTRADICTION
07ABCDE3360F1Z5,07ABCDE3360F1Z5,Hard Supplier 276,Hard Supplier 276,INV-00276,INV-00276,2026-02-27,2026-02-27,27771,32771,4998.78,5898.78,1,1,3,CONTRADICTION
07ABCDE4037F1Z5,07ABCDE4037F1Z5,Hard Supplier 277,Hard Supplier 277,INV-00277,INV-00278,2026-05-28,2026-05-28,23470,23470,4224.60,4224.60,2,2,4,CONTRADICTION
07ABCDE4723F1Z5,07ABCDE4723F1Z5,Hard Supplier 278,Hard Supplier 278,INV-00278,INV-00278,2026-03-18,2026-03-18,97528,102528,17555.04,18455.04,1,1,5,CONTRADICTION
07ABCDE2812F1Z5,07ABCDE2812F1Z5,Hard Supplier 279,Hard Supplier 279,INV-00279,INV-00279,2026-04-29,2026-04-29,15492,20492,2788.56,3688.56,2,2,4,CONTRADICTION
07ABCDE3661F1Z5,07ABCDE3661F1Z5,Hard Supplier 280,Hard Supplier 280,INV-00280,INV-00281,2026-12-20,2026-12-20,25127,25127,4522.86,4522.86,3,1,5,CONTRADICTION
07ABCDE3086F1Z5,07ABCDE3086F1Z5,Hard Supplier 281,Hard Supplier 281,INV-00281,INV-00282,2026-07-18,2026-07-18,75467,75467,13584.06,13584.06,3,2,3,CONTRADICTION
07ABCDE7324F1Z5,07ABCDE7324F1Z5,Hard Supplier 282,Hard Supplier 282,INV-00282,INV-00282,2026-12-20,2026-12-20,22554,27554,4059.72,4959.72,3,1,5,CONTRADICTION
07ABCDE6444F1Z5,07ABCDE6444F1Z5,Hard Supplier 283,Hard Supplier 283,INV-00283,INV-00283,2026-05-06,2026-05-06,89521,94521,16113.78,17013.78,3,2,5,CONTRADICTION
07ABCDE2749F1Z5,07ABCDE2749F1Z5,Hard Supplier 284,Hard Supplier 284,INV-00284,INV-00285,2026-10-07,2026-10-07,62306,62306,11215.08,11215.08,3,2,4,CONTRADICTION
07ABCDE5136F1Z5,07ABCDE5136F1Z5,Hard Supplier 285,Hard Supplier 285,INV-00285,INV-00286,2026-06-10,2026-06-10,28832,28832,5189.76,5189.76,1,1,3,CONTRADICTION
07ABCDE1843F1Z5,07ABCDE1843F1Z5,Hard Supplier 286,Hard Supplier 286,INV-00286,INV-00287,2026-05-08,2026-05-08,35663,35663,6419.34,6419.34,2,1,3,CONTRADICTION
07ABCDE8312F1Z5,07ABCDE8312F1Z5,Hard Supplier 287,Hard Supplier 287,INV-00287,INV-00288,2026-09-15,2026-09-15,35675,35675,6421.50,6421.50,3,1,5,CONTRADICTION
07ABCDE6591F1Z5,07ABCDE6591F1Z5,Hard Supplier 288,Hard Supplier 288,INV-00288,INV-00289,2026-12-02,2026-12-02,25267,25267,4548.06,4548.06,2,2,3,CONTRADICTION
07ABCDE5853F1Z5,07ABCDE5853F1Z5,Hard Supplier 289,Hard Supplier 289,INV-00289,INV-00289,2026-06-22,2026-06-22,83562,88562,15041.16,15941.16,1,1,5,CONTRADICTION
07ABCDE7408F1Z5,07ABCDE7408F1Z5,Hard Supplier 290,Hard Supplier 290,INV-00290,INV-00291,2026-09-11,2026-09-11,53928,53928,9707.04,9707.04,1,1,4,CONTRADICTION
07ABCDE2010F1Z5,07ABCDE2010F1Z5,Hard Supplier 291,Hard Supplier 291,INV-00291,INV-00292,2026-03-07,2026-03-07,27113,27113,4880.34,4880.34,1,2,5,CONTRADICTION
07ABCDE3224F1Z5,07ABCDE3224F1Z5,Hard Supplier 292,Hard Supplier 292,INV-00292,INV-00293,2026-10-20,2026-10-20,68857,68857,12394.26,12394.26,3,1,5,CONTRADICTION
07ABCDE5572F1Z5,07ABCDE5572F1Z5,Hard Supplier 293,Hard Supplier 293,INV-00293,INV-00293,2026-06-29,2026-06-29,77684,82684,13983.12,14883.12,3,2,3,CONTRADICTION
07ABCDE1554F1Z5,07ABCDE1554F1Z5,Hard Supplier 294,Hard Supplier 294,INV-00294,INV-00294,2026-01-23,2026-01-23,99174,104174,17851.32,18751.32,2,1,3,CONTRADICTION
07ABCDE8162F1Z5,07ABCDE8162F1Z5,Hard Supplier 295,Hard Supplier 295,INV-00295,INV-00295,2026-12-29,2026-12-29,77859,82859,14014.62,14914.62,2,1,5,CONTRADICTION
07ABCDE8875F1Z5,07ABCDE8875F1Z5,Hard Supplier 296,Hard Supplier 296,INV-00296,INV-00297,2026-01-29,2026-01-29,70100,70100,12618.00,12618.00,3,1,3,CONTRADICTION
07ABCDE7837F1Z5,07ABCDE7837F1Z5,Hard Supplier 297,Hard Supplier 297,INV-00297,INV-00298,2026-09-09,2026-09-09,1242,1242,223.56,223.56,1,1,5,CONTRADICTION
07ABCDE7110F1Z5,07ABCDE7110F1Z5,Hard Supplier 298,Hard Supplier 298,INV-00298,INV-00299,2026-07-16,2026-07-16,33906,33906,6103.08,6103.08,1,1,5,CONTRADICTION
07ABCDE4790F1Z5,07ABCDE4790F1Z5,Hard Supplier 299,Hard Supplier 299,INV-00299,INV-00300,2026-01-08,2026-01-08,86377,86377,15547.86,15547.86,3,2,5,CONTRADICTION
07ABCDE2306F1Z5,07ABCDE2306F1Z5,Hard Supplier 300,Hard Supplier 300,INV-00300,INV-00300,2026-11-06,2026-11-06,83211,88211,14977.98,15877.98,2,1,4,CONTRADICTION
07ABCDE2940F1Z5,07ABCDE2940F1Z5,Hard Supplier 301,Hard Supplier 301,INV-00301,INV-00301,2026-11-01,2026-11-01,43668,48668,7860.24,8760.24,1,1,4,CONTRADICTION
07ABCDE4202F1Z5,07ABCDE4202F1Z5,Hard Supplier 302,Hard Supplier 302,INV-00302,INV-00302,2026-04-18,2026-04-18,77344,82344,13921.92,14821.92,2,1,3,CONTRADICTION
07ABCDE6595F1Z5,07ABCDE6595F1Z5,Hard Supplier 303,Hard Supplier 303,INV-00303,INV-00303,2026-01-07,2026-01-07,71941,76941,12949.38,13849.38,3,1,4,CONTRADICTION
07ABCDE3391F1Z5,07ABCDE3391F1Z5,Hard Supplier 304,Hard Supplier 304,INV-00304,INV-00304,2026-02-14,2026-02-14,41115,46115,7400.70,8300.70,2,1,3,CONTRADICTION
07ABCDE1704F1Z5,07ABCDE1704F1Z5,Hard Supplier 305,Hard Supplier 305,INV-00305,INV-00305,2026-12-18,2026-12-18,57260,62260,10306.80,11206.80,3,2,3,CONTRADICTION
07ABCDE2917F1Z5,07ABCDE2917F1Z5,Hard Supplier 306,Hard Supplier 306,INV-00306,INV-00307,2026-12-01,2026-12-01,23272,23272,4188.96,4188.96,3,2,3,CONTRADICTION
07ABCDE2171F1Z5,07ABCDE2171F1Z5,Hard Supplier 307,Hard Supplier 307,INV-00307,INV-00307,2026-02-28,2026-02-28,43531,48531,7835.58,8735.58,2,1,4,CONTRADICTION
07ABCDE2697F1Z5,07ABCDE2697F1Z5,Hard Supplier 308,Hard Supplier 308,INV-00308,INV-00309,2026-05-14,2026-05-14,79364,79364,14285.52,14285.52,1,1,5,CONTRADICTION
07ABCDE3873F1Z5,07ABCDE3873F1Z5,Hard Supplier 309,Hard Supplier 309,INV-00309,INV-00310,2026-03-06,2026-03-06,75043,75043,13507.74,13507.74,3,2,5,CONTRADICTION
07ABCDE5273F1Z5,07ABCDE5273F1Z5,Hard Supplier 310,Hard Supplier 310,INV-00310,INV-00311,2026-10-14,2026-10-14,37214,37214,6698.52,6698.52,3,2,3,CONTRADICTION
07ABCDE7759F1Z5,07ABCDE7759F1Z5,Hard Supplier 311,Hard Supplier 311,INV-00311,INV-00311,2026-10-10,2026-10-10,50570,55570,9102.60,10002.60,1,2,3,CONTRADICTION
07ABCDE9521F1Z5,07ABCDE9521F1Z5,Hard Supplier 312,Hard Supplier 312,INV-00312,INV-00312,2026-02-01,2026-02-01,17875,22875,3217.50,4117.50,2,2,3,CONTRADICTION
07ABCDE7475F1Z5,07ABCDE7475F1Z5,Hard Supplier 313,Hard Supplier 313,INV-00313,INV-00314,2026-09-01,2026-09-01,57182,57182,10292.76,10292.76,3,1,5,CONTRADICTION
07ABCDE3636F1Z5,07ABCDE3636F1Z5,Hard Supplier 314,Hard Supplier 314,INV-00314,INV-00315,2026-06-26,2026-06-26,43263,43263,7787.34,7787.34,2,1,5,CONTRADICTION
07ABCDE8646F1Z5,07ABCDE8646F1Z5,Hard Supplier 315,Hard Supplier 315,INV-00315,INV-00315,2026-09-27,2026-09-27,38663,43663,6959.34,7859.34,1,1,5,CONTRADICTION
07ABCDE1757F1Z5,07ABCDE1757F1Z5,Hard Supplier 316,Hard Supplier 316,INV-00316,INV-00316,2026-05-26,2026-05-26,94664,99664,17039.52,17939.52,2,1,3,CONTRADICTION
07ABCDE4157F1Z5,07ABCDE4157F1Z5,Hard Supplier 317,Hard Supplier 317,INV-00317,INV-00318,2026-10-06,2026-10-06,8354,8354,1503.72,1503.72,2,1,4,CONTRADICTION
07ABCDE9568F1Z5,07ABCDE9568F1Z5,Hard Supplier 318,Hard Supplier 318,INV-00318,INV-00319,2026-02-16,2026-02-16,30434,30434,5478.12,5478.12,1,1,4,CONTRADICTION
07ABCDE5246F1Z5,07ABCDE5246F1Z5,Hard Supplier 319,Hard Supplier 319,INV-00319,INV-00319,2026-06-13,2026-06-13,70029,75029,12605.22,13505.22,2,1,3,CONTRADICTION
07ABCDE8023F1Z5,07ABCDE8023F1Z5,Hard Supplier 320,Hard Supplier 320,INV-00320,INV-00321,2026-07-04,2026-07-04,43608,43608,7849.44,7849.44,1,1,4,CONTRADICTION
07ABCDE1780F1Z5,07ABCDE1780F1Z5,Hard Supplier 321,Hard Supplier 321,INV-00321,INV-00322,2026-06-16,2026-06-16,33187,33187,5973.66,5973.66,2,1,5,CONTRADICTION
07ABCDE3710F1Z5,07ABCDE3710F1Z5,Hard Supplier 322,Hard Supplier 322,INV-00322,INV-00323,2026-08-28,2026-08-28,88162,88162,15869.16,15869.16,2,2,4,CONTRADICTION
07ABCDE6778F1Z5,07ABCDE6778F1Z5,Hard Supplier 323,Hard Supplier 323,INV-00323,INV-00324,2026-01-11,2026-01-11,67928,67928,12227.04,12227.04,3,1,3,CONTRADICTION
07ABCDE8760F1Z5,07ABCDE8760F1Z5,Hard Supplier 324,Hard Supplier 324,INV-00324,INV-00325,2026-08-01,2026-08-01,51655,51655,9297.90,9297.90,3,1,3,CONTRADICTION
07ABCDE9296F1Z5,07ABCDE9296F1Z5,Hard Supplier 325,Hard Supplier 325,INV-00325,INV-00325,2026-10-11,2026-10-11,85640,90640,15415.20,16315.20,1,1,3,CONTRADICTION
07ABCDE9083F1Z5,07ABCDE9083F1Z5,Hard Supplier 326,Hard Supplier 326,INV-00326,INV-00327,2026-04-09,2026-04-09,79473,79473,14305.14,14305.14,3,2,3,CONTRADICTION
07ABCDE3953F1Z5,07ABCDE3953F1Z5,Hard Supplier 327,Hard Supplier 327,INV-00327,INV-00327,2026-05-21,2026-05-21,55366,60366,9965.88,10865.88,2,2,4,CONTRADICTION
07ABCDE2121F1Z5,07ABCDE2121F1Z5,Hard Supplier 328,Hard Supplier 328,INV-00328,INV-00328,2026-10-30,2026-10-30,87117,92117,15681.06,16581.06,3,1,3,CONTRADICTION
07ABCDE6435F1Z5,07ABCDE6435F1Z5,Hard Supplier 329,Hard Supplier 329,INV-00329,INV-00329,2026-01-11,2026-01-11,47205,52205,8496.90,9396.90,1,2,5,CONTRADICTION
07ABCDE2228F1Z5,07ABCDE2228F1Z5,Hard Supplier 330,Hard Supplier 330,INV-00330,INV-00330,2026-07-12,2026-07-12,13993,18993,2518.74,3418.74,1,2,4,CONTRADICTION
07ABCDE1831F1Z5,07ABCDE1831F1Z5,Hard Supplier 331,Hard Supplier 331,INV-00331,INV-00331,2026-09-21,2026-09-21,27651,32651,4977.18,5877.18,3,1,4,CONTRADICTION
07ABCDE8684F1Z5,07ABCDE8684F1Z5,Hard Supplier 332,Hard Supplier 332,INV-00332,INV-00332,2026-02-01,2026-02-01,32348,37348,5822.64,6722.64,1,2,5,CONTRADICTION
07ABCDE1625F1Z5,07ABCDE1625F1Z5,Hard Supplier 333,Hard Supplier 333,INV-00333,INV-00334,2026-03-28,2026-03-28,78810,78810,14185.80,14185.80,3,1,3,CONTRADICTION
07ABCDE2482F1Z5,07ABCDE2482F1Z5,Hard Supplier 334,Hard Supplier 334,INV-00334,INV-00335,2026-03-02,2026-03-02,67273,67273,12109.14,12109.14,1,2,5,CONTRADICTION
07ABCDE6245F1Z5,07ABCDE6245F1Z5,Hard Supplier 335,Hard Supplier 335,INV-00335,INV-00336,2026-10-27,2026-10-27,36053,36053,6489.54,6489.54,1,2,3,CONTRADICTION
07ABCDE8211F1Z5,07ABCDE8211F1Z5,Hard Supplier 336,Hard Supplier 336,INV-00336,INV-00336,2026-02-08,2026-02-08,44641,49641,8035.38,8935.38,2,2,3,CONTRADICTION
07ABCDE1142F1Z5,07ABCDE1142F1Z5,Hard Supplier 337,Hard Supplier 337,INV-00337,INV-00337,2026-02-22,2026-02-22,91885,96885,16539.30,17439.30,2,2,4,CONTRADICTION
07ABCDE6540F1Z5,07ABCDE6540F1Z5,Hard Supplier 338,Hard Supplier 338,INV-00338,INV-00339,2026-06-27,2026-06-27,38053,38053,6849.54,6849.54,3,1,3,CONTRADICTION
07ABCDE6328F1Z5,07ABCDE6328F1Z5,Hard Supplier 339,Hard Supplier 339,INV-00339,INV-00340,2026-12-04,2026-12-04,15818,15818,2847.24,2847.24,1,1,4,CONTRADICTION
07ABCDE3152F1Z5,07ABCDE3152F1Z5,Hard Supplier 340,Hard Supplier 340,INV-00340,INV-00341,2026-01-11,2026-01-11,88910,88910,16003.80,16003.80,2,2,4,CONTRADICTION
07ABCDE3230F1Z5,07ABCDE3230F1Z5,Hard Supplier 341,Hard Supplier 341,INV-00341,INV-00342,2026-10-07,2026-10-07,41606,41606,7489.08,7489.08,1,2,4,CONTRADICTION
07ABCDE1526F1Z5,07ABCDE1526F1Z5,Hard Supplier 342,Hard Supplier 342,INV-00342,INV-00343,2026-04-21,2026-04-21,70635,70635,12714.30,12714.30,3,1,5,CONTRADICTION
07ABCDE1767F1Z5,07ABCDE1767F1Z5,Hard Supplier 343,Hard Supplier 343,INV-00343,INV-00343,2026-11-17,2026-11-17,62395,67395,11231.10,12131.10,2,1,3,CONTRADICTION
07ABCDE9631F1Z5,07ABCDE9631F1Z5,Hard Supplier 344,Hard Supplier 344,INV-00344,INV-00345,2026-03-11,2026-03-11,77777,77777,13999.86,13999.86,1,1,3,CONTRADICTION
07ABCDE7506F1Z5,07ABCDE7506F1Z5,Hard Supplier 345,Hard Supplier 345,INV-00345,INV-00345,2026-05-02,2026-05-02,5267,10267,948.06,1848.06,2,2,5,CONTRADICTION
07ABCDE8031F1Z5,07ABCDE8031F1Z5,Hard Supplier 346,Hard Supplier 346,INV-00346,INV-00346,2026-05-18,2026-05-18,97400,102400,17532.00,18432.00,3,2,4,CONTRADICTION
07ABCDE4535F1Z5,07ABCDE4535F1Z5,Hard Supplier 347,Hard Supplier 347,INV-00347,INV-00347,2026-05-27,2026-05-27,53671,58671,9660.78,10560.78,2,1,3,CONTRADICTION
07ABCDE9853F1Z5,07ABCDE9853F1Z5,Hard Supplier 348,Hard Supplier 348,INV-00348,INV-00348,2026-09-14,2026-09-14,20572,25572,3702.96,4602.96,2,2,4,CONTRADICTION
07ABCDE3068F1Z5,07ABCDE3068F1Z5,Hard Supplier 349,Hard Supplier 349,INV-00349,INV-00349,2026-07-21,2026-07-21,94006,99006,16921.08,17821.08,2,2,3,CONTRADICTION
07ABCDE7016F1Z5,07ABCDE7016F1Z5,Hard Supplier 350,Hard Supplier 350,INV-00350,INV-00351,2026-04-20,2026-04-20,68047,68047,12248.46,12248.46,1,1,4,CONTRADICTION
07ABCDE2629F1Z5,07ABCDE2629F1Z5,Hard Supplier 351,Hard Supplier 351,INV-00351,INV-00351,2026-02-22,2026-02-22,34352,39352,6183.36,7083.36,3,1,3,CONTRADICTION
07ABCDE7125F1Z5,07ABCDE7125F1Z5,Hard Supplier 352,Hard Supplier 352,INV-00352,INV-00352,2026-07-26,2026-07-26,30617,35617,5511.06,6411.06,3,1,4,CONTRADICTION
07ABCDE4980F1Z5,07ABCDE4980F1Z5,Hard Supplier 353,Hard Supplier 353,INV-00353,INV-00354,2026-10-01,2026-10-01,81294,81294,14632.92,14632.92,1,2,5,CONTRADICTION
07ABCDE9055F1Z5,07ABCDE9055F1Z5,Hard Supplier 354,Hard Supplier 354,INV-00354,INV-00355,2026-04-19,2026-04-19,82537,82537,14856.66,14856.66,3,2,4,CONTRADICTION
07ABCDE9155F1Z5,07ABCDE9155F1Z5,Hard Supplier 355,Hard Supplier 355,INV-00355,INV-00356,2026-07-09,2026-07-09,72236,72236,13002.48,13002.48,1,2,4,CONTRADICTION
07ABCDE9021F1Z5,07ABCDE9021F1Z5,Hard Supplier 356,Hard Supplier 356,INV-00356,INV-00357,2026-07-03,2026-07-03,78662,78662,14159.16,14159.16,3,1,5,CONTRADICTION
07ABCDE5387F1Z5,07ABCDE5387F1Z5,Hard Supplier 357,Hard Supplier 357,INV-00357,INV-00358,2026-06-05,2026-06-05,44104,44104,7938.72,7938.72,1,1,4,CONTRADICTION
07ABCDE5665F1Z5,07ABCDE5665F1Z5,Hard Supplier 358,Hard Supplier 358,INV-00358,INV-00359,2026-03-11,2026-03-11,10753,10753,1935.54,1935.54,1,1,3,CONTRADICTION
07ABCDE5848F1Z5,07ABCDE5848F1Z5,Hard Supplier 359,Hard Supplier 359,INV-00359,INV-00359,2026-09-27,2026-09-27,56846,61846,10232.28,11132.28,3,1,5,CONTRADICTION
07ABCDE4017F1Z5,07ABCDE4017F1Z5,Hard Supplier 360,Hard Supplier 360,INV-00360,INV-00361,2026-12-11,2026-12-11,82933,82933,14927.94,14927.94,2,2,3,CONTRADICTION
07ABCDE2753F1Z5,07ABCDE2753F1Z5,Hard Supplier 361,Hard Supplier 361,INV-00361,INV-00362,2026-12-08,2026-12-08,42139,42139,7585.02,7585.02,1,1,4,CONTRADICTION
07ABCDE3113F1Z5,07ABCDE3113F1Z5,Hard Supplier 362,Hard Supplier 362,INV-00362,INV-00362,2026-03-23,2026-03-23,78948,83948,14210.64,15110.64,1,1,5,CONTRADICTION
07ABCDE1346F1Z5,07ABCDE1346F1Z5,Hard Supplier 363,Hard Supplier 363,INV-00363,INV-00364,2026-05-06,2026-05-06,75145,75145,13526.10,13526.10,1,1,4,CONTRADICTION
07ABCDE3581F1Z5,07ABCDE3581F1Z5,Hard Supplier 364,Hard Supplier 364,INV-00364,INV-00365,2026-04-26,2026-04-26,88658,88658,15958.44,15958.44,1,1,3,CONTRADICTION
07ABCDE5467F1Z5,07ABCDE5467F1Z5,Hard Supplier 365,Hard Supplier 365,INV-00365,INV-00366,2026-10-28,2026-10-28,92177,92177,16591.86,16591.86,3,2,5,CONTRADICTION
07ABCDE5767F1Z5,07ABCDE5767F1Z5,Hard Supplier 366,Hard Supplier 366,INV-00366,INV-00367,2026-05-16,2026-05-16,76748,76748,13814.64,13814.64,2,2,4,CONTRADICTION
07ABCDE7614F1Z5,07ABCDE7614F1Z5,Hard Supplier 367,Hard Supplier 367,INV-00367,INV-00368,2026-07-23,2026-07-23,49859,49859,8974.62,8974.62,1,1,3,CONTRADICTION
07ABCDE5969F1Z5,07ABCDE5969F1Z5,Hard Supplier 368,Hard Supplier 368,INV-00368,INV-00369,2026-01-24,2026-01-24,77232,77232,13901.76,13901.76,2,2,4,CONTRADICTION
07ABCDE9879F1Z5,07ABCDE9879F1Z5,Hard Supplier 369,Hard Supplier 369,INV-00369,INV-00370,2026-08-28,2026-08-28,88578,88578,15944.04,15944.04,1,1,4,CONTRADICTION
07ABCDE1016F1Z5,07ABCDE1016F1Z5,Hard Supplier 370,Hard Supplier 370,INV-00370,INV-00370,2026-08-18,2026-08-18,65767,70767,11838.06,12738.06,1,2,5,CONTRADICTION
07ABCDE1034F1Z5,07ABCDE1034F1Z5,Hard Supplier 371,Hard Supplier 371,INV-00371,INV-00371,2026-01-13,2026-01-13,66968,71968,12054.24,12954.24,2,1,3,CONTRADICTION
07ABCDE8482F1Z5,07ABCDE8482F1Z5,Hard Supplier 372,Hard Supplier 372,INV-00372,INV-00372,2026-12-14,2026-12-14,47835,52835,8610.30,9510.30,3,1,5,CONTRADICTION
07ABCDE8267F1Z5,07ABCDE8267F1Z5,Hard Supplier 373,Hard Supplier 373,INV-00373,INV-00374,2026-07-23,2026-07-23,51917,51917,9345.06,9345.06,2,1,5,CONTRADICTION
07ABCDE9855F1Z5,07ABCDE9855F1Z5,Hard Supplier 374,Hard Supplier 374,INV-00374,INV-00375,2026-03-09,2026-03-09,99035,99035,17826.30,17826.30,3,1,3,CONTRADICTION
07ABCDE6778F1Z5,07ABCDE6778F1Z5,Hard Supplier 375,Hard Supplier 375,INV-00375,INV-00375,2026-02-05,2026-02-05,3685,8685,663.30,1563.30,3,2,3,CONTRADICTION
07ABCDE4316F1Z5,07ABCDE4316F1Z5,Hard Supplier 376,Hard Supplier 376,INV-00376,INV-00376,2026-09-13,2026-09-13,24211,29211,4357.98,5257.98,1,2,5,CONTRADICTION
07ABCDE4867F1Z5,07ABCDE4867F1Z5,Hard Supplier 377,Hard Supplier 377,INV-00377,INV-00378,2026-06-15,2026-06-15,56342,56342,10141.56,10141.56,3,2,4,CONTRADICTION
07ABCDE6635F1Z5,07ABCDE6635F1Z5,Hard Supplier 378,Hard Supplier 378,INV-00378,INV-00379,2026-12-29,2026-12-29,22131,22131,3983.58,3983.58,1,2,5,CONTRADICTION
07ABCDE4253F1Z5,07ABCDE4253F1Z5,Hard Supplier 379,Hard Supplier 379,INV-00379,INV-00379,2026-01-27,2026-01-27,78978,83978,14216.04,15116.04,1,2,3,CONTRADICTION
07ABCDE5053F1Z5,07ABCDE5053F1Z5,Hard Supplier 380,Hard Supplier 380,INV-00380,INV-00381,2026-01-19,2026-01-19,63070,63070,11352.60,11352.60,2,2,5,CONTRADICTION
07ABCDE2940F1Z5,07ABCDE2940F1Z5,Hard Supplier 381,Hard Supplier 381,INV-00381,INV-00381,2026-02-01,2026-02-01,83867,88867,15096.06,15996.06,2,2,4,CONTRADICTION
07ABCDE6299F1Z5,07ABCDE6299F1Z5,Hard Supplier 382,Hard Supplier 382,INV-00382,INV-00382,2026-12-15,2026-12-15,87044,92044,15667.92,16567.92,3,1,3,CONTRADICTION
07ABCDE8713F1Z5,07ABCDE8713F1Z5,Hard Supplier 383,Hard Supplier 383,INV-00383,INV-00383,2026-11-23,2026-11-23,67150,72150,12087.00,12987.00,2,2,5,CONTRADICTION
07ABCDE1514F1Z5,07ABCDE1514F1Z5,Hard Supplier 384,Hard Supplier 384,INV-00384,INV-00384,2026-10-06,2026-10-06,36038,41038,6486.84,7386.84,3,2,5,CONTRADICTION
07ABCDE3297F1Z5,07ABCDE3297F1Z5,Hard Supplier 385,Hard Supplier 385,INV-00385,INV-00386,2026-06-16,2026-06-16,49920,49920,8985.60,8985.60,3,1,4,CONTRADICTION
07ABCDE3792F1Z5,07ABCDE3792F1Z5,Hard Supplier 386,Hard Supplier 386,INV-00386,INV-00387,2026-11-08,2026-11-08,67422,67422,12135.96,12135.96,3,2,4,CONTRADICTION
07ABCDE8529F1Z5,07ABCDE8529F1Z5,Hard Supplier 387,Hard Supplier 387,INV-00387,INV-00387,2026-06-13,2026-06-13,45674,50674,8221.32,9121.32,1,2,5,CONTRADICTION
07ABCDE8704F1Z5,07ABCDE8704F1Z5,Hard Supplier 388,Hard Supplier 388,INV-00388,INV-00388,2026-01-19,2026-01-19,43061,48061,7750.98,8650.98,1,1,5,CONTRADICTION
07ABCDE9378F1Z5,07ABCDE9378F1Z5,Hard Supplier 389,Hard Supplier 389,INV-00389,INV-00389,2026-12-14,2026-12-14,48450,53450,8721.00,9621.00,3,2,4,CONTRADICTION
07ABCDE7848F1Z5,07ABCDE7848F1Z5,Hard Supplier 390,Hard Supplier 390,INV-00390,INV-00390,2026-12-05,2026-12-05,48477,53477,8725.86,9625.86,3,1,4,CONTRADICTION
07ABCDE9877F1Z5,07ABCDE9877F1Z5,Hard Supplier 391,Hard Supplier 391,INV-00391,INV-00391,2026-06-17,2026-06-17,60726,65726,10930.68,11830.68,1,2,4,CONTRADICTION
07ABCDE7690F1Z5,07ABCDE7690F1Z5,Hard Supplier 392,Hard Supplier 392,INV-00392,INV-00393,2026-10-17,2026-10-17,55219,55219,9939.42,9939.42,3,1,3,CONTRADICTION
07ABCDE9469F1Z5,07ABCDE9469F1Z5,Hard Supplier 393,Hard Supplier 393,INV-00393,INV-00393,2026-07-29,2026-07-29,89471,94471,16104.78,17004.78,3,2,3,CONTRADICTION
07ABCDE8697F1Z5,07ABCDE8697F1Z5,Hard Supplier 394,Hard Supplier 394,INV-00394,INV-00395,2026-12-29,2026-12-29,31586,31586,5685.48,5685.48,3,1,5,CONTRADICTION
07ABCDE9389F1Z5,07ABCDE9389F1Z5,Hard Supplier 395,Hard Supplier 395,INV-00395,INV-00395,2026-07-27,2026-07-27,59183,64183,10652.94,11552.94,3,1,4,CONTRADICTION
07ABCDE7402F1Z5,07ABCDE7402F1Z5,Hard Supplier 396,Hard Supplier 396,INV-00396,INV-00397,2026-10-01,2026-10-01,11300,11300,2034.00,2034.00,3,2,3,CONTRADICTION
07ABCDE5337F1Z5,07ABCDE5337F1Z5,Hard Supplier 397,Hard Supplier 397,INV-00397,INV-00398,2026-08-05,2026-08-05,85948,85948,15470.64,15470.64,1,1,5,CONTRADICTION
07ABCDE2183F1Z5,07ABCDE2183F1Z5,Hard Supplier 398,Hard Supplier 398,INV-00398,INV-00399,2026-04-23,2026-04-23,40786,40786,7341.48,7341.48,3,1,3,CONTRADICTION
07ABCDE2388F1Z5,07ABCDE2388F1Z5,Hard Supplier 399,Hard Supplier 399,INV-00399,INV-00400,2026-04-02,2026-04-02,41967,41967,7554.06,7554.06,1,2,4,CONTRADICTION
07ABCDE4245F1Z5,07ABCDE4245F1Z5,Hard Supplier 400,Hard Supplier 400,INV-00400,INV-00401,2026-11-18,2026-11-18,2257,2257,406.26,406.26,2,2,5,CONTRADICTION
07ABCDE9937F1Z5,07ABCDE9937F1Z5,Hard Supplier 401,Hard Supplier 401,INV-00401,INV-00402,2026-09-04,2026-09-04,64230,64230,11561.40,11561.40,1,2,4,CONTRADICTION
07ABCDE2175F1Z5,07ABCDE2175F1Z5,Hard Supplier 402,Hard Supplier 402,INV-00402,INV-00402,2026-03-20,2026-03-20,10116,15116,1820.88,2720.88,1,1,4,CONTRADICTION
07ABCDE4161F1Z5,07ABCDE4161F1Z5,Hard Supplier 403,Hard Supplier 403,INV-00403,INV-00403,2026-02-18,2026-02-18,46123,51123,8302.14,9202.14,1,1,3,CONTRADICTION
07ABCDE1751F1Z5,07ABCDE1751F1Z5,Hard Supplier 404,Hard Supplier 404,INV-00404,INV-00405,2026-11-28,2026-11-28,61563,61563,11081.34,11081.34,1,1,4,CONTRADICTION
07ABCDE2720F1Z5,07ABCDE2720F1Z5,Hard Supplier 405,Hard Supplier 405,INV-00405,INV-00406,2026-11-29,2026-11-29,78253,78253,14085.54,14085.54,2,2,4,CONTRADICTION
07ABCDE8871F1Z5,07ABCDE8871F1Z5,Hard Supplier 406,Hard Supplier 406,INV-00406,INV-00407,2026-03-22,2026-03-22,29022,29022,5223.96,5223.96,1,2,5,CONTRADICTION
07ABCDE8454F1Z5,07ABCDE8454F1Z5,Hard Supplier 407,Hard Supplier 407,INV-00407,INV-00407,2026-07-05,2026-07-05,76330,81330,13739.40,14639.40,1,1,4,CONTRADICTION
07ABCDE9712F1Z5,07ABCDE9712F1Z5,Hard Supplier 408,Hard Supplier 408,INV-00408,INV-00409,2026-07-12,2026-07-12,68880,68880,12398.40,12398.40,3,2,4,CONTRADICTION
07ABCDE6709F1Z5,07ABCDE6709F1Z5,Hard Supplier 409,Hard Supplier 409,INV-00409,INV-00409,2026-12-10,2026-12-10,40597,45597,7307.46,8207.46,1,1,3,CONTRADICTION
07ABCDE8935F1Z5,07ABCDE8935F1Z5,Hard Supplier 410,Hard Supplier 410,INV-00410,INV-00410,2026-06-09,2026-06-09,51697,56697,9305.46,10205.46,2,2,3,CONTRADICTION
07ABCDE3794F1Z5,07ABCDE3794F1Z5,Hard Supplier 411,Hard Supplier 411,INV-00411,INV-00411,2026-12-29,2026-12-29,40720,45720,7329.60,8229.60,2,1,4,CONTRADICTION
07ABCDE5425F1Z5,07ABCDE5425F1Z5,Hard Supplier 412,Hard Supplier 412,INV-00412,INV-00413,2026-03-31,2026-03-31,84620,84620,15231.60,15231.60,3,2,5,CONTRADICTION
07ABCDE2208F1Z5,07ABCDE2208F1Z5,Hard Supplier 413,Hard Supplier 413,INV-00413,INV-00414,2026-05-12,2026-05-12,89358,89358,16084.44,16084.44,2,2,4,CONTRADICTION
07ABCDE6108F1Z5,07ABCDE6108F1Z5,Hard Supplier 414,Hard Supplier 414,INV-00414,INV-00415,2026-02-10,2026-02-10,85624,85624,15412.32,15412.32,1,2,3,CONTRADICTION
07ABCDE9055F1Z5,07ABCDE9055F1Z5,Hard Supplier 415,Hard Supplier 415,INV-00415,INV-00416,2026-09-11,2026-09-11,57665,57665,10379.70,10379.70,3,2,4,CONTRADICTION
07ABCDE9730F1Z5,07ABCDE9730F1Z5,Hard Supplier 416,Hard Supplier 416,INV-00416,INV-00417,2026-11-10,2026-11-10,12820,12820,2307.60,2307.60,1,2,5,CONTRADICTION
07ABCDE8387F1Z5,07ABCDE8387F1Z5,Hard Supplier 417,Hard Supplier 417,INV-00417,INV-00418,2026-09-16,2026-09-16,18689,18689,3364.02,3364.02,2,1,4,CONTRADICTION
07ABCDE1164F1Z5,07ABCDE1164F1Z5,Hard Supplier 418,Hard Supplier 418,INV-00418,INV-00419,2026-05-26,2026-05-26,91133,91133,16403.94,16403.94,2,2,4,CONTRADICTION
07ABCDE9247F1Z5,07ABCDE9247F1Z5,Hard Supplier 419,Hard Supplier 419,INV-00419,INV-00420,2026-01-07,2026-01-07,53982,53982,9716.76,9716.76,3,1,3,CONTRADICTION
07ABCDE6764F1Z5,07ABCDE6764F1Z5,Hard Supplier 420,Hard Supplier 420,INV-00420,INV-00420,2026-01-10,2026-01-10,41238,46238,7422.84,8322.84,1,2,5,CONTRADICTION
07ABCDE4653F1Z5,07ABCDE4653F1Z5,Hard Supplier 421,Hard Supplier 421,INV-00421,INV-00422,2026-10-18,2026-10-18,18602,18602,3348.36,3348.36,3,2,5,CONTRADICTION
07ABCDE8039F1Z5,07ABCDE8039F1Z5,Hard Supplier 422,Hard Supplier 422,INV-00422,INV-00422,2026-12-14,2026-12-14,89142,94142,16045.56,16945.56,2,1,4,CONTRADICTION
07ABCDE7522F1Z5,07ABCDE7522F1Z5,Hard Supplier 423,Hard Supplier 423,INV-00423,INV-00423,2026-02-16,2026-02-16,78368,83368,14106.24,15006.24,3,1,3,CONTRADICTION
07ABCDE8037F1Z5,07ABCDE8037F1Z5,Hard Supplier 424,Hard Supplier 424,INV-00424,INV-00424,2026-09-16,2026-09-16,69104,74104,12438.72,13338.72,1,1,3,CONTRADICTION
07ABCDE9541F1Z5,07ABCDE9541F1Z5,Hard Supplier 425,Hard Supplier 425,INV-00425,INV-00426,2026-08-01,2026-08-01,32552,32552,5859.36,5859.36,2,1,3,CONTRADICTION
07ABCDE5959F1Z5,07ABCDE5959F1Z5,Hard Supplier 426,Hard Supplier 426,INV-00426,INV-00427,2026-03-04,2026-03-04,8033,8033,1445.94,1445.94,3,2,3,CONTRADICTION
07ABCDE3836F1Z5,07ABCDE3836F1Z5,Hard Supplier 427,Hard Supplier 427,INV-00427,INV-00428,2026-07-05,2026-07-05,97727,97727,17590.86,17590.86,2,2,4,CONTRADICTION
07ABCDE3819F1Z5,07ABCDE3819F1Z5,Hard Supplier 428,Hard Supplier 428,INV-00428,INV-00428,2026-01-18,2026-01-18,81719,86719,14709.42,15609.42,2,1,5,CONTRADICTION
07ABCDE1909F1Z5,07ABCDE1909F1Z5,Hard Supplier 429,Hard Supplier 429,INV-00429,INV-00429,2026-11-02,2026-11-02,18603,23603,3348.54,4248.54,2,1,3,CONTRADICTION
07ABCDE6005F1Z5,07ABCDE6005F1Z5,Hard Supplier 430,Hard Supplier 430,INV-00430,INV-00430,2026-02-08,2026-02-08,75299,80299,13553.82,14453.82,3,1,3,CONTRADICTION
07ABCDE6161F1Z5,07ABCDE6161F1Z5,Hard Supplier 431,Hard Supplier 431,INV-00431,INV-00431,2026-07-06,2026-07-06,98583,103583,17744.94,18644.94,1,1,5,CONTRADICTION
07ABCDE6663F1Z5,07ABCDE6663F1Z5,Hard Supplier 432,Hard Supplier 432,INV-00432,INV-00432,2026-12-26,2026-12-26,68302,73302,12294.36,13194.36,2,1,4,CONTRADICTION
07ABCDE8778F1Z5,07ABCDE8778F1Z5,Hard Supplier 433,Hard Supplier 433,INV-00433,INV-00434,2026-12-13,2026-12-13,31661,31661,5698.98,5698.98,3,1,4,CONTRADICTION
07ABCDE4967F1Z5,07ABCDE4967F1Z5,Hard Supplier 434,Hard Supplier 434,INV-00434,INV-00434,2026-02-13,2026-02-13,23567,28567,4242.06,5142.06,1,2,3,CONTRADICTION
07ABCDE8619F1Z5,07ABCDE8619F1Z5,Hard Supplier 435,Hard Supplier 435,INV-00435,INV-00435,2026-09-14,2026-09-14,63764,68764,11477.52,12377.52,3,1,3,CONTRADICTION
07ABCDE1865F1Z5,07ABCDE1865F1Z5,Hard Supplier 436,Hard Supplier 436,INV-00436,INV-00436,2026-01-24,2026-01-24,55704,60704,10026.72,10926.72,2,2,5,CONTRADICTION
07ABCDE5566F1Z5,07ABCDE5566F1Z5,Hard Supplier 437,Hard Supplier 437,INV-00437,INV-00437,2026-04-25,2026-04-25,4512,9512,812.16,1712.16,2,1,3,CONTRADICTION
07ABCDE4598F1Z5,07ABCDE4598F1Z5,Hard Supplier 438,Hard Supplier 438,INV-00438,INV-00439,2026-08-06,2026-08-06,79328,79328,14279.04,14279.04,3,1,3,CONTRADICTION
07ABCDE6109F1Z5,07ABCDE6109F1Z5,Hard Supplier 439,Hard Supplier 439,INV-00439,INV-00439,2026-07-13,2026-07-13,78480,83480,14126.40,15026.40,2,1,5,CONTRADICTION
07ABCDE6826F1Z5,07ABCDE6826F1Z5,Hard Supplier 440,Hard Supplier 440,INV-00440,INV-00440,2026-12-30,2026-12-30,28395,33395,5111.10,6011.10,3,2,3,CONTRADICTION
07ABCDE2507F1Z5,07ABCDE2507F1Z5,Hard Supplier 441,Hard Supplier 441,INV-00441,INV-00442,2026-03-26,2026-03-26,58715,58715,10568.70,10568.70,2,2,3,CONTRADICTION
07ABCDE1838F1Z5,07ABCDE1838F1Z5,Hard Supplier 442,Hard Supplier 442,INV-00442,INV-00442,2026-07-17,2026-07-17,77431,82431,13937.58,14837.58,2,2,3,CONTRADICTION
07ABCDE4336F1Z5,07ABCDE4336F1Z5,Hard Supplier 443,Hard Supplier 443,INV-00443,INV-00444,2026-07-03,2026-07-03,22248,22248,4004.64,4004.64,1,1,4,CONTRADICTION
07ABCDE4619F1Z5,07ABCDE4619F1Z5,Hard Supplier 444,Hard Supplier 444,INV-00444,INV-00444,2026-07-08,2026-07-08,29764,34764,5357.52,6257.52,2,1,4,CONTRADICTION
07ABCDE8654F1Z5,07ABCDE8654F1Z5,Hard Supplier 445,Hard Supplier 445,INV-00445,INV-00446,2026-01-01,2026-01-01,62524,62524,11254.32,11254.32,2,2,5,CONTRADICTION
07ABCDE2681F1Z5,07ABCDE2681F1Z5,Hard Supplier 446,Hard Supplier 446,INV-00446,INV-00446,2026-05-09,2026-05-09,10651,15651,1917.18,2817.18,1,2,3,CONTRADICTION
07ABCDE9885F1Z5,07ABCDE9885F1Z5,Hard Supplier 447,Hard Supplier 447,INV-00447,INV-00447,2026-03-27,2026-03-27,90177,95177,16231.86,17131.86,3,1,3,CONTRADICTION
07ABCDE2796F1Z5,07ABCDE2796F1Z5,Hard Supplier 448,Hard Supplier 448,INV-00448,INV-00448,2026-08-08,2026-08-08,33791,38791,6082.38,6982.38,3,2,5,CONTRADICTION
07ABCDE1032F1Z5,07ABCDE1032F1Z5,Hard Supplier 449,Hard Supplier 449,INV-00449,INV-00450,2026-08-30,2026-08-30,23018,23018,4143.24,4143.24,2,1,3,CONTRADICTION
07ABCDE9821F1Z5,07ABCDE9821F1Z5,Hard Supplier 450,Hard Supplier 450,INV-00450,INV-00450,2026-09-29,2026-09-29,20061,25061,3610.98,4510.98,2,2,3,CONTRADICTION
07ABCDE8004F1Z5,07ABCDE8004F1Z5,Hard Supplier 451,Hard Supplier 451,INV-00451,INV-00452,2026-10-14,2026-10-14,42948,42948,7730.64,7730.64,2,1,3,CONTRADICTION
07ABCDE5707F1Z5,07ABCDE5707F1Z5,Hard Supplier 452,Hard Supplier 452,INV-00452,INV-00452,2026-07-13,2026-07-13,89965,94965,16193.70,17093.70,1,2,4,CONTRADICTION
07ABCDE6087F1Z5,07ABCDE6087F1Z5,Hard Supplier 453,Hard Supplier 453,INV-00453,INV-00454,2026-07-04,2026-07-04,66388,66388,11949.84,11949.84,2,1,3,CONTRADICTION
07ABCDE3494F1Z5,07ABCDE3494F1Z5,Hard Supplier 454,Hard Supplier 454,INV-00454,INV-00455,2026-03-27,2026-03-27,60269,60269,10848.42,10848.42,1,2,4,CONTRADICTION
07ABCDE3103F1Z5,07ABCDE3103F1Z5,Hard Supplier 455,Hard Supplier 455,INV-00455,INV-00455,2026-09-03,2026-09-03,10575,15575,1903.50,2803.50,2,1,3,CONTRADICTION
07ABCDE5202F1Z5,07ABCDE5202F1Z5,Hard Supplier 456,Hard Supplier 456,INV-00456,INV-00457,2026-08-19,2026-08-19,12022,12022,2163.96,2163.96,3,1,4,CONTRADICTION
07ABCDE2604F1Z5,07ABCDE2604F1Z5,Hard Supplier 457,Hard Supplier 457,INV-00457,INV-00458,2026-04-19,2026-04-19,31699,31699,5705.82,5705.82,2,2,3,CONTRADICTION
07ABCDE1801F1Z5,07ABCDE1801F1Z5,Hard Supplier 458,Hard Supplier 458,INV-00458,INV-00459,2026-09-20,2026-09-20,67691,67691,12184.38,12184.38,1,1,3,CONTRADICTION
07ABCDE4673F1Z5,07ABCDE4673F1Z5,Hard Supplier 459,Hard Supplier 459,INV-00459,INV-00459,2026-08-23,2026-08-23,81916,86916,14744.88,15644.88,2,1,4,CONTRADICTION
07ABCDE9832F1Z5,07ABCDE9832F1Z5,Hard Supplier 460,Hard Supplier 460,INV-00460,INV-00461,2026-12-16,2026-12-16,51431,51431,9257.58,9257.58,2,1,3,CONTRADICTION
07ABCDE4563F1Z5,07ABCDE4563F1Z5,Hard Supplier 461,Hard Supplier 461,INV-00461,INV-00462,2026-05-10,2026-05-10,39369,39369,7086.42,7086.42,3,2,5,CONTRADICTION
07ABCDE3336F1Z5,07ABCDE3336F1Z5,Hard Supplier 462,Hard Supplier 462,INV-00462,INV-00462,2026-05-11,2026-05-11,19456,24456,3502.08,4402.08,2,1,4,CONTRADICTION
07ABCDE9361F1Z5,07ABCDE9361F1Z5,Hard Supplier 463,Hard Supplier 463,INV-00463,INV-00463,2026-08-06,2026-08-06,62235,67235,11202.30,12102.30,2,2,4,CONTRADICTION
07ABCDE2851F1Z5,07ABCDE2851F1Z5,Hard Supplier 464,Hard Supplier 464,INV-00464,INV-00465,2026-01-21,2026-01-21,31528,31528,5675.04,5675.04,1,2,3,CONTRADICTION
07ABCDE6768F1Z5,07ABCDE6768F1Z5,Hard Supplier 465,Hard Supplier 465,INV-00465,INV-00465,2026-10-03,2026-10-03,86142,91142,15505.56,16405.56,1,1,3,CONTRADICTION
07ABCDE7120F1Z5,07ABCDE7120F1Z5,Hard Supplier 466,Hard Supplier 466,INV-00466,INV-00467,2026-10-07,2026-10-07,50924,50924,9166.32,9166.32,2,2,5,CONTRADICTION
07ABCDE9212F1Z5,07ABCDE9212F1Z5,Hard Supplier 467,Hard Supplier 467,INV-00467,INV-00467,2026-06-11,2026-06-11,90765,95765,16337.70,17237.70,2,1,3,CONTRADICTION
07ABCDE7404F1Z5,07ABCDE7404F1Z5,Hard Supplier 468,Hard Supplier 468,INV-00468,INV-00468,2026-08-23,2026-08-23,78378,83378,14108.04,15008.04,1,2,5,CONTRADICTION
07ABCDE3491F1Z5,07ABCDE3491F1Z5,Hard Supplier 469,Hard Supplier 469,INV-00469,INV-00470,2026-07-20,2026-07-20,26124,26124,4702.32,4702.32,3,2,4,CONTRADICTION
07ABCDE9396F1Z5,07ABCDE9396F1Z5,Hard Supplier 470,Hard Supplier 470,INV-00470,INV-00470,2026-12-07,2026-12-07,90555,95555,16299.90,17199.90,1,1,3,CONTRADICTION
07ABCDE1549F1Z5,07ABCDE1549F1Z5,Hard Supplier 471,Hard Supplier 471,INV-00471,INV-00472,2026-03-07,2026-03-07,30139,30139,5425.02,5425.02,3,1,5,CONTRADICTION
07ABCDE7829F1Z5,07ABCDE7829F1Z5,Hard Supplier 472,Hard Supplier 472,INV-00472,INV-00472,2026-06-08,2026-06-08,80490,85490,14488.20,15388.20,1,1,4,CONTRADICTION
07ABCDE5811F1Z5,07ABCDE5811F1Z5,Hard Supplier 473,Hard Supplier 473,INV-00473,INV-00474,2026-10-05,2026-10-05,5577,5577,1003.86,1003.86,1,1,3,CONTRADICTION
07ABCDE9706F1Z5,07ABCDE9706F1Z5,Hard Supplier 474,Hard Supplier 474,INV-00474,INV-00475,2026-05-04,2026-05-04,89522,89522,16113.96,16113.96,3,1,5,CONTRADICTION
07ABCDE6135F1Z5,07ABCDE6135F1Z5,Hard Supplier 475,Hard Supplier 475,INV-00475,INV-00476,2026-07-12,2026-07-12,60115,60115,10820.70,10820.70,2,1,4,CONTRADICTION
07ABCDE5369F1Z5,07ABCDE5369F1Z5,Hard Supplier 476,Hard Supplier 476,INV-00476,INV-00477,2026-09-06,2026-09-06,27669,27669,4980.42,4980.42,1,2,4,CONTRADICTION
07ABCDE4998F1Z5,07ABCDE4998F1Z5,Hard Supplier 477,Hard Supplier 477,INV-00477,INV-00477,2026-08-31,2026-08-31,12481,17481,2246.58,3146.58,1,1,4,CONTRADICTION
07ABCDE5511F1Z5,07ABCDE5511F1Z5,Hard Supplier 478,Hard Supplier 478,INV-00478,INV-00478,2026-12-26,2026-12-26,2556,7556,460.08,1360.08,3,1,5,CONTRADICTION
07ABCDE7486F1Z5,07ABCDE7486F1Z5,Hard Supplier 479,Hard Supplier 479,INV-00479,INV-00480,2026-05-30,2026-05-30,41039,41039,7387.02,7387.02,3,2,4,CONTRADICTION
07ABCDE3423F1Z5,07ABCDE3423F1Z5,Hard Supplier 480,Hard Supplier 480,INV-00480,INV-00481,2026-11-24,2026-11-24,50696,50696,9125.28,9125.28,1,1,5,CONTRADICTION
07ABCDE5929F1Z5,07ABCDE5929F1Z5,Hard Supplier 481,Hard Supplier 481,INV-00481,INV-00482,2026-09-02,2026-09-02,17903,17903,3222.54,3222.54,2,2,4,CONTRADICTION
07ABCDE3813F1Z5,07ABCDE3813F1Z5,Hard Supplier 482,Hard Supplier 482,INV-00482,INV-00483,2026-04-04,2026-04-04,57885,57885,10419.30,10419.30,2,2,5,CONTRADICTION
07ABCDE2312F1Z5,07ABCDE2312F1Z5,Hard Supplier 483,Hard Supplier 483,INV-00483,INV-00484,2026-05-22,2026-05-22,88409,88409,15913.62,15913.62,3,1,4,CONTRADICTION
07ABCDE7331F1Z5,07ABCDE7331F1Z5,Hard Supplier 484,Hard Supplier 484,INV-00484,INV-00485,2026-04-18,2026-04-18,22882,22882,4118.76,4118.76,1,1,3,CONTRADICTION
07ABCDE2323F1Z5,07ABCDE2323F1Z5,Hard Supplier 485,Hard Supplier 485,INV-00485,INV-00485,2026-10-01,2026-10-01,98325,103325,17698.50,18598.50,3,1,3,CONTRADICTION
07ABCDE9491F1Z5,07ABCDE9491F1Z5,Hard Supplier 486,Hard Supplier 486,INV-00486,INV-00486,2026-05-12,2026-05-12,60361,65361,10864.98,11764.98,2,2,4,CONTRADICTION
07ABCDE7416F1Z5,07ABCDE7416F1Z5,Hard Supplier 487,Hard Supplier 487,INV-00487,INV-00488,2026-07-21,2026-07-21,23885,23885,4299.30,4299.30,2,2,3,CONTRADICTION
07ABCDE5843F1Z5,07ABCDE5843F1Z5,Hard Supplier 488,Hard Supplier 488,INV-00488,INV-00489,2026-06-05,2026-06-05,99076,99076,17833.68,17833.68,1,1,4,CONTRADICTION
07ABCDE7235F1Z5,07ABCDE7235F1Z5,Hard Supplier 489,Hard Supplier 489,INV-00489,INV-00490,2026-08-14,2026-08-14,52046,52046,9368.28,9368.28,3,1,5,CONTRADICTION
07ABCDE3039F1Z5,07ABCDE3039F1Z5,Hard Supplier 490,Hard Supplier 490,INV-00490,INV-00490,2026-04-30,2026-04-30,95089,100089,17116.02,18016.02,2,1,3,CONTRADICTION
07ABCDE9572F1Z5,07ABCDE9572F1Z5,Hard Supplier 491,Hard Supplier 491,INV-00491,INV-00492,2026-05-14,2026-05-14,70012,70012,12602.16,12602.16,2,1,5,CONTRADICTION
07ABCDE8974F1Z5,07ABCDE8974F1Z5,Hard Supplier 492,Hard Supplier 492,INV-00492,INV-00492,2026-11-27,2026-11-27,27386,32386,4929.48,5829.48,2,1,3,CONTRADICTION
07ABCDE6204F1Z5,07ABCDE6204F1Z5,Hard Supplier 493,Hard Supplier 493,INV-00493,INV-00494,2026-03-23,2026-03-23,20180,20180,3632.40,3632.40,3,2,3,CONTRADICTION
07ABCDE3241F1Z5,07ABCDE3241F1Z5,Hard Supplier 494,Hard Supplier 494,INV-00494,INV-00495,2026-05-22,2026-05-22,56032,56032,10085.76,10085.76,2,2,5,CONTRADICTION
07ABCDE3595F1Z5,07ABCDE3595F1Z5,Hard Supplier 495,Hard Supplier 495,INV-00495,INV-00496,2026-03-11,2026-03-11,80937,80937,14568.66,14568.66,1,2,4,CONTRADICTION
07ABCDE7673F1Z5,07ABCDE7673F1Z5,Hard Supplier 496,Hard Supplier 496,INV-00496,INV-00496,2026-04-18,2026-04-18,4192,9192,754.56,1654.56,3,2,5,CONTRADICTION
07ABCDE6154F1Z5,07ABCDE6154F1Z5,Hard Supplier 497,Hard Supplier 497,INV-00497,INV-00497,2026-05-19,2026-05-19,70027,75027,12604.86,13504.86,1,1,3,CONTRADICTION
07ABCDE3479F1Z5,07ABCDE3479F1Z5,Hard Supplier 498,Hard Supplier 498,INV-00498,INV-00498,2026-10-03,2026-10-03,26442,31442,4759.56,5659.56,3,2,3,CONTRADICTION
07ABCDE7615F1Z5,07ABCDE7615F1Z5,Hard Supplier 499,Hard Supplier 499,INV-00499,INV-00500,2026-09-15,2026-09-15,76515,76515,13772.70,13772.70,2,1,3,CONTRADICTION
07ABCDE9365F1Z5,07ABCDE9365F1Z5,Hard Supplier 500,Hard Supplier 500,INV-00500,INV-00500,2026-08-19,2026-08-19,66575,71575,11983.50,12883.50,3,1,4,CONTRADICTION
07ABCDE5976F1Z5,07ABCDE5976F1Z5,Hard Supplier 501,Hard Supplier 501,INV-00501,INV-00502,2026-04-10,2026-04-10,38392,38392,6910.56,6910.56,3,1,4,CONTRADICTION
07ABCDE6433F1Z5,07ABCDE6433F1Z5,Hard Supplier 502,Hard Supplier 502,INV-00502,INV-00502,2026-08-02,2026-08-02,15105,20105,2718.90,3618.90,1,2,5,CONTRADICTION
07ABCDE5105F1Z5,07ABCDE5105F1Z5,Hard Supplier 503,Hard Supplier 503,INV-00503,INV-00503,2026-08-29,2026-08-29,79727,84727,14350.86,15250.86,3,2,3,CONTRADICTION
07ABCDE9657F1Z5,07ABCDE9657F1Z5,Hard Supplier 504,Hard Supplier 504,INV-00504,INV-00504,2026-04-24,2026-04-24,82446,87446,14840.28,15740.28,3,2,4,CONTRADICTION
07ABCDE4017F1Z5,07ABCDE4017F1Z5,Hard Supplier 505,Hard Supplier 505,INV-00505,INV-00505,2026-05-18,2026-05-18,35173,40173,6331.14,7231.14,3,1,5,CONTRADICTION
07ABCDE4534F1Z5,07ABCDE4534F1Z5,Hard Supplier 506,Hard Supplier 506,INV-00506,INV-00506,2026-05-23,2026-05-23,85088,90088,15315.84,16215.84,2,1,5,CONTRADICTION
07ABCDE4877F1Z5,07ABCDE4877F1Z5,Hard Supplier 507,Hard Supplier 507,INV-00507,INV-00508,2026-10-09,2026-10-09,28765,28765,5177.70,5177.70,1,1,5,CONTRADICTION
07ABCDE2578F1Z5,07ABCDE2578F1Z5,Hard Supplier 508,Hard Supplier 508,INV-00508,INV-00509,2026-08-07,2026-08-07,98191,98191,17674.38,17674.38,3,2,3,CONTRADICTION
07ABCDE2868F1Z5,07ABCDE2868F1Z5,Hard Supplier 509,Hard Supplier 509,INV-00509,INV-00509,2026-07-20,2026-07-20,5375,10375,967.50,1867.50,1,2,4,CONTRADICTION
07ABCDE5786F1Z5,07ABCDE5786F1Z5,Hard Supplier 510,Hard Supplier 510,INV-00510,INV-00511,2026-12-28,2026-12-28,65078,65078,11714.04,11714.04,2,2,5,CONTRADICTION
07ABCDE3218F1Z5,07ABCDE3218F1Z5,Hard Supplier 511,Hard Supplier 511,INV-00511,INV-00512,2026-06-13,2026-06-13,7542,7542,1357.56,1357.56,2,1,3,CONTRADICTION
07ABCDE5150F1Z5,07ABCDE5150F1Z5,Hard Supplier 512,Hard Supplier 512,INV-00512,INV-00513,2026-02-14,2026-02-14,39288,39288,7071.84,7071.84,2,1,4,CONTRADICTION
07ABCDE7387F1Z5,07ABCDE7387F1Z5,Hard Supplier 513,Hard Supplier 513,INV-00513,INV-00513,2026-03-03,2026-03-03,17303,22303,3114.54,4014.54,2,1,3,CONTRADICTION
07ABCDE3243F1Z5,07ABCDE3243F1Z5,Hard Supplier 514,Hard Supplier 514,INV-00514,INV-00514,2026-06-01,2026-06-01,39308,44308,7075.44,7975.44,3,2,3,CONTRADICTION
07ABCDE9796F1Z5,07ABCDE9796F1Z5,Hard Supplier 515,Hard Supplier 515,INV-00515,INV-00515,2026-01-04,2026-01-04,26047,31047,4688.46,5588.46,3,1,4,CONTRADICTION
07ABCDE8973F1Z5,07ABCDE8973F1Z5,Hard Supplier 516,Hard Supplier 516,INV-00516,INV-00517,2026-01-05,2026-01-05,85763,85763,15437.34,15437.34,1,1,3,CONTRADICTION
07ABCDE7960F1Z5,07ABCDE7960F1Z5,Hard Supplier 517,Hard Supplier 517,INV-00517,INV-00517,2026-04-23,2026-04-23,57626,62626,10372.68,11272.68,2,1,4,CONTRADICTION
07ABCDE3446F1Z5,07ABCDE3446F1Z5,Hard Supplier 518,Hard Supplier 518,INV-00518,INV-00519,2026-05-17,2026-05-17,98735,98735,17772.30,17772.30,3,1,3,CONTRADICTION
07ABCDE3766F1Z5,07ABCDE3766F1Z5,Hard Supplier 519,Hard Supplier 519,INV-00519,INV-00519,2026-01-08,2026-01-08,90791,95791,16342.38,17242.38,2,2,4,CONTRADICTION
07ABCDE9309F1Z5,07ABCDE9309F1Z5,Hard Supplier 520,Hard Supplier 520,INV-00520,INV-00520,2026-01-15,2026-01-15,22071,27071,3972.78,4872.78,2,2,5,CONTRADICTION
07ABCDE4788F1Z5,07ABCDE4788F1Z5,Hard Supplier 521,Hard Supplier 521,INV-00521,INV-00522,2026-07-14,2026-07-14,61878,61878,11138.04,11138.04,2,2,5,CONTRADICTION
07ABCDE5981F1Z5,07ABCDE5981F1Z5,Hard Supplier 522,Hard Supplier 522,INV-00522,INV-00523,2026-06-14,2026-06-14,67673,67673,12181.14,12181.14,3,1,4,CONTRADICTION
07ABCDE6211F1Z5,07ABCDE6211F1Z5,Hard Supplier 523,Hard Supplier 523,INV-00523,INV-00524,2026-12-05,2026-12-05,59890,59890,10780.20,10780.20,2,2,5,CONTRADICTION
07ABCDE1057F1Z5,07ABCDE1057F1Z5,Hard Supplier 524,Hard Supplier 524,INV-00524,INV-00524,2026-05-25,2026-05-25,76724,81724,13810.32,14710.32,2,1,4,CONTRADICTION
07ABCDE9061F1Z5,07ABCDE9061F1Z5,Hard Supplier 525,Hard Supplier 525,INV-00525,INV-00526,2026-08-25,2026-08-25,73868,73868,13296.24,13296.24,3,1,4,CONTRADICTION
07ABCDE3102F1Z5,07ABCDE3102F1Z5,Hard Supplier 526,Hard Supplier 526,INV-00526,INV-00527,2026-07-21,2026-07-21,8904,8904,1602.72,1602.72,1,2,5,CONTRADICTION
07ABCDE7999F1Z5,07ABCDE7999F1Z5,Hard Supplier 527,Hard Supplier 527,INV-00527,INV-00528,2026-12-30,2026-12-30,78504,78504,14130.72,14130.72,2,2,3,CONTRADICTION
07ABCDE5524F1Z5,07ABCDE5524F1Z5,Hard Supplier 528,Hard Supplier 528,INV-00528,INV-00529,2026-09-28,2026-09-28,67009,67009,12061.62,12061.62,3,2,5,CONTRADICTION
07ABCDE4234F1Z5,07ABCDE4234F1Z5,Hard Supplier 529,Hard Supplier 529,INV-00529,INV-00530,2026-06-15,2026-06-15,94914,94914,17084.52,17084.52,2,1,5,CONTRADICTION
07ABCDE1627F1Z5,07ABCDE1627F1Z5,Hard Supplier 530,Hard Supplier 530,INV-00530,INV-00531,2026-03-17,2026-03-17,53644,53644,9655.92,9655.92,1,2,4,CONTRADICTION
07ABCDE7804F1Z5,07ABCDE7804F1Z5,Hard Supplier 531,Hard Supplier 531,INV-00531,INV-00532,2026-04-05,2026-04-05,17180,17180,3092.40,3092.40,2,1,3,CONTRADICTION
07ABCDE9003F1Z5,07ABCDE9003F1Z5,Hard Supplier 532,Hard Supplier 532,INV-00532,INV-00532,2026-01-29,2026-01-29,91022,96022,16383.96,17283.96,2,1,3,CONTRADICTION
07ABCDE7652F1Z5,07ABCDE7652F1Z5,Hard Supplier 533,Hard Supplier 533,INV-00533,INV-00534,2026-08-15,2026-08-15,44807,44807,8065.26,8065.26,1,1,5,CONTRADICTION
07ABCDE4725F1Z5,07ABCDE4725F1Z5,Hard Supplier 534,Hard Supplier 534,INV-00534,INV-00535,2026-09-27,2026-09-27,76759,76759,13816.62,13816.62,1,2,4,CONTRADICTION
07ABCDE1858F1Z5,07ABCDE1858F1Z5,Hard Supplier 535,Hard Supplier 535,INV-00535,INV-00535,2026-06-13,2026-06-13,41195,46195,7415.10,8315.10,1,1,4,CONTRADICTION
07ABCDE9255F1Z5,07ABCDE9255F1Z5,Hard Supplier 536,Hard Supplier 536,INV-00536,INV-00537,2026-04-19,2026-04-19,87156,87156,15688.08,15688.08,2,2,5,CONTRADICTION
07ABCDE1453F1Z5,07ABCDE1453F1Z5,Hard Supplier 537,Hard Supplier 537,INV-00537,INV-00537,2026-09-03,2026-09-03,31479,36479,5666.22,6566.22,1,1,3,CONTRADICTION
07ABCDE7313F1Z5,07ABCDE7313F1Z5,Hard Supplier 538,Hard Supplier 538,INV-00538,INV-00539,2026-01-23,2026-01-23,28528,28528,5135.04,5135.04,2,2,5,CONTRADICTION
07ABCDE2194F1Z5,07ABCDE2194F1Z5,Hard Supplier 539,Hard Supplier 539,INV-00539,INV-00540,2026-10-13,2026-10-13,25010,25010,4501.80,4501.80,1,2,4,CONTRADICTION
07ABCDE2231F1Z5,07ABCDE2231F1Z5,Hard Supplier 540,Hard Supplier 540,INV-00540,INV-00541,2026-05-10,2026-05-10,86971,86971,15654.78,15654.78,2,1,5,CONTRADICTION
07ABCDE1588F1Z5,07ABCDE1588F1Z5,Hard Supplier 541,Hard Supplier 541,INV-00541,INV-00542,2026-08-25,2026-08-25,2920,2920,525.60,525.60,3,1,5,CONTRADICTION
07ABCDE3178F1Z5,07ABCDE3178F1Z5,Hard Supplier 542,Hard Supplier 542,INV-00542,INV-00543,2026-04-28,2026-04-28,41181,41181,7412.58,7412.58,2,2,3,CONTRADICTION
07ABCDE9965F1Z5,07ABCDE9965F1Z5,Hard Supplier 543,Hard Supplier 543,INV-00543,INV-00543,2026-04-06,2026-04-06,44191,49191,7954.38,8854.38,3,2,3,CONTRADICTION
07ABCDE2001F1Z5,07ABCDE2001F1Z5,Hard Supplier 544,Hard Supplier 544,INV-00544,INV-00544,2026-05-17,2026-05-17,7020,12020,1263.60,2163.60,3,1,4,CONTRADICTION
07ABCDE2818F1Z5,07ABCDE2818F1Z5,Hard Supplier 545,Hard Supplier 545,INV-00545,INV-00546,2026-12-24,2026-12-24,55513,55513,9992.34,9992.34,1,1,5,CONTRADICTION
07ABCDE5747F1Z5,07ABCDE5747F1Z5,Hard Supplier 546,Hard Supplier 546,INV-00546,INV-00546,2026-05-17,2026-05-17,73084,78084,13155.12,14055.12,3,2,4,CONTRADICTION
07ABCDE3445F1Z5,07ABCDE3445F1Z5,Hard Supplier 547,Hard Supplier 547,INV-00547,INV-00548,2026-06-12,2026-06-12,74249,74249,13364.82,13364.82,2,1,5,CONTRADICTION
07ABCDE9852F1Z5,07ABCDE9852F1Z5,Hard Supplier 548,Hard Supplier 548,INV-00548,INV-00549,2026-06-12,2026-06-12,30153,30153,5427.54,5427.54,3,2,5,CONTRADICTION
07ABCDE9791F1Z5,07ABCDE9791F1Z5,Hard Supplier 549,Hard Supplier 549,INV-00549,INV-00549,2026-11-29,2026-11-29,14925,19925,2686.50,3586.50,2,2,5,CONTRADICTION
07ABCDE5923F1Z5,07ABCDE5923F1Z5,Hard Supplier 550,Hard Supplier 550,INV-00550,INV-00551,2026-06-17,2026-06-17,2492,2492,448.56,448.56,1,1,4,CONTRADICTION
07ABCDE5643F1Z5,07ABCDE5643F1Z5,Hard Supplier 551,Hard Supplier 551,INV-00551,INV-00551,2026-10-18,2026-10-18,53110,58110,9559.80,10459.80,2,2,5,CONTRADICTION
07ABCDE5063F1Z5,07ABCDE5063F1Z5,Hard Supplier 552,Hard Supplier 552,INV-00552,INV-00553,2026-02-03,2026-02-03,56462,56462,10163.16,10163.16,2,1,4,CONTRADICTION
07ABCDE4680F1Z5,07ABCDE4680F1Z5,Hard Supplier 553,Hard Supplier 553,INV-00553,INV-00554,2026-07-02,2026-07-02,3284,3284,591.12,591.12,3,1,5,CONTRADICTION
07ABCDE2362F1Z5,07ABCDE2362F1Z5,Hard Supplier 554,Hard Supplier 554,INV-00554,INV-00555,2026-04-29,2026-04-29,67912,67912,12224.16,12224.16,2,2,3,CONTRADICTION
07ABCDE3520F1Z5,07ABCDE3520F1Z5,Hard Supplier 555,Hard Supplier 555,INV-00555,INV-00555,2026-05-03,2026-05-03,59493,64493,10708.74,11608.74,2,2,4,CONTRADICTION
07ABCDE8598F1Z5,07ABCDE8598F1Z5,Hard Supplier 556,Hard Supplier 556,INV-00556,INV-00556,2026-02-12,2026-02-12,44398,49398,7991.64,8891.64,3,1,4,CONTRADICTION
07ABCDE2517F1Z5,07ABCDE2517F1Z5,Hard Supplier 557,Hard Supplier 557,INV-00557,INV-00558,2026-10-18,2026-10-18,77458,77458,13942.44,13942.44,1,2,5,CONTRADICTION
07ABCDE8996F1Z5,07ABCDE8996F1Z5,Hard Supplier 558,Hard Supplier 558,INV-00558,INV-00559,2026-06-23,2026-06-23,71409,71409,12853.62,12853.62,1,2,3,CONTRADICTION
07ABCDE7180F1Z5,07ABCDE7180F1Z5,Hard Supplier 559,Hard Supplier 559,INV-00559,INV-00559,2026-12-23,2026-12-23,18313,23313,3296.34,4196.34,1,1,4,CONTRADICTION
07ABCDE2432F1Z5,07ABCDE2432F1Z5,Hard Supplier 560,Hard Supplier 560,INV-00560,INV-00561,2026-08-26,2026-08-26,85078,85078,15314.04,15314.04,1,2,4,CONTRADICTION
07ABCDE6910F1Z5,07ABCDE6910F1Z5,Hard Supplier 561,Hard Supplier 561,INV-00561,INV-00561,2026-07-03,2026-07-03,75313,80313,13556.34,14456.34,2,1,5,CONTRADICTION
07ABCDE3255F1Z5,07ABCDE3255F1Z5,Hard Supplier 562,Hard Supplier 562,INV-00562,INV-00563,2026-02-26,2026-02-26,72210,72210,12997.80,12997.80,3,2,4,CONTRADICTION
07ABCDE7289F1Z5,07ABCDE7289F1Z5,Hard Supplier 563,Hard Supplier 563,INV-00563,INV-00564,2026-12-07,2026-12-07,48464,48464,8723.52,8723.52,3,1,3,CONTRADICTION
07ABCDE2627F1Z5,07ABCDE2627F1Z5,Hard Supplier 564,Hard Supplier 564,INV-00564,INV-00564,2026-06-07,2026-06-07,91012,96012,16382.16,17282.16,3,1,4,CONTRADICTION
07ABCDE1310F1Z5,07ABCDE1310F1Z5,Hard Supplier 565,Hard Supplier 565,INV-00565,INV-00565,2026-07-23,2026-07-23,21052,26052,3789.36,4689.36,3,2,5,CONTRADICTION
07ABCDE3170F1Z5,07ABCDE3170F1Z5,Hard Supplier 566,Hard Supplier 566,INV-00566,INV-00567,2026-01-22,2026-01-22,74657,74657,13438.26,13438.26,2,1,3,CONTRADICTION
07ABCDE9552F1Z5,07ABCDE9552F1Z5,Hard Supplier 567,Hard Supplier 567,INV-00567,INV-00567,2026-03-24,2026-03-24,37451,42451,6741.18,7641.18,2,1,3,CONTRADICTION
07ABCDE5347F1Z5,07ABCDE5347F1Z5,Hard Supplier 568,Hard Supplier 568,INV-00568,INV-00569,2026-06-02,2026-06-02,19037,19037,3426.66,3426.66,1,1,5,CONTRADICTION
07ABCDE6806F1Z5,07ABCDE6806F1Z5,Hard Supplier 569,Hard Supplier 569,INV-00569,INV-00570,2026-04-25,2026-04-25,61535,61535,11076.30,11076.30,2,2,3,CONTRADICTION
07ABCDE9088F1Z5,07ABCDE9088F1Z5,Hard Supplier 570,Hard Supplier 570,INV-00570,INV-00570,2026-12-26,2026-12-26,70720,75720,12729.60,13629.60,2,2,3,CONTRADICTION
07ABCDE4100F1Z5,07ABCDE4100F1Z5,Hard Supplier 571,Hard Supplier 571,INV-00571,INV-00571,2026-11-28,2026-11-28,95279,100279,17150.22,18050.22,1,1,3,CONTRADICTION
07ABCDE9290F1Z5,07ABCDE9290F1Z5,Hard Supplier 572,Hard Supplier 572,INV-00572,INV-00572,2026-02-02,2026-02-02,56381,61381,10148.58,11048.58,1,2,5,CONTRADICTION
07ABCDE2310F1Z5,07ABCDE2310F1Z5,Hard Supplier 573,Hard Supplier 573,INV-00573,INV-00574,2026-07-25,2026-07-25,78208,78208,14077.44,14077.44,1,2,5,CONTRADICTION
07ABCDE6623F1Z5,07ABCDE6623F1Z5,Hard Supplier 574,Hard Supplier 574,INV-00574,INV-00575,2026-10-24,2026-10-24,9151,9151,1647.18,1647.18,3,2,3,CONTRADICTION
07ABCDE3190F1Z5,07ABCDE3190F1Z5,Hard Supplier 575,Hard Supplier 575,INV-00575,INV-00576,2026-06-14,2026-06-14,38773,38773,6979.14,6979.14,2,2,3,CONTRADICTION
07ABCDE8711F1Z5,07ABCDE8711F1Z5,Hard Supplier 576,Hard Supplier 576,INV-00576,INV-00576,2026-09-11,2026-09-11,38753,43753,6975.54,7875.54,1,2,3,CONTRADICTION
07ABCDE6484F1Z5,07ABCDE6484F1Z5,Hard Supplier 577,Hard Supplier 577,INV-00577,INV-00578,2026-05-12,2026-05-12,13753,13753,2475.54,2475.54,3,1,3,CONTRADICTION
07ABCDE5562F1Z5,07ABCDE5562F1Z5,Hard Supplier 578,Hard Supplier 578,INV-00578,INV-00578,2026-08-21,2026-08-21,42275,47275,7609.50,8509.50,1,1,5,CONTRADICTION
07ABCDE1355F1Z5,07ABCDE1355F1Z5,Hard Supplier 579,Hard Supplier 579,INV-00579,INV-00580,2026-10-21,2026-10-21,64592,64592,11626.56,11626.56,2,2,4,CONTRADICTION
07ABCDE2704F1Z5,07ABCDE2704F1Z5,Hard Supplier 580,Hard Supplier 580,INV-00580,INV-00580,2026-03-23,2026-03-23,84693,89693,15244.74,16144.74,1,1,3,CONTRADICTION
07ABCDE9485F1Z5,07ABCDE9485F1Z5,Hard Supplier 581,Hard Supplier 581,INV-00581,INV-00582,2026-12-17,2026-12-17,56086,56086,10095.48,10095.48,2,2,5,CONTRADICTION
07ABCDE7752F1Z5,07ABCDE7752F1Z5,Hard Supplier 582,Hard Supplier 582,INV-00582,INV-00582,2026-12-11,2026-12-11,50037,55037,9006.66,9906.66,2,1,5,CONTRADICTION
07ABCDE6562F1Z5,07ABCDE6562F1Z5,Hard Supplier 583,Hard Supplier 583,INV-00583,INV-00583,2026-09-05,2026-09-05,12750,17750,2295.00,3195.00,2,1,4,CONTRADICTION
07ABCDE3600F1Z5,07ABCDE3600F1Z5,Hard Supplier 584,Hard Supplier 584,INV-00584,INV-00584,2026-01-12,2026-01-12,37273,42273,6709.14,7609.14,3,1,4,CONTRADICTION
07ABCDE5797F1Z5,07ABCDE5797F1Z5,Hard Supplier 585,Hard Supplier 585,INV-00585,INV-00585,2026-08-27,2026-08-27,17319,22319,3117.42,4017.42,2,1,4,CONTRADICTION
07ABCDE7751F1Z5,07ABCDE7751F1Z5,Hard Supplier 586,Hard Supplier 586,INV-00586,INV-00586,2026-04-30,2026-04-30,42895,47895,7721.10,8621.10,1,1,4,CONTRADICTION
07ABCDE9083F1Z5,07ABCDE9083F1Z5,Hard Supplier 587,Hard Supplier 587,INV-00587,INV-00587,2026-09-17,2026-09-17,56377,61377,10147.86,11047.86,1,2,3,CONTRADICTION
07ABCDE9261F1Z5,07ABCDE9261F1Z5,Hard Supplier 588,Hard Supplier 588,INV-00588,INV-00588,2027-01-01,2027-01-01,17112,22112,3080.16,3980.16,1,1,3,CONTRADICTION
07ABCDE5118F1Z5,07ABCDE5118F1Z5,Hard Supplier 589,Hard Supplier 589,INV-00589,INV-00590,2026-03-01,2026-03-01,24119,24119,4341.42,4341.42,1,2,3,CONTRADICTION
07ABCDE3150F1Z5,07ABCDE3150F1Z5,Hard Supplier 590,Hard Supplier 590,INV-00590,INV-00590,2026-01-01,2026-01-01,17997,22997,3239.46,4139.46,3,2,4,CONTRADICTION
07ABCDE2273F1Z5,07ABCDE2273F1Z5,Hard Supplier 591,Hard Supplier 591,INV-00591,INV-00592,2026-10-14,2026-10-14,81019,81019,14583.42,14583.42,1,2,3,CONTRADICTION
07ABCDE1111F1Z5,07ABCDE1111F1Z5,Hard Supplier 592,Hard Supplier 592,INV-00592,INV-00592,2026-10-30,2026-10-30,42454,47454,7641.72,8541.72,2,1,3,CONTRADICTION
07ABCDE5741F1Z5,07ABCDE5741F1Z5,Hard Supplier 593,Hard Supplier 593,INV-00593,INV-00594,2026-09-10,2026-09-10,24094,24094,4336.92,4336.92,3,2,3,CONTRADICTION
07ABCDE2425F1Z5,07ABCDE2425F1Z5,Hard Supplier 594,Hard Supplier 594,INV-00594,INV-00595,2026-12-26,2026-12-26,37198,37198,6695.64,6695.64,1,2,4,CONTRADICTION
07ABCDE2126F1Z5,07ABCDE2126F1Z5,Hard Supplier 595,Hard Supplier 595,INV-00595,INV-00596,2026-12-28,2026-12-28,23050,23050,4149.00,4149.00,2,1,3,CONTRADICTION
07ABCDE6326F1Z5,07ABCDE6326F1Z5,Hard Supplier 596,Hard Supplier 596,INV-00596,INV-00597,2026-06-21,2026-06-21,99361,99361,17884.98,17884.98,1,2,3,CONTRADICTION
07ABCDE5642F1Z5,07ABCDE5642F1Z5,Hard Supplier 597,Hard Supplier 597,INV-00597,INV-00598,2026-07-31,2026-07-31,31291,31291,5632.38,5632.38,2,2,3,CONTRADICTION
07ABCDE5974F1Z5,07ABCDE5974F1Z5,Hard Supplier 598,Hard Supplier 598,INV-00598,INV-00598,2026-07-05,2026-07-05,64279,69279,11570.22,12470.22,2,1,4,CONTRADICTION
07ABCDE8971F1Z5,07ABCDE8971F1Z5,Hard Supplier 599,Hard Supplier 599,INV-00599,INV-00600,2026-02-04,2026-02-04,29784,29784,5361.12,5361.12,2,2,5,CONTRADICTION
07ABCDE5280F1Z5,07ABCDE5280F1Z5,Hard Supplier 600,Hard Supplier 600,INV-00600,INV-00600,2026-04-03,2026-04-03,47615,52615,8570.70,9470.70,1,1,3,CONTRADICTION
07ABCDE5292F1Z5,07ABCDE5292F1Z5,Hard Supplier 601,Hard Supplier 601,INV-00601,INV-00601,2026-04-09,2026-04-09,70782,75782,12740.76,13640.76,2,1,3,CONTRADICTION
07ABCDE8151F1Z5,07ABCDE8151F1Z5,Hard Supplier 602,Hard Supplier 602,INV-00602,INV-00603,2026-07-01,2026-07-01,92103,92103,16578.54,16578.54,3,1,4,CONTRADICTION
07ABCDE2792F1Z5,07ABCDE2792F1Z5,Hard Supplier 603,Hard Supplier 603,INV-00603,INV-00603,2026-08-13,2026-08-13,98837,103837,17790.66,18690.66,2,2,5,CONTRADICTION
07ABCDE4756F1Z5,07ABCDE4756F1Z5,Hard Supplier 604,Hard Supplier 604,INV-00604,INV-00605,2026-03-06,2026-03-06,94029,94029,16925.22,16925.22,1,2,4,CONTRADICTION
07ABCDE6765F1Z5,07ABCDE6765F1Z5,Hard Supplier 605,Hard Supplier 605,INV-00605,INV-00606,2026-08-17,2026-08-17,54758,54758,9856.44,9856.44,1,1,4,CONTRADICTION
07ABCDE2034F1Z5,07ABCDE2034F1Z5,Hard Supplier 606,Hard Supplier 606,INV-00606,INV-00607,2026-12-29,2026-12-29,6825,6825,1228.50,1228.50,2,2,4,CONTRADICTION
07ABCDE2590F1Z5,07ABCDE2590F1Z5,Hard Supplier 607,Hard Supplier 607,INV-00607,INV-00607,2026-11-22,2026-11-22,87638,92638,15774.84,16674.84,3,2,4,CONTRADICTION
07ABCDE6824F1Z5,07ABCDE6824F1Z5,Hard Supplier 608,Hard Supplier 608,INV-00608,INV-00609,2026-02-28,2026-02-28,46022,46022,8283.96,8283.96,1,2,3,CONTRADICTION
07ABCDE2033F1Z5,07ABCDE2033F1Z5,Hard Supplier 609,Hard Supplier 609,INV-00609,INV-00609,2026-11-17,2026-11-17,39577,44577,7123.86,8023.86,2,2,3,CONTRADICTION
07ABCDE7974F1Z5,07ABCDE7974F1Z5,Hard Supplier 610,Hard Supplier 610,INV-00610,INV-00611,2026-01-16,2026-01-16,15353,15353,2763.54,2763.54,3,2,4,CONTRADICTION
07ABCDE9459F1Z5,07ABCDE9459F1Z5,Hard Supplier 611,Hard Supplier 611,INV-00611,INV-00611,2026-12-27,2026-12-27,98759,103759,17776.62,18676.62,3,1,5,CONTRADICTION
07ABCDE4879F1Z5,07ABCDE4879F1Z5,Hard Supplier 612,Hard Supplier 612,INV-00612,INV-00612,2026-04-23,2026-04-23,75548,80548,13598.64,14498.64,1,2,4,CONTRADICTION
07ABCDE7038F1Z5,07ABCDE7038F1Z5,Hard Supplier 613,Hard Supplier 613,INV-00613,INV-00613,2026-02-13,2026-02-13,88360,93360,15904.80,16804.80,3,1,5,CONTRADICTION
07ABCDE4336F1Z5,07ABCDE4336F1Z5,Hard Supplier 614,Hard Supplier 614,INV-00614,INV-00615,2026-10-18,2026-10-18,94597,94597,17027.46,17027.46,1,2,3,CONTRADICTION
07ABCDE5284F1Z5,07ABCDE5284F1Z5,Hard Supplier 615,Hard Supplier 615,INV-00615,INV-00615,2026-04-14,2026-04-14,41191,46191,7414.38,8314.38,2,1,3,CONTRADICTION
07ABCDE3200F1Z5,07ABCDE3200F1Z5,Hard Supplier 616,Hard Supplier 616,INV-00616,INV-00617,2026-12-09,2026-12-09,60637,60637,10914.66,10914.66,1,2,3,CONTRADICTION
07ABCDE3797F1Z5,07ABCDE3797F1Z5,Hard Supplier 617,Hard Supplier 617,INV-00617,INV-00618,2026-03-29,2026-03-29,94316,94316,16976.88,16976.88,2,2,5,CONTRADICTION
07ABCDE2469F1Z5,07ABCDE2469F1Z5,Hard Supplier 618,Hard Supplier 618,INV-00618,INV-00619,2026-07-30,2026-07-30,98467,98467,17724.06,17724.06,2,1,3,CONTRADICTION
07ABCDE5748F1Z5,07ABCDE5748F1Z5,Hard Supplier 619,Hard Supplier 619,INV-00619,INV-00619,2026-08-02,2026-08-02,7861,12861,1414.98,2314.98,1,1,5,CONTRADICTION
07ABCDE3679F1Z5,07ABCDE3679F1Z5,Hard Supplier 620,Hard Supplier 620,INV-00620,INV-00621,2026-08-11,2026-08-11,10676,10676,1921.68,1921.68,1,2,4,CONTRADICTION
07ABCDE1485F1Z5,07ABCDE1485F1Z5,Hard Supplier 621,Hard Supplier 621,INV-00621,INV-00622,2026-12-02,2026-12-02,64615,64615,11630.70,11630.70,3,2,4,CONTRADICTION
07ABCDE7612F1Z5,07ABCDE7612F1Z5,Hard Supplier 622,Hard Supplier 622,INV-00622,INV-00622,2026-07-15,2026-07-15,74906,79906,13483.08,14383.08,1,2,4,CONTRADICTION
07ABCDE8150F1Z5,07ABCDE8150F1Z5,Hard Supplier 623,Hard Supplier 623,INV-00623,INV-00623,2026-09-14,2026-09-14,5243,10243,943.74,1843.74,3,1,4,CONTRADICTION
07ABCDE7270F1Z5,07ABCDE7270F1Z5,Hard Supplier 624,Hard Supplier 624,INV-00624,INV-00625,2026-01-04,2026-01-04,39267,39267,7068.06,7068.06,3,2,4,CONTRADICTION
07ABCDE7910F1Z5,07ABCDE7910F1Z5,Hard Supplier 625,Hard Supplier 625,INV-00625,INV-00625,2026-07-02,2026-07-02,20373,25373,3667.14,4567.14,2,1,4,CONTRADICTION
07ABCDE3009F1Z5,07ABCDE3009F1Z5,Hard Supplier 626,Hard Supplier 626,INV-00626,INV-00627,2026-07-28,2026-07-28,48055,48055,8649.90,8649.90,2,2,4,CONTRADICTION
07ABCDE6238F1Z5,07ABCDE6238F1Z5,Hard Supplier 627,Hard Supplier 627,INV-00627,INV-00627,2026-08-14,2026-08-14,92188,97188,16593.84,17493.84,2,2,5,CONTRADICTION
07ABCDE3813F1Z5,07ABCDE3813F1Z5,Hard Supplier 628,Hard Supplier 628,INV-00628,INV-00629,2026-10-28,2026-10-28,49622,49622,8931.96,8931.96,2,2,5,CONTRADICTION
07ABCDE4855F1Z5,07ABCDE4855F1Z5,Hard Supplier 629,Hard Supplier 629,INV-00629,INV-00630,2026-03-10,2026-03-10,78362,78362,14105.16,14105.16,2,2,4,CONTRADICTION
07ABCDE7143F1Z5,07ABCDE7143F1Z5,Hard Supplier 630,Hard Supplier 630,INV-00630,INV-00631,2026-02-03,2026-02-03,82168,82168,14790.24,14790.24,3,2,4,CONTRADICTION
07ABCDE1405F1Z5,07ABCDE1405F1Z5,Hard Supplier 631,Hard Supplier 631,INV-00631,INV-00631,2026-11-11,2026-11-11,94767,99767,17058.06,17958.06,3,1,4,CONTRADICTION
07ABCDE2793F1Z5,07ABCDE2793F1Z5,Hard Supplier 632,Hard Supplier 632,INV-00632,INV-00632,2026-05-18,2026-05-18,42969,47969,7734.42,8634.42,1,2,3,CONTRADICTION
07ABCDE7103F1Z5,07ABCDE7103F1Z5,Hard Supplier 633,Hard Supplier 633,INV-00633,INV-00633,2026-12-26,2026-12-26,37692,42692,6784.56,7684.56,1,2,3,CONTRADICTION
07ABCDE3345F1Z5,07ABCDE3345F1Z5,Hard Supplier 634,Hard Supplier 634,INV-00634,INV-00634,2026-02-09,2026-02-09,1642,6642,295.56,1195.56,3,1,5,CONTRADICTION
07ABCDE6113F1Z5,07ABCDE6113F1Z5,Hard Supplier 635,Hard Supplier 635,INV-00635,INV-00635,2026-06-08,2026-06-08,69481,74481,12506.58,13406.58,1,2,5,CONTRADICTION
07ABCDE9032F1Z5,07ABCDE9032F1Z5,Hard Supplier 636,Hard Supplier 636,INV-00636,INV-00637,2026-01-30,2026-01-30,67636,67636,12174.48,12174.48,2,1,5,CONTRADICTION
07ABCDE7326F1Z5,07ABCDE7326F1Z5,Hard Supplier 637,Hard Supplier 637,INV-00637,INV-00638,2026-08-19,2026-08-19,74295,74295,13373.10,13373.10,3,2,5,CONTRADICTION
07ABCDE6055F1Z5,07ABCDE6055F1Z5,Hard Supplier 638,Hard Supplier 638,INV-00638,INV-00639,2026-08-23,2026-08-23,85514,85514,15392.52,15392.52,1,1,3,CONTRADICTION
07ABCDE1881F1Z5,07ABCDE1881F1Z5,Hard Supplier 639,Hard Supplier 639,INV-00639,INV-00639,2026-03-12,2026-03-12,69853,74853,12573.54,13473.54,3,2,3,CONTRADICTION
07ABCDE3362F1Z5,07ABCDE3362F1Z5,Hard Supplier 640,Hard Supplier 640,INV-00640,INV-00641,2026-06-29,2026-06-29,4541,4541,817.38,817.38,2,2,4,CONTRADICTION
07ABCDE7705F1Z5,07ABCDE7705F1Z5,Hard Supplier 641,Hard Supplier 641,INV-00641,INV-00642,2026-11-13,2026-11-13,68695,68695,12365.10,12365.10,2,1,3,CONTRADICTION
07ABCDE2383F1Z5,07ABCDE2383F1Z5,Hard Supplier 642,Hard Supplier 642,INV-00642,INV-00643,2026-02-27,2026-02-27,6618,6618,1191.24,1191.24,2,2,5,CONTRADICTION
07ABCDE7971F1Z5,07ABCDE7971F1Z5,Hard Supplier 643,Hard Supplier 643,INV-00643,INV-00644,2026-10-06,2026-10-06,68055,68055,12249.90,12249.90,1,2,3,CONTRADICTION
07ABCDE5090F1Z5,07ABCDE5090F1Z5,Hard Supplier 644,Hard Supplier 644,INV-00644,INV-00644,2026-11-21,2026-11-21,97960,102960,17632.80,18532.80,3,2,5,CONTRADICTION
07ABCDE2999F1Z5,07ABCDE2999F1Z5,Hard Supplier 645,Hard Supplier 645,INV-00645,INV-00645,2026-07-23,2026-07-23,43845,48845,7892.10,8792.10,2,1,4,CONTRADICTION
07ABCDE4650F1Z5,07ABCDE4650F1Z5,Hard Supplier 646,Hard Supplier 646,INV-00646,INV-00646,2026-01-14,2026-01-14,17926,22926,3226.68,4126.68,3,1,4,CONTRADICTION
07ABCDE8357F1Z5,07ABCDE8357F1Z5,Hard Supplier 647,Hard Supplier 647,INV-00647,INV-00647,2026-07-26,2026-07-26,48500,53500,8730.00,9630.00,1,1,5,CONTRADICTION
07ABCDE6913F1Z5,07ABCDE6913F1Z5,Hard Supplier 648,Hard Supplier 648,INV-00648,INV-00649,2026-11-03,2026-11-03,99306,99306,17875.08,17875.08,3,1,4,CONTRADICTION
07ABCDE2010F1Z5,07ABCDE2010F1Z5,Hard Supplier 649,Hard Supplier 649,INV-00649,INV-00649,2026-09-17,2026-09-17,47396,52396,8531.28,9431.28,1,2,4,CONTRADICTION
07ABCDE7160F1Z5,07ABCDE7160F1Z5,Hard Supplier 650,Hard Supplier 650,INV-00650,INV-00651,2026-02-22,2026-02-22,18636,18636,3354.48,3354.48,1,2,3,CONTRADICTION
07ABCDE5574F1Z5,07ABCDE5574F1Z5,Hard Supplier 651,Hard Supplier 651,INV-00651,INV-00652,2026-04-01,2026-04-01,34438,34438,6198.84,6198.84,2,2,3,CONTRADICTION
07ABCDE1069F1Z5,07ABCDE1069F1Z5,Hard Supplier 652,Hard Supplier 652,INV-00652,INV-00652,2026-08-15,2026-08-15,39211,44211,7057.98,7957.98,3,1,3,CONTRADICTION
07ABCDE1733F1Z5,07ABCDE1733F1Z5,Hard Supplier 653,Hard Supplier 653,INV-00653,INV-00653,2026-03-14,2026-03-14,10144,15144,1825.92,2725.92,3,1,4,CONTRADICTION
07ABCDE1334F1Z5,07ABCDE1334F1Z5,Hard Supplier 654,Hard Supplier 654,INV-00654,INV-00654,2026-07-12,2026-07-12,81254,86254,14625.72,15525.72,3,1,3,CONTRADICTION
07ABCDE8991F1Z5,07ABCDE8991F1Z5,Hard Supplier 655,Hard Supplier 655,INV-00655,INV-00656,2026-09-10,2026-09-10,22453,22453,4041.54,4041.54,3,1,3,CONTRADICTION
07ABCDE1615F1Z5,07ABCDE1615F1Z5,Hard Supplier 656,Hard Supplier 656,INV-00656,INV-00656,2026-12-31,2026-12-31,99781,104781,17960.58,18860.58,1,2,5,CONTRADICTION
07ABCDE9229F1Z5,07ABCDE9229F1Z5,Hard Supplier 657,Hard Supplier 657,INV-00657,INV-00657,2026-12-06,2026-12-06,56043,61043,10087.74,10987.74,3,1,5,CONTRADICTION
07ABCDE4716F1Z5,07ABCDE4716F1Z5,Hard Supplier 658,Hard Supplier 658,INV-00658,INV-00659,2026-05-13,2026-05-13,43577,43577,7843.86,7843.86,2,1,5,CONTRADICTION
07ABCDE2326F1Z5,07ABCDE2326F1Z5,Hard Supplier 659,Hard Supplier 659,INV-00659,INV-00659,2026-12-27,2026-12-27,75752,80752,13635.36,14535.36,1,2,4,CONTRADICTION
07ABCDE4239F1Z5,07ABCDE4239F1Z5,Hard Supplier 660,Hard Supplier 660,INV-00660,INV-00661,2026-08-26,2026-08-26,5325,5325,958.50,958.50,2,1,3,CONTRADICTION
07ABCDE6684F1Z5,07ABCDE6684F1Z5,Hard Supplier 661,Hard Supplier 661,INV-00661,INV-00662,2026-09-04,2026-09-04,9369,9369,1686.42,1686.42,1,2,3,CONTRADICTION
07ABCDE3033F1Z5,07ABCDE3033F1Z5,Hard Supplier 662,Hard Supplier 662,INV-00662,INV-00663,2026-08-28,2026-08-28,28966,28966,5213.88,5213.88,1,1,3,CONTRADICTION
07ABCDE8422F1Z5,07ABCDE8422F1Z5,Hard Supplier 663,Hard Supplier 663,INV-00663,INV-00663,2026-01-04,2026-01-04,64585,69585,11625.30,12525.30,3,2,4,CONTRADICTION
07ABCDE2792F1Z5,07ABCDE2792F1Z5,Hard Supplier 664,Hard Supplier 664,INV-00664,INV-00665,2026-09-27,2026-09-27,99705,99705,17946.90,17946.90,1,1,3,CONTRADICTION
07ABCDE5156F1Z5,07ABCDE5156F1Z5,Hard Supplier 665,Hard Supplier 665,INV-00665,INV-00665,2026-06-04,2026-06-04,57199,62199,10295.82,11195.82,3,2,3,CONTRADICTION
07ABCDE9164F1Z5,07ABCDE9164F1Z5,Hard Supplier 666,Hard Supplier 666,INV-00666,INV-00667,2026-11-08,2026-11-08,88202,88202,15876.36,15876.36,3,1,3,CONTRADICTION
07ABCDE7809F1Z5,07ABCDE7809F1Z5,Hard Supplier 667,Hard Supplier 667,INV-00667,INV-00667,2026-10-14,2026-10-14,40255,45255,7245.90,8145.90,1,1,5,CONTRADICTION
07ABCDE3883F1Z5,07ABCDE3883F1Z5,Hard Supplier 668,Hard Supplier 668,INV-00668,INV-00668,2026-08-26,2026-08-26,36818,41818,6627.24,7527.24,2,1,4,CONTRADICTION
07ABCDE4955F1Z5,07ABCDE4955F1Z5,Hard Supplier 669,Hard Supplier 669,INV-00669,INV-00670,2026-11-15,2026-11-15,58743,58743,10573.74,10573.74,2,1,5,CONTRADICTION
07ABCDE9537F1Z5,07ABCDE9537F1Z5,Hard Supplier 670,Hard Supplier 670,INV-00670,INV-00670,2026-11-25,2026-11-25,44019,49019,7923.42,8823.42,3,1,4,CONTRADICTION
07ABCDE4100F1Z5,07ABCDE4100F1Z5,Hard Supplier 671,Hard Supplier 671,INV-00671,INV-00672,2026-11-29,2026-11-29,6054,6054,1089.72,1089.72,2,2,4,CONTRADICTION
07ABCDE7767F1Z5,07ABCDE7767F1Z5,Hard Supplier 672,Hard Supplier 672,INV-00672,INV-00673,2026-11-22,2026-11-22,9882,9882,1778.76,1778.76,2,2,3,CONTRADICTION
07ABCDE3507F1Z5,07ABCDE3507F1Z5,Hard Supplier 673,Hard Supplier 673,INV-00673,INV-00674,2026-10-25,2026-10-25,24164,24164,4349.52,4349.52,3,2,5,CONTRADICTION
07ABCDE1267F1Z5,07ABCDE1267F1Z5,Hard Supplier 674,Hard Supplier 674,INV-00674,INV-00675,2026-04-25,2026-04-25,49656,49656,8938.08,8938.08,1,1,4,CONTRADICTION
07ABCDE4349F1Z5,07ABCDE4349F1Z5,Hard Supplier 675,Hard Supplier 675,INV-00675,INV-00675,2026-12-22,2026-12-22,63848,68848,11492.64,12392.64,1,2,5,CONTRADICTION
07ABCDE2174F1Z5,07ABCDE2174F1Z5,Hard Supplier 676,Hard Supplier 676,INV-00676,INV-00676,2026-03-04,2026-03-04,27001,32001,4860.18,5760.18,1,1,3,CONTRADICTION
07ABCDE3955F1Z5,07ABCDE3955F1Z5,Hard Supplier 677,Hard Supplier 677,INV-00677,INV-00677,2026-08-30,2026-08-30,31647,36647,5696.46,6596.46,1,2,3,CONTRADICTION
07ABCDE2401F1Z5,07ABCDE2401F1Z5,Hard Supplier 678,Hard Supplier 678,INV-00678,INV-00678,2026-03-10,2026-03-10,29574,34574,5323.32,6223.32,2,2,4,CONTRADICTION
07ABCDE4541F1Z5,07ABCDE4541F1Z5,Hard Supplier 679,Hard Supplier 679,INV-00679,INV-00680,2026-08-29,2026-08-29,72841,72841,13111.38,13111.38,2,2,3,CONTRADICTION
07ABCDE3555F1Z5,07ABCDE3555F1Z5,Hard Supplier 680,Hard Supplier 680,INV-00680,INV-00681,2026-12-07,2026-12-07,58698,58698,10565.64,10565.64,2,2,3,CONTRADICTION
07ABCDE4243F1Z5,07ABCDE4243F1Z5,Hard Supplier 681,Hard Supplier 681,INV-00681,INV-00682,2026-01-03,2026-01-03,59559,59559,10720.62,10720.62,2,2,4,CONTRADICTION
07ABCDE5969F1Z5,07ABCDE5969F1Z5,Hard Supplier 682,Hard Supplier 682,INV-00682,INV-00682,2026-12-03,2026-12-03,7348,12348,1322.64,2222.64,2,2,5,CONTRADICTION
07ABCDE4499F1Z5,07ABCDE4499F1Z5,Hard Supplier 683,Hard Supplier 683,INV-00683,INV-00683,2026-04-03,2026-04-03,82770,87770,14898.60,15798.60,3,2,3,CONTRADICTION
07ABCDE3189F1Z5,07ABCDE3189F1Z5,Hard Supplier 684,Hard Supplier 684,INV-00684,INV-00685,2026-05-28,2026-05-28,18411,18411,3313.98,3313.98,3,1,5,CONTRADICTION
07ABCDE6742F1Z5,07ABCDE6742F1Z5,Hard Supplier 685,Hard Supplier 685,INV-00685,INV-00686,2026-07-30,2026-07-30,18321,18321,3297.78,3297.78,2,1,5,CONTRADICTION
07ABCDE9708F1Z5,07ABCDE9708F1Z5,Hard Supplier 686,Hard Supplier 686,INV-00686,INV-00687,2026-02-14,2026-02-14,82122,82122,14781.96,14781.96,3,1,4,CONTRADICTION
07ABCDE1015F1Z5,07ABCDE1015F1Z5,Hard Supplier 687,Hard Supplier 687,INV-00687,INV-00688,2026-06-12,2026-06-12,17063,17063,3071.34,3071.34,2,2,4,CONTRADICTION
07ABCDE4467F1Z5,07ABCDE4467F1Z5,Hard Supplier 688,Hard Supplier 688,INV-00688,INV-00689,2026-10-10,2026-10-10,55582,55582,10004.76,10004.76,1,2,5,CONTRADICTION
07ABCDE6047F1Z5,07ABCDE6047F1Z5,Hard Supplier 689,Hard Supplier 689,INV-00689,INV-00689,2026-01-05,2026-01-05,4456,9456,802.08,1702.08,2,1,3,CONTRADICTION
07ABCDE8783F1Z5,07ABCDE8783F1Z5,Hard Supplier 690,Hard Supplier 690,INV-00690,INV-00691,2026-07-16,2026-07-16,51932,51932,9347.76,9347.76,2,2,3,CONTRADICTION
07ABCDE3356F1Z5,07ABCDE3356F1Z5,Hard Supplier 691,Hard Supplier 691,INV-00691,INV-00692,2026-02-09,2026-02-09,3653,3653,657.54,657.54,1,1,4,CONTRADICTION
07ABCDE6276F1Z5,07ABCDE6276F1Z5,Hard Supplier 692,Hard Supplier 692,INV-00692,INV-00693,2026-05-22,2026-05-22,70940,70940,12769.20,12769.20,1,1,4,CONTRADICTION
07ABCDE3686F1Z5,07ABCDE3686F1Z5,Hard Supplier 693,Hard Supplier 693,INV-00693,INV-00694,2026-09-14,2026-09-14,61848,61848,11132.64,11132.64,2,2,4,CONTRADICTION
07ABCDE4306F1Z5,07ABCDE4306F1Z5,Hard Supplier 694,Hard Supplier 694,INV-00694,INV-00694,2026-07-17,2026-07-17,43795,48795,7883.10,8783.10,2,2,3,CONTRADICTION
07ABCDE3135F1Z5,07ABCDE3135F1Z5,Hard Supplier 695,Hard Supplier 695,INV-00695,INV-00695,2026-01-27,2026-01-27,8870,13870,1596.60,2496.60,3,2,3,CONTRADICTION
07ABCDE1796F1Z5,07ABCDE1796F1Z5,Hard Supplier 696,Hard Supplier 696,INV-00696,INV-00696,2026-06-23,2026-06-23,74813,79813,13466.34,14366.34,1,1,5,CONTRADICTION
07ABCDE4270F1Z5,07ABCDE4270F1Z5,Hard Supplier 697,Hard Supplier 697,INV-00697,INV-00697,2026-09-20,2026-09-20,95548,100548,17198.64,18098.64,1,2,4,CONTRADICTION
07ABCDE3622F1Z5,07ABCDE3622F1Z5,Hard Supplier 698,Hard Supplier 698,INV-00698,INV-00698,2026-08-02,2026-08-02,66525,71525,11974.50,12874.50,2,1,3,CONTRADICTION
07ABCDE1847F1Z5,07ABCDE1847F1Z5,Hard Supplier 699,Hard Supplier 699,INV-00699,INV-00700,2026-04-30,2026-04-30,33588,33588,6045.84,6045.84,3,1,4,CONTRADICTION
07ABCDE8287F1Z5,07ABCDE8287F1Z5,Hard Supplier 700,Hard Supplier 700,INV-00700,INV-00701,2026-11-04,2026-11-04,80542,80542,14497.56,14497.56,3,2,4,CONTRADICTION
07ABCDE9478F1Z5,07ABCDE9478F1Z5,Hard Supplier 701,Hard Supplier 701,INV-00701,INV-00702,2026-05-11,2026-05-11,39909,39909,7183.62,7183.62,1,2,4,CONTRADICTION
07ABCDE3439F1Z5,07ABCDE3439F1Z5,Hard Supplier 702,Hard Supplier 702,INV-00702,INV-00703,2026-07-15,2026-07-15,23524,23524,4234.32,4234.32,3,1,5,CONTRADICTION
07ABCDE8093F1Z5,07ABCDE8093F1Z5,Hard Supplier 703,Hard Supplier 703,INV-00703,INV-00703,2026-09-09,2026-09-09,48205,53205,8676.90,9576.90,1,2,5,CONTRADICTION
07ABCDE3810F1Z5,07ABCDE3810F1Z5,Hard Supplier 704,Hard Supplier 704,INV-00704,INV-00704,2026-08-15,2026-08-15,48283,53283,8690.94,9590.94,2,1,4,CONTRADICTION
07ABCDE1684F1Z5,07ABCDE1684F1Z5,Hard Supplier 705,Hard Supplier 705,INV-00705,INV-00705,2026-12-02,2026-12-02,10633,15633,1913.94,2813.94,1,1,5,CONTRADICTION
07ABCDE2208F1Z5,07ABCDE2208F1Z5,Hard Supplier 706,Hard Supplier 706,INV-00706,INV-00707,2026-05-10,2026-05-10,96101,96101,17298.18,17298.18,3,2,3,CONTRADICTION
07ABCDE4368F1Z5,07ABCDE4368F1Z5,Hard Supplier 707,Hard Supplier 707,INV-00707,INV-00708,2026-12-03,2026-12-03,90782,90782,16340.76,16340.76,2,2,4,CONTRADICTION
07ABCDE5165F1Z5,07ABCDE5165F1Z5,Hard Supplier 708,Hard Supplier 708,INV-00708,INV-00708,2026-01-25,2026-01-25,33396,38396,6011.28,6911.28,3,1,5,CONTRADICTION
07ABCDE5889F1Z5,07ABCDE5889F1Z5,Hard Supplier 709,Hard Supplier 709,INV-00709,INV-00710,2026-09-17,2026-09-17,94960,94960,17092.80,17092.80,2,2,4,CONTRADICTION
07ABCDE2564F1Z5,07ABCDE2564F1Z5,Hard Supplier 710,Hard Supplier 710,INV-00710,INV-00710,2026-12-06,2026-12-06,77088,82088,13875.84,14775.84,3,2,4,CONTRADICTION
07ABCDE1804F1Z5,07ABCDE1804F1Z5,Hard Supplier 711,Hard Supplier 711,INV-00711,INV-00711,2026-03-29,2026-03-29,97744,102744,17593.92,18493.92,1,1,5,CONTRADICTION
07ABCDE7088F1Z5,07ABCDE7088F1Z5,Hard Supplier 712,Hard Supplier 712,INV-00712,INV-00712,2026-01-18,2026-01-18,25577,30577,4603.86,5503.86,2,1,3,CONTRADICTION
07ABCDE7662F1Z5,07ABCDE7662F1Z5,Hard Supplier 713,Hard Supplier 713,INV-00713,INV-00713,2026-10-29,2026-10-29,59829,64829,10769.22,11669.22,1,1,3,CONTRADICTION
07ABCDE8560F1Z5,07ABCDE8560F1Z5,Hard Supplier 714,Hard Supplier 714,INV-00714,INV-00714,2026-07-26,2026-07-26,69618,74618,12531.24,13431.24,2,2,3,CONTRADICTION
07ABCDE5487F1Z5,07ABCDE5487F1Z5,Hard Supplier 715,Hard Supplier 715,INV-00715,INV-00715,2026-10-18,2026-10-18,62417,67417,11235.06,12135.06,3,1,5,CONTRADICTION
07ABCDE5970F1Z5,07ABCDE5970F1Z5,Hard Supplier 716,Hard Supplier 716,INV-00716,INV-00716,2026-06-22,2026-06-22,29521,34521,5313.78,6213.78,3,1,5,CONTRADICTION
07ABCDE1415F1Z5,07ABCDE1415F1Z5,Hard Supplier 717,Hard Supplier 717,INV-00717,INV-00718,2026-08-27,2026-08-27,67554,67554,12159.72,12159.72,2,2,5,CONTRADICTION
07ABCDE5914F1Z5,07ABCDE5914F1Z5,Hard Supplier 718,Hard Supplier 718,INV-00718,INV-00718,2026-05-08,2026-05-08,52161,57161,9388.98,10288.98,3,1,4,CONTRADICTION
07ABCDE1258F1Z5,07ABCDE1258F1Z5,Hard Supplier 719,Hard Supplier 719,INV-00719,INV-00720,2026-11-14,2026-11-14,18187,18187,3273.66,3273.66,3,2,5,CONTRADICTION
07ABCDE4603F1Z5,07ABCDE4603F1Z5,Hard Supplier 720,Hard Supplier 720,INV-00720,INV-00720,2026-10-25,2026-10-25,27045,32045,4868.10,5768.10,3,1,4,CONTRADICTION
07ABCDE7198F1Z5,07ABCDE7198F1Z5,Hard Supplier 721,Hard Supplier 721,INV-00721,INV-00722,2026-10-25,2026-10-25,89522,89522,16113.96,16113.96,3,1,3,CONTRADICTION
07ABCDE1871F1Z5,07ABCDE1871F1Z5,Hard Supplier 722,Hard Supplier 722,INV-00722,INV-00723,2026-02-23,2026-02-23,91591,91591,16486.38,16486.38,3,2,3,CONTRADICTION
07ABCDE1093F1Z5,07ABCDE1093F1Z5,Hard Supplier 723,Hard Supplier 723,INV-00723,INV-00724,2026-09-19,2026-09-19,88374,88374,15907.32,15907.32,3,2,5,CONTRADICTION
07ABCDE4783F1Z5,07ABCDE4783F1Z5,Hard Supplier 724,Hard Supplier 724,INV-00724,INV-00725,2026-11-13,2026-11-13,79376,79376,14287.68,14287.68,3,2,3,CONTRADICTION
07ABCDE3765F1Z5,07ABCDE3765F1Z5,Hard Supplier 725,Hard Supplier 725,INV-00725,INV-00726,2026-03-23,2026-03-23,3717,3717,669.06,669.06,3,2,4,CONTRADICTION
07ABCDE8453F1Z5,07ABCDE8453F1Z5,Hard Supplier 726,Hard Supplier 726,INV-00726,INV-00727,2026-12-04,2026-12-04,27358,27358,4924.44,4924.44,3,2,4,CONTRADICTION
07ABCDE7014F1Z5,07ABCDE7014F1Z5,Hard Supplier 727,Hard Supplier 727,INV-00727,INV-00728,2026-06-03,2026-06-03,38734,38734,6972.12,6972.12,2,2,5,CONTRADICTION
07ABCDE9924F1Z5,07ABCDE9924F1Z5,Hard Supplier 728,Hard Supplier 728,INV-00728,INV-00728,2026-11-06,2026-11-06,94403,99403,16992.54,17892.54,2,2,3,CONTRADICTION
07ABCDE1093F1Z5,07ABCDE1093F1Z5,Hard Supplier 729,Hard Supplier 729,INV-00729,INV-00730,2026-01-26,2026-01-26,56237,56237,10122.66,10122.66,2,2,5,CONTRADICTION
07ABCDE1356F1Z5,07ABCDE1356F1Z5,Hard Supplier 730,Hard Supplier 730,INV-00730,INV-00730,2026-09-02,2026-09-02,98003,103003,17640.54,18540.54,2,2,5,CONTRADICTION
07ABCDE1021F1Z5,07ABCDE1021F1Z5,Hard Supplier 731,Hard Supplier 731,INV-00731,INV-00731,2026-08-07,2026-08-07,34931,39931,6287.58,7187.58,2,2,4,CONTRADICTION
07ABCDE9147F1Z5,07ABCDE9147F1Z5,Hard Supplier 732,Hard Supplier 732,INV-00732,INV-00732,2026-12-11,2026-12-11,12253,17253,2205.54,3105.54,2,2,5,CONTRADICTION
07ABCDE3973F1Z5,07ABCDE3973F1Z5,Hard Supplier 733,Hard Supplier 733,INV-00733,INV-00734,2026-08-26,2026-08-26,1526,1526,274.68,274.68,3,1,5,CONTRADICTION
07ABCDE9389F1Z5,07ABCDE9389F1Z5,Hard Supplier 734,Hard Supplier 734,INV-00734,INV-00735,2026-12-12,2026-12-12,68158,68158,12268.44,12268.44,3,2,3,CONTRADICTION
07ABCDE6389F1Z5,07ABCDE6389F1Z5,Hard Supplier 735,Hard Supplier 735,INV-00735,INV-00735,2026-04-27,2026-04-27,80181,85181,14432.58,15332.58,3,2,4,CONTRADICTION
07ABCDE7003F1Z5,07ABCDE7003F1Z5,Hard Supplier 736,Hard Supplier 736,INV-00736,INV-00737,2026-01-26,2026-01-26,55284,55284,9951.12,9951.12,2,1,3,CONTRADICTION
07ABCDE1766F1Z5,07ABCDE1766F1Z5,Hard Supplier 737,Hard Supplier 737,INV-00737,INV-00737,2026-08-25,2026-08-25,24157,29157,4348.26,5248.26,2,2,3,CONTRADICTION
07ABCDE9286F1Z5,07ABCDE9286F1Z5,Hard Supplier 738,Hard Supplier 738,INV-00738,INV-00739,2026-09-29,2026-09-29,95460,95460,17182.80,17182.80,3,1,4,CONTRADICTION
07ABCDE6448F1Z5,07ABCDE6448F1Z5,Hard Supplier 739,Hard Supplier 739,INV-00739,INV-00740,2026-10-25,2026-10-25,58345,58345,10502.10,10502.10,3,2,5,CONTRADICTION
07ABCDE2292F1Z5,07ABCDE2292F1Z5,Hard Supplier 740,Hard Supplier 740,INV-00740,INV-00740,2026-05-11,2026-05-11,65373,70373,11767.14,12667.14,2,1,4,CONTRADICTION
07ABCDE7667F1Z5,07ABCDE7667F1Z5,Hard Supplier 741,Hard Supplier 741,INV-00741,INV-00741,2026-11-11,2026-11-11,47881,52881,8618.58,9518.58,1,2,4,CONTRADICTION
07ABCDE8084F1Z5,07ABCDE8084F1Z5,Hard Supplier 742,Hard Supplier 742,INV-00742,INV-00742,2026-05-03,2026-05-03,35358,40358,6364.44,7264.44,1,2,5,CONTRADICTION
07ABCDE5585F1Z5,07ABCDE5585F1Z5,Hard Supplier 743,Hard Supplier 743,INV-00743,INV-00744,2026-04-19,2026-04-19,62870,62870,11316.60,11316.60,1,2,4,CONTRADICTION
07ABCDE2446F1Z5,07ABCDE2446F1Z5,Hard Supplier 744,Hard Supplier 744,INV-00744,INV-00744,2026-08-01,2026-08-01,62587,67587,11265.66,12165.66,2,2,5,CONTRADICTION
07ABCDE7002F1Z5,07ABCDE7002F1Z5,Hard Supplier 745,Hard Supplier 745,INV-00745,INV-00745,2026-06-09,2026-06-09,19900,24900,3582.00,4482.00,3,2,5,CONTRADICTION
07ABCDE1567F1Z5,07ABCDE1567F1Z5,Hard Supplier 746,Hard Supplier 746,INV-00746,INV-00747,2026-05-13,2026-05-13,28290,28290,5092.20,5092.20,2,1,3,CONTRADICTION
07ABCDE6236F1Z5,07ABCDE6236F1Z5,Hard Supplier 747,Hard Supplier 747,INV-00747,INV-00747,2026-04-13,2026-04-13,17543,22543,3157.74,4057.74,2,2,3,CONTRADICTION
07ABCDE3845F1Z5,07ABCDE3845F1Z5,Hard Supplier 748,Hard Supplier 748,INV-00748,INV-00749,2026-07-05,2026-07-05,21928,21928,3947.04,3947.04,3,2,3,CONTRADICTION
07ABCDE7363F1Z5,07ABCDE7363F1Z5,Hard Supplier 749,Hard Supplier 749,INV-00749,INV-00749,2026-12-20,2026-12-20,59890,64890,10780.20,11680.20,2,1,5,CONTRADICTION
07ABCDE3488F1Z5,07ABCDE3488F1Z5,Hard Supplier 750,Hard Supplier 750,INV-00750,INV-00751,2026-01-19,2026-01-19,52836,52836,9510.48,9510.48,2,2,4,CONTRADICTION
07ABCDE1236F1Z5,07ABCDE1236F1Z5,Hard Supplier 751,Hard Supplier 751,INV-00751,INV-00751,2026-02-28,2026-02-28,71803,76803,12924.54,13824.54,2,1,4,CONTRADICTION
07ABCDE3824F1Z5,07ABCDE3824F1Z5,Hard Supplier 752,Hard Supplier 752,INV-00752,INV-00752,2026-03-24,2026-03-24,6107,11107,1099.26,1999.26,3,2,5,CONTRADICTION
07ABCDE5851F1Z5,07ABCDE5851F1Z5,Hard Supplier 753,Hard Supplier 753,INV-00753,INV-00754,2026-03-10,2026-03-10,76361,76361,13744.98,13744.98,2,2,3,CONTRADICTION
07ABCDE2383F1Z5,07ABCDE2383F1Z5,Hard Supplier 754,Hard Supplier 754,INV-00754,INV-00755,2026-04-04,2026-04-04,27087,27087,4875.66,4875.66,2,2,3,CONTRADICTION
07ABCDE8294F1Z5,07ABCDE8294F1Z5,Hard Supplier 755,Hard Supplier 755,INV-00755,INV-00755,2026-03-25,2026-03-25,11264,16264,2027.52,2927.52,1,1,5,CONTRADICTION
07ABCDE2497F1Z5,07ABCDE2497F1Z5,Hard Supplier 756,Hard Supplier 756,INV-00756,INV-00757,2026-02-24,2026-02-24,64966,64966,11693.88,11693.88,1,2,4,CONTRADICTION
07ABCDE8943F1Z5,07ABCDE8943F1Z5,Hard Supplier 757,Hard Supplier 757,INV-00757,INV-00758,2026-04-10,2026-04-10,43213,43213,7778.34,7778.34,3,1,4,CONTRADICTION
07ABCDE6231F1Z5,07ABCDE6231F1Z5,Hard Supplier 758,Hard Supplier 758,INV-00758,INV-00758,2026-12-07,2026-12-07,80441,85441,14479.38,15379.38,3,1,4,CONTRADICTION
07ABCDE6577F1Z5,07ABCDE6577F1Z5,Hard Supplier 759,Hard Supplier 759,INV-00759,INV-00760,2026-09-23,2026-09-23,26781,26781,4820.58,4820.58,3,2,4,CONTRADICTION
07ABCDE9432F1Z5,07ABCDE9432F1Z5,Hard Supplier 760,Hard Supplier 760,INV-00760,INV-00761,2026-01-30,2026-01-30,66211,66211,11917.98,11917.98,3,2,5,CONTRADICTION
07ABCDE9777F1Z5,07ABCDE9777F1Z5,Hard Supplier 761,Hard Supplier 761,INV-00761,INV-00762,2026-10-26,2026-10-26,10868,10868,1956.24,1956.24,3,1,3,CONTRADICTION
07ABCDE5590F1Z5,07ABCDE5590F1Z5,Hard Supplier 762,Hard Supplier 762,INV-00762,INV-00762,2026-04-16,2026-04-16,58273,63273,10489.14,11389.14,2,2,5,CONTRADICTION
07ABCDE8490F1Z5,07ABCDE8490F1Z5,Hard Supplier 763,Hard Supplier 763,INV-00763,INV-00763,2026-11-19,2026-11-19,88400,93400,15912.00,16812.00,1,1,3,CONTRADICTION
07ABCDE1074F1Z5,07ABCDE1074F1Z5,Hard Supplier 764,Hard Supplier 764,INV-00764,INV-00765,2026-04-18,2026-04-18,17499,17499,3149.82,3149.82,1,2,3,CONTRADICTION
07ABCDE6695F1Z5,07ABCDE6695F1Z5,Hard Supplier 765,Hard Supplier 765,INV-00765,INV-00765,2026-08-20,2026-08-20,29323,34323,5278.14,6178.14,1,2,5,CONTRADICTION
07ABCDE5137F1Z5,07ABCDE5137F1Z5,Hard Supplier 766,Hard Supplier 766,INV-00766,INV-00766,2026-10-16,2026-10-16,61896,66896,11141.28,12041.28,2,1,3,CONTRADICTION
07ABCDE1764F1Z5,07ABCDE1764F1Z5,Hard Supplier 767,Hard Supplier 767,INV-00767,INV-00768,2026-01-15,2026-01-15,42885,42885,7719.30,7719.30,2,1,4,CONTRADICTION
07ABCDE3896F1Z5,07ABCDE3896F1Z5,Hard Supplier 768,Hard Supplier 768,INV-00768,INV-00769,2026-10-21,2026-10-21,19224,19224,3460.32,3460.32,3,1,3,CONTRADICTION
07ABCDE4912F1Z5,07ABCDE4912F1Z5,Hard Supplier 769,Hard Supplier 769,INV-00769,INV-00769,2026-09-17,2026-09-17,76641,81641,13795.38,14695.38,3,1,3,CONTRADICTION
07ABCDE7500F1Z5,07ABCDE7500F1Z5,Hard Supplier 770,Hard Supplier 770,INV-00770,INV-00771,2026-05-27,2026-05-27,33129,33129,5963.22,5963.22,3,2,4,CONTRADICTION
07ABCDE1235F1Z5,07ABCDE1235F1Z5,Hard Supplier 771,Hard Supplier 771,INV-00771,INV-00772,2026-03-01,2026-03-01,74245,74245,13364.10,13364.10,1,2,4,CONTRADICTION
07ABCDE8157F1Z5,07ABCDE8157F1Z5,Hard Supplier 772,Hard Supplier 772,INV-00772,INV-00773,2026-05-23,2026-05-23,12639,12639,2275.02,2275.02,3,1,4,CONTRADICTION
07ABCDE6481F1Z5,07ABCDE6481F1Z5,Hard Supplier 773,Hard Supplier 773,INV-00773,INV-00773,2026-03-04,2026-03-04,69663,74663,12539.34,13439.34,3,1,3,CONTRADICTION
07ABCDE3305F1Z5,07ABCDE3305F1Z5,Hard Supplier 774,Hard Supplier 774,INV-00774,INV-00774,2026-06-08,2026-06-08,43279,48279,7790.22,8690.22,1,2,5,CONTRADICTION
07ABCDE8709F1Z5,07ABCDE8709F1Z5,Hard Supplier 775,Hard Supplier 775,INV-00775,INV-00776,2026-03-20,2026-03-20,84385,84385,15189.30,15189.30,2,2,5,CONTRADICTION
07ABCDE9922F1Z5,07ABCDE9922F1Z5,Hard Supplier 776,Hard Supplier 776,INV-00776,INV-00776,2026-08-11,2026-08-11,18420,23420,3315.60,4215.60,2,1,4,CONTRADICTION
07ABCDE1522F1Z5,07ABCDE1522F1Z5,Hard Supplier 777,Hard Supplier 777,INV-00777,INV-00778,2026-08-05,2026-08-05,4024,4024,724.32,724.32,2,1,4,CONTRADICTION
07ABCDE7987F1Z5,07ABCDE7987F1Z5,Hard Supplier 778,Hard Supplier 778,INV-00778,INV-00779,2026-02-28,2026-02-28,7414,7414,1334.52,1334.52,2,1,3,CONTRADICTION
07ABCDE8359F1Z5,07ABCDE8359F1Z5,Hard Supplier 779,Hard Supplier 779,INV-00779,INV-00780,2026-06-22,2026-06-22,22820,22820,4107.60,4107.60,2,1,4,CONTRADICTION
07ABCDE6980F1Z5,07ABCDE6980F1Z5,Hard Supplier 780,Hard Supplier 780,INV-00780,INV-00780,2026-08-27,2026-08-27,3434,8434,618.12,1518.12,1,2,5,CONTRADICTION
07ABCDE1254F1Z5,07ABCDE1254F1Z5,Hard Supplier 781,Hard Supplier 781,INV-00781,INV-00782,2026-10-31,2026-10-31,26668,26668,4800.24,4800.24,2,2,4,CONTRADICTION
07ABCDE7856F1Z5,07ABCDE7856F1Z5,Hard Supplier 782,Hard Supplier 782,INV-00782,INV-00783,2026-09-06,2026-09-06,31615,31615,5690.70,5690.70,3,2,5,CONTRADICTION
07ABCDE8175F1Z5,07ABCDE8175F1Z5,Hard Supplier 783,Hard Supplier 783,INV-00783,INV-00784,2026-04-09,2026-04-09,30588,30588,5505.84,5505.84,3,2,4,CONTRADICTION
07ABCDE9882F1Z5,07ABCDE9882F1Z5,Hard Supplier 784,Hard Supplier 784,INV-00784,INV-00785,2026-10-13,2026-10-13,67615,67615,12170.70,12170.70,3,1,4,CONTRADICTION
07ABCDE2843F1Z5,07ABCDE2843F1Z5,Hard Supplier 785,Hard Supplier 785,INV-00785,INV-00785,2026-12-20,2026-12-20,38591,43591,6946.38,7846.38,1,1,5,CONTRADICTION
07ABCDE3389F1Z5,07ABCDE3389F1Z5,Hard Supplier 786,Hard Supplier 786,INV-00786,INV-00786,2026-05-06,2026-05-06,4635,9635,834.30,1734.30,1,2,3,CONTRADICTION
07ABCDE7175F1Z5,07ABCDE7175F1Z5,Hard Supplier 787,Hard Supplier 787,INV-00787,INV-00788,2026-09-08,2026-09-08,67248,67248,12104.64,12104.64,1,1,3,CONTRADICTION
07ABCDE9701F1Z5,07ABCDE9701F1Z5,Hard Supplier 788,Hard Supplier 788,INV-00788,INV-00789,2026-02-14,2026-02-14,77193,77193,13894.74,13894.74,3,1,5,CONTRADICTION
07ABCDE6870F1Z5,07ABCDE6870F1Z5,Hard Supplier 789,Hard Supplier 789,INV-00789,INV-00789,2026-12-04,2026-12-04,90567,95567,16302.06,17202.06,1,2,4,CONTRADICTION
07ABCDE5872F1Z5,07ABCDE5872F1Z5,Hard Supplier 790,Hard Supplier 790,INV-00790,INV-00791,2026-11-28,2026-11-28,44043,44043,7927.74,7927.74,2,2,3,CONTRADICTION
07ABCDE1969F1Z5,07ABCDE1969F1Z5,Hard Supplier 791,Hard Supplier 791,INV-00791,INV-00791,2026-10-26,2026-10-26,92111,97111,16579.98,17479.98,1,2,3,CONTRADICTION
07ABCDE6429F1Z5,07ABCDE6429F1Z5,Hard Supplier 792,Hard Supplier 792,INV-00792,INV-00793,2026-06-05,2026-06-05,69362,69362,12485.16,12485.16,3,2,3,CONTRADICTION
07ABCDE9606F1Z5,07ABCDE9606F1Z5,Hard Supplier 793,Hard Supplier 793,INV-00793,INV-00794,2026-09-10,2026-09-10,7608,7608,1369.44,1369.44,3,2,5,CONTRADICTION
07ABCDE3687F1Z5,07ABCDE3687F1Z5,Hard Supplier 794,Hard Supplier 794,INV-00794,INV-00794,2026-11-07,2026-11-07,49410,54410,8893.80,9793.80,2,1,5,CONTRADICTION
07ABCDE5825F1Z5,07ABCDE5825F1Z5,Hard Supplier 795,Hard Supplier 795,INV-00795,INV-00795,2026-07-15,2026-07-15,51482,56482,9266.76,10166.76,1,2,4,CONTRADICTION
07ABCDE1852F1Z5,07ABCDE1852F1Z5,Hard Supplier 796,Hard Supplier 796,INV-00796,INV-00796,2026-09-21,2026-09-21,4354,9354,783.72,1683.72,2,1,3,CONTRADICTION
07ABCDE8876F1Z5,07ABCDE8876F1Z5,Hard Supplier 797,Hard Supplier 797,INV-00797,INV-00797,2026-07-01,2026-07-01,20393,25393,3670.74,4570.74,2,2,5,CONTRADICTION
07ABCDE2300F1Z5,07ABCDE2300F1Z5,Hard Supplier 798,Hard Supplier 798,INV-00798,INV-00799,2026-01-17,2026-01-17,8347,8347,1502.46,1502.46,1,2,3,CONTRADICTION
07ABCDE4145F1Z5,07ABCDE4145F1Z5,Hard Supplier 799,Hard Supplier 799,INV-00799,INV-00800,2026-08-01,2026-08-01,49274,49274,8869.32,8869.32,2,2,4,CONTRADICTION
07ABCDE6914F1Z5,07ABCDE6914F1Z5,Hard Supplier 800,Hard Supplier 800,INV-00800,INV-00801,2026-02-14,2026-02-14,74822,74822,13467.96,13467.96,1,1,3,CONTRADICTION
07ABCDE1038F1Z5,07ABCDE1038F1Z5,Hard Supplier 801,Hard Supplier 801,INV-00801,INV-00801,2026-08-08,2026-08-08,34447,39447,6200.46,7100.46,3,1,4,CONTRADICTION
07ABCDE3059F1Z5,07ABCDE3059F1Z5,Hard Supplier 802,Hard Supplier 802,INV-00802,INV-00803,2026-08-11,2026-08-11,59803,59803,10764.54,10764.54,1,1,4,CONTRADICTION
07ABCDE9723F1Z5,07ABCDE9723F1Z5,Hard Supplier 803,Hard Supplier 803,INV-00803,INV-00804,2026-10-16,2026-10-16,79914,79914,14384.52,14384.52,2,1,4,CONTRADICTION
07ABCDE3260F1Z5,07ABCDE3260F1Z5,Hard Supplier 804,Hard Supplier 804,INV-00804,INV-00804,2026-04-25,2026-04-25,12023,17023,2164.14,3064.14,3,1,5,CONTRADICTION
07ABCDE8554F1Z5,07ABCDE8554F1Z5,Hard Supplier 805,Hard Supplier 805,INV-00805,INV-00805,2026-06-11,2026-06-11,85447,90447,15380.46,16280.46,3,2,4,CONTRADICTION
07ABCDE1833F1Z5,07ABCDE1833F1Z5,Hard Supplier 806,Hard Supplier 806,INV-00806,INV-00807,2026-07-11,2026-07-11,63473,63473,11425.14,11425.14,1,1,4,CONTRADICTION
07ABCDE9403F1Z5,07ABCDE9403F1Z5,Hard Supplier 807,Hard Supplier 807,INV-00807,INV-00807,2026-10-10,2026-10-10,94016,99016,16922.88,17822.88,3,2,4,CONTRADICTION
07ABCDE8232F1Z5,07ABCDE8232F1Z5,Hard Supplier 808,Hard Supplier 808,INV-00808,INV-00809,2026-08-18,2026-08-18,53651,53651,9657.18,9657.18,2,1,5,CONTRADICTION
07ABCDE5367F1Z5,07ABCDE5367F1Z5,Hard Supplier 809,Hard Supplier 809,INV-00809,INV-00810,2026-07-30,2026-07-30,67381,67381,12128.58,12128.58,1,2,5,CONTRADICTION
07ABCDE6706F1Z5,07ABCDE6706F1Z5,Hard Supplier 810,Hard Supplier 810,INV-00810,INV-00811,2026-03-12,2026-03-12,2956,2956,532.08,532.08,1,1,3,CONTRADICTION
07ABCDE8301F1Z5,07ABCDE8301F1Z5,Hard Supplier 811,Hard Supplier 811,INV-00811,INV-00811,2026-11-16,2026-11-16,48389,53389,8710.02,9610.02,3,2,5,CONTRADICTION
07ABCDE6965F1Z5,07ABCDE6965F1Z5,Hard Supplier 812,Hard Supplier 812,INV-00812,INV-00812,2026-11-27,2026-11-27,20480,25480,3686.40,4586.40,3,1,4,CONTRADICTION
07ABCDE6188F1Z5,07ABCDE6188F1Z5,Hard Supplier 813,Hard Supplier 813,INV-00813,INV-00814,2026-04-05,2026-04-05,2778,2778,500.04,500.04,3,2,3,CONTRADICTION
07ABCDE9348F1Z5,07ABCDE9348F1Z5,Hard Supplier 814,Hard Supplier 814,INV-00814,INV-00815,2026-02-20,2026-02-20,23363,23363,4205.34,4205.34,3,1,4,CONTRADICTION
07ABCDE2320F1Z5,07ABCDE2320F1Z5,Hard Supplier 815,Hard Supplier 815,INV-00815,INV-00815,2026-05-15,2026-05-15,48270,53270,8688.60,9588.60,3,2,5,CONTRADICTION
07ABCDE9409F1Z5,07ABCDE9409F1Z5,Hard Supplier 816,Hard Supplier 816,INV-00816,INV-00817,2026-04-29,2026-04-29,76983,76983,13856.94,13856.94,2,2,4,CONTRADICTION
07ABCDE3351F1Z5,07ABCDE3351F1Z5,Hard Supplier 817,Hard Supplier 817,INV-00817,INV-00818,2026-01-14,2026-01-14,15861,15861,2854.98,2854.98,3,2,4,CONTRADICTION
07ABCDE5489F1Z5,07ABCDE5489F1Z5,Hard Supplier 818,Hard Supplier 818,INV-00818,INV-00818,2026-08-07,2026-08-07,60231,65231,10841.58,11741.58,2,1,3,CONTRADICTION
07ABCDE2708F1Z5,07ABCDE2708F1Z5,Hard Supplier 819,Hard Supplier 819,INV-00819,INV-00819,2026-02-18,2026-02-18,87559,92559,15760.62,16660.62,2,2,4,CONTRADICTION
07ABCDE8873F1Z5,07ABCDE8873F1Z5,Hard Supplier 820,Hard Supplier 820,INV-00820,INV-00821,2026-08-05,2026-08-05,14862,14862,2675.16,2675.16,2,1,5,CONTRADICTION
07ABCDE5191F1Z5,07ABCDE5191F1Z5,Hard Supplier 821,Hard Supplier 821,INV-00821,INV-00822,2026-04-21,2026-04-21,24323,24323,4378.14,4378.14,3,2,5,CONTRADICTION
07ABCDE9770F1Z5,07ABCDE9770F1Z5,Hard Supplier 822,Hard Supplier 822,INV-00822,INV-00823,2026-02-06,2026-02-06,74333,74333,13379.94,13379.94,2,1,4,CONTRADICTION
07ABCDE6255F1Z5,07ABCDE6255F1Z5,Hard Supplier 823,Hard Supplier 823,INV-00823,INV-00824,2026-10-09,2026-10-09,37286,37286,6711.48,6711.48,3,2,5,CONTRADICTION
07ABCDE9891F1Z5,07ABCDE9891F1Z5,Hard Supplier 824,Hard Supplier 824,INV-00824,INV-00825,2026-02-15,2026-02-15,1344,1344,241.92,241.92,3,2,5,CONTRADICTION
07ABCDE7213F1Z5,07ABCDE7213F1Z5,Hard Supplier 825,Hard Supplier 825,INV-00825,INV-00826,2026-06-24,2026-06-24,65960,65960,11872.80,11872.80,2,1,3,CONTRADICTION
07ABCDE9369F1Z5,07ABCDE9369F1Z5,Hard Supplier 826,Hard Supplier 826,INV-00826,INV-00827,2026-08-31,2026-08-31,32641,32641,5875.38,5875.38,2,2,4,CONTRADICTION
07ABCDE5495F1Z5,07ABCDE5495F1Z5,Hard Supplier 827,Hard Supplier 827,INV-00827,INV-00827,2026-01-22,2026-01-22,36094,41094,6496.92,7396.92,3,2,5,CONTRADICTION
07ABCDE4784F1Z5,07ABCDE4784F1Z5,Hard Supplier 828,Hard Supplier 828,INV-00828,INV-00828,2026-12-19,2026-12-19,11413,16413,2054.34,2954.34,3,2,3,CONTRADICTION
07ABCDE8913F1Z5,07ABCDE8913F1Z5,Hard Supplier 829,Hard Supplier 829,INV-00829,INV-00829,2026-06-29,2026-06-29,20044,25044,3607.92,4507.92,2,1,5,CONTRADICTION
07ABCDE6553F1Z5,07ABCDE6553F1Z5,Hard Supplier 830,Hard Supplier 830,INV-00830,INV-00831,2026-10-16,2026-10-16,9203,9203,1656.54,1656.54,1,2,3,CONTRADICTION
07ABCDE8201F1Z5,07ABCDE8201F1Z5,Hard Supplier 831,Hard Supplier 831,INV-00831,INV-00831,2026-10-20,2026-10-20,81625,86625,14692.50,15592.50,1,1,5,CONTRADICTION
07ABCDE2358F1Z5,07ABCDE2358F1Z5,Hard Supplier 832,Hard Supplier 832,INV-00832,INV-00832,2026-12-12,2026-12-12,73945,78945,13310.10,14210.10,2,2,3,CONTRADICTION
07ABCDE4232F1Z5,07ABCDE4232F1Z5,Hard Supplier 833,Hard Supplier 833,INV-00833,INV-00834,2026-01-17,2026-01-17,89939,89939,16189.02,16189.02,1,1,4,CONTRADICTION
07ABCDE2314F1Z5,07ABCDE2314F1Z5,Hard Supplier 834,Hard Supplier 834,INV-00834,INV-00835,2026-10-12,2026-10-12,5410,5410,973.80,973.80,2,1,5,CONTRADICTION
07ABCDE3259F1Z5,07ABCDE3259F1Z5,Hard Supplier 835,Hard Supplier 835,INV-00835,INV-00836,2026-09-12,2026-09-12,77216,77216,13898.88,13898.88,3,2,3,CONTRADICTION
07ABCDE4148F1Z5,07ABCDE4148F1Z5,Hard Supplier 836,Hard Supplier 836,INV-00836,INV-00837,2026-06-03,2026-06-03,94724,94724,17050.32,17050.32,1,1,4,CONTRADICTION
07ABCDE5146F1Z5,07ABCDE5146F1Z5,Hard Supplier 837,Hard Supplier 837,INV-00837,INV-00837,2026-06-28,2026-06-28,16178,21178,2912.04,3812.04,1,2,3,CONTRADICTION
07ABCDE7931F1Z5,07ABCDE7931F1Z5,Hard Supplier 838,Hard Supplier 838,INV-00838,INV-00839,2026-06-12,2026-06-12,45165,45165,8129.70,8129.70,2,1,5,CONTRADICTION
07ABCDE5259F1Z5,07ABCDE5259F1Z5,Hard Supplier 839,Hard Supplier 839,INV-00839,INV-00840,2026-04-09,2026-04-09,85828,85828,15449.04,15449.04,2,1,3,CONTRADICTION
07ABCDE9343F1Z5,07ABCDE9343F1Z5,Hard Supplier 840,Hard Supplier 840,INV-00840,INV-00841,2026-12-26,2026-12-26,92490,92490,16648.20,16648.20,3,1,3,CONTRADICTION
07ABCDE8848F1Z5,07ABCDE8848F1Z5,Hard Supplier 841,Hard Supplier 841,INV-00841,INV-00841,2026-06-26,2026-06-26,96022,101022,17283.96,18183.96,3,1,5,CONTRADICTION
07ABCDE9875F1Z5,07ABCDE9875F1Z5,Hard Supplier 842,Hard Supplier 842,INV-00842,INV-00843,2026-07-15,2026-07-15,45252,45252,8145.36,8145.36,1,2,5,CONTRADICTION
07ABCDE4755F1Z5,07ABCDE4755F1Z5,Hard Supplier 843,Hard Supplier 843,INV-00843,INV-00844,2026-04-24,2026-04-24,42217,42217,7599.06,7599.06,1,1,3,CONTRADICTION
07ABCDE5943F1Z5,07ABCDE5943F1Z5,Hard Supplier 844,Hard Supplier 844,INV-00844,INV-00844,2026-04-24,2026-04-24,22809,27809,4105.62,5005.62,1,2,4,CONTRADICTION
07ABCDE4565F1Z5,07ABCDE4565F1Z5,Hard Supplier 845,Hard Supplier 845,INV-00845,INV-00846,2026-08-16,2026-08-16,69701,69701,12546.18,12546.18,1,2,3,CONTRADICTION
07ABCDE2282F1Z5,07ABCDE2282F1Z5,Hard Supplier 846,Hard Supplier 846,INV-00846,INV-00847,2026-01-22,2026-01-22,38161,38161,6868.98,6868.98,1,2,3,CONTRADICTION
07ABCDE5347F1Z5,07ABCDE5347F1Z5,Hard Supplier 847,Hard Supplier 847,INV-00847,INV-00847,2026-09-27,2026-09-27,55660,60660,10018.80,10918.80,2,1,5,CONTRADICTION
07ABCDE2493F1Z5,07ABCDE2493F1Z5,Hard Supplier 848,Hard Supplier 848,INV-00848,INV-00848,2026-05-09,2026-05-09,83591,88591,15046.38,15946.38,1,2,4,CONTRADICTION
07ABCDE2320F1Z5,07ABCDE2320F1Z5,Hard Supplier 849,Hard Supplier 849,INV-00849,INV-00850,2026-01-10,2026-01-10,25456,25456,4582.08,4582.08,1,1,5,CONTRADICTION
07ABCDE4132F1Z5,07ABCDE4132F1Z5,Hard Supplier 850,Hard Supplier 850,INV-00850,INV-00850,2026-01-29,2026-01-29,12363,17363,2225.34,3125.34,1,1,4,CONTRADICTION
07ABCDE7119F1Z5,07ABCDE7119F1Z5,Hard Supplier 851,Hard Supplier 851,INV-00851,INV-00851,2026-06-29,2026-06-29,98570,103570,17742.60,18642.60,1,2,4,CONTRADICTION
07ABCDE9089F1Z5,07ABCDE9089F1Z5,Hard Supplier 852,Hard Supplier 852,INV-00852,INV-00852,2026-10-15,2026-10-15,49006,54006,8821.08,9721.08,2,1,3,CONTRADICTION
07ABCDE5962F1Z5,07ABCDE5962F1Z5,Hard Supplier 853,Hard Supplier 853,INV-00853,INV-00854,2026-08-30,2026-08-30,57340,57340,10321.20,10321.20,2,1,3,CONTRADICTION
07ABCDE2364F1Z5,07ABCDE2364F1Z5,Hard Supplier 854,Hard Supplier 854,INV-00854,INV-00855,2026-08-04,2026-08-04,62779,62779,11300.22,11300.22,1,1,5,CONTRADICTION
07ABCDE5787F1Z5,07ABCDE5787F1Z5,Hard Supplier 855,Hard Supplier 855,INV-00855,INV-00856,2026-09-27,2026-09-27,57849,57849,10412.82,10412.82,2,1,3,CONTRADICTION
07ABCDE7641F1Z5,07ABCDE7641F1Z5,Hard Supplier 856,Hard Supplier 856,INV-00856,INV-00857,2026-08-09,2026-08-09,80363,80363,14465.34,14465.34,1,1,4,CONTRADICTION
07ABCDE4630F1Z5,07ABCDE4630F1Z5,Hard Supplier 857,Hard Supplier 857,INV-00857,INV-00857,2026-09-18,2026-09-18,70886,75886,12759.48,13659.48,3,1,3,CONTRADICTION
07ABCDE2021F1Z5,07ABCDE2021F1Z5,Hard Supplier 858,Hard Supplier 858,INV-00858,INV-00858,2026-05-20,2026-05-20,96093,101093,17296.74,18196.74,3,2,4,CONTRADICTION
07ABCDE6742F1Z5,07ABCDE6742F1Z5,Hard Supplier 859,Hard Supplier 859,INV-00859,INV-00859,2026-11-24,2026-11-24,94518,99518,17013.24,17913.24,1,2,4,CONTRADICTION
07ABCDE6142F1Z5,07ABCDE6142F1Z5,Hard Supplier 860,Hard Supplier 860,INV-00860,INV-00860,2026-08-16,2026-08-16,83818,88818,15087.24,15987.24,3,2,4,CONTRADICTION
07ABCDE4696F1Z5,07ABCDE4696F1Z5,Hard Supplier 861,Hard Supplier 861,INV-00861,INV-00861,2026-04-10,2026-04-10,56487,61487,10167.66,11067.66,2,2,3,CONTRADICTION
07ABCDE7048F1Z5,07ABCDE7048F1Z5,Hard Supplier 862,Hard Supplier 862,INV-00862,INV-00863,2026-06-05,2026-06-05,56974,56974,10255.32,10255.32,1,1,4,CONTRADICTION
07ABCDE3352F1Z5,07ABCDE3352F1Z5,Hard Supplier 863,Hard Supplier 863,INV-00863,INV-00863,2026-12-20,2026-12-20,69782,74782,12560.76,13460.76,1,1,5,CONTRADICTION
07ABCDE1276F1Z5,07ABCDE1276F1Z5,Hard Supplier 864,Hard Supplier 864,INV-00864,INV-00864,2026-07-16,2026-07-16,24157,29157,4348.26,5248.26,2,1,3,CONTRADICTION
07ABCDE4021F1Z5,07ABCDE4021F1Z5,Hard Supplier 865,Hard Supplier 865,INV-00865,INV-00866,2026-10-16,2026-10-16,48496,48496,8729.28,8729.28,3,2,4,CONTRADICTION
07ABCDE2882F1Z5,07ABCDE2882F1Z5,Hard Supplier 866,Hard Supplier 866,INV-00866,INV-00867,2026-07-06,2026-07-06,40014,40014,7202.52,7202.52,3,2,3,CONTRADICTION
07ABCDE7170F1Z5,07ABCDE7170F1Z5,Hard Supplier 867,Hard Supplier 867,INV-00867,INV-00867,2026-09-25,2026-09-25,9216,14216,1658.88,2558.88,2,1,5,CONTRADICTION
07ABCDE7007F1Z5,07ABCDE7007F1Z5,Hard Supplier 868,Hard Supplier 868,INV-00868,INV-00868,2026-12-23,2026-12-23,30207,35207,5437.26,6337.26,2,1,5,CONTRADICTION
07ABCDE2761F1Z5,07ABCDE2761F1Z5,Hard Supplier 869,Hard Supplier 869,INV-00869,INV-00869,2026-07-26,2026-07-26,28755,33755,5175.90,6075.90,3,1,3,CONTRADICTION
07ABCDE1979F1Z5,07ABCDE1979F1Z5,Hard Supplier 870,Hard Supplier 870,INV-00870,INV-00870,2026-07-11,2026-07-11,53344,58344,9601.92,10501.92,3,2,4,CONTRADICTION
07ABCDE6259F1Z5,07ABCDE6259F1Z5,Hard Supplier 871,Hard Supplier 871,INV-00871,INV-00872,2026-03-04,2026-03-04,41021,41021,7383.78,7383.78,1,1,4,CONTRADICTION
07ABCDE5971F1Z5,07ABCDE5971F1Z5,Hard Supplier 872,Hard Supplier 872,INV-00872,INV-00872,2026-02-08,2026-02-08,7178,12178,1292.04,2192.04,3,2,5,CONTRADICTION
07ABCDE4126F1Z5,07ABCDE4126F1Z5,Hard Supplier 873,Hard Supplier 873,INV-00873,INV-00874,2026-03-29,2026-03-29,46687,46687,8403.66,8403.66,1,1,4,CONTRADICTION
07ABCDE8803F1Z5,07ABCDE8803F1Z5,Hard Supplier 874,Hard Supplier 874,INV-00874,INV-00875,2026-02-27,2026-02-27,26031,26031,4685.58,4685.58,1,2,4,CONTRADICTION
07ABCDE2948F1Z5,07ABCDE2948F1Z5,Hard Supplier 875,Hard Supplier 875,INV-00875,INV-00875,2026-03-21,2026-03-21,78488,83488,14127.84,15027.84,3,1,3,CONTRADICTION
07ABCDE8500F1Z5,07ABCDE8500F1Z5,Hard Supplier 876,Hard Supplier 876,INV-00876,INV-00877,2026-06-20,2026-06-20,71739,71739,12913.02,12913.02,1,1,5,CONTRADICTION
07ABCDE5452F1Z5,07ABCDE5452F1Z5,Hard Supplier 877,Hard Supplier 877,INV-00877,INV-00877,2026-06-21,2026-06-21,67282,72282,12110.76,13010.76,2,1,5,CONTRADICTION
07ABCDE6054F1Z5,07ABCDE6054F1Z5,Hard Supplier 878,Hard Supplier 878,INV-00878,INV-00878,2026-04-01,2026-04-01,25326,30326,4558.68,5458.68,2,2,4,CONTRADICTION
07ABCDE8279F1Z5,07ABCDE8279F1Z5,Hard Supplier 879,Hard Supplier 879,INV-00879,INV-00880,2026-08-12,2026-08-12,95056,95056,17110.08,17110.08,2,2,5,CONTRADICTION
07ABCDE3945F1Z5,07ABCDE3945F1Z5,Hard Supplier 880,Hard Supplier 880,INV-00880,INV-00880,2026-03-11,2026-03-11,68389,73389,12310.02,13210.02,3,2,4,CONTRADICTION
07ABCDE6796F1Z5,07ABCDE6796F1Z5,Hard Supplier 881,Hard Supplier 881,INV-00881,INV-00881,2026-12-17,2026-12-17,58488,63488,10527.84,11427.84,3,2,5,CONTRADICTION
07ABCDE9620F1Z5,07ABCDE9620F1Z5,Hard Supplier 882,Hard Supplier 882,INV-00882,INV-00883,2026-05-04,2026-05-04,98874,98874,17797.32,17797.32,2,2,4,CONTRADICTION
07ABCDE7715F1Z5,07ABCDE7715F1Z5,Hard Supplier 883,Hard Supplier 883,INV-00883,INV-00884,2026-03-06,2026-03-06,51744,51744,9313.92,9313.92,2,2,3,CONTRADICTION
07ABCDE1772F1Z5,07ABCDE1772F1Z5,Hard Supplier 884,Hard Supplier 884,INV-00884,INV-00885,2026-03-03,2026-03-03,97399,97399,17531.82,17531.82,1,2,3,CONTRADICTION
07ABCDE7198F1Z5,07ABCDE7198F1Z5,Hard Supplier 885,Hard Supplier 885,INV-00885,INV-00885,2026-10-18,2026-10-18,8781,13781,1580.58,2480.58,1,2,5,CONTRADICTION
07ABCDE3613F1Z5,07ABCDE3613F1Z5,Hard Supplier 886,Hard Supplier 886,INV-00886,INV-00887,2026-01-10,2026-01-10,66801,66801,12024.18,12024.18,3,1,5,CONTRADICTION
07ABCDE4469F1Z5,07ABCDE4469F1Z5,Hard Supplier 887,Hard Supplier 887,INV-00887,INV-00888,2026-12-08,2026-12-08,38326,38326,6898.68,6898.68,1,1,4,CONTRADICTION
07ABCDE9460F1Z5,07ABCDE9460F1Z5,Hard Supplier 888,Hard Supplier 888,INV-00888,INV-00889,2026-03-17,2026-03-17,88610,88610,15949.80,15949.80,1,2,5,CONTRADICTION
07ABCDE1612F1Z5,07ABCDE1612F1Z5,Hard Supplier 889,Hard Supplier 889,INV-00889,INV-00890,2026-09-16,2026-09-16,60135,60135,10824.30,10824.30,2,2,5,CONTRADICTION
07ABCDE7797F1Z5,07ABCDE7797F1Z5,Hard Supplier 890,Hard Supplier 890,INV-00890,INV-00891,2026-12-29,2026-12-29,60052,60052,10809.36,10809.36,2,2,3,CONTRADICTION
07ABCDE3470F1Z5,07ABCDE3470F1Z5,Hard Supplier 891,Hard Supplier 891,INV-00891,INV-00891,2026-04-26,2026-04-26,88606,93606,15949.08,16849.08,1,2,5,CONTRADICTION
07ABCDE5671F1Z5,07ABCDE5671F1Z5,Hard Supplier 892,Hard Supplier 892,INV-00892,INV-00893,2026-03-07,2026-03-07,23762,23762,4277.16,4277.16,1,2,5,CONTRADICTION
07ABCDE1646F1Z5,07ABCDE1646F1Z5,Hard Supplier 893,Hard Supplier 893,INV-00893,INV-00893,2026-12-17,2026-12-17,67528,72528,12155.04,13055.04,1,2,3,CONTRADICTION
07ABCDE7810F1Z5,07ABCDE7810F1Z5,Hard Supplier 894,Hard Supplier 894,INV-00894,INV-00894,2026-02-10,2026-02-10,81055,86055,14589.90,15489.90,1,2,5,CONTRADICTION
07ABCDE6283F1Z5,07ABCDE6283F1Z5,Hard Supplier 895,Hard Supplier 895,INV-00895,INV-00895,2026-10-06,2026-10-06,32850,37850,5913.00,6813.00,1,2,3,CONTRADICTION
07ABCDE7443F1Z5,07ABCDE7443F1Z5,Hard Supplier 896,Hard Supplier 896,INV-00896,INV-00897,2026-04-24,2026-04-24,66345,66345,11942.10,11942.10,3,2,4,CONTRADICTION
07ABCDE5298F1Z5,07ABCDE5298F1Z5,Hard Supplier 897,Hard Supplier 897,INV-00897,INV-00897,2026-07-13,2026-07-13,78554,83554,14139.72,15039.72,2,2,3,CONTRADICTION
07ABCDE4325F1Z5,07ABCDE4325F1Z5,Hard Supplier 898,Hard Supplier 898,INV-00898,INV-00899,2026-02-07,2026-02-07,76755,76755,13815.90,13815.90,3,1,3,CONTRADICTION
07ABCDE6078F1Z5,07ABCDE6078F1Z5,Hard Supplier 899,Hard Supplier 899,INV-00899,INV-00899,2026-11-07,2026-11-07,85051,90051,15309.18,16209.18,3,2,5,CONTRADICTION
07ABCDE5731F1Z5,07ABCDE5731F1Z5,Hard Supplier 900,Hard Supplier 900,INV-00900,INV-00901,2026-11-01,2026-11-01,32152,32152,5787.36,5787.36,2,2,3,CONTRADICTION
07ABCDE7854F1Z5,07ABCDE7854F1Z5,Hard Supplier 901,Hard Supplier 901,INV-00901,INV-00901,2026-12-18,2026-12-18,36689,41689,6604.02,7504.02,1,2,5,CONTRADICTION
07ABCDE5732F1Z5,07ABCDE5732F1Z5,Hard Supplier 902,Hard Supplier 902,INV-00902,INV-00902,2026-08-09,2026-08-09,29307,34307,5275.26,6175.26,2,1,5,CONTRADICTION
07ABCDE1922F1Z5,07ABCDE1922F1Z5,Hard Supplier 903,Hard Supplier 903,INV-00903,INV-00904,2026-09-18,2026-09-18,62731,62731,11291.58,11291.58,1,2,3,CONTRADICTION
07ABCDE8913F1Z5,07ABCDE8913F1Z5,Hard Supplier 904,Hard Supplier 904,INV-00904,INV-00904,2026-01-10,2026-01-10,33657,38657,6058.26,6958.26,1,1,5,CONTRADICTION
07ABCDE2038F1Z5,07ABCDE2038F1Z5,Hard Supplier 905,Hard Supplier 905,INV-00905,INV-00906,2026-05-26,2026-05-26,21389,21389,3850.02,3850.02,1,2,3,CONTRADICTION
07ABCDE1994F1Z5,07ABCDE1994F1Z5,Hard Supplier 906,Hard Supplier 906,INV-00906,INV-00906,2026-05-31,2026-05-31,46881,51881,8438.58,9338.58,1,1,3,CONTRADICTION
07ABCDE4558F1Z5,07ABCDE4558F1Z5,Hard Supplier 907,Hard Supplier 907,INV-00907,INV-00908,2026-10-18,2026-10-18,13630,13630,2453.40,2453.40,3,1,4,CONTRADICTION
07ABCDE2332F1Z5,07ABCDE2332F1Z5,Hard Supplier 908,Hard Supplier 908,INV-00908,INV-00908,2026-09-19,2026-09-19,18265,23265,3287.70,4187.70,2,1,3,CONTRADICTION
07ABCDE3386F1Z5,07ABCDE3386F1Z5,Hard Supplier 909,Hard Supplier 909,INV-00909,INV-00909,2026-07-31,2026-07-31,62238,67238,11202.84,12102.84,1,2,4,CONTRADICTION
07ABCDE8214F1Z5,07ABCDE8214F1Z5,Hard Supplier 910,Hard Supplier 910,INV-00910,INV-00911,2026-02-24,2026-02-24,4157,4157,748.26,748.26,3,2,5,CONTRADICTION
07ABCDE3033F1Z5,07ABCDE3033F1Z5,Hard Supplier 911,Hard Supplier 911,INV-00911,INV-00911,2026-12-22,2026-12-22,14506,19506,2611.08,3511.08,3,2,5,CONTRADICTION
07ABCDE3394F1Z5,07ABCDE3394F1Z5,Hard Supplier 912,Hard Supplier 912,INV-00912,INV-00913,2026-09-14,2026-09-14,38424,38424,6916.32,6916.32,1,1,4,CONTRADICTION
07ABCDE3832F1Z5,07ABCDE3832F1Z5,Hard Supplier 913,Hard Supplier 913,INV-00913,INV-00914,2026-04-18,2026-04-18,93981,93981,16916.58,16916.58,2,2,4,CONTRADICTION
07ABCDE2692F1Z5,07ABCDE2692F1Z5,Hard Supplier 914,Hard Supplier 914,INV-00914,INV-00914,2026-09-15,2026-09-15,74680,79680,13442.40,14342.40,2,1,4,CONTRADICTION
07ABCDE5198F1Z5,07ABCDE5198F1Z5,Hard Supplier 915,Hard Supplier 915,INV-00915,INV-00915,2026-03-21,2026-03-21,19963,24963,3593.34,4493.34,2,2,4,CONTRADICTION
07ABCDE9547F1Z5,07ABCDE9547F1Z5,Hard Supplier 916,Hard Supplier 916,INV-00916,INV-00917,2026-11-26,2026-11-26,26189,26189,4714.02,4714.02,1,1,5,CONTRADICTION
07ABCDE8251F1Z5,07ABCDE8251F1Z5,Hard Supplier 917,Hard Supplier 917,INV-00917,INV-00918,2026-04-24,2026-04-24,15085,15085,2715.30,2715.30,1,1,4,CONTRADICTION
07ABCDE5654F1Z5,07ABCDE5654F1Z5,Hard Supplier 918,Hard Supplier 918,INV-00918,INV-00919,2026-09-12,2026-09-12,43350,43350,7803.00,7803.00,1,2,4,CONTRADICTION
07ABCDE7330F1Z5,07ABCDE7330F1Z5,Hard Supplier 919,Hard Supplier 919,INV-00919,INV-00920,2026-01-19,2026-01-19,7650,7650,1377.00,1377.00,2,2,4,CONTRADICTION
07ABCDE3977F1Z5,07ABCDE3977F1Z5,Hard Supplier 920,Hard Supplier 920,INV-00920,INV-00921,2026-10-01,2026-10-01,70246,70246,12644.28,12644.28,3,1,4,CONTRADICTION
07ABCDE4640F1Z5,07ABCDE4640F1Z5,Hard Supplier 921,Hard Supplier 921,INV-00921,INV-00922,2026-07-17,2026-07-17,75161,75161,13528.98,13528.98,3,1,4,CONTRADICTION
07ABCDE4543F1Z5,07ABCDE4543F1Z5,Hard Supplier 922,Hard Supplier 922,INV-00922,INV-00922,2026-07-10,2026-07-10,76763,81763,13817.34,14717.34,1,2,3,CONTRADICTION
07ABCDE4795F1Z5,07ABCDE4795F1Z5,Hard Supplier 923,Hard Supplier 923,INV-00923,INV-00924,2026-03-07,2026-03-07,40914,40914,7364.52,7364.52,1,2,5,CONTRADICTION
07ABCDE8531F1Z5,07ABCDE8531F1Z5,Hard Supplier 924,Hard Supplier 924,INV-00924,INV-00924,2026-12-05,2026-12-05,77600,82600,13968.00,14868.00,3,1,3,CONTRADICTION
07ABCDE5343F1Z5,07ABCDE5343F1Z5,Hard Supplier 925,Hard Supplier 925,INV-00925,INV-00925,2026-05-06,2026-05-06,95019,100019,17103.42,18003.42,2,1,5,CONTRADICTION
07ABCDE7631F1Z5,07ABCDE7631F1Z5,Hard Supplier 926,Hard Supplier 926,INV-00926,INV-00927,2026-09-22,2026-09-22,31965,31965,5753.70,5753.70,2,2,4,CONTRADICTION
07ABCDE6008F1Z5,07ABCDE6008F1Z5,Hard Supplier 927,Hard Supplier 927,INV-00927,INV-00928,2026-11-29,2026-11-29,97981,97981,17636.58,17636.58,2,1,4,CONTRADICTION
07ABCDE8812F1Z5,07ABCDE8812F1Z5,Hard Supplier 928,Hard Supplier 928,INV-00928,INV-00929,2026-05-17,2026-05-17,12225,12225,2200.50,2200.50,1,1,4,CONTRADICTION
07ABCDE1337F1Z5,07ABCDE1337F1Z5,Hard Supplier 929,Hard Supplier 929,INV-00929,INV-00929,2026-06-17,2026-06-17,66267,71267,11928.06,12828.06,1,1,5,CONTRADICTION
07ABCDE1824F1Z5,07ABCDE1824F1Z5,Hard Supplier 930,Hard Supplier 930,INV-00930,INV-00930,2026-05-31,2026-05-31,50594,55594,9106.92,10006.92,1,1,5,CONTRADICTION
07ABCDE1890F1Z5,07ABCDE1890F1Z5,Hard Supplier 931,Hard Supplier 931,INV-00931,INV-00932,2026-02-18,2026-02-18,39172,39172,7050.96,7050.96,2,2,3,CONTRADICTION
07ABCDE1707F1Z5,07ABCDE1707F1Z5,Hard Supplier 932,Hard Supplier 932,INV-00932,INV-00933,2026-11-01,2026-11-01,30305,30305,5454.90,5454.90,2,2,4,CONTRADICTION
07ABCDE2308F1Z5,07ABCDE2308F1Z5,Hard Supplier 933,Hard Supplier 933,INV-00933,INV-00934,2026-11-14,2026-11-14,70019,70019,12603.42,12603.42,1,1,4,CONTRADICTION
07ABCDE9804F1Z5,07ABCDE9804F1Z5,Hard Supplier 934,Hard Supplier 934,INV-00934,INV-00935,2026-07-15,2026-07-15,42307,42307,7615.26,7615.26,3,2,4,CONTRADICTION
07ABCDE3345F1Z5,07ABCDE3345F1Z5,Hard Supplier 935,Hard Supplier 935,INV-00935,INV-00936,2026-09-13,2026-09-13,78231,78231,14081.58,14081.58,1,2,3,CONTRADICTION
07ABCDE2667F1Z5,07ABCDE2667F1Z5,Hard Supplier 936,Hard Supplier 936,INV-00936,INV-00937,2026-04-19,2026-04-19,77253,77253,13905.54,13905.54,1,1,5,CONTRADICTION
07ABCDE4550F1Z5,07ABCDE4550F1Z5,Hard Supplier 937,Hard Supplier 937,INV-00937,INV-00938,2026-04-18,2026-04-18,57050,57050,10269.00,10269.00,2,2,4,CONTRADICTION
07ABCDE1586F1Z5,07ABCDE1586F1Z5,Hard Supplier 938,Hard Supplier 938,INV-00938,INV-00938,2026-02-05,2026-02-05,54979,59979,9896.22,10796.22,1,2,3,CONTRADICTION
07ABCDE8308F1Z5,07ABCDE8308F1Z5,Hard Supplier 939,Hard Supplier 939,INV-00939,INV-00940,2026-02-28,2026-02-28,99390,99390,17890.20,17890.20,1,1,5,CONTRADICTION
07ABCDE3165F1Z5,07ABCDE3165F1Z5,Hard Supplier 940,Hard Supplier 940,INV-00940,INV-00941,2026-06-28,2026-06-28,3710,3710,667.80,667.80,2,1,5,CONTRADICTION
07ABCDE7204F1Z5,07ABCDE7204F1Z5,Hard Supplier 941,Hard Supplier 941,INV-00941,INV-00941,2026-08-16,2026-08-16,20158,25158,3628.44,4528.44,3,1,3,CONTRADICTION
07ABCDE1236F1Z5,07ABCDE1236F1Z5,Hard Supplier 942,Hard Supplier 942,INV-00942,INV-00942,2026-06-25,2026-06-25,32134,37134,5784.12,6684.12,3,1,3,CONTRADICTION
07ABCDE6139F1Z5,07ABCDE6139F1Z5,Hard Supplier 943,Hard Supplier 943,INV-00943,INV-00943,2026-05-12,2026-05-12,28588,33588,5145.84,6045.84,3,2,4,CONTRADICTION
07ABCDE7189F1Z5,07ABCDE7189F1Z5,Hard Supplier 944,Hard Supplier 944,INV-00944,INV-00944,2026-05-28,2026-05-28,40546,45546,7298.28,8198.28,1,2,4,CONTRADICTION
07ABCDE4050F1Z5,07ABCDE4050F1Z5,Hard Supplier 945,Hard Supplier 945,INV-00945,INV-00945,2026-10-04,2026-10-04,48975,53975,8815.50,9715.50,2,2,5,CONTRADICTION
07ABCDE1961F1Z5,07ABCDE1961F1Z5,Hard Supplier 946,Hard Supplier 946,INV-00946,INV-00947,2026-01-27,2026-01-27,30147,30147,5426.46,5426.46,1,2,4,CONTRADICTION
07ABCDE8973F1Z5,07ABCDE8973F1Z5,Hard Supplier 947,Hard Supplier 947,INV-00947,INV-00947,2026-09-25,2026-09-25,10021,15021,1803.78,2703.78,1,2,3,CONTRADICTION
07ABCDE7404F1Z5,07ABCDE7404F1Z5,Hard Supplier 948,Hard Supplier 948,INV-00948,INV-00948,2026-07-10,2026-07-10,30674,35674,5521.32,6421.32,1,2,4,CONTRADICTION
07ABCDE4385F1Z5,07ABCDE4385F1Z5,Hard Supplier 949,Hard Supplier 949,INV-00949,INV-00950,2026-10-09,2026-10-09,23866,23866,4295.88,4295.88,2,2,4,CONTRADICTION
07ABCDE8844F1Z5,07ABCDE8844F1Z5,Hard Supplier 950,Hard Supplier 950,INV-00950,INV-00950,2026-01-17,2026-01-17,28101,33101,5058.18,5958.18,1,1,4,CONTRADICTION
07ABCDE1106F1Z5,07ABCDE1106F1Z5,Hard Supplier 951,Hard Supplier 951,INV-00951,INV-00951,2026-03-01,2026-03-01,63316,68316,11396.88,12296.88,2,1,5,CONTRADICTION
07ABCDE2081F1Z5,07ABCDE2081F1Z5,Hard Supplier 952,Hard Supplier 952,INV-00952,INV-00952,2026-08-27,2026-08-27,12624,17624,2272.32,3172.32,1,1,4,CONTRADICTION
07ABCDE1373F1Z5,07ABCDE1373F1Z5,Hard Supplier 953,Hard Supplier 953,INV-00953,INV-00953,2026-03-20,2026-03-20,40040,45040,7207.20,8107.20,1,2,4,CONTRADICTION
07ABCDE3538F1Z5,07ABCDE3538F1Z5,Hard Supplier 954,Hard Supplier 954,INV-00954,INV-00954,2026-09-16,2026-09-16,26572,31572,4782.96,5682.96,3,1,5,CONTRADICTION
07ABCDE7679F1Z5,07ABCDE7679F1Z5,Hard Supplier 955,Hard Supplier 955,INV-00955,INV-00955,2026-10-16,2026-10-16,34212,39212,6158.16,7058.16,3,2,4,CONTRADICTION
07ABCDE8600F1Z5,07ABCDE8600F1Z5,Hard Supplier 956,Hard Supplier 956,INV-00956,INV-00956,2026-01-05,2026-01-05,63726,68726,11470.68,12370.68,2,2,5,CONTRADICTION
07ABCDE1644F1Z5,07ABCDE1644F1Z5,Hard Supplier 957,Hard Supplier 957,INV-00957,INV-00957,2026-01-21,2026-01-21,90186,95186,16233.48,17133.48,3,2,5,CONTRADICTION
07ABCDE5211F1Z5,07ABCDE5211F1Z5,Hard Supplier 958,Hard Supplier 958,INV-00958,INV-00958,2026-07-02,2026-07-02,55688,60688,10023.84,10923.84,1,1,4,CONTRADICTION
07ABCDE8263F1Z5,07ABCDE8263F1Z5,Hard Supplier 959,Hard Supplier 959,INV-00959,INV-00959,2026-10-02,2026-10-02,89662,94662,16139.16,17039.16,2,1,3,CONTRADICTION
07ABCDE1601F1Z5,07ABCDE1601F1Z5,Hard Supplier 960,Hard Supplier 960,INV-00960,INV-00960,2026-11-09,2026-11-09,74471,79471,13404.78,14304.78,2,2,4,CONTRADICTION
07ABCDE1291F1Z5,07ABCDE1291F1Z5,Hard Supplier 961,Hard Supplier 961,INV-00961,INV-00962,2026-11-08,2026-11-08,50351,50351,9063.18,9063.18,1,2,5,CONTRADICTION
07ABCDE5073F1Z5,07ABCDE5073F1Z5,Hard Supplier 962,Hard Supplier 962,INV-00962,INV-00962,2026-07-04,2026-07-04,59576,64576,10723.68,11623.68,3,2,3,CONTRADICTION
07ABCDE6863F1Z5,07ABCDE6863F1Z5,Hard Supplier 963,Hard Supplier 963,INV-00963,INV-00964,2026-06-08,2026-06-08,10228,10228,1841.04,1841.04,2,1,4,CONTRADICTION
07ABCDE2421F1Z5,07ABCDE2421F1Z5,Hard Supplier 964,Hard Supplier 964,INV-00964,INV-00965,2026-12-31,2026-12-31,34736,34736,6252.48,6252.48,2,2,4,CONTRADICTION
07ABCDE6597F1Z5,07ABCDE6597F1Z5,Hard Supplier 965,Hard Supplier 965,INV-00965,INV-00965,2026-03-31,2026-03-31,91269,96269,16428.42,17328.42,3,1,5,CONTRADICTION
07ABCDE4812F1Z5,07ABCDE4812F1Z5,Hard Supplier 966,Hard Supplier 966,INV-00966,INV-00967,2026-01-19,2026-01-19,35534,35534,6396.12,6396.12,1,1,4,CONTRADICTION
07ABCDE2228F1Z5,07ABCDE2228F1Z5,Hard Supplier 967,Hard Supplier 967,INV-00967,INV-00968,2026-02-08,2026-02-08,47273,47273,8509.14,8509.14,3,2,5,CONTRADICTION
07ABCDE4860F1Z5,07ABCDE4860F1Z5,Hard Supplier 968,Hard Supplier 968,INV-00968,INV-00968,2026-10-21,2026-10-21,57389,62389,10330.02,11230.02,1,1,3,CONTRADICTION
07ABCDE4049F1Z5,07ABCDE4049F1Z5,Hard Supplier 969,Hard Supplier 969,INV-00969,INV-00970,2026-03-20,2026-03-20,92365,92365,16625.70,16625.70,2,1,5,CONTRADICTION
07ABCDE2372F1Z5,07ABCDE2372F1Z5,Hard Supplier 970,Hard Supplier 970,INV-00970,INV-00971,2026-05-19,2026-05-19,41378,41378,7448.04,7448.04,2,2,3,CONTRADICTION
07ABCDE4148F1Z5,07ABCDE4148F1Z5,Hard Supplier 971,Hard Supplier 971,INV-00971,INV-00972,2026-12-31,2026-12-31,14547,14547,2618.46,2618.46,3,2,4,CONTRADICTION
07ABCDE9840F1Z5,07ABCDE9840F1Z5,Hard Supplier 972,Hard Supplier 972,INV-00972,INV-00972,2026-02-07,2026-02-07,71576,76576,12883.68,13783.68,3,2,5,CONTRADICTION
07ABCDE6605F1Z5,07ABCDE6605F1Z5,Hard Supplier 973,Hard Supplier 973,INV-00973,INV-00974,2026-09-12,2026-09-12,97833,97833,17609.94,17609.94,2,1,4,CONTRADICTION
07ABCDE8625F1Z5,07ABCDE8625F1Z5,Hard Supplier 974,Hard Supplier 974,INV-00974,INV-00974,2026-01-11,2026-01-11,7022,12022,1263.96,2163.96,3,2,4,CONTRADICTION
07ABCDE3540F1Z5,07ABCDE3540F1Z5,Hard Supplier 975,Hard Supplier 975,INV-00975,INV-00975,2026-05-15,2026-05-15,66492,71492,11968.56,12868.56,1,1,5,CONTRADICTION
07ABCDE2239F1Z5,07ABCDE2239F1Z5,Hard Supplier 976,Hard Supplier 976,INV-00976,INV-00976,2026-07-29,2026-07-29,72031,77031,12965.58,13865.58,2,2,5,CONTRADICTION
07ABCDE5471F1Z5,07ABCDE5471F1Z5,Hard Supplier 977,Hard Supplier 977,INV-00977,INV-00978,2026-10-23,2026-10-23,90178,90178,16232.04,16232.04,1,1,4,CONTRADICTION
07ABCDE8940F1Z5,07ABCDE8940F1Z5,Hard Supplier 978,Hard Supplier 978,INV-00978,INV-00978,2026-06-16,2026-06-16,9081,14081,1634.58,2534.58,3,2,3,CONTRADICTION
07ABCDE8713F1Z5,07ABCDE8713F1Z5,Hard Supplier 979,Hard Supplier 979,INV-00979,INV-00979,2026-01-06,2026-01-06,72223,77223,13000.14,13900.14,3,2,3,CONTRADICTION
07ABCDE2933F1Z5,07ABCDE2933F1Z5,Hard Supplier 980,Hard Supplier 980,INV-00980,INV-00980,2026-07-29,2026-07-29,63061,68061,11350.98,12250.98,2,2,3,CONTRADICTION
07ABCDE7891F1Z5,07ABCDE7891F1Z5,Hard Supplier 981,Hard Supplier 981,INV-00981,INV-00981,2026-09-04,2026-09-04,81390,86390,14650.20,15550.20,1,1,4,CONTRADICTION
07ABCDE8345F1Z5,07ABCDE8345F1Z5,Hard Supplier 982,Hard Supplier 982,INV-00982,INV-00983,2026-08-26,2026-08-26,93476,93476,16825.68,16825.68,3,2,3,CONTRADICTION
07ABCDE2349F1Z5,07ABCDE2349F1Z5,Hard Supplier 983,Hard Supplier 983,INV-00983,INV-00984,2026-12-28,2026-12-28,55780,55780,10040.40,10040.40,2,1,4,CONTRADICTION
07ABCDE7038F1Z5,07ABCDE7038F1Z5,Hard Supplier 984,Hard Supplier 984,INV-00984,INV-00984,2026-09-25,2026-09-25,57107,62107,10279.26,11179.26,3,2,4,CONTRADICTION
07ABCDE1081F1Z5,07ABCDE1081F1Z5,Hard Supplier 985,Hard Supplier 985,INV-00985,INV-00986,2026-08-10,2026-08-10,39335,39335,7080.30,7080.30,3,1,4,CONTRADICTION
07ABCDE9064F1Z5,07ABCDE9064F1Z5,Hard Supplier 986,Hard Supplier 986,INV-00986,INV-00986,2026-08-18,2026-08-18,41802,46802,7524.36,8424.36,1,1,3,CONTRADICTION
07ABCDE9666F1Z5,07ABCDE9666F1Z5,Hard Supplier 987,Hard Supplier 987,INV-00987,INV-00987,2026-06-21,2026-06-21,18435,23435,3318.30,4218.30,2,2,3,CONTRADICTION
07ABCDE4817F1Z5,07ABCDE4817F1Z5,Hard Supplier 988,Hard Supplier 988,INV-00988,INV-00989,2026-09-14,2026-09-14,91161,91161,16408.98,16408.98,2,2,5,CONTRADICTION
07ABCDE8344F1Z5,07ABCDE8344F1Z5,Hard Supplier 989,Hard Supplier 989,INV-00989,INV-00989,2026-10-10,2026-10-10,66006,71006,11881.08,12781.08,3,1,5,CONTRADICTION
07ABCDE6981F1Z5,07ABCDE6981F1Z5,Hard Supplier 990,Hard Supplier 990,INV-00990,INV-00991,2026-01-18,2026-01-18,86245,86245,15524.10,15524.10,1,1,5,CONTRADICTION
07ABCDE5954F1Z5,07ABCDE5954F1Z5,Hard Supplier 991,Hard Supplier 991,INV-00991,INV-00991,2026-01-01,2026-01-01,42346,47346,7622.28,8522.28,3,1,4,CONTRADICTION
07ABCDE3882F1Z5,07ABCDE3882F1Z5,Hard Supplier 992,Hard Supplier 992,INV-00992,INV-00992,2026-10-28,2026-10-28,2689,7689,484.02,1384.02,2,2,5,CONTRADICTION
07ABCDE4034F1Z5,07ABCDE4034F1Z5,Hard Supplier 993,Hard Supplier 993,INV-00993,INV-00993,2026-12-12,2026-12-12,32290,37290,5812.20,6712.20,3,1,3,CONTRADICTION
07ABCDE6308F1Z5,07ABCDE6308F1Z5,Hard Supplier 994,Hard Supplier 994,INV-00994,INV-00995,2026-09-26,2026-09-26,89224,89224,16060.32,16060.32,3,1,4,CONTRADICTION
07ABCDE5877F1Z5,07ABCDE5877F1Z5,Hard Supplier 995,Hard Supplier 995,INV-00995,INV-00996,2026-12-01,2026-12-01,94310,94310,16975.80,16975.80,2,1,5,CONTRADICTION
07ABCDE1855F1Z5,07ABCDE1855F1Z5,Hard Supplier 996,Hard Supplier 996,INV-00996,INV-00996,2026-07-14,2026-07-14,35122,40122,6321.96,7221.96,3,1,4,CONTRADICTION
07ABCDE7039F1Z5,07ABCDE7039F1Z5,Hard Supplier 997,Hard Supplier 997,INV-00997,INV-00998,2026-11-29,2026-11-29,74230,74230,13361.40,13361.40,2,2,3,CONTRADICTION
07ABCDE7890F1Z5,07ABCDE7890F1Z5,Hard Supplier 998,Hard Supplier 998,INV-00998,INV-00999,2026-01-03,2026-01-03,99887,99887,17979.66,17979.66,2,2,5,CONTRADICTION
07ABCDE6163F1Z5,07ABCDE6163F1Z5,Hard Supplier 999,Hard Supplier 999,INV-00999,INV-01000,2026-06-02,2026-06-02,93157,93157,16768.26,16768.26,3,2,3,CONTRADICTION
