purchase_id,gst_id,label,mutation_type
P_000000,G_000000,POSITIVE,EXACT
P_000001,G_000001,POSITIVE,EXACT
P_000002,G_000002,POSITIVE,REF_MISSING
P_000003,G_000003,POSITIVE,EXACT
P_000004,G_000004,NEGATIVE,AMOUNT_MISMATCH
P_000005,G_000005,POSITIVE,EXACT
P_000006,G_000006,POSITIVE,REF_MISSING
P_000007,G_000007,POSITIVE,VENDOR_ALIAS
P_000008,G_000008,POSITIVE,EXACT
P_000009,G_000009,NEGATIVE,AMOUNT_MISMATCH
P_000010,G_000010,POSITIVE,EXACT
P_000011,G_000011,NEGATIVE,AMOUNT_MISMATCH
P_000012,G_000012,POSITIVE,EXACT
P_000013,G_000013,POSITIVE,VENDOR_ALIAS
P_000014,G_000014,POSITIVE,VENDOR_ALIAS
P_000015,G_000015,POSITIVE,VENDOR_ALIAS
P_000016,G_000016,POSITIVE,VENDOR_ALIAS
P_000017,G_000017,POSITIVE,VENDOR_ALIAS
P_000018,G_000018,POSITIVE,EXACT
P_000019,G_000019,POSITIVE,EXACT
P_000020,G_000020,POSITIVE,EXACT
P_000021,G_000021,POSITIVE,EXACT
P_000022,G_000022,POSITIVE,EXACT
P_000023,G_000023,POSITIVE,EXACT
P_000024,G_000024,POSITIVE,VENDOR_ALIAS
P_000025,G_000025,POSITIVE,VENDOR_ALIAS
P_000026,G_000026,POSITIVE,EXACT
P_000027,G_000027,POSITIVE,EXACT
P_000028,G_000028,POSITIVE,EXACT
P_000029,G_000029,NEGATIVE,AMOUNT_MISMATCH
P_000030,G_000030,POSITIVE,EXACT
P_000031,G_000031,NEGATIVE,TAX_MISMATCH
P_000032,G_000032,POSITIVE,EXACT
P_000033,G_000033,POSITIVE,REF_MISSING
P_000034,G_000034,POSITIVE,EXACT
P_000035,G_000035,NEGATIVE,TAX_MISMATCH
P_000036,G_000036,POSITIVE,REF_MISSING
P_000037,G_000037,POSITIVE,VENDOR_ALIAS
P_000038,G_000038,POSITIVE,EXACT
P_000039,G_000039,POSITIVE,EXACT
P_000040,G_000040,POSITIVE,EXACT
P_000041,G_000041,POSITIVE,EXACT
P_000042,G_000042,POSITIVE,EXACT
P_000043,G_000043,POSITIVE,REF_MISSING
P_000044,G_000044,POSITIVE,EXACT
P_000045,G_000045,POSITIVE,EXACT
P_000046,G_000046,POSITIVE,VENDOR_ALIAS
P_000047,G_000047,POSITIVE,EXACT
P_000048,G_000048,POSITIVE,EXACT
P_000049,G_000049,POSITIVE,EXACT
P_000050,G_000050,POSITIVE,REF_MISSING
P_000051,G_000051,POSITIVE,EXACT
P_000052,G_000052,POSITIVE,EXACT
P_000053,G_000053,POSITIVE,EXACT
P_000054,G_000054,POSITIVE,REF_MISSING
P_000055,G_000055,POSITIVE,EXACT
P_000056,G_000056,POSITIVE,EXACT
P_000057,G_000057,POSITIVE,EXACT
P_000058,G_000058,NEGATIVE,AMOUNT_MISMATCH
P_000059,G_000059,POSITIVE,EXACT
P_000060,G_000060,NEGATIVE,TAX_MISMATCH
P_000061,G_000061,POSITIVE,EXACT
P_000062,G_000062,NEGATIVE,AMOUNT_MISMATCH
P_000063,G_000063,NEGATIVE,TAX_MISMATCH
P_000064,G_000064,POSITIVE,EXACT
P_000065,G_000065,POSITIVE,REF_MISSING
P_000066,G_000066,POSITIVE,REF_MISSING
P_000067,G_000067,POSITIVE,REF_MISSING
P_000068,G_000068,POSITIVE,VENDOR_ALIAS
P_000069,G_000069,POSITIVE,REF_MISSING
P_000070,G_000070,POSITIVE,EXACT
P_000071,G_000071,POSITIVE,EXACT
P_000072,G_000072,POSITIVE,REF_MISSING
P_000073,G_000073,POSITIVE,EXACT
P_000074,G_000074,POSITIVE,REF_MISSING
P_000075,G_000075,POSITIVE,EXACT
P_000076,G_000076,POSITIVE,EXACT
P_000077,G_000077,NEGATIVE,AMOUNT_MISMATCH
P_000078,G_000078,POSITIVE,EXACT
P_000079,G_000079,POSITIVE,EXACT
P_000080,G_000080,POSITIVE,EXACT
P_000081,G_000081,POSITIVE,REF_MISSING
P_000082,G_000082,POSITIVE,REF_MISSING
P_000083,G_000083,POSITIVE,EXACT
P_000084,G_000084,POSITIVE,EXACT
P_000085,G_000085,NEGATIVE,AMOUNT_MISMATCH
P_000086,G_000086,POSITIVE,EXACT
P_000087,G_000087,POSITIVE,VENDOR_ALIAS
P_000088,G_000088,POSITIVE,EXACT
P_000089,G_000089,POSITIVE,EXACT
P_000090,G_000090,NEGATIVE,TAX_MISMATCH
P_000091,G_000091,POSITIVE,EXACT
P_000092,G_000092,POSITIVE,REF_MISSING
P_000093,G_000093,POSITIVE,EXACT
P_000094,G_000094,POSITIVE,VENDOR_ALIAS
P_000095,G_000095,POSITIVE,EXACT
P_000096,G_000096,POSITIVE,EXACT
P_000097,G_000097,POSITIVE,EXACT
P_000098,G_000098,POSITIVE,EXACT
P_000099,G_000099,POSITIVE,REF_MISSING
P_000100,G_000100,NEGATIVE,AMOUNT_MISMATCH
P_000101,G_000101,POSITIVE,EXACT
P_000102,G_000102,POSITIVE,EXACT
P_000103,G_000103,POSITIVE,EXACT
P_000104,G_000104,POSITIVE,EXACT
P_000105,G_000105,POSITIVE,REF_MISSING
P_000106,G_000106,POSITIVE,VENDOR_ALIAS
P_000107,G_000107,POSITIVE,EXACT
P_000108,G_000108,POSITIVE,EXACT
P_000109,G_000109,POSITIVE,VENDOR_ALIAS
P_000110,G_000110,POSITIVE,EXACT
P_000111,G_000111,POSITIVE,EXACT
P_000112,G_000112,POSITIVE,EXACT
P_000113,G_000113,POSITIVE,EXACT
P_000114,G_000114,POSITIVE,VENDOR_ALIAS
P_000115,G_000115,POSITIVE,REF_MISSING
P_000116,G_000116,POSITIVE,EXACT
P_000117,G_000117,POSITIVE,EXACT
P_000118,G_000118,POSITIVE,EXACT
P_000119,G_000119,POSITIVE,EXACT
P_000120,G_000120,NEGATIVE,AMOUNT_MISMATCH
P_000121,G_000121,POSITIVE,EXACT
P_000122,G_000122,POSITIVE,VENDOR_ALIAS
P_000123,G_000123,POSITIVE,EXACT
P_000124,G_000124,NEGATIVE,AMOUNT_MISMATCH
P_000125,G_000125,POSITIVE,EXACT
P_000126,G_000126,POSITIVE,EXACT
P_000127,G_000127,POSITIVE,VENDOR_ALIAS
P_000128,G_000128,POSITIVE,EXACT
P_000129,G_000129,POSITIVE,VENDOR_ALIAS
P_000130,G_000130,POSITIVE,EXACT
P_000131,G_000131,NEGATIVE,AMOUNT_MISMATCH
P_000132,G_000132,POSITIVE,EXACT
P_000133,G_000133,POSITIVE,EXACT
P_000134,G_000134,POSITIVE,EXACT
P_000135,G_000135,POSITIVE,VENDOR_ALIAS
P_000136,G_000136,POSITIVE,EXACT
P_000137,G_000137,POSITIVE,VENDOR_ALIAS
P_000138,G_000138,POSITIVE,REF_MISSING
P_000139,G_000139,POSITIVE,EXACT
P_000140,G_000140,POSITIVE,EXACT
P_000141,G_000141,POSITIVE,EXACT
P_000142,G_000142,POSITIVE,EXACT
P_000143,G_000143,POSITIVE,EXACT
P_000144,G_000144,POSITIVE,EXACT
P_000145,G_000145,POSITIVE,EXACT
P_000146,G_000146,POSITIVE,EXACT
P_000147,G_000147,POSITIVE,EXACT
P_000148,G_000148,POSITIVE,EXACT
P_000149,G_000149,POSITIVE,EXACT
P_000150,G_000150,POSITIVE,EXACT
P_000151,G_000151,POSITIVE,EXACT
P_000152,G_000152,POSITIVE,VENDOR_ALIAS
P_000153,G_000153,POSITIVE,VENDOR_ALIAS
P_000154,G_000154,POSITIVE,VENDOR_ALIAS
P_000155,G_000155,POSITIVE,VENDOR_ALIAS
P_000156,G_000156,POSITIVE,VENDOR_ALIAS
P_000157,G_000157,POSITIVE,REF_MISSING
P_000158,G_000158,POSITIVE,VENDOR_ALIAS
P_000159,G_000159,POSITIVE,EXACT
P_000160,G_000160,POSITIVE,EXACT
P_000161,G_000161,POSITIVE,EXACT
P_000162,G_000162,POSITIVE,REF_MISSING
P_000163,G_000163,POSITIVE,EXACT
P_000164,G_000164,POSITIVE,EXACT
P_000165,G_000165,NEGATIVE,AMOUNT_MISMATCH
P_000166,G_000166,POSITIVE,EXACT
P_000167,G_000167,POSITIVE,VENDOR_ALIAS
P_000168,G_000168,POSITIVE,EXACT
P_000169,G_000169,NEGATIVE,TAX_MISMATCH
P_000170,G_000170,POSITIVE,EXACT
P_000171,G_000171,POSITIVE,EXACT
P_000172,G_000172,POSITIVE,EXACT
P_000173,G_000173,NEGATIVE,AMOUNT_MISMATCH
P_000174,G_000174,POSITIVE,EXACT
P_000175,G_000175,NEGATIVE,TAX_MISMATCH
P_000176,G_000176,POSITIVE,EXACT
P_000177,G_000177,POSITIVE,EXACT
P_000178,G_000178,POSITIVE,VENDOR_ALIAS
P_000179,G_000179,POSITIVE,VENDOR_ALIAS
P_000180,G_000180,POSITIVE,VENDOR_ALIAS
P_000181,G_000181,POSITIVE,VENDOR_ALIAS
P_000182,G_000182,POSITIVE,EXACT
P_000183,G_000183,POSITIVE,VENDOR_ALIAS
P_000184,G_000184,POSITIVE,VENDOR_ALIAS
P_000185,G_000185,POSITIVE,EXACT
P_000186,G_000186,POSITIVE,EXACT
P_000187,G_000187,POSITIVE,EXACT
P_000188,G_000188,POSITIVE,VENDOR_ALIAS
P_000189,G_000189,POSITIVE,EXACT
P_000190,G_000190,POSITIVE,EXACT
P_000191,G_000191,NEGATIVE,TAX_MISMATCH
P_000192,G_000192,POSITIVE,EXACT
P_000193,G_000193,NEGATIVE,AMOUNT_MISMATCH
P_000194,G_000194,POSITIVE,REF_MISSING
P_000195,G_000195,POSITIVE,EXACT
P_000196,G_000196,POSITIVE,VENDOR_ALIAS
P_000197,G_000197,POSITIVE,EXACT
P_000198,G_000198,POSITIVE,EXACT
P_000199,G_000199,POSITIVE,VENDOR_ALIAS
P_000200,G_000200,NEGATIVE,AMOUNT_MISMATCH
P_000201,G_000201,POSITIVE,EXACT
P_000202,G_000202,POSITIVE,EXACT
P_000203,G_000203,POSITIVE,REF_MISSING
P_000204,G_000204,POSITIVE,EXACT
P_000205,G_000205,POSITIVE,REF_MISSING
P_000206,G_000206,POSITIVE,REF_MISSING
P_000207,G_000207,POSITIVE,VENDOR_ALIAS
P_000208,G_000208,POSITIVE,EXACT
P_000209,G_000209,NEGATIVE,TAX_MISMATCH
P_000210,G_000210,POSITIVE,EXACT
P_000211,G_000211,POSITIVE,REF_MISSING
P_000212,G_000212,POSITIVE,EXACT
P_000213,G_000213,NEGATIVE,TAX_MISMATCH
P_000214,G_000214,POSITIVE,VENDOR_ALIAS
P_000215,G_000215,NEGATIVE,AMOUNT_MISMATCH
P_000216,G_000216,POSITIVE,REF_MISSING
P_000217,G_000217,POSITIVE,EXACT
P_000218,G_000218,POSITIVE,VENDOR_ALIAS
P_000219,G_000219,POSITIVE,VENDOR_ALIAS
P_000220,G_000220,POSITIVE,VENDOR_ALIAS
P_000221,G_000221,POSITIVE,EXACT
P_000222,G_000222,POSITIVE,EXACT
P_000223,G_000223,POSITIVE,REF_MISSING
P_000224,G_000224,POSITIVE,REF_MISSING
P_000225,G_000225,POSITIVE,EXACT
P_000226,G_000226,POSITIVE,VENDOR_ALIAS
P_000227,G_000227,POSITIVE,EXACT
P_000228,G_000228,NEGATIVE,TAX_MISMATCH
P_000229,G_000229,POSITIVE,EXACT
P_000230,G_000230,POSITIVE,EXACT
P_000231,G_000231,POSITIVE,EXACT
P_000232,G_000232,POSITIVE,REF_MISSING
P_000233,G_000233,POSITIVE,VENDOR_ALIAS
P_000234,G_000234,POSITIVE,EXACT
P_000235,G_000235,POSITIVE,EXACT
P_000236,G_000236,NEGATIVE,TAX_MISMATCH
P_000237,G_000237,POSITIVE,EXACT
P_000238,G_000238,POSITIVE,REF_MISSING
P_000239,G_000239,POSITIVE,VENDOR_ALIAS
P_000240,G_000240,NEGATIVE,AMOUNT_MISMATCH
P_000241,G_000241,POSITIVE,EXACT
P_000242,G_000242,POSITIVE,VENDOR_ALIAS
P_000243,G_000243,POSITIVE,EXACT
P_000244,G_000244,POSITIVE,EXACT
P_000245,G_000245,POSITIVE,EXACT
P_000246,G_000246,POSITIVE,REF_MISSING
P_000247,G_000247,NEGATIVE,AMOUNT_MISMATCH
P_000248,G_000248,POSITIVE,EXACT
P_000249,G_000249,POSITIVE,REF_MISSING
P_000250,G_000250,POSITIVE,EXACT
P_000251,G_000251,POSITIVE,EXACT
P_000252,G_000252,NEGATIVE,AMOUNT_MISMATCH
P_000253,G_000253,POSITIVE,EXACT
P_000254,G_000254,POSITIVE,EXACT
P_000255,G_000255,POSITIVE,EXACT
P_000256,G_000256,POSITIVE,EXACT
P_000257,G_000257,POSITIVE,EXACT
P_000258,G_000258,POSITIVE,REF_MISSING
P_000259,G_000259,POSITIVE,VENDOR_ALIAS
P_000260,G_000260,POSITIVE,VENDOR_ALIAS
P_000261,G_000261,POSITIVE,EXACT
P_000262,G_000262,POSITIVE,EXACT
P_000263,G_000263,NEGATIVE,AMOUNT_MISMATCH
P_000264,G_000264,POSITIVE,EXACT
P_000265,G_000265,POSITIVE,REF_MISSING
P_000266,G_000266,POSITIVE,EXACT
P_000267,G_000267,POSITIVE,VENDOR_ALIAS
P_000268,G_000268,POSITIVE,VENDOR_ALIAS
P_000269,G_000269,POSITIVE,VENDOR_ALIAS
P_000270,G_000270,POSITIVE,REF_MISSING
P_000271,G_000271,NEGATIVE,TAX_MISMATCH
P_000272,G_000272,NEGATIVE,AMOUNT_MISMATCH
P_000273,G_000273,POSITIVE,VENDOR_ALIAS
P_000274,G_000274,POSITIVE,EXACT
P_000275,G_000275,POSITIVE,EXACT
P_000276,G_000276,POSITIVE,EXACT
P_000277,G_000277,NEGATIVE,AMOUNT_MISMATCH
P_000278,G_000278,POSITIVE,REF_MISSING
P_000279,G_000279,POSITIVE,EXACT
P_000280,G_000280,POSITIVE,REF_MISSING
P_000281,G_000281,POSITIVE,REF_MISSING
P_000282,G_000282,POSITIVE,EXACT
P_000283,G_000283,POSITIVE,EXACT
P_000284,G_000284,POSITIVE,EXACT
P_000285,G_000285,NEGATIVE,TAX_MISMATCH
P_000286,G_000286,POSITIVE,EXACT
P_000287,G_000287,POSITIVE,EXACT
P_000288,G_000288,POSITIVE,EXACT
P_000289,G_000289,NEGATIVE,TAX_MISMATCH
P_000290,G_000290,POSITIVE,EXACT
P_000291,G_000291,POSITIVE,VENDOR_ALIAS
P_000292,G_000292,POSITIVE,EXACT
P_000293,G_000293,POSITIVE,EXACT
P_000294,G_000294,POSITIVE,EXACT
P_000295,G_000295,POSITIVE,EXACT
P_000296,G_000296,POSITIVE,VENDOR_ALIAS
P_000297,G_000297,POSITIVE,VENDOR_ALIAS
P_000298,G_000298,POSITIVE,EXACT
P_000299,G_000299,POSITIVE,REF_MISSING
P_000300,G_000300,POSITIVE,EXACT
P_000301,G_000301,POSITIVE,VENDOR_ALIAS
P_000302,G_000302,POSITIVE,EXACT
P_000303,G_000303,POSITIVE,EXACT
P_000304,G_000304,POSITIVE,EXACT
P_000305,G_000305,POSITIVE,EXACT
P_000306,G_000306,POSITIVE,REF_MISSING
P_000307,G_000307,POSITIVE,EXACT
P_000308,G_000308,POSITIVE,VENDOR_ALIAS
P_000309,G_000309,POSITIVE,EXACT
P_000310,G_000310,NEGATIVE,TAX_MISMATCH
P_000311,G_000311,POSITIVE,VENDOR_ALIAS
P_000312,G_000312,POSITIVE,EXACT
P_000313,G_000313,POSITIVE,EXACT
P_000314,G_000314,POSITIVE,EXACT
P_000315,G_000315,POSITIVE,EXACT
P_000316,G_000316,NEGATIVE,AMOUNT_MISMATCH
P_000317,G_000317,POSITIVE,EXACT
P_000318,G_000318,POSITIVE,EXACT
P_000319,G_000319,NEGATIVE,AMOUNT_MISMATCH
P_000320,G_000320,POSITIVE,REF_MISSING
P_000321,G_000321,POSITIVE,VENDOR_ALIAS
P_000322,G_000322,POSITIVE,REF_MISSING
P_000323,G_000323,POSITIVE,VENDOR_ALIAS
P_000324,G_000324,POSITIVE,EXACT
P_000325,G_000325,POSITIVE,EXACT
P_000326,G_000326,POSITIVE,REF_MISSING
P_000327,G_000327,NEGATIVE,AMOUNT_MISMATCH
P_000328,G_000328,POSITIVE,VENDOR_ALIAS
P_000329,G_000329,POSITIVE,EXACT
P_000330,G_000330,POSITIVE,EXACT
P_000331,G_000331,POSITIVE,EXACT
P_000332,G_000332,POSITIVE,VENDOR_ALIAS
P_000333,G_000333,POSITIVE,VENDOR_ALIAS
P_000334,G_000334,NEGATIVE,AMOUNT_MISMATCH
P_000335,G_000335,POSITIVE,VENDOR_ALIAS
P_000336,G_000336,POSITIVE,EXACT
P_000337,G_000337,POSITIVE,EXACT
P_000338,G_000338,POSITIVE,EXACT
P_000339,G_000339,POSITIVE,EXACT
P_000340,G_000340,POSITIVE,REF_MISSING
P_000341,G_000341,POSITIVE,EXACT
P_000342,G_000342,POSITIVE,VENDOR_ALIAS
P_000343,G_000343,NEGATIVE,TAX_MISMATCH
P_000344,G_000344,POSITIVE,VENDOR_ALIAS
P_000345,G_000345,NEGATIVE,AMOUNT_MISMATCH
P_000346,G_000346,POSITIVE,VENDOR_ALIAS
P_000347,G_000347,POSITIVE,EXACT
P_000348,G_000348,POSITIVE,VENDOR_ALIAS
P_000349,G_000349,POSITIVE,REF_MISSING
P_000350,G_000350,POSITIVE,VENDOR_ALIAS
P_000351,G_000351,POSITIVE,VENDOR_ALIAS
P_000352,G_000352,POSITIVE,EXACT
P_000353,G_000353,POSITIVE,VENDOR_ALIAS
P_000354,G_000354,POSITIVE,VENDOR_ALIAS
P_000355,G_000355,POSITIVE,REF_MISSING
P_000356,G_000356,POSITIVE,EXACT
P_000357,G_000357,POSITIVE,EXACT
P_000358,G_000358,NEGATIVE,TAX_MISMATCH
P_000359,G_000359,POSITIVE,EXACT
P_000360,G_000360,POSITIVE,VENDOR_ALIAS
P_000361,G_000361,POSITIVE,VENDOR_ALIAS
P_000362,G_000362,POSITIVE,EXACT
P_000363,G_000363,POSITIVE,EXACT
P_000364,G_000364,POSITIVE,REF_MISSING
P_000365,G_000365,POSITIVE,EXACT
P_000366,G_000366,NEGATIVE,TAX_MISMATCH
P_000367,G_000367,POSITIVE,EXACT
P_000368,G_000368,POSITIVE,VENDOR_ALIAS
P_000369,G_000369,POSITIVE,VENDOR_ALIAS
P_000370,G_000370,POSITIVE,EXACT
P_000371,G_000371,POSITIVE,REF_MISSING
P_000372,G_000372,POSITIVE,VENDOR_ALIAS
P_000373,G_000373,POSITIVE,EXACT
P_000374,G_000374,POSITIVE,EXACT
P_000375,G_000375,POSITIVE,VENDOR_ALIAS
P_000376,G_000376,NEGATIVE,AMOUNT_MISMATCH
P_000377,G_000377,POSITIVE,EXACT
P_000378,G_000378,POSITIVE,REF_MISSING
P_000379,G_000379,POSITIVE,VENDOR_ALIAS
P_000380,G_000380,NEGATIVE,AMOUNT_MISMATCH
P_000381,G_000381,POSITIVE,VENDOR_ALIAS
P_000382,G_000382,POSITIVE,REF_MISSING
P_000383,G_000383,POSITIVE,REF_MISSING
P_000384,G_000384,POSITIVE,EXACT
P_000385,G_000385,POSITIVE,EXACT
P_000386,G_000386,POSITIVE,EXACT
P_000387,G_000387,POSITIVE,EXACT
P_000388,G_000388,POSITIVE,VENDOR_ALIAS
P_000389,G_000389,POSITIVE,VENDOR_ALIAS
P_000390,G_000390,NEGATIVE,TAX_MISMATCH
P_000391,G_000391,POSITIVE,VENDOR_ALIAS
P_000392,G_000392,NEGATIVE,AMOUNT_MISMATCH
P_000393,G_000393,POSITIVE,REF_MISSING
P_000394,G_000394,POSITIVE,REF_MISSING
P_000395,G_000395,POSITIVE,EXACT
P_000396,G_000396,POSITIVE,EXACT
P_000397,G_000397,NEGATIVE,AMOUNT_MISMATCH
P_000398,G_000398,POSITIVE,VENDOR_ALIAS
P_000399,G_000399,POSITIVE,EXACT
P_000400,G_000400,POSITIVE,EXACT
P_000401,G_000401,POSITIVE,REF_MISSING
P_000402,G_000402,POSITIVE,VENDOR_ALIAS
P_000403,G_000403,POSITIVE,VENDOR_ALIAS
P_000404,G_000404,POSITIVE,EXACT
P_000405,G_000405,POSITIVE,EXACT
P_000406,G_000406,NEGATIVE,AMOUNT_MISMATCH
P_000407,G_000407,POSITIVE,VENDOR_ALIAS
P_000408,G_000408,NEGATIVE,AMOUNT_MISMATCH
P_000409,G_000409,POSITIVE,VENDOR_ALIAS
P_000410,G_000410,POSITIVE,EXACT
P_000411,G_000411,POSITIVE,EXACT
P_000412,G_000412,POSITIVE,EXACT
P_000413,G_000413,POSITIVE,VENDOR_ALIAS
P_000414,G_000414,POSITIVE,VENDOR_ALIAS
P_000415,G_000415,POSITIVE,VENDOR_ALIAS
P_000416,G_000416,POSITIVE,VENDOR_ALIAS
P_000417,G_000417,NEGATIVE,AMOUNT_MISMATCH
P_000418,G_000418,POSITIVE,VENDOR_ALIAS
P_000419,G_000419,POSITIVE,EXACT
P_000420,G_000420,NEGATIVE,AMOUNT_MISMATCH
P_000421,G_000421,POSITIVE,REF_MISSING
P_000422,G_000422,POSITIVE,VENDOR_ALIAS
P_000423,G_000423,POSITIVE,EXACT
P_000424,G_000424,NEGATIVE,AMOUNT_MISMATCH
P_000425,G_000425,POSITIVE,EXACT
P_000426,G_000426,POSITIVE,EXACT
P_000427,G_000427,POSITIVE,VENDOR_ALIAS
P_000428,G_000428,NEGATIVE,TAX_MISMATCH
P_000429,G_000429,POSITIVE,REF_MISSING
P_000430,G_000430,POSITIVE,EXACT
P_000431,G_000431,POSITIVE,VENDOR_ALIAS
P_000432,G_000432,POSITIVE,REF_MISSING
P_000433,G_000433,POSITIVE,EXACT
P_000434,G_000434,POSITIVE,VENDOR_ALIAS
P_000435,G_000435,NEGATIVE,TAX_MISMATCH
P_000436,G_000436,POSITIVE,REF_MISSING
P_000437,G_000437,POSITIVE,EXACT
P_000438,G_000438,POSITIVE,EXACT
P_000439,G_000439,NEGATIVE,TAX_MISMATCH
P_000440,G_000440,POSITIVE,REF_MISSING
P_000441,G_000441,POSITIVE,EXACT
P_000442,G_000442,POSITIVE,EXACT
P_000443,G_000443,POSITIVE,VENDOR_ALIAS
P_000444,G_000444,POSITIVE,EXACT
P_000445,G_000445,POSITIVE,EXACT
P_000446,G_000446,POSITIVE,EXACT
P_000447,G_000447,POSITIVE,EXACT
P_000448,G_000448,NEGATIVE,AMOUNT_MISMATCH
P_000449,G_000449,NEGATIVE,TAX_MISMATCH
P_000450,G_000450,POSITIVE,REF_MISSING
P_000451,G_000451,POSITIVE,EXACT
P_000452,G_000452,POSITIVE,EXACT
P_000453,G_000453,POSITIVE,EXACT
P_000454,G_000454,POSITIVE,REF_MISSING
P_000455,G_000455,POSITIVE,VENDOR_ALIAS
P_000456,G_000456,POSITIVE,EXACT
P_000457,G_000457,POSITIVE,REF_MISSING
P_000458,G_000458,POSITIVE,EXACT
P_000459,G_000459,POSITIVE,EXACT
P_000460,G_000460,POSITIVE,EXACT
P_000461,G_000461,POSITIVE,EXACT
P_000462,G_000462,POSITIVE,VENDOR_ALIAS
P_000463,G_000463,POSITIVE,EXACT
P_000464,G_000464,POSITIVE,EXACT
P_000465,G_000465,NEGATIVE,AMOUNT_MISMATCH
P_000466,G_000466,POSITIVE,EXACT
P_000467,G_000467,POSITIVE,EXACT
P_000468,G_000468,POSITIVE,EXACT
P_000469,G_000469,POSITIVE,VENDOR_ALIAS
P_000470,G_000470,NEGATIVE,AMOUNT_MISMATCH
P_000471,G_000471,POSITIVE,REF_MISSING
P_000472,G_000472,POSITIVE,EXACT
P_000473,G_000473,NEGATIVE,TAX_MISMATCH
P_000474,G_000474,POSITIVE,REF_MISSING
P_000475,G_000475,POSITIVE,REF_MISSING
P_000476,G_000476,POSITIVE,REF_MISSING
P_000477,G_000477,POSITIVE,EXACT
P_000478,G_000478,NEGATIVE,AMOUNT_MISMATCH
P_000479,G_000479,POSITIVE,EXACT
P_000480,G_000480,NEGATIVE,AMOUNT_MISMATCH
P_000481,G_000481,POSITIVE,EXACT
P_000482,G_000482,NEGATIVE,AMOUNT_MISMATCH
P_000483,G_000483,POSITIVE,EXACT
P_000484,G_000484,POSITIVE,VENDOR_ALIAS
P_000485,G_000485,POSITIVE,VENDOR_ALIAS
P_000486,G_000486,POSITIVE,EXACT
P_000487,G_000487,POSITIVE,EXACT
P_000488,G_000488,POSITIVE,EXACT
P_000489,G_000489,POSITIVE,VENDOR_ALIAS
P_000490,G_000490,POSITIVE,EXACT
P_000491,G_000491,POSITIVE,EXACT
P_000492,G_000492,POSITIVE,EXACT
P_000493,G_000493,POSITIVE,EXACT
P_000494,G_000494,POSITIVE,EXACT
P_000495,G_000495,NEGATIVE,TAX_MISMATCH
P_000496,G_000496,POSITIVE,VENDOR_ALIAS
P_000497,G_000497,POSITIVE,EXACT
P_000498,G_000498,NEGATIVE,TAX_MISMATCH
P_000499,G_000499,POSITIVE,REF_MISSING
P_000500,G_000500,POSITIVE,EXACT
P_000501,G_000501,NEGATIVE,TAX_MISMATCH
P_000502,G_000502,POSITIVE,VENDOR_ALIAS
P_000503,G_000503,POSITIVE,EXACT
P_000504,G_000504,NEGATIVE,AMOUNT_MISMATCH
P_000505,G_000505,POSITIVE,EXACT
P_000506,G_000506,POSITIVE,EXACT
P_000507,G_000507,POSITIVE,VENDOR_ALIAS
P_000508,G_000508,NEGATIVE,TAX_MISMATCH
P_000509,G_000509,POSITIVE,REF_MISSING
P_000510,G_000510,POSITIVE,VENDOR_ALIAS
P_000511,G_000511,POSITIVE,REF_MISSING
P_000512,G_000512,NEGATIVE,AMOUNT_MISMATCH
P_000513,G_000513,POSITIVE,EXACT
P_000514,G_000514,POSITIVE,EXACT
P_000515,G_000515,POSITIVE,VENDOR_ALIAS
P_000516,G_000516,POSITIVE,VENDOR_ALIAS
P_000517,G_000517,POSITIVE,EXACT
P_000518,G_000518,POSITIVE,EXACT
P_000519,G_000519,POSITIVE,VENDOR_ALIAS
P_000520,G_000520,POSITIVE,EXACT
P_000521,G_000521,POSITIVE,EXACT
P_000522,G_000522,POSITIVE,EXACT
P_000523,G_000523,POSITIVE,EXACT
P_000524,G_000524,POSITIVE,VENDOR_ALIAS
P_000525,G_000525,POSITIVE,VENDOR_ALIAS
P_000526,G_000526,POSITIVE,VENDOR_ALIAS
P_000527,G_000527,NEGATIVE,AMOUNT_MISMATCH
P_000528,G_000528,POSITIVE,EXACT
P_000529,G_000529,POSITIVE,EXACT
P_000530,G_000530,POSITIVE,VENDOR_ALIAS
P_000531,G_000531,NEGATIVE,TAX_MISMATCH
P_000532,G_000532,POSITIVE,EXACT
P_000533,G_000533,POSITIVE,EXACT
P_000534,G_000534,POSITIVE,EXACT
P_000535,G_000535,POSITIVE,VENDOR_ALIAS
P_000536,G_000536,POSITIVE,EXACT
P_000537,G_000537,POSITIVE,EXACT
P_000538,G_000538,POSITIVE,EXACT
P_000539,G_000539,POSITIVE,VENDOR_ALIAS
P_000540,G_000540,NEGATIVE,AMOUNT_MISMATCH
P_000541,G_000541,POSITIVE,VENDOR_ALIAS
P_000542,G_000542,POSITIVE,VENDOR_ALIAS
P_000543,G_000543,POSITIVE,EXACT
P_000544,G_000544,POSITIVE,EXACT
P_000545,G_000545,POSITIVE,EXACT
P_000546,G_000546,POSITIVE,VENDOR_ALIAS
P_000547,G_000547,NEGATIVE,AMOUNT_MISMATCH
P_000548,G_000548,NEGATIVE,AMOUNT_MISMATCH
P_000549,G_000549,NEGATIVE,AMOUNT_MISMATCH
P_000550,G_000550,POSITIVE,VENDOR_ALIAS
P_000551,G_000551,POSITIVE,EXACT
P_000552,G_000552,POSITIVE,EXACT
P_000553,G_000553,POSITIVE,EXACT
P_000554,G_000554,NEGATIVE,AMOUNT_MISMATCH
P_000555,G_000555,POSITIVE,EXACT
P_000556,G_000556,POSITIVE,EXACT
P_000557,G_000557,POSITIVE,REF_MISSING
P_000558,G_000558,POSITIVE,REF_MISSING
P_000559,G_000559,POSITIVE,EXACT
P_000560,G_000560,POSITIVE,REF_MISSING
P_000561,G_000561,POSITIVE,REF_MISSING
P_000562,G_000562,NEGATIVE,AMOUNT_MISMATCH
P_000563,G_000563,POSITIVE,VENDOR_ALIAS
P_000564,G_000564,POSITIVE,EXACT
P_000565,G_000565,POSITIVE,REF_MISSING
P_000566,G_000566,POSITIVE,VENDOR_ALIAS
P_000567,G_000567,POSITIVE,EXACT
P_000568,G_000568,POSITIVE,EXACT
P_000569,G_000569,POSITIVE,REF_MISSING
P_000570,G_000570,POSITIVE,REF_MISSING
P_000571,G_000571,POSITIVE,EXACT
P_000572,G_000572,POSITIVE,VENDOR_ALIAS
P_000573,G_000573,POSITIVE,VENDOR_ALIAS
P_000574,G_000574,POSITIVE,VENDOR_ALIAS
P_000575,G_000575,POSITIVE,VENDOR_ALIAS
P_000576,G_000576,POSITIVE,EXACT
P_000577,G_000577,POSITIVE,VENDOR_ALIAS
P_000578,G_000578,POSITIVE,EXACT
P_000579,G_000579,NEGATIVE,AMOUNT_MISMATCH
P_000580,G_000580,NEGATIVE,TAX_MISMATCH
P_000581,G_000581,POSITIVE,VENDOR_ALIAS
P_000582,G_000582,POSITIVE,EXACT
P_000583,G_000583,NEGATIVE,AMOUNT_MISMATCH
P_000584,G_000584,NEGATIVE,TAX_MISMATCH
P_000585,G_000585,POSITIVE,EXACT
P_000586,G_000586,POSITIVE,EXACT
P_000587,G_000587,NEGATIVE,TAX_MISMATCH
P_000588,G_000588,POSITIVE,VENDOR_ALIAS
P_000589,G_000589,POSITIVE,EXACT
P_000590,G_000590,POSITIVE,REF_MISSING
P_000591,G_000591,POSITIVE,VENDOR_ALIAS
P_000592,G_000592,POSITIVE,VENDOR_ALIAS
P_000593,G_000593,NEGATIVE,AMOUNT_MISMATCH
P_000594,G_000594,POSITIVE,EXACT
P_000595,G_000595,POSITIVE,REF_MISSING
P_000596,G_000596,NEGATIVE,AMOUNT_MISMATCH
P_000597,G_000597,POSITIVE,VENDOR_ALIAS
P_000598,G_000598,POSITIVE,EXACT
P_000599,G_000599,POSITIVE,REF_MISSING
P_000600,G_000600,POSITIVE,EXACT
P_000601,G_000601,NEGATIVE,AMOUNT_MISMATCH
P_000602,G_000602,POSITIVE,EXACT
P_000603,G_000603,POSITIVE,REF_MISSING
P_000604,G_000604,POSITIVE,EXACT
P_000605,G_000605,POSITIVE,REF_MISSING
P_000606,G_000606,NEGATIVE,AMOUNT_MISMATCH
P_000607,G_000607,NEGATIVE,AMOUNT_MISMATCH
P_000608,G_000608,POSITIVE,EXACT
P_000609,G_000609,POSITIVE,VENDOR_ALIAS
P_000610,G_000610,POSITIVE,EXACT
P_000611,G_000611,POSITIVE,REF_MISSING
P_000612,G_000612,POSITIVE,VENDOR_ALIAS
P_000613,G_000613,POSITIVE,VENDOR_ALIAS
P_000614,G_000614,POSITIVE,VENDOR_ALIAS
P_000615,G_000615,POSITIVE,EXACT
P_000616,G_000616,POSITIVE,REF_MISSING
P_000617,G_000617,POSITIVE,VENDOR_ALIAS
P_000618,G_000618,POSITIVE,REF_MISSING
P_000619,G_000619,POSITIVE,EXACT
P_000620,G_000620,POSITIVE,EXACT
P_000621,G_000621,POSITIVE,REF_MISSING
P_000622,G_000622,POSITIVE,EXACT
P_000623,G_000623,POSITIVE,EXACT
P_000624,G_000624,POSITIVE,VENDOR_ALIAS
P_000625,G_000625,POSITIVE,EXACT
P_000626,G_000626,POSITIVE,EXACT
P_000627,G_000627,POSITIVE,EXACT
P_000628,G_000628,NEGATIVE,AMOUNT_MISMATCH
P_000629,G_000629,POSITIVE,EXACT
P_000630,G_000630,POSITIVE,EXACT
P_000631,G_000631,POSITIVE,EXACT
P_000632,G_000632,POSITIVE,EXACT
P_000633,G_000633,POSITIVE,EXACT
P_000634,G_000634,POSITIVE,EXACT
P_000635,G_000635,POSITIVE,REF_MISSING
P_000636,G_000636,POSITIVE,EXACT
P_000637,G_000637,POSITIVE,VENDOR_ALIAS
P_000638,G_000638,NEGATIVE,AMOUNT_MISMATCH
P_000639,G_000639,POSITIVE,EXACT
P_000640,G_000640,POSITIVE,EXACT
P_000641,G_000641,NEGATIVE,TAX_MISMATCH
P_000642,G_000642,NEGATIVE,AMOUNT_MISMATCH
P_000643,G_000643,POSITIVE,EXACT
P_000644,G_000644,POSITIVE,EXACT
P_000645,G_000645,POSITIVE,EXACT
P_000646,G_000646,NEGATIVE,TAX_MISMATCH
P_000647,G_000647,POSITIVE,VENDOR_ALIAS
P_000648,G_000648,POSITIVE,EXACT
P_000649,G_000649,POSITIVE,VENDOR_ALIAS
P_000650,G_000650,POSITIVE,VENDOR_ALIAS
P_000651,G_000651,POSITIVE,REF_MISSING
P_000652,G_000652,POSITIVE,EXACT
P_000653,G_000653,POSITIVE,EXACT
P_000654,G_000654,POSITIVE,REF_MISSING
P_000655,G_000655,NEGATIVE,AMOUNT_MISMATCH
P_000656,G_000656,POSITIVE,EXACT
P_000657,G_000657,POSITIVE,VENDOR_ALIAS
P_000658,G_000658,NEGATIVE,TAX_MISMATCH
P_000659,G_000659,POSITIVE,EXACT
P_000660,G_000660,POSITIVE,EXACT
P_000661,G_000661,NEGATIVE,TAX_MISMATCH
P_000662,G_000662,POSITIVE,EXACT
P_000663,G_000663,POSITIVE,VENDOR_ALIAS
P_000664,G_000664,POSITIVE,EXACT
P_000665,G_000665,POSITIVE,REF_MISSING
P_000666,G_000666,POSITIVE,VENDOR_ALIAS
P_000667,G_000667,POSITIVE,EXACT
P_000668,G_000668,POSITIVE,EXACT
P_000669,G_000669,POSITIVE,EXACT
P_000670,G_000670,POSITIVE,VENDOR_ALIAS
P_000671,G_000671,POSITIVE,EXACT
P_000672,G_000672,POSITIVE,EXACT
P_000673,G_000673,POSITIVE,REF_MISSING
P_000674,G_000674,POSITIVE,REF_MISSING
P_000675,G_000675,POSITIVE,EXACT
P_000676,G_000676,POSITIVE,EXACT
P_000677,G_000677,POSITIVE,EXACT
P_000678,G_000678,POSITIVE,VENDOR_ALIAS
P_000679,G_000679,POSITIVE,EXACT
P_000680,G_000680,POSITIVE,VENDOR_ALIAS
P_000681,G_000681,POSITIVE,VENDOR_ALIAS
P_000682,G_000682,POSITIVE,EXACT
P_000683,G_000683,POSITIVE,EXACT
P_000684,G_000684,NEGATIVE,AMOUNT_MISMATCH
P_000685,G_000685,POSITIVE,VENDOR_ALIAS
P_000686,G_000686,NEGATIVE,TAX_MISMATCH
P_000687,G_000687,POSITIVE,EXACT
P_000688,G_000688,POSITIVE,VENDOR_ALIAS
P_000689,G_000689,POSITIVE,EXACT
P_000690,G_000690,NEGATIVE,AMOUNT_MISMATCH
P_000691,G_000691,POSITIVE,EXACT
P_000692,G_000692,POSITIVE,VENDOR_ALIAS
P_000693,G_000693,POSITIVE,REF_MISSING
P_000694,G_000694,POSITIVE,VENDOR_ALIAS
P_000695,G_000695,POSITIVE,EXACT
P_000696,G_000696,POSITIVE,REF_MISSING
P_000697,G_000697,POSITIVE,VENDOR_ALIAS
P_000698,G_000698,POSITIVE,VENDOR_ALIAS
P_000699,G_000699,POSITIVE,EXACT
P_000700,G_000700,NEGATIVE,TAX_MISMATCH
P_000701,G_000701,POSITIVE,EXACT
P_000702,G_000702,POSITIVE,EXACT
P_000703,G_000703,POSITIVE,EXACT
P_000704,G_000704,POSITIVE,EXACT
P_000705,G_000705,POSITIVE,REF_MISSING
P_000706,G_000706,POSITIVE,REF_MISSING
P_000707,G_000707,POSITIVE,REF_MISSING
P_000708,G_000708,POSITIVE,EXACT
P_000709,G_000709,POSITIVE,EXACT
P_000710,G_000710,NEGATIVE,AMOUNT_MISMATCH
P_000711,G_000711,POSITIVE,EXACT
P_000712,G_000712,POSITIVE,EXACT
P_000713,G_000713,POSITIVE,EXACT
P_000714,G_000714,POSITIVE,EXACT
P_000715,G_000715,POSITIVE,EXACT
P_000716,G_000716,POSITIVE,VENDOR_ALIAS
P_000717,G_000717,NEGATIVE,TAX_MISMATCH
P_000718,G_000718,POSITIVE,EXACT
P_000719,G_000719,POSITIVE,EXACT
P_000720,G_000720,POSITIVE,EXACT
P_000721,G_000721,POSITIVE,REF_MISSING
P_000722,G_000722,POSITIVE,REF_MISSING
P_000723,G_000723,POSITIVE,VENDOR_ALIAS
P_000724,G_000724,POSITIVE,VENDOR_ALIAS
P_000725,G_000725,POSITIVE,EXACT
P_000726,G_000726,POSITIVE,VENDOR_ALIAS
P_000727,G_000727,POSITIVE,EXACT
P_000728,G_000728,POSITIVE,VENDOR_ALIAS
P_000729,G_000729,POSITIVE,REF_MISSING
P_000730,G_000730,POSITIVE,EXACT
P_000731,G_000731,POSITIVE,EXACT
P_000732,G_000732,NEGATIVE,AMOUNT_MISMATCH
P_000733,G_000733,POSITIVE,EXACT
P_000734,G_000734,NEGATIVE,AMOUNT_MISMATCH
P_000735,G_000735,POSITIVE,VENDOR_ALIAS
P_000736,G_000736,POSITIVE,VENDOR_ALIAS
P_000737,G_000737,POSITIVE,EXACT
P_000738,G_000738,POSITIVE,VENDOR_ALIAS
P_000739,G_000739,POSITIVE,EXACT
P_000740,G_000740,NEGATIVE,TAX_MISMATCH
P_000741,G_000741,POSITIVE,REF_MISSING
P_000742,G_000742,NEGATIVE,AMOUNT_MISMATCH
P_000743,G_000743,POSITIVE,REF_MISSING
P_000744,G_000744,NEGATIVE,TAX_MISMATCH
P_000745,G_000745,POSITIVE,VENDOR_ALIAS
P_000746,G_000746,POSITIVE,REF_MISSING
P_000747,G_000747,POSITIVE,VENDOR_ALIAS
P_000748,G_000748,POSITIVE,EXACT
P_000749,G_000749,POSITIVE,EXACT
P_000750,G_000750,POSITIVE,EXACT
P_000751,G_000751,POSITIVE,EXACT
P_000752,G_000752,POSITIVE,EXACT
P_000753,G_000753,POSITIVE,REF_MISSING
P_000754,G_000754,POSITIVE,EXACT
P_000755,G_000755,POSITIVE,EXACT
P_000756,G_000756,POSITIVE,EXACT
P_000757,G_000757,POSITIVE,EXACT
P_000758,G_000758,POSITIVE,VENDOR_ALIAS
P_000759,G_000759,POSITIVE,EXACT
P_000760,G_000760,POSITIVE,EXACT
P_000761,G_000761,POSITIVE,EXACT
P_000762,G_000762,POSITIVE,EXACT
P_000763,G_000763,POSITIVE,EXACT
P_000764,G_000764,POSITIVE,EXACT
P_000765,G_000765,POSITIVE,VENDOR_ALIAS
P_000766,G_000766,POSITIVE,EXACT
P_000767,G_000767,POSITIVE,VENDOR_ALIAS
P_000768,G_000768,POSITIVE,EXACT
P_000769,G_000769,POSITIVE,EXACT
P_000770,G_000770,POSITIVE,VENDOR_ALIAS
P_000771,G_000771,POSITIVE,REF_MISSING
P_000772,G_000772,NEGATIVE,AMOUNT_MISMATCH
P_000773,G_000773,POSITIVE,EXACT
P_000774,G_000774,POSITIVE,EXACT
P_000775,G_000775,NEGATIVE,TAX_MISMATCH
P_000776,G_000776,POSITIVE,VENDOR_ALIAS
P_000777,G_000777,POSITIVE,EXACT
P_000778,G_000778,NEGATIVE,AMOUNT_MISMATCH
P_000779,G_000779,POSITIVE,EXACT
P_000780,G_000780,POSITIVE,EXACT
P_000781,G_000781,POSITIVE,VENDOR_ALIAS
P_000782,G_000782,POSITIVE,VENDOR_ALIAS
P_000783,G_000783,POSITIVE,VENDOR_ALIAS
P_000784,G_000784,POSITIVE,REF_MISSING
P_000785,G_000785,POSITIVE,EXACT
P_000786,G_000786,POSITIVE,EXACT
P_000787,G_000787,POSITIVE,REF_MISSING
P_000788,G_000788,POSITIVE,EXACT
P_000789,G_000789,POSITIVE,REF_MISSING
P_000790,G_000790,POSITIVE,VENDOR_ALIAS
P_000791,G_000791,POSITIVE,EXACT
P_000792,G_000792,POSITIVE,EXACT
P_000793,G_000793,POSITIVE,EXACT
P_000794,G_000794,NEGATIVE,TAX_MISMATCH
P_000795,G_000795,POSITIVE,EXACT
P_000796,G_000796,POSITIVE,VENDOR_ALIAS
P_000797,G_000797,POSITIVE,EXACT
P_000798,G_000798,POSITIVE,EXACT
P_000799,G_000799,POSITIVE,VENDOR_ALIAS
P_000800,G_000800,POSITIVE,EXACT
P_000801,G_000801,POSITIVE,EXACT
P_000802,G_000802,POSITIVE,VENDOR_ALIAS
P_000803,G_000803,POSITIVE,VENDOR_ALIAS
P_000804,G_000804,POSITIVE,EXACT
P_000805,G_000805,POSITIVE,EXACT
P_000806,G_000806,POSITIVE,VENDOR_ALIAS
P_000807,G_000807,POSITIVE,EXACT
P_000808,G_000808,POSITIVE,REF_MISSING
P_000809,G_000809,NEGATIVE,TAX_MISMATCH
P_000810,G_000810,POSITIVE,EXACT
P_000811,G_000811,NEGATIVE,AMOUNT_MISMATCH
P_000812,G_000812,POSITIVE,VENDOR_ALIAS
P_000813,G_000813,POSITIVE,EXACT
P_000814,G_000814,POSITIVE,EXACT
P_000815,G_000815,POSITIVE,REF_MISSING
P_000816,G_000816,POSITIVE,EXACT
P_000817,G_000817,POSITIVE,VENDOR_ALIAS
P_000818,G_000818,POSITIVE,EXACT
P_000819,G_000819,POSITIVE,EXACT
P_000820,G_000820,POSITIVE,VENDOR_ALIAS
P_000821,G_000821,POSITIVE,EXACT
P_000822,G_000822,POSITIVE,REF_MISSING
P_000823,G_000823,POSITIVE,EXACT
P_000824,G_000824,POSITIVE,EXACT
P_000825,G_000825,POSITIVE,EXACT
P_000826,G_000826,POSITIVE,VENDOR_ALIAS
P_000827,G_000827,POSITIVE,REF_MISSING
P_000828,G_000828,POSITIVE,REF_MISSING
P_000829,G_000829,POSITIVE,REF_MISSING
P_000830,G_000830,POSITIVE,EXACT
P_000831,G_000831,POSITIVE,EXACT
P_000832,G_000832,NEGATIVE,AMOUNT_MISMATCH
P_000833,G_000833,POSITIVE,EXACT
P_000834,G_000834,POSITIVE,EXACT
P_000835,G_000835,NEGATIVE,AMOUNT_MISMATCH
P_000836,G_000836,POSITIVE,EXACT
P_000837,G_000837,NEGATIVE,AMOUNT_MISMATCH
P_000838,G_000838,POSITIVE,VENDOR_ALIAS
P_000839,G_000839,POSITIVE,EXACT
P_000840,G_000840,POSITIVE,REF_MISSING
P_000841,G_000841,POSITIVE,EXACT
P_000842,G_000842,POSITIVE,EXACT
P_000843,G_000843,POSITIVE,EXACT
P_000844,G_000844,POSITIVE,EXACT
P_000845,G_000845,POSITIVE,EXACT
P_000846,G_000846,POSITIVE,REF_MISSING
P_000847,G_000847,NEGATIVE,AMOUNT_MISMATCH
P_000848,G_000848,POSITIVE,EXACT
P_000849,G_000849,POSITIVE,REF_MISSING
P_000850,G_000850,POSITIVE,VENDOR_ALIAS
P_000851,G_000851,POSITIVE,EXACT
P_000852,G_000852,POSITIVE,EXACT
P_000853,G_000853,POSITIVE,EXACT
P_000854,G_000854,POSITIVE,REF_MISSING
P_000855,G_000855,POSITIVE,EXACT
P_000856,G_000856,POSITIVE,VENDOR_ALIAS
P_000857,G_000857,POSITIVE,VENDOR_ALIAS
P_000858,G_000858,POSITIVE,EXACT
P_000859,G_000859,POSITIVE,EXACT
P_000860,G_000860,POSITIVE,REF_MISSING
P_000861,G_000861,NEGATIVE,TAX_MISMATCH
P_000862,G_000862,POSITIVE,EXACT
P_000863,G_000863,POSITIVE,EXACT
P_000864,G_000864,POSITIVE,REF_MISSING
P_000865,G_000865,POSITIVE,REF_MISSING
P_000866,G_000866,POSITIVE,EXACT
P_000867,G_000867,POSITIVE,EXACT
P_000868,G_000868,POSITIVE,EXACT
P_000869,G_000869,POSITIVE,EXACT
P_000870,G_000870,POSITIVE,EXACT
P_000871,G_000871,POSITIVE,VENDOR_ALIAS
P_000872,G_000872,POSITIVE,EXACT
P_000873,G_000873,POSITIVE,VENDOR_ALIAS
P_000874,G_000874,POSITIVE,EXACT
P_000875,G_000875,POSITIVE,EXACT
P_000876,G_000876,POSITIVE,REF_MISSING
P_000877,G_000877,POSITIVE,VENDOR_ALIAS
P_000878,G_000878,NEGATIVE,AMOUNT_MISMATCH
P_000879,G_000879,POSITIVE,REF_MISSING
P_000880,G_000880,POSITIVE,EXACT
P_000881,G_000881,POSITIVE,EXACT
P_000882,G_000882,NEGATIVE,TAX_MISMATCH
P_000883,G_000883,POSITIVE,REF_MISSING
P_000884,G_000884,POSITIVE,EXACT
P_000885,G_000885,NEGATIVE,AMOUNT_MISMATCH
P_000886,G_000886,NEGATIVE,AMOUNT_MISMATCH
P_000887,G_000887,POSITIVE,REF_MISSING
P_000888,G_000888,POSITIVE,EXACT
P_000889,G_000889,POSITIVE,VENDOR_ALIAS
P_000890,G_000890,POSITIVE,EXACT
P_000891,G_000891,POSITIVE,EXACT
P_000892,G_000892,POSITIVE,EXACT
P_000893,G_000893,POSITIVE,EXACT
P_000894,G_000894,POSITIVE,EXACT
P_000895,G_000895,POSITIVE,EXACT
P_000896,G_000896,POSITIVE,EXACT
P_000897,G_000897,POSITIVE,EXACT
P_000898,G_000898,POSITIVE,VENDOR_ALIAS
P_000899,G_000899,POSITIVE,REF_MISSING
P_000900,G_000900,POSITIVE,REF_MISSING
P_000901,G_000901,POSITIVE,EXACT
P_000902,G_000902,NEGATIVE,AMOUNT_MISMATCH
P_000903,G_000903,POSITIVE,EXACT
P_000904,G_000904,POSITIVE,VENDOR_ALIAS
P_000905,G_000905,POSITIVE,EXACT
P_000906,G_000906,POSITIVE,VENDOR_ALIAS
P_000907,G_000907,NEGATIVE,TAX_MISMATCH
P_000908,G_000908,POSITIVE,REF_MISSING
P_000909,G_000909,POSITIVE,EXACT
P_000910,G_000910,POSITIVE,REF_MISSING
P_000911,G_000911,POSITIVE,EXACT
P_000912,G_000912,POSITIVE,EXACT
P_000913,G_000913,POSITIVE,EXACT
P_000914,G_000914,POSITIVE,VENDOR_ALIAS
P_000915,G_000915,POSITIVE,EXACT
P_000916,G_000916,NEGATIVE,TAX_MISMATCH
P_000917,G_000917,POSITIVE,EXACT
P_000918,G_000918,POSITIVE,VENDOR_ALIAS
P_000919,G_000919,NEGATIVE,TAX_MISMATCH
P_000920,G_000920,POSITIVE,VENDOR_ALIAS
P_000921,G_000921,POSITIVE,EXACT
P_000922,G_000922,POSITIVE,REF_MISSING
P_000923,G_000923,NEGATIVE,TAX_MISMATCH
P_000924,G_000924,POSITIVE,EXACT
P_000925,G_000925,POSITIVE,EXACT
P_000926,G_000926,POSITIVE,VENDOR_ALIAS
P_000927,G_000927,POSITIVE,VENDOR_ALIAS
P_000928,G_000928,NEGATIVE,AMOUNT_MISMATCH
P_000929,G_000929,POSITIVE,EXACT
P_000930,G_000930,POSITIVE,REF_MISSING
P_000931,G_000931,POSITIVE,EXACT
P_000932,G_000932,POSITIVE,EXACT
P_000933,G_000933,POSITIVE,REF_MISSING
P_000934,G_000934,POSITIVE,EXACT
P_000935,G_000935,POSITIVE,EXACT
P_000936,G_000936,POSITIVE,EXACT
P_000937,G_000937,NEGATIVE,TAX_MISMATCH
P_000938,G_000938,POSITIVE,REF_MISSING
P_000939,G_000939,POSITIVE,EXACT
P_000940,G_000940,NEGATIVE,TAX_MISMATCH
P_000941,G_000941,POSITIVE,EXACT
P_000942,G_000942,NEGATIVE,AMOUNT_MISMATCH
P_000943,G_000943,POSITIVE,EXACT
P_000944,G_000944,POSITIVE,REF_MISSING
P_000945,G_000945,POSITIVE,EXACT
P_000946,G_000946,POSITIVE,EXACT
P_000947,G_000947,NEGATIVE,AMOUNT_MISMATCH
P_000948,G_000948,POSITIVE,VENDOR_ALIAS
P_000949,G_000949,POSITIVE,VENDOR_ALIAS
P_000950,G_000950,POSITIVE,EXACT
P_000951,G_000951,NEGATIVE,AMOUNT_MISMATCH
P_000952,G_000952,POSITIVE,VENDOR_ALIAS
P_000953,G_000953,POSITIVE,VENDOR_ALIAS
P_000954,G_000954,NEGATIVE,AMOUNT_MISMATCH
P_000955,G_000955,POSITIVE,EXACT
P_000956,G_000956,POSITIVE,EXACT
P_000957,G_000957,POSITIVE,VENDOR_ALIAS
P_000958,G_000958,POSITIVE,EXACT
P_000959,G_000959,POSITIVE,EXACT
P_000960,G_000960,POSITIVE,VENDOR_ALIAS
P_000961,G_000961,POSITIVE,EXACT
P_000962,G_000962,POSITIVE,EXACT
P_000963,G_000963,POSITIVE,EXACT
P_000964,G_000964,POSITIVE,REF_MISSING
P_000965,G_000965,POSITIVE,REF_MISSING
P_000966,G_000966,NEGATIVE,TAX_MISMATCH
P_000967,G_000967,POSITIVE,REF_MISSING
P_000968,G_000968,POSITIVE,VENDOR_ALIAS
P_000969,G_000969,POSITIVE,EXACT
P_000970,G_000970,NEGATIVE,AMOUNT_MISMATCH
P_000971,G_000971,POSITIVE,EXACT
P_000972,G_000972,NEGATIVE,TAX_MISMATCH
P_000973,G_000973,POSITIVE,REF_MISSING
P_000974,G_000974,POSITIVE,EXACT
P_000975,G_000975,POSITIVE,EXACT
P_000976,G_000976,POSITIVE,VENDOR_ALIAS
P_000977,G_000977,NEGATIVE,AMOUNT_MISMATCH
P_000978,G_000978,POSITIVE,EXACT
P_000979,G_000979,NEGATIVE,AMOUNT_MISMATCH
P_000980,G_000980,POSITIVE,EXACT
P_000981,G_000981,POSITIVE,EXACT
P_000982,G_000982,POSITIVE,EXACT
P_000983,G_000983,POSITIVE,REF_MISSING
P_000984,G_000984,POSITIVE,EXACT
P_000985,G_000985,POSITIVE,VENDOR_ALIAS
P_000986,G_000986,NEGATIVE,TAX_MISMATCH
P_000987,G_000987,POSITIVE,VENDOR_ALIAS
P_000988,G_000988,NEGATIVE,AMOUNT_MISMATCH
P_000989,G_000989,NEGATIVE,TAX_MISMATCH
P_000990,G_000990,POSITIVE,VENDOR_ALIAS
P_000991,G_000991,POSITIVE,EXACT
P_000992,G_000992,POSITIVE,EXACT
P_000993,G_000993,POSITIVE,VENDOR_ALIAS
P_000994,G_000994,POSITIVE,EXACT
P_000995,G_000995,POSITIVE,EXACT
P_000996,G_000996,POSITIVE,REF_MISSING
P_000997,G_000997,NEGATIVE,AMOUNT_MISMATCH
P_000998,G_000998,POSITIVE,VENDOR_ALIAS
P_000999,G_000999,POSITIVE,EXACT
P_001000,G_001000,POSITIVE,REF_MISSING
P_001001,G_001001,POSITIVE,EXACT
P_001002,G_001002,NEGATIVE,AMOUNT_MISMATCH
P_001003,G_001003,POSITIVE,REF_MISSING
P_001004,G_001004,POSITIVE,REF_MISSING
P_001005,G_001005,POSITIVE,EXACT
P_001006,G_001006,POSITIVE,EXACT
P_001007,G_001007,POSITIVE,EXACT
P_001008,G_001008,POSITIVE,EXACT
P_001009,G_001009,POSITIVE,REF_MISSING
P_001010,G_001010,POSITIVE,VENDOR_ALIAS
P_001011,G_001011,POSITIVE,EXACT
P_001012,G_001012,POSITIVE,VENDOR_ALIAS
P_001013,G_001013,POSITIVE,REF_MISSING
P_001014,G_001014,POSITIVE,EXACT
P_001015,G_001015,POSITIVE,VENDOR_ALIAS
P_001016,G_001016,POSITIVE,VENDOR_ALIAS
P_001017,G_001017,POSITIVE,EXACT
P_001018,G_001018,POSITIVE,EXACT
P_001019,G_001019,NEGATIVE,AMOUNT_MISMATCH
P_001020,G_001020,NEGATIVE,AMOUNT_MISMATCH
P_001021,G_001021,POSITIVE,EXACT
P_001022,G_001022,POSITIVE,EXACT
P_001023,G_001023,POSITIVE,REF_MISSING
P_001024,G_001024,POSITIVE,EXACT
P_001025,G_001025,POSITIVE,EXACT
P_001026,G_001026,POSITIVE,VENDOR_ALIAS
P_001027,G_001027,POSITIVE,VENDOR_ALIAS
P_001028,G_001028,POSITIVE,REF_MISSING
P_001029,G_001029,POSITIVE,REF_MISSING
P_001030,G_001030,POSITIVE,EXACT
P_001031,G_001031,POSITIVE,EXACT
P_001032,G_001032,POSITIVE,EXACT
P_001033,G_001033,POSITIVE,EXACT
P_001034,G_001034,POSITIVE,EXACT
P_001035,G_001035,POSITIVE,REF_MISSING
P_001036,G_001036,POSITIVE,EXACT
P_001037,G_001037,NEGATIVE,AMOUNT_MISMATCH
P_001038,G_001038,POSITIVE,VENDOR_ALIAS
P_001039,G_001039,POSITIVE,EXACT
P_001040,G_001040,POSITIVE,EXACT
P_001041,G_001041,NEGATIVE,AMOUNT_MISMATCH
P_001042,G_001042,POSITIVE,VENDOR_ALIAS
P_001043,G_001043,POSITIVE,VENDOR_ALIAS
P_001044,G_001044,POSITIVE,REF_MISSING
P_001045,G_001045,POSITIVE,EXACT
P_001046,G_001046,POSITIVE,REF_MISSING
P_001047,G_001047,POSITIVE,REF_MISSING
P_001048,G_001048,POSITIVE,EXACT
P_001049,G_001049,POSITIVE,EXACT
P_001050,G_001050,POSITIVE,EXACT
P_001051,G_001051,POSITIVE,EXACT
P_001052,G_001052,POSITIVE,VENDOR_ALIAS
P_001053,G_001053,POSITIVE,REF_MISSING
P_001054,G_001054,POSITIVE,REF_MISSING
P_001055,G_001055,POSITIVE,EXACT
P_001056,G_001056,POSITIVE,EXACT
P_001057,G_001057,POSITIVE,EXACT
P_001058,G_001058,POSITIVE,VENDOR_ALIAS
P_001059,G_001059,POSITIVE,REF_MISSING
P_001060,G_001060,POSITIVE,EXACT
P_001061,G_001061,POSITIVE,VENDOR_ALIAS
P_001062,G_001062,POSITIVE,EXACT
P_001063,G_001063,POSITIVE,VENDOR_ALIAS
P_001064,G_001064,POSITIVE,EXACT
P_001065,G_001065,POSITIVE,REF_MISSING
P_001066,G_001066,NEGATIVE,TAX_MISMATCH
P_001067,G_001067,NEGATIVE,AMOUNT_MISMATCH
P_001068,G_001068,POSITIVE,EXACT
P_001069,G_001069,POSITIVE,VENDOR_ALIAS
P_001070,G_001070,POSITIVE,EXACT
P_001071,G_001071,POSITIVE,EXACT
P_001072,G_001072,NEGATIVE,AMOUNT_MISMATCH
P_001073,G_001073,POSITIVE,EXACT
P_001074,G_001074,NEGATIVE,AMOUNT_MISMATCH
P_001075,G_001075,POSITIVE,VENDOR_ALIAS
P_001076,G_001076,POSITIVE,EXACT
P_001077,G_001077,POSITIVE,EXACT
P_001078,G_001078,POSITIVE,EXACT
P_001079,G_001079,POSITIVE,REF_MISSING
P_001080,G_001080,POSITIVE,EXACT
P_001081,G_001081,POSITIVE,EXACT
P_001082,G_001082,POSITIVE,EXACT
P_001083,G_001083,POSITIVE,VENDOR_ALIAS
P_001084,G_001084,POSITIVE,EXACT
P_001085,G_001085,POSITIVE,EXACT
P_001086,G_001086,POSITIVE,EXACT
P_001087,G_001087,POSITIVE,EXACT
P_001088,G_001088,POSITIVE,EXACT
P_001089,G_001089,POSITIVE,EXACT
P_001090,G_001090,POSITIVE,EXACT
P_001091,G_001091,POSITIVE,VENDOR_ALIAS
P_001092,G_001092,POSITIVE,VENDOR_ALIAS
P_001093,G_001093,POSITIVE,EXACT
P_001094,G_001094,POSITIVE,EXACT
P_001095,G_001095,POSITIVE,REF_MISSING
P_001096,G_001096,POSITIVE,VENDOR_ALIAS
P_001097,G_001097,POSITIVE,EXACT
P_001098,G_001098,NEGATIVE,TAX_MISMATCH
P_001099,G_001099,POSITIVE,EXACT
P_001100,G_001100,POSITIVE,EXACT
P_001101,G_001101,POSITIVE,EXACT
P_001102,G_001102,POSITIVE,VENDOR_ALIAS
P_001103,G_001103,POSITIVE,VENDOR_ALIAS
P_001104,G_001104,POSITIVE,REF_MISSING
P_001105,G_001105,POSITIVE,EXACT
P_001106,G_001106,NEGATIVE,AMOUNT_MISMATCH
P_001107,G_001107,POSITIVE,EXACT
P_001108,G_001108,POSITIVE,VENDOR_ALIAS
P_001109,G_001109,POSITIVE,EXACT
P_001110,G_001110,POSITIVE,VENDOR_ALIAS
P_001111,G_001111,POSITIVE,EXACT
P_001112,G_001112,POSITIVE,VENDOR_ALIAS
P_001113,G_001113,POSITIVE,EXACT
P_001114,G_001114,POSITIVE,EXACT
P_001115,G_001115,POSITIVE,VENDOR_ALIAS
P_001116,G_001116,POSITIVE,EXACT
P_001117,G_001117,NEGATIVE,AMOUNT_MISMATCH
P_001118,G_001118,POSITIVE,EXACT
P_001119,G_001119,POSITIVE,VENDOR_ALIAS
P_001120,G_001120,POSITIVE,REF_MISSING
P_001121,G_001121,POSITIVE,REF_MISSING
P_001122,G_001122,POSITIVE,VENDOR_ALIAS
P_001123,G_001123,NEGATIVE,TAX_MISMATCH
P_001124,G_001124,POSITIVE,EXACT
P_001125,G_001125,POSITIVE,EXACT
P_001126,G_001126,POSITIVE,REF_MISSING
P_001127,G_001127,POSITIVE,EXACT
P_001128,G_001128,POSITIVE,VENDOR_ALIAS
P_001129,G_001129,POSITIVE,EXACT
P_001130,G_001130,POSITIVE,VENDOR_ALIAS
P_001131,G_001131,NEGATIVE,AMOUNT_MISMATCH
P_001132,G_001132,POSITIVE,EXACT
P_001133,G_001133,POSITIVE,EXACT
P_001134,G_001134,POSITIVE,EXACT
P_001135,G_001135,POSITIVE,REF_MISSING
P_001136,G_001136,POSITIVE,EXACT
P_001137,G_001137,POSITIVE,EXACT
P_001138,G_001138,POSITIVE,EXACT
P_001139,G_001139,POSITIVE,EXACT
P_001140,G_001140,POSITIVE,REF_MISSING
P_001141,G_001141,POSITIVE,EXACT
P_001142,G_001142,POSITIVE,REF_MISSING
P_001143,G_001143,NEGATIVE,TAX_MISMATCH
P_001144,G_001144,NEGATIVE,TAX_MISMATCH
P_001145,G_001145,NEGATIVE,TAX_MISMATCH
P_001146,G_001146,POSITIVE,VENDOR_ALIAS
P_001147,G_001147,POSITIVE,VENDOR_ALIAS
P_001148,G_001148,NEGATIVE,AMOUNT_MISMATCH
P_001149,G_001149,NEGATIVE,AMOUNT_MISMATCH
P_001150,G_001150,POSITIVE,VENDOR_ALIAS
P_001151,G_001151,POSITIVE,EXACT
P_001152,G_001152,POSITIVE,VENDOR_ALIAS
P_001153,G_001153,NEGATIVE,AMOUNT_MISMATCH
P_001154,G_001154,POSITIVE,EXACT
P_001155,G_001155,NEGATIVE,AMOUNT_MISMATCH
P_001156,G_001156,POSITIVE,EXACT
P_001157,G_001157,POSITIVE,EXACT
P_001158,G_001158,POSITIVE,EXACT
P_001159,G_001159,POSITIVE,EXACT
P_001160,G_001160,POSITIVE,VENDOR_ALIAS
P_001161,G_001161,POSITIVE,VENDOR_ALIAS
P_001162,G_001162,POSITIVE,EXACT
P_001163,G_001163,POSITIVE,REF_MISSING
P_001164,G_001164,POSITIVE,VENDOR_ALIAS
P_001165,G_001165,POSITIVE,VENDOR_ALIAS
P_001166,G_001166,POSITIVE,EXACT
P_001167,G_001167,POSITIVE,EXACT
P_001168,G_001168,POSITIVE,EXACT
P_001169,G_001169,POSITIVE,REF_MISSING
P_001170,G_001170,POSITIVE,VENDOR_ALIAS
P_001171,G_001171,POSITIVE,EXACT
P_001172,G_001172,POSITIVE,EXACT
P_001173,G_001173,NEGATIVE,TAX_MISMATCH
P_001174,G_001174,NEGATIVE,TAX_MISMATCH
P_001175,G_001175,NEGATIVE,AMOUNT_MISMATCH
P_001176,G_001176,POSITIVE,REF_MISSING
P_001177,G_001177,POSITIVE,REF_MISSING
P_001178,G_001178,POSITIVE,EXACT
P_001179,G_001179,POSITIVE,VENDOR_ALIAS
P_001180,G_001180,POSITIVE,EXACT
P_001181,G_001181,POSITIVE,EXACT
P_001182,G_001182,POSITIVE,EXACT
P_001183,G_001183,POSITIVE,REF_MISSING
P_001184,G_001184,POSITIVE,REF_MISSING
P_001185,G_001185,NEGATIVE,TAX_MISMATCH
P_001186,G_001186,POSITIVE,EXACT
P_001187,G_001187,POSITIVE,EXACT
P_001188,G_001188,POSITIVE,VENDOR_ALIAS
P_001189,G_001189,POSITIVE,VENDOR_ALIAS
P_001190,G_001190,POSITIVE,VENDOR_ALIAS
P_001191,G_001191,POSITIVE,REF_MISSING
P_001192,G_001192,POSITIVE,EXACT
P_001193,G_001193,POSITIVE,VENDOR_ALIAS
P_001194,G_001194,POSITIVE,EXACT
P_001195,G_001195,POSITIVE,EXACT
P_001196,G_001196,POSITIVE,REF_MISSING
P_001197,G_001197,POSITIVE,VENDOR_ALIAS
P_001198,G_001198,NEGATIVE,AMOUNT_MISMATCH
P_001199,G_001199,POSITIVE,EXACT
P_001200,G_001200,POSITIVE,VENDOR_ALIAS
P_001201,G_001201,POSITIVE,EXACT
P_001202,G_001202,POSITIVE,EXACT
P_001203,G_001203,POSITIVE,EXACT
P_001204,G_001204,POSITIVE,EXACT
P_001205,G_001205,POSITIVE,EXACT
P_001206,G_001206,POSITIVE,REF_MISSING
P_001207,G_001207,POSITIVE,EXACT
P_001208,G_001208,POSITIVE,EXACT
P_001209,G_001209,POSITIVE,VENDOR_ALIAS
P_001210,G_001210,POSITIVE,EXACT
P_001211,G_001211,POSITIVE,VENDOR_ALIAS
P_001212,G_001212,POSITIVE,REF_MISSING
P_001213,G_001213,POSITIVE,EXACT
P_001214,G_001214,POSITIVE,EXACT
P_001215,G_001215,POSITIVE,EXACT
P_001216,G_001216,NEGATIVE,AMOUNT_MISMATCH
P_001217,G_001217,POSITIVE,VENDOR_ALIAS
P_001218,G_001218,POSITIVE,VENDOR_ALIAS
P_001219,G_001219,POSITIVE,VENDOR_ALIAS
P_001220,G_001220,POSITIVE,EXACT
P_001221,G_001221,POSITIVE,EXACT
P_001222,G_001222,POSITIVE,EXACT
P_001223,G_001223,POSITIVE,REF_MISSING
P_001224,G_001224,NEGATIVE,AMOUNT_MISMATCH
P_001225,G_001225,NEGATIVE,AMOUNT_MISMATCH
P_001226,G_001226,POSITIVE,EXACT
P_001227,G_001227,POSITIVE,EXACT
P_001228,G_001228,POSITIVE,VENDOR_ALIAS
P_001229,G_001229,NEGATIVE,AMOUNT_MISMATCH
P_001230,G_001230,POSITIVE,EXACT
P_001231,G_001231,POSITIVE,EXACT
P_001232,G_001232,NEGATIVE,TAX_MISMATCH
P_001233,G_001233,POSITIVE,EXACT
P_001234,G_001234,POSITIVE,EXACT
P_001235,G_001235,NEGATIVE,AMOUNT_MISMATCH
P_001236,G_001236,POSITIVE,REF_MISSING
P_001237,G_001237,POSITIVE,VENDOR_ALIAS
P_001238,G_001238,POSITIVE,REF_MISSING
P_001239,G_001239,POSITIVE,VENDOR_ALIAS
P_001240,G_001240,POSITIVE,EXACT
P_001241,G_001241,POSITIVE,EXACT
P_001242,G_001242,POSITIVE,EXACT
P_001243,G_001243,POSITIVE,EXACT
P_001244,G_001244,NEGATIVE,TAX_MISMATCH
P_001245,G_001245,POSITIVE,EXACT
P_001246,G_001246,POSITIVE,EXACT
P_001247,G_001247,NEGATIVE,TAX_MISMATCH
P_001248,G_001248,POSITIVE,EXACT
P_001249,G_001249,NEGATIVE,AMOUNT_MISMATCH
P_001250,G_001250,POSITIVE,EXACT
P_001251,G_001251,POSITIVE,EXACT
P_001252,G_001252,POSITIVE,VENDOR_ALIAS
P_001253,G_001253,POSITIVE,EXACT
P_001254,G_001254,POSITIVE,REF_MISSING
P_001255,G_001255,NEGATIVE,AMOUNT_MISMATCH
P_001256,G_001256,POSITIVE,EXACT
P_001257,G_001257,POSITIVE,VENDOR_ALIAS
P_001258,G_001258,POSITIVE,VENDOR_ALIAS
P_001259,G_001259,POSITIVE,EXACT
P_001260,G_001260,POSITIVE,EXACT
P_001261,G_001261,POSITIVE,EXACT
P_001262,G_001262,POSITIVE,VENDOR_ALIAS
P_001263,G_001263,NEGATIVE,AMOUNT_MISMATCH
P_001264,G_001264,POSITIVE,REF_MISSING
P_001265,G_001265,POSITIVE,EXACT
P_001266,G_001266,POSITIVE,EXACT
P_001267,G_001267,POSITIVE,EXACT
P_001268,G_001268,POSITIVE,VENDOR_ALIAS
P_001269,G_001269,POSITIVE,REF_MISSING
P_001270,G_001270,NEGATIVE,AMOUNT_MISMATCH
P_001271,G_001271,POSITIVE,EXACT
P_001272,G_001272,POSITIVE,EXACT
P_001273,G_001273,POSITIVE,EXACT
P_001274,G_001274,POSITIVE,EXACT
P_001275,G_001275,POSITIVE,EXACT
P_001276,G_001276,POSITIVE,EXACT
P_001277,G_001277,POSITIVE,EXACT
P_001278,G_001278,NEGATIVE,AMOUNT_MISMATCH
P_001279,G_001279,POSITIVE,EXACT
P_001280,G_001280,POSITIVE,EXACT
P_001281,G_001281,POSITIVE,VENDOR_ALIAS
P_001282,G_001282,POSITIVE,EXACT
P_001283,G_001283,POSITIVE,VENDOR_ALIAS
P_001284,G_001284,POSITIVE,EXACT
P_001285,G_001285,POSITIVE,EXACT
P_001286,G_001286,POSITIVE,EXACT
P_001287,G_001287,POSITIVE,EXACT
P_001288,G_001288,POSITIVE,VENDOR_ALIAS
P_001289,G_001289,POSITIVE,VENDOR_ALIAS
P_001290,G_001290,NEGATIVE,AMOUNT_MISMATCH
P_001291,G_001291,POSITIVE,REF_MISSING
P_001292,G_001292,POSITIVE,EXACT
P_001293,G_001293,NEGATIVE,AMOUNT_MISMATCH
P_001294,G_001294,POSITIVE,EXACT
P_001295,G_001295,POSITIVE,EXACT
P_001296,G_001296,POSITIVE,REF_MISSING
P_001297,G_001297,POSITIVE,VENDOR_ALIAS
P_001298,G_001298,NEGATIVE,TAX_MISMATCH
P_001299,G_001299,NEGATIVE,AMOUNT_MISMATCH
P_001300,G_001300,POSITIVE,VENDOR_ALIAS
P_001301,G_001301,NEGATIVE,AMOUNT_MISMATCH
P_001302,G_001302,NEGATIVE,TAX_MISMATCH
P_001303,G_001303,POSITIVE,VENDOR_ALIAS
P_001304,G_001304,POSITIVE,EXACT
P_001305,G_001305,POSITIVE,REF_MISSING
P_001306,G_001306,POSITIVE,EXACT
P_001307,G_001307,POSITIVE,REF_MISSING
P_001308,G_001308,POSITIVE,EXACT
P_001309,G_001309,NEGATIVE,TAX_MISMATCH
P_001310,G_001310,POSITIVE,EXACT
P_001311,G_001311,POSITIVE,REF_MISSING
P_001312,G_001312,POSITIVE,VENDOR_ALIAS
P_001313,G_001313,POSITIVE,EXACT
P_001314,G_001314,POSITIVE,VENDOR_ALIAS
P_001315,G_001315,NEGATIVE,TAX_MISMATCH
P_001316,G_001316,NEGATIVE,AMOUNT_MISMATCH
P_001317,G_001317,POSITIVE,EXACT
P_001318,G_001318,POSITIVE,VENDOR_ALIAS
P_001319,G_001319,POSITIVE,VENDOR_ALIAS
P_001320,G_001320,NEGATIVE,AMOUNT_MISMATCH
P_001321,G_001321,POSITIVE,EXACT
P_001322,G_001322,POSITIVE,EXACT
P_001323,G_001323,POSITIVE,VENDOR_ALIAS
P_001324,G_001324,POSITIVE,EXACT
P_001325,G_001325,POSITIVE,VENDOR_ALIAS
P_001326,G_001326,POSITIVE,REF_MISSING
P_001327,G_001327,POSITIVE,EXACT
P_001328,G_001328,POSITIVE,VENDOR_ALIAS
P_001329,G_001329,NEGATIVE,AMOUNT_MISMATCH
P_001330,G_001330,NEGATIVE,TAX_MISMATCH
P_001331,G_001331,POSITIVE,EXACT
P_001332,G_001332,POSITIVE,EXACT
P_001333,G_001333,NEGATIVE,TAX_MISMATCH
P_001334,G_001334,POSITIVE,EXACT
P_001335,G_001335,POSITIVE,EXACT
P_001336,G_001336,POSITIVE,REF_MISSING
P_001337,G_001337,POSITIVE,EXACT
P_001338,G_001338,POSITIVE,VENDOR_ALIAS
P_001339,G_001339,POSITIVE,EXACT
P_001340,G_001340,POSITIVE,VENDOR_ALIAS
P_001341,G_001341,NEGATIVE,AMOUNT_MISMATCH
P_001342,G_001342,NEGATIVE,AMOUNT_MISMATCH
P_001343,G_001343,POSITIVE,EXACT
P_001344,G_001344,POSITIVE,EXACT
P_001345,G_001345,POSITIVE,EXACT
P_001346,G_001346,POSITIVE,VENDOR_ALIAS
P_001347,G_001347,POSITIVE,EXACT
P_001348,G_001348,POSITIVE,EXACT
P_001349,G_001349,POSITIVE,EXACT
P_001350,G_001350,POSITIVE,VENDOR_ALIAS
P_001351,G_001351,POSITIVE,VENDOR_ALIAS
P_001352,G_001352,POSITIVE,EXACT
P_001353,G_001353,POSITIVE,EXACT
P_001354,G_001354,POSITIVE,REF_MISSING
P_001355,G_001355,POSITIVE,EXACT
P_001356,G_001356,POSITIVE,EXACT
P_001357,G_001357,NEGATIVE,AMOUNT_MISMATCH
P_001358,G_001358,NEGATIVE,AMOUNT_MISMATCH
P_001359,G_001359,POSITIVE,REF_MISSING
P_001360,G_001360,POSITIVE,REF_MISSING
P_001361,G_001361,POSITIVE,EXACT
P_001362,G_001362,POSITIVE,EXACT
P_001363,G_001363,POSITIVE,VENDOR_ALIAS
P_001364,G_001364,POSITIVE,EXACT
P_001365,G_001365,POSITIVE,REF_MISSING
P_001366,G_001366,POSITIVE,VENDOR_ALIAS
P_001367,G_001367,POSITIVE,EXACT
P_001368,G_001368,POSITIVE,VENDOR_ALIAS
P_001369,G_001369,POSITIVE,EXACT
P_001370,G_001370,POSITIVE,VENDOR_ALIAS
P_001371,G_001371,POSITIVE,EXACT
P_001372,G_001372,POSITIVE,REF_MISSING
P_001373,G_001373,POSITIVE,EXACT
P_001374,G_001374,POSITIVE,VENDOR_ALIAS
P_001375,G_001375,POSITIVE,EXACT
P_001376,G_001376,NEGATIVE,AMOUNT_MISMATCH
P_001377,G_001377,POSITIVE,REF_MISSING
P_001378,G_001378,POSITIVE,VENDOR_ALIAS
P_001379,G_001379,POSITIVE,REF_MISSING
P_001380,G_001380,POSITIVE,EXACT
P_001381,G_001381,POSITIVE,VENDOR_ALIAS
P_001382,G_001382,POSITIVE,VENDOR_ALIAS
P_001383,G_001383,POSITIVE,EXACT
P_001384,G_001384,NEGATIVE,AMOUNT_MISMATCH
P_001385,G_001385,POSITIVE,EXACT
P_001386,G_001386,NEGATIVE,TAX_MISMATCH
P_001387,G_001387,NEGATIVE,AMOUNT_MISMATCH
P_001388,G_001388,POSITIVE,EXACT
P_001389,G_001389,POSITIVE,EXACT
P_001390,G_001390,POSITIVE,VENDOR_ALIAS
P_001391,G_001391,POSITIVE,EXACT
P_001392,G_001392,POSITIVE,EXACT
P_001393,G_001393,POSITIVE,VENDOR_ALIAS
P_001394,G_001394,POSITIVE,EXACT
P_001395,G_001395,POSITIVE,VENDOR_ALIAS
P_001396,G_001396,POSITIVE,EXACT
P_001397,G_001397,POSITIVE,VENDOR_ALIAS
P_001398,G_001398,NEGATIVE,TAX_MISMATCH
P_001399,G_001399,NEGATIVE,AMOUNT_MISMATCH
P_001400,G_001400,POSITIVE,REF_MISSING
P_001401,G_001401,POSITIVE,EXACT
P_001402,G_001402,POSITIVE,EXACT
P_001403,G_001403,NEGATIVE,AMOUNT_MISMATCH
P_001404,G_001404,NEGATIVE,AMOUNT_MISMATCH
P_001405,G_001405,POSITIVE,EXACT
P_001406,G_001406,POSITIVE,EXACT
P_001407,G_001407,NEGATIVE,AMOUNT_MISMATCH
P_001408,G_001408,NEGATIVE,TAX_MISMATCH
P_001409,G_001409,POSITIVE,VENDOR_ALIAS
P_001410,G_001410,POSITIVE,EXACT
P_001411,G_001411,POSITIVE,REF_MISSING
P_001412,G_001412,POSITIVE,EXACT
P_001413,G_001413,POSITIVE,EXACT
P_001414,G_001414,POSITIVE,EXACT
P_001415,G_001415,POSITIVE,REF_MISSING
P_001416,G_001416,POSITIVE,EXACT
P_001417,G_001417,POSITIVE,EXACT
P_001418,G_001418,POSITIVE,REF_MISSING
P_001419,G_001419,POSITIVE,VENDOR_ALIAS
P_001420,G_001420,POSITIVE,EXACT
P_001421,G_001421,POSITIVE,EXACT
P_001422,G_001422,NEGATIVE,AMOUNT_MISMATCH
P_001423,G_001423,POSITIVE,EXACT
P_001424,G_001424,POSITIVE,EXACT
P_001425,G_001425,NEGATIVE,AMOUNT_MISMATCH
P_001426,G_001426,POSITIVE,EXACT
P_001427,G_001427,POSITIVE,REF_MISSING
P_001428,G_001428,POSITIVE,EXACT
P_001429,G_001429,POSITIVE,VENDOR_ALIAS
P_001430,G_001430,NEGATIVE,AMOUNT_MISMATCH
P_001431,G_001431,POSITIVE,EXACT
P_001432,G_001432,POSITIVE,REF_MISSING
P_001433,G_001433,POSITIVE,VENDOR_ALIAS
P_001434,G_001434,POSITIVE,EXACT
P_001435,G_001435,POSITIVE,EXACT
P_001436,G_001436,NEGATIVE,AMOUNT_MISMATCH
P_001437,G_001437,POSITIVE,VENDOR_ALIAS
P_001438,G_001438,NEGATIVE,AMOUNT_MISMATCH
P_001439,G_001439,POSITIVE,EXACT
P_001440,G_001440,POSITIVE,EXACT
P_001441,G_001441,POSITIVE,EXACT
P_001442,G_001442,POSITIVE,REF_MISSING
P_001443,G_001443,NEGATIVE,AMOUNT_MISMATCH
P_001444,G_001444,POSITIVE,VENDOR_ALIAS
P_001445,G_001445,POSITIVE,VENDOR_ALIAS
P_001446,G_001446,POSITIVE,EXACT
P_001447,G_001447,POSITIVE,REF_MISSING
P_001448,G_001448,POSITIVE,VENDOR_ALIAS
P_001449,G_001449,POSITIVE,REF_MISSING
P_001450,G_001450,POSITIVE,REF_MISSING
P_001451,G_001451,POSITIVE,VENDOR_ALIAS
P_001452,G_001452,POSITIVE,REF_MISSING
P_001453,G_001453,POSITIVE,VENDOR_ALIAS
P_001454,G_001454,POSITIVE,EXACT
P_001455,G_001455,POSITIVE,EXACT
P_001456,G_001456,POSITIVE,EXACT
P_001457,G_001457,POSITIVE,EXACT
P_001458,G_001458,NEGATIVE,AMOUNT_MISMATCH
P_001459,G_001459,POSITIVE,VENDOR_ALIAS
P_001460,G_001460,POSITIVE,EXACT
P_001461,G_001461,POSITIVE,REF_MISSING
P_001462,G_001462,POSITIVE,EXACT
P_001463,G_001463,NEGATIVE,AMOUNT_MISMATCH
P_001464,G_001464,POSITIVE,EXACT
P_001465,G_001465,POSITIVE,EXACT
P_001466,G_001466,POSITIVE,VENDOR_ALIAS
P_001467,G_001467,NEGATIVE,TAX_MISMATCH
P_001468,G_001468,POSITIVE,EXACT
P_001469,G_001469,POSITIVE,VENDOR_ALIAS
P_001470,G_001470,POSITIVE,EXACT
P_001471,G_001471,POSITIVE,EXACT
P_001472,G_001472,POSITIVE,REF_MISSING
P_001473,G_001473,POSITIVE,VENDOR_ALIAS
P_001474,G_001474,POSITIVE,EXACT
P_001475,G_001475,POSITIVE,REF_MISSING
P_001476,G_001476,NEGATIVE,TAX_MISMATCH
P_001477,G_001477,POSITIVE,VENDOR_ALIAS
P_001478,G_001478,POSITIVE,VENDOR_ALIAS
P_001479,G_001479,POSITIVE,REF_MISSING
P_001480,G_001480,POSITIVE,REF_MISSING
P_001481,G_001481,POSITIVE,EXACT
P_001482,G_001482,POSITIVE,EXACT
P_001483,G_001483,POSITIVE,REF_MISSING
P_001484,G_001484,POSITIVE,EXACT
P_001485,G_001485,POSITIVE,EXACT
P_001486,G_001486,POSITIVE,VENDOR_ALIAS
P_001487,G_001487,POSITIVE,EXACT
P_001488,G_001488,POSITIVE,EXACT
P_001489,G_001489,POSITIVE,REF_MISSING
P_001490,G_001490,POSITIVE,EXACT
P_001491,G_001491,NEGATIVE,TAX_MISMATCH
P_001492,G_001492,POSITIVE,REF_MISSING
P_001493,G_001493,NEGATIVE,TAX_MISMATCH
P_001494,G_001494,POSITIVE,REF_MISSING
P_001495,G_001495,POSITIVE,REF_MISSING
P_001496,G_001496,POSITIVE,REF_MISSING
P_001497,G_001497,POSITIVE,EXACT
P_001498,G_001498,POSITIVE,VENDOR_ALIAS
P_001499,G_001499,POSITIVE,EXACT
P_001500,G_001500,POSITIVE,EXACT
P_001501,G_001501,POSITIVE,EXACT
P_001502,G_001502,POSITIVE,EXACT
P_001503,G_001503,POSITIVE,EXACT
P_001504,G_001504,POSITIVE,EXACT
P_001505,G_001505,NEGATIVE,TAX_MISMATCH
P_001506,G_001506,POSITIVE,VENDOR_ALIAS
P_001507,G_001507,POSITIVE,EXACT
P_001508,G_001508,POSITIVE,EXACT
P_001509,G_001509,POSITIVE,EXACT
P_001510,G_001510,POSITIVE,VENDOR_ALIAS
P_001511,G_001511,POSITIVE,EXACT
P_001512,G_001512,POSITIVE,EXACT
P_001513,G_001513,POSITIVE,EXACT
P_001514,G_001514,POSITIVE,EXACT
P_001515,G_001515,POSITIVE,REF_MISSING
P_001516,G_001516,POSITIVE,VENDOR_ALIAS
P_001517,G_001517,POSITIVE,EXACT
P_001518,G_001518,POSITIVE,VENDOR_ALIAS
P_001519,G_001519,POSITIVE,EXACT
P_001520,G_001520,POSITIVE,EXACT
P_001521,G_001521,POSITIVE,VENDOR_ALIAS
P_001522,G_001522,POSITIVE,REF_MISSING
P_001523,G_001523,POSITIVE,REF_MISSING
P_001524,G_001524,POSITIVE,EXACT
P_001525,G_001525,POSITIVE,VENDOR_ALIAS
P_001526,G_001526,POSITIVE,EXACT
P_001527,G_001527,POSITIVE,EXACT
P_001528,G_001528,NEGATIVE,TAX_MISMATCH
P_001529,G_001529,POSITIVE,EXACT
P_001530,G_001530,POSITIVE,REF_MISSING
P_001531,G_001531,NEGATIVE,TAX_MISMATCH
P_001532,G_001532,POSITIVE,EXACT
P_001533,G_001533,POSITIVE,EXACT
P_001534,G_001534,POSITIVE,EXACT
P_001535,G_001535,POSITIVE,EXACT
P_001536,G_001536,POSITIVE,VENDOR_ALIAS
P_001537,G_001537,POSITIVE,EXACT
P_001538,G_001538,POSITIVE,EXACT
P_001539,G_001539,POSITIVE,EXACT
P_001540,G_001540,POSITIVE,EXACT
P_001541,G_001541,POSITIVE,EXACT
P_001542,G_001542,POSITIVE,EXACT
P_001543,G_001543,POSITIVE,VENDOR_ALIAS
P_001544,G_001544,POSITIVE,REF_MISSING
P_001545,G_001545,POSITIVE,EXACT
P_001546,G_001546,POSITIVE,VENDOR_ALIAS
P_001547,G_001547,POSITIVE,VENDOR_ALIAS
P_001548,G_001548,POSITIVE,EXACT
P_001549,G_001549,POSITIVE,EXACT
P_001550,G_001550,POSITIVE,VENDOR_ALIAS
P_001551,G_001551,NEGATIVE,AMOUNT_MISMATCH
P_001552,G_001552,POSITIVE,EXACT
P_001553,G_001553,POSITIVE,REF_MISSING
P_001554,G_001554,POSITIVE,EXACT
P_001555,G_001555,POSITIVE,EXACT
P_001556,G_001556,POSITIVE,EXACT
P_001557,G_001557,POSITIVE,VENDOR_ALIAS
P_001558,G_001558,NEGATIVE,AMOUNT_MISMATCH
P_001559,G_001559,POSITIVE,EXACT
P_001560,G_001560,NEGATIVE,TAX_MISMATCH
P_001561,G_001561,POSITIVE,EXACT
P_001562,G_001562,POSITIVE,EXACT
P_001563,G_001563,POSITIVE,REF_MISSING
P_001564,G_001564,POSITIVE,EXACT
P_001565,G_001565,POSITIVE,EXACT
P_001566,G_001566,NEGATIVE,AMOUNT_MISMATCH
P_001567,G_001567,POSITIVE,REF_MISSING
P_001568,G_001568,POSITIVE,VENDOR_ALIAS
P_001569,G_001569,POSITIVE,EXACT
P_001570,G_001570,NEGATIVE,AMOUNT_MISMATCH
P_001571,G_001571,POSITIVE,VENDOR_ALIAS
P_001572,G_001572,POSITIVE,VENDOR_ALIAS
P_001573,G_001573,POSITIVE,REF_MISSING
P_001574,G_001574,POSITIVE,VENDOR_ALIAS
P_001575,G_001575,POSITIVE,REF_MISSING
P_001576,G_001576,POSITIVE,EXACT
P_001577,G_001577,POSITIVE,VENDOR_ALIAS
P_001578,G_001578,POSITIVE,REF_MISSING
P_001579,G_001579,POSITIVE,EXACT
P_001580,G_001580,NEGATIVE,AMOUNT_MISMATCH
P_001581,G_001581,POSITIVE,EXACT
P_001582,G_001582,POSITIVE,REF_MISSING
P_001583,G_001583,POSITIVE,REF_MISSING
P_001584,G_001584,POSITIVE,EXACT
P_001585,G_001585,NEGATIVE,AMOUNT_MISMATCH
P_001586,G_001586,NEGATIVE,TAX_MISMATCH
P_001587,G_001587,POSITIVE,EXACT
P_001588,G_001588,NEGATIVE,AMOUNT_MISMATCH
P_001589,G_001589,POSITIVE,REF_MISSING
P_001590,G_001590,POSITIVE,EXACT
P_001591,G_001591,POSITIVE,EXACT
P_001592,G_001592,POSITIVE,REF_MISSING
P_001593,G_001593,POSITIVE,EXACT
P_001594,G_001594,POSITIVE,VENDOR_ALIAS
P_001595,G_001595,POSITIVE,EXACT
P_001596,G_001596,POSITIVE,EXACT
P_001597,G_001597,POSITIVE,EXACT
P_001598,G_001598,POSITIVE,REF_MISSING
P_001599,G_001599,POSITIVE,REF_MISSING
P_001600,G_001600,POSITIVE,REF_MISSING
P_001601,G_001601,POSITIVE,EXACT
P_001602,G_001602,POSITIVE,EXACT
P_001603,G_001603,POSITIVE,EXACT
P_001604,G_001604,POSITIVE,VENDOR_ALIAS
P_001605,G_001605,POSITIVE,EXACT
P_001606,G_001606,POSITIVE,VENDOR_ALIAS
P_001607,G_001607,NEGATIVE,TAX_MISMATCH
P_001608,G_001608,POSITIVE,VENDOR_ALIAS
P_001609,G_001609,POSITIVE,EXACT
P_001610,G_001610,POSITIVE,EXACT
P_001611,G_001611,POSITIVE,REF_MISSING
P_001612,G_001612,POSITIVE,EXACT
P_001613,G_001613,POSITIVE,EXACT
P_001614,G_001614,NEGATIVE,AMOUNT_MISMATCH
P_001615,G_001615,POSITIVE,EXACT
P_001616,G_001616,POSITIVE,EXACT
P_001617,G_001617,POSITIVE,EXACT
P_001618,G_001618,POSITIVE,REF_MISSING
P_001619,G_001619,POSITIVE,REF_MISSING
P_001620,G_001620,POSITIVE,VENDOR_ALIAS
P_001621,G_001621,POSITIVE,EXACT
P_001622,G_001622,POSITIVE,VENDOR_ALIAS
P_001623,G_001623,NEGATIVE,AMOUNT_MISMATCH
P_001624,G_001624,POSITIVE,EXACT
P_001625,G_001625,POSITIVE,VENDOR_ALIAS
P_001626,G_001626,POSITIVE,VENDOR_ALIAS
P_001627,G_001627,POSITIVE,EXACT
P_001628,G_001628,POSITIVE,EXACT
P_001629,G_001629,POSITIVE,EXACT
P_001630,G_001630,POSITIVE,EXACT
P_001631,G_001631,POSITIVE,EXACT
P_001632,G_001632,POSITIVE,EXACT
P_001633,G_001633,POSITIVE,VENDOR_ALIAS
P_001634,G_001634,POSITIVE,EXACT
P_001635,G_001635,POSITIVE,EXACT
P_001636,G_001636,POSITIVE,REF_MISSING
P_001637,G_001637,POSITIVE,REF_MISSING
P_001638,G_001638,POSITIVE,EXACT
P_001639,G_001639,POSITIVE,EXACT
P_001640,G_001640,POSITIVE,REF_MISSING
P_001641,G_001641,POSITIVE,REF_MISSING
P_001642,G_001642,POSITIVE,REF_MISSING
P_001643,G_001643,NEGATIVE,TAX_MISMATCH
P_001644,G_001644,POSITIVE,REF_MISSING
P_001645,G_001645,NEGATIVE,AMOUNT_MISMATCH
P_001646,G_001646,POSITIVE,EXACT
P_001647,G_001647,POSITIVE,VENDOR_ALIAS
P_001648,G_001648,POSITIVE,EXACT
P_001649,G_001649,POSITIVE,EXACT
P_001650,G_001650,POSITIVE,EXACT
P_001651,G_001651,POSITIVE,EXACT
P_001652,G_001652,POSITIVE,REF_MISSING
P_001653,G_001653,POSITIVE,EXACT
P_001654,G_001654,POSITIVE,EXACT
P_001655,G_001655,POSITIVE,REF_MISSING
P_001656,G_001656,POSITIVE,REF_MISSING
P_001657,G_001657,POSITIVE,REF_MISSING
P_001658,G_001658,POSITIVE,EXACT
P_001659,G_001659,POSITIVE,REF_MISSING
P_001660,G_001660,POSITIVE,EXACT
P_001661,G_001661,NEGATIVE,AMOUNT_MISMATCH
P_001662,G_001662,POSITIVE,REF_MISSING
P_001663,G_001663,POSITIVE,EXACT
P_001664,G_001664,POSITIVE,REF_MISSING
P_001665,G_001665,POSITIVE,VENDOR_ALIAS
P_001666,G_001666,POSITIVE,REF_MISSING
P_001667,G_001667,POSITIVE,EXACT
P_001668,G_001668,POSITIVE,REF_MISSING
P_001669,G_001669,POSITIVE,VENDOR_ALIAS
P_001670,G_001670,POSITIVE,EXACT
P_001671,G_001671,NEGATIVE,TAX_MISMATCH
P_001672,G_001672,POSITIVE,REF_MISSING
P_001673,G_001673,POSITIVE,VENDOR_ALIAS
P_001674,G_001674,POSITIVE,VENDOR_ALIAS
P_001675,G_001675,NEGATIVE,AMOUNT_MISMATCH
P_001676,G_001676,POSITIVE,EXACT
P_001677,G_001677,POSITIVE,VENDOR_ALIAS
P_001678,G_001678,POSITIVE,EXACT
P_001679,G_001679,POSITIVE,EXACT
P_001680,G_001680,POSITIVE,EXACT
P_001681,G_001681,POSITIVE,EXACT
P_001682,G_001682,POSITIVE,REF_MISSING
P_001683,G_001683,POSITIVE,EXACT
P_001684,G_001684,POSITIVE,VENDOR_ALIAS
P_001685,G_001685,POSITIVE,EXACT
P_001686,G_001686,POSITIVE,EXACT
P_001687,G_001687,POSITIVE,EXACT
P_001688,G_001688,POSITIVE,EXACT
P_001689,G_001689,NEGATIVE,TAX_MISMATCH
P_001690,G_001690,POSITIVE,EXACT
P_001691,G_001691,POSITIVE,EXACT
P_001692,G_001692,POSITIVE,EXACT
P_001693,G_001693,POSITIVE,EXACT
P_001694,G_001694,POSITIVE,REF_MISSING
P_001695,G_001695,POSITIVE,REF_MISSING
P_001696,G_001696,POSITIVE,VENDOR_ALIAS
P_001697,G_001697,POSITIVE,EXACT
P_001698,G_001698,NEGATIVE,AMOUNT_MISMATCH
P_001699,G_001699,POSITIVE,VENDOR_ALIAS
P_001700,G_001700,POSITIVE,EXACT
P_001701,G_001701,POSITIVE,EXACT
P_001702,G_001702,POSITIVE,VENDOR_ALIAS
P_001703,G_001703,NEGATIVE,TAX_MISMATCH
P_001704,G_001704,POSITIVE,EXACT
P_001705,G_001705,POSITIVE,VENDOR_ALIAS
P_001706,G_001706,POSITIVE,EXACT
P_001707,G_001707,POSITIVE,REF_MISSING
P_001708,G_001708,POSITIVE,REF_MISSING
P_001709,G_001709,NEGATIVE,TAX_MISMATCH
P_001710,G_001710,POSITIVE,EXACT
P_001711,G_001711,POSITIVE,EXACT
P_001712,G_001712,POSITIVE,VENDOR_ALIAS
P_001713,G_001713,POSITIVE,VENDOR_ALIAS
P_001714,G_001714,POSITIVE,VENDOR_ALIAS
P_001715,G_001715,NEGATIVE,TAX_MISMATCH
P_001716,G_001716,POSITIVE,EXACT
P_001717,G_001717,NEGATIVE,AMOUNT_MISMATCH
P_001718,G_001718,POSITIVE,REF_MISSING
P_001719,G_001719,POSITIVE,EXACT
P_001720,G_001720,POSITIVE,EXACT
P_001721,G_001721,POSITIVE,VENDOR_ALIAS
P_001722,G_001722,NEGATIVE,TAX_MISMATCH
P_001723,G_001723,POSITIVE,EXACT
P_001724,G_001724,POSITIVE,EXACT
P_001725,G_001725,POSITIVE,REF_MISSING
P_001726,G_001726,POSITIVE,EXACT
P_001727,G_001727,POSITIVE,REF_MISSING
P_001728,G_001728,NEGATIVE,AMOUNT_MISMATCH
P_001729,G_001729,POSITIVE,EXACT
P_001730,G_001730,POSITIVE,EXACT
P_001731,G_001731,NEGATIVE,AMOUNT_MISMATCH
P_001732,G_001732,POSITIVE,REF_MISSING
P_001733,G_001733,POSITIVE,EXACT
P_001734,G_001734,POSITIVE,EXACT
P_001735,G_001735,NEGATIVE,AMOUNT_MISMATCH
P_001736,G_001736,POSITIVE,EXACT
P_001737,G_001737,POSITIVE,EXACT
P_001738,G_001738,POSITIVE,EXACT
P_001739,G_001739,POSITIVE,EXACT
P_001740,G_001740,POSITIVE,EXACT
P_001741,G_001741,POSITIVE,EXACT
P_001742,G_001742,POSITIVE,EXACT
P_001743,G_001743,POSITIVE,EXACT
P_001744,G_001744,POSITIVE,VENDOR_ALIAS
P_001745,G_001745,POSITIVE,EXACT
P_001746,G_001746,POSITIVE,EXACT
P_001747,G_001747,POSITIVE,EXACT
P_001748,G_001748,NEGATIVE,AMOUNT_MISMATCH
P_001749,G_001749,POSITIVE,EXACT
P_001750,G_001750,POSITIVE,EXACT
P_001751,G_001751,POSITIVE,REF_MISSING
P_001752,G_001752,POSITIVE,EXACT
P_001753,G_001753,NEGATIVE,AMOUNT_MISMATCH
P_001754,G_001754,POSITIVE,REF_MISSING
P_001755,G_001755,POSITIVE,REF_MISSING
P_001756,G_001756,POSITIVE,EXACT
P_001757,G_001757,POSITIVE,EXACT
P_001758,G_001758,POSITIVE,EXACT
P_001759,G_001759,POSITIVE,REF_MISSING
P_001760,G_001760,POSITIVE,VENDOR_ALIAS
P_001761,G_001761,POSITIVE,EXACT
P_001762,G_001762,POSITIVE,EXACT
P_001763,G_001763,POSITIVE,REF_MISSING
P_001764,G_001764,POSITIVE,REF_MISSING
P_001765,G_001765,POSITIVE,REF_MISSING
P_001766,G_001766,NEGATIVE,AMOUNT_MISMATCH
P_001767,G_001767,POSITIVE,EXACT
P_001768,G_001768,POSITIVE,VENDOR_ALIAS
P_001769,G_001769,POSITIVE,EXACT
P_001770,G_001770,NEGATIVE,TAX_MISMATCH
P_001771,G_001771,POSITIVE,EXACT
P_001772,G_001772,POSITIVE,EXACT
P_001773,G_001773,POSITIVE,VENDOR_ALIAS
P_001774,G_001774,NEGATIVE,TAX_MISMATCH
P_001775,G_001775,POSITIVE,EXACT
P_001776,G_001776,NEGATIVE,AMOUNT_MISMATCH
P_001777,G_001777,POSITIVE,EXACT
P_001778,G_001778,NEGATIVE,AMOUNT_MISMATCH
P_001779,G_001779,POSITIVE,VENDOR_ALIAS
P_001780,G_001780,POSITIVE,EXACT
P_001781,G_001781,POSITIVE,EXACT
P_001782,G_001782,POSITIVE,EXACT
P_001783,G_001783,POSITIVE,EXACT
P_001784,G_001784,POSITIVE,EXACT
P_001785,G_001785,NEGATIVE,TAX_MISMATCH
P_001786,G_001786,POSITIVE,VENDOR_ALIAS
P_001787,G_001787,NEGATIVE,AMOUNT_MISMATCH
P_001788,G_001788,NEGATIVE,AMOUNT_MISMATCH
P_001789,G_001789,POSITIVE,EXACT
P_001790,G_001790,POSITIVE,EXACT
P_001791,G_001791,POSITIVE,REF_MISSING
P_001792,G_001792,POSITIVE,EXACT
P_001793,G_001793,POSITIVE,EXACT
P_001794,G_001794,POSITIVE,EXACT
P_001795,G_001795,POSITIVE,EXACT
P_001796,G_001796,POSITIVE,EXACT
P_001797,G_001797,POSITIVE,EXACT
P_001798,G_001798,POSITIVE,VENDOR_ALIAS
P_001799,G_001799,POSITIVE,EXACT
P_001800,G_001800,POSITIVE,VENDOR_ALIAS
P_001801,G_001801,POSITIVE,VENDOR_ALIAS
P_001802,G_001802,POSITIVE,EXACT
P_001803,G_001803,POSITIVE,REF_MISSING
P_001804,G_001804,POSITIVE,VENDOR_ALIAS
P_001805,G_001805,POSITIVE,EXACT
P_001806,G_001806,POSITIVE,EXACT
P_001807,G_001807,POSITIVE,EXACT
P_001808,G_001808,NEGATIVE,AMOUNT_MISMATCH
P_001809,G_001809,POSITIVE,EXACT
P_001810,G_001810,NEGATIVE,AMOUNT_MISMATCH
P_001811,G_001811,POSITIVE,EXACT
P_001812,G_001812,POSITIVE,EXACT
P_001813,G_001813,NEGATIVE,TAX_MISMATCH
P_001814,G_001814,POSITIVE,EXACT
P_001815,G_001815,POSITIVE,VENDOR_ALIAS
P_001816,G_001816,POSITIVE,VENDOR_ALIAS
P_001817,G_001817,NEGATIVE,TAX_MISMATCH
P_001818,G_001818,POSITIVE,EXACT
P_001819,G_001819,POSITIVE,EXACT
P_001820,G_001820,POSITIVE,EXACT
P_001821,G_001821,POSITIVE,VENDOR_ALIAS
P_001822,G_001822,POSITIVE,EXACT
P_001823,G_001823,POSITIVE,VENDOR_ALIAS
P_001824,G_001824,POSITIVE,EXACT
P_001825,G_001825,POSITIVE,EXACT
P_001826,G_001826,POSITIVE,VENDOR_ALIAS
P_001827,G_001827,POSITIVE,EXACT
P_001828,G_001828,POSITIVE,EXACT
P_001829,G_001829,NEGATIVE,AMOUNT_MISMATCH
P_001830,G_001830,POSITIVE,EXACT
P_001831,G_001831,POSITIVE,EXACT
P_001832,G_001832,POSITIVE,REF_MISSING
P_001833,G_001833,POSITIVE,EXACT
P_001834,G_001834,POSITIVE,EXACT
P_001835,G_001835,POSITIVE,REF_MISSING
P_001836,G_001836,POSITIVE,EXACT
P_001837,G_001837,POSITIVE,REF_MISSING
P_001838,G_001838,POSITIVE,VENDOR_ALIAS
P_001839,G_001839,NEGATIVE,AMOUNT_MISMATCH
P_001840,G_001840,POSITIVE,REF_MISSING
P_001841,G_001841,POSITIVE,REF_MISSING
P_001842,G_001842,POSITIVE,EXACT
P_001843,G_001843,POSITIVE,REF_MISSING
P_001844,G_001844,POSITIVE,VENDOR_ALIAS
P_001845,G_001845,POSITIVE,EXACT
P_001846,G_001846,POSITIVE,EXACT
P_001847,G_001847,POSITIVE,REF_MISSING
P_001848,G_001848,POSITIVE,EXACT
P_001849,G_001849,POSITIVE,EXACT
P_001850,G_001850,NEGATIVE,AMOUNT_MISMATCH
P_001851,G_001851,NEGATIVE,AMOUNT_MISMATCH
P_001852,G_001852,POSITIVE,VENDOR_ALIAS
P_001853,G_001853,POSITIVE,VENDOR_ALIAS
P_001854,G_001854,NEGATIVE,AMOUNT_MISMATCH
P_001855,G_001855,POSITIVE,EXACT
P_001856,G_001856,POSITIVE,EXACT
P_001857,G_001857,NEGATIVE,AMOUNT_MISMATCH
P_001858,G_001858,POSITIVE,EXACT
P_001859,G_001859,POSITIVE,EXACT
P_001860,G_001860,POSITIVE,EXACT
P_001861,G_001861,POSITIVE,EXACT
P_001862,G_001862,POSITIVE,REF_MISSING
P_001863,G_001863,POSITIVE,EXACT
P_001864,G_001864,POSITIVE,REF_MISSING
P_001865,G_001865,POSITIVE,REF_MISSING
P_001866,G_001866,POSITIVE,VENDOR_ALIAS
P_001867,G_001867,POSITIVE,EXACT
P_001868,G_001868,POSITIVE,EXACT
P_001869,G_001869,POSITIVE,REF_MISSING
P_001870,G_001870,POSITIVE,REF_MISSING
P_001871,G_001871,POSITIVE,EXACT
P_001872,G_001872,POSITIVE,EXACT
P_001873,G_001873,NEGATIVE,AMOUNT_MISMATCH
P_001874,G_001874,NEGATIVE,AMOUNT_MISMATCH
P_001875,G_001875,POSITIVE,VENDOR_ALIAS
P_001876,G_001876,POSITIVE,EXACT
P_001877,G_001877,NEGATIVE,TAX_MISMATCH
P_001878,G_001878,NEGATIVE,AMOUNT_MISMATCH
P_001879,G_001879,POSITIVE,VENDOR_ALIAS
P_001880,G_001880,NEGATIVE,AMOUNT_MISMATCH
P_001881,G_001881,POSITIVE,VENDOR_ALIAS
P_001882,G_001882,POSITIVE,EXACT
P_001883,G_001883,POSITIVE,VENDOR_ALIAS
P_001884,G_001884,POSITIVE,EXACT
P_001885,G_001885,POSITIVE,REF_MISSING
P_001886,G_001886,POSITIVE,EXACT
P_001887,G_001887,POSITIVE,EXACT
P_001888,G_001888,POSITIVE,VENDOR_ALIAS
P_001889,G_001889,POSITIVE,REF_MISSING
P_001890,G_001890,POSITIVE,EXACT
P_001891,G_001891,POSITIVE,VENDOR_ALIAS
P_001892,G_001892,POSITIVE,EXACT
P_001893,G_001893,POSITIVE,EXACT
P_001894,G_001894,NEGATIVE,TAX_MISMATCH
P_001895,G_001895,POSITIVE,REF_MISSING
P_001896,G_001896,POSITIVE,REF_MISSING
P_001897,G_001897,POSITIVE,EXACT
P_001898,G_001898,POSITIVE,REF_MISSING
P_001899,G_001899,POSITIVE,EXACT
P_001900,G_001900,POSITIVE,VENDOR_ALIAS
P_001901,G_001901,POSITIVE,EXACT
P_001902,G_001902,POSITIVE,EXACT
P_001903,G_001903,NEGATIVE,AMOUNT_MISMATCH
P_001904,G_001904,POSITIVE,REF_MISSING
P_001905,G_001905,NEGATIVE,AMOUNT_MISMATCH
P_001906,G_001906,POSITIVE,VENDOR_ALIAS
P_001907,G_001907,POSITIVE,REF_MISSING
P_001908,G_001908,POSITIVE,EXACT
P_001909,G_001909,POSITIVE,EXACT
P_001910,G_001910,POSITIVE,EXACT
P_001911,G_001911,POSITIVE,EXACT
P_001912,G_001912,POSITIVE,EXACT
P_001913,G_001913,POSITIVE,EXACT
P_001914,G_001914,POSITIVE,VENDOR_ALIAS
P_001915,G_001915,POSITIVE,VENDOR_ALIAS
P_001916,G_001916,POSITIVE,EXACT
P_001917,G_001917,POSITIVE,REF_MISSING
P_001918,G_001918,POSITIVE,REF_MISSING
P_001919,G_001919,POSITIVE,EXACT
P_001920,G_001920,POSITIVE,EXACT
P_001921,G_001921,POSITIVE,VENDOR_ALIAS
P_001922,G_001922,POSITIVE,EXACT
P_001923,G_001923,POSITIVE,EXACT
P_001924,G_001924,POSITIVE,EXACT
P_001925,G_001925,POSITIVE,REF_MISSING
P_001926,G_001926,POSITIVE,EXACT
P_001927,G_001927,POSITIVE,REF_MISSING
P_001928,G_001928,POSITIVE,EXACT
P_001929,G_001929,POSITIVE,EXACT
P_001930,G_001930,POSITIVE,VENDOR_ALIAS
P_001931,G_001931,POSITIVE,VENDOR_ALIAS
P_001932,G_001932,POSITIVE,EXACT
P_001933,G_001933,POSITIVE,EXACT
P_001934,G_001934,POSITIVE,EXACT
P_001935,G_001935,NEGATIVE,TAX_MISMATCH
P_001936,G_001936,NEGATIVE,AMOUNT_MISMATCH
P_001937,G_001937,POSITIVE,EXACT
P_001938,G_001938,POSITIVE,EXACT
P_001939,G_001939,POSITIVE,VENDOR_ALIAS
P_001940,G_001940,NEGATIVE,AMOUNT_MISMATCH
P_001941,G_001941,POSITIVE,EXACT
P_001942,G_001942,POSITIVE,REF_MISSING
P_001943,G_001943,POSITIVE,EXACT
P_001944,G_001944,POSITIVE,EXACT
P_001945,G_001945,POSITIVE,EXACT
P_001946,G_001946,POSITIVE,EXACT
P_001947,G_001947,POSITIVE,REF_MISSING
P_001948,G_001948,POSITIVE,VENDOR_ALIAS
P_001949,G_001949,POSITIVE,EXACT
P_001950,G_001950,POSITIVE,EXACT
P_001951,G_001951,POSITIVE,EXACT
P_001952,G_001952,POSITIVE,EXACT
P_001953,G_001953,POSITIVE,VENDOR_ALIAS
P_001954,G_001954,POSITIVE,VENDOR_ALIAS
P_001955,G_001955,POSITIVE,EXACT
P_001956,G_001956,POSITIVE,VENDOR_ALIAS
P_001957,G_001957,POSITIVE,EXACT
P_001958,G_001958,POSITIVE,EXACT
P_001959,G_001959,POSITIVE,VENDOR_ALIAS
P_001960,G_001960,POSITIVE,EXACT
P_001961,G_001961,POSITIVE,VENDOR_ALIAS
P_001962,G_001962,POSITIVE,VENDOR_ALIAS
P_001963,G_001963,POSITIVE,EXACT
P_001964,G_001964,NEGATIVE,AMOUNT_MISMATCH
P_001965,G_001965,POSITIVE,REF_MISSING
P_001966,G_001966,POSITIVE,REF_MISSING
P_001967,G_001967,POSITIVE,EXACT
P_001968,G_001968,POSITIVE,EXACT
P_001969,G_001969,POSITIVE,VENDOR_ALIAS
P_001970,G_001970,POSITIVE,EXACT
P_001971,G_001971,NEGATIVE,AMOUNT_MISMATCH
P_001972,G_001972,POSITIVE,EXACT
P_001973,G_001973,POSITIVE,REF_MISSING
P_001974,G_001974,POSITIVE,VENDOR_ALIAS
P_001975,G_001975,POSITIVE,EXACT
P_001976,G_001976,POSITIVE,EXACT
P_001977,G_001977,POSITIVE,EXACT
P_001978,G_001978,NEGATIVE,AMOUNT_MISMATCH
P_001979,G_001979,POSITIVE,VENDOR_ALIAS
P_001980,G_001980,POSITIVE,EXACT
P_001981,G_001981,POSITIVE,EXACT
P_001982,G_001982,NEGATIVE,AMOUNT_MISMATCH
P_001983,G_001983,NEGATIVE,AMOUNT_MISMATCH
P_001984,G_001984,NEGATIVE,AMOUNT_MISMATCH
P_001985,G_001985,POSITIVE,EXACT
P_001986,G_001986,POSITIVE,EXACT
P_001987,G_001987,POSITIVE,EXACT
P_001988,G_001988,POSITIVE,EXACT
P_001989,G_001989,POSITIVE,EXACT
P_001990,G_001990,POSITIVE,VENDOR_ALIAS
P_001991,G_001991,POSITIVE,EXACT
P_001992,G_001992,POSITIVE,REF_MISSING
P_001993,G_001993,NEGATIVE,AMOUNT_MISMATCH
P_001994,G_001994,POSITIVE,EXACT
P_001995,G_001995,POSITIVE,EXACT
P_001996,G_001996,POSITIVE,EXACT
P_001997,G_001997,POSITIVE,EXACT
P_001998,G_001998,NEGATIVE,AMOUNT_MISMATCH
P_001999,G_001999,POSITIVE,VENDOR_ALIAS
P_002000,G_002000,POSITIVE,VENDOR_ALIAS
P_002001,G_002001,POSITIVE,EXACT
P_002002,G_002002,POSITIVE,VENDOR_ALIAS
P_002003,G_002003,POSITIVE,EXACT
P_002004,G_002004,POSITIVE,EXACT
P_002005,G_002005,POSITIVE,VENDOR_ALIAS
P_002006,G_002006,NEGATIVE,AMOUNT_MISMATCH
P_002007,G_002007,NEGATIVE,AMOUNT_MISMATCH
P_002008,G_002008,POSITIVE,EXACT
P_002009,G_002009,POSITIVE,REF_MISSING
P_002010,G_002010,POSITIVE,VENDOR_ALIAS
P_002011,G_002011,POSITIVE,EXACT
P_002012,G_002012,POSITIVE,REF_MISSING
P_002013,G_002013,POSITIVE,EXACT
P_002014,G_002014,POSITIVE,EXACT
P_002015,G_002015,POSITIVE,EXACT
P_002016,G_002016,NEGATIVE,AMOUNT_MISMATCH
P_002017,G_002017,NEGATIVE,AMOUNT_MISMATCH
P_002018,G_002018,POSITIVE,EXACT
P_002019,G_002019,NEGATIVE,AMOUNT_MISMATCH
P_002020,G_002020,POSITIVE,EXACT
P_002021,G_002021,POSITIVE,EXACT
P_002022,G_002022,POSITIVE,EXACT
P_002023,G_002023,POSITIVE,EXACT
P_002024,G_002024,POSITIVE,VENDOR_ALIAS
P_002025,G_002025,POSITIVE,EXACT
P_002026,G_002026,POSITIVE,VENDOR_ALIAS
P_002027,G_002027,POSITIVE,EXACT
P_002028,G_002028,POSITIVE,VENDOR_ALIAS
P_002029,G_002029,NEGATIVE,AMOUNT_MISMATCH
P_002030,G_002030,NEGATIVE,AMOUNT_MISMATCH
P_002031,G_002031,POSITIVE,EXACT
P_002032,G_002032,POSITIVE,EXACT
P_002033,G_002033,POSITIVE,REF_MISSING
P_002034,G_002034,POSITIVE,EXACT
P_002035,G_002035,POSITIVE,EXACT
P_002036,G_002036,POSITIVE,VENDOR_ALIAS
P_002037,G_002037,POSITIVE,EXACT
P_002038,G_002038,POSITIVE,EXACT
P_002039,G_002039,POSITIVE,EXACT
P_002040,G_002040,POSITIVE,EXACT
P_002041,G_002041,POSITIVE,EXACT
P_002042,G_002042,POSITIVE,EXACT
P_002043,G_002043,POSITIVE,VENDOR_ALIAS
P_002044,G_002044,POSITIVE,EXACT
P_002045,G_002045,NEGATIVE,AMOUNT_MISMATCH
P_002046,G_002046,POSITIVE,EXACT
P_002047,G_002047,POSITIVE,EXACT
P_002048,G_002048,POSITIVE,EXACT
P_002049,G_002049,POSITIVE,EXACT
P_002050,G_002050,NEGATIVE,AMOUNT_MISMATCH
P_002051,G_002051,POSITIVE,REF_MISSING
P_002052,G_002052,POSITIVE,EXACT
P_002053,G_002053,POSITIVE,EXACT
P_002054,G_002054,POSITIVE,REF_MISSING
P_002055,G_002055,POSITIVE,REF_MISSING
P_002056,G_002056,POSITIVE,VENDOR_ALIAS
P_002057,G_002057,POSITIVE,EXACT
P_002058,G_002058,NEGATIVE,AMOUNT_MISMATCH
P_002059,G_002059,POSITIVE,REF_MISSING
P_002060,G_002060,POSITIVE,VENDOR_ALIAS
P_002061,G_002061,NEGATIVE,AMOUNT_MISMATCH
P_002062,G_002062,POSITIVE,VENDOR_ALIAS
P_002063,G_002063,POSITIVE,EXACT
P_002064,G_002064,NEGATIVE,TAX_MISMATCH
P_002065,G_002065,POSITIVE,VENDOR_ALIAS
P_002066,G_002066,POSITIVE,REF_MISSING
P_002067,G_002067,POSITIVE,VENDOR_ALIAS
P_002068,G_002068,POSITIVE,EXACT
P_002069,G_002069,POSITIVE,EXACT
P_002070,G_002070,POSITIVE,REF_MISSING
P_002071,G_002071,POSITIVE,EXACT
P_002072,G_002072,POSITIVE,EXACT
P_002073,G_002073,POSITIVE,VENDOR_ALIAS
P_002074,G_002074,NEGATIVE,TAX_MISMATCH
P_002075,G_002075,POSITIVE,REF_MISSING
P_002076,G_002076,POSITIVE,REF_MISSING
P_002077,G_002077,POSITIVE,REF_MISSING
P_002078,G_002078,POSITIVE,EXACT
P_002079,G_002079,POSITIVE,EXACT
P_002080,G_002080,POSITIVE,EXACT
P_002081,G_002081,POSITIVE,EXACT
P_002082,G_002082,POSITIVE,EXACT
P_002083,G_002083,NEGATIVE,AMOUNT_MISMATCH
P_002084,G_002084,POSITIVE,EXACT
P_002085,G_002085,POSITIVE,VENDOR_ALIAS
P_002086,G_002086,POSITIVE,EXACT
P_002087,G_002087,POSITIVE,EXACT
P_002088,G_002088,POSITIVE,EXACT
P_002089,G_002089,POSITIVE,EXACT
P_002090,G_002090,POSITIVE,EXACT
P_002091,G_002091,POSITIVE,REF_MISSING
P_002092,G_002092,POSITIVE,VENDOR_ALIAS
P_002093,G_002093,POSITIVE,EXACT
P_002094,G_002094,POSITIVE,EXACT
P_002095,G_002095,NEGATIVE,AMOUNT_MISMATCH
P_002096,G_002096,POSITIVE,REF_MISSING
P_002097,G_002097,POSITIVE,VENDOR_ALIAS
P_002098,G_002098,POSITIVE,VENDOR_ALIAS
P_002099,G_002099,POSITIVE,VENDOR_ALIAS
P_002100,G_002100,POSITIVE,EXACT
P_002101,G_002101,POSITIVE,VENDOR_ALIAS
P_002102,G_002102,POSITIVE,EXACT
P_002103,G_002103,POSITIVE,REF_MISSING
P_002104,G_002104,POSITIVE,EXACT
P_002105,G_002105,POSITIVE,VENDOR_ALIAS
P_002106,G_002106,POSITIVE,EXACT
P_002107,G_002107,POSITIVE,EXACT
P_002108,G_002108,POSITIVE,VENDOR_ALIAS
P_002109,G_002109,POSITIVE,VENDOR_ALIAS
P_002110,G_002110,POSITIVE,EXACT
P_002111,G_002111,POSITIVE,EXACT
P_002112,G_002112,POSITIVE,VENDOR_ALIAS
P_002113,G_002113,POSITIVE,EXACT
P_002114,G_002114,POSITIVE,EXACT
P_002115,G_002115,NEGATIVE,AMOUNT_MISMATCH
P_002116,G_002116,POSITIVE,VENDOR_ALIAS
P_002117,G_002117,POSITIVE,REF_MISSING
P_002118,G_002118,NEGATIVE,AMOUNT_MISMATCH
P_002119,G_002119,NEGATIVE,AMOUNT_MISMATCH
P_002120,G_002120,NEGATIVE,TAX_MISMATCH
P_002121,G_002121,POSITIVE,VENDOR_ALIAS
P_002122,G_002122,NEGATIVE,AMOUNT_MISMATCH
P_002123,G_002123,POSITIVE,EXACT
P_002124,G_002124,NEGATIVE,AMOUNT_MISMATCH
P_002125,G_002125,POSITIVE,REF_MISSING
P_002126,G_002126,POSITIVE,EXACT
P_002127,G_002127,POSITIVE,EXACT
P_002128,G_002128,POSITIVE,REF_MISSING
P_002129,G_002129,POSITIVE,VENDOR_ALIAS
P_002130,G_002130,NEGATIVE,AMOUNT_MISMATCH
P_002131,G_002131,NEGATIVE,AMOUNT_MISMATCH
P_002132,G_002132,POSITIVE,REF_MISSING
P_002133,G_002133,POSITIVE,EXACT
P_002134,G_002134,POSITIVE,REF_MISSING
P_002135,G_002135,NEGATIVE,AMOUNT_MISMATCH
P_002136,G_002136,POSITIVE,EXACT
P_002137,G_002137,POSITIVE,EXACT
P_002138,G_002138,POSITIVE,EXACT
P_002139,G_002139,NEGATIVE,TAX_MISMATCH
P_002140,G_002140,POSITIVE,EXACT
P_002141,G_002141,POSITIVE,EXACT
P_002142,G_002142,NEGATIVE,AMOUNT_MISMATCH
P_002143,G_002143,POSITIVE,VENDOR_ALIAS
P_002144,G_002144,POSITIVE,EXACT
P_002145,G_002145,POSITIVE,VENDOR_ALIAS
P_002146,G_002146,POSITIVE,EXACT
P_002147,G_002147,POSITIVE,VENDOR_ALIAS
P_002148,G_002148,POSITIVE,EXACT
P_002149,G_002149,POSITIVE,EXACT
P_002150,G_002150,POSITIVE,EXACT
P_002151,G_002151,POSITIVE,EXACT
P_002152,G_002152,POSITIVE,EXACT
P_002153,G_002153,POSITIVE,REF_MISSING
P_002154,G_002154,POSITIVE,EXACT
P_002155,G_002155,POSITIVE,EXACT
P_002156,G_002156,POSITIVE,VENDOR_ALIAS
P_002157,G_002157,POSITIVE,EXACT
P_002158,G_002158,POSITIVE,EXACT
P_002159,G_002159,NEGATIVE,AMOUNT_MISMATCH
P_002160,G_002160,POSITIVE,EXACT
P_002161,G_002161,NEGATIVE,TAX_MISMATCH
P_002162,G_002162,POSITIVE,EXACT
P_002163,G_002163,POSITIVE,EXACT
P_002164,G_002164,POSITIVE,EXACT
P_002165,G_002165,NEGATIVE,AMOUNT_MISMATCH
P_002166,G_002166,POSITIVE,EXACT
P_002167,G_002167,POSITIVE,EXACT
P_002168,G_002168,POSITIVE,REF_MISSING
P_002169,G_002169,POSITIVE,REF_MISSING
P_002170,G_002170,POSITIVE,REF_MISSING
P_002171,G_002171,POSITIVE,REF_MISSING
P_002172,G_002172,NEGATIVE,TAX_MISMATCH
P_002173,G_002173,POSITIVE,VENDOR_ALIAS
P_002174,G_002174,POSITIVE,EXACT
P_002175,G_002175,POSITIVE,VENDOR_ALIAS
P_002176,G_002176,POSITIVE,EXACT
P_002177,G_002177,POSITIVE,EXACT
P_002178,G_002178,POSITIVE,EXACT
P_002179,G_002179,POSITIVE,VENDOR_ALIAS
P_002180,G_002180,POSITIVE,EXACT
P_002181,G_002181,NEGATIVE,AMOUNT_MISMATCH
P_002182,G_002182,POSITIVE,EXACT
P_002183,G_002183,POSITIVE,VENDOR_ALIAS
P_002184,G_002184,POSITIVE,VENDOR_ALIAS
P_002185,G_002185,POSITIVE,VENDOR_ALIAS
P_002186,G_002186,POSITIVE,VENDOR_ALIAS
P_002187,G_002187,POSITIVE,EXACT
P_002188,G_002188,NEGATIVE,AMOUNT_MISMATCH
P_002189,G_002189,POSITIVE,EXACT
P_002190,G_002190,POSITIVE,EXACT
P_002191,G_002191,POSITIVE,REF_MISSING
P_002192,G_002192,POSITIVE,EXACT
P_002193,G_002193,POSITIVE,EXACT
P_002194,G_002194,POSITIVE,VENDOR_ALIAS
P_002195,G_002195,POSITIVE,EXACT
P_002196,G_002196,POSITIVE,EXACT
P_002197,G_002197,POSITIVE,REF_MISSING
P_002198,G_002198,POSITIVE,EXACT
P_002199,G_002199,POSITIVE,VENDOR_ALIAS
P_002200,G_002200,POSITIVE,EXACT
P_002201,G_002201,POSITIVE,EXACT
P_002202,G_002202,NEGATIVE,TAX_MISMATCH
P_002203,G_002203,NEGATIVE,AMOUNT_MISMATCH
P_002204,G_002204,NEGATIVE,TAX_MISMATCH
P_002205,G_002205,POSITIVE,VENDOR_ALIAS
P_002206,G_002206,POSITIVE,EXACT
P_002207,G_002207,POSITIVE,VENDOR_ALIAS
P_002208,G_002208,POSITIVE,EXACT
P_002209,G_002209,POSITIVE,VENDOR_ALIAS
P_002210,G_002210,POSITIVE,REF_MISSING
P_002211,G_002211,POSITIVE,VENDOR_ALIAS
P_002212,G_002212,NEGATIVE,AMOUNT_MISMATCH
P_002213,G_002213,POSITIVE,VENDOR_ALIAS
P_002214,G_002214,POSITIVE,EXACT
P_002215,G_002215,NEGATIVE,AMOUNT_MISMATCH
P_002216,G_002216,NEGATIVE,AMOUNT_MISMATCH
P_002217,G_002217,NEGATIVE,TAX_MISMATCH
P_002218,G_002218,NEGATIVE,TAX_MISMATCH
P_002219,G_002219,POSITIVE,EXACT
P_002220,G_002220,POSITIVE,EXACT
P_002221,G_002221,POSITIVE,EXACT
P_002222,G_002222,POSITIVE,VENDOR_ALIAS
P_002223,G_002223,POSITIVE,EXACT
P_002224,G_002224,POSITIVE,EXACT
P_002225,G_002225,NEGATIVE,TAX_MISMATCH
P_002226,G_002226,NEGATIVE,TAX_MISMATCH
P_002227,G_002227,NEGATIVE,TAX_MISMATCH
P_002228,G_002228,POSITIVE,EXACT
P_002229,G_002229,POSITIVE,EXACT
P_002230,G_002230,POSITIVE,VENDOR_ALIAS
P_002231,G_002231,NEGATIVE,AMOUNT_MISMATCH
P_002232,G_002232,POSITIVE,EXACT
P_002233,G_002233,NEGATIVE,AMOUNT_MISMATCH
P_002234,G_002234,POSITIVE,EXACT
P_002235,G_002235,NEGATIVE,AMOUNT_MISMATCH
P_002236,G_002236,NEGATIVE,TAX_MISMATCH
P_002237,G_002237,POSITIVE,VENDOR_ALIAS
P_002238,G_002238,POSITIVE,EXACT
P_002239,G_002239,POSITIVE,EXACT
P_002240,G_002240,POSITIVE,EXACT
P_002241,G_002241,POSITIVE,EXACT
P_002242,G_002242,POSITIVE,REF_MISSING
P_002243,G_002243,NEGATIVE,AMOUNT_MISMATCH
P_002244,G_002244,POSITIVE,EXACT
P_002245,G_002245,NEGATIVE,TAX_MISMATCH
P_002246,G_002246,POSITIVE,VENDOR_ALIAS
P_002247,G_002247,POSITIVE,EXACT
P_002248,G_002248,NEGATIVE,AMOUNT_MISMATCH
P_002249,G_002249,POSITIVE,EXACT
P_002250,G_002250,POSITIVE,EXACT
P_002251,G_002251,POSITIVE,EXACT
P_002252,G_002252,POSITIVE,EXACT
P_002253,G_002253,POSITIVE,VENDOR_ALIAS
P_002254,G_002254,POSITIVE,REF_MISSING
P_002255,G_002255,POSITIVE,VENDOR_ALIAS
P_002256,G_002256,POSITIVE,REF_MISSING
P_002257,G_002257,POSITIVE,EXACT
P_002258,G_002258,POSITIVE,EXACT
P_002259,G_002259,NEGATIVE,TAX_MISMATCH
P_002260,G_002260,POSITIVE,EXACT
P_002261,G_002261,POSITIVE,EXACT
P_002262,G_002262,NEGATIVE,TAX_MISMATCH
P_002263,G_002263,NEGATIVE,AMOUNT_MISMATCH
P_002264,G_002264,POSITIVE,EXACT
P_002265,G_002265,POSITIVE,EXACT
P_002266,G_002266,POSITIVE,VENDOR_ALIAS
P_002267,G_002267,POSITIVE,VENDOR_ALIAS
P_002268,G_002268,POSITIVE,REF_MISSING
P_002269,G_002269,POSITIVE,EXACT
P_002270,G_002270,POSITIVE,EXACT
P_002271,G_002271,NEGATIVE,TAX_MISMATCH
P_002272,G_002272,POSITIVE,REF_MISSING
P_002273,G_002273,POSITIVE,EXACT
P_002274,G_002274,POSITIVE,REF_MISSING
P_002275,G_002275,NEGATIVE,TAX_MISMATCH
P_002276,G_002276,POSITIVE,EXACT
P_002277,G_002277,POSITIVE,REF_MISSING
P_002278,G_002278,POSITIVE,REF_MISSING
P_002279,G_002279,POSITIVE,EXACT
P_002280,G_002280,POSITIVE,VENDOR_ALIAS
P_002281,G_002281,POSITIVE,EXACT
P_002282,G_002282,POSITIVE,EXACT
P_002283,G_002283,POSITIVE,EXACT
P_002284,G_002284,NEGATIVE,TAX_MISMATCH
P_002285,G_002285,POSITIVE,REF_MISSING
P_002286,G_002286,NEGATIVE,TAX_MISMATCH
P_002287,G_002287,POSITIVE,VENDOR_ALIAS
P_002288,G_002288,POSITIVE,EXACT
P_002289,G_002289,POSITIVE,EXACT
P_002290,G_002290,POSITIVE,REF_MISSING
P_002291,G_002291,POSITIVE,EXACT
P_002292,G_002292,POSITIVE,VENDOR_ALIAS
P_002293,G_002293,POSITIVE,EXACT
P_002294,G_002294,NEGATIVE,AMOUNT_MISMATCH
P_002295,G_002295,POSITIVE,EXACT
P_002296,G_002296,POSITIVE,REF_MISSING
P_002297,G_002297,POSITIVE,EXACT
P_002298,G_002298,POSITIVE,EXACT
P_002299,G_002299,POSITIVE,EXACT
P_002300,G_002300,POSITIVE,VENDOR_ALIAS
P_002301,G_002301,POSITIVE,REF_MISSING
P_002302,G_002302,NEGATIVE,TAX_MISMATCH
P_002303,G_002303,NEGATIVE,TAX_MISMATCH
P_002304,G_002304,POSITIVE,REF_MISSING
P_002305,G_002305,POSITIVE,EXACT
P_002306,G_002306,POSITIVE,VENDOR_ALIAS
P_002307,G_002307,POSITIVE,EXACT
P_002308,G_002308,POSITIVE,VENDOR_ALIAS
P_002309,G_002309,POSITIVE,EXACT
P_002310,G_002310,POSITIVE,REF_MISSING
P_002311,G_002311,POSITIVE,EXACT
P_002312,G_002312,NEGATIVE,AMOUNT_MISMATCH
P_002313,G_002313,POSITIVE,EXACT
P_002314,G_002314,POSITIVE,VENDOR_ALIAS
P_002315,G_002315,POSITIVE,REF_MISSING
P_002316,G_002316,POSITIVE,EXACT
P_002317,G_002317,POSITIVE,EXACT
P_002318,G_002318,POSITIVE,REF_MISSING
P_002319,G_002319,POSITIVE,EXACT
P_002320,G_002320,NEGATIVE,TAX_MISMATCH
P_002321,G_002321,POSITIVE,EXACT
P_002322,G_002322,POSITIVE,VENDOR_ALIAS
P_002323,G_002323,POSITIVE,EXACT
P_002324,G_002324,POSITIVE,REF_MISSING
P_002325,G_002325,POSITIVE,VENDOR_ALIAS
P_002326,G_002326,POSITIVE,REF_MISSING
P_002327,G_002327,POSITIVE,EXACT
P_002328,G_002328,POSITIVE,EXACT
P_002329,G_002329,POSITIVE,REF_MISSING
P_002330,G_002330,POSITIVE,EXACT
P_002331,G_002331,POSITIVE,VENDOR_ALIAS
P_002332,G_002332,POSITIVE,VENDOR_ALIAS
P_002333,G_002333,POSITIVE,VENDOR_ALIAS
P_002334,G_002334,POSITIVE,EXACT
P_002335,G_002335,POSITIVE,EXACT
P_002336,G_002336,NEGATIVE,TAX_MISMATCH
P_002337,G_002337,POSITIVE,EXACT
P_002338,G_002338,NEGATIVE,AMOUNT_MISMATCH
P_002339,G_002339,POSITIVE,EXACT
P_002340,G_002340,POSITIVE,EXACT
P_002341,G_002341,POSITIVE,EXACT
P_002342,G_002342,POSITIVE,EXACT
P_002343,G_002343,POSITIVE,EXACT
P_002344,G_002344,POSITIVE,EXACT
P_002345,G_002345,POSITIVE,EXACT
P_002346,G_002346,POSITIVE,VENDOR_ALIAS
P_002347,G_002347,NEGATIVE,AMOUNT_MISMATCH
P_002348,G_002348,POSITIVE,VENDOR_ALIAS
P_002349,G_002349,POSITIVE,EXACT
P_002350,G_002350,POSITIVE,EXACT
P_002351,G_002351,POSITIVE,VENDOR_ALIAS
P_002352,G_002352,POSITIVE,VENDOR_ALIAS
P_002353,G_002353,NEGATIVE,TAX_MISMATCH
P_002354,G_002354,POSITIVE,REF_MISSING
P_002355,G_002355,POSITIVE,EXACT
P_002356,G_002356,POSITIVE,EXACT
P_002357,G_002357,NEGATIVE,AMOUNT_MISMATCH
P_002358,G_002358,POSITIVE,EXACT
P_002359,G_002359,POSITIVE,EXACT
P_002360,G_002360,POSITIVE,EXACT
P_002361,G_002361,POSITIVE,EXACT
P_002362,G_002362,POSITIVE,EXACT
P_002363,G_002363,NEGATIVE,AMOUNT_MISMATCH
P_002364,G_002364,POSITIVE,EXACT
P_002365,G_002365,POSITIVE,VENDOR_ALIAS
P_002366,G_002366,NEGATIVE,AMOUNT_MISMATCH
P_002367,G_002367,POSITIVE,EXACT
P_002368,G_002368,POSITIVE,EXACT
P_002369,G_002369,POSITIVE,VENDOR_ALIAS
P_002370,G_002370,POSITIVE,VENDOR_ALIAS
P_002371,G_002371,POSITIVE,EXACT
P_002372,G_002372,POSITIVE,EXACT
P_002373,G_002373,POSITIVE,REF_MISSING
P_002374,G_002374,NEGATIVE,AMOUNT_MISMATCH
P_002375,G_002375,POSITIVE,EXACT
P_002376,G_002376,POSITIVE,VENDOR_ALIAS
P_002377,G_002377,POSITIVE,REF_MISSING
P_002378,G_002378,POSITIVE,EXACT
P_002379,G_002379,POSITIVE,EXACT
P_002380,G_002380,POSITIVE,EXACT
P_002381,G_002381,NEGATIVE,AMOUNT_MISMATCH
P_002382,G_002382,POSITIVE,EXACT
P_002383,G_002383,NEGATIVE,AMOUNT_MISMATCH
P_002384,G_002384,POSITIVE,EXACT
P_002385,G_002385,NEGATIVE,TAX_MISMATCH
P_002386,G_002386,POSITIVE,VENDOR_ALIAS
P_002387,G_002387,POSITIVE,EXACT
P_002388,G_002388,POSITIVE,EXACT
P_002389,G_002389,NEGATIVE,AMOUNT_MISMATCH
P_002390,G_002390,POSITIVE,EXACT
P_002391,G_002391,POSITIVE,EXACT
P_002392,G_002392,NEGATIVE,AMOUNT_MISMATCH
P_002393,G_002393,POSITIVE,EXACT
P_002394,G_002394,POSITIVE,EXACT
P_002395,G_002395,POSITIVE,EXACT
P_002396,G_002396,POSITIVE,EXACT
P_002397,G_002397,POSITIVE,EXACT
P_002398,G_002398,POSITIVE,EXACT
P_002399,G_002399,POSITIVE,EXACT
P_002400,G_002400,POSITIVE,VENDOR_ALIAS
P_002401,G_002401,POSITIVE,REF_MISSING
P_002402,G_002402,POSITIVE,VENDOR_ALIAS
P_002403,G_002403,POSITIVE,EXACT
P_002404,G_002404,NEGATIVE,AMOUNT_MISMATCH
P_002405,G_002405,POSITIVE,VENDOR_ALIAS
P_002406,G_002406,POSITIVE,EXACT
P_002407,G_002407,POSITIVE,REF_MISSING
P_002408,G_002408,NEGATIVE,AMOUNT_MISMATCH
P_002409,G_002409,POSITIVE,VENDOR_ALIAS
P_002410,G_002410,POSITIVE,EXACT
P_002411,G_002411,POSITIVE,EXACT
P_002412,G_002412,POSITIVE,EXACT
P_002413,G_002413,POSITIVE,EXACT
P_002414,G_002414,POSITIVE,REF_MISSING
P_002415,G_002415,POSITIVE,EXACT
P_002416,G_002416,POSITIVE,VENDOR_ALIAS
P_002417,G_002417,POSITIVE,VENDOR_ALIAS
P_002418,G_002418,POSITIVE,REF_MISSING
P_002419,G_002419,NEGATIVE,AMOUNT_MISMATCH
P_002420,G_002420,POSITIVE,REF_MISSING
P_002421,G_002421,POSITIVE,REF_MISSING
P_002422,G_002422,NEGATIVE,AMOUNT_MISMATCH
P_002423,G_002423,POSITIVE,EXACT
P_002424,G_002424,POSITIVE,REF_MISSING
P_002425,G_002425,POSITIVE,VENDOR_ALIAS
P_002426,G_002426,NEGATIVE,AMOUNT_MISMATCH
P_002427,G_002427,POSITIVE,EXACT
P_002428,G_002428,POSITIVE,VENDOR_ALIAS
P_002429,G_002429,POSITIVE,REF_MISSING
P_002430,G_002430,POSITIVE,VENDOR_ALIAS
P_002431,G_002431,POSITIVE,EXACT
P_002432,G_002432,POSITIVE,VENDOR_ALIAS
P_002433,G_002433,POSITIVE,EXACT
P_002434,G_002434,NEGATIVE,AMOUNT_MISMATCH
P_002435,G_002435,POSITIVE,EXACT
P_002436,G_002436,POSITIVE,VENDOR_ALIAS
P_002437,G_002437,NEGATIVE,AMOUNT_MISMATCH
P_002438,G_002438,NEGATIVE,TAX_MISMATCH
P_002439,G_002439,POSITIVE,EXACT
P_002440,G_002440,POSITIVE,REF_MISSING
P_002441,G_002441,POSITIVE,VENDOR_ALIAS
P_002442,G_002442,POSITIVE,VENDOR_ALIAS
P_002443,G_002443,POSITIVE,EXACT
P_002444,G_002444,NEGATIVE,AMOUNT_MISMATCH
P_002445,G_002445,POSITIVE,EXACT
P_002446,G_002446,POSITIVE,EXACT
P_002447,G_002447,POSITIVE,EXACT
P_002448,G_002448,POSITIVE,VENDOR_ALIAS
P_002449,G_002449,POSITIVE,EXACT
P_002450,G_002450,POSITIVE,VENDOR_ALIAS
P_002451,G_002451,POSITIVE,EXACT
P_002452,G_002452,POSITIVE,EXACT
P_002453,G_002453,POSITIVE,EXACT
P_002454,G_002454,POSITIVE,EXACT
P_002455,G_002455,POSITIVE,EXACT
P_002456,G_002456,NEGATIVE,TAX_MISMATCH
P_002457,G_002457,POSITIVE,REF_MISSING
P_002458,G_002458,NEGATIVE,AMOUNT_MISMATCH
P_002459,G_002459,POSITIVE,EXACT
P_002460,G_002460,POSITIVE,EXACT
P_002461,G_002461,POSITIVE,REF_MISSING
P_002462,G_002462,POSITIVE,EXACT
P_002463,G_002463,POSITIVE,EXACT
P_002464,G_002464,POSITIVE,EXACT
P_002465,G_002465,POSITIVE,EXACT
P_002466,G_002466,NEGATIVE,AMOUNT_MISMATCH
P_002467,G_002467,POSITIVE,EXACT
P_002468,G_002468,POSITIVE,EXACT
P_002469,G_002469,POSITIVE,VENDOR_ALIAS
P_002470,G_002470,POSITIVE,REF_MISSING
P_002471,G_002471,POSITIVE,VENDOR_ALIAS
P_002472,G_002472,NEGATIVE,TAX_MISMATCH
P_002473,G_002473,POSITIVE,VENDOR_ALIAS
P_002474,G_002474,POSITIVE,VENDOR_ALIAS
P_002475,G_002475,POSITIVE,EXACT
P_002476,G_002476,POSITIVE,EXACT
P_002477,G_002477,POSITIVE,EXACT
P_002478,G_002478,POSITIVE,EXACT
P_002479,G_002479,POSITIVE,EXACT
P_002480,G_002480,POSITIVE,VENDOR_ALIAS
P_002481,G_002481,POSITIVE,REF_MISSING
P_002482,G_002482,POSITIVE,REF_MISSING
P_002483,G_002483,POSITIVE,VENDOR_ALIAS
P_002484,G_002484,NEGATIVE,AMOUNT_MISMATCH
P_002485,G_002485,POSITIVE,EXACT
P_002486,G_002486,POSITIVE,VENDOR_ALIAS
P_002487,G_002487,POSITIVE,VENDOR_ALIAS
P_002488,G_002488,POSITIVE,EXACT
P_002489,G_002489,POSITIVE,EXACT
P_002490,G_002490,NEGATIVE,TAX_MISMATCH
P_002491,G_002491,POSITIVE,REF_MISSING
P_002492,G_002492,POSITIVE,EXACT
P_002493,G_002493,POSITIVE,EXACT
P_002494,G_002494,POSITIVE,EXACT
P_002495,G_002495,POSITIVE,EXACT
P_002496,G_002496,POSITIVE,EXACT
P_002497,G_002497,POSITIVE,REF_MISSING
P_002498,G_002498,POSITIVE,EXACT
P_002499,G_002499,POSITIVE,EXACT
P_002500,G_002500,POSITIVE,EXACT
P_002501,G_002501,POSITIVE,VENDOR_ALIAS
P_002502,G_002502,POSITIVE,EXACT
P_002503,G_002503,POSITIVE,EXACT
P_002504,G_002504,NEGATIVE,TAX_MISMATCH
P_002505,G_002505,POSITIVE,EXACT
P_002506,G_002506,POSITIVE,VENDOR_ALIAS
P_002507,G_002507,POSITIVE,EXACT
P_002508,G_002508,POSITIVE,EXACT
P_002509,G_002509,POSITIVE,EXACT
P_002510,G_002510,POSITIVE,EXACT
P_002511,G_002511,POSITIVE,VENDOR_ALIAS
P_002512,G_002512,POSITIVE,EXACT
P_002513,G_002513,POSITIVE,EXACT
P_002514,G_002514,POSITIVE,EXACT
P_002515,G_002515,NEGATIVE,TAX_MISMATCH
P_002516,G_002516,POSITIVE,EXACT
P_002517,G_002517,POSITIVE,REF_MISSING
P_002518,G_002518,POSITIVE,REF_MISSING
P_002519,G_002519,POSITIVE,EXACT
P_002520,G_002520,POSITIVE,EXACT
P_002521,G_002521,NEGATIVE,TAX_MISMATCH
P_002522,G_002522,POSITIVE,EXACT
P_002523,G_002523,POSITIVE,VENDOR_ALIAS
P_002524,G_002524,POSITIVE,VENDOR_ALIAS
P_002525,G_002525,POSITIVE,EXACT
P_002526,G_002526,POSITIVE,VENDOR_ALIAS
P_002527,G_002527,NEGATIVE,AMOUNT_MISMATCH
P_002528,G_002528,POSITIVE,EXACT
P_002529,G_002529,POSITIVE,VENDOR_ALIAS
P_002530,G_002530,NEGATIVE,AMOUNT_MISMATCH
P_002531,G_002531,POSITIVE,REF_MISSING
P_002532,G_002532,POSITIVE,EXACT
P_002533,G_002533,POSITIVE,EXACT
P_002534,G_002534,NEGATIVE,AMOUNT_MISMATCH
P_002535,G_002535,POSITIVE,EXACT
P_002536,G_002536,POSITIVE,REF_MISSING
P_002537,G_002537,NEGATIVE,AMOUNT_MISMATCH
P_002538,G_002538,POSITIVE,REF_MISSING
P_002539,G_002539,POSITIVE,EXACT
P_002540,G_002540,POSITIVE,EXACT
P_002541,G_002541,POSITIVE,EXACT
P_002542,G_002542,POSITIVE,EXACT
P_002543,G_002543,POSITIVE,EXACT
P_002544,G_002544,NEGATIVE,AMOUNT_MISMATCH
P_002545,G_002545,POSITIVE,VENDOR_ALIAS
P_002546,G_002546,NEGATIVE,AMOUNT_MISMATCH
P_002547,G_002547,POSITIVE,VENDOR_ALIAS
P_002548,G_002548,POSITIVE,EXACT
P_002549,G_002549,POSITIVE,EXACT
P_002550,G_002550,POSITIVE,EXACT
P_002551,G_002551,POSITIVE,EXACT
P_002552,G_002552,POSITIVE,EXACT
P_002553,G_002553,POSITIVE,REF_MISSING
P_002554,G_002554,POSITIVE,VENDOR_ALIAS
P_002555,G_002555,POSITIVE,REF_MISSING
P_002556,G_002556,POSITIVE,VENDOR_ALIAS
P_002557,G_002557,NEGATIVE,AMOUNT_MISMATCH
P_002558,G_002558,POSITIVE,REF_MISSING
P_002559,G_002559,NEGATIVE,TAX_MISMATCH
P_002560,G_002560,POSITIVE,REF_MISSING
P_002561,G_002561,POSITIVE,EXACT
P_002562,G_002562,POSITIVE,VENDOR_ALIAS
P_002563,G_002563,NEGATIVE,TAX_MISMATCH
P_002564,G_002564,POSITIVE,EXACT
P_002565,G_002565,POSITIVE,EXACT
P_002566,G_002566,POSITIVE,EXACT
P_002567,G_002567,POSITIVE,EXACT
P_002568,G_002568,POSITIVE,REF_MISSING
P_002569,G_002569,POSITIVE,EXACT
P_002570,G_002570,POSITIVE,EXACT
P_002571,G_002571,POSITIVE,EXACT
P_002572,G_002572,NEGATIVE,TAX_MISMATCH
P_002573,G_002573,POSITIVE,EXACT
P_002574,G_002574,POSITIVE,EXACT
P_002575,G_002575,POSITIVE,VENDOR_ALIAS
P_002576,G_002576,POSITIVE,VENDOR_ALIAS
P_002577,G_002577,POSITIVE,EXACT
P_002578,G_002578,POSITIVE,VENDOR_ALIAS
P_002579,G_002579,POSITIVE,EXACT
P_002580,G_002580,POSITIVE,EXACT
P_002581,G_002581,POSITIVE,VENDOR_ALIAS
P_002582,G_002582,POSITIVE,REF_MISSING
P_002583,G_002583,POSITIVE,VENDOR_ALIAS
P_002584,G_002584,POSITIVE,EXACT
P_002585,G_002585,POSITIVE,EXACT
P_002586,G_002586,NEGATIVE,AMOUNT_MISMATCH
P_002587,G_002587,POSITIVE,EXACT
P_002588,G_002588,POSITIVE,EXACT
P_002589,G_002589,POSITIVE,EXACT
P_002590,G_002590,POSITIVE,EXACT
P_002591,G_002591,POSITIVE,EXACT
P_002592,G_002592,POSITIVE,REF_MISSING
P_002593,G_002593,POSITIVE,REF_MISSING
P_002594,G_002594,POSITIVE,EXACT
P_002595,G_002595,POSITIVE,REF_MISSING
P_002596,G_002596,POSITIVE,EXACT
P_002597,G_002597,POSITIVE,EXACT
P_002598,G_002598,POSITIVE,REF_MISSING
P_002599,G_002599,POSITIVE,REF_MISSING
P_002600,G_002600,POSITIVE,EXACT
P_002601,G_002601,POSITIVE,EXACT
P_002602,G_002602,NEGATIVE,AMOUNT_MISMATCH
P_002603,G_002603,POSITIVE,VENDOR_ALIAS
P_002604,G_002604,POSITIVE,EXACT
P_002605,G_002605,POSITIVE,VENDOR_ALIAS
P_002606,G_002606,POSITIVE,EXACT
P_002607,G_002607,POSITIVE,VENDOR_ALIAS
P_002608,G_002608,POSITIVE,EXACT
P_002609,G_002609,POSITIVE,EXACT
P_002610,G_002610,POSITIVE,EXACT
P_002611,G_002611,POSITIVE,EXACT
P_002612,G_002612,NEGATIVE,TAX_MISMATCH
P_002613,G_002613,POSITIVE,EXACT
P_002614,G_002614,POSITIVE,EXACT
P_002615,G_002615,NEGATIVE,TAX_MISMATCH
P_002616,G_002616,POSITIVE,EXACT
P_002617,G_002617,POSITIVE,REF_MISSING
P_002618,G_002618,POSITIVE,EXACT
P_002619,G_002619,POSITIVE,VENDOR_ALIAS
P_002620,G_002620,NEGATIVE,AMOUNT_MISMATCH
P_002621,G_002621,POSITIVE,VENDOR_ALIAS
P_002622,G_002622,POSITIVE,REF_MISSING
P_002623,G_002623,NEGATIVE,AMOUNT_MISMATCH
P_002624,G_002624,POSITIVE,REF_MISSING
P_002625,G_002625,POSITIVE,EXACT
P_002626,G_002626,POSITIVE,REF_MISSING
P_002627,G_002627,NEGATIVE,AMOUNT_MISMATCH
P_002628,G_002628,POSITIVE,EXACT
P_002629,G_002629,POSITIVE,EXACT
P_002630,G_002630,POSITIVE,EXACT
P_002631,G_002631,POSITIVE,EXACT
P_002632,G_002632,POSITIVE,REF_MISSING
P_002633,G_002633,POSITIVE,EXACT
P_002634,G_002634,POSITIVE,VENDOR_ALIAS
P_002635,G_002635,POSITIVE,EXACT
P_002636,G_002636,POSITIVE,VENDOR_ALIAS
P_002637,G_002637,POSITIVE,EXACT
P_002638,G_002638,POSITIVE,EXACT
P_002639,G_002639,POSITIVE,EXACT
P_002640,G_002640,NEGATIVE,AMOUNT_MISMATCH
P_002641,G_002641,POSITIVE,VENDOR_ALIAS
P_002642,G_002642,POSITIVE,REF_MISSING
P_002643,G_002643,POSITIVE,REF_MISSING
P_002644,G_002644,POSITIVE,EXACT
P_002645,G_002645,POSITIVE,EXACT
P_002646,G_002646,POSITIVE,REF_MISSING
P_002647,G_002647,POSITIVE,EXACT
P_002648,G_002648,POSITIVE,REF_MISSING
P_002649,G_002649,POSITIVE,EXACT
P_002650,G_002650,NEGATIVE,AMOUNT_MISMATCH
P_002651,G_002651,POSITIVE,VENDOR_ALIAS
P_002652,G_002652,POSITIVE,EXACT
P_002653,G_002653,POSITIVE,EXACT
P_002654,G_002654,NEGATIVE,AMOUNT_MISMATCH
P_002655,G_002655,POSITIVE,EXACT
P_002656,G_002656,NEGATIVE,AMOUNT_MISMATCH
P_002657,G_002657,POSITIVE,EXACT
P_002658,G_002658,POSITIVE,REF_MISSING
P_002659,G_002659,POSITIVE,EXACT
P_002660,G_002660,POSITIVE,VENDOR_ALIAS
P_002661,G_002661,POSITIVE,EXACT
P_002662,G_002662,POSITIVE,EXACT
P_002663,G_002663,NEGATIVE,TAX_MISMATCH
P_002664,G_002664,POSITIVE,REF_MISSING
P_002665,G_002665,POSITIVE,EXACT
P_002666,G_002666,NEGATIVE,AMOUNT_MISMATCH
P_002667,G_002667,POSITIVE,EXACT
P_002668,G_002668,POSITIVE,VENDOR_ALIAS
P_002669,G_002669,POSITIVE,VENDOR_ALIAS
P_002670,G_002670,POSITIVE,VENDOR_ALIAS
P_002671,G_002671,POSITIVE,VENDOR_ALIAS
P_002672,G_002672,NEGATIVE,AMOUNT_MISMATCH
P_002673,G_002673,POSITIVE,EXACT
P_002674,G_002674,POSITIVE,REF_MISSING
P_002675,G_002675,NEGATIVE,AMOUNT_MISMATCH
P_002676,G_002676,POSITIVE,EXACT
P_002677,G_002677,POSITIVE,REF_MISSING
P_002678,G_002678,POSITIVE,EXACT
P_002679,G_002679,POSITIVE,VENDOR_ALIAS
P_002680,G_002680,POSITIVE,EXACT
P_002681,G_002681,NEGATIVE,TAX_MISMATCH
P_002682,G_002682,POSITIVE,EXACT
P_002683,G_002683,NEGATIVE,TAX_MISMATCH
P_002684,G_002684,POSITIVE,EXACT
P_002685,G_002685,POSITIVE,EXACT
P_002686,G_002686,POSITIVE,EXACT
P_002687,G_002687,NEGATIVE,AMOUNT_MISMATCH
P_002688,G_002688,POSITIVE,VENDOR_ALIAS
P_002689,G_002689,NEGATIVE,TAX_MISMATCH
P_002690,G_002690,POSITIVE,EXACT
P_002691,G_002691,POSITIVE,EXACT
P_002692,G_002692,POSITIVE,REF_MISSING
P_002693,G_002693,NEGATIVE,AMOUNT_MISMATCH
P_002694,G_002694,POSITIVE,EXACT
P_002695,G_002695,POSITIVE,VENDOR_ALIAS
P_002696,G_002696,POSITIVE,VENDOR_ALIAS
P_002697,G_002697,NEGATIVE,TAX_MISMATCH
P_002698,G_002698,POSITIVE,VENDOR_ALIAS
P_002699,G_002699,POSITIVE,EXACT
P_002700,G_002700,NEGATIVE,AMOUNT_MISMATCH
P_002701,G_002701,NEGATIVE,AMOUNT_MISMATCH
P_002702,G_002702,POSITIVE,REF_MISSING
P_002703,G_002703,NEGATIVE,AMOUNT_MISMATCH
P_002704,G_002704,POSITIVE,VENDOR_ALIAS
P_002705,G_002705,POSITIVE,EXACT
P_002706,G_002706,POSITIVE,VENDOR_ALIAS
P_002707,G_002707,POSITIVE,VENDOR_ALIAS
P_002708,G_002708,POSITIVE,EXACT
P_002709,G_002709,POSITIVE,REF_MISSING
P_002710,G_002710,POSITIVE,VENDOR_ALIAS
P_002711,G_002711,POSITIVE,EXACT
P_002712,G_002712,POSITIVE,VENDOR_ALIAS
P_002713,G_002713,POSITIVE,EXACT
P_002714,G_002714,POSITIVE,EXACT
P_002715,G_002715,NEGATIVE,AMOUNT_MISMATCH
P_002716,G_002716,POSITIVE,EXACT
P_002717,G_002717,POSITIVE,EXACT
P_002718,G_002718,POSITIVE,VENDOR_ALIAS
P_002719,G_002719,POSITIVE,REF_MISSING
P_002720,G_002720,POSITIVE,VENDOR_ALIAS
P_002721,G_002721,POSITIVE,VENDOR_ALIAS
P_002722,G_002722,POSITIVE,VENDOR_ALIAS
P_002723,G_002723,POSITIVE,REF_MISSING
P_002724,G_002724,POSITIVE,EXACT
P_002725,G_002725,NEGATIVE,TAX_MISMATCH
P_002726,G_002726,POSITIVE,EXACT
P_002727,G_002727,POSITIVE,EXACT
P_002728,G_002728,POSITIVE,EXACT
P_002729,G_002729,POSITIVE,REF_MISSING
P_002730,G_002730,POSITIVE,EXACT
P_002731,G_002731,NEGATIVE,AMOUNT_MISMATCH
P_002732,G_002732,POSITIVE,EXACT
P_002733,G_002733,POSITIVE,REF_MISSING
P_002734,G_002734,POSITIVE,VENDOR_ALIAS
P_002735,G_002735,POSITIVE,EXACT
P_002736,G_002736,POSITIVE,EXACT
P_002737,G_002737,POSITIVE,VENDOR_ALIAS
P_002738,G_002738,POSITIVE,EXACT
P_002739,G_002739,POSITIVE,REF_MISSING
P_002740,G_002740,POSITIVE,EXACT
P_002741,G_002741,POSITIVE,EXACT
P_002742,G_002742,POSITIVE,EXACT
P_002743,G_002743,POSITIVE,EXACT
P_002744,G_002744,POSITIVE,EXACT
P_002745,G_002745,POSITIVE,REF_MISSING
P_002746,G_002746,POSITIVE,EXACT
P_002747,G_002747,POSITIVE,REF_MISSING
P_002748,G_002748,POSITIVE,EXACT
P_002749,G_002749,POSITIVE,EXACT
P_002750,G_002750,POSITIVE,VENDOR_ALIAS
P_002751,G_002751,POSITIVE,EXACT
P_002752,G_002752,POSITIVE,REF_MISSING
P_002753,G_002753,POSITIVE,EXACT
P_002754,G_002754,POSITIVE,REF_MISSING
P_002755,G_002755,POSITIVE,EXACT
P_002756,G_002756,POSITIVE,VENDOR_ALIAS
P_002757,G_002757,POSITIVE,EXACT
P_002758,G_002758,POSITIVE,REF_MISSING
P_002759,G_002759,NEGATIVE,TAX_MISMATCH
P_002760,G_002760,POSITIVE,EXACT
P_002761,G_002761,NEGATIVE,TAX_MISMATCH
P_002762,G_002762,POSITIVE,REF_MISSING
P_002763,G_002763,POSITIVE,REF_MISSING
P_002764,G_002764,POSITIVE,EXACT
P_002765,G_002765,POSITIVE,EXACT
P_002766,G_002766,POSITIVE,EXACT
P_002767,G_002767,POSITIVE,EXACT
P_002768,G_002768,POSITIVE,EXACT
P_002769,G_002769,POSITIVE,REF_MISSING
P_002770,G_002770,POSITIVE,EXACT
P_002771,G_002771,POSITIVE,EXACT
P_002772,G_002772,POSITIVE,VENDOR_ALIAS
P_002773,G_002773,POSITIVE,EXACT
P_002774,G_002774,POSITIVE,EXACT
P_002775,G_002775,POSITIVE,EXACT
P_002776,G_002776,POSITIVE,EXACT
P_002777,G_002777,NEGATIVE,AMOUNT_MISMATCH
P_002778,G_002778,POSITIVE,EXACT
P_002779,G_002779,POSITIVE,EXACT
P_002780,G_002780,POSITIVE,REF_MISSING
P_002781,G_002781,POSITIVE,VENDOR_ALIAS
P_002782,G_002782,POSITIVE,VENDOR_ALIAS
P_002783,G_002783,POSITIVE,VENDOR_ALIAS
P_002784,G_002784,POSITIVE,EXACT
P_002785,G_002785,POSITIVE,VENDOR_ALIAS
P_002786,G_002786,POSITIVE,EXACT
P_002787,G_002787,POSITIVE,REF_MISSING
P_002788,G_002788,POSITIVE,EXACT
P_002789,G_002789,POSITIVE,EXACT
P_002790,G_002790,POSITIVE,EXACT
P_002791,G_002791,POSITIVE,EXACT
P_002792,G_002792,POSITIVE,VENDOR_ALIAS
P_002793,G_002793,POSITIVE,REF_MISSING
P_002794,G_002794,POSITIVE,EXACT
P_002795,G_002795,POSITIVE,EXACT
P_002796,G_002796,POSITIVE,EXACT
P_002797,G_002797,POSITIVE,VENDOR_ALIAS
P_002798,G_002798,POSITIVE,REF_MISSING
P_002799,G_002799,POSITIVE,VENDOR_ALIAS
P_002800,G_002800,POSITIVE,VENDOR_ALIAS
P_002801,G_002801,POSITIVE,EXACT
P_002802,G_002802,POSITIVE,EXACT
P_002803,G_002803,POSITIVE,EXACT
P_002804,G_002804,POSITIVE,VENDOR_ALIAS
P_002805,G_002805,NEGATIVE,TAX_MISMATCH
P_002806,G_002806,POSITIVE,REF_MISSING
P_002807,G_002807,POSITIVE,REF_MISSING
P_002808,G_002808,NEGATIVE,AMOUNT_MISMATCH
P_002809,G_002809,POSITIVE,VENDOR_ALIAS
P_002810,G_002810,POSITIVE,EXACT
P_002811,G_002811,POSITIVE,EXACT
P_002812,G_002812,POSITIVE,VENDOR_ALIAS
P_002813,G_002813,POSITIVE,REF_MISSING
P_002814,G_002814,POSITIVE,EXACT
P_002815,G_002815,POSITIVE,EXACT
P_002816,G_002816,POSITIVE,REF_MISSING
P_002817,G_002817,POSITIVE,VENDOR_ALIAS
P_002818,G_002818,POSITIVE,EXACT
P_002819,G_002819,NEGATIVE,AMOUNT_MISMATCH
P_002820,G_002820,POSITIVE,EXACT
P_002821,G_002821,NEGATIVE,AMOUNT_MISMATCH
P_002822,G_002822,POSITIVE,EXACT
P_002823,G_002823,POSITIVE,EXACT
P_002824,G_002824,POSITIVE,EXACT
P_002825,G_002825,POSITIVE,EXACT
P_002826,G_002826,POSITIVE,EXACT
P_002827,G_002827,NEGATIVE,AMOUNT_MISMATCH
P_002828,G_002828,POSITIVE,EXACT
P_002829,G_002829,POSITIVE,EXACT
P_002830,G_002830,NEGATIVE,AMOUNT_MISMATCH
P_002831,G_002831,POSITIVE,EXACT
P_002832,G_002832,POSITIVE,VENDOR_ALIAS
P_002833,G_002833,POSITIVE,VENDOR_ALIAS
P_002834,G_002834,POSITIVE,EXACT
P_002835,G_002835,POSITIVE,EXACT
P_002836,G_002836,POSITIVE,EXACT
P_002837,G_002837,POSITIVE,REF_MISSING
P_002838,G_002838,POSITIVE,EXACT
P_002839,G_002839,NEGATIVE,TAX_MISMATCH
P_002840,G_002840,POSITIVE,REF_MISSING
P_002841,G_002841,POSITIVE,EXACT
P_002842,G_002842,POSITIVE,EXACT
P_002843,G_002843,NEGATIVE,AMOUNT_MISMATCH
P_002844,G_002844,POSITIVE,EXACT
P_002845,G_002845,POSITIVE,EXACT
P_002846,G_002846,POSITIVE,EXACT
P_002847,G_002847,POSITIVE,VENDOR_ALIAS
P_002848,G_002848,POSITIVE,VENDOR_ALIAS
P_002849,G_002849,POSITIVE,EXACT
P_002850,G_002850,NEGATIVE,AMOUNT_MISMATCH
P_002851,G_002851,POSITIVE,EXACT
P_002852,G_002852,POSITIVE,VENDOR_ALIAS
P_002853,G_002853,POSITIVE,VENDOR_ALIAS
P_002854,G_002854,POSITIVE,EXACT
P_002855,G_002855,NEGATIVE,AMOUNT_MISMATCH
P_002856,G_002856,POSITIVE,EXACT
P_002857,G_002857,POSITIVE,REF_MISSING
P_002858,G_002858,NEGATIVE,TAX_MISMATCH
P_002859,G_002859,POSITIVE,EXACT
P_002860,G_002860,NEGATIVE,TAX_MISMATCH
P_002861,G_002861,POSITIVE,EXACT
P_002862,G_002862,POSITIVE,EXACT
P_002863,G_002863,POSITIVE,VENDOR_ALIAS
P_002864,G_002864,POSITIVE,EXACT
P_002865,G_002865,POSITIVE,VENDOR_ALIAS
P_002866,G_002866,POSITIVE,EXACT
P_002867,G_002867,POSITIVE,EXACT
P_002868,G_002868,POSITIVE,EXACT
P_002869,G_002869,POSITIVE,EXACT
P_002870,G_002870,POSITIVE,EXACT
P_002871,G_002871,NEGATIVE,AMOUNT_MISMATCH
P_002872,G_002872,POSITIVE,EXACT
P_002873,G_002873,POSITIVE,REF_MISSING
P_002874,G_002874,NEGATIVE,TAX_MISMATCH
P_002875,G_002875,POSITIVE,VENDOR_ALIAS
P_002876,G_002876,POSITIVE,EXACT
P_002877,G_002877,POSITIVE,VENDOR_ALIAS
P_002878,G_002878,POSITIVE,EXACT
P_002879,G_002879,POSITIVE,VENDOR_ALIAS
P_002880,G_002880,POSITIVE,EXACT
P_002881,G_002881,POSITIVE,EXACT
P_002882,G_002882,NEGATIVE,AMOUNT_MISMATCH
P_002883,G_002883,NEGATIVE,AMOUNT_MISMATCH
P_002884,G_002884,POSITIVE,EXACT
P_002885,G_002885,POSITIVE,EXACT
P_002886,G_002886,POSITIVE,EXACT
P_002887,G_002887,POSITIVE,EXACT
P_002888,G_002888,POSITIVE,EXACT
P_002889,G_002889,POSITIVE,EXACT
P_002890,G_002890,POSITIVE,EXACT
P_002891,G_002891,POSITIVE,EXACT
P_002892,G_002892,POSITIVE,EXACT
P_002893,G_002893,POSITIVE,EXACT
P_002894,G_002894,POSITIVE,VENDOR_ALIAS
P_002895,G_002895,POSITIVE,REF_MISSING
P_002896,G_002896,POSITIVE,EXACT
P_002897,G_002897,POSITIVE,REF_MISSING
P_002898,G_002898,POSITIVE,VENDOR_ALIAS
P_002899,G_002899,POSITIVE,VENDOR_ALIAS
P_002900,G_002900,POSITIVE,REF_MISSING
P_002901,G_002901,NEGATIVE,AMOUNT_MISMATCH
P_002902,G_002902,POSITIVE,VENDOR_ALIAS
P_002903,G_002903,POSITIVE,REF_MISSING
P_002904,G_002904,POSITIVE,EXACT
P_002905,G_002905,POSITIVE,REF_MISSING
P_002906,G_002906,POSITIVE,EXACT
P_002907,G_002907,POSITIVE,REF_MISSING
P_002908,G_002908,NEGATIVE,AMOUNT_MISMATCH
P_002909,G_002909,POSITIVE,EXACT
P_002910,G_002910,POSITIVE,VENDOR_ALIAS
P_002911,G_002911,POSITIVE,EXACT
P_002912,G_002912,POSITIVE,EXACT
P_002913,G_002913,POSITIVE,EXACT
P_002914,G_002914,NEGATIVE,TAX_MISMATCH
P_002915,G_002915,NEGATIVE,TAX_MISMATCH
P_002916,G_002916,POSITIVE,VENDOR_ALIAS
P_002917,G_002917,POSITIVE,EXACT
P_002918,G_002918,NEGATIVE,TAX_MISMATCH
P_002919,G_002919,POSITIVE,VENDOR_ALIAS
P_002920,G_002920,POSITIVE,VENDOR_ALIAS
P_002921,G_002921,POSITIVE,REF_MISSING
P_002922,G_002922,POSITIVE,EXACT
P_002923,G_002923,POSITIVE,EXACT
P_002924,G_002924,NEGATIVE,AMOUNT_MISMATCH
P_002925,G_002925,POSITIVE,EXACT
P_002926,G_002926,POSITIVE,EXACT
P_002927,G_002927,POSITIVE,EXACT
P_002928,G_002928,NEGATIVE,AMOUNT_MISMATCH
P_002929,G_002929,POSITIVE,EXACT
P_002930,G_002930,POSITIVE,EXACT
P_002931,G_002931,NEGATIVE,TAX_MISMATCH
P_002932,G_002932,NEGATIVE,TAX_MISMATCH
P_002933,G_002933,POSITIVE,VENDOR_ALIAS
P_002934,G_002934,POSITIVE,REF_MISSING
P_002935,G_002935,POSITIVE,VENDOR_ALIAS
P_002936,G_002936,POSITIVE,EXACT
P_002937,G_002937,POSITIVE,REF_MISSING
P_002938,G_002938,POSITIVE,EXACT
P_002939,G_002939,POSITIVE,EXACT
P_002940,G_002940,POSITIVE,EXACT
P_002941,G_002941,POSITIVE,REF_MISSING
P_002942,G_002942,POSITIVE,VENDOR_ALIAS
P_002943,G_002943,POSITIVE,EXACT
P_002944,G_002944,POSITIVE,EXACT
P_002945,G_002945,POSITIVE,EXACT
P_002946,G_002946,NEGATIVE,TAX_MISMATCH
P_002947,G_002947,POSITIVE,EXACT
P_002948,G_002948,POSITIVE,EXACT
P_002949,G_002949,POSITIVE,EXACT
P_002950,G_002950,POSITIVE,VENDOR_ALIAS
P_002951,G_002951,POSITIVE,EXACT
P_002952,G_002952,NEGATIVE,AMOUNT_MISMATCH
P_002953,G_002953,POSITIVE,EXACT
P_002954,G_002954,NEGATIVE,TAX_MISMATCH
P_002955,G_002955,POSITIVE,EXACT
P_002956,G_002956,POSITIVE,EXACT
P_002957,G_002957,POSITIVE,EXACT
P_002958,G_002958,POSITIVE,EXACT
P_002959,G_002959,POSITIVE,EXACT
P_002960,G_002960,POSITIVE,EXACT
P_002961,G_002961,POSITIVE,EXACT
P_002962,G_002962,POSITIVE,REF_MISSING
P_002963,G_002963,POSITIVE,VENDOR_ALIAS
P_002964,G_002964,POSITIVE,EXACT
P_002965,G_002965,POSITIVE,VENDOR_ALIAS
P_002966,G_002966,POSITIVE,REF_MISSING
P_002967,G_002967,POSITIVE,EXACT
P_002968,G_002968,POSITIVE,EXACT
P_002969,G_002969,NEGATIVE,TAX_MISMATCH
P_002970,G_002970,POSITIVE,VENDOR_ALIAS
P_002971,G_002971,POSITIVE,EXACT
P_002972,G_002972,POSITIVE,REF_MISSING
P_002973,G_002973,POSITIVE,EXACT
P_002974,G_002974,POSITIVE,EXACT
P_002975,G_002975,POSITIVE,EXACT
P_002976,G_002976,POSITIVE,EXACT
P_002977,G_002977,POSITIVE,EXACT
P_002978,G_002978,NEGATIVE,TAX_MISMATCH
P_002979,G_002979,POSITIVE,EXACT
P_002980,G_002980,POSITIVE,EXACT
P_002981,G_002981,POSITIVE,EXACT
P_002982,G_002982,NEGATIVE,AMOUNT_MISMATCH
P_002983,G_002983,NEGATIVE,TAX_MISMATCH
P_002984,G_002984,POSITIVE,EXACT
P_002985,G_002985,NEGATIVE,AMOUNT_MISMATCH
P_002986,G_002986,POSITIVE,VENDOR_ALIAS
P_002987,G_002987,POSITIVE,EXACT
P_002988,G_002988,POSITIVE,VENDOR_ALIAS
P_002989,G_002989,POSITIVE,REF_MISSING
P_002990,G_002990,NEGATIVE,AMOUNT_MISMATCH
P_002991,G_002991,NEGATIVE,AMOUNT_MISMATCH
P_002992,G_002992,POSITIVE,EXACT
P_002993,G_002993,POSITIVE,REF_MISSING
P_002994,G_002994,POSITIVE,EXACT
P_002995,G_002995,POSITIVE,VENDOR_ALIAS
P_002996,G_002996,POSITIVE,EXACT
P_002997,G_002997,POSITIVE,EXACT
P_002998,G_002998,NEGATIVE,TAX_MISMATCH
P_002999,G_002999,POSITIVE,EXACT
P_003000,G_003000,POSITIVE,EXACT
P_003001,G_003001,POSITIVE,VENDOR_ALIAS
P_003002,G_003002,POSITIVE,EXACT
P_003003,G_003003,POSITIVE,VENDOR_ALIAS
P_003004,G_003004,POSITIVE,EXACT
P_003005,G_003005,POSITIVE,EXACT
P_003006,G_003006,POSITIVE,EXACT
P_003007,G_003007,POSITIVE,VENDOR_ALIAS
P_003008,G_003008,POSITIVE,EXACT
P_003009,G_003009,POSITIVE,REF_MISSING
P_003010,G_003010,POSITIVE,EXACT
P_003011,G_003011,NEGATIVE,AMOUNT_MISMATCH
P_003012,G_003012,POSITIVE,EXACT
P_003013,G_003013,POSITIVE,EXACT
P_003014,G_003014,POSITIVE,EXACT
P_003015,G_003015,NEGATIVE,AMOUNT_MISMATCH
P_003016,G_003016,POSITIVE,EXACT
P_003017,G_003017,NEGATIVE,TAX_MISMATCH
P_003018,G_003018,POSITIVE,REF_MISSING
P_003019,G_003019,POSITIVE,REF_MISSING
P_003020,G_003020,POSITIVE,VENDOR_ALIAS
P_003021,G_003021,POSITIVE,EXACT
P_003022,G_003022,POSITIVE,EXACT
P_003023,G_003023,POSITIVE,REF_MISSING
P_003024,G_003024,POSITIVE,EXACT
P_003025,G_003025,NEGATIVE,TAX_MISMATCH
P_003026,G_003026,POSITIVE,EXACT
P_003027,G_003027,POSITIVE,EXACT
P_003028,G_003028,POSITIVE,EXACT
P_003029,G_003029,POSITIVE,REF_MISSING
P_003030,G_003030,POSITIVE,VENDOR_ALIAS
P_003031,G_003031,POSITIVE,EXACT
P_003032,G_003032,POSITIVE,EXACT
P_003033,G_003033,POSITIVE,VENDOR_ALIAS
P_003034,G_003034,NEGATIVE,AMOUNT_MISMATCH
P_003035,G_003035,NEGATIVE,AMOUNT_MISMATCH
P_003036,G_003036,POSITIVE,EXACT
P_003037,G_003037,POSITIVE,EXACT
P_003038,G_003038,POSITIVE,EXACT
P_003039,G_003039,POSITIVE,VENDOR_ALIAS
P_003040,G_003040,POSITIVE,EXACT
P_003041,G_003041,POSITIVE,EXACT
P_003042,G_003042,POSITIVE,VENDOR_ALIAS
P_003043,G_003043,POSITIVE,VENDOR_ALIAS
P_003044,G_003044,POSITIVE,REF_MISSING
P_003045,G_003045,POSITIVE,EXACT
P_003046,G_003046,NEGATIVE,TAX_MISMATCH
P_003047,G_003047,POSITIVE,EXACT
P_003048,G_003048,POSITIVE,EXACT
P_003049,G_003049,POSITIVE,EXACT
P_003050,G_003050,POSITIVE,EXACT
P_003051,G_003051,POSITIVE,EXACT
P_003052,G_003052,POSITIVE,REF_MISSING
P_003053,G_003053,POSITIVE,EXACT
P_003054,G_003054,POSITIVE,REF_MISSING
P_003055,G_003055,NEGATIVE,AMOUNT_MISMATCH
P_003056,G_003056,NEGATIVE,AMOUNT_MISMATCH
P_003057,G_003057,POSITIVE,EXACT
P_003058,G_003058,NEGATIVE,TAX_MISMATCH
P_003059,G_003059,NEGATIVE,TAX_MISMATCH
P_003060,G_003060,POSITIVE,VENDOR_ALIAS
P_003061,G_003061,NEGATIVE,TAX_MISMATCH
P_003062,G_003062,POSITIVE,REF_MISSING
P_003063,G_003063,POSITIVE,REF_MISSING
P_003064,G_003064,NEGATIVE,TAX_MISMATCH
P_003065,G_003065,POSITIVE,EXACT
P_003066,G_003066,POSITIVE,VENDOR_ALIAS
P_003067,G_003067,POSITIVE,EXACT
P_003068,G_003068,POSITIVE,EXACT
P_003069,G_003069,POSITIVE,REF_MISSING
P_003070,G_003070,NEGATIVE,AMOUNT_MISMATCH
P_003071,G_003071,POSITIVE,VENDOR_ALIAS
P_003072,G_003072,POSITIVE,EXACT
P_003073,G_003073,NEGATIVE,AMOUNT_MISMATCH
P_003074,G_003074,POSITIVE,VENDOR_ALIAS
P_003075,G_003075,NEGATIVE,AMOUNT_MISMATCH
P_003076,G_003076,POSITIVE,REF_MISSING
P_003077,G_003077,NEGATIVE,AMOUNT_MISMATCH
P_003078,G_003078,POSITIVE,EXACT
P_003079,G_003079,POSITIVE,VENDOR_ALIAS
P_003080,G_003080,NEGATIVE,TAX_MISMATCH
P_003081,G_003081,POSITIVE,EXACT
P_003082,G_003082,NEGATIVE,AMOUNT_MISMATCH
P_003083,G_003083,POSITIVE,VENDOR_ALIAS
P_003084,G_003084,POSITIVE,EXACT
P_003085,G_003085,POSITIVE,EXACT
P_003086,G_003086,POSITIVE,EXACT
P_003087,G_003087,POSITIVE,EXACT
P_003088,G_003088,POSITIVE,EXACT
P_003089,G_003089,POSITIVE,EXACT
P_003090,G_003090,POSITIVE,EXACT
P_003091,G_003091,NEGATIVE,AMOUNT_MISMATCH
P_003092,G_003092,POSITIVE,VENDOR_ALIAS
P_003093,G_003093,POSITIVE,VENDOR_ALIAS
P_003094,G_003094,POSITIVE,EXACT
P_003095,G_003095,POSITIVE,VENDOR_ALIAS
P_003096,G_003096,POSITIVE,VENDOR_ALIAS
P_003097,G_003097,POSITIVE,VENDOR_ALIAS
P_003098,G_003098,NEGATIVE,TAX_MISMATCH
P_003099,G_003099,POSITIVE,EXACT
P_003100,G_003100,POSITIVE,EXACT
P_003101,G_003101,POSITIVE,VENDOR_ALIAS
P_003102,G_003102,POSITIVE,VENDOR_ALIAS
P_003103,G_003103,POSITIVE,EXACT
P_003104,G_003104,POSITIVE,EXACT
P_003105,G_003105,POSITIVE,VENDOR_ALIAS
P_003106,G_003106,POSITIVE,EXACT
P_003107,G_003107,POSITIVE,EXACT
P_003108,G_003108,POSITIVE,EXACT
P_003109,G_003109,POSITIVE,REF_MISSING
P_003110,G_003110,POSITIVE,EXACT
P_003111,G_003111,POSITIVE,EXACT
P_003112,G_003112,NEGATIVE,AMOUNT_MISMATCH
P_003113,G_003113,POSITIVE,REF_MISSING
P_003114,G_003114,POSITIVE,EXACT
P_003115,G_003115,POSITIVE,EXACT
P_003116,G_003116,POSITIVE,EXACT
P_003117,G_003117,POSITIVE,EXACT
P_003118,G_003118,POSITIVE,EXACT
P_003119,G_003119,POSITIVE,EXACT
P_003120,G_003120,POSITIVE,EXACT
P_003121,G_003121,POSITIVE,EXACT
P_003122,G_003122,POSITIVE,EXACT
P_003123,G_003123,POSITIVE,EXACT
P_003124,G_003124,POSITIVE,VENDOR_ALIAS
P_003125,G_003125,POSITIVE,REF_MISSING
P_003126,G_003126,POSITIVE,VENDOR_ALIAS
P_003127,G_003127,POSITIVE,EXACT
P_003128,G_003128,POSITIVE,VENDOR_ALIAS
P_003129,G_003129,NEGATIVE,AMOUNT_MISMATCH
P_003130,G_003130,POSITIVE,EXACT
P_003131,G_003131,POSITIVE,EXACT
P_003132,G_003132,POSITIVE,EXACT
P_003133,G_003133,POSITIVE,EXACT
P_003134,G_003134,POSITIVE,VENDOR_ALIAS
P_003135,G_003135,POSITIVE,EXACT
P_003136,G_003136,POSITIVE,REF_MISSING
P_003137,G_003137,NEGATIVE,TAX_MISMATCH
P_003138,G_003138,POSITIVE,EXACT
P_003139,G_003139,POSITIVE,EXACT
P_003140,G_003140,POSITIVE,REF_MISSING
P_003141,G_003141,POSITIVE,EXACT
P_003142,G_003142,POSITIVE,VENDOR_ALIAS
P_003143,G_003143,POSITIVE,REF_MISSING
P_003144,G_003144,POSITIVE,REF_MISSING
P_003145,G_003145,POSITIVE,VENDOR_ALIAS
P_003146,G_003146,POSITIVE,EXACT
P_003147,G_003147,POSITIVE,REF_MISSING
P_003148,G_003148,POSITIVE,EXACT
P_003149,G_003149,POSITIVE,REF_MISSING
P_003150,G_003150,POSITIVE,EXACT
P_003151,G_003151,POSITIVE,VENDOR_ALIAS
P_003152,G_003152,POSITIVE,EXACT
P_003153,G_003153,NEGATIVE,TAX_MISMATCH
P_003154,G_003154,POSITIVE,VENDOR_ALIAS
P_003155,G_003155,POSITIVE,VENDOR_ALIAS
P_003156,G_003156,POSITIVE,EXACT
P_003157,G_003157,POSITIVE,EXACT
P_003158,G_003158,POSITIVE,EXACT
P_003159,G_003159,POSITIVE,REF_MISSING
P_003160,G_003160,NEGATIVE,AMOUNT_MISMATCH
P_003161,G_003161,POSITIVE,EXACT
P_003162,G_003162,POSITIVE,EXACT
P_003163,G_003163,POSITIVE,VENDOR_ALIAS
P_003164,G_003164,POSITIVE,REF_MISSING
P_003165,G_003165,POSITIVE,EXACT
P_003166,G_003166,POSITIVE,REF_MISSING
P_003167,G_003167,NEGATIVE,AMOUNT_MISMATCH
P_003168,G_003168,POSITIVE,EXACT
P_003169,G_003169,POSITIVE,EXACT
P_003170,G_003170,POSITIVE,VENDOR_ALIAS
P_003171,G_003171,NEGATIVE,AMOUNT_MISMATCH
P_003172,G_003172,NEGATIVE,AMOUNT_MISMATCH
P_003173,G_003173,POSITIVE,EXACT
P_003174,G_003174,POSITIVE,EXACT
P_003175,G_003175,POSITIVE,EXACT
P_003176,G_003176,POSITIVE,REF_MISSING
P_003177,G_003177,NEGATIVE,AMOUNT_MISMATCH
P_003178,G_003178,NEGATIVE,AMOUNT_MISMATCH
P_003179,G_003179,POSITIVE,EXACT
P_003180,G_003180,POSITIVE,EXACT
P_003181,G_003181,POSITIVE,REF_MISSING
P_003182,G_003182,POSITIVE,EXACT
P_003183,G_003183,POSITIVE,VENDOR_ALIAS
P_003184,G_003184,NEGATIVE,AMOUNT_MISMATCH
P_003185,G_003185,POSITIVE,REF_MISSING
P_003186,G_003186,POSITIVE,EXACT
P_003187,G_003187,POSITIVE,EXACT
P_003188,G_003188,POSITIVE,REF_MISSING
P_003189,G_003189,POSITIVE,EXACT
P_003190,G_003190,NEGATIVE,AMOUNT_MISMATCH
P_003191,G_003191,POSITIVE,REF_MISSING
P_003192,G_003192,POSITIVE,EXACT
P_003193,G_003193,POSITIVE,EXACT
P_003194,G_003194,POSITIVE,EXACT
P_003195,G_003195,POSITIVE,REF_MISSING
P_003196,G_003196,POSITIVE,EXACT
P_003197,G_003197,NEGATIVE,AMOUNT_MISMATCH
P_003198,G_003198,POSITIVE,VENDOR_ALIAS
P_003199,G_003199,POSITIVE,VENDOR_ALIAS
P_003200,G_003200,POSITIVE,VENDOR_ALIAS
P_003201,G_003201,POSITIVE,EXACT
P_003202,G_003202,POSITIVE,EXACT
P_003203,G_003203,POSITIVE,EXACT
P_003204,G_003204,POSITIVE,VENDOR_ALIAS
P_003205,G_003205,POSITIVE,EXACT
P_003206,G_003206,POSITIVE,EXACT
P_003207,G_003207,POSITIVE,EXACT
P_003208,G_003208,POSITIVE,REF_MISSING
P_003209,G_003209,POSITIVE,EXACT
P_003210,G_003210,POSITIVE,EXACT
P_003211,G_003211,NEGATIVE,TAX_MISMATCH
P_003212,G_003212,POSITIVE,EXACT
P_003213,G_003213,POSITIVE,REF_MISSING
P_003214,G_003214,POSITIVE,EXACT
P_003215,G_003215,POSITIVE,EXACT
P_003216,G_003216,POSITIVE,EXACT
P_003217,G_003217,NEGATIVE,AMOUNT_MISMATCH
P_003218,G_003218,POSITIVE,VENDOR_ALIAS
P_003219,G_003219,POSITIVE,EXACT
P_003220,G_003220,POSITIVE,EXACT
P_003221,G_003221,POSITIVE,VENDOR_ALIAS
P_003222,G_003222,POSITIVE,REF_MISSING
P_003223,G_003223,POSITIVE,REF_MISSING
P_003224,G_003224,NEGATIVE,AMOUNT_MISMATCH
P_003225,G_003225,POSITIVE,VENDOR_ALIAS
P_003226,G_003226,POSITIVE,REF_MISSING
P_003227,G_003227,POSITIVE,VENDOR_ALIAS
P_003228,G_003228,POSITIVE,EXACT
P_003229,G_003229,POSITIVE,EXACT
P_003230,G_003230,POSITIVE,EXACT
P_003231,G_003231,POSITIVE,EXACT
P_003232,G_003232,POSITIVE,REF_MISSING
P_003233,G_003233,POSITIVE,EXACT
P_003234,G_003234,POSITIVE,EXACT
P_003235,G_003235,POSITIVE,EXACT
P_003236,G_003236,POSITIVE,REF_MISSING
P_003237,G_003237,POSITIVE,EXACT
P_003238,G_003238,POSITIVE,EXACT
P_003239,G_003239,POSITIVE,EXACT
P_003240,G_003240,NEGATIVE,AMOUNT_MISMATCH
P_003241,G_003241,POSITIVE,EXACT
P_003242,G_003242,POSITIVE,EXACT
P_003243,G_003243,NEGATIVE,AMOUNT_MISMATCH
P_003244,G_003244,POSITIVE,EXACT
P_003245,G_003245,POSITIVE,EXACT
P_003246,G_003246,POSITIVE,REF_MISSING
P_003247,G_003247,POSITIVE,VENDOR_ALIAS
P_003248,G_003248,POSITIVE,EXACT
P_003249,G_003249,POSITIVE,REF_MISSING
P_003250,G_003250,POSITIVE,VENDOR_ALIAS
P_003251,G_003251,POSITIVE,REF_MISSING
P_003252,G_003252,NEGATIVE,AMOUNT_MISMATCH
P_003253,G_003253,POSITIVE,EXACT
P_003254,G_003254,POSITIVE,EXACT
P_003255,G_003255,NEGATIVE,AMOUNT_MISMATCH
P_003256,G_003256,POSITIVE,EXACT
P_003257,G_003257,POSITIVE,EXACT
P_003258,G_003258,POSITIVE,EXACT
P_003259,G_003259,POSITIVE,VENDOR_ALIAS
P_003260,G_003260,NEGATIVE,TAX_MISMATCH
P_003261,G_003261,POSITIVE,EXACT
P_003262,G_003262,NEGATIVE,AMOUNT_MISMATCH
P_003263,G_003263,NEGATIVE,AMOUNT_MISMATCH
P_003264,G_003264,POSITIVE,REF_MISSING
P_003265,G_003265,POSITIVE,EXACT
P_003266,G_003266,POSITIVE,EXACT
P_003267,G_003267,NEGATIVE,AMOUNT_MISMATCH
P_003268,G_003268,POSITIVE,REF_MISSING
P_003269,G_003269,POSITIVE,EXACT
P_003270,G_003270,NEGATIVE,TAX_MISMATCH
P_003271,G_003271,POSITIVE,EXACT
P_003272,G_003272,POSITIVE,VENDOR_ALIAS
P_003273,G_003273,POSITIVE,REF_MISSING
P_003274,G_003274,POSITIVE,EXACT
P_003275,G_003275,POSITIVE,REF_MISSING
P_003276,G_003276,POSITIVE,VENDOR_ALIAS
P_003277,G_003277,POSITIVE,VENDOR_ALIAS
P_003278,G_003278,POSITIVE,VENDOR_ALIAS
P_003279,G_003279,POSITIVE,EXACT
P_003280,G_003280,POSITIVE,EXACT
P_003281,G_003281,POSITIVE,EXACT
P_003282,G_003282,POSITIVE,EXACT
P_003283,G_003283,POSITIVE,REF_MISSING
P_003284,G_003284,POSITIVE,EXACT
P_003285,G_003285,POSITIVE,EXACT
P_003286,G_003286,POSITIVE,VENDOR_ALIAS
P_003287,G_003287,NEGATIVE,AMOUNT_MISMATCH
P_003288,G_003288,NEGATIVE,AMOUNT_MISMATCH
P_003289,G_003289,POSITIVE,EXACT
P_003290,G_003290,POSITIVE,EXACT
P_003291,G_003291,POSITIVE,REF_MISSING
P_003292,G_003292,NEGATIVE,TAX_MISMATCH
P_003293,G_003293,POSITIVE,REF_MISSING
P_003294,G_003294,POSITIVE,EXACT
P_003295,G_003295,POSITIVE,REF_MISSING
P_003296,G_003296,POSITIVE,VENDOR_ALIAS
P_003297,G_003297,POSITIVE,EXACT
P_003298,G_003298,NEGATIVE,AMOUNT_MISMATCH
P_003299,G_003299,NEGATIVE,AMOUNT_MISMATCH
P_003300,G_003300,POSITIVE,VENDOR_ALIAS
P_003301,G_003301,POSITIVE,REF_MISSING
P_003302,G_003302,POSITIVE,EXACT
P_003303,G_003303,POSITIVE,REF_MISSING
P_003304,G_003304,POSITIVE,EXACT
P_003305,G_003305,POSITIVE,EXACT
P_003306,G_003306,NEGATIVE,AMOUNT_MISMATCH
P_003307,G_003307,POSITIVE,REF_MISSING
P_003308,G_003308,NEGATIVE,AMOUNT_MISMATCH
P_003309,G_003309,POSITIVE,REF_MISSING
P_003310,G_003310,POSITIVE,VENDOR_ALIAS
P_003311,G_003311,POSITIVE,EXACT
P_003312,G_003312,POSITIVE,VENDOR_ALIAS
P_003313,G_003313,POSITIVE,EXACT
P_003314,G_003314,POSITIVE,EXACT
P_003315,G_003315,POSITIVE,EXACT
P_003316,G_003316,POSITIVE,VENDOR_ALIAS
P_003317,G_003317,POSITIVE,REF_MISSING
P_003318,G_003318,NEGATIVE,TAX_MISMATCH
P_003319,G_003319,POSITIVE,EXACT
P_003320,G_003320,NEGATIVE,AMOUNT_MISMATCH
P_003321,G_003321,POSITIVE,EXACT
P_003322,G_003322,NEGATIVE,TAX_MISMATCH
P_003323,G_003323,POSITIVE,REF_MISSING
P_003324,G_003324,NEGATIVE,TAX_MISMATCH
P_003325,G_003325,POSITIVE,VENDOR_ALIAS
P_003326,G_003326,POSITIVE,VENDOR_ALIAS
P_003327,G_003327,POSITIVE,EXACT
P_003328,G_003328,POSITIVE,EXACT
P_003329,G_003329,POSITIVE,EXACT
P_003330,G_003330,POSITIVE,VENDOR_ALIAS
P_003331,G_003331,POSITIVE,REF_MISSING
P_003332,G_003332,POSITIVE,EXACT
P_003333,G_003333,NEGATIVE,AMOUNT_MISMATCH
P_003334,G_003334,POSITIVE,EXACT
P_003335,G_003335,POSITIVE,VENDOR_ALIAS
P_003336,G_003336,POSITIVE,VENDOR_ALIAS
P_003337,G_003337,POSITIVE,EXACT
P_003338,G_003338,POSITIVE,EXACT
P_003339,G_003339,POSITIVE,EXACT
P_003340,G_003340,POSITIVE,REF_MISSING
P_003341,G_003341,POSITIVE,EXACT
P_003342,G_003342,POSITIVE,EXACT
P_003343,G_003343,POSITIVE,VENDOR_ALIAS
P_003344,G_003344,NEGATIVE,TAX_MISMATCH
P_003345,G_003345,NEGATIVE,AMOUNT_MISMATCH
P_003346,G_003346,POSITIVE,EXACT
P_003347,G_003347,POSITIVE,EXACT
P_003348,G_003348,POSITIVE,EXACT
P_003349,G_003349,NEGATIVE,AMOUNT_MISMATCH
P_003350,G_003350,POSITIVE,REF_MISSING
P_003351,G_003351,POSITIVE,EXACT
P_003352,G_003352,POSITIVE,VENDOR_ALIAS
P_003353,G_003353,POSITIVE,EXACT
P_003354,G_003354,POSITIVE,EXACT
P_003355,G_003355,POSITIVE,EXACT
P_003356,G_003356,POSITIVE,EXACT
P_003357,G_003357,NEGATIVE,AMOUNT_MISMATCH
P_003358,G_003358,POSITIVE,EXACT
P_003359,G_003359,NEGATIVE,AMOUNT_MISMATCH
P_003360,G_003360,POSITIVE,REF_MISSING
P_003361,G_003361,POSITIVE,EXACT
P_003362,G_003362,POSITIVE,EXACT
P_003363,G_003363,POSITIVE,EXACT
P_003364,G_003364,POSITIVE,EXACT
P_003365,G_003365,POSITIVE,VENDOR_ALIAS
P_003366,G_003366,POSITIVE,REF_MISSING
P_003367,G_003367,POSITIVE,VENDOR_ALIAS
P_003368,G_003368,POSITIVE,VENDOR_ALIAS
P_003369,G_003369,POSITIVE,VENDOR_ALIAS
P_003370,G_003370,POSITIVE,EXACT
P_003371,G_003371,POSITIVE,EXACT
P_003372,G_003372,POSITIVE,EXACT
P_003373,G_003373,POSITIVE,REF_MISSING
P_003374,G_003374,NEGATIVE,TAX_MISMATCH
P_003375,G_003375,POSITIVE,EXACT
P_003376,G_003376,POSITIVE,EXACT
P_003377,G_003377,POSITIVE,VENDOR_ALIAS
P_003378,G_003378,POSITIVE,EXACT
P_003379,G_003379,POSITIVE,EXACT
P_003380,G_003380,POSITIVE,EXACT
P_003381,G_003381,POSITIVE,VENDOR_ALIAS
P_003382,G_003382,NEGATIVE,AMOUNT_MISMATCH
P_003383,G_003383,POSITIVE,EXACT
P_003384,G_003384,POSITIVE,EXACT
P_003385,G_003385,POSITIVE,EXACT
P_003386,G_003386,NEGATIVE,AMOUNT_MISMATCH
P_003387,G_003387,POSITIVE,EXACT
P_003388,G_003388,POSITIVE,VENDOR_ALIAS
P_003389,G_003389,POSITIVE,EXACT
P_003390,G_003390,POSITIVE,REF_MISSING
P_003391,G_003391,POSITIVE,EXACT
P_003392,G_003392,POSITIVE,VENDOR_ALIAS
P_003393,G_003393,POSITIVE,REF_MISSING
P_003394,G_003394,POSITIVE,VENDOR_ALIAS
P_003395,G_003395,POSITIVE,EXACT
P_003396,G_003396,NEGATIVE,TAX_MISMATCH
P_003397,G_003397,POSITIVE,EXACT
P_003398,G_003398,POSITIVE,VENDOR_ALIAS
P_003399,G_003399,NEGATIVE,AMOUNT_MISMATCH
P_003400,G_003400,POSITIVE,EXACT
P_003401,G_003401,NEGATIVE,AMOUNT_MISMATCH
P_003402,G_003402,POSITIVE,EXACT
P_003403,G_003403,POSITIVE,EXACT
P_003404,G_003404,POSITIVE,VENDOR_ALIAS
P_003405,G_003405,POSITIVE,EXACT
P_003406,G_003406,POSITIVE,EXACT
P_003407,G_003407,NEGATIVE,AMOUNT_MISMATCH
P_003408,G_003408,POSITIVE,EXACT
P_003409,G_003409,POSITIVE,EXACT
P_003410,G_003410,POSITIVE,EXACT
P_003411,G_003411,POSITIVE,VENDOR_ALIAS
P_003412,G_003412,POSITIVE,REF_MISSING
P_003413,G_003413,POSITIVE,EXACT
P_003414,G_003414,POSITIVE,REF_MISSING
P_003415,G_003415,POSITIVE,VENDOR_ALIAS
P_003416,G_003416,POSITIVE,EXACT
P_003417,G_003417,POSITIVE,EXACT
P_003418,G_003418,POSITIVE,VENDOR_ALIAS
P_003419,G_003419,POSITIVE,EXACT
P_003420,G_003420,NEGATIVE,AMOUNT_MISMATCH
P_003421,G_003421,POSITIVE,VENDOR_ALIAS
P_003422,G_003422,POSITIVE,VENDOR_ALIAS
P_003423,G_003423,POSITIVE,REF_MISSING
P_003424,G_003424,POSITIVE,VENDOR_ALIAS
P_003425,G_003425,POSITIVE,EXACT
P_003426,G_003426,POSITIVE,EXACT
P_003427,G_003427,POSITIVE,EXACT
P_003428,G_003428,POSITIVE,EXACT
P_003429,G_003429,NEGATIVE,TAX_MISMATCH
P_003430,G_003430,POSITIVE,REF_MISSING
P_003431,G_003431,POSITIVE,EXACT
P_003432,G_003432,POSITIVE,EXACT
P_003433,G_003433,POSITIVE,VENDOR_ALIAS
P_003434,G_003434,POSITIVE,EXACT
P_003435,G_003435,POSITIVE,VENDOR_ALIAS
P_003436,G_003436,POSITIVE,EXACT
P_003437,G_003437,NEGATIVE,AMOUNT_MISMATCH
P_003438,G_003438,POSITIVE,EXACT
P_003439,G_003439,POSITIVE,VENDOR_ALIAS
P_003440,G_003440,POSITIVE,EXACT
P_003441,G_003441,POSITIVE,VENDOR_ALIAS
P_003442,G_003442,POSITIVE,VENDOR_ALIAS
P_003443,G_003443,NEGATIVE,AMOUNT_MISMATCH
P_003444,G_003444,POSITIVE,VENDOR_ALIAS
P_003445,G_003445,POSITIVE,EXACT
P_003446,G_003446,POSITIVE,VENDOR_ALIAS
P_003447,G_003447,NEGATIVE,TAX_MISMATCH
P_003448,G_003448,POSITIVE,EXACT
P_003449,G_003449,POSITIVE,VENDOR_ALIAS
P_003450,G_003450,POSITIVE,EXACT
P_003451,G_003451,POSITIVE,VENDOR_ALIAS
P_003452,G_003452,NEGATIVE,TAX_MISMATCH
P_003453,G_003453,POSITIVE,EXACT
P_003454,G_003454,POSITIVE,EXACT
P_003455,G_003455,POSITIVE,EXACT
P_003456,G_003456,POSITIVE,EXACT
P_003457,G_003457,POSITIVE,VENDOR_ALIAS
P_003458,G_003458,POSITIVE,REF_MISSING
P_003459,G_003459,POSITIVE,EXACT
P_003460,G_003460,POSITIVE,EXACT
P_003461,G_003461,POSITIVE,REF_MISSING
P_003462,G_003462,POSITIVE,EXACT
P_003463,G_003463,POSITIVE,EXACT
P_003464,G_003464,POSITIVE,REF_MISSING
P_003465,G_003465,POSITIVE,REF_MISSING
P_003466,G_003466,POSITIVE,EXACT
P_003467,G_003467,POSITIVE,REF_MISSING
P_003468,G_003468,POSITIVE,REF_MISSING
P_003469,G_003469,POSITIVE,VENDOR_ALIAS
P_003470,G_003470,POSITIVE,EXACT
P_003471,G_003471,POSITIVE,VENDOR_ALIAS
P_003472,G_003472,POSITIVE,EXACT
P_003473,G_003473,POSITIVE,EXACT
P_003474,G_003474,POSITIVE,EXACT
P_003475,G_003475,POSITIVE,VENDOR_ALIAS
P_003476,G_003476,POSITIVE,EXACT
P_003477,G_003477,POSITIVE,EXACT
P_003478,G_003478,POSITIVE,EXACT
P_003479,G_003479,POSITIVE,EXACT
P_003480,G_003480,POSITIVE,REF_MISSING
P_003481,G_003481,NEGATIVE,AMOUNT_MISMATCH
P_003482,G_003482,POSITIVE,EXACT
P_003483,G_003483,POSITIVE,VENDOR_ALIAS
P_003484,G_003484,POSITIVE,EXACT
P_003485,G_003485,POSITIVE,VENDOR_ALIAS
P_003486,G_003486,POSITIVE,EXACT
P_003487,G_003487,POSITIVE,EXACT
P_003488,G_003488,NEGATIVE,AMOUNT_MISMATCH
P_003489,G_003489,POSITIVE,EXACT
P_003490,G_003490,NEGATIVE,TAX_MISMATCH
P_003491,G_003491,POSITIVE,EXACT
P_003492,G_003492,POSITIVE,REF_MISSING
P_003493,G_003493,POSITIVE,REF_MISSING
P_003494,G_003494,POSITIVE,VENDOR_ALIAS
P_003495,G_003495,POSITIVE,VENDOR_ALIAS
P_003496,G_003496,POSITIVE,EXACT
P_003497,G_003497,POSITIVE,EXACT
P_003498,G_003498,NEGATIVE,TAX_MISMATCH
P_003499,G_003499,POSITIVE,EXACT
P_003500,G_003500,POSITIVE,EXACT
P_003501,G_003501,POSITIVE,VENDOR_ALIAS
P_003502,G_003502,POSITIVE,VENDOR_ALIAS
P_003503,G_003503,POSITIVE,REF_MISSING
P_003504,G_003504,POSITIVE,EXACT
P_003505,G_003505,POSITIVE,EXACT
P_003506,G_003506,POSITIVE,EXACT
P_003507,G_003507,POSITIVE,VENDOR_ALIAS
P_003508,G_003508,NEGATIVE,AMOUNT_MISMATCH
P_003509,G_003509,POSITIVE,EXACT
P_003510,G_003510,NEGATIVE,AMOUNT_MISMATCH
P_003511,G_003511,POSITIVE,EXACT
P_003512,G_003512,NEGATIVE,AMOUNT_MISMATCH
P_003513,G_003513,POSITIVE,VENDOR_ALIAS
P_003514,G_003514,POSITIVE,REF_MISSING
P_003515,G_003515,NEGATIVE,TAX_MISMATCH
P_003516,G_003516,POSITIVE,VENDOR_ALIAS
P_003517,G_003517,POSITIVE,EXACT
P_003518,G_003518,POSITIVE,EXACT
P_003519,G_003519,POSITIVE,REF_MISSING
P_003520,G_003520,POSITIVE,VENDOR_ALIAS
P_003521,G_003521,POSITIVE,VENDOR_ALIAS
P_003522,G_003522,POSITIVE,EXACT
P_003523,G_003523,NEGATIVE,AMOUNT_MISMATCH
P_003524,G_003524,POSITIVE,EXACT
P_003525,G_003525,POSITIVE,VENDOR_ALIAS
P_003526,G_003526,POSITIVE,REF_MISSING
P_003527,G_003527,POSITIVE,EXACT
P_003528,G_003528,POSITIVE,VENDOR_ALIAS
P_003529,G_003529,POSITIVE,EXACT
P_003530,G_003530,POSITIVE,EXACT
P_003531,G_003531,POSITIVE,EXACT
P_003532,G_003532,POSITIVE,VENDOR_ALIAS
P_003533,G_003533,POSITIVE,EXACT
P_003534,G_003534,POSITIVE,EXACT
P_003535,G_003535,POSITIVE,REF_MISSING
P_003536,G_003536,POSITIVE,REF_MISSING
P_003537,G_003537,POSITIVE,EXACT
P_003538,G_003538,POSITIVE,EXACT
P_003539,G_003539,POSITIVE,REF_MISSING
P_003540,G_003540,POSITIVE,VENDOR_ALIAS
P_003541,G_003541,POSITIVE,REF_MISSING
P_003542,G_003542,POSITIVE,EXACT
P_003543,G_003543,POSITIVE,VENDOR_ALIAS
P_003544,G_003544,POSITIVE,VENDOR_ALIAS
P_003545,G_003545,POSITIVE,REF_MISSING
P_003546,G_003546,POSITIVE,VENDOR_ALIAS
P_003547,G_003547,POSITIVE,EXACT
P_003548,G_003548,POSITIVE,VENDOR_ALIAS
P_003549,G_003549,POSITIVE,VENDOR_ALIAS
P_003550,G_003550,NEGATIVE,AMOUNT_MISMATCH
P_003551,G_003551,POSITIVE,VENDOR_ALIAS
P_003552,G_003552,NEGATIVE,AMOUNT_MISMATCH
P_003553,G_003553,POSITIVE,REF_MISSING
P_003554,G_003554,POSITIVE,REF_MISSING
P_003555,G_003555,NEGATIVE,AMOUNT_MISMATCH
P_003556,G_003556,POSITIVE,EXACT
P_003557,G_003557,POSITIVE,VENDOR_ALIAS
P_003558,G_003558,POSITIVE,EXACT
P_003559,G_003559,POSITIVE,EXACT
P_003560,G_003560,POSITIVE,EXACT
P_003561,G_003561,POSITIVE,REF_MISSING
P_003562,G_003562,POSITIVE,EXACT
P_003563,G_003563,POSITIVE,VENDOR_ALIAS
P_003564,G_003564,NEGATIVE,AMOUNT_MISMATCH
P_003565,G_003565,POSITIVE,EXACT
P_003566,G_003566,POSITIVE,EXACT
P_003567,G_003567,NEGATIVE,TAX_MISMATCH
P_003568,G_003568,POSITIVE,EXACT
P_003569,G_003569,POSITIVE,REF_MISSING
P_003570,G_003570,POSITIVE,REF_MISSING
P_003571,G_003571,POSITIVE,EXACT
P_003572,G_003572,POSITIVE,EXACT
P_003573,G_003573,POSITIVE,EXACT
P_003574,G_003574,POSITIVE,EXACT
P_003575,G_003575,POSITIVE,EXACT
P_003576,G_003576,POSITIVE,EXACT
P_003577,G_003577,NEGATIVE,AMOUNT_MISMATCH
P_003578,G_003578,POSITIVE,VENDOR_ALIAS
P_003579,G_003579,POSITIVE,EXACT
P_003580,G_003580,POSITIVE,EXACT
P_003581,G_003581,POSITIVE,VENDOR_ALIAS
P_003582,G_003582,POSITIVE,EXACT
P_003583,G_003583,NEGATIVE,AMOUNT_MISMATCH
P_003584,G_003584,POSITIVE,EXACT
P_003585,G_003585,NEGATIVE,AMOUNT_MISMATCH
P_003586,G_003586,NEGATIVE,TAX_MISMATCH
P_003587,G_003587,POSITIVE,EXACT
P_003588,G_003588,POSITIVE,REF_MISSING
P_003589,G_003589,POSITIVE,EXACT
P_003590,G_003590,POSITIVE,REF_MISSING
P_003591,G_003591,POSITIVE,EXACT
P_003592,G_003592,POSITIVE,VENDOR_ALIAS
P_003593,G_003593,POSITIVE,EXACT
P_003594,G_003594,POSITIVE,VENDOR_ALIAS
P_003595,G_003595,POSITIVE,REF_MISSING
P_003596,G_003596,POSITIVE,EXACT
P_003597,G_003597,POSITIVE,EXACT
P_003598,G_003598,NEGATIVE,TAX_MISMATCH
P_003599,G_003599,POSITIVE,REF_MISSING
P_003600,G_003600,POSITIVE,EXACT
P_003601,G_003601,POSITIVE,EXACT
P_003602,G_003602,NEGATIVE,TAX_MISMATCH
P_003603,G_003603,POSITIVE,EXACT
P_003604,G_003604,POSITIVE,EXACT
P_003605,G_003605,POSITIVE,REF_MISSING
P_003606,G_003606,POSITIVE,VENDOR_ALIAS
P_003607,G_003607,POSITIVE,EXACT
P_003608,G_003608,POSITIVE,EXACT
P_003609,G_003609,POSITIVE,EXACT
P_003610,G_003610,POSITIVE,EXACT
P_003611,G_003611,POSITIVE,EXACT
P_003612,G_003612,POSITIVE,EXACT
P_003613,G_003613,POSITIVE,VENDOR_ALIAS
P_003614,G_003614,POSITIVE,EXACT
P_003615,G_003615,NEGATIVE,AMOUNT_MISMATCH
P_003616,G_003616,POSITIVE,REF_MISSING
P_003617,G_003617,NEGATIVE,AMOUNT_MISMATCH
P_003618,G_003618,POSITIVE,REF_MISSING
P_003619,G_003619,POSITIVE,EXACT
P_003620,G_003620,POSITIVE,EXACT
P_003621,G_003621,NEGATIVE,TAX_MISMATCH
P_003622,G_003622,POSITIVE,EXACT
P_003623,G_003623,POSITIVE,VENDOR_ALIAS
P_003624,G_003624,POSITIVE,VENDOR_ALIAS
P_003625,G_003625,POSITIVE,EXACT
P_003626,G_003626,POSITIVE,EXACT
P_003627,G_003627,POSITIVE,EXACT
P_003628,G_003628,POSITIVE,EXACT
P_003629,G_003629,POSITIVE,REF_MISSING
P_003630,G_003630,POSITIVE,VENDOR_ALIAS
P_003631,G_003631,POSITIVE,EXACT
P_003632,G_003632,POSITIVE,VENDOR_ALIAS
P_003633,G_003633,POSITIVE,EXACT
P_003634,G_003634,POSITIVE,EXACT
P_003635,G_003635,NEGATIVE,AMOUNT_MISMATCH
P_003636,G_003636,NEGATIVE,AMOUNT_MISMATCH
P_003637,G_003637,POSITIVE,EXACT
P_003638,G_003638,POSITIVE,EXACT
P_003639,G_003639,POSITIVE,VENDOR_ALIAS
P_003640,G_003640,POSITIVE,REF_MISSING
P_003641,G_003641,POSITIVE,REF_MISSING
P_003642,G_003642,POSITIVE,EXACT
P_003643,G_003643,POSITIVE,EXACT
P_003644,G_003644,POSITIVE,EXACT
P_003645,G_003645,POSITIVE,REF_MISSING
P_003646,G_003646,NEGATIVE,TAX_MISMATCH
P_003647,G_003647,NEGATIVE,AMOUNT_MISMATCH
P_003648,G_003648,POSITIVE,EXACT
P_003649,G_003649,POSITIVE,VENDOR_ALIAS
P_003650,G_003650,NEGATIVE,TAX_MISMATCH
P_003651,G_003651,NEGATIVE,TAX_MISMATCH
P_003652,G_003652,POSITIVE,REF_MISSING
P_003653,G_003653,POSITIVE,REF_MISSING
P_003654,G_003654,POSITIVE,EXACT
P_003655,G_003655,POSITIVE,EXACT
P_003656,G_003656,POSITIVE,VENDOR_ALIAS
P_003657,G_003657,POSITIVE,REF_MISSING
P_003658,G_003658,POSITIVE,EXACT
P_003659,G_003659,POSITIVE,EXACT
P_003660,G_003660,NEGATIVE,AMOUNT_MISMATCH
P_003661,G_003661,POSITIVE,VENDOR_ALIAS
P_003662,G_003662,NEGATIVE,AMOUNT_MISMATCH
P_003663,G_003663,POSITIVE,EXACT
P_003664,G_003664,POSITIVE,EXACT
P_003665,G_003665,NEGATIVE,AMOUNT_MISMATCH
P_003666,G_003666,POSITIVE,EXACT
P_003667,G_003667,POSITIVE,REF_MISSING
P_003668,G_003668,POSITIVE,VENDOR_ALIAS
P_003669,G_003669,NEGATIVE,AMOUNT_MISMATCH
P_003670,G_003670,POSITIVE,EXACT
P_003671,G_003671,POSITIVE,EXACT
P_003672,G_003672,POSITIVE,VENDOR_ALIAS
P_003673,G_003673,POSITIVE,EXACT
P_003674,G_003674,POSITIVE,EXACT
P_003675,G_003675,POSITIVE,VENDOR_ALIAS
P_003676,G_003676,NEGATIVE,AMOUNT_MISMATCH
P_003677,G_003677,POSITIVE,EXACT
P_003678,G_003678,POSITIVE,REF_MISSING
P_003679,G_003679,POSITIVE,EXACT
P_003680,G_003680,POSITIVE,VENDOR_ALIAS
P_003681,G_003681,POSITIVE,EXACT
P_003682,G_003682,POSITIVE,EXACT
P_003683,G_003683,POSITIVE,VENDOR_ALIAS
P_003684,G_003684,POSITIVE,VENDOR_ALIAS
P_003685,G_003685,NEGATIVE,AMOUNT_MISMATCH
P_003686,G_003686,POSITIVE,VENDOR_ALIAS
P_003687,G_003687,POSITIVE,EXACT
P_003688,G_003688,POSITIVE,REF_MISSING
P_003689,G_003689,POSITIVE,VENDOR_ALIAS
P_003690,G_003690,POSITIVE,EXACT
P_003691,G_003691,POSITIVE,VENDOR_ALIAS
P_003692,G_003692,POSITIVE,VENDOR_ALIAS
P_003693,G_003693,POSITIVE,EXACT
P_003694,G_003694,POSITIVE,VENDOR_ALIAS
P_003695,G_003695,POSITIVE,REF_MISSING
P_003696,G_003696,POSITIVE,REF_MISSING
P_003697,G_003697,NEGATIVE,AMOUNT_MISMATCH
P_003698,G_003698,POSITIVE,VENDOR_ALIAS
P_003699,G_003699,POSITIVE,VENDOR_ALIAS
P_003700,G_003700,NEGATIVE,TAX_MISMATCH
P_003701,G_003701,POSITIVE,EXACT
P_003702,G_003702,POSITIVE,VENDOR_ALIAS
P_003703,G_003703,POSITIVE,VENDOR_ALIAS
P_003704,G_003704,POSITIVE,EXACT
P_003705,G_003705,POSITIVE,EXACT
P_003706,G_003706,NEGATIVE,AMOUNT_MISMATCH
P_003707,G_003707,POSITIVE,EXACT
P_003708,G_003708,POSITIVE,REF_MISSING
P_003709,G_003709,POSITIVE,VENDOR_ALIAS
P_003710,G_003710,POSITIVE,EXACT
P_003711,G_003711,POSITIVE,EXACT
P_003712,G_003712,POSITIVE,EXACT
P_003713,G_003713,POSITIVE,EXACT
P_003714,G_003714,POSITIVE,EXACT
P_003715,G_003715,POSITIVE,EXACT
P_003716,G_003716,POSITIVE,EXACT
P_003717,G_003717,POSITIVE,EXACT
P_003718,G_003718,POSITIVE,EXACT
P_003719,G_003719,POSITIVE,EXACT
P_003720,G_003720,POSITIVE,EXACT
P_003721,G_003721,POSITIVE,REF_MISSING
P_003722,G_003722,POSITIVE,REF_MISSING
P_003723,G_003723,POSITIVE,EXACT
P_003724,G_003724,POSITIVE,REF_MISSING
P_003725,G_003725,POSITIVE,EXACT
P_003726,G_003726,POSITIVE,REF_MISSING
P_003727,G_003727,POSITIVE,EXACT
P_003728,G_003728,POSITIVE,REF_MISSING
P_003729,G_003729,POSITIVE,EXACT
P_003730,G_003730,NEGATIVE,AMOUNT_MISMATCH
P_003731,G_003731,POSITIVE,EXACT
P_003732,G_003732,POSITIVE,REF_MISSING
P_003733,G_003733,NEGATIVE,AMOUNT_MISMATCH
P_003734,G_003734,POSITIVE,EXACT
P_003735,G_003735,POSITIVE,VENDOR_ALIAS
P_003736,G_003736,POSITIVE,EXACT
P_003737,G_003737,POSITIVE,EXACT
P_003738,G_003738,NEGATIVE,AMOUNT_MISMATCH
P_003739,G_003739,POSITIVE,REF_MISSING
P_003740,G_003740,POSITIVE,VENDOR_ALIAS
P_003741,G_003741,POSITIVE,VENDOR_ALIAS
P_003742,G_003742,POSITIVE,EXACT
P_003743,G_003743,NEGATIVE,AMOUNT_MISMATCH
P_003744,G_003744,POSITIVE,VENDOR_ALIAS
P_003745,G_003745,POSITIVE,EXACT
P_003746,G_003746,NEGATIVE,TAX_MISMATCH
P_003747,G_003747,POSITIVE,REF_MISSING
P_003748,G_003748,NEGATIVE,TAX_MISMATCH
P_003749,G_003749,POSITIVE,VENDOR_ALIAS
P_003750,G_003750,POSITIVE,EXACT
P_003751,G_003751,POSITIVE,EXACT
P_003752,G_003752,POSITIVE,EXACT
P_003753,G_003753,POSITIVE,REF_MISSING
P_003754,G_003754,POSITIVE,EXACT
P_003755,G_003755,POSITIVE,REF_MISSING
P_003756,G_003756,NEGATIVE,AMOUNT_MISMATCH
P_003757,G_003757,POSITIVE,VENDOR_ALIAS
P_003758,G_003758,POSITIVE,VENDOR_ALIAS
P_003759,G_003759,POSITIVE,EXACT
P_003760,G_003760,POSITIVE,EXACT
P_003761,G_003761,POSITIVE,EXACT
P_003762,G_003762,POSITIVE,VENDOR_ALIAS
P_003763,G_003763,POSITIVE,REF_MISSING
P_003764,G_003764,POSITIVE,EXACT
P_003765,G_003765,NEGATIVE,TAX_MISMATCH
P_003766,G_003766,POSITIVE,REF_MISSING
P_003767,G_003767,POSITIVE,VENDOR_ALIAS
P_003768,G_003768,NEGATIVE,TAX_MISMATCH
P_003769,G_003769,NEGATIVE,TAX_MISMATCH
P_003770,G_003770,POSITIVE,EXACT
P_003771,G_003771,POSITIVE,EXACT
P_003772,G_003772,POSITIVE,EXACT
P_003773,G_003773,POSITIVE,EXACT
P_003774,G_003774,POSITIVE,EXACT
P_003775,G_003775,POSITIVE,EXACT
P_003776,G_003776,POSITIVE,EXACT
P_003777,G_003777,POSITIVE,EXACT
P_003778,G_003778,POSITIVE,EXACT
P_003779,G_003779,POSITIVE,EXACT
P_003780,G_003780,POSITIVE,EXACT
P_003781,G_003781,POSITIVE,REF_MISSING
P_003782,G_003782,POSITIVE,EXACT
P_003783,G_003783,POSITIVE,EXACT
P_003784,G_003784,POSITIVE,EXACT
P_003785,G_003785,POSITIVE,EXACT
P_003786,G_003786,POSITIVE,EXACT
P_003787,G_003787,POSITIVE,EXACT
P_003788,G_003788,POSITIVE,REF_MISSING
P_003789,G_003789,POSITIVE,REF_MISSING
P_003790,G_003790,POSITIVE,VENDOR_ALIAS
P_003791,G_003791,NEGATIVE,AMOUNT_MISMATCH
P_003792,G_003792,NEGATIVE,AMOUNT_MISMATCH
P_003793,G_003793,POSITIVE,EXACT
P_003794,G_003794,POSITIVE,VENDOR_ALIAS
P_003795,G_003795,POSITIVE,EXACT
P_003796,G_003796,POSITIVE,EXACT
P_003797,G_003797,NEGATIVE,AMOUNT_MISMATCH
P_003798,G_003798,POSITIVE,EXACT
P_003799,G_003799,NEGATIVE,AMOUNT_MISMATCH
P_003800,G_003800,POSITIVE,REF_MISSING
P_003801,G_003801,NEGATIVE,AMOUNT_MISMATCH
P_003802,G_003802,NEGATIVE,AMOUNT_MISMATCH
P_003803,G_003803,POSITIVE,EXACT
P_003804,G_003804,POSITIVE,EXACT
P_003805,G_003805,POSITIVE,EXACT
P_003806,G_003806,POSITIVE,VENDOR_ALIAS
P_003807,G_003807,POSITIVE,EXACT
P_003808,G_003808,POSITIVE,EXACT
P_003809,G_003809,POSITIVE,EXACT
P_003810,G_003810,POSITIVE,EXACT
P_003811,G_003811,POSITIVE,EXACT
P_003812,G_003812,POSITIVE,EXACT
P_003813,G_003813,POSITIVE,EXACT
P_003814,G_003814,POSITIVE,EXACT
P_003815,G_003815,POSITIVE,REF_MISSING
P_003816,G_003816,POSITIVE,REF_MISSING
P_003817,G_003817,POSITIVE,EXACT
P_003818,G_003818,POSITIVE,REF_MISSING
P_003819,G_003819,POSITIVE,EXACT
P_003820,G_003820,POSITIVE,REF_MISSING
P_003821,G_003821,POSITIVE,EXACT
P_003822,G_003822,POSITIVE,EXACT
P_003823,G_003823,POSITIVE,REF_MISSING
P_003824,G_003824,NEGATIVE,AMOUNT_MISMATCH
P_003825,G_003825,POSITIVE,EXACT
P_003826,G_003826,POSITIVE,EXACT
P_003827,G_003827,POSITIVE,EXACT
P_003828,G_003828,POSITIVE,VENDOR_ALIAS
P_003829,G_003829,POSITIVE,EXACT
P_003830,G_003830,POSITIVE,VENDOR_ALIAS
P_003831,G_003831,NEGATIVE,AMOUNT_MISMATCH
P_003832,G_003832,POSITIVE,EXACT
P_003833,G_003833,NEGATIVE,AMOUNT_MISMATCH
P_003834,G_003834,POSITIVE,VENDOR_ALIAS
P_003835,G_003835,POSITIVE,EXACT
P_003836,G_003836,POSITIVE,EXACT
P_003837,G_003837,POSITIVE,EXACT
P_003838,G_003838,POSITIVE,EXACT
P_003839,G_003839,POSITIVE,EXACT
P_003840,G_003840,POSITIVE,VENDOR_ALIAS
P_003841,G_003841,NEGATIVE,TAX_MISMATCH
P_003842,G_003842,POSITIVE,VENDOR_ALIAS
P_003843,G_003843,POSITIVE,EXACT
P_003844,G_003844,POSITIVE,VENDOR_ALIAS
P_003845,G_003845,POSITIVE,VENDOR_ALIAS
P_003846,G_003846,POSITIVE,EXACT
P_003847,G_003847,POSITIVE,EXACT
P_003848,G_003848,POSITIVE,EXACT
P_003849,G_003849,POSITIVE,EXACT
P_003850,G_003850,POSITIVE,REF_MISSING
P_003851,G_003851,POSITIVE,REF_MISSING
P_003852,G_003852,POSITIVE,EXACT
P_003853,G_003853,NEGATIVE,AMOUNT_MISMATCH
P_003854,G_003854,POSITIVE,EXACT
P_003855,G_003855,POSITIVE,VENDOR_ALIAS
P_003856,G_003856,POSITIVE,EXACT
P_003857,G_003857,POSITIVE,EXACT
P_003858,G_003858,POSITIVE,EXACT
P_003859,G_003859,POSITIVE,REF_MISSING
P_003860,G_003860,POSITIVE,EXACT
P_003861,G_003861,POSITIVE,REF_MISSING
P_003862,G_003862,POSITIVE,VENDOR_ALIAS
P_003863,G_003863,POSITIVE,REF_MISSING
P_003864,G_003864,POSITIVE,REF_MISSING
P_003865,G_003865,NEGATIVE,AMOUNT_MISMATCH
P_003866,G_003866,POSITIVE,EXACT
P_003867,G_003867,POSITIVE,VENDOR_ALIAS
P_003868,G_003868,POSITIVE,EXACT
P_003869,G_003869,NEGATIVE,AMOUNT_MISMATCH
P_003870,G_003870,POSITIVE,EXACT
P_003871,G_003871,POSITIVE,EXACT
P_003872,G_003872,POSITIVE,VENDOR_ALIAS
P_003873,G_003873,POSITIVE,VENDOR_ALIAS
P_003874,G_003874,POSITIVE,EXACT
P_003875,G_003875,POSITIVE,REF_MISSING
P_003876,G_003876,POSITIVE,REF_MISSING
P_003877,G_003877,POSITIVE,REF_MISSING
P_003878,G_003878,POSITIVE,EXACT
P_003879,G_003879,POSITIVE,EXACT
P_003880,G_003880,POSITIVE,EXACT
P_003881,G_003881,POSITIVE,VENDOR_ALIAS
P_003882,G_003882,POSITIVE,EXACT
P_003883,G_003883,POSITIVE,REF_MISSING
P_003884,G_003884,POSITIVE,REF_MISSING
P_003885,G_003885,POSITIVE,VENDOR_ALIAS
P_003886,G_003886,POSITIVE,VENDOR_ALIAS
P_003887,G_003887,POSITIVE,VENDOR_ALIAS
P_003888,G_003888,POSITIVE,EXACT
P_003889,G_003889,POSITIVE,EXACT
P_003890,G_003890,POSITIVE,EXACT
P_003891,G_003891,POSITIVE,EXACT
P_003892,G_003892,POSITIVE,REF_MISSING
P_003893,G_003893,POSITIVE,EXACT
P_003894,G_003894,POSITIVE,REF_MISSING
P_003895,G_003895,POSITIVE,REF_MISSING
P_003896,G_003896,POSITIVE,REF_MISSING
P_003897,G_003897,POSITIVE,VENDOR_ALIAS
P_003898,G_003898,POSITIVE,EXACT
P_003899,G_003899,POSITIVE,EXACT
P_003900,G_003900,POSITIVE,VENDOR_ALIAS
P_003901,G_003901,POSITIVE,REF_MISSING
P_003902,G_003902,POSITIVE,EXACT
P_003903,G_003903,POSITIVE,EXACT
P_003904,G_003904,POSITIVE,REF_MISSING
P_003905,G_003905,POSITIVE,VENDOR_ALIAS
P_003906,G_003906,POSITIVE,EXACT
P_003907,G_003907,NEGATIVE,AMOUNT_MISMATCH
P_003908,G_003908,POSITIVE,REF_MISSING
P_003909,G_003909,POSITIVE,EXACT
P_003910,G_003910,POSITIVE,EXACT
P_003911,G_003911,POSITIVE,VENDOR_ALIAS
P_003912,G_003912,POSITIVE,EXACT
P_003913,G_003913,POSITIVE,EXACT
P_003914,G_003914,POSITIVE,REF_MISSING
P_003915,G_003915,POSITIVE,VENDOR_ALIAS
P_003916,G_003916,POSITIVE,EXACT
P_003917,G_003917,POSITIVE,REF_MISSING
P_003918,G_003918,NEGATIVE,AMOUNT_MISMATCH
P_003919,G_003919,POSITIVE,REF_MISSING
P_003920,G_003920,POSITIVE,VENDOR_ALIAS
P_003921,G_003921,POSITIVE,EXACT
P_003922,G_003922,NEGATIVE,TAX_MISMATCH
P_003923,G_003923,POSITIVE,VENDOR_ALIAS
P_003924,G_003924,POSITIVE,EXACT
P_003925,G_003925,POSITIVE,REF_MISSING
P_003926,G_003926,POSITIVE,EXACT
P_003927,G_003927,POSITIVE,EXACT
P_003928,G_003928,POSITIVE,EXACT
P_003929,G_003929,POSITIVE,EXACT
P_003930,G_003930,POSITIVE,EXACT
P_003931,G_003931,NEGATIVE,AMOUNT_MISMATCH
P_003932,G_003932,POSITIVE,VENDOR_ALIAS
P_003933,G_003933,POSITIVE,EXACT
P_003934,G_003934,POSITIVE,EXACT
P_003935,G_003935,NEGATIVE,AMOUNT_MISMATCH
P_003936,G_003936,NEGATIVE,TAX_MISMATCH
P_003937,G_003937,POSITIVE,EXACT
P_003938,G_003938,POSITIVE,EXACT
P_003939,G_003939,POSITIVE,VENDOR_ALIAS
P_003940,G_003940,NEGATIVE,AMOUNT_MISMATCH
P_003941,G_003941,POSITIVE,VENDOR_ALIAS
P_003942,G_003942,NEGATIVE,AMOUNT_MISMATCH
P_003943,G_003943,POSITIVE,EXACT
P_003944,G_003944,POSITIVE,EXACT
P_003945,G_003945,POSITIVE,VENDOR_ALIAS
P_003946,G_003946,POSITIVE,EXACT
P_003947,G_003947,POSITIVE,EXACT
P_003948,G_003948,POSITIVE,VENDOR_ALIAS
P_003949,G_003949,POSITIVE,EXACT
P_003950,G_003950,POSITIVE,REF_MISSING
P_003951,G_003951,POSITIVE,REF_MISSING
P_003952,G_003952,POSITIVE,EXACT
P_003953,G_003953,NEGATIVE,AMOUNT_MISMATCH
P_003954,G_003954,POSITIVE,REF_MISSING
P_003955,G_003955,POSITIVE,VENDOR_ALIAS
P_003956,G_003956,POSITIVE,EXACT
P_003957,G_003957,POSITIVE,VENDOR_ALIAS
P_003958,G_003958,POSITIVE,EXACT
P_003959,G_003959,POSITIVE,VENDOR_ALIAS
P_003960,G_003960,NEGATIVE,AMOUNT_MISMATCH
P_003961,G_003961,POSITIVE,REF_MISSING
P_003962,G_003962,POSITIVE,REF_MISSING
P_003963,G_003963,POSITIVE,VENDOR_ALIAS
P_003964,G_003964,POSITIVE,VENDOR_ALIAS
P_003965,G_003965,POSITIVE,EXACT
P_003966,G_003966,POSITIVE,EXACT
P_003967,G_003967,POSITIVE,EXACT
P_003968,G_003968,POSITIVE,EXACT
P_003969,G_003969,POSITIVE,REF_MISSING
P_003970,G_003970,POSITIVE,EXACT
P_003971,G_003971,POSITIVE,VENDOR_ALIAS
P_003972,G_003972,POSITIVE,REF_MISSING
P_003973,G_003973,NEGATIVE,AMOUNT_MISMATCH
P_003974,G_003974,NEGATIVE,AMOUNT_MISMATCH
P_003975,G_003975,NEGATIVE,TAX_MISMATCH
P_003976,G_003976,POSITIVE,EXACT
P_003977,G_003977,POSITIVE,EXACT
P_003978,G_003978,NEGATIVE,AMOUNT_MISMATCH
P_003979,G_003979,POSITIVE,VENDOR_ALIAS
P_003980,G_003980,POSITIVE,EXACT
P_003981,G_003981,POSITIVE,EXACT
P_003982,G_003982,POSITIVE,EXACT
P_003983,G_003983,POSITIVE,VENDOR_ALIAS
P_003984,G_003984,POSITIVE,VENDOR_ALIAS
P_003985,G_003985,POSITIVE,REF_MISSING
P_003986,G_003986,POSITIVE,REF_MISSING
P_003987,G_003987,POSITIVE,EXACT
P_003988,G_003988,POSITIVE,EXACT
P_003989,G_003989,POSITIVE,EXACT
P_003990,G_003990,NEGATIVE,AMOUNT_MISMATCH
P_003991,G_003991,POSITIVE,EXACT
P_003992,G_003992,POSITIVE,EXACT
P_003993,G_003993,POSITIVE,EXACT
P_003994,G_003994,POSITIVE,REF_MISSING
P_003995,G_003995,POSITIVE,EXACT
P_003996,G_003996,POSITIVE,EXACT
P_003997,G_003997,POSITIVE,EXACT
P_003998,G_003998,POSITIVE,EXACT
P_003999,G_003999,POSITIVE,EXACT
P_004000,G_004000,POSITIVE,VENDOR_ALIAS
P_004001,G_004001,POSITIVE,REF_MISSING
P_004002,G_004002,NEGATIVE,TAX_MISMATCH
P_004003,G_004003,NEGATIVE,AMOUNT_MISMATCH
P_004004,G_004004,POSITIVE,VENDOR_ALIAS
P_004005,G_004005,POSITIVE,EXACT
P_004006,G_004006,POSITIVE,REF_MISSING
P_004007,G_004007,POSITIVE,VENDOR_ALIAS
P_004008,G_004008,POSITIVE,EXACT
P_004009,G_004009,NEGATIVE,TAX_MISMATCH
P_004010,G_004010,POSITIVE,EXACT
P_004011,G_004011,POSITIVE,EXACT
P_004012,G_004012,POSITIVE,VENDOR_ALIAS
P_004013,G_004013,POSITIVE,EXACT
P_004014,G_004014,NEGATIVE,TAX_MISMATCH
P_004015,G_004015,POSITIVE,VENDOR_ALIAS
P_004016,G_004016,POSITIVE,EXACT
P_004017,G_004017,POSITIVE,EXACT
P_004018,G_004018,POSITIVE,VENDOR_ALIAS
P_004019,G_004019,POSITIVE,EXACT
P_004020,G_004020,POSITIVE,VENDOR_ALIAS
P_004021,G_004021,NEGATIVE,TAX_MISMATCH
P_004022,G_004022,POSITIVE,REF_MISSING
P_004023,G_004023,POSITIVE,VENDOR_ALIAS
P_004024,G_004024,NEGATIVE,AMOUNT_MISMATCH
P_004025,G_004025,POSITIVE,EXACT
P_004026,G_004026,POSITIVE,EXACT
P_004027,G_004027,POSITIVE,REF_MISSING
P_004028,G_004028,POSITIVE,REF_MISSING
P_004029,G_004029,POSITIVE,EXACT
P_004030,G_004030,POSITIVE,VENDOR_ALIAS
P_004031,G_004031,POSITIVE,EXACT
P_004032,G_004032,POSITIVE,EXACT
P_004033,G_004033,POSITIVE,EXACT
P_004034,G_004034,NEGATIVE,TAX_MISMATCH
P_004035,G_004035,POSITIVE,EXACT
P_004036,G_004036,POSITIVE,REF_MISSING
P_004037,G_004037,POSITIVE,EXACT
P_004038,G_004038,POSITIVE,REF_MISSING
P_004039,G_004039,NEGATIVE,AMOUNT_MISMATCH
P_004040,G_004040,POSITIVE,VENDOR_ALIAS
P_004041,G_004041,POSITIVE,VENDOR_ALIAS
P_004042,G_004042,POSITIVE,EXACT
P_004043,G_004043,POSITIVE,EXACT
P_004044,G_004044,NEGATIVE,TAX_MISMATCH
P_004045,G_004045,POSITIVE,EXACT
P_004046,G_004046,NEGATIVE,AMOUNT_MISMATCH
P_004047,G_004047,NEGATIVE,AMOUNT_MISMATCH
P_004048,G_004048,POSITIVE,EXACT
P_004049,G_004049,NEGATIVE,TAX_MISMATCH
P_004050,G_004050,POSITIVE,VENDOR_ALIAS
P_004051,G_004051,POSITIVE,EXACT
P_004052,G_004052,POSITIVE,EXACT
P_004053,G_004053,NEGATIVE,AMOUNT_MISMATCH
P_004054,G_004054,POSITIVE,VENDOR_ALIAS
P_004055,G_004055,NEGATIVE,AMOUNT_MISMATCH
P_004056,G_004056,POSITIVE,REF_MISSING
P_004057,G_004057,NEGATIVE,TAX_MISMATCH
P_004058,G_004058,POSITIVE,EXACT
P_004059,G_004059,POSITIVE,VENDOR_ALIAS
P_004060,G_004060,NEGATIVE,AMOUNT_MISMATCH
P_004061,G_004061,POSITIVE,EXACT
P_004062,G_004062,POSITIVE,EXACT
P_004063,G_004063,POSITIVE,VENDOR_ALIAS
P_004064,G_004064,POSITIVE,EXACT
P_004065,G_004065,NEGATIVE,AMOUNT_MISMATCH
P_004066,G_004066,POSITIVE,EXACT
P_004067,G_004067,NEGATIVE,AMOUNT_MISMATCH
P_004068,G_004068,POSITIVE,EXACT
P_004069,G_004069,NEGATIVE,TAX_MISMATCH
P_004070,G_004070,NEGATIVE,AMOUNT_MISMATCH
P_004071,G_004071,NEGATIVE,AMOUNT_MISMATCH
P_004072,G_004072,POSITIVE,VENDOR_ALIAS
P_004073,G_004073,POSITIVE,REF_MISSING
P_004074,G_004074,POSITIVE,EXACT
P_004075,G_004075,POSITIVE,EXACT
P_004076,G_004076,NEGATIVE,AMOUNT_MISMATCH
P_004077,G_004077,POSITIVE,EXACT
P_004078,G_004078,POSITIVE,EXACT
P_004079,G_004079,POSITIVE,REF_MISSING
P_004080,G_004080,POSITIVE,VENDOR_ALIAS
P_004081,G_004081,POSITIVE,VENDOR_ALIAS
P_004082,G_004082,POSITIVE,EXACT
P_004083,G_004083,POSITIVE,VENDOR_ALIAS
P_004084,G_004084,POSITIVE,EXACT
P_004085,G_004085,POSITIVE,VENDOR_ALIAS
P_004086,G_004086,POSITIVE,EXACT
P_004087,G_004087,POSITIVE,VENDOR_ALIAS
P_004088,G_004088,POSITIVE,EXACT
P_004089,G_004089,NEGATIVE,AMOUNT_MISMATCH
P_004090,G_004090,NEGATIVE,TAX_MISMATCH
P_004091,G_004091,POSITIVE,EXACT
P_004092,G_004092,POSITIVE,EXACT
P_004093,G_004093,POSITIVE,VENDOR_ALIAS
P_004094,G_004094,POSITIVE,EXACT
P_004095,G_004095,POSITIVE,EXACT
P_004096,G_004096,POSITIVE,EXACT
P_004097,G_004097,POSITIVE,EXACT
P_004098,G_004098,POSITIVE,EXACT
P_004099,G_004099,POSITIVE,EXACT
P_004100,G_004100,POSITIVE,EXACT
P_004101,G_004101,POSITIVE,EXACT
P_004102,G_004102,POSITIVE,VENDOR_ALIAS
P_004103,G_004103,POSITIVE,EXACT
P_004104,G_004104,POSITIVE,VENDOR_ALIAS
P_004105,G_004105,POSITIVE,EXACT
P_004106,G_004106,POSITIVE,VENDOR_ALIAS
P_004107,G_004107,POSITIVE,EXACT
P_004108,G_004108,POSITIVE,EXACT
P_004109,G_004109,POSITIVE,EXACT
P_004110,G_004110,POSITIVE,VENDOR_ALIAS
P_004111,G_004111,NEGATIVE,AMOUNT_MISMATCH
P_004112,G_004112,NEGATIVE,AMOUNT_MISMATCH
P_004113,G_004113,POSITIVE,EXACT
P_004114,G_004114,POSITIVE,EXACT
P_004115,G_004115,POSITIVE,VENDOR_ALIAS
P_004116,G_004116,POSITIVE,EXACT
P_004117,G_004117,POSITIVE,VENDOR_ALIAS
P_004118,G_004118,POSITIVE,VENDOR_ALIAS
P_004119,G_004119,NEGATIVE,TAX_MISMATCH
P_004120,G_004120,POSITIVE,VENDOR_ALIAS
P_004121,G_004121,POSITIVE,EXACT
P_004122,G_004122,POSITIVE,VENDOR_ALIAS
P_004123,G_004123,POSITIVE,EXACT
P_004124,G_004124,POSITIVE,REF_MISSING
P_004125,G_004125,POSITIVE,REF_MISSING
P_004126,G_004126,POSITIVE,REF_MISSING
P_004127,G_004127,POSITIVE,VENDOR_ALIAS
P_004128,G_004128,POSITIVE,EXACT
P_004129,G_004129,POSITIVE,EXACT
P_004130,G_004130,POSITIVE,EXACT
P_004131,G_004131,POSITIVE,VENDOR_ALIAS
P_004132,G_004132,NEGATIVE,TAX_MISMATCH
P_004133,G_004133,POSITIVE,VENDOR_ALIAS
P_004134,G_004134,POSITIVE,EXACT
P_004135,G_004135,POSITIVE,EXACT
P_004136,G_004136,POSITIVE,VENDOR_ALIAS
P_004137,G_004137,POSITIVE,VENDOR_ALIAS
P_004138,G_004138,POSITIVE,REF_MISSING
P_004139,G_004139,NEGATIVE,AMOUNT_MISMATCH
P_004140,G_004140,POSITIVE,EXACT
P_004141,G_004141,POSITIVE,EXACT
P_004142,G_004142,POSITIVE,EXACT
P_004143,G_004143,POSITIVE,EXACT
P_004144,G_004144,POSITIVE,EXACT
P_004145,G_004145,POSITIVE,VENDOR_ALIAS
P_004146,G_004146,POSITIVE,VENDOR_ALIAS
P_004147,G_004147,NEGATIVE,TAX_MISMATCH
P_004148,G_004148,NEGATIVE,TAX_MISMATCH
P_004149,G_004149,POSITIVE,REF_MISSING
P_004150,G_004150,POSITIVE,EXACT
P_004151,G_004151,POSITIVE,EXACT
P_004152,G_004152,POSITIVE,EXACT
P_004153,G_004153,POSITIVE,REF_MISSING
P_004154,G_004154,POSITIVE,EXACT
P_004155,G_004155,POSITIVE,VENDOR_ALIAS
P_004156,G_004156,NEGATIVE,AMOUNT_MISMATCH
P_004157,G_004157,NEGATIVE,AMOUNT_MISMATCH
P_004158,G_004158,POSITIVE,EXACT
P_004159,G_004159,POSITIVE,VENDOR_ALIAS
P_004160,G_004160,POSITIVE,REF_MISSING
P_004161,G_004161,NEGATIVE,TAX_MISMATCH
P_004162,G_004162,POSITIVE,VENDOR_ALIAS
P_004163,G_004163,POSITIVE,EXACT
P_004164,G_004164,POSITIVE,EXACT
P_004165,G_004165,POSITIVE,EXACT
P_004166,G_004166,NEGATIVE,AMOUNT_MISMATCH
P_004167,G_004167,POSITIVE,EXACT
P_004168,G_004168,POSITIVE,REF_MISSING
P_004169,G_004169,POSITIVE,EXACT
P_004170,G_004170,NEGATIVE,AMOUNT_MISMATCH
P_004171,G_004171,POSITIVE,EXACT
P_004172,G_004172,POSITIVE,VENDOR_ALIAS
P_004173,G_004173,POSITIVE,REF_MISSING
P_004174,G_004174,POSITIVE,EXACT
P_004175,G_004175,POSITIVE,EXACT
P_004176,G_004176,POSITIVE,EXACT
P_004177,G_004177,POSITIVE,EXACT
P_004178,G_004178,POSITIVE,EXACT
P_004179,G_004179,POSITIVE,EXACT
P_004180,G_004180,POSITIVE,VENDOR_ALIAS
P_004181,G_004181,POSITIVE,EXACT
P_004182,G_004182,POSITIVE,VENDOR_ALIAS
P_004183,G_004183,POSITIVE,EXACT
P_004184,G_004184,NEGATIVE,AMOUNT_MISMATCH
P_004185,G_004185,POSITIVE,EXACT
P_004186,G_004186,POSITIVE,REF_MISSING
P_004187,G_004187,NEGATIVE,AMOUNT_MISMATCH
P_004188,G_004188,POSITIVE,EXACT
P_004189,G_004189,POSITIVE,EXACT
P_004190,G_004190,NEGATIVE,TAX_MISMATCH
P_004191,G_004191,POSITIVE,REF_MISSING
P_004192,G_004192,POSITIVE,EXACT
P_004193,G_004193,POSITIVE,VENDOR_ALIAS
P_004194,G_004194,POSITIVE,VENDOR_ALIAS
P_004195,G_004195,POSITIVE,EXACT
P_004196,G_004196,POSITIVE,EXACT
P_004197,G_004197,POSITIVE,EXACT
P_004198,G_004198,NEGATIVE,AMOUNT_MISMATCH
P_004199,G_004199,POSITIVE,VENDOR_ALIAS
P_004200,G_004200,NEGATIVE,TAX_MISMATCH
P_004201,G_004201,POSITIVE,VENDOR_ALIAS
P_004202,G_004202,POSITIVE,VENDOR_ALIAS
P_004203,G_004203,NEGATIVE,TAX_MISMATCH
P_004204,G_004204,NEGATIVE,TAX_MISMATCH
P_004205,G_004205,POSITIVE,EXACT
P_004206,G_004206,POSITIVE,EXACT
P_004207,G_004207,POSITIVE,VENDOR_ALIAS
P_004208,G_004208,NEGATIVE,AMOUNT_MISMATCH
P_004209,G_004209,POSITIVE,VENDOR_ALIAS
P_004210,G_004210,NEGATIVE,AMOUNT_MISMATCH
P_004211,G_004211,POSITIVE,EXACT
P_004212,G_004212,POSITIVE,REF_MISSING
P_004213,G_004213,POSITIVE,EXACT
P_004214,G_004214,NEGATIVE,AMOUNT_MISMATCH
P_004215,G_004215,POSITIVE,VENDOR_ALIAS
P_004216,G_004216,POSITIVE,REF_MISSING
P_004217,G_004217,POSITIVE,REF_MISSING
P_004218,G_004218,POSITIVE,REF_MISSING
P_004219,G_004219,POSITIVE,EXACT
P_004220,G_004220,POSITIVE,EXACT
P_004221,G_004221,POSITIVE,VENDOR_ALIAS
P_004222,G_004222,NEGATIVE,AMOUNT_MISMATCH
P_004223,G_004223,POSITIVE,VENDOR_ALIAS
P_004224,G_004224,POSITIVE,VENDOR_ALIAS
P_004225,G_004225,POSITIVE,EXACT
P_004226,G_004226,POSITIVE,EXACT
P_004227,G_004227,NEGATIVE,TAX_MISMATCH
P_004228,G_004228,NEGATIVE,AMOUNT_MISMATCH
P_004229,G_004229,POSITIVE,EXACT
P_004230,G_004230,POSITIVE,EXACT
P_004231,G_004231,POSITIVE,EXACT
P_004232,G_004232,POSITIVE,EXACT
P_004233,G_004233,POSITIVE,EXACT
P_004234,G_004234,POSITIVE,EXACT
P_004235,G_004235,NEGATIVE,AMOUNT_MISMATCH
P_004236,G_004236,NEGATIVE,AMOUNT_MISMATCH
P_004237,G_004237,POSITIVE,EXACT
P_004238,G_004238,POSITIVE,EXACT
P_004239,G_004239,POSITIVE,VENDOR_ALIAS
P_004240,G_004240,NEGATIVE,TAX_MISMATCH
P_004241,G_004241,POSITIVE,REF_MISSING
P_004242,G_004242,POSITIVE,EXACT
P_004243,G_004243,POSITIVE,REF_MISSING
P_004244,G_004244,POSITIVE,EXACT
P_004245,G_004245,POSITIVE,REF_MISSING
P_004246,G_004246,POSITIVE,EXACT
P_004247,G_004247,NEGATIVE,AMOUNT_MISMATCH
P_004248,G_004248,POSITIVE,REF_MISSING
P_004249,G_004249,POSITIVE,REF_MISSING
P_004250,G_004250,POSITIVE,EXACT
P_004251,G_004251,POSITIVE,EXACT
P_004252,G_004252,POSITIVE,EXACT
P_004253,G_004253,POSITIVE,EXACT
P_004254,G_004254,POSITIVE,EXACT
P_004255,G_004255,POSITIVE,EXACT
P_004256,G_004256,POSITIVE,EXACT
P_004257,G_004257,POSITIVE,EXACT
P_004258,G_004258,POSITIVE,VENDOR_ALIAS
P_004259,G_004259,POSITIVE,EXACT
P_004260,G_004260,POSITIVE,EXACT
P_004261,G_004261,POSITIVE,VENDOR_ALIAS
P_004262,G_004262,POSITIVE,EXACT
P_004263,G_004263,POSITIVE,EXACT
P_004264,G_004264,POSITIVE,REF_MISSING
P_004265,G_004265,POSITIVE,EXACT
P_004266,G_004266,POSITIVE,EXACT
P_004267,G_004267,POSITIVE,EXACT
P_004268,G_004268,POSITIVE,VENDOR_ALIAS
P_004269,G_004269,POSITIVE,REF_MISSING
P_004270,G_004270,NEGATIVE,AMOUNT_MISMATCH
P_004271,G_004271,POSITIVE,REF_MISSING
P_004272,G_004272,POSITIVE,EXACT
P_004273,G_004273,POSITIVE,EXACT
P_004274,G_004274,POSITIVE,EXACT
P_004275,G_004275,POSITIVE,VENDOR_ALIAS
P_004276,G_004276,POSITIVE,EXACT
P_004277,G_004277,POSITIVE,REF_MISSING
P_004278,G_004278,POSITIVE,EXACT
P_004279,G_004279,POSITIVE,EXACT
P_004280,G_004280,POSITIVE,EXACT
P_004281,G_004281,POSITIVE,REF_MISSING
P_004282,G_004282,NEGATIVE,AMOUNT_MISMATCH
P_004283,G_004283,POSITIVE,VENDOR_ALIAS
P_004284,G_004284,POSITIVE,REF_MISSING
P_004285,G_004285,POSITIVE,REF_MISSING
P_004286,G_004286,POSITIVE,VENDOR_ALIAS
P_004287,G_004287,POSITIVE,EXACT
P_004288,G_004288,POSITIVE,REF_MISSING
P_004289,G_004289,POSITIVE,VENDOR_ALIAS
P_004290,G_004290,NEGATIVE,AMOUNT_MISMATCH
P_004291,G_004291,POSITIVE,VENDOR_ALIAS
P_004292,G_004292,POSITIVE,VENDOR_ALIAS
P_004293,G_004293,POSITIVE,VENDOR_ALIAS
P_004294,G_004294,POSITIVE,VENDOR_ALIAS
P_004295,G_004295,POSITIVE,VENDOR_ALIAS
P_004296,G_004296,POSITIVE,EXACT
P_004297,G_004297,POSITIVE,EXACT
P_004298,G_004298,POSITIVE,EXACT
P_004299,G_004299,POSITIVE,EXACT
P_004300,G_004300,POSITIVE,EXACT
P_004301,G_004301,POSITIVE,EXACT
P_004302,G_004302,POSITIVE,EXACT
P_004303,G_004303,POSITIVE,EXACT
P_004304,G_004304,POSITIVE,VENDOR_ALIAS
P_004305,G_004305,POSITIVE,EXACT
P_004306,G_004306,POSITIVE,EXACT
P_004307,G_004307,POSITIVE,VENDOR_ALIAS
P_004308,G_004308,POSITIVE,REF_MISSING
P_004309,G_004309,POSITIVE,EXACT
P_004310,G_004310,POSITIVE,EXACT
P_004311,G_004311,POSITIVE,EXACT
P_004312,G_004312,POSITIVE,REF_MISSING
P_004313,G_004313,POSITIVE,EXACT
P_004314,G_004314,POSITIVE,VENDOR_ALIAS
P_004315,G_004315,POSITIVE,VENDOR_ALIAS
P_004316,G_004316,POSITIVE,VENDOR_ALIAS
P_004317,G_004317,POSITIVE,VENDOR_ALIAS
P_004318,G_004318,POSITIVE,EXACT
P_004319,G_004319,POSITIVE,EXACT
P_004320,G_004320,POSITIVE,VENDOR_ALIAS
P_004321,G_004321,POSITIVE,EXACT
P_004322,G_004322,POSITIVE,EXACT
P_004323,G_004323,POSITIVE,EXACT
P_004324,G_004324,NEGATIVE,AMOUNT_MISMATCH
P_004325,G_004325,POSITIVE,EXACT
P_004326,G_004326,POSITIVE,VENDOR_ALIAS
P_004327,G_004327,POSITIVE,REF_MISSING
P_004328,G_004328,NEGATIVE,AMOUNT_MISMATCH
P_004329,G_004329,POSITIVE,REF_MISSING
P_004330,G_004330,POSITIVE,EXACT
P_004331,G_004331,POSITIVE,EXACT
P_004332,G_004332,POSITIVE,EXACT
P_004333,G_004333,POSITIVE,REF_MISSING
P_004334,G_004334,POSITIVE,EXACT
P_004335,G_004335,POSITIVE,EXACT
P_004336,G_004336,POSITIVE,VENDOR_ALIAS
P_004337,G_004337,POSITIVE,VENDOR_ALIAS
P_004338,G_004338,POSITIVE,EXACT
P_004339,G_004339,NEGATIVE,TAX_MISMATCH
P_004340,G_004340,POSITIVE,VENDOR_ALIAS
P_004341,G_004341,NEGATIVE,TAX_MISMATCH
P_004342,G_004342,POSITIVE,REF_MISSING
P_004343,G_004343,POSITIVE,EXACT
P_004344,G_004344,POSITIVE,VENDOR_ALIAS
P_004345,G_004345,POSITIVE,EXACT
P_004346,G_004346,POSITIVE,VENDOR_ALIAS
P_004347,G_004347,POSITIVE,REF_MISSING
P_004348,G_004348,POSITIVE,EXACT
P_004349,G_004349,POSITIVE,REF_MISSING
P_004350,G_004350,POSITIVE,EXACT
P_004351,G_004351,NEGATIVE,AMOUNT_MISMATCH
P_004352,G_004352,NEGATIVE,TAX_MISMATCH
P_004353,G_004353,POSITIVE,REF_MISSING
P_004354,G_004354,POSITIVE,EXACT
P_004355,G_004355,POSITIVE,VENDOR_ALIAS
P_004356,G_004356,POSITIVE,EXACT
P_004357,G_004357,POSITIVE,VENDOR_ALIAS
P_004358,G_004358,POSITIVE,EXACT
P_004359,G_004359,NEGATIVE,AMOUNT_MISMATCH
P_004360,G_004360,POSITIVE,EXACT
P_004361,G_004361,POSITIVE,EXACT
P_004362,G_004362,POSITIVE,REF_MISSING
P_004363,G_004363,POSITIVE,VENDOR_ALIAS
P_004364,G_004364,NEGATIVE,AMOUNT_MISMATCH
P_004365,G_004365,POSITIVE,VENDOR_ALIAS
P_004366,G_004366,POSITIVE,VENDOR_ALIAS
P_004367,G_004367,POSITIVE,VENDOR_ALIAS
P_004368,G_004368,POSITIVE,REF_MISSING
P_004369,G_004369,POSITIVE,EXACT
P_004370,G_004370,POSITIVE,EXACT
P_004371,G_004371,POSITIVE,REF_MISSING
P_004372,G_004372,POSITIVE,EXACT
P_004373,G_004373,POSITIVE,EXACT
P_004374,G_004374,POSITIVE,REF_MISSING
P_004375,G_004375,POSITIVE,VENDOR_ALIAS
P_004376,G_004376,POSITIVE,VENDOR_ALIAS
P_004377,G_004377,POSITIVE,REF_MISSING
P_004378,G_004378,POSITIVE,EXACT
P_004379,G_004379,POSITIVE,EXACT
P_004380,G_004380,POSITIVE,EXACT
P_004381,G_004381,POSITIVE,VENDOR_ALIAS
P_004382,G_004382,POSITIVE,VENDOR_ALIAS
P_004383,G_004383,POSITIVE,EXACT
P_004384,G_004384,POSITIVE,EXACT
P_004385,G_004385,POSITIVE,EXACT
P_004386,G_004386,POSITIVE,EXACT
P_004387,G_004387,POSITIVE,EXACT
P_004388,G_004388,POSITIVE,REF_MISSING
P_004389,G_004389,POSITIVE,VENDOR_ALIAS
P_004390,G_004390,POSITIVE,EXACT
P_004391,G_004391,NEGATIVE,AMOUNT_MISMATCH
P_004392,G_004392,POSITIVE,REF_MISSING
P_004393,G_004393,POSITIVE,VENDOR_ALIAS
P_004394,G_004394,NEGATIVE,AMOUNT_MISMATCH
P_004395,G_004395,POSITIVE,REF_MISSING
P_004396,G_004396,POSITIVE,EXACT
P_004397,G_004397,POSITIVE,EXACT
P_004398,G_004398,POSITIVE,EXACT
P_004399,G_004399,NEGATIVE,AMOUNT_MISMATCH
P_004400,G_004400,POSITIVE,EXACT
P_004401,G_004401,POSITIVE,EXACT
P_004402,G_004402,POSITIVE,EXACT
P_004403,G_004403,NEGATIVE,AMOUNT_MISMATCH
P_004404,G_004404,POSITIVE,EXACT
P_004405,G_004405,POSITIVE,VENDOR_ALIAS
P_004406,G_004406,POSITIVE,REF_MISSING
P_004407,G_004407,POSITIVE,EXACT
P_004408,G_004408,POSITIVE,REF_MISSING
P_004409,G_004409,POSITIVE,VENDOR_ALIAS
P_004410,G_004410,POSITIVE,REF_MISSING
P_004411,G_004411,POSITIVE,EXACT
P_004412,G_004412,POSITIVE,EXACT
P_004413,G_004413,POSITIVE,EXACT
P_004414,G_004414,POSITIVE,EXACT
P_004415,G_004415,POSITIVE,EXACT
P_004416,G_004416,NEGATIVE,TAX_MISMATCH
P_004417,G_004417,POSITIVE,VENDOR_ALIAS
P_004418,G_004418,NEGATIVE,AMOUNT_MISMATCH
P_004419,G_004419,POSITIVE,EXACT
P_004420,G_004420,POSITIVE,EXACT
P_004421,G_004421,POSITIVE,VENDOR_ALIAS
P_004422,G_004422,POSITIVE,EXACT
P_004423,G_004423,POSITIVE,REF_MISSING
P_004424,G_004424,POSITIVE,EXACT
P_004425,G_004425,POSITIVE,EXACT
P_004426,G_004426,NEGATIVE,AMOUNT_MISMATCH
P_004427,G_004427,POSITIVE,VENDOR_ALIAS
P_004428,G_004428,POSITIVE,REF_MISSING
P_004429,G_004429,POSITIVE,VENDOR_ALIAS
P_004430,G_004430,POSITIVE,EXACT
P_004431,G_004431,POSITIVE,EXACT
P_004432,G_004432,POSITIVE,REF_MISSING
P_004433,G_004433,POSITIVE,EXACT
P_004434,G_004434,POSITIVE,EXACT
P_004435,G_004435,POSITIVE,VENDOR_ALIAS
P_004436,G_004436,POSITIVE,EXACT
P_004437,G_004437,POSITIVE,EXACT
P_004438,G_004438,NEGATIVE,AMOUNT_MISMATCH
P_004439,G_004439,POSITIVE,EXACT
P_004440,G_004440,NEGATIVE,AMOUNT_MISMATCH
P_004441,G_004441,NEGATIVE,TAX_MISMATCH
P_004442,G_004442,POSITIVE,EXACT
P_004443,G_004443,POSITIVE,EXACT
P_004444,G_004444,POSITIVE,REF_MISSING
P_004445,G_004445,POSITIVE,REF_MISSING
P_004446,G_004446,POSITIVE,REF_MISSING
P_004447,G_004447,POSITIVE,VENDOR_ALIAS
P_004448,G_004448,POSITIVE,EXACT
P_004449,G_004449,POSITIVE,VENDOR_ALIAS
P_004450,G_004450,POSITIVE,VENDOR_ALIAS
P_004451,G_004451,NEGATIVE,AMOUNT_MISMATCH
P_004452,G_004452,POSITIVE,REF_MISSING
P_004453,G_004453,POSITIVE,REF_MISSING
P_004454,G_004454,POSITIVE,VENDOR_ALIAS
P_004455,G_004455,POSITIVE,VENDOR_ALIAS
P_004456,G_004456,POSITIVE,EXACT
P_004457,G_004457,POSITIVE,VENDOR_ALIAS
P_004458,G_004458,POSITIVE,VENDOR_ALIAS
P_004459,G_004459,POSITIVE,VENDOR_ALIAS
P_004460,G_004460,POSITIVE,REF_MISSING
P_004461,G_004461,POSITIVE,VENDOR_ALIAS
P_004462,G_004462,POSITIVE,VENDOR_ALIAS
P_004463,G_004463,POSITIVE,EXACT
P_004464,G_004464,POSITIVE,REF_MISSING
P_004465,G_004465,POSITIVE,EXACT
P_004466,G_004466,POSITIVE,EXACT
P_004467,G_004467,POSITIVE,EXACT
P_004468,G_004468,POSITIVE,VENDOR_ALIAS
P_004469,G_004469,POSITIVE,EXACT
P_004470,G_004470,POSITIVE,REF_MISSING
P_004471,G_004471,POSITIVE,EXACT
P_004472,G_004472,POSITIVE,EXACT
P_004473,G_004473,POSITIVE,EXACT
P_004474,G_004474,POSITIVE,REF_MISSING
P_004475,G_004475,POSITIVE,EXACT
P_004476,G_004476,NEGATIVE,TAX_MISMATCH
P_004477,G_004477,POSITIVE,VENDOR_ALIAS
P_004478,G_004478,POSITIVE,EXACT
P_004479,G_004479,POSITIVE,VENDOR_ALIAS
P_004480,G_004480,POSITIVE,EXACT
P_004481,G_004481,POSITIVE,EXACT
P_004482,G_004482,POSITIVE,EXACT
P_004483,G_004483,NEGATIVE,AMOUNT_MISMATCH
P_004484,G_004484,POSITIVE,REF_MISSING
P_004485,G_004485,POSITIVE,EXACT
P_004486,G_004486,POSITIVE,EXACT
P_004487,G_004487,POSITIVE,EXACT
P_004488,G_004488,POSITIVE,VENDOR_ALIAS
P_004489,G_004489,POSITIVE,EXACT
P_004490,G_004490,NEGATIVE,TAX_MISMATCH
P_004491,G_004491,POSITIVE,VENDOR_ALIAS
P_004492,G_004492,POSITIVE,VENDOR_ALIAS
P_004493,G_004493,NEGATIVE,TAX_MISMATCH
P_004494,G_004494,POSITIVE,EXACT
P_004495,G_004495,POSITIVE,EXACT
P_004496,G_004496,POSITIVE,VENDOR_ALIAS
P_004497,G_004497,POSITIVE,VENDOR_ALIAS
P_004498,G_004498,NEGATIVE,AMOUNT_MISMATCH
P_004499,G_004499,POSITIVE,EXACT
P_004500,G_004500,POSITIVE,EXACT
P_004501,G_004501,POSITIVE,EXACT
P_004502,G_004502,POSITIVE,EXACT
P_004503,G_004503,POSITIVE,EXACT
P_004504,G_004504,POSITIVE,EXACT
P_004505,G_004505,POSITIVE,EXACT
P_004506,G_004506,POSITIVE,VENDOR_ALIAS
P_004507,G_004507,POSITIVE,EXACT
P_004508,G_004508,POSITIVE,VENDOR_ALIAS
P_004509,G_004509,POSITIVE,EXACT
P_004510,G_004510,POSITIVE,VENDOR_ALIAS
P_004511,G_004511,POSITIVE,REF_MISSING
P_004512,G_004512,POSITIVE,EXACT
P_004513,G_004513,POSITIVE,VENDOR_ALIAS
P_004514,G_004514,POSITIVE,EXACT
P_004515,G_004515,POSITIVE,REF_MISSING
P_004516,G_004516,POSITIVE,EXACT
P_004517,G_004517,NEGATIVE,AMOUNT_MISMATCH
P_004518,G_004518,POSITIVE,EXACT
P_004519,G_004519,POSITIVE,EXACT
P_004520,G_004520,NEGATIVE,TAX_MISMATCH
P_004521,G_004521,POSITIVE,REF_MISSING
P_004522,G_004522,POSITIVE,VENDOR_ALIAS
P_004523,G_004523,POSITIVE,VENDOR_ALIAS
P_004524,G_004524,POSITIVE,EXACT
P_004525,G_004525,POSITIVE,REF_MISSING
P_004526,G_004526,POSITIVE,EXACT
P_004527,G_004527,NEGATIVE,AMOUNT_MISMATCH
P_004528,G_004528,NEGATIVE,AMOUNT_MISMATCH
P_004529,G_004529,POSITIVE,EXACT
P_004530,G_004530,POSITIVE,EXACT
P_004531,G_004531,POSITIVE,EXACT
P_004532,G_004532,POSITIVE,EXACT
P_004533,G_004533,POSITIVE,EXACT
P_004534,G_004534,POSITIVE,VENDOR_ALIAS
P_004535,G_004535,POSITIVE,REF_MISSING
P_004536,G_004536,POSITIVE,EXACT
P_004537,G_004537,POSITIVE,REF_MISSING
P_004538,G_004538,POSITIVE,VENDOR_ALIAS
P_004539,G_004539,POSITIVE,REF_MISSING
P_004540,G_004540,POSITIVE,REF_MISSING
P_004541,G_004541,POSITIVE,EXACT
P_004542,G_004542,POSITIVE,EXACT
P_004543,G_004543,POSITIVE,EXACT
P_004544,G_004544,POSITIVE,VENDOR_ALIAS
P_004545,G_004545,POSITIVE,VENDOR_ALIAS
P_004546,G_004546,POSITIVE,EXACT
P_004547,G_004547,POSITIVE,EXACT
P_004548,G_004548,NEGATIVE,AMOUNT_MISMATCH
P_004549,G_004549,POSITIVE,VENDOR_ALIAS
P_004550,G_004550,POSITIVE,EXACT
P_004551,G_004551,POSITIVE,EXACT
P_004552,G_004552,NEGATIVE,AMOUNT_MISMATCH
P_004553,G_004553,POSITIVE,VENDOR_ALIAS
P_004554,G_004554,POSITIVE,VENDOR_ALIAS
P_004555,G_004555,POSITIVE,EXACT
P_004556,G_004556,POSITIVE,EXACT
P_004557,G_004557,POSITIVE,EXACT
P_004558,G_004558,POSITIVE,EXACT
P_004559,G_004559,POSITIVE,VENDOR_ALIAS
P_004560,G_004560,POSITIVE,EXACT
P_004561,G_004561,POSITIVE,REF_MISSING
P_004562,G_004562,NEGATIVE,AMOUNT_MISMATCH
P_004563,G_004563,POSITIVE,EXACT
P_004564,G_004564,POSITIVE,EXACT
P_004565,G_004565,NEGATIVE,AMOUNT_MISMATCH
P_004566,G_004566,POSITIVE,EXACT
P_004567,G_004567,POSITIVE,EXACT
P_004568,G_004568,POSITIVE,EXACT
P_004569,G_004569,NEGATIVE,TAX_MISMATCH
P_004570,G_004570,POSITIVE,EXACT
P_004571,G_004571,POSITIVE,VENDOR_ALIAS
P_004572,G_004572,POSITIVE,EXACT
P_004573,G_004573,POSITIVE,EXACT
P_004574,G_004574,POSITIVE,EXACT
P_004575,G_004575,POSITIVE,EXACT
P_004576,G_004576,POSITIVE,EXACT
P_004577,G_004577,POSITIVE,EXACT
P_004578,G_004578,NEGATIVE,TAX_MISMATCH
P_004579,G_004579,POSITIVE,EXACT
P_004580,G_004580,POSITIVE,REF_MISSING
P_004581,G_004581,POSITIVE,EXACT
P_004582,G_004582,POSITIVE,EXACT
P_004583,G_004583,POSITIVE,VENDOR_ALIAS
P_004584,G_004584,POSITIVE,EXACT
P_004585,G_004585,NEGATIVE,TAX_MISMATCH
P_004586,G_004586,POSITIVE,REF_MISSING
P_004587,G_004587,POSITIVE,EXACT
P_004588,G_004588,POSITIVE,EXACT
P_004589,G_004589,POSITIVE,VENDOR_ALIAS
P_004590,G_004590,POSITIVE,VENDOR_ALIAS
P_004591,G_004591,NEGATIVE,AMOUNT_MISMATCH
P_004592,G_004592,POSITIVE,VENDOR_ALIAS
P_004593,G_004593,POSITIVE,EXACT
P_004594,G_004594,POSITIVE,EXACT
P_004595,G_004595,POSITIVE,EXACT
P_004596,G_004596,POSITIVE,VENDOR_ALIAS
P_004597,G_004597,POSITIVE,EXACT
P_004598,G_004598,POSITIVE,REF_MISSING
P_004599,G_004599,POSITIVE,REF_MISSING
P_004600,G_004600,POSITIVE,REF_MISSING
P_004601,G_004601,POSITIVE,EXACT
P_004602,G_004602,NEGATIVE,TAX_MISMATCH
P_004603,G_004603,NEGATIVE,AMOUNT_MISMATCH
P_004604,G_004604,POSITIVE,EXACT
P_004605,G_004605,NEGATIVE,TAX_MISMATCH
P_004606,G_004606,POSITIVE,VENDOR_ALIAS
P_004607,G_004607,POSITIVE,VENDOR_ALIAS
P_004608,G_004608,POSITIVE,EXACT
P_004609,G_004609,POSITIVE,EXACT
P_004610,G_004610,POSITIVE,VENDOR_ALIAS
P_004611,G_004611,POSITIVE,VENDOR_ALIAS
P_004612,G_004612,POSITIVE,EXACT
P_004613,G_004613,POSITIVE,VENDOR_ALIAS
P_004614,G_004614,POSITIVE,REF_MISSING
P_004615,G_004615,NEGATIVE,TAX_MISMATCH
P_004616,G_004616,NEGATIVE,TAX_MISMATCH
P_004617,G_004617,POSITIVE,EXACT
P_004618,G_004618,POSITIVE,EXACT
P_004619,G_004619,POSITIVE,VENDOR_ALIAS
P_004620,G_004620,POSITIVE,EXACT
P_004621,G_004621,POSITIVE,REF_MISSING
P_004622,G_004622,POSITIVE,EXACT
P_004623,G_004623,POSITIVE,EXACT
P_004624,G_004624,POSITIVE,REF_MISSING
P_004625,G_004625,POSITIVE,EXACT
P_004626,G_004626,POSITIVE,EXACT
P_004627,G_004627,POSITIVE,VENDOR_ALIAS
P_004628,G_004628,POSITIVE,REF_MISSING
P_004629,G_004629,POSITIVE,REF_MISSING
P_004630,G_004630,POSITIVE,EXACT
P_004631,G_004631,POSITIVE,EXACT
P_004632,G_004632,POSITIVE,VENDOR_ALIAS
P_004633,G_004633,POSITIVE,VENDOR_ALIAS
P_004634,G_004634,POSITIVE,EXACT
P_004635,G_004635,POSITIVE,EXACT
P_004636,G_004636,POSITIVE,EXACT
P_004637,G_004637,POSITIVE,VENDOR_ALIAS
P_004638,G_004638,POSITIVE,REF_MISSING
P_004639,G_004639,POSITIVE,EXACT
P_004640,G_004640,POSITIVE,REF_MISSING
P_004641,G_004641,NEGATIVE,AMOUNT_MISMATCH
P_004642,G_004642,POSITIVE,VENDOR_ALIAS
P_004643,G_004643,POSITIVE,EXACT
P_004644,G_004644,POSITIVE,VENDOR_ALIAS
P_004645,G_004645,POSITIVE,VENDOR_ALIAS
P_004646,G_004646,POSITIVE,EXACT
P_004647,G_004647,NEGATIVE,TAX_MISMATCH
P_004648,G_004648,POSITIVE,EXACT
P_004649,G_004649,POSITIVE,EXACT
P_004650,G_004650,POSITIVE,EXACT
P_004651,G_004651,POSITIVE,VENDOR_ALIAS
P_004652,G_004652,POSITIVE,VENDOR_ALIAS
P_004653,G_004653,POSITIVE,EXACT
P_004654,G_004654,POSITIVE,VENDOR_ALIAS
P_004655,G_004655,POSITIVE,EXACT
P_004656,G_004656,POSITIVE,EXACT
P_004657,G_004657,NEGATIVE,AMOUNT_MISMATCH
P_004658,G_004658,POSITIVE,EXACT
P_004659,G_004659,POSITIVE,EXACT
P_004660,G_004660,POSITIVE,VENDOR_ALIAS
P_004661,G_004661,POSITIVE,EXACT
P_004662,G_004662,POSITIVE,EXACT
P_004663,G_004663,POSITIVE,REF_MISSING
P_004664,G_004664,POSITIVE,EXACT
P_004665,G_004665,POSITIVE,EXACT
P_004666,G_004666,POSITIVE,REF_MISSING
P_004667,G_004667,POSITIVE,EXACT
P_004668,G_004668,POSITIVE,EXACT
P_004669,G_004669,POSITIVE,EXACT
P_004670,G_004670,POSITIVE,EXACT
P_004671,G_004671,POSITIVE,EXACT
P_004672,G_004672,POSITIVE,EXACT
P_004673,G_004673,NEGATIVE,TAX_MISMATCH
P_004674,G_004674,POSITIVE,VENDOR_ALIAS
P_004675,G_004675,POSITIVE,REF_MISSING
P_004676,G_004676,POSITIVE,VENDOR_ALIAS
P_004677,G_004677,POSITIVE,EXACT
P_004678,G_004678,NEGATIVE,TAX_MISMATCH
P_004679,G_004679,POSITIVE,EXACT
P_004680,G_004680,POSITIVE,REF_MISSING
P_004681,G_004681,POSITIVE,EXACT
P_004682,G_004682,POSITIVE,EXACT
P_004683,G_004683,POSITIVE,EXACT
P_004684,G_004684,POSITIVE,EXACT
P_004685,G_004685,POSITIVE,EXACT
P_004686,G_004686,POSITIVE,EXACT
P_004687,G_004687,POSITIVE,REF_MISSING
P_004688,G_004688,POSITIVE,EXACT
P_004689,G_004689,POSITIVE,EXACT
P_004690,G_004690,POSITIVE,EXACT
P_004691,G_004691,POSITIVE,REF_MISSING
P_004692,G_004692,POSITIVE,EXACT
P_004693,G_004693,POSITIVE,VENDOR_ALIAS
P_004694,G_004694,NEGATIVE,AMOUNT_MISMATCH
P_004695,G_004695,POSITIVE,REF_MISSING
P_004696,G_004696,POSITIVE,EXACT
P_004697,G_004697,POSITIVE,EXACT
P_004698,G_004698,POSITIVE,VENDOR_ALIAS
P_004699,G_004699,POSITIVE,EXACT
P_004700,G_004700,POSITIVE,EXACT
P_004701,G_004701,POSITIVE,REF_MISSING
P_004702,G_004702,POSITIVE,REF_MISSING
P_004703,G_004703,POSITIVE,VENDOR_ALIAS
P_004704,G_004704,POSITIVE,REF_MISSING
P_004705,G_004705,POSITIVE,EXACT
P_004706,G_004706,POSITIVE,VENDOR_ALIAS
P_004707,G_004707,POSITIVE,VENDOR_ALIAS
P_004708,G_004708,POSITIVE,EXACT
P_004709,G_004709,POSITIVE,REF_MISSING
P_004710,G_004710,POSITIVE,EXACT
P_004711,G_004711,POSITIVE,REF_MISSING
P_004712,G_004712,POSITIVE,EXACT
P_004713,G_004713,POSITIVE,REF_MISSING
P_004714,G_004714,POSITIVE,EXACT
P_004715,G_004715,NEGATIVE,AMOUNT_MISMATCH
P_004716,G_004716,POSITIVE,EXACT
P_004717,G_004717,POSITIVE,EXACT
P_004718,G_004718,POSITIVE,EXACT
P_004719,G_004719,POSITIVE,EXACT
P_004720,G_004720,NEGATIVE,TAX_MISMATCH
P_004721,G_004721,NEGATIVE,TAX_MISMATCH
P_004722,G_004722,POSITIVE,REF_MISSING
P_004723,G_004723,POSITIVE,EXACT
P_004724,G_004724,NEGATIVE,AMOUNT_MISMATCH
P_004725,G_004725,POSITIVE,EXACT
P_004726,G_004726,POSITIVE,EXACT
P_004727,G_004727,POSITIVE,REF_MISSING
P_004728,G_004728,POSITIVE,EXACT
P_004729,G_004729,POSITIVE,EXACT
P_004730,G_004730,POSITIVE,EXACT
P_004731,G_004731,POSITIVE,REF_MISSING
P_004732,G_004732,NEGATIVE,TAX_MISMATCH
P_004733,G_004733,POSITIVE,EXACT
P_004734,G_004734,POSITIVE,VENDOR_ALIAS
P_004735,G_004735,POSITIVE,REF_MISSING
P_004736,G_004736,POSITIVE,EXACT
P_004737,G_004737,POSITIVE,VENDOR_ALIAS
P_004738,G_004738,POSITIVE,REF_MISSING
P_004739,G_004739,POSITIVE,REF_MISSING
P_004740,G_004740,POSITIVE,EXACT
P_004741,G_004741,POSITIVE,REF_MISSING
P_004742,G_004742,POSITIVE,EXACT
P_004743,G_004743,POSITIVE,EXACT
P_004744,G_004744,POSITIVE,EXACT
P_004745,G_004745,NEGATIVE,TAX_MISMATCH
P_004746,G_004746,POSITIVE,REF_MISSING
P_004747,G_004747,POSITIVE,REF_MISSING
P_004748,G_004748,POSITIVE,EXACT
P_004749,G_004749,POSITIVE,REF_MISSING
P_004750,G_004750,POSITIVE,EXACT
P_004751,G_004751,POSITIVE,VENDOR_ALIAS
P_004752,G_004752,POSITIVE,EXACT
P_004753,G_004753,POSITIVE,VENDOR_ALIAS
P_004754,G_004754,NEGATIVE,TAX_MISMATCH
P_004755,G_004755,POSITIVE,VENDOR_ALIAS
P_004756,G_004756,POSITIVE,EXACT
P_004757,G_004757,POSITIVE,VENDOR_ALIAS
P_004758,G_004758,POSITIVE,EXACT
P_004759,G_004759,POSITIVE,VENDOR_ALIAS
P_004760,G_004760,POSITIVE,EXACT
P_004761,G_004761,NEGATIVE,TAX_MISMATCH
P_004762,G_004762,POSITIVE,REF_MISSING
P_004763,G_004763,POSITIVE,EXACT
P_004764,G_004764,NEGATIVE,AMOUNT_MISMATCH
P_004765,G_004765,POSITIVE,REF_MISSING
P_004766,G_004766,POSITIVE,EXACT
P_004767,G_004767,POSITIVE,EXACT
P_004768,G_004768,POSITIVE,REF_MISSING
P_004769,G_004769,POSITIVE,VENDOR_ALIAS
P_004770,G_004770,POSITIVE,EXACT
P_004771,G_004771,POSITIVE,VENDOR_ALIAS
P_004772,G_004772,POSITIVE,REF_MISSING
P_004773,G_004773,POSITIVE,REF_MISSING
P_004774,G_004774,NEGATIVE,AMOUNT_MISMATCH
P_004775,G_004775,NEGATIVE,AMOUNT_MISMATCH
P_004776,G_004776,POSITIVE,EXACT
P_004777,G_004777,NEGATIVE,AMOUNT_MISMATCH
P_004778,G_004778,POSITIVE,EXACT
P_004779,G_004779,POSITIVE,EXACT
P_004780,G_004780,POSITIVE,VENDOR_ALIAS
P_004781,G_004781,NEGATIVE,TAX_MISMATCH
P_004782,G_004782,POSITIVE,EXACT
P_004783,G_004783,POSITIVE,VENDOR_ALIAS
P_004784,G_004784,NEGATIVE,AMOUNT_MISMATCH
P_004785,G_004785,POSITIVE,EXACT
P_004786,G_004786,POSITIVE,EXACT
P_004787,G_004787,POSITIVE,EXACT
P_004788,G_004788,POSITIVE,EXACT
P_004789,G_004789,POSITIVE,EXACT
P_004790,G_004790,POSITIVE,EXACT
P_004791,G_004791,POSITIVE,VENDOR_ALIAS
P_004792,G_004792,POSITIVE,EXACT
P_004793,G_004793,POSITIVE,REF_MISSING
P_004794,G_004794,NEGATIVE,AMOUNT_MISMATCH
P_004795,G_004795,POSITIVE,EXACT
P_004796,G_004796,NEGATIVE,AMOUNT_MISMATCH
P_004797,G_004797,POSITIVE,EXACT
P_004798,G_004798,POSITIVE,EXACT
P_004799,G_004799,NEGATIVE,AMOUNT_MISMATCH
P_004800,G_004800,POSITIVE,VENDOR_ALIAS
P_004801,G_004801,NEGATIVE,AMOUNT_MISMATCH
P_004802,G_004802,POSITIVE,VENDOR_ALIAS
P_004803,G_004803,POSITIVE,EXACT
P_004804,G_004804,NEGATIVE,AMOUNT_MISMATCH
P_004805,G_004805,POSITIVE,EXACT
P_004806,G_004806,POSITIVE,EXACT
P_004807,G_004807,POSITIVE,REF_MISSING
P_004808,G_004808,POSITIVE,REF_MISSING
P_004809,G_004809,NEGATIVE,AMOUNT_MISMATCH
P_004810,G_004810,POSITIVE,REF_MISSING
P_004811,G_004811,POSITIVE,EXACT
P_004812,G_004812,NEGATIVE,AMOUNT_MISMATCH
P_004813,G_004813,POSITIVE,REF_MISSING
P_004814,G_004814,POSITIVE,EXACT
P_004815,G_004815,POSITIVE,EXACT
P_004816,G_004816,POSITIVE,EXACT
P_004817,G_004817,POSITIVE,VENDOR_ALIAS
P_004818,G_004818,NEGATIVE,AMOUNT_MISMATCH
P_004819,G_004819,POSITIVE,VENDOR_ALIAS
P_004820,G_004820,POSITIVE,EXACT
P_004821,G_004821,POSITIVE,VENDOR_ALIAS
P_004822,G_004822,POSITIVE,VENDOR_ALIAS
P_004823,G_004823,POSITIVE,VENDOR_ALIAS
P_004824,G_004824,NEGATIVE,AMOUNT_MISMATCH
P_004825,G_004825,NEGATIVE,AMOUNT_MISMATCH
P_004826,G_004826,POSITIVE,REF_MISSING
P_004827,G_004827,POSITIVE,EXACT
P_004828,G_004828,POSITIVE,EXACT
P_004829,G_004829,POSITIVE,EXACT
P_004830,G_004830,POSITIVE,EXACT
P_004831,G_004831,POSITIVE,EXACT
P_004832,G_004832,NEGATIVE,AMOUNT_MISMATCH
P_004833,G_004833,POSITIVE,VENDOR_ALIAS
P_004834,G_004834,POSITIVE,EXACT
P_004835,G_004835,POSITIVE,VENDOR_ALIAS
P_004836,G_004836,POSITIVE,EXACT
P_004837,G_004837,POSITIVE,VENDOR_ALIAS
P_004838,G_004838,POSITIVE,EXACT
P_004839,G_004839,POSITIVE,VENDOR_ALIAS
P_004840,G_004840,POSITIVE,EXACT
P_004841,G_004841,NEGATIVE,AMOUNT_MISMATCH
P_004842,G_004842,POSITIVE,EXACT
P_004843,G_004843,NEGATIVE,AMOUNT_MISMATCH
P_004844,G_004844,POSITIVE,EXACT
P_004845,G_004845,POSITIVE,EXACT
P_004846,G_004846,POSITIVE,EXACT
P_004847,G_004847,POSITIVE,EXACT
P_004848,G_004848,POSITIVE,EXACT
P_004849,G_004849,POSITIVE,EXACT
P_004850,G_004850,POSITIVE,EXACT
P_004851,G_004851,POSITIVE,REF_MISSING
P_004852,G_004852,POSITIVE,VENDOR_ALIAS
P_004853,G_004853,POSITIVE,EXACT
P_004854,G_004854,POSITIVE,REF_MISSING
P_004855,G_004855,POSITIVE,EXACT
P_004856,G_004856,POSITIVE,EXACT
P_004857,G_004857,NEGATIVE,AMOUNT_MISMATCH
P_004858,G_004858,POSITIVE,REF_MISSING
P_004859,G_004859,POSITIVE,EXACT
P_004860,G_004860,NEGATIVE,AMOUNT_MISMATCH
P_004861,G_004861,POSITIVE,REF_MISSING
P_004862,G_004862,POSITIVE,VENDOR_ALIAS
P_004863,G_004863,POSITIVE,EXACT
P_004864,G_004864,POSITIVE,EXACT
P_004865,G_004865,NEGATIVE,AMOUNT_MISMATCH
P_004866,G_004866,POSITIVE,EXACT
P_004867,G_004867,POSITIVE,EXACT
P_004868,G_004868,POSITIVE,REF_MISSING
P_004869,G_004869,NEGATIVE,TAX_MISMATCH
P_004870,G_004870,POSITIVE,VENDOR_ALIAS
P_004871,G_004871,NEGATIVE,TAX_MISMATCH
P_004872,G_004872,POSITIVE,REF_MISSING
P_004873,G_004873,POSITIVE,REF_MISSING
P_004874,G_004874,POSITIVE,EXACT
P_004875,G_004875,POSITIVE,EXACT
P_004876,G_004876,POSITIVE,VENDOR_ALIAS
P_004877,G_004877,POSITIVE,EXACT
P_004878,G_004878,POSITIVE,EXACT
P_004879,G_004879,POSITIVE,EXACT
P_004880,G_004880,POSITIVE,EXACT
P_004881,G_004881,POSITIVE,EXACT
P_004882,G_004882,POSITIVE,EXACT
P_004883,G_004883,NEGATIVE,AMOUNT_MISMATCH
P_004884,G_004884,POSITIVE,EXACT
P_004885,G_004885,POSITIVE,VENDOR_ALIAS
P_004886,G_004886,POSITIVE,VENDOR_ALIAS
P_004887,G_004887,POSITIVE,EXACT
P_004888,G_004888,POSITIVE,EXACT
P_004889,G_004889,NEGATIVE,AMOUNT_MISMATCH
P_004890,G_004890,POSITIVE,EXACT
P_004891,G_004891,POSITIVE,EXACT
P_004892,G_004892,POSITIVE,VENDOR_ALIAS
P_004893,G_004893,POSITIVE,EXACT
P_004894,G_004894,POSITIVE,REF_MISSING
P_004895,G_004895,POSITIVE,EXACT
P_004896,G_004896,POSITIVE,REF_MISSING
P_004897,G_004897,POSITIVE,EXACT
P_004898,G_004898,POSITIVE,EXACT
P_004899,G_004899,POSITIVE,EXACT
P_004900,G_004900,NEGATIVE,TAX_MISMATCH
P_004901,G_004901,POSITIVE,EXACT
P_004902,G_004902,NEGATIVE,AMOUNT_MISMATCH
P_004903,G_004903,POSITIVE,EXACT
P_004904,G_004904,POSITIVE,EXACT
P_004905,G_004905,NEGATIVE,AMOUNT_MISMATCH
P_004906,G_004906,POSITIVE,EXACT
P_004907,G_004907,POSITIVE,EXACT
P_004908,G_004908,POSITIVE,EXACT
P_004909,G_004909,POSITIVE,REF_MISSING
P_004910,G_004910,POSITIVE,VENDOR_ALIAS
P_004911,G_004911,POSITIVE,EXACT
P_004912,G_004912,POSITIVE,EXACT
P_004913,G_004913,POSITIVE,EXACT
P_004914,G_004914,NEGATIVE,TAX_MISMATCH
P_004915,G_004915,POSITIVE,EXACT
P_004916,G_004916,POSITIVE,REF_MISSING
P_004917,G_004917,POSITIVE,EXACT
P_004918,G_004918,NEGATIVE,AMOUNT_MISMATCH
P_004919,G_004919,POSITIVE,REF_MISSING
P_004920,G_004920,POSITIVE,EXACT
P_004921,G_004921,POSITIVE,EXACT
P_004922,G_004922,POSITIVE,EXACT
P_004923,G_004923,NEGATIVE,AMOUNT_MISMATCH
P_004924,G_004924,POSITIVE,EXACT
P_004925,G_004925,POSITIVE,EXACT
P_004926,G_004926,POSITIVE,EXACT
P_004927,G_004927,POSITIVE,EXACT
P_004928,G_004928,POSITIVE,VENDOR_ALIAS
P_004929,G_004929,POSITIVE,EXACT
P_004930,G_004930,NEGATIVE,AMOUNT_MISMATCH
P_004931,G_004931,POSITIVE,EXACT
P_004932,G_004932,POSITIVE,EXACT
P_004933,G_004933,NEGATIVE,TAX_MISMATCH
P_004934,G_004934,POSITIVE,REF_MISSING
P_004935,G_004935,NEGATIVE,AMOUNT_MISMATCH
P_004936,G_004936,POSITIVE,EXACT
P_004937,G_004937,POSITIVE,VENDOR_ALIAS
P_004938,G_004938,POSITIVE,REF_MISSING
P_004939,G_004939,POSITIVE,EXACT
P_004940,G_004940,POSITIVE,EXACT
P_004941,G_004941,POSITIVE,VENDOR_ALIAS
P_004942,G_004942,NEGATIVE,TAX_MISMATCH
P_004943,G_004943,POSITIVE,EXACT
P_004944,G_004944,POSITIVE,REF_MISSING
P_004945,G_004945,POSITIVE,EXACT
P_004946,G_004946,POSITIVE,EXACT
P_004947,G_004947,NEGATIVE,TAX_MISMATCH
P_004948,G_004948,POSITIVE,VENDOR_ALIAS
P_004949,G_004949,POSITIVE,REF_MISSING
P_004950,G_004950,POSITIVE,REF_MISSING
P_004951,G_004951,POSITIVE,VENDOR_ALIAS
P_004952,G_004952,POSITIVE,EXACT
P_004953,G_004953,POSITIVE,VENDOR_ALIAS
P_004954,G_004954,POSITIVE,EXACT
P_004955,G_004955,NEGATIVE,AMOUNT_MISMATCH
P_004956,G_004956,POSITIVE,EXACT
P_004957,G_004957,POSITIVE,VENDOR_ALIAS
P_004958,G_004958,NEGATIVE,AMOUNT_MISMATCH
P_004959,G_004959,POSITIVE,REF_MISSING
P_004960,G_004960,POSITIVE,EXACT
P_004961,G_004961,POSITIVE,EXACT
P_004962,G_004962,POSITIVE,EXACT
P_004963,G_004963,NEGATIVE,TAX_MISMATCH
P_004964,G_004964,POSITIVE,VENDOR_ALIAS
P_004965,G_004965,POSITIVE,REF_MISSING
P_004966,G_004966,POSITIVE,EXACT
P_004967,G_004967,POSITIVE,REF_MISSING
P_004968,G_004968,POSITIVE,EXACT
P_004969,G_004969,POSITIVE,EXACT
P_004970,G_004970,NEGATIVE,AMOUNT_MISMATCH
P_004971,G_004971,POSITIVE,VENDOR_ALIAS
P_004972,G_004972,POSITIVE,EXACT
P_004973,G_004973,NEGATIVE,AMOUNT_MISMATCH
P_004974,G_004974,POSITIVE,REF_MISSING
P_004975,G_004975,POSITIVE,REF_MISSING
P_004976,G_004976,POSITIVE,EXACT
P_004977,G_004977,POSITIVE,EXACT
P_004978,G_004978,POSITIVE,VENDOR_ALIAS
P_004979,G_004979,NEGATIVE,TAX_MISMATCH
P_004980,G_004980,POSITIVE,VENDOR_ALIAS
P_004981,G_004981,POSITIVE,EXACT
P_004982,G_004982,NEGATIVE,AMOUNT_MISMATCH
P_004983,G_004983,POSITIVE,EXACT
P_004984,G_004984,POSITIVE,REF_MISSING
P_004985,G_004985,POSITIVE,VENDOR_ALIAS
P_004986,G_004986,NEGATIVE,AMOUNT_MISMATCH
P_004987,G_004987,NEGATIVE,TAX_MISMATCH
P_004988,G_004988,POSITIVE,EXACT
P_004989,G_004989,POSITIVE,REF_MISSING
P_004990,G_004990,POSITIVE,VENDOR_ALIAS
P_004991,G_004991,POSITIVE,EXACT
P_004992,G_004992,NEGATIVE,TAX_MISMATCH
P_004993,G_004993,POSITIVE,EXACT
P_004994,G_004994,POSITIVE,REF_MISSING
P_004995,G_004995,POSITIVE,EXACT
P_004996,G_004996,POSITIVE,EXACT
P_004997,G_004997,POSITIVE,REF_MISSING
P_004998,G_004998,POSITIVE,EXACT
P_004999,G_004999,POSITIVE,VENDOR_ALIAS
P_005000,G_005000,POSITIVE,VENDOR_ALIAS
P_005001,G_005001,POSITIVE,EXACT
P_005002,G_005002,POSITIVE,REF_MISSING
P_005003,G_005003,NEGATIVE,AMOUNT_MISMATCH
P_005004,G_005004,NEGATIVE,AMOUNT_MISMATCH
P_005005,G_005005,POSITIVE,EXACT
P_005006,G_005006,POSITIVE,EXACT
P_005007,G_005007,POSITIVE,EXACT
P_005008,G_005008,POSITIVE,VENDOR_ALIAS
P_005009,G_005009,NEGATIVE,AMOUNT_MISMATCH
P_005010,G_005010,POSITIVE,VENDOR_ALIAS
P_005011,G_005011,POSITIVE,EXACT
P_005012,G_005012,POSITIVE,VENDOR_ALIAS
P_005013,G_005013,NEGATIVE,TAX_MISMATCH
P_005014,G_005014,POSITIVE,EXACT
P_005015,G_005015,POSITIVE,EXACT
P_005016,G_005016,POSITIVE,REF_MISSING
P_005017,G_005017,NEGATIVE,TAX_MISMATCH
P_005018,G_005018,POSITIVE,EXACT
P_005019,G_005019,POSITIVE,EXACT
P_005020,G_005020,POSITIVE,EXACT
P_005021,G_005021,POSITIVE,EXACT
P_005022,G_005022,POSITIVE,EXACT
P_005023,G_005023,POSITIVE,EXACT
P_005024,G_005024,POSITIVE,VENDOR_ALIAS
P_005025,G_005025,NEGATIVE,AMOUNT_MISMATCH
P_005026,G_005026,NEGATIVE,AMOUNT_MISMATCH
P_005027,G_005027,POSITIVE,EXACT
P_005028,G_005028,POSITIVE,REF_MISSING
P_005029,G_005029,POSITIVE,EXACT
P_005030,G_005030,NEGATIVE,TAX_MISMATCH
P_005031,G_005031,POSITIVE,EXACT
P_005032,G_005032,POSITIVE,EXACT
P_005033,G_005033,POSITIVE,EXACT
P_005034,G_005034,POSITIVE,REF_MISSING
P_005035,G_005035,POSITIVE,REF_MISSING
P_005036,G_005036,POSITIVE,REF_MISSING
P_005037,G_005037,NEGATIVE,AMOUNT_MISMATCH
P_005038,G_005038,POSITIVE,EXACT
P_005039,G_005039,POSITIVE,EXACT
P_005040,G_005040,POSITIVE,EXACT
P_005041,G_005041,POSITIVE,EXACT
P_005042,G_005042,POSITIVE,VENDOR_ALIAS
P_005043,G_005043,NEGATIVE,AMOUNT_MISMATCH
P_005044,G_005044,NEGATIVE,AMOUNT_MISMATCH
P_005045,G_005045,POSITIVE,REF_MISSING
P_005046,G_005046,POSITIVE,EXACT
P_005047,G_005047,NEGATIVE,AMOUNT_MISMATCH
P_005048,G_005048,POSITIVE,VENDOR_ALIAS
P_005049,G_005049,POSITIVE,EXACT
P_005050,G_005050,POSITIVE,REF_MISSING
P_005051,G_005051,POSITIVE,REF_MISSING
P_005052,G_005052,POSITIVE,EXACT
P_005053,G_005053,POSITIVE,EXACT
P_005054,G_005054,NEGATIVE,AMOUNT_MISMATCH
P_005055,G_005055,POSITIVE,EXACT
P_005056,G_005056,POSITIVE,EXACT
P_005057,G_005057,POSITIVE,EXACT
P_005058,G_005058,POSITIVE,EXACT
P_005059,G_005059,POSITIVE,VENDOR_ALIAS
P_005060,G_005060,POSITIVE,EXACT
P_005061,G_005061,POSITIVE,EXACT
P_005062,G_005062,POSITIVE,EXACT
P_005063,G_005063,POSITIVE,VENDOR_ALIAS
P_005064,G_005064,POSITIVE,VENDOR_ALIAS
P_005065,G_005065,POSITIVE,EXACT
P_005066,G_005066,POSITIVE,EXACT
P_005067,G_005067,POSITIVE,EXACT
P_005068,G_005068,POSITIVE,EXACT
P_005069,G_005069,POSITIVE,VENDOR_ALIAS
P_005070,G_005070,POSITIVE,VENDOR_ALIAS
P_005071,G_005071,NEGATIVE,AMOUNT_MISMATCH
P_005072,G_005072,POSITIVE,EXACT
P_005073,G_005073,POSITIVE,REF_MISSING
P_005074,G_005074,POSITIVE,REF_MISSING
P_005075,G_005075,POSITIVE,VENDOR_ALIAS
P_005076,G_005076,POSITIVE,REF_MISSING
P_005077,G_005077,POSITIVE,EXACT
P_005078,G_005078,POSITIVE,VENDOR_ALIAS
P_005079,G_005079,POSITIVE,VENDOR_ALIAS
P_005080,G_005080,POSITIVE,EXACT
P_005081,G_005081,POSITIVE,EXACT
P_005082,G_005082,POSITIVE,EXACT
P_005083,G_005083,POSITIVE,REF_MISSING
P_005084,G_005084,POSITIVE,EXACT
P_005085,G_005085,POSITIVE,EXACT
P_005086,G_005086,NEGATIVE,AMOUNT_MISMATCH
P_005087,G_005087,POSITIVE,EXACT
P_005088,G_005088,POSITIVE,EXACT
P_005089,G_005089,POSITIVE,REF_MISSING
P_005090,G_005090,POSITIVE,VENDOR_ALIAS
P_005091,G_005091,POSITIVE,EXACT
P_005092,G_005092,POSITIVE,EXACT
P_005093,G_005093,POSITIVE,REF_MISSING
P_005094,G_005094,POSITIVE,EXACT
P_005095,G_005095,POSITIVE,EXACT
P_005096,G_005096,NEGATIVE,TAX_MISMATCH
P_005097,G_005097,POSITIVE,VENDOR_ALIAS
P_005098,G_005098,POSITIVE,EXACT
P_005099,G_005099,POSITIVE,REF_MISSING
P_005100,G_005100,POSITIVE,EXACT
P_005101,G_005101,POSITIVE,VENDOR_ALIAS
P_005102,G_005102,POSITIVE,REF_MISSING
P_005103,G_005103,NEGATIVE,AMOUNT_MISMATCH
P_005104,G_005104,POSITIVE,EXACT
P_005105,G_005105,NEGATIVE,AMOUNT_MISMATCH
P_005106,G_005106,POSITIVE,EXACT
P_005107,G_005107,NEGATIVE,TAX_MISMATCH
P_005108,G_005108,POSITIVE,EXACT
P_005109,G_005109,POSITIVE,EXACT
P_005110,G_005110,POSITIVE,EXACT
P_005111,G_005111,POSITIVE,EXACT
P_005112,G_005112,NEGATIVE,TAX_MISMATCH
P_005113,G_005113,POSITIVE,EXACT
P_005114,G_005114,POSITIVE,VENDOR_ALIAS
P_005115,G_005115,POSITIVE,EXACT
P_005116,G_005116,NEGATIVE,AMOUNT_MISMATCH
P_005117,G_005117,POSITIVE,EXACT
P_005118,G_005118,POSITIVE,EXACT
P_005119,G_005119,POSITIVE,EXACT
P_005120,G_005120,POSITIVE,EXACT
P_005121,G_005121,POSITIVE,VENDOR_ALIAS
P_005122,G_005122,POSITIVE,EXACT
P_005123,G_005123,POSITIVE,VENDOR_ALIAS
P_005124,G_005124,POSITIVE,EXACT
P_005125,G_005125,POSITIVE,VENDOR_ALIAS
P_005126,G_005126,NEGATIVE,AMOUNT_MISMATCH
P_005127,G_005127,NEGATIVE,AMOUNT_MISMATCH
P_005128,G_005128,POSITIVE,EXACT
P_005129,G_005129,POSITIVE,EXACT
P_005130,G_005130,POSITIVE,EXACT
P_005131,G_005131,POSITIVE,REF_MISSING
P_005132,G_005132,POSITIVE,EXACT
P_005133,G_005133,POSITIVE,EXACT
P_005134,G_005134,POSITIVE,EXACT
P_005135,G_005135,POSITIVE,EXACT
P_005136,G_005136,POSITIVE,EXACT
P_005137,G_005137,NEGATIVE,TAX_MISMATCH
P_005138,G_005138,NEGATIVE,AMOUNT_MISMATCH
P_005139,G_005139,POSITIVE,VENDOR_ALIAS
P_005140,G_005140,POSITIVE,EXACT
P_005141,G_005141,POSITIVE,VENDOR_ALIAS
P_005142,G_005142,POSITIVE,EXACT
P_005143,G_005143,POSITIVE,REF_MISSING
P_005144,G_005144,POSITIVE,REF_MISSING
P_005145,G_005145,POSITIVE,VENDOR_ALIAS
P_005146,G_005146,POSITIVE,VENDOR_ALIAS
P_005147,G_005147,POSITIVE,VENDOR_ALIAS
P_005148,G_005148,POSITIVE,EXACT
P_005149,G_005149,POSITIVE,REF_MISSING
P_005150,G_005150,POSITIVE,VENDOR_ALIAS
P_005151,G_005151,POSITIVE,EXACT
P_005152,G_005152,POSITIVE,EXACT
P_005153,G_005153,POSITIVE,EXACT
P_005154,G_005154,POSITIVE,VENDOR_ALIAS
P_005155,G_005155,POSITIVE,EXACT
P_005156,G_005156,POSITIVE,EXACT
P_005157,G_005157,POSITIVE,EXACT
P_005158,G_005158,POSITIVE,REF_MISSING
P_005159,G_005159,POSITIVE,VENDOR_ALIAS
P_005160,G_005160,POSITIVE,REF_MISSING
P_005161,G_005161,POSITIVE,VENDOR_ALIAS
P_005162,G_005162,POSITIVE,VENDOR_ALIAS
P_005163,G_005163,POSITIVE,EXACT
P_005164,G_005164,POSITIVE,EXACT
P_005165,G_005165,NEGATIVE,AMOUNT_MISMATCH
P_005166,G_005166,POSITIVE,REF_MISSING
P_005167,G_005167,POSITIVE,EXACT
P_005168,G_005168,NEGATIVE,AMOUNT_MISMATCH
P_005169,G_005169,POSITIVE,EXACT
P_005170,G_005170,POSITIVE,EXACT
P_005171,G_005171,POSITIVE,EXACT
P_005172,G_005172,POSITIVE,EXACT
P_005173,G_005173,POSITIVE,REF_MISSING
P_005174,G_005174,NEGATIVE,TAX_MISMATCH
P_005175,G_005175,POSITIVE,VENDOR_ALIAS
P_005176,G_005176,POSITIVE,VENDOR_ALIAS
P_005177,G_005177,POSITIVE,EXACT
P_005178,G_005178,POSITIVE,EXACT
P_005179,G_005179,POSITIVE,REF_MISSING
P_005180,G_005180,POSITIVE,REF_MISSING
P_005181,G_005181,POSITIVE,REF_MISSING
P_005182,G_005182,POSITIVE,VENDOR_ALIAS
P_005183,G_005183,POSITIVE,EXACT
P_005184,G_005184,POSITIVE,EXACT
P_005185,G_005185,NEGATIVE,TAX_MISMATCH
P_005186,G_005186,POSITIVE,EXACT
P_005187,G_005187,NEGATIVE,AMOUNT_MISMATCH
P_005188,G_005188,NEGATIVE,AMOUNT_MISMATCH
P_005189,G_005189,POSITIVE,EXACT
P_005190,G_005190,NEGATIVE,AMOUNT_MISMATCH
P_005191,G_005191,POSITIVE,EXACT
P_005192,G_005192,POSITIVE,EXACT
P_005193,G_005193,POSITIVE,REF_MISSING
P_005194,G_005194,POSITIVE,REF_MISSING
P_005195,G_005195,NEGATIVE,AMOUNT_MISMATCH
P_005196,G_005196,NEGATIVE,AMOUNT_MISMATCH
P_005197,G_005197,POSITIVE,EXACT
P_005198,G_005198,POSITIVE,EXACT
P_005199,G_005199,POSITIVE,EXACT
P_005200,G_005200,POSITIVE,VENDOR_ALIAS
P_005201,G_005201,POSITIVE,EXACT
P_005202,G_005202,POSITIVE,VENDOR_ALIAS
P_005203,G_005203,POSITIVE,EXACT
P_005204,G_005204,POSITIVE,VENDOR_ALIAS
P_005205,G_005205,POSITIVE,EXACT
P_005206,G_005206,POSITIVE,EXACT
P_005207,G_005207,POSITIVE,EXACT
P_005208,G_005208,POSITIVE,EXACT
P_005209,G_005209,POSITIVE,EXACT
P_005210,G_005210,POSITIVE,VENDOR_ALIAS
P_005211,G_005211,NEGATIVE,TAX_MISMATCH
P_005212,G_005212,POSITIVE,VENDOR_ALIAS
P_005213,G_005213,POSITIVE,VENDOR_ALIAS
P_005214,G_005214,POSITIVE,REF_MISSING
P_005215,G_005215,POSITIVE,EXACT
P_005216,G_005216,POSITIVE,REF_MISSING
P_005217,G_005217,NEGATIVE,AMOUNT_MISMATCH
P_005218,G_005218,POSITIVE,EXACT
P_005219,G_005219,POSITIVE,EXACT
P_005220,G_005220,POSITIVE,EXACT
P_005221,G_005221,POSITIVE,EXACT
P_005222,G_005222,POSITIVE,VENDOR_ALIAS
P_005223,G_005223,NEGATIVE,AMOUNT_MISMATCH
P_005224,G_005224,POSITIVE,EXACT
P_005225,G_005225,POSITIVE,EXACT
P_005226,G_005226,POSITIVE,VENDOR_ALIAS
P_005227,G_005227,POSITIVE,EXACT
P_005228,G_005228,NEGATIVE,TAX_MISMATCH
P_005229,G_005229,POSITIVE,REF_MISSING
P_005230,G_005230,POSITIVE,VENDOR_ALIAS
P_005231,G_005231,POSITIVE,VENDOR_ALIAS
P_005232,G_005232,POSITIVE,EXACT
P_005233,G_005233,POSITIVE,EXACT
P_005234,G_005234,POSITIVE,EXACT
P_005235,G_005235,POSITIVE,VENDOR_ALIAS
P_005236,G_005236,POSITIVE,EXACT
P_005237,G_005237,POSITIVE,EXACT
P_005238,G_005238,POSITIVE,EXACT
P_005239,G_005239,POSITIVE,EXACT
P_005240,G_005240,POSITIVE,VENDOR_ALIAS
P_005241,G_005241,NEGATIVE,AMOUNT_MISMATCH
P_005242,G_005242,POSITIVE,EXACT
P_005243,G_005243,POSITIVE,REF_MISSING
P_005244,G_005244,POSITIVE,REF_MISSING
P_005245,G_005245,NEGATIVE,TAX_MISMATCH
P_005246,G_005246,NEGATIVE,TAX_MISMATCH
P_005247,G_005247,POSITIVE,REF_MISSING
P_005248,G_005248,POSITIVE,EXACT
P_005249,G_005249,POSITIVE,EXACT
P_005250,G_005250,POSITIVE,EXACT
P_005251,G_005251,POSITIVE,VENDOR_ALIAS
P_005252,G_005252,NEGATIVE,TAX_MISMATCH
P_005253,G_005253,POSITIVE,EXACT
P_005254,G_005254,POSITIVE,VENDOR_ALIAS
P_005255,G_005255,POSITIVE,EXACT
P_005256,G_005256,NEGATIVE,AMOUNT_MISMATCH
P_005257,G_005257,POSITIVE,EXACT
P_005258,G_005258,POSITIVE,REF_MISSING
P_005259,G_005259,NEGATIVE,AMOUNT_MISMATCH
P_005260,G_005260,POSITIVE,REF_MISSING
P_005261,G_005261,POSITIVE,EXACT
P_005262,G_005262,POSITIVE,VENDOR_ALIAS
P_005263,G_005263,POSITIVE,EXACT
P_005264,G_005264,POSITIVE,REF_MISSING
P_005265,G_005265,POSITIVE,EXACT
P_005266,G_005266,POSITIVE,EXACT
P_005267,G_005267,POSITIVE,REF_MISSING
P_005268,G_005268,POSITIVE,VENDOR_ALIAS
P_005269,G_005269,POSITIVE,EXACT
P_005270,G_005270,NEGATIVE,AMOUNT_MISMATCH
P_005271,G_005271,POSITIVE,REF_MISSING
P_005272,G_005272,POSITIVE,REF_MISSING
P_005273,G_005273,POSITIVE,EXACT
P_005274,G_005274,POSITIVE,VENDOR_ALIAS
P_005275,G_005275,POSITIVE,EXACT
P_005276,G_005276,POSITIVE,REF_MISSING
P_005277,G_005277,POSITIVE,VENDOR_ALIAS
P_005278,G_005278,NEGATIVE,AMOUNT_MISMATCH
P_005279,G_005279,POSITIVE,EXACT
P_005280,G_005280,POSITIVE,REF_MISSING
P_005281,G_005281,POSITIVE,VENDOR_ALIAS
P_005282,G_005282,POSITIVE,EXACT
P_005283,G_005283,POSITIVE,REF_MISSING
P_005284,G_005284,POSITIVE,EXACT
P_005285,G_005285,POSITIVE,REF_MISSING
P_005286,G_005286,NEGATIVE,AMOUNT_MISMATCH
P_005287,G_005287,POSITIVE,EXACT
P_005288,G_005288,POSITIVE,EXACT
P_005289,G_005289,POSITIVE,VENDOR_ALIAS
P_005290,G_005290,POSITIVE,EXACT
P_005291,G_005291,POSITIVE,REF_MISSING
P_005292,G_005292,POSITIVE,VENDOR_ALIAS
P_005293,G_005293,POSITIVE,EXACT
P_005294,G_005294,POSITIVE,REF_MISSING
P_005295,G_005295,POSITIVE,EXACT
P_005296,G_005296,NEGATIVE,AMOUNT_MISMATCH
P_005297,G_005297,POSITIVE,EXACT
P_005298,G_005298,POSITIVE,REF_MISSING
P_005299,G_005299,POSITIVE,VENDOR_ALIAS
P_005300,G_005300,POSITIVE,REF_MISSING
P_005301,G_005301,POSITIVE,EXACT
P_005302,G_005302,POSITIVE,VENDOR_ALIAS
P_005303,G_005303,POSITIVE,EXACT
P_005304,G_005304,POSITIVE,EXACT
P_005305,G_005305,POSITIVE,EXACT
P_005306,G_005306,POSITIVE,VENDOR_ALIAS
P_005307,G_005307,POSITIVE,EXACT
P_005308,G_005308,NEGATIVE,TAX_MISMATCH
P_005309,G_005309,POSITIVE,EXACT
P_005310,G_005310,POSITIVE,EXACT
P_005311,G_005311,POSITIVE,REF_MISSING
P_005312,G_005312,POSITIVE,VENDOR_ALIAS
P_005313,G_005313,POSITIVE,EXACT
P_005314,G_005314,POSITIVE,EXACT
P_005315,G_005315,POSITIVE,REF_MISSING
P_005316,G_005316,POSITIVE,EXACT
P_005317,G_005317,POSITIVE,EXACT
P_005318,G_005318,NEGATIVE,TAX_MISMATCH
P_005319,G_005319,POSITIVE,EXACT
P_005320,G_005320,POSITIVE,EXACT
P_005321,G_005321,POSITIVE,EXACT
P_005322,G_005322,POSITIVE,EXACT
P_005323,G_005323,NEGATIVE,AMOUNT_MISMATCH
P_005324,G_005324,POSITIVE,EXACT
P_005325,G_005325,POSITIVE,EXACT
P_005326,G_005326,POSITIVE,VENDOR_ALIAS
P_005327,G_005327,POSITIVE,REF_MISSING
P_005328,G_005328,NEGATIVE,AMOUNT_MISMATCH
P_005329,G_005329,POSITIVE,VENDOR_ALIAS
P_005330,G_005330,POSITIVE,EXACT
P_005331,G_005331,POSITIVE,VENDOR_ALIAS
P_005332,G_005332,POSITIVE,REF_MISSING
P_005333,G_005333,POSITIVE,VENDOR_ALIAS
P_005334,G_005334,POSITIVE,EXACT
P_005335,G_005335,POSITIVE,EXACT
P_005336,G_005336,POSITIVE,REF_MISSING
P_005337,G_005337,POSITIVE,REF_MISSING
P_005338,G_005338,POSITIVE,REF_MISSING
P_005339,G_005339,NEGATIVE,TAX_MISMATCH
P_005340,G_005340,POSITIVE,VENDOR_ALIAS
P_005341,G_005341,POSITIVE,VENDOR_ALIAS
P_005342,G_005342,POSITIVE,EXACT
P_005343,G_005343,POSITIVE,VENDOR_ALIAS
P_005344,G_005344,POSITIVE,EXACT
P_005345,G_005345,POSITIVE,EXACT
P_005346,G_005346,POSITIVE,VENDOR_ALIAS
P_005347,G_005347,POSITIVE,EXACT
P_005348,G_005348,POSITIVE,EXACT
P_005349,G_005349,POSITIVE,EXACT
P_005350,G_005350,POSITIVE,REF_MISSING
P_005351,G_005351,POSITIVE,EXACT
P_005352,G_005352,POSITIVE,VENDOR_ALIAS
P_005353,G_005353,POSITIVE,EXACT
P_005354,G_005354,POSITIVE,VENDOR_ALIAS
P_005355,G_005355,POSITIVE,REF_MISSING
P_005356,G_005356,NEGATIVE,AMOUNT_MISMATCH
P_005357,G_005357,POSITIVE,EXACT
P_005358,G_005358,POSITIVE,EXACT
P_005359,G_005359,POSITIVE,EXACT
P_005360,G_005360,NEGATIVE,AMOUNT_MISMATCH
P_005361,G_005361,POSITIVE,EXACT
P_005362,G_005362,NEGATIVE,AMOUNT_MISMATCH
P_005363,G_005363,POSITIVE,EXACT
P_005364,G_005364,POSITIVE,EXACT
P_005365,G_005365,POSITIVE,EXACT
P_005366,G_005366,NEGATIVE,AMOUNT_MISMATCH
P_005367,G_005367,POSITIVE,VENDOR_ALIAS
P_005368,G_005368,NEGATIVE,AMOUNT_MISMATCH
P_005369,G_005369,POSITIVE,VENDOR_ALIAS
P_005370,G_005370,POSITIVE,REF_MISSING
P_005371,G_005371,POSITIVE,EXACT
P_005372,G_005372,POSITIVE,EXACT
P_005373,G_005373,NEGATIVE,AMOUNT_MISMATCH
P_005374,G_005374,POSITIVE,REF_MISSING
P_005375,G_005375,POSITIVE,EXACT
P_005376,G_005376,POSITIVE,EXACT
P_005377,G_005377,NEGATIVE,AMOUNT_MISMATCH
P_005378,G_005378,NEGATIVE,TAX_MISMATCH
P_005379,G_005379,POSITIVE,VENDOR_ALIAS
P_005380,G_005380,POSITIVE,EXACT
P_005381,G_005381,POSITIVE,EXACT
P_005382,G_005382,NEGATIVE,AMOUNT_MISMATCH
P_005383,G_005383,POSITIVE,VENDOR_ALIAS
P_005384,G_005384,POSITIVE,VENDOR_ALIAS
P_005385,G_005385,NEGATIVE,AMOUNT_MISMATCH
P_005386,G_005386,POSITIVE,EXACT
P_005387,G_005387,POSITIVE,VENDOR_ALIAS
P_005388,G_005388,POSITIVE,REF_MISSING
P_005389,G_005389,POSITIVE,REF_MISSING
P_005390,G_005390,POSITIVE,VENDOR_ALIAS
P_005391,G_005391,NEGATIVE,AMOUNT_MISMATCH
P_005392,G_005392,POSITIVE,VENDOR_ALIAS
P_005393,G_005393,POSITIVE,EXACT
P_005394,G_005394,NEGATIVE,TAX_MISMATCH
P_005395,G_005395,POSITIVE,VENDOR_ALIAS
P_005396,G_005396,POSITIVE,EXACT
P_005397,G_005397,POSITIVE,EXACT
P_005398,G_005398,POSITIVE,EXACT
P_005399,G_005399,POSITIVE,EXACT
P_005400,G_005400,POSITIVE,EXACT
P_005401,G_005401,POSITIVE,VENDOR_ALIAS
P_005402,G_005402,NEGATIVE,TAX_MISMATCH
P_005403,G_005403,POSITIVE,EXACT
P_005404,G_005404,POSITIVE,EXACT
P_005405,G_005405,POSITIVE,VENDOR_ALIAS
P_005406,G_005406,POSITIVE,VENDOR_ALIAS
P_005407,G_005407,POSITIVE,EXACT
P_005408,G_005408,POSITIVE,EXACT
P_005409,G_005409,POSITIVE,VENDOR_ALIAS
P_005410,G_005410,NEGATIVE,AMOUNT_MISMATCH
P_005411,G_005411,POSITIVE,VENDOR_ALIAS
P_005412,G_005412,POSITIVE,EXACT
P_005413,G_005413,POSITIVE,EXACT
P_005414,G_005414,POSITIVE,EXACT
P_005415,G_005415,NEGATIVE,AMOUNT_MISMATCH
P_005416,G_005416,POSITIVE,EXACT
P_005417,G_005417,NEGATIVE,AMOUNT_MISMATCH
P_005418,G_005418,NEGATIVE,AMOUNT_MISMATCH
P_005419,G_005419,NEGATIVE,TAX_MISMATCH
P_005420,G_005420,POSITIVE,REF_MISSING
P_005421,G_005421,POSITIVE,EXACT
P_005422,G_005422,POSITIVE,REF_MISSING
P_005423,G_005423,POSITIVE,EXACT
P_005424,G_005424,NEGATIVE,AMOUNT_MISMATCH
P_005425,G_005425,POSITIVE,EXACT
P_005426,G_005426,POSITIVE,EXACT
P_005427,G_005427,NEGATIVE,TAX_MISMATCH
P_005428,G_005428,NEGATIVE,AMOUNT_MISMATCH
P_005429,G_005429,POSITIVE,REF_MISSING
P_005430,G_005430,POSITIVE,EXACT
P_005431,G_005431,POSITIVE,EXACT
P_005432,G_005432,NEGATIVE,TAX_MISMATCH
P_005433,G_005433,POSITIVE,EXACT
P_005434,G_005434,POSITIVE,EXACT
P_005435,G_005435,POSITIVE,REF_MISSING
P_005436,G_005436,POSITIVE,REF_MISSING
P_005437,G_005437,POSITIVE,EXACT
P_005438,G_005438,NEGATIVE,TAX_MISMATCH
P_005439,G_005439,POSITIVE,REF_MISSING
P_005440,G_005440,POSITIVE,EXACT
P_005441,G_005441,NEGATIVE,TAX_MISMATCH
P_005442,G_005442,POSITIVE,EXACT
P_005443,G_005443,POSITIVE,EXACT
P_005444,G_005444,POSITIVE,EXACT
P_005445,G_005445,POSITIVE,EXACT
P_005446,G_005446,POSITIVE,EXACT
P_005447,G_005447,POSITIVE,EXACT
P_005448,G_005448,POSITIVE,EXACT
P_005449,G_005449,POSITIVE,EXACT
P_005450,G_005450,POSITIVE,VENDOR_ALIAS
P_005451,G_005451,POSITIVE,EXACT
P_005452,G_005452,POSITIVE,EXACT
P_005453,G_005453,POSITIVE,EXACT
P_005454,G_005454,POSITIVE,EXACT
P_005455,G_005455,POSITIVE,VENDOR_ALIAS
P_005456,G_005456,POSITIVE,REF_MISSING
P_005457,G_005457,POSITIVE,EXACT
P_005458,G_005458,POSITIVE,EXACT
P_005459,G_005459,POSITIVE,VENDOR_ALIAS
P_005460,G_005460,POSITIVE,VENDOR_ALIAS
P_005461,G_005461,NEGATIVE,TAX_MISMATCH
P_005462,G_005462,POSITIVE,EXACT
P_005463,G_005463,POSITIVE,REF_MISSING
P_005464,G_005464,POSITIVE,EXACT
P_005465,G_005465,POSITIVE,EXACT
P_005466,G_005466,POSITIVE,EXACT
P_005467,G_005467,POSITIVE,EXACT
P_005468,G_005468,NEGATIVE,AMOUNT_MISMATCH
P_005469,G_005469,POSITIVE,EXACT
P_005470,G_005470,POSITIVE,EXACT
P_005471,G_005471,POSITIVE,EXACT
P_005472,G_005472,POSITIVE,EXACT
P_005473,G_005473,POSITIVE,EXACT
P_005474,G_005474,POSITIVE,EXACT
P_005475,G_005475,POSITIVE,REF_MISSING
P_005476,G_005476,POSITIVE,VENDOR_ALIAS
P_005477,G_005477,POSITIVE,EXACT
P_005478,G_005478,POSITIVE,EXACT
P_005479,G_005479,POSITIVE,REF_MISSING
P_005480,G_005480,POSITIVE,VENDOR_ALIAS
P_005481,G_005481,NEGATIVE,AMOUNT_MISMATCH
P_005482,G_005482,POSITIVE,VENDOR_ALIAS
P_005483,G_005483,POSITIVE,VENDOR_ALIAS
P_005484,G_005484,POSITIVE,EXACT
P_005485,G_005485,POSITIVE,EXACT
P_005486,G_005486,POSITIVE,REF_MISSING
P_005487,G_005487,POSITIVE,EXACT
P_005488,G_005488,POSITIVE,EXACT
P_005489,G_005489,POSITIVE,EXACT
P_005490,G_005490,POSITIVE,EXACT
P_005491,G_005491,NEGATIVE,TAX_MISMATCH
P_005492,G_005492,POSITIVE,REF_MISSING
P_005493,G_005493,POSITIVE,EXACT
P_005494,G_005494,POSITIVE,EXACT
P_005495,G_005495,POSITIVE,VENDOR_ALIAS
P_005496,G_005496,POSITIVE,EXACT
P_005497,G_005497,POSITIVE,EXACT
P_005498,G_005498,POSITIVE,VENDOR_ALIAS
P_005499,G_005499,NEGATIVE,AMOUNT_MISMATCH
P_005500,G_005500,POSITIVE,VENDOR_ALIAS
P_005501,G_005501,NEGATIVE,AMOUNT_MISMATCH
P_005502,G_005502,POSITIVE,EXACT
P_005503,G_005503,POSITIVE,VENDOR_ALIAS
P_005504,G_005504,POSITIVE,REF_MISSING
P_005505,G_005505,POSITIVE,EXACT
P_005506,G_005506,POSITIVE,VENDOR_ALIAS
P_005507,G_005507,POSITIVE,VENDOR_ALIAS
P_005508,G_005508,NEGATIVE,AMOUNT_MISMATCH
P_005509,G_005509,POSITIVE,EXACT
P_005510,G_005510,POSITIVE,EXACT
P_005511,G_005511,NEGATIVE,AMOUNT_MISMATCH
P_005512,G_005512,POSITIVE,REF_MISSING
P_005513,G_005513,POSITIVE,EXACT
P_005514,G_005514,NEGATIVE,TAX_MISMATCH
P_005515,G_005515,POSITIVE,REF_MISSING
P_005516,G_005516,POSITIVE,REF_MISSING
P_005517,G_005517,POSITIVE,EXACT
P_005518,G_005518,POSITIVE,EXACT
P_005519,G_005519,POSITIVE,REF_MISSING
P_005520,G_005520,POSITIVE,REF_MISSING
P_005521,G_005521,POSITIVE,VENDOR_ALIAS
P_005522,G_005522,POSITIVE,REF_MISSING
P_005523,G_005523,POSITIVE,EXACT
P_005524,G_005524,NEGATIVE,AMOUNT_MISMATCH
P_005525,G_005525,POSITIVE,EXACT
P_005526,G_005526,POSITIVE,EXACT
P_005527,G_005527,POSITIVE,EXACT
P_005528,G_005528,POSITIVE,EXACT
P_005529,G_005529,POSITIVE,REF_MISSING
P_005530,G_005530,POSITIVE,EXACT
P_005531,G_005531,POSITIVE,EXACT
P_005532,G_005532,POSITIVE,EXACT
P_005533,G_005533,NEGATIVE,AMOUNT_MISMATCH
P_005534,G_005534,POSITIVE,REF_MISSING
P_005535,G_005535,POSITIVE,REF_MISSING
P_005536,G_005536,POSITIVE,EXACT
P_005537,G_005537,NEGATIVE,AMOUNT_MISMATCH
P_005538,G_005538,POSITIVE,EXACT
P_005539,G_005539,POSITIVE,EXACT
P_005540,G_005540,POSITIVE,VENDOR_ALIAS
P_005541,G_005541,POSITIVE,REF_MISSING
P_005542,G_005542,POSITIVE,EXACT
P_005543,G_005543,POSITIVE,REF_MISSING
P_005544,G_005544,POSITIVE,EXACT
P_005545,G_005545,POSITIVE,EXACT
P_005546,G_005546,NEGATIVE,TAX_MISMATCH
P_005547,G_005547,POSITIVE,VENDOR_ALIAS
P_005548,G_005548,POSITIVE,EXACT
P_005549,G_005549,POSITIVE,EXACT
P_005550,G_005550,POSITIVE,EXACT
P_005551,G_005551,POSITIVE,EXACT
P_005552,G_005552,POSITIVE,EXACT
P_005553,G_005553,POSITIVE,EXACT
P_005554,G_005554,POSITIVE,VENDOR_ALIAS
P_005555,G_005555,NEGATIVE,TAX_MISMATCH
P_005556,G_005556,POSITIVE,VENDOR_ALIAS
P_005557,G_005557,POSITIVE,VENDOR_ALIAS
P_005558,G_005558,POSITIVE,VENDOR_ALIAS
P_005559,G_005559,POSITIVE,VENDOR_ALIAS
P_005560,G_005560,POSITIVE,REF_MISSING
P_005561,G_005561,POSITIVE,EXACT
P_005562,G_005562,POSITIVE,VENDOR_ALIAS
P_005563,G_005563,POSITIVE,VENDOR_ALIAS
P_005564,G_005564,POSITIVE,EXACT
P_005565,G_005565,NEGATIVE,AMOUNT_MISMATCH
P_005566,G_005566,POSITIVE,EXACT
P_005567,G_005567,POSITIVE,VENDOR_ALIAS
P_005568,G_005568,POSITIVE,VENDOR_ALIAS
P_005569,G_005569,POSITIVE,EXACT
P_005570,G_005570,POSITIVE,EXACT
P_005571,G_005571,POSITIVE,EXACT
P_005572,G_005572,POSITIVE,VENDOR_ALIAS
P_005573,G_005573,NEGATIVE,AMOUNT_MISMATCH
P_005574,G_005574,POSITIVE,EXACT
P_005575,G_005575,NEGATIVE,AMOUNT_MISMATCH
P_005576,G_005576,POSITIVE,VENDOR_ALIAS
P_005577,G_005577,NEGATIVE,AMOUNT_MISMATCH
P_005578,G_005578,POSITIVE,EXACT
P_005579,G_005579,POSITIVE,EXACT
P_005580,G_005580,POSITIVE,EXACT
P_005581,G_005581,POSITIVE,EXACT
P_005582,G_005582,POSITIVE,REF_MISSING
P_005583,G_005583,POSITIVE,EXACT
P_005584,G_005584,NEGATIVE,AMOUNT_MISMATCH
P_005585,G_005585,POSITIVE,EXACT
P_005586,G_005586,POSITIVE,EXACT
P_005587,G_005587,POSITIVE,EXACT
P_005588,G_005588,POSITIVE,VENDOR_ALIAS
P_005589,G_005589,POSITIVE,EXACT
P_005590,G_005590,POSITIVE,EXACT
P_005591,G_005591,POSITIVE,VENDOR_ALIAS
P_005592,G_005592,POSITIVE,REF_MISSING
P_005593,G_005593,NEGATIVE,TAX_MISMATCH
P_005594,G_005594,POSITIVE,EXACT
P_005595,G_005595,POSITIVE,REF_MISSING
P_005596,G_005596,POSITIVE,REF_MISSING
P_005597,G_005597,POSITIVE,EXACT
P_005598,G_005598,NEGATIVE,TAX_MISMATCH
P_005599,G_005599,POSITIVE,EXACT
P_005600,G_005600,POSITIVE,VENDOR_ALIAS
P_005601,G_005601,POSITIVE,EXACT
P_005602,G_005602,POSITIVE,REF_MISSING
P_005603,G_005603,POSITIVE,EXACT
P_005604,G_005604,POSITIVE,VENDOR_ALIAS
P_005605,G_005605,NEGATIVE,AMOUNT_MISMATCH
P_005606,G_005606,POSITIVE,EXACT
P_005607,G_005607,NEGATIVE,TAX_MISMATCH
P_005608,G_005608,NEGATIVE,AMOUNT_MISMATCH
P_005609,G_005609,POSITIVE,EXACT
P_005610,G_005610,NEGATIVE,TAX_MISMATCH
P_005611,G_005611,POSITIVE,EXACT
P_005612,G_005612,POSITIVE,VENDOR_ALIAS
P_005613,G_005613,POSITIVE,REF_MISSING
P_005614,G_005614,NEGATIVE,TAX_MISMATCH
P_005615,G_005615,POSITIVE,EXACT
P_005616,G_005616,POSITIVE,VENDOR_ALIAS
P_005617,G_005617,NEGATIVE,TAX_MISMATCH
P_005618,G_005618,POSITIVE,EXACT
P_005619,G_005619,NEGATIVE,TAX_MISMATCH
P_005620,G_005620,POSITIVE,VENDOR_ALIAS
P_005621,G_005621,POSITIVE,REF_MISSING
P_005622,G_005622,POSITIVE,EXACT
P_005623,G_005623,POSITIVE,EXACT
P_005624,G_005624,POSITIVE,VENDOR_ALIAS
P_005625,G_005625,POSITIVE,EXACT
P_005626,G_005626,POSITIVE,EXACT
P_005627,G_005627,POSITIVE,VENDOR_ALIAS
P_005628,G_005628,POSITIVE,VENDOR_ALIAS
P_005629,G_005629,POSITIVE,REF_MISSING
P_005630,G_005630,POSITIVE,REF_MISSING
P_005631,G_005631,POSITIVE,EXACT
P_005632,G_005632,POSITIVE,VENDOR_ALIAS
P_005633,G_005633,NEGATIVE,TAX_MISMATCH
P_005634,G_005634,POSITIVE,EXACT
P_005635,G_005635,POSITIVE,EXACT
P_005636,G_005636,POSITIVE,EXACT
P_005637,G_005637,POSITIVE,EXACT
P_005638,G_005638,POSITIVE,EXACT
P_005639,G_005639,NEGATIVE,TAX_MISMATCH
P_005640,G_005640,POSITIVE,VENDOR_ALIAS
P_005641,G_005641,NEGATIVE,TAX_MISMATCH
P_005642,G_005642,POSITIVE,VENDOR_ALIAS
P_005643,G_005643,POSITIVE,EXACT
P_005644,G_005644,POSITIVE,VENDOR_ALIAS
P_005645,G_005645,POSITIVE,REF_MISSING
P_005646,G_005646,POSITIVE,EXACT
P_005647,G_005647,NEGATIVE,TAX_MISMATCH
P_005648,G_005648,POSITIVE,REF_MISSING
P_005649,G_005649,POSITIVE,EXACT
P_005650,G_005650,POSITIVE,EXACT
P_005651,G_005651,POSITIVE,EXACT
P_005652,G_005652,NEGATIVE,AMOUNT_MISMATCH
P_005653,G_005653,POSITIVE,REF_MISSING
P_005654,G_005654,POSITIVE,EXACT
P_005655,G_005655,POSITIVE,EXACT
P_005656,G_005656,POSITIVE,EXACT
P_005657,G_005657,POSITIVE,REF_MISSING
P_005658,G_005658,POSITIVE,EXACT
P_005659,G_005659,POSITIVE,EXACT
P_005660,G_005660,POSITIVE,EXACT
P_005661,G_005661,POSITIVE,EXACT
P_005662,G_005662,POSITIVE,REF_MISSING
P_005663,G_005663,POSITIVE,EXACT
P_005664,G_005664,POSITIVE,REF_MISSING
P_005665,G_005665,POSITIVE,EXACT
P_005666,G_005666,POSITIVE,REF_MISSING
P_005667,G_005667,POSITIVE,VENDOR_ALIAS
P_005668,G_005668,POSITIVE,VENDOR_ALIAS
P_005669,G_005669,POSITIVE,REF_MISSING
P_005670,G_005670,POSITIVE,REF_MISSING
P_005671,G_005671,POSITIVE,VENDOR_ALIAS
P_005672,G_005672,POSITIVE,REF_MISSING
P_005673,G_005673,NEGATIVE,TAX_MISMATCH
P_005674,G_005674,POSITIVE,REF_MISSING
P_005675,G_005675,NEGATIVE,AMOUNT_MISMATCH
P_005676,G_005676,NEGATIVE,AMOUNT_MISMATCH
P_005677,G_005677,POSITIVE,EXACT
P_005678,G_005678,POSITIVE,REF_MISSING
P_005679,G_005679,POSITIVE,EXACT
P_005680,G_005680,NEGATIVE,AMOUNT_MISMATCH
P_005681,G_005681,POSITIVE,EXACT
P_005682,G_005682,POSITIVE,EXACT
P_005683,G_005683,POSITIVE,VENDOR_ALIAS
P_005684,G_005684,POSITIVE,EXACT
P_005685,G_005685,POSITIVE,EXACT
P_005686,G_005686,POSITIVE,EXACT
P_005687,G_005687,POSITIVE,REF_MISSING
P_005688,G_005688,NEGATIVE,TAX_MISMATCH
P_005689,G_005689,NEGATIVE,AMOUNT_MISMATCH
P_005690,G_005690,POSITIVE,EXACT
P_005691,G_005691,POSITIVE,EXACT
P_005692,G_005692,POSITIVE,REF_MISSING
P_005693,G_005693,NEGATIVE,TAX_MISMATCH
P_005694,G_005694,POSITIVE,EXACT
P_005695,G_005695,NEGATIVE,AMOUNT_MISMATCH
P_005696,G_005696,POSITIVE,VENDOR_ALIAS
P_005697,G_005697,POSITIVE,REF_MISSING
P_005698,G_005698,POSITIVE,VENDOR_ALIAS
P_005699,G_005699,POSITIVE,VENDOR_ALIAS
P_005700,G_005700,POSITIVE,EXACT
P_005701,G_005701,POSITIVE,REF_MISSING
P_005702,G_005702,POSITIVE,EXACT
P_005703,G_005703,POSITIVE,EXACT
P_005704,G_005704,POSITIVE,EXACT
P_005705,G_005705,POSITIVE,EXACT
P_005706,G_005706,POSITIVE,REF_MISSING
P_005707,G_005707,POSITIVE,VENDOR_ALIAS
P_005708,G_005708,POSITIVE,EXACT
P_005709,G_005709,POSITIVE,EXACT
P_005710,G_005710,NEGATIVE,AMOUNT_MISMATCH
P_005711,G_005711,NEGATIVE,AMOUNT_MISMATCH
P_005712,G_005712,POSITIVE,EXACT
P_005713,G_005713,POSITIVE,REF_MISSING
P_005714,G_005714,POSITIVE,REF_MISSING
P_005715,G_005715,POSITIVE,REF_MISSING
P_005716,G_005716,POSITIVE,EXACT
P_005717,G_005717,POSITIVE,VENDOR_ALIAS
P_005718,G_005718,NEGATIVE,AMOUNT_MISMATCH
P_005719,G_005719,POSITIVE,EXACT
P_005720,G_005720,NEGATIVE,AMOUNT_MISMATCH
P_005721,G_005721,POSITIVE,VENDOR_ALIAS
P_005722,G_005722,POSITIVE,EXACT
P_005723,G_005723,POSITIVE,EXACT
P_005724,G_005724,POSITIVE,EXACT
P_005725,G_005725,POSITIVE,EXACT
P_005726,G_005726,NEGATIVE,AMOUNT_MISMATCH
P_005727,G_005727,POSITIVE,EXACT
P_005728,G_005728,POSITIVE,VENDOR_ALIAS
P_005729,G_005729,POSITIVE,EXACT
P_005730,G_005730,POSITIVE,EXACT
P_005731,G_005731,POSITIVE,EXACT
P_005732,G_005732,POSITIVE,EXACT
P_005733,G_005733,POSITIVE,VENDOR_ALIAS
P_005734,G_005734,POSITIVE,VENDOR_ALIAS
P_005735,G_005735,POSITIVE,VENDOR_ALIAS
P_005736,G_005736,POSITIVE,EXACT
P_005737,G_005737,POSITIVE,EXACT
P_005738,G_005738,POSITIVE,EXACT
P_005739,G_005739,POSITIVE,VENDOR_ALIAS
P_005740,G_005740,POSITIVE,EXACT
P_005741,G_005741,POSITIVE,VENDOR_ALIAS
P_005742,G_005742,POSITIVE,EXACT
P_005743,G_005743,POSITIVE,EXACT
P_005744,G_005744,POSITIVE,VENDOR_ALIAS
P_005745,G_005745,POSITIVE,EXACT
P_005746,G_005746,POSITIVE,EXACT
P_005747,G_005747,POSITIVE,EXACT
P_005748,G_005748,POSITIVE,REF_MISSING
P_005749,G_005749,POSITIVE,EXACT
P_005750,G_005750,NEGATIVE,TAX_MISMATCH
P_005751,G_005751,POSITIVE,EXACT
P_005752,G_005752,POSITIVE,EXACT
P_005753,G_005753,POSITIVE,REF_MISSING
P_005754,G_005754,POSITIVE,EXACT
P_005755,G_005755,NEGATIVE,TAX_MISMATCH
P_005756,G_005756,POSITIVE,EXACT
P_005757,G_005757,POSITIVE,REF_MISSING
P_005758,G_005758,POSITIVE,EXACT
P_005759,G_005759,POSITIVE,EXACT
P_005760,G_005760,POSITIVE,EXACT
P_005761,G_005761,NEGATIVE,TAX_MISMATCH
P_005762,G_005762,POSITIVE,EXACT
P_005763,G_005763,NEGATIVE,TAX_MISMATCH
P_005764,G_005764,POSITIVE,EXACT
P_005765,G_005765,POSITIVE,REF_MISSING
P_005766,G_005766,POSITIVE,REF_MISSING
P_005767,G_005767,POSITIVE,EXACT
P_005768,G_005768,POSITIVE,VENDOR_ALIAS
P_005769,G_005769,POSITIVE,EXACT
P_005770,G_005770,POSITIVE,EXACT
P_005771,G_005771,POSITIVE,REF_MISSING
P_005772,G_005772,POSITIVE,EXACT
P_005773,G_005773,POSITIVE,EXACT
P_005774,G_005774,POSITIVE,EXACT
P_005775,G_005775,POSITIVE,EXACT
P_005776,G_005776,POSITIVE,EXACT
P_005777,G_005777,POSITIVE,EXACT
P_005778,G_005778,POSITIVE,VENDOR_ALIAS
P_005779,G_005779,POSITIVE,EXACT
P_005780,G_005780,POSITIVE,EXACT
P_005781,G_005781,POSITIVE,VENDOR_ALIAS
P_005782,G_005782,POSITIVE,EXACT
P_005783,G_005783,POSITIVE,VENDOR_ALIAS
P_005784,G_005784,NEGATIVE,TAX_MISMATCH
P_005785,G_005785,POSITIVE,EXACT
P_005786,G_005786,POSITIVE,VENDOR_ALIAS
P_005787,G_005787,POSITIVE,EXACT
P_005788,G_005788,POSITIVE,REF_MISSING
P_005789,G_005789,POSITIVE,REF_MISSING
P_005790,G_005790,POSITIVE,EXACT
P_005791,G_005791,POSITIVE,EXACT
P_005792,G_005792,POSITIVE,REF_MISSING
P_005793,G_005793,NEGATIVE,TAX_MISMATCH
P_005794,G_005794,POSITIVE,VENDOR_ALIAS
P_005795,G_005795,POSITIVE,REF_MISSING
P_005796,G_005796,NEGATIVE,TAX_MISMATCH
P_005797,G_005797,POSITIVE,EXACT
P_005798,G_005798,POSITIVE,EXACT
P_005799,G_005799,POSITIVE,EXACT
P_005800,G_005800,POSITIVE,VENDOR_ALIAS
P_005801,G_005801,POSITIVE,EXACT
P_005802,G_005802,POSITIVE,VENDOR_ALIAS
P_005803,G_005803,POSITIVE,EXACT
P_005804,G_005804,NEGATIVE,AMOUNT_MISMATCH
P_005805,G_005805,POSITIVE,VENDOR_ALIAS
P_005806,G_005806,POSITIVE,REF_MISSING
P_005807,G_005807,POSITIVE,EXACT
P_005808,G_005808,POSITIVE,EXACT
P_005809,G_005809,NEGATIVE,TAX_MISMATCH
P_005810,G_005810,POSITIVE,EXACT
P_005811,G_005811,POSITIVE,REF_MISSING
P_005812,G_005812,POSITIVE,EXACT
P_005813,G_005813,NEGATIVE,AMOUNT_MISMATCH
P_005814,G_005814,POSITIVE,EXACT
P_005815,G_005815,NEGATIVE,TAX_MISMATCH
P_005816,G_005816,NEGATIVE,TAX_MISMATCH
P_005817,G_005817,NEGATIVE,TAX_MISMATCH
P_005818,G_005818,POSITIVE,EXACT
P_005819,G_005819,POSITIVE,REF_MISSING
P_005820,G_005820,POSITIVE,VENDOR_ALIAS
P_005821,G_005821,POSITIVE,EXACT
P_005822,G_005822,POSITIVE,EXACT
P_005823,G_005823,POSITIVE,REF_MISSING
P_005824,G_005824,POSITIVE,EXACT
P_005825,G_005825,POSITIVE,VENDOR_ALIAS
P_005826,G_005826,POSITIVE,EXACT
P_005827,G_005827,POSITIVE,VENDOR_ALIAS
P_005828,G_005828,NEGATIVE,TAX_MISMATCH
P_005829,G_005829,POSITIVE,EXACT
P_005830,G_005830,NEGATIVE,AMOUNT_MISMATCH
P_005831,G_005831,NEGATIVE,AMOUNT_MISMATCH
P_005832,G_005832,POSITIVE,EXACT
P_005833,G_005833,POSITIVE,VENDOR_ALIAS
P_005834,G_005834,POSITIVE,EXACT
P_005835,G_005835,POSITIVE,EXACT
P_005836,G_005836,POSITIVE,REF_MISSING
P_005837,G_005837,POSITIVE,EXACT
P_005838,G_005838,POSITIVE,VENDOR_ALIAS
P_005839,G_005839,POSITIVE,EXACT
P_005840,G_005840,POSITIVE,EXACT
P_005841,G_005841,POSITIVE,EXACT
P_005842,G_005842,POSITIVE,EXACT
P_005843,G_005843,POSITIVE,REF_MISSING
P_005844,G_005844,POSITIVE,REF_MISSING
P_005845,G_005845,POSITIVE,VENDOR_ALIAS
P_005846,G_005846,POSITIVE,EXACT
P_005847,G_005847,POSITIVE,EXACT
P_005848,G_005848,POSITIVE,EXACT
P_005849,G_005849,POSITIVE,EXACT
P_005850,G_005850,POSITIVE,EXACT
P_005851,G_005851,POSITIVE,EXACT
P_005852,G_005852,NEGATIVE,AMOUNT_MISMATCH
P_005853,G_005853,NEGATIVE,AMOUNT_MISMATCH
P_005854,G_005854,NEGATIVE,AMOUNT_MISMATCH
P_005855,G_005855,POSITIVE,EXACT
P_005856,G_005856,NEGATIVE,AMOUNT_MISMATCH
P_005857,G_005857,POSITIVE,VENDOR_ALIAS
P_005858,G_005858,POSITIVE,EXACT
P_005859,G_005859,POSITIVE,EXACT
P_005860,G_005860,POSITIVE,REF_MISSING
P_005861,G_005861,POSITIVE,EXACT
P_005862,G_005862,POSITIVE,EXACT
P_005863,G_005863,POSITIVE,EXACT
P_005864,G_005864,POSITIVE,EXACT
P_005865,G_005865,POSITIVE,REF_MISSING
P_005866,G_005866,NEGATIVE,TAX_MISMATCH
P_005867,G_005867,POSITIVE,REF_MISSING
P_005868,G_005868,POSITIVE,EXACT
P_005869,G_005869,POSITIVE,EXACT
P_005870,G_005870,NEGATIVE,AMOUNT_MISMATCH
P_005871,G_005871,POSITIVE,EXACT
P_005872,G_005872,POSITIVE,EXACT
P_005873,G_005873,POSITIVE,EXACT
P_005874,G_005874,POSITIVE,VENDOR_ALIAS
P_005875,G_005875,POSITIVE,EXACT
P_005876,G_005876,POSITIVE,VENDOR_ALIAS
P_005877,G_005877,POSITIVE,EXACT
P_005878,G_005878,POSITIVE,REF_MISSING
P_005879,G_005879,POSITIVE,EXACT
P_005880,G_005880,POSITIVE,EXACT
P_005881,G_005881,POSITIVE,EXACT
P_005882,G_005882,POSITIVE,VENDOR_ALIAS
P_005883,G_005883,POSITIVE,EXACT
P_005884,G_005884,POSITIVE,EXACT
P_005885,G_005885,POSITIVE,VENDOR_ALIAS
P_005886,G_005886,POSITIVE,EXACT
P_005887,G_005887,POSITIVE,EXACT
P_005888,G_005888,POSITIVE,REF_MISSING
P_005889,G_005889,POSITIVE,EXACT
P_005890,G_005890,POSITIVE,REF_MISSING
P_005891,G_005891,POSITIVE,VENDOR_ALIAS
P_005892,G_005892,POSITIVE,EXACT
P_005893,G_005893,POSITIVE,EXACT
P_005894,G_005894,POSITIVE,REF_MISSING
P_005895,G_005895,POSITIVE,EXACT
P_005896,G_005896,POSITIVE,EXACT
P_005897,G_005897,NEGATIVE,TAX_MISMATCH
P_005898,G_005898,POSITIVE,EXACT
P_005899,G_005899,POSITIVE,EXACT
P_005900,G_005900,POSITIVE,EXACT
P_005901,G_005901,POSITIVE,EXACT
P_005902,G_005902,POSITIVE,EXACT
P_005903,G_005903,POSITIVE,EXACT
P_005904,G_005904,POSITIVE,EXACT
P_005905,G_005905,POSITIVE,VENDOR_ALIAS
P_005906,G_005906,NEGATIVE,AMOUNT_MISMATCH
P_005907,G_005907,POSITIVE,REF_MISSING
P_005908,G_005908,POSITIVE,VENDOR_ALIAS
P_005909,G_005909,POSITIVE,EXACT
P_005910,G_005910,POSITIVE,EXACT
P_005911,G_005911,POSITIVE,EXACT
P_005912,G_005912,POSITIVE,EXACT
P_005913,G_005913,POSITIVE,VENDOR_ALIAS
P_005914,G_005914,NEGATIVE,AMOUNT_MISMATCH
P_005915,G_005915,POSITIVE,VENDOR_ALIAS
P_005916,G_005916,POSITIVE,EXACT
P_005917,G_005917,POSITIVE,REF_MISSING
P_005918,G_005918,NEGATIVE,AMOUNT_MISMATCH
P_005919,G_005919,POSITIVE,VENDOR_ALIAS
P_005920,G_005920,POSITIVE,EXACT
P_005921,G_005921,NEGATIVE,TAX_MISMATCH
P_005922,G_005922,NEGATIVE,AMOUNT_MISMATCH
P_005923,G_005923,NEGATIVE,AMOUNT_MISMATCH
P_005924,G_005924,POSITIVE,EXACT
P_005925,G_005925,POSITIVE,VENDOR_ALIAS
P_005926,G_005926,POSITIVE,EXACT
P_005927,G_005927,POSITIVE,EXACT
P_005928,G_005928,POSITIVE,EXACT
P_005929,G_005929,POSITIVE,REF_MISSING
P_005930,G_005930,NEGATIVE,AMOUNT_MISMATCH
P_005931,G_005931,NEGATIVE,TAX_MISMATCH
P_005932,G_005932,POSITIVE,EXACT
P_005933,G_005933,POSITIVE,EXACT
P_005934,G_005934,POSITIVE,EXACT
P_005935,G_005935,POSITIVE,VENDOR_ALIAS
P_005936,G_005936,NEGATIVE,AMOUNT_MISMATCH
P_005937,G_005937,POSITIVE,EXACT
P_005938,G_005938,POSITIVE,VENDOR_ALIAS
P_005939,G_005939,POSITIVE,EXACT
P_005940,G_005940,POSITIVE,EXACT
P_005941,G_005941,POSITIVE,VENDOR_ALIAS
P_005942,G_005942,POSITIVE,EXACT
P_005943,G_005943,POSITIVE,EXACT
P_005944,G_005944,POSITIVE,VENDOR_ALIAS
P_005945,G_005945,POSITIVE,REF_MISSING
P_005946,G_005946,POSITIVE,VENDOR_ALIAS
P_005947,G_005947,POSITIVE,REF_MISSING
P_005948,G_005948,POSITIVE,EXACT
P_005949,G_005949,POSITIVE,VENDOR_ALIAS
P_005950,G_005950,POSITIVE,EXACT
P_005951,G_005951,POSITIVE,EXACT
P_005952,G_005952,NEGATIVE,AMOUNT_MISMATCH
P_005953,G_005953,POSITIVE,EXACT
P_005954,G_005954,POSITIVE,EXACT
P_005955,G_005955,POSITIVE,EXACT
P_005956,G_005956,POSITIVE,VENDOR_ALIAS
P_005957,G_005957,POSITIVE,EXACT
P_005958,G_005958,POSITIVE,VENDOR_ALIAS
P_005959,G_005959,POSITIVE,EXACT
P_005960,G_005960,POSITIVE,EXACT
P_005961,G_005961,NEGATIVE,AMOUNT_MISMATCH
P_005962,G_005962,POSITIVE,EXACT
P_005963,G_005963,POSITIVE,EXACT
P_005964,G_005964,POSITIVE,EXACT
P_005965,G_005965,POSITIVE,VENDOR_ALIAS
P_005966,G_005966,POSITIVE,REF_MISSING
P_005967,G_005967,POSITIVE,EXACT
P_005968,G_005968,POSITIVE,VENDOR_ALIAS
P_005969,G_005969,POSITIVE,EXACT
P_005970,G_005970,NEGATIVE,AMOUNT_MISMATCH
P_005971,G_005971,POSITIVE,REF_MISSING
P_005972,G_005972,POSITIVE,EXACT
P_005973,G_005973,POSITIVE,EXACT
P_005974,G_005974,POSITIVE,VENDOR_ALIAS
P_005975,G_005975,POSITIVE,REF_MISSING
P_005976,G_005976,POSITIVE,EXACT
P_005977,G_005977,POSITIVE,REF_MISSING
P_005978,G_005978,POSITIVE,EXACT
P_005979,G_005979,POSITIVE,REF_MISSING
P_005980,G_005980,POSITIVE,EXACT
P_005981,G_005981,POSITIVE,EXACT
P_005982,G_005982,POSITIVE,REF_MISSING
P_005983,G_005983,POSITIVE,EXACT
P_005984,G_005984,POSITIVE,VENDOR_ALIAS
P_005985,G_005985,NEGATIVE,AMOUNT_MISMATCH
P_005986,G_005986,POSITIVE,REF_MISSING
P_005987,G_005987,POSITIVE,EXACT
P_005988,G_005988,POSITIVE,EXACT
P_005989,G_005989,POSITIVE,REF_MISSING
P_005990,G_005990,NEGATIVE,AMOUNT_MISMATCH
P_005991,G_005991,POSITIVE,VENDOR_ALIAS
P_005992,G_005992,POSITIVE,VENDOR_ALIAS
P_005993,G_005993,NEGATIVE,TAX_MISMATCH
P_005994,G_005994,POSITIVE,REF_MISSING
P_005995,G_005995,POSITIVE,REF_MISSING
P_005996,G_005996,POSITIVE,EXACT
P_005997,G_005997,POSITIVE,REF_MISSING
P_005998,G_005998,POSITIVE,EXACT
P_005999,G_005999,NEGATIVE,TAX_MISMATCH
P_006000,G_006000,POSITIVE,EXACT
P_006001,G_006001,POSITIVE,VENDOR_ALIAS
P_006002,G_006002,NEGATIVE,AMOUNT_MISMATCH
P_006003,G_006003,POSITIVE,EXACT
P_006004,G_006004,NEGATIVE,AMOUNT_MISMATCH
P_006005,G_006005,POSITIVE,VENDOR_ALIAS
P_006006,G_006006,POSITIVE,EXACT
P_006007,G_006007,POSITIVE,VENDOR_ALIAS
P_006008,G_006008,POSITIVE,REF_MISSING
P_006009,G_006009,NEGATIVE,TAX_MISMATCH
P_006010,G_006010,POSITIVE,REF_MISSING
P_006011,G_006011,POSITIVE,VENDOR_ALIAS
P_006012,G_006012,POSITIVE,EXACT
P_006013,G_006013,POSITIVE,EXACT
P_006014,G_006014,POSITIVE,EXACT
P_006015,G_006015,NEGATIVE,AMOUNT_MISMATCH
P_006016,G_006016,POSITIVE,VENDOR_ALIAS
P_006017,G_006017,POSITIVE,REF_MISSING
P_006018,G_006018,POSITIVE,REF_MISSING
P_006019,G_006019,POSITIVE,EXACT
P_006020,G_006020,POSITIVE,EXACT
P_006021,G_006021,POSITIVE,EXACT
P_006022,G_006022,POSITIVE,EXACT
P_006023,G_006023,POSITIVE,VENDOR_ALIAS
P_006024,G_006024,POSITIVE,EXACT
P_006025,G_006025,POSITIVE,EXACT
P_006026,G_006026,POSITIVE,EXACT
P_006027,G_006027,POSITIVE,VENDOR_ALIAS
P_006028,G_006028,NEGATIVE,TAX_MISMATCH
P_006029,G_006029,NEGATIVE,AMOUNT_MISMATCH
P_006030,G_006030,POSITIVE,REF_MISSING
P_006031,G_006031,POSITIVE,VENDOR_ALIAS
P_006032,G_006032,POSITIVE,VENDOR_ALIAS
P_006033,G_006033,POSITIVE,EXACT
P_006034,G_006034,POSITIVE,REF_MISSING
P_006035,G_006035,POSITIVE,VENDOR_ALIAS
P_006036,G_006036,POSITIVE,EXACT
P_006037,G_006037,POSITIVE,EXACT
P_006038,G_006038,POSITIVE,EXACT
P_006039,G_006039,POSITIVE,EXACT
P_006040,G_006040,POSITIVE,VENDOR_ALIAS
P_006041,G_006041,POSITIVE,EXACT
P_006042,G_006042,POSITIVE,VENDOR_ALIAS
P_006043,G_006043,POSITIVE,VENDOR_ALIAS
P_006044,G_006044,POSITIVE,EXACT
P_006045,G_006045,POSITIVE,EXACT
P_006046,G_006046,POSITIVE,EXACT
P_006047,G_006047,POSITIVE,EXACT
P_006048,G_006048,POSITIVE,EXACT
P_006049,G_006049,NEGATIVE,AMOUNT_MISMATCH
P_006050,G_006050,POSITIVE,EXACT
P_006051,G_006051,POSITIVE,EXACT
P_006052,G_006052,POSITIVE,REF_MISSING
P_006053,G_006053,POSITIVE,EXACT
P_006054,G_006054,POSITIVE,VENDOR_ALIAS
P_006055,G_006055,NEGATIVE,AMOUNT_MISMATCH
P_006056,G_006056,POSITIVE,EXACT
P_006057,G_006057,POSITIVE,EXACT
P_006058,G_006058,POSITIVE,REF_MISSING
P_006059,G_006059,NEGATIVE,AMOUNT_MISMATCH
P_006060,G_006060,POSITIVE,EXACT
P_006061,G_006061,NEGATIVE,AMOUNT_MISMATCH
P_006062,G_006062,POSITIVE,EXACT
P_006063,G_006063,POSITIVE,EXACT
P_006064,G_006064,POSITIVE,REF_MISSING
P_006065,G_006065,NEGATIVE,AMOUNT_MISMATCH
P_006066,G_006066,POSITIVE,EXACT
P_006067,G_006067,POSITIVE,REF_MISSING
P_006068,G_006068,POSITIVE,EXACT
P_006069,G_006069,POSITIVE,EXACT
P_006070,G_006070,POSITIVE,EXACT
P_006071,G_006071,POSITIVE,EXACT
P_006072,G_006072,POSITIVE,EXACT
P_006073,G_006073,POSITIVE,VENDOR_ALIAS
P_006074,G_006074,POSITIVE,EXACT
P_006075,G_006075,NEGATIVE,TAX_MISMATCH
P_006076,G_006076,POSITIVE,EXACT
P_006077,G_006077,POSITIVE,VENDOR_ALIAS
P_006078,G_006078,POSITIVE,EXACT
P_006079,G_006079,POSITIVE,VENDOR_ALIAS
P_006080,G_006080,POSITIVE,EXACT
P_006081,G_006081,POSITIVE,VENDOR_ALIAS
P_006082,G_006082,POSITIVE,EXACT
P_006083,G_006083,POSITIVE,EXACT
P_006084,G_006084,NEGATIVE,AMOUNT_MISMATCH
P_006085,G_006085,POSITIVE,EXACT
P_006086,G_006086,POSITIVE,VENDOR_ALIAS
P_006087,G_006087,POSITIVE,EXACT
P_006088,G_006088,POSITIVE,VENDOR_ALIAS
P_006089,G_006089,NEGATIVE,TAX_MISMATCH
P_006090,G_006090,POSITIVE,EXACT
P_006091,G_006091,POSITIVE,EXACT
P_006092,G_006092,POSITIVE,EXACT
P_006093,G_006093,POSITIVE,EXACT
P_006094,G_006094,POSITIVE,VENDOR_ALIAS
P_006095,G_006095,POSITIVE,REF_MISSING
P_006096,G_006096,POSITIVE,EXACT
P_006097,G_006097,POSITIVE,EXACT
P_006098,G_006098,POSITIVE,EXACT
P_006099,G_006099,POSITIVE,VENDOR_ALIAS
P_006100,G_006100,POSITIVE,EXACT
P_006101,G_006101,POSITIVE,EXACT
P_006102,G_006102,POSITIVE,VENDOR_ALIAS
P_006103,G_006103,POSITIVE,REF_MISSING
P_006104,G_006104,POSITIVE,EXACT
P_006105,G_006105,POSITIVE,EXACT
P_006106,G_006106,POSITIVE,EXACT
P_006107,G_006107,POSITIVE,REF_MISSING
P_006108,G_006108,NEGATIVE,AMOUNT_MISMATCH
P_006109,G_006109,POSITIVE,EXACT
P_006110,G_006110,POSITIVE,EXACT
P_006111,G_006111,POSITIVE,EXACT
P_006112,G_006112,POSITIVE,EXACT
P_006113,G_006113,POSITIVE,EXACT
P_006114,G_006114,POSITIVE,EXACT
P_006115,G_006115,POSITIVE,EXACT
P_006116,G_006116,POSITIVE,EXACT
P_006117,G_006117,POSITIVE,REF_MISSING
P_006118,G_006118,POSITIVE,EXACT
P_006119,G_006119,POSITIVE,EXACT
P_006120,G_006120,POSITIVE,EXACT
P_006121,G_006121,POSITIVE,EXACT
P_006122,G_006122,POSITIVE,VENDOR_ALIAS
P_006123,G_006123,POSITIVE,REF_MISSING
P_006124,G_006124,POSITIVE,VENDOR_ALIAS
P_006125,G_006125,POSITIVE,VENDOR_ALIAS
P_006126,G_006126,POSITIVE,REF_MISSING
P_006127,G_006127,NEGATIVE,AMOUNT_MISMATCH
P_006128,G_006128,NEGATIVE,AMOUNT_MISMATCH
P_006129,G_006129,NEGATIVE,AMOUNT_MISMATCH
P_006130,G_006130,NEGATIVE,TAX_MISMATCH
P_006131,G_006131,POSITIVE,EXACT
P_006132,G_006132,POSITIVE,VENDOR_ALIAS
P_006133,G_006133,POSITIVE,VENDOR_ALIAS
P_006134,G_006134,NEGATIVE,AMOUNT_MISMATCH
P_006135,G_006135,NEGATIVE,AMOUNT_MISMATCH
P_006136,G_006136,NEGATIVE,AMOUNT_MISMATCH
P_006137,G_006137,POSITIVE,EXACT
P_006138,G_006138,NEGATIVE,TAX_MISMATCH
P_006139,G_006139,POSITIVE,EXACT
P_006140,G_006140,POSITIVE,EXACT
P_006141,G_006141,NEGATIVE,TAX_MISMATCH
P_006142,G_006142,POSITIVE,EXACT
P_006143,G_006143,POSITIVE,EXACT
P_006144,G_006144,POSITIVE,REF_MISSING
P_006145,G_006145,POSITIVE,EXACT
P_006146,G_006146,POSITIVE,REF_MISSING
P_006147,G_006147,POSITIVE,VENDOR_ALIAS
P_006148,G_006148,NEGATIVE,TAX_MISMATCH
P_006149,G_006149,POSITIVE,VENDOR_ALIAS
P_006150,G_006150,POSITIVE,VENDOR_ALIAS
P_006151,G_006151,POSITIVE,VENDOR_ALIAS
P_006152,G_006152,POSITIVE,VENDOR_ALIAS
P_006153,G_006153,POSITIVE,EXACT
P_006154,G_006154,POSITIVE,VENDOR_ALIAS
P_006155,G_006155,POSITIVE,EXACT
P_006156,G_006156,POSITIVE,VENDOR_ALIAS
P_006157,G_006157,POSITIVE,EXACT
P_006158,G_006158,POSITIVE,EXACT
P_006159,G_006159,POSITIVE,EXACT
P_006160,G_006160,POSITIVE,REF_MISSING
P_006161,G_006161,POSITIVE,REF_MISSING
P_006162,G_006162,POSITIVE,EXACT
P_006163,G_006163,POSITIVE,REF_MISSING
P_006164,G_006164,POSITIVE,EXACT
P_006165,G_006165,POSITIVE,REF_MISSING
P_006166,G_006166,POSITIVE,EXACT
P_006167,G_006167,POSITIVE,EXACT
P_006168,G_006168,POSITIVE,EXACT
P_006169,G_006169,POSITIVE,REF_MISSING
P_006170,G_006170,NEGATIVE,AMOUNT_MISMATCH
P_006171,G_006171,POSITIVE,EXACT
P_006172,G_006172,POSITIVE,EXACT
P_006173,G_006173,POSITIVE,EXACT
P_006174,G_006174,POSITIVE,EXACT
P_006175,G_006175,POSITIVE,VENDOR_ALIAS
P_006176,G_006176,POSITIVE,EXACT
P_006177,G_006177,POSITIVE,VENDOR_ALIAS
P_006178,G_006178,POSITIVE,VENDOR_ALIAS
P_006179,G_006179,POSITIVE,VENDOR_ALIAS
P_006180,G_006180,POSITIVE,VENDOR_ALIAS
P_006181,G_006181,POSITIVE,REF_MISSING
P_006182,G_006182,POSITIVE,EXACT
P_006183,G_006183,POSITIVE,EXACT
P_006184,G_006184,POSITIVE,EXACT
P_006185,G_006185,POSITIVE,REF_MISSING
P_006186,G_006186,POSITIVE,EXACT
P_006187,G_006187,POSITIVE,EXACT
P_006188,G_006188,POSITIVE,EXACT
P_006189,G_006189,POSITIVE,VENDOR_ALIAS
P_006190,G_006190,POSITIVE,EXACT
P_006191,G_006191,POSITIVE,EXACT
P_006192,G_006192,POSITIVE,VENDOR_ALIAS
P_006193,G_006193,POSITIVE,EXACT
P_006194,G_006194,NEGATIVE,AMOUNT_MISMATCH
P_006195,G_006195,POSITIVE,EXACT
P_006196,G_006196,POSITIVE,REF_MISSING
P_006197,G_006197,POSITIVE,EXACT
P_006198,G_006198,NEGATIVE,TAX_MISMATCH
P_006199,G_006199,POSITIVE,EXACT
P_006200,G_006200,NEGATIVE,TAX_MISMATCH
P_006201,G_006201,POSITIVE,VENDOR_ALIAS
P_006202,G_006202,POSITIVE,EXACT
P_006203,G_006203,POSITIVE,REF_MISSING
P_006204,G_006204,POSITIVE,VENDOR_ALIAS
P_006205,G_006205,POSITIVE,EXACT
P_006206,G_006206,POSITIVE,VENDOR_ALIAS
P_006207,G_006207,NEGATIVE,AMOUNT_MISMATCH
P_006208,G_006208,POSITIVE,VENDOR_ALIAS
P_006209,G_006209,POSITIVE,EXACT
P_006210,G_006210,POSITIVE,REF_MISSING
P_006211,G_006211,POSITIVE,VENDOR_ALIAS
P_006212,G_006212,NEGATIVE,AMOUNT_MISMATCH
P_006213,G_006213,POSITIVE,VENDOR_ALIAS
P_006214,G_006214,POSITIVE,EXACT
P_006215,G_006215,POSITIVE,EXACT
P_006216,G_006216,POSITIVE,VENDOR_ALIAS
P_006217,G_006217,POSITIVE,VENDOR_ALIAS
P_006218,G_006218,NEGATIVE,AMOUNT_MISMATCH
P_006219,G_006219,POSITIVE,EXACT
P_006220,G_006220,POSITIVE,REF_MISSING
P_006221,G_006221,POSITIVE,REF_MISSING
P_006222,G_006222,POSITIVE,EXACT
P_006223,G_006223,POSITIVE,EXACT
P_006224,G_006224,POSITIVE,EXACT
P_006225,G_006225,POSITIVE,REF_MISSING
P_006226,G_006226,POSITIVE,EXACT
P_006227,G_006227,POSITIVE,EXACT
P_006228,G_006228,POSITIVE,EXACT
P_006229,G_006229,POSITIVE,EXACT
P_006230,G_006230,POSITIVE,EXACT
P_006231,G_006231,POSITIVE,VENDOR_ALIAS
P_006232,G_006232,POSITIVE,VENDOR_ALIAS
P_006233,G_006233,POSITIVE,EXACT
P_006234,G_006234,POSITIVE,EXACT
P_006235,G_006235,POSITIVE,EXACT
P_006236,G_006236,POSITIVE,EXACT
P_006237,G_006237,POSITIVE,EXACT
P_006238,G_006238,NEGATIVE,TAX_MISMATCH
P_006239,G_006239,POSITIVE,VENDOR_ALIAS
P_006240,G_006240,POSITIVE,EXACT
P_006241,G_006241,POSITIVE,EXACT
P_006242,G_006242,POSITIVE,EXACT
P_006243,G_006243,POSITIVE,EXACT
P_006244,G_006244,POSITIVE,VENDOR_ALIAS
P_006245,G_006245,POSITIVE,VENDOR_ALIAS
P_006246,G_006246,NEGATIVE,AMOUNT_MISMATCH
P_006247,G_006247,POSITIVE,REF_MISSING
P_006248,G_006248,POSITIVE,EXACT
P_006249,G_006249,POSITIVE,REF_MISSING
P_006250,G_006250,POSITIVE,EXACT
P_006251,G_006251,POSITIVE,EXACT
P_006252,G_006252,POSITIVE,EXACT
P_006253,G_006253,POSITIVE,EXACT
P_006254,G_006254,POSITIVE,EXACT
P_006255,G_006255,POSITIVE,EXACT
P_006256,G_006256,POSITIVE,EXACT
P_006257,G_006257,POSITIVE,REF_MISSING
P_006258,G_006258,NEGATIVE,TAX_MISMATCH
P_006259,G_006259,POSITIVE,VENDOR_ALIAS
P_006260,G_006260,POSITIVE,EXACT
P_006261,G_006261,POSITIVE,VENDOR_ALIAS
P_006262,G_006262,POSITIVE,REF_MISSING
P_006263,G_006263,POSITIVE,VENDOR_ALIAS
P_006264,G_006264,POSITIVE,VENDOR_ALIAS
P_006265,G_006265,POSITIVE,EXACT
P_006266,G_006266,POSITIVE,VENDOR_ALIAS
P_006267,G_006267,NEGATIVE,AMOUNT_MISMATCH
P_006268,G_006268,POSITIVE,REF_MISSING
P_006269,G_006269,POSITIVE,VENDOR_ALIAS
P_006270,G_006270,NEGATIVE,TAX_MISMATCH
P_006271,G_006271,POSITIVE,EXACT
P_006272,G_006272,NEGATIVE,AMOUNT_MISMATCH
P_006273,G_006273,POSITIVE,EXACT
P_006274,G_006274,POSITIVE,VENDOR_ALIAS
P_006275,G_006275,POSITIVE,EXACT
P_006276,G_006276,POSITIVE,EXACT
P_006277,G_006277,POSITIVE,EXACT
P_006278,G_006278,POSITIVE,EXACT
P_006279,G_006279,POSITIVE,VENDOR_ALIAS
P_006280,G_006280,POSITIVE,EXACT
P_006281,G_006281,POSITIVE,EXACT
P_006282,G_006282,NEGATIVE,AMOUNT_MISMATCH
P_006283,G_006283,POSITIVE,EXACT
P_006284,G_006284,POSITIVE,EXACT
P_006285,G_006285,POSITIVE,EXACT
P_006286,G_006286,POSITIVE,EXACT
P_006287,G_006287,POSITIVE,EXACT
P_006288,G_006288,POSITIVE,EXACT
P_006289,G_006289,POSITIVE,REF_MISSING
P_006290,G_006290,POSITIVE,VENDOR_ALIAS
P_006291,G_006291,POSITIVE,VENDOR_ALIAS
P_006292,G_006292,POSITIVE,REF_MISSING
P_006293,G_006293,POSITIVE,EXACT
P_006294,G_006294,POSITIVE,VENDOR_ALIAS
P_006295,G_006295,POSITIVE,REF_MISSING
P_006296,G_006296,POSITIVE,REF_MISSING
P_006297,G_006297,POSITIVE,REF_MISSING
P_006298,G_006298,POSITIVE,EXACT
P_006299,G_006299,POSITIVE,REF_MISSING
P_006300,G_006300,NEGATIVE,AMOUNT_MISMATCH
P_006301,G_006301,POSITIVE,VENDOR_ALIAS
P_006302,G_006302,POSITIVE,EXACT
P_006303,G_006303,POSITIVE,EXACT
P_006304,G_006304,POSITIVE,REF_MISSING
P_006305,G_006305,POSITIVE,REF_MISSING
P_006306,G_006306,POSITIVE,EXACT
P_006307,G_006307,POSITIVE,VENDOR_ALIAS
P_006308,G_006308,POSITIVE,REF_MISSING
P_006309,G_006309,POSITIVE,EXACT
P_006310,G_006310,POSITIVE,EXACT
P_006311,G_006311,POSITIVE,EXACT
P_006312,G_006312,POSITIVE,EXACT
P_006313,G_006313,NEGATIVE,AMOUNT_MISMATCH
P_006314,G_006314,POSITIVE,EXACT
P_006315,G_006315,NEGATIVE,AMOUNT_MISMATCH
P_006316,G_006316,POSITIVE,EXACT
P_006317,G_006317,NEGATIVE,AMOUNT_MISMATCH
P_006318,G_006318,NEGATIVE,AMOUNT_MISMATCH
P_006319,G_006319,POSITIVE,EXACT
P_006320,G_006320,POSITIVE,REF_MISSING
P_006321,G_006321,POSITIVE,EXACT
P_006322,G_006322,POSITIVE,VENDOR_ALIAS
P_006323,G_006323,POSITIVE,EXACT
P_006324,G_006324,POSITIVE,VENDOR_ALIAS
P_006325,G_006325,POSITIVE,EXACT
P_006326,G_006326,POSITIVE,EXACT
P_006327,G_006327,POSITIVE,EXACT
P_006328,G_006328,POSITIVE,REF_MISSING
P_006329,G_006329,POSITIVE,VENDOR_ALIAS
P_006330,G_006330,POSITIVE,VENDOR_ALIAS
P_006331,G_006331,POSITIVE,REF_MISSING
P_006332,G_006332,POSITIVE,EXACT
P_006333,G_006333,POSITIVE,EXACT
P_006334,G_006334,POSITIVE,VENDOR_ALIAS
P_006335,G_006335,POSITIVE,EXACT
P_006336,G_006336,POSITIVE,EXACT
P_006337,G_006337,POSITIVE,EXACT
P_006338,G_006338,NEGATIVE,AMOUNT_MISMATCH
P_006339,G_006339,POSITIVE,EXACT
P_006340,G_006340,NEGATIVE,AMOUNT_MISMATCH
P_006341,G_006341,POSITIVE,VENDOR_ALIAS
P_006342,G_006342,POSITIVE,REF_MISSING
P_006343,G_006343,POSITIVE,EXACT
P_006344,G_006344,POSITIVE,VENDOR_ALIAS
P_006345,G_006345,POSITIVE,EXACT
P_006346,G_006346,POSITIVE,REF_MISSING
P_006347,G_006347,POSITIVE,REF_MISSING
P_006348,G_006348,POSITIVE,REF_MISSING
P_006349,G_006349,POSITIVE,VENDOR_ALIAS
P_006350,G_006350,POSITIVE,EXACT
P_006351,G_006351,POSITIVE,EXACT
P_006352,G_006352,POSITIVE,EXACT
P_006353,G_006353,POSITIVE,EXACT
P_006354,G_006354,POSITIVE,REF_MISSING
P_006355,G_006355,POSITIVE,EXACT
P_006356,G_006356,POSITIVE,VENDOR_ALIAS
P_006357,G_006357,POSITIVE,VENDOR_ALIAS
P_006358,G_006358,POSITIVE,VENDOR_ALIAS
P_006359,G_006359,POSITIVE,VENDOR_ALIAS
P_006360,G_006360,POSITIVE,VENDOR_ALIAS
P_006361,G_006361,POSITIVE,EXACT
P_006362,G_006362,POSITIVE,EXACT
P_006363,G_006363,POSITIVE,VENDOR_ALIAS
P_006364,G_006364,NEGATIVE,TAX_MISMATCH
P_006365,G_006365,POSITIVE,EXACT
P_006366,G_006366,POSITIVE,REF_MISSING
P_006367,G_006367,POSITIVE,EXACT
P_006368,G_006368,POSITIVE,EXACT
P_006369,G_006369,NEGATIVE,TAX_MISMATCH
P_006370,G_006370,POSITIVE,EXACT
P_006371,G_006371,POSITIVE,EXACT
P_006372,G_006372,POSITIVE,REF_MISSING
P_006373,G_006373,POSITIVE,EXACT
P_006374,G_006374,POSITIVE,EXACT
P_006375,G_006375,POSITIVE,EXACT
P_006376,G_006376,POSITIVE,VENDOR_ALIAS
P_006377,G_006377,POSITIVE,EXACT
P_006378,G_006378,POSITIVE,EXACT
P_006379,G_006379,NEGATIVE,AMOUNT_MISMATCH
P_006380,G_006380,POSITIVE,VENDOR_ALIAS
P_006381,G_006381,NEGATIVE,AMOUNT_MISMATCH
P_006382,G_006382,NEGATIVE,TAX_MISMATCH
P_006383,G_006383,POSITIVE,EXACT
P_006384,G_006384,POSITIVE,VENDOR_ALIAS
P_006385,G_006385,POSITIVE,VENDOR_ALIAS
P_006386,G_006386,POSITIVE,EXACT
P_006387,G_006387,POSITIVE,EXACT
P_006388,G_006388,POSITIVE,EXACT
P_006389,G_006389,POSITIVE,EXACT
P_006390,G_006390,POSITIVE,EXACT
P_006391,G_006391,POSITIVE,EXACT
P_006392,G_006392,POSITIVE,EXACT
P_006393,G_006393,POSITIVE,EXACT
P_006394,G_006394,POSITIVE,REF_MISSING
P_006395,G_006395,POSITIVE,EXACT
P_006396,G_006396,NEGATIVE,AMOUNT_MISMATCH
P_006397,G_006397,POSITIVE,EXACT
P_006398,G_006398,POSITIVE,EXACT
P_006399,G_006399,POSITIVE,EXACT
P_006400,G_006400,POSITIVE,VENDOR_ALIAS
P_006401,G_006401,POSITIVE,REF_MISSING
P_006402,G_006402,POSITIVE,REF_MISSING
P_006403,G_006403,POSITIVE,EXACT
P_006404,G_006404,POSITIVE,VENDOR_ALIAS
P_006405,G_006405,POSITIVE,EXACT
P_006406,G_006406,POSITIVE,EXACT
P_006407,G_006407,POSITIVE,REF_MISSING
P_006408,G_006408,POSITIVE,REF_MISSING
P_006409,G_006409,POSITIVE,VENDOR_ALIAS
P_006410,G_006410,POSITIVE,VENDOR_ALIAS
P_006411,G_006411,POSITIVE,VENDOR_ALIAS
P_006412,G_006412,POSITIVE,REF_MISSING
P_006413,G_006413,POSITIVE,EXACT
P_006414,G_006414,POSITIVE,EXACT
P_006415,G_006415,POSITIVE,VENDOR_ALIAS
P_006416,G_006416,POSITIVE,VENDOR_ALIAS
P_006417,G_006417,POSITIVE,EXACT
P_006418,G_006418,NEGATIVE,AMOUNT_MISMATCH
P_006419,G_006419,POSITIVE,EXACT
P_006420,G_006420,NEGATIVE,TAX_MISMATCH
P_006421,G_006421,POSITIVE,REF_MISSING
P_006422,G_006422,POSITIVE,EXACT
P_006423,G_006423,POSITIVE,VENDOR_ALIAS
P_006424,G_006424,POSITIVE,EXACT
P_006425,G_006425,POSITIVE,REF_MISSING
P_006426,G_006426,POSITIVE,EXACT
P_006427,G_006427,POSITIVE,EXACT
P_006428,G_006428,POSITIVE,EXACT
P_006429,G_006429,POSITIVE,EXACT
P_006430,G_006430,NEGATIVE,AMOUNT_MISMATCH
P_006431,G_006431,POSITIVE,EXACT
P_006432,G_006432,POSITIVE,REF_MISSING
P_006433,G_006433,POSITIVE,REF_MISSING
P_006434,G_006434,POSITIVE,REF_MISSING
P_006435,G_006435,POSITIVE,EXACT
P_006436,G_006436,POSITIVE,VENDOR_ALIAS
P_006437,G_006437,NEGATIVE,TAX_MISMATCH
P_006438,G_006438,POSITIVE,EXACT
P_006439,G_006439,NEGATIVE,TAX_MISMATCH
P_006440,G_006440,POSITIVE,VENDOR_ALIAS
P_006441,G_006441,POSITIVE,VENDOR_ALIAS
P_006442,G_006442,POSITIVE,EXACT
P_006443,G_006443,POSITIVE,EXACT
P_006444,G_006444,NEGATIVE,TAX_MISMATCH
P_006445,G_006445,POSITIVE,REF_MISSING
P_006446,G_006446,POSITIVE,REF_MISSING
P_006447,G_006447,POSITIVE,EXACT
P_006448,G_006448,POSITIVE,EXACT
P_006449,G_006449,NEGATIVE,AMOUNT_MISMATCH
P_006450,G_006450,POSITIVE,REF_MISSING
P_006451,G_006451,POSITIVE,VENDOR_ALIAS
P_006452,G_006452,POSITIVE,EXACT
P_006453,G_006453,POSITIVE,EXACT
P_006454,G_006454,NEGATIVE,TAX_MISMATCH
P_006455,G_006455,POSITIVE,VENDOR_ALIAS
P_006456,G_006456,POSITIVE,EXACT
P_006457,G_006457,NEGATIVE,TAX_MISMATCH
P_006458,G_006458,POSITIVE,VENDOR_ALIAS
P_006459,G_006459,POSITIVE,EXACT
P_006460,G_006460,POSITIVE,EXACT
P_006461,G_006461,POSITIVE,VENDOR_ALIAS
P_006462,G_006462,POSITIVE,EXACT
P_006463,G_006463,POSITIVE,EXACT
P_006464,G_006464,NEGATIVE,AMOUNT_MISMATCH
P_006465,G_006465,NEGATIVE,AMOUNT_MISMATCH
P_006466,G_006466,POSITIVE,EXACT
P_006467,G_006467,POSITIVE,VENDOR_ALIAS
P_006468,G_006468,POSITIVE,EXACT
P_006469,G_006469,POSITIVE,VENDOR_ALIAS
P_006470,G_006470,POSITIVE,REF_MISSING
P_006471,G_006471,POSITIVE,EXACT
P_006472,G_006472,POSITIVE,EXACT
P_006473,G_006473,NEGATIVE,AMOUNT_MISMATCH
P_006474,G_006474,POSITIVE,REF_MISSING
P_006475,G_006475,POSITIVE,EXACT
P_006476,G_006476,POSITIVE,EXACT
P_006477,G_006477,POSITIVE,EXACT
P_006478,G_006478,NEGATIVE,TAX_MISMATCH
P_006479,G_006479,POSITIVE,VENDOR_ALIAS
P_006480,G_006480,NEGATIVE,AMOUNT_MISMATCH
P_006481,G_006481,POSITIVE,VENDOR_ALIAS
P_006482,G_006482,POSITIVE,EXACT
P_006483,G_006483,POSITIVE,EXACT
P_006484,G_006484,POSITIVE,VENDOR_ALIAS
P_006485,G_006485,POSITIVE,EXACT
P_006486,G_006486,POSITIVE,EXACT
P_006487,G_006487,POSITIVE,EXACT
P_006488,G_006488,POSITIVE,EXACT
P_006489,G_006489,POSITIVE,EXACT
P_006490,G_006490,POSITIVE,VENDOR_ALIAS
P_006491,G_006491,POSITIVE,VENDOR_ALIAS
P_006492,G_006492,POSITIVE,EXACT
P_006493,G_006493,POSITIVE,EXACT
P_006494,G_006494,NEGATIVE,TAX_MISMATCH
P_006495,G_006495,POSITIVE,REF_MISSING
P_006496,G_006496,POSITIVE,VENDOR_ALIAS
P_006497,G_006497,POSITIVE,EXACT
P_006498,G_006498,POSITIVE,EXACT
P_006499,G_006499,POSITIVE,EXACT
P_006500,G_006500,NEGATIVE,AMOUNT_MISMATCH
P_006501,G_006501,POSITIVE,EXACT
P_006502,G_006502,NEGATIVE,AMOUNT_MISMATCH
P_006503,G_006503,NEGATIVE,AMOUNT_MISMATCH
P_006504,G_006504,NEGATIVE,AMOUNT_MISMATCH
P_006505,G_006505,NEGATIVE,TAX_MISMATCH
P_006506,G_006506,NEGATIVE,AMOUNT_MISMATCH
P_006507,G_006507,POSITIVE,REF_MISSING
P_006508,G_006508,NEGATIVE,AMOUNT_MISMATCH
P_006509,G_006509,POSITIVE,VENDOR_ALIAS
P_006510,G_006510,POSITIVE,EXACT
P_006511,G_006511,POSITIVE,VENDOR_ALIAS
P_006512,G_006512,POSITIVE,EXACT
P_006513,G_006513,POSITIVE,VENDOR_ALIAS
P_006514,G_006514,NEGATIVE,AMOUNT_MISMATCH
P_006515,G_006515,POSITIVE,REF_MISSING
P_006516,G_006516,POSITIVE,EXACT
P_006517,G_006517,POSITIVE,EXACT
P_006518,G_006518,POSITIVE,EXACT
P_006519,G_006519,POSITIVE,EXACT
P_006520,G_006520,POSITIVE,EXACT
P_006521,G_006521,NEGATIVE,AMOUNT_MISMATCH
P_006522,G_006522,POSITIVE,VENDOR_ALIAS
P_006523,G_006523,POSITIVE,EXACT
P_006524,G_006524,POSITIVE,REF_MISSING
P_006525,G_006525,POSITIVE,EXACT
P_006526,G_006526,NEGATIVE,TAX_MISMATCH
P_006527,G_006527,NEGATIVE,TAX_MISMATCH
P_006528,G_006528,POSITIVE,REF_MISSING
P_006529,G_006529,POSITIVE,EXACT
P_006530,G_006530,POSITIVE,REF_MISSING
P_006531,G_006531,NEGATIVE,AMOUNT_MISMATCH
P_006532,G_006532,POSITIVE,REF_MISSING
P_006533,G_006533,POSITIVE,EXACT
P_006534,G_006534,POSITIVE,EXACT
P_006535,G_006535,POSITIVE,EXACT
P_006536,G_006536,POSITIVE,EXACT
P_006537,G_006537,POSITIVE,REF_MISSING
P_006538,G_006538,POSITIVE,EXACT
P_006539,G_006539,POSITIVE,REF_MISSING
P_006540,G_006540,POSITIVE,VENDOR_ALIAS
P_006541,G_006541,POSITIVE,VENDOR_ALIAS
P_006542,G_006542,POSITIVE,EXACT
P_006543,G_006543,POSITIVE,EXACT
P_006544,G_006544,NEGATIVE,AMOUNT_MISMATCH
P_006545,G_006545,POSITIVE,EXACT
P_006546,G_006546,POSITIVE,EXACT
P_006547,G_006547,POSITIVE,EXACT
P_006548,G_006548,POSITIVE,EXACT
P_006549,G_006549,POSITIVE,EXACT
P_006550,G_006550,POSITIVE,VENDOR_ALIAS
P_006551,G_006551,POSITIVE,EXACT
P_006552,G_006552,NEGATIVE,AMOUNT_MISMATCH
P_006553,G_006553,POSITIVE,EXACT
P_006554,G_006554,NEGATIVE,AMOUNT_MISMATCH
P_006555,G_006555,POSITIVE,VENDOR_ALIAS
P_006556,G_006556,POSITIVE,VENDOR_ALIAS
P_006557,G_006557,NEGATIVE,TAX_MISMATCH
P_006558,G_006558,POSITIVE,REF_MISSING
P_006559,G_006559,POSITIVE,REF_MISSING
P_006560,G_006560,NEGATIVE,AMOUNT_MISMATCH
P_006561,G_006561,POSITIVE,EXACT
P_006562,G_006562,POSITIVE,EXACT
P_006563,G_006563,POSITIVE,VENDOR_ALIAS
P_006564,G_006564,POSITIVE,VENDOR_ALIAS
P_006565,G_006565,POSITIVE,EXACT
P_006566,G_006566,POSITIVE,EXACT
P_006567,G_006567,POSITIVE,REF_MISSING
P_006568,G_006568,POSITIVE,EXACT
P_006569,G_006569,POSITIVE,VENDOR_ALIAS
P_006570,G_006570,POSITIVE,EXACT
P_006571,G_006571,POSITIVE,VENDOR_ALIAS
P_006572,G_006572,POSITIVE,REF_MISSING
P_006573,G_006573,POSITIVE,VENDOR_ALIAS
P_006574,G_006574,POSITIVE,EXACT
P_006575,G_006575,POSITIVE,EXACT
P_006576,G_006576,POSITIVE,EXACT
P_006577,G_006577,POSITIVE,REF_MISSING
P_006578,G_006578,POSITIVE,VENDOR_ALIAS
P_006579,G_006579,NEGATIVE,TAX_MISMATCH
P_006580,G_006580,NEGATIVE,AMOUNT_MISMATCH
P_006581,G_006581,POSITIVE,EXACT
P_006582,G_006582,POSITIVE,VENDOR_ALIAS
P_006583,G_006583,POSITIVE,EXACT
P_006584,G_006584,POSITIVE,EXACT
P_006585,G_006585,POSITIVE,EXACT
P_006586,G_006586,NEGATIVE,AMOUNT_MISMATCH
P_006587,G_006587,POSITIVE,REF_MISSING
P_006588,G_006588,POSITIVE,REF_MISSING
P_006589,G_006589,POSITIVE,REF_MISSING
P_006590,G_006590,POSITIVE,REF_MISSING
P_006591,G_006591,POSITIVE,EXACT
P_006592,G_006592,POSITIVE,EXACT
P_006593,G_006593,POSITIVE,EXACT
P_006594,G_006594,POSITIVE,VENDOR_ALIAS
P_006595,G_006595,POSITIVE,EXACT
P_006596,G_006596,POSITIVE,VENDOR_ALIAS
P_006597,G_006597,POSITIVE,VENDOR_ALIAS
P_006598,G_006598,POSITIVE,REF_MISSING
P_006599,G_006599,POSITIVE,EXACT
P_006600,G_006600,POSITIVE,EXACT
P_006601,G_006601,POSITIVE,VENDOR_ALIAS
P_006602,G_006602,POSITIVE,EXACT
P_006603,G_006603,POSITIVE,EXACT
P_006604,G_006604,POSITIVE,VENDOR_ALIAS
P_006605,G_006605,POSITIVE,VENDOR_ALIAS
P_006606,G_006606,NEGATIVE,TAX_MISMATCH
P_006607,G_006607,POSITIVE,VENDOR_ALIAS
P_006608,G_006608,POSITIVE,EXACT
P_006609,G_006609,POSITIVE,REF_MISSING
P_006610,G_006610,POSITIVE,EXACT
P_006611,G_006611,POSITIVE,EXACT
P_006612,G_006612,POSITIVE,EXACT
P_006613,G_006613,POSITIVE,VENDOR_ALIAS
P_006614,G_006614,NEGATIVE,AMOUNT_MISMATCH
P_006615,G_006615,POSITIVE,EXACT
P_006616,G_006616,POSITIVE,REF_MISSING
P_006617,G_006617,POSITIVE,VENDOR_ALIAS
P_006618,G_006618,POSITIVE,EXACT
P_006619,G_006619,POSITIVE,VENDOR_ALIAS
P_006620,G_006620,NEGATIVE,TAX_MISMATCH
P_006621,G_006621,POSITIVE,REF_MISSING
P_006622,G_006622,POSITIVE,VENDOR_ALIAS
P_006623,G_006623,POSITIVE,EXACT
P_006624,G_006624,POSITIVE,EXACT
P_006625,G_006625,POSITIVE,REF_MISSING
P_006626,G_006626,POSITIVE,EXACT
P_006627,G_006627,POSITIVE,EXACT
P_006628,G_006628,POSITIVE,EXACT
P_006629,G_006629,POSITIVE,VENDOR_ALIAS
P_006630,G_006630,POSITIVE,EXACT
P_006631,G_006631,POSITIVE,EXACT
P_006632,G_006632,POSITIVE,EXACT
P_006633,G_006633,POSITIVE,VENDOR_ALIAS
P_006634,G_006634,POSITIVE,EXACT
P_006635,G_006635,POSITIVE,EXACT
P_006636,G_006636,POSITIVE,EXACT
P_006637,G_006637,POSITIVE,EXACT
P_006638,G_006638,POSITIVE,EXACT
P_006639,G_006639,POSITIVE,EXACT
P_006640,G_006640,POSITIVE,EXACT
P_006641,G_006641,POSITIVE,VENDOR_ALIAS
P_006642,G_006642,POSITIVE,EXACT
P_006643,G_006643,POSITIVE,EXACT
P_006644,G_006644,POSITIVE,EXACT
P_006645,G_006645,POSITIVE,REF_MISSING
P_006646,G_006646,POSITIVE,EXACT
P_006647,G_006647,POSITIVE,REF_MISSING
P_006648,G_006648,POSITIVE,VENDOR_ALIAS
P_006649,G_006649,POSITIVE,REF_MISSING
P_006650,G_006650,POSITIVE,EXACT
P_006651,G_006651,POSITIVE,EXACT
P_006652,G_006652,NEGATIVE,AMOUNT_MISMATCH
P_006653,G_006653,NEGATIVE,AMOUNT_MISMATCH
P_006654,G_006654,POSITIVE,REF_MISSING
P_006655,G_006655,POSITIVE,REF_MISSING
P_006656,G_006656,POSITIVE,VENDOR_ALIAS
P_006657,G_006657,POSITIVE,EXACT
P_006658,G_006658,POSITIVE,VENDOR_ALIAS
P_006659,G_006659,POSITIVE,EXACT
P_006660,G_006660,POSITIVE,REF_MISSING
P_006661,G_006661,POSITIVE,EXACT
P_006662,G_006662,NEGATIVE,TAX_MISMATCH
P_006663,G_006663,POSITIVE,VENDOR_ALIAS
P_006664,G_006664,NEGATIVE,AMOUNT_MISMATCH
P_006665,G_006665,POSITIVE,EXACT
P_006666,G_006666,POSITIVE,EXACT
P_006667,G_006667,POSITIVE,VENDOR_ALIAS
P_006668,G_006668,NEGATIVE,AMOUNT_MISMATCH
P_006669,G_006669,POSITIVE,EXACT
P_006670,G_006670,POSITIVE,EXACT
P_006671,G_006671,POSITIVE,REF_MISSING
P_006672,G_006672,POSITIVE,VENDOR_ALIAS
P_006673,G_006673,POSITIVE,VENDOR_ALIAS
P_006674,G_006674,POSITIVE,EXACT
P_006675,G_006675,NEGATIVE,AMOUNT_MISMATCH
P_006676,G_006676,POSITIVE,REF_MISSING
P_006677,G_006677,POSITIVE,EXACT
P_006678,G_006678,POSITIVE,EXACT
P_006679,G_006679,POSITIVE,EXACT
P_006680,G_006680,POSITIVE,EXACT
P_006681,G_006681,POSITIVE,EXACT
P_006682,G_006682,POSITIVE,EXACT
P_006683,G_006683,POSITIVE,VENDOR_ALIAS
P_006684,G_006684,POSITIVE,REF_MISSING
P_006685,G_006685,POSITIVE,EXACT
P_006686,G_006686,POSITIVE,REF_MISSING
P_006687,G_006687,POSITIVE,EXACT
P_006688,G_006688,POSITIVE,EXACT
P_006689,G_006689,POSITIVE,VENDOR_ALIAS
P_006690,G_006690,POSITIVE,EXACT
P_006691,G_006691,POSITIVE,EXACT
P_006692,G_006692,POSITIVE,EXACT
P_006693,G_006693,POSITIVE,EXACT
P_006694,G_006694,NEGATIVE,TAX_MISMATCH
P_006695,G_006695,POSITIVE,VENDOR_ALIAS
P_006696,G_006696,POSITIVE,EXACT
P_006697,G_006697,POSITIVE,REF_MISSING
P_006698,G_006698,POSITIVE,EXACT
P_006699,G_006699,NEGATIVE,AMOUNT_MISMATCH
P_006700,G_006700,POSITIVE,EXACT
P_006701,G_006701,NEGATIVE,AMOUNT_MISMATCH
P_006702,G_006702,POSITIVE,VENDOR_ALIAS
P_006703,G_006703,POSITIVE,EXACT
P_006704,G_006704,NEGATIVE,AMOUNT_MISMATCH
P_006705,G_006705,POSITIVE,EXACT
P_006706,G_006706,POSITIVE,VENDOR_ALIAS
P_006707,G_006707,NEGATIVE,TAX_MISMATCH
P_006708,G_006708,POSITIVE,VENDOR_ALIAS
P_006709,G_006709,POSITIVE,EXACT
P_006710,G_006710,POSITIVE,EXACT
P_006711,G_006711,POSITIVE,EXACT
P_006712,G_006712,POSITIVE,EXACT
P_006713,G_006713,POSITIVE,VENDOR_ALIAS
P_006714,G_006714,POSITIVE,EXACT
P_006715,G_006715,POSITIVE,EXACT
P_006716,G_006716,POSITIVE,REF_MISSING
P_006717,G_006717,POSITIVE,VENDOR_ALIAS
P_006718,G_006718,POSITIVE,VENDOR_ALIAS
P_006719,G_006719,POSITIVE,VENDOR_ALIAS
P_006720,G_006720,POSITIVE,EXACT
P_006721,G_006721,POSITIVE,EXACT
P_006722,G_006722,POSITIVE,REF_MISSING
P_006723,G_006723,POSITIVE,EXACT
P_006724,G_006724,POSITIVE,VENDOR_ALIAS
P_006725,G_006725,POSITIVE,VENDOR_ALIAS
P_006726,G_006726,NEGATIVE,AMOUNT_MISMATCH
P_006727,G_006727,POSITIVE,EXACT
P_006728,G_006728,NEGATIVE,TAX_MISMATCH
P_006729,G_006729,POSITIVE,EXACT
P_006730,G_006730,POSITIVE,REF_MISSING
P_006731,G_006731,POSITIVE,EXACT
P_006732,G_006732,POSITIVE,EXACT
P_006733,G_006733,POSITIVE,EXACT
P_006734,G_006734,POSITIVE,REF_MISSING
P_006735,G_006735,POSITIVE,EXACT
P_006736,G_006736,POSITIVE,REF_MISSING
P_006737,G_006737,POSITIVE,EXACT
P_006738,G_006738,POSITIVE,VENDOR_ALIAS
P_006739,G_006739,POSITIVE,VENDOR_ALIAS
P_006740,G_006740,POSITIVE,EXACT
P_006741,G_006741,POSITIVE,EXACT
P_006742,G_006742,POSITIVE,EXACT
P_006743,G_006743,POSITIVE,EXACT
P_006744,G_006744,NEGATIVE,TAX_MISMATCH
P_006745,G_006745,NEGATIVE,TAX_MISMATCH
P_006746,G_006746,POSITIVE,EXACT
P_006747,G_006747,POSITIVE,VENDOR_ALIAS
P_006748,G_006748,POSITIVE,REF_MISSING
P_006749,G_006749,POSITIVE,EXACT
P_006750,G_006750,POSITIVE,EXACT
P_006751,G_006751,POSITIVE,EXACT
P_006752,G_006752,POSITIVE,REF_MISSING
P_006753,G_006753,NEGATIVE,AMOUNT_MISMATCH
P_006754,G_006754,POSITIVE,EXACT
P_006755,G_006755,POSITIVE,REF_MISSING
P_006756,G_006756,POSITIVE,VENDOR_ALIAS
P_006757,G_006757,NEGATIVE,AMOUNT_MISMATCH
P_006758,G_006758,POSITIVE,EXACT
P_006759,G_006759,POSITIVE,REF_MISSING
P_006760,G_006760,NEGATIVE,TAX_MISMATCH
P_006761,G_006761,NEGATIVE,AMOUNT_MISMATCH
P_006762,G_006762,POSITIVE,REF_MISSING
P_006763,G_006763,POSITIVE,VENDOR_ALIAS
P_006764,G_006764,POSITIVE,EXACT
P_006765,G_006765,NEGATIVE,AMOUNT_MISMATCH
P_006766,G_006766,POSITIVE,EXACT
P_006767,G_006767,POSITIVE,EXACT
P_006768,G_006768,NEGATIVE,TAX_MISMATCH
P_006769,G_006769,POSITIVE,REF_MISSING
P_006770,G_006770,POSITIVE,EXACT
P_006771,G_006771,POSITIVE,REF_MISSING
P_006772,G_006772,POSITIVE,VENDOR_ALIAS
P_006773,G_006773,POSITIVE,REF_MISSING
P_006774,G_006774,POSITIVE,EXACT
P_006775,G_006775,POSITIVE,VENDOR_ALIAS
P_006776,G_006776,POSITIVE,EXACT
P_006777,G_006777,POSITIVE,EXACT
P_006778,G_006778,POSITIVE,EXACT
P_006779,G_006779,POSITIVE,EXACT
P_006780,G_006780,POSITIVE,EXACT
P_006781,G_006781,POSITIVE,EXACT
P_006782,G_006782,POSITIVE,EXACT
P_006783,G_006783,POSITIVE,EXACT
P_006784,G_006784,POSITIVE,REF_MISSING
P_006785,G_006785,POSITIVE,EXACT
P_006786,G_006786,POSITIVE,EXACT
P_006787,G_006787,POSITIVE,REF_MISSING
P_006788,G_006788,POSITIVE,EXACT
P_006789,G_006789,POSITIVE,EXACT
P_006790,G_006790,POSITIVE,EXACT
P_006791,G_006791,POSITIVE,EXACT
P_006792,G_006792,POSITIVE,EXACT
P_006793,G_006793,POSITIVE,EXACT
P_006794,G_006794,POSITIVE,EXACT
P_006795,G_006795,POSITIVE,EXACT
P_006796,G_006796,POSITIVE,EXACT
P_006797,G_006797,POSITIVE,REF_MISSING
P_006798,G_006798,POSITIVE,EXACT
P_006799,G_006799,POSITIVE,EXACT
P_006800,G_006800,POSITIVE,EXACT
P_006801,G_006801,POSITIVE,EXACT
P_006802,G_006802,POSITIVE,VENDOR_ALIAS
P_006803,G_006803,NEGATIVE,TAX_MISMATCH
P_006804,G_006804,POSITIVE,EXACT
P_006805,G_006805,POSITIVE,EXACT
P_006806,G_006806,POSITIVE,VENDOR_ALIAS
P_006807,G_006807,POSITIVE,VENDOR_ALIAS
P_006808,G_006808,POSITIVE,EXACT
P_006809,G_006809,POSITIVE,REF_MISSING
P_006810,G_006810,POSITIVE,EXACT
P_006811,G_006811,POSITIVE,EXACT
P_006812,G_006812,POSITIVE,REF_MISSING
P_006813,G_006813,POSITIVE,EXACT
P_006814,G_006814,NEGATIVE,AMOUNT_MISMATCH
P_006815,G_006815,NEGATIVE,AMOUNT_MISMATCH
P_006816,G_006816,POSITIVE,EXACT
P_006817,G_006817,POSITIVE,REF_MISSING
P_006818,G_006818,POSITIVE,EXACT
P_006819,G_006819,POSITIVE,EXACT
P_006820,G_006820,NEGATIVE,TAX_MISMATCH
P_006821,G_006821,POSITIVE,EXACT
P_006822,G_006822,POSITIVE,EXACT
P_006823,G_006823,POSITIVE,EXACT
P_006824,G_006824,POSITIVE,EXACT
P_006825,G_006825,POSITIVE,EXACT
P_006826,G_006826,POSITIVE,REF_MISSING
P_006827,G_006827,POSITIVE,EXACT
P_006828,G_006828,NEGATIVE,AMOUNT_MISMATCH
P_006829,G_006829,POSITIVE,EXACT
P_006830,G_006830,POSITIVE,EXACT
P_006831,G_006831,POSITIVE,VENDOR_ALIAS
P_006832,G_006832,POSITIVE,VENDOR_ALIAS
P_006833,G_006833,POSITIVE,EXACT
P_006834,G_006834,POSITIVE,EXACT
P_006835,G_006835,POSITIVE,EXACT
P_006836,G_006836,POSITIVE,EXACT
P_006837,G_006837,POSITIVE,EXACT
P_006838,G_006838,POSITIVE,VENDOR_ALIAS
P_006839,G_006839,POSITIVE,EXACT
P_006840,G_006840,POSITIVE,VENDOR_ALIAS
P_006841,G_006841,NEGATIVE,TAX_MISMATCH
P_006842,G_006842,POSITIVE,EXACT
P_006843,G_006843,POSITIVE,EXACT
P_006844,G_006844,POSITIVE,EXACT
P_006845,G_006845,NEGATIVE,AMOUNT_MISMATCH
P_006846,G_006846,POSITIVE,EXACT
P_006847,G_006847,NEGATIVE,TAX_MISMATCH
P_006848,G_006848,POSITIVE,EXACT
P_006849,G_006849,POSITIVE,EXACT
P_006850,G_006850,POSITIVE,EXACT
P_006851,G_006851,POSITIVE,EXACT
P_006852,G_006852,POSITIVE,VENDOR_ALIAS
P_006853,G_006853,POSITIVE,REF_MISSING
P_006854,G_006854,POSITIVE,EXACT
P_006855,G_006855,POSITIVE,EXACT
P_006856,G_006856,POSITIVE,EXACT
P_006857,G_006857,POSITIVE,VENDOR_ALIAS
P_006858,G_006858,POSITIVE,REF_MISSING
P_006859,G_006859,NEGATIVE,AMOUNT_MISMATCH
P_006860,G_006860,POSITIVE,VENDOR_ALIAS
P_006861,G_006861,POSITIVE,EXACT
P_006862,G_006862,NEGATIVE,AMOUNT_MISMATCH
P_006863,G_006863,POSITIVE,REF_MISSING
P_006864,G_006864,POSITIVE,EXACT
P_006865,G_006865,POSITIVE,EXACT
P_006866,G_006866,NEGATIVE,AMOUNT_MISMATCH
P_006867,G_006867,NEGATIVE,AMOUNT_MISMATCH
P_006868,G_006868,POSITIVE,VENDOR_ALIAS
P_006869,G_006869,POSITIVE,REF_MISSING
P_006870,G_006870,POSITIVE,EXACT
P_006871,G_006871,POSITIVE,EXACT
P_006872,G_006872,POSITIVE,EXACT
P_006873,G_006873,POSITIVE,REF_MISSING
P_006874,G_006874,POSITIVE,EXACT
P_006875,G_006875,POSITIVE,VENDOR_ALIAS
P_006876,G_006876,POSITIVE,VENDOR_ALIAS
P_006877,G_006877,POSITIVE,EXACT
P_006878,G_006878,NEGATIVE,AMOUNT_MISMATCH
P_006879,G_006879,POSITIVE,VENDOR_ALIAS
P_006880,G_006880,POSITIVE,EXACT
P_006881,G_006881,POSITIVE,REF_MISSING
P_006882,G_006882,POSITIVE,EXACT
P_006883,G_006883,POSITIVE,VENDOR_ALIAS
P_006884,G_006884,POSITIVE,EXACT
P_006885,G_006885,POSITIVE,EXACT
P_006886,G_006886,POSITIVE,EXACT
P_006887,G_006887,POSITIVE,EXACT
P_006888,G_006888,NEGATIVE,AMOUNT_MISMATCH
P_006889,G_006889,POSITIVE,VENDOR_ALIAS
P_006890,G_006890,POSITIVE,EXACT
P_006891,G_006891,POSITIVE,EXACT
P_006892,G_006892,POSITIVE,VENDOR_ALIAS
P_006893,G_006893,POSITIVE,VENDOR_ALIAS
P_006894,G_006894,POSITIVE,EXACT
P_006895,G_006895,POSITIVE,EXACT
P_006896,G_006896,POSITIVE,EXACT
P_006897,G_006897,POSITIVE,EXACT
P_006898,G_006898,POSITIVE,EXACT
P_006899,G_006899,POSITIVE,EXACT
P_006900,G_006900,POSITIVE,VENDOR_ALIAS
P_006901,G_006901,POSITIVE,VENDOR_ALIAS
P_006902,G_006902,POSITIVE,VENDOR_ALIAS
P_006903,G_006903,NEGATIVE,AMOUNT_MISMATCH
P_006904,G_006904,POSITIVE,EXACT
P_006905,G_006905,POSITIVE,VENDOR_ALIAS
P_006906,G_006906,POSITIVE,VENDOR_ALIAS
P_006907,G_006907,POSITIVE,EXACT
P_006908,G_006908,POSITIVE,REF_MISSING
P_006909,G_006909,POSITIVE,EXACT
P_006910,G_006910,NEGATIVE,AMOUNT_MISMATCH
P_006911,G_006911,POSITIVE,REF_MISSING
P_006912,G_006912,NEGATIVE,AMOUNT_MISMATCH
P_006913,G_006913,POSITIVE,VENDOR_ALIAS
P_006914,G_006914,POSITIVE,VENDOR_ALIAS
P_006915,G_006915,POSITIVE,VENDOR_ALIAS
P_006916,G_006916,POSITIVE,VENDOR_ALIAS
P_006917,G_006917,POSITIVE,VENDOR_ALIAS
P_006918,G_006918,POSITIVE,EXACT
P_006919,G_006919,POSITIVE,EXACT
P_006920,G_006920,POSITIVE,VENDOR_ALIAS
P_006921,G_006921,NEGATIVE,AMOUNT_MISMATCH
P_006922,G_006922,POSITIVE,EXACT
P_006923,G_006923,POSITIVE,VENDOR_ALIAS
P_006924,G_006924,NEGATIVE,AMOUNT_MISMATCH
P_006925,G_006925,POSITIVE,EXACT
P_006926,G_006926,POSITIVE,EXACT
P_006927,G_006927,POSITIVE,EXACT
P_006928,G_006928,POSITIVE,EXACT
P_006929,G_006929,POSITIVE,EXACT
P_006930,G_006930,NEGATIVE,AMOUNT_MISMATCH
P_006931,G_006931,POSITIVE,VENDOR_ALIAS
P_006932,G_006932,POSITIVE,EXACT
P_006933,G_006933,POSITIVE,VENDOR_ALIAS
P_006934,G_006934,POSITIVE,EXACT
P_006935,G_006935,NEGATIVE,TAX_MISMATCH
P_006936,G_006936,POSITIVE,VENDOR_ALIAS
P_006937,G_006937,NEGATIVE,AMOUNT_MISMATCH
P_006938,G_006938,NEGATIVE,AMOUNT_MISMATCH
P_006939,G_006939,NEGATIVE,AMOUNT_MISMATCH
P_006940,G_006940,POSITIVE,REF_MISSING
P_006941,G_006941,POSITIVE,EXACT
P_006942,G_006942,POSITIVE,EXACT
P_006943,G_006943,POSITIVE,EXACT
P_006944,G_006944,POSITIVE,EXACT
P_006945,G_006945,POSITIVE,EXACT
P_006946,G_006946,POSITIVE,EXACT
P_006947,G_006947,POSITIVE,VENDOR_ALIAS
P_006948,G_006948,POSITIVE,EXACT
P_006949,G_006949,POSITIVE,EXACT
P_006950,G_006950,POSITIVE,VENDOR_ALIAS
P_006951,G_006951,NEGATIVE,AMOUNT_MISMATCH
P_006952,G_006952,POSITIVE,EXACT
P_006953,G_006953,POSITIVE,EXACT
P_006954,G_006954,POSITIVE,EXACT
P_006955,G_006955,POSITIVE,EXACT
P_006956,G_006956,NEGATIVE,AMOUNT_MISMATCH
P_006957,G_006957,POSITIVE,VENDOR_ALIAS
P_006958,G_006958,NEGATIVE,AMOUNT_MISMATCH
P_006959,G_006959,NEGATIVE,AMOUNT_MISMATCH
P_006960,G_006960,NEGATIVE,AMOUNT_MISMATCH
P_006961,G_006961,POSITIVE,EXACT
P_006962,G_006962,POSITIVE,VENDOR_ALIAS
P_006963,G_006963,POSITIVE,EXACT
P_006964,G_006964,POSITIVE,REF_MISSING
P_006965,G_006965,POSITIVE,REF_MISSING
P_006966,G_006966,POSITIVE,VENDOR_ALIAS
P_006967,G_006967,POSITIVE,EXACT
P_006968,G_006968,POSITIVE,EXACT
P_006969,G_006969,POSITIVE,EXACT
P_006970,G_006970,NEGATIVE,TAX_MISMATCH
P_006971,G_006971,POSITIVE,REF_MISSING
P_006972,G_006972,POSITIVE,EXACT
P_006973,G_006973,POSITIVE,VENDOR_ALIAS
P_006974,G_006974,POSITIVE,REF_MISSING
P_006975,G_006975,POSITIVE,EXACT
P_006976,G_006976,POSITIVE,EXACT
P_006977,G_006977,POSITIVE,EXACT
P_006978,G_006978,POSITIVE,EXACT
P_006979,G_006979,POSITIVE,EXACT
P_006980,G_006980,POSITIVE,VENDOR_ALIAS
P_006981,G_006981,POSITIVE,VENDOR_ALIAS
P_006982,G_006982,POSITIVE,VENDOR_ALIAS
P_006983,G_006983,NEGATIVE,AMOUNT_MISMATCH
P_006984,G_006984,POSITIVE,EXACT
P_006985,G_006985,POSITIVE,EXACT
P_006986,G_006986,NEGATIVE,TAX_MISMATCH
P_006987,G_006987,NEGATIVE,AMOUNT_MISMATCH
P_006988,G_006988,POSITIVE,EXACT
P_006989,G_006989,POSITIVE,VENDOR_ALIAS
P_006990,G_006990,POSITIVE,EXACT
P_006991,G_006991,POSITIVE,REF_MISSING
P_006992,G_006992,POSITIVE,EXACT
P_006993,G_006993,POSITIVE,EXACT
P_006994,G_006994,POSITIVE,REF_MISSING
P_006995,G_006995,POSITIVE,REF_MISSING
P_006996,G_006996,POSITIVE,EXACT
P_006997,G_006997,NEGATIVE,TAX_MISMATCH
P_006998,G_006998,POSITIVE,VENDOR_ALIAS
P_006999,G_006999,POSITIVE,EXACT
P_007000,G_007000,POSITIVE,EXACT
P_007001,G_007001,POSITIVE,EXACT
P_007002,G_007002,POSITIVE,EXACT
P_007003,G_007003,POSITIVE,EXACT
P_007004,G_007004,POSITIVE,EXACT
P_007005,G_007005,POSITIVE,EXACT
P_007006,G_007006,POSITIVE,EXACT
P_007007,G_007007,POSITIVE,EXACT
P_007008,G_007008,POSITIVE,EXACT
P_007009,G_007009,POSITIVE,VENDOR_ALIAS
P_007010,G_007010,NEGATIVE,AMOUNT_MISMATCH
P_007011,G_007011,NEGATIVE,AMOUNT_MISMATCH
P_007012,G_007012,POSITIVE,REF_MISSING
P_007013,G_007013,POSITIVE,EXACT
P_007014,G_007014,POSITIVE,REF_MISSING
P_007015,G_007015,POSITIVE,REF_MISSING
P_007016,G_007016,POSITIVE,VENDOR_ALIAS
P_007017,G_007017,POSITIVE,VENDOR_ALIAS
P_007018,G_007018,NEGATIVE,AMOUNT_MISMATCH
P_007019,G_007019,POSITIVE,VENDOR_ALIAS
P_007020,G_007020,POSITIVE,VENDOR_ALIAS
P_007021,G_007021,POSITIVE,REF_MISSING
P_007022,G_007022,POSITIVE,EXACT
P_007023,G_007023,POSITIVE,EXACT
P_007024,G_007024,POSITIVE,EXACT
P_007025,G_007025,POSITIVE,EXACT
P_007026,G_007026,POSITIVE,EXACT
P_007027,G_007027,NEGATIVE,AMOUNT_MISMATCH
P_007028,G_007028,POSITIVE,REF_MISSING
P_007029,G_007029,POSITIVE,VENDOR_ALIAS
P_007030,G_007030,POSITIVE,VENDOR_ALIAS
P_007031,G_007031,POSITIVE,REF_MISSING
P_007032,G_007032,POSITIVE,EXACT
P_007033,G_007033,POSITIVE,EXACT
P_007034,G_007034,POSITIVE,VENDOR_ALIAS
P_007035,G_007035,NEGATIVE,AMOUNT_MISMATCH
P_007036,G_007036,POSITIVE,EXACT
P_007037,G_007037,POSITIVE,VENDOR_ALIAS
P_007038,G_007038,POSITIVE,EXACT
P_007039,G_007039,POSITIVE,VENDOR_ALIAS
P_007040,G_007040,POSITIVE,EXACT
P_007041,G_007041,POSITIVE,VENDOR_ALIAS
P_007042,G_007042,POSITIVE,EXACT
P_007043,G_007043,POSITIVE,EXACT
P_007044,G_007044,POSITIVE,EXACT
P_007045,G_007045,POSITIVE,EXACT
P_007046,G_007046,POSITIVE,EXACT
P_007047,G_007047,POSITIVE,VENDOR_ALIAS
P_007048,G_007048,POSITIVE,EXACT
P_007049,G_007049,POSITIVE,EXACT
P_007050,G_007050,POSITIVE,EXACT
P_007051,G_007051,POSITIVE,EXACT
P_007052,G_007052,POSITIVE,EXACT
P_007053,G_007053,POSITIVE,EXACT
P_007054,G_007054,NEGATIVE,TAX_MISMATCH
P_007055,G_007055,NEGATIVE,AMOUNT_MISMATCH
P_007056,G_007056,POSITIVE,EXACT
P_007057,G_007057,POSITIVE,REF_MISSING
P_007058,G_007058,NEGATIVE,AMOUNT_MISMATCH
P_007059,G_007059,POSITIVE,EXACT
P_007060,G_007060,POSITIVE,EXACT
P_007061,G_007061,POSITIVE,VENDOR_ALIAS
P_007062,G_007062,POSITIVE,VENDOR_ALIAS
P_007063,G_007063,POSITIVE,EXACT
P_007064,G_007064,POSITIVE,EXACT
P_007065,G_007065,POSITIVE,VENDOR_ALIAS
P_007066,G_007066,POSITIVE,EXACT
P_007067,G_007067,POSITIVE,REF_MISSING
P_007068,G_007068,POSITIVE,VENDOR_ALIAS
P_007069,G_007069,POSITIVE,EXACT
P_007070,G_007070,POSITIVE,EXACT
P_007071,G_007071,POSITIVE,EXACT
P_007072,G_007072,POSITIVE,VENDOR_ALIAS
P_007073,G_007073,POSITIVE,REF_MISSING
P_007074,G_007074,POSITIVE,EXACT
P_007075,G_007075,NEGATIVE,TAX_MISMATCH
P_007076,G_007076,POSITIVE,VENDOR_ALIAS
P_007077,G_007077,POSITIVE,REF_MISSING
P_007078,G_007078,POSITIVE,REF_MISSING
P_007079,G_007079,POSITIVE,REF_MISSING
P_007080,G_007080,POSITIVE,REF_MISSING
P_007081,G_007081,POSITIVE,EXACT
P_007082,G_007082,POSITIVE,REF_MISSING
P_007083,G_007083,POSITIVE,EXACT
P_007084,G_007084,NEGATIVE,TAX_MISMATCH
P_007085,G_007085,POSITIVE,VENDOR_ALIAS
P_007086,G_007086,POSITIVE,REF_MISSING
P_007087,G_007087,POSITIVE,EXACT
P_007088,G_007088,POSITIVE,EXACT
P_007089,G_007089,POSITIVE,EXACT
P_007090,G_007090,POSITIVE,VENDOR_ALIAS
P_007091,G_007091,POSITIVE,VENDOR_ALIAS
P_007092,G_007092,POSITIVE,EXACT
P_007093,G_007093,POSITIVE,EXACT
P_007094,G_007094,NEGATIVE,TAX_MISMATCH
P_007095,G_007095,POSITIVE,EXACT
P_007096,G_007096,NEGATIVE,AMOUNT_MISMATCH
P_007097,G_007097,NEGATIVE,AMOUNT_MISMATCH
P_007098,G_007098,POSITIVE,EXACT
P_007099,G_007099,POSITIVE,EXACT
P_007100,G_007100,POSITIVE,EXACT
P_007101,G_007101,POSITIVE,EXACT
P_007102,G_007102,POSITIVE,VENDOR_ALIAS
P_007103,G_007103,NEGATIVE,AMOUNT_MISMATCH
P_007104,G_007104,POSITIVE,EXACT
P_007105,G_007105,POSITIVE,EXACT
P_007106,G_007106,POSITIVE,EXACT
P_007107,G_007107,POSITIVE,VENDOR_ALIAS
P_007108,G_007108,POSITIVE,REF_MISSING
P_007109,G_007109,POSITIVE,VENDOR_ALIAS
P_007110,G_007110,POSITIVE,EXACT
P_007111,G_007111,POSITIVE,EXACT
P_007112,G_007112,NEGATIVE,TAX_MISMATCH
P_007113,G_007113,POSITIVE,EXACT
P_007114,G_007114,POSITIVE,VENDOR_ALIAS
P_007115,G_007115,POSITIVE,EXACT
P_007116,G_007116,POSITIVE,EXACT
P_007117,G_007117,POSITIVE,VENDOR_ALIAS
P_007118,G_007118,POSITIVE,EXACT
P_007119,G_007119,POSITIVE,VENDOR_ALIAS
P_007120,G_007120,POSITIVE,EXACT
P_007121,G_007121,POSITIVE,EXACT
P_007122,G_007122,NEGATIVE,TAX_MISMATCH
P_007123,G_007123,POSITIVE,REF_MISSING
P_007124,G_007124,POSITIVE,EXACT
P_007125,G_007125,POSITIVE,VENDOR_ALIAS
P_007126,G_007126,POSITIVE,EXACT
P_007127,G_007127,POSITIVE,REF_MISSING
P_007128,G_007128,POSITIVE,EXACT
P_007129,G_007129,POSITIVE,EXACT
P_007130,G_007130,POSITIVE,VENDOR_ALIAS
P_007131,G_007131,POSITIVE,REF_MISSING
P_007132,G_007132,POSITIVE,REF_MISSING
P_007133,G_007133,POSITIVE,EXACT
P_007134,G_007134,NEGATIVE,AMOUNT_MISMATCH
P_007135,G_007135,POSITIVE,EXACT
P_007136,G_007136,POSITIVE,REF_MISSING
P_007137,G_007137,POSITIVE,EXACT
P_007138,G_007138,POSITIVE,REF_MISSING
P_007139,G_007139,POSITIVE,EXACT
P_007140,G_007140,POSITIVE,EXACT
P_007141,G_007141,NEGATIVE,TAX_MISMATCH
P_007142,G_007142,POSITIVE,VENDOR_ALIAS
P_007143,G_007143,POSITIVE,EXACT
P_007144,G_007144,POSITIVE,EXACT
P_007145,G_007145,NEGATIVE,AMOUNT_MISMATCH
P_007146,G_007146,POSITIVE,EXACT
P_007147,G_007147,POSITIVE,VENDOR_ALIAS
P_007148,G_007148,POSITIVE,EXACT
P_007149,G_007149,POSITIVE,EXACT
P_007150,G_007150,POSITIVE,EXACT
P_007151,G_007151,POSITIVE,EXACT
P_007152,G_007152,POSITIVE,EXACT
P_007153,G_007153,POSITIVE,EXACT
P_007154,G_007154,POSITIVE,EXACT
P_007155,G_007155,NEGATIVE,TAX_MISMATCH
P_007156,G_007156,POSITIVE,REF_MISSING
P_007157,G_007157,POSITIVE,REF_MISSING
P_007158,G_007158,POSITIVE,VENDOR_ALIAS
P_007159,G_007159,POSITIVE,EXACT
P_007160,G_007160,POSITIVE,EXACT
P_007161,G_007161,POSITIVE,EXACT
P_007162,G_007162,POSITIVE,REF_MISSING
P_007163,G_007163,POSITIVE,REF_MISSING
P_007164,G_007164,NEGATIVE,AMOUNT_MISMATCH
P_007165,G_007165,POSITIVE,VENDOR_ALIAS
P_007166,G_007166,POSITIVE,EXACT
P_007167,G_007167,POSITIVE,REF_MISSING
P_007168,G_007168,POSITIVE,EXACT
P_007169,G_007169,POSITIVE,EXACT
P_007170,G_007170,NEGATIVE,TAX_MISMATCH
P_007171,G_007171,POSITIVE,EXACT
P_007172,G_007172,POSITIVE,EXACT
P_007173,G_007173,POSITIVE,EXACT
P_007174,G_007174,POSITIVE,VENDOR_ALIAS
P_007175,G_007175,POSITIVE,EXACT
P_007176,G_007176,POSITIVE,VENDOR_ALIAS
P_007177,G_007177,POSITIVE,REF_MISSING
P_007178,G_007178,POSITIVE,REF_MISSING
P_007179,G_007179,POSITIVE,VENDOR_ALIAS
P_007180,G_007180,POSITIVE,VENDOR_ALIAS
P_007181,G_007181,POSITIVE,VENDOR_ALIAS
P_007182,G_007182,POSITIVE,EXACT
P_007183,G_007183,POSITIVE,EXACT
P_007184,G_007184,POSITIVE,EXACT
P_007185,G_007185,POSITIVE,EXACT
P_007186,G_007186,POSITIVE,REF_MISSING
P_007187,G_007187,POSITIVE,REF_MISSING
P_007188,G_007188,POSITIVE,EXACT
P_007189,G_007189,POSITIVE,VENDOR_ALIAS
P_007190,G_007190,POSITIVE,EXACT
P_007191,G_007191,POSITIVE,REF_MISSING
P_007192,G_007192,POSITIVE,VENDOR_ALIAS
P_007193,G_007193,POSITIVE,EXACT
P_007194,G_007194,POSITIVE,EXACT
P_007195,G_007195,POSITIVE,REF_MISSING
P_007196,G_007196,POSITIVE,VENDOR_ALIAS
P_007197,G_007197,POSITIVE,EXACT
P_007198,G_007198,POSITIVE,EXACT
P_007199,G_007199,POSITIVE,EXACT
P_007200,G_007200,POSITIVE,EXACT
P_007201,G_007201,POSITIVE,REF_MISSING
P_007202,G_007202,POSITIVE,EXACT
P_007203,G_007203,POSITIVE,EXACT
P_007204,G_007204,POSITIVE,EXACT
P_007205,G_007205,POSITIVE,EXACT
P_007206,G_007206,NEGATIVE,AMOUNT_MISMATCH
P_007207,G_007207,POSITIVE,EXACT
P_007208,G_007208,NEGATIVE,AMOUNT_MISMATCH
P_007209,G_007209,POSITIVE,VENDOR_ALIAS
P_007210,G_007210,NEGATIVE,AMOUNT_MISMATCH
P_007211,G_007211,POSITIVE,EXACT
P_007212,G_007212,POSITIVE,EXACT
P_007213,G_007213,POSITIVE,VENDOR_ALIAS
P_007214,G_007214,POSITIVE,VENDOR_ALIAS
P_007215,G_007215,POSITIVE,REF_MISSING
P_007216,G_007216,POSITIVE,EXACT
P_007217,G_007217,POSITIVE,REF_MISSING
P_007218,G_007218,POSITIVE,REF_MISSING
P_007219,G_007219,POSITIVE,REF_MISSING
P_007220,G_007220,NEGATIVE,TAX_MISMATCH
P_007221,G_007221,POSITIVE,REF_MISSING
P_007222,G_007222,POSITIVE,VENDOR_ALIAS
P_007223,G_007223,POSITIVE,REF_MISSING
P_007224,G_007224,NEGATIVE,AMOUNT_MISMATCH
P_007225,G_007225,POSITIVE,EXACT
P_007226,G_007226,POSITIVE,VENDOR_ALIAS
P_007227,G_007227,POSITIVE,EXACT
P_007228,G_007228,POSITIVE,REF_MISSING
P_007229,G_007229,POSITIVE,EXACT
P_007230,G_007230,POSITIVE,EXACT
P_007231,G_007231,POSITIVE,EXACT
P_007232,G_007232,NEGATIVE,AMOUNT_MISMATCH
P_007233,G_007233,NEGATIVE,TAX_MISMATCH
P_007234,G_007234,POSITIVE,EXACT
P_007235,G_007235,POSITIVE,EXACT
P_007236,G_007236,POSITIVE,EXACT
P_007237,G_007237,POSITIVE,EXACT
P_007238,G_007238,POSITIVE,VENDOR_ALIAS
P_007239,G_007239,POSITIVE,EXACT
P_007240,G_007240,POSITIVE,EXACT
P_007241,G_007241,POSITIVE,EXACT
P_007242,G_007242,POSITIVE,VENDOR_ALIAS
P_007243,G_007243,POSITIVE,VENDOR_ALIAS
P_007244,G_007244,NEGATIVE,AMOUNT_MISMATCH
P_007245,G_007245,POSITIVE,VENDOR_ALIAS
P_007246,G_007246,POSITIVE,REF_MISSING
P_007247,G_007247,POSITIVE,VENDOR_ALIAS
P_007248,G_007248,POSITIVE,EXACT
P_007249,G_007249,POSITIVE,EXACT
P_007250,G_007250,POSITIVE,VENDOR_ALIAS
P_007251,G_007251,POSITIVE,REF_MISSING
P_007252,G_007252,POSITIVE,EXACT
P_007253,G_007253,NEGATIVE,TAX_MISMATCH
P_007254,G_007254,POSITIVE,REF_MISSING
P_007255,G_007255,POSITIVE,EXACT
P_007256,G_007256,POSITIVE,EXACT
P_007257,G_007257,NEGATIVE,AMOUNT_MISMATCH
P_007258,G_007258,POSITIVE,EXACT
P_007259,G_007259,POSITIVE,EXACT
P_007260,G_007260,POSITIVE,EXACT
P_007261,G_007261,POSITIVE,EXACT
P_007262,G_007262,POSITIVE,EXACT
P_007263,G_007263,NEGATIVE,AMOUNT_MISMATCH
P_007264,G_007264,POSITIVE,EXACT
P_007265,G_007265,POSITIVE,VENDOR_ALIAS
P_007266,G_007266,POSITIVE,VENDOR_ALIAS
P_007267,G_007267,POSITIVE,EXACT
P_007268,G_007268,POSITIVE,VENDOR_ALIAS
P_007269,G_007269,POSITIVE,EXACT
P_007270,G_007270,POSITIVE,EXACT
P_007271,G_007271,POSITIVE,REF_MISSING
P_007272,G_007272,POSITIVE,EXACT
P_007273,G_007273,POSITIVE,VENDOR_ALIAS
P_007274,G_007274,POSITIVE,REF_MISSING
P_007275,G_007275,POSITIVE,EXACT
P_007276,G_007276,POSITIVE,EXACT
P_007277,G_007277,POSITIVE,REF_MISSING
P_007278,G_007278,POSITIVE,EXACT
P_007279,G_007279,NEGATIVE,AMOUNT_MISMATCH
P_007280,G_007280,POSITIVE,EXACT
P_007281,G_007281,NEGATIVE,TAX_MISMATCH
P_007282,G_007282,NEGATIVE,AMOUNT_MISMATCH
P_007283,G_007283,POSITIVE,REF_MISSING
P_007284,G_007284,POSITIVE,EXACT
P_007285,G_007285,POSITIVE,EXACT
P_007286,G_007286,POSITIVE,EXACT
P_007287,G_007287,POSITIVE,VENDOR_ALIAS
P_007288,G_007288,POSITIVE,REF_MISSING
P_007289,G_007289,POSITIVE,EXACT
P_007290,G_007290,POSITIVE,EXACT
P_007291,G_007291,POSITIVE,EXACT
P_007292,G_007292,NEGATIVE,AMOUNT_MISMATCH
P_007293,G_007293,POSITIVE,EXACT
P_007294,G_007294,POSITIVE,VENDOR_ALIAS
P_007295,G_007295,POSITIVE,VENDOR_ALIAS
P_007296,G_007296,POSITIVE,EXACT
P_007297,G_007297,POSITIVE,EXACT
P_007298,G_007298,POSITIVE,REF_MISSING
P_007299,G_007299,POSITIVE,REF_MISSING
P_007300,G_007300,NEGATIVE,TAX_MISMATCH
P_007301,G_007301,POSITIVE,VENDOR_ALIAS
P_007302,G_007302,NEGATIVE,TAX_MISMATCH
P_007303,G_007303,POSITIVE,REF_MISSING
P_007304,G_007304,POSITIVE,EXACT
P_007305,G_007305,POSITIVE,VENDOR_ALIAS
P_007306,G_007306,POSITIVE,EXACT
P_007307,G_007307,NEGATIVE,TAX_MISMATCH
P_007308,G_007308,POSITIVE,EXACT
P_007309,G_007309,POSITIVE,EXACT
P_007310,G_007310,POSITIVE,EXACT
P_007311,G_007311,POSITIVE,REF_MISSING
P_007312,G_007312,POSITIVE,EXACT
P_007313,G_007313,POSITIVE,VENDOR_ALIAS
P_007314,G_007314,POSITIVE,EXACT
P_007315,G_007315,POSITIVE,EXACT
P_007316,G_007316,POSITIVE,EXACT
P_007317,G_007317,POSITIVE,VENDOR_ALIAS
P_007318,G_007318,POSITIVE,REF_MISSING
P_007319,G_007319,POSITIVE,VENDOR_ALIAS
P_007320,G_007320,POSITIVE,EXACT
P_007321,G_007321,POSITIVE,EXACT
P_007322,G_007322,POSITIVE,EXACT
P_007323,G_007323,POSITIVE,EXACT
P_007324,G_007324,NEGATIVE,TAX_MISMATCH
P_007325,G_007325,POSITIVE,EXACT
P_007326,G_007326,NEGATIVE,TAX_MISMATCH
P_007327,G_007327,POSITIVE,EXACT
P_007328,G_007328,POSITIVE,EXACT
P_007329,G_007329,POSITIVE,VENDOR_ALIAS
P_007330,G_007330,POSITIVE,EXACT
P_007331,G_007331,POSITIVE,EXACT
P_007332,G_007332,POSITIVE,REF_MISSING
P_007333,G_007333,POSITIVE,VENDOR_ALIAS
P_007334,G_007334,NEGATIVE,AMOUNT_MISMATCH
P_007335,G_007335,POSITIVE,REF_MISSING
P_007336,G_007336,POSITIVE,REF_MISSING
P_007337,G_007337,POSITIVE,EXACT
P_007338,G_007338,POSITIVE,VENDOR_ALIAS
P_007339,G_007339,POSITIVE,EXACT
P_007340,G_007340,POSITIVE,EXACT
P_007341,G_007341,POSITIVE,VENDOR_ALIAS
P_007342,G_007342,NEGATIVE,AMOUNT_MISMATCH
P_007343,G_007343,POSITIVE,EXACT
P_007344,G_007344,NEGATIVE,TAX_MISMATCH
P_007345,G_007345,POSITIVE,VENDOR_ALIAS
P_007346,G_007346,POSITIVE,EXACT
P_007347,G_007347,POSITIVE,EXACT
P_007348,G_007348,POSITIVE,REF_MISSING
P_007349,G_007349,NEGATIVE,AMOUNT_MISMATCH
P_007350,G_007350,NEGATIVE,TAX_MISMATCH
P_007351,G_007351,POSITIVE,REF_MISSING
P_007352,G_007352,POSITIVE,EXACT
P_007353,G_007353,POSITIVE,REF_MISSING
P_007354,G_007354,POSITIVE,EXACT
P_007355,G_007355,POSITIVE,REF_MISSING
P_007356,G_007356,POSITIVE,VENDOR_ALIAS
P_007357,G_007357,POSITIVE,EXACT
P_007358,G_007358,POSITIVE,EXACT
P_007359,G_007359,POSITIVE,VENDOR_ALIAS
P_007360,G_007360,POSITIVE,EXACT
P_007361,G_007361,POSITIVE,VENDOR_ALIAS
P_007362,G_007362,POSITIVE,EXACT
P_007363,G_007363,POSITIVE,EXACT
P_007364,G_007364,POSITIVE,EXACT
P_007365,G_007365,POSITIVE,VENDOR_ALIAS
P_007366,G_007366,POSITIVE,EXACT
P_007367,G_007367,POSITIVE,REF_MISSING
P_007368,G_007368,POSITIVE,EXACT
P_007369,G_007369,NEGATIVE,TAX_MISMATCH
P_007370,G_007370,POSITIVE,EXACT
P_007371,G_007371,POSITIVE,EXACT
P_007372,G_007372,POSITIVE,VENDOR_ALIAS
P_007373,G_007373,POSITIVE,EXACT
P_007374,G_007374,POSITIVE,EXACT
P_007375,G_007375,POSITIVE,EXACT
P_007376,G_007376,NEGATIVE,AMOUNT_MISMATCH
P_007377,G_007377,POSITIVE,EXACT
P_007378,G_007378,POSITIVE,REF_MISSING
P_007379,G_007379,POSITIVE,VENDOR_ALIAS
P_007380,G_007380,POSITIVE,REF_MISSING
P_007381,G_007381,POSITIVE,VENDOR_ALIAS
P_007382,G_007382,POSITIVE,EXACT
P_007383,G_007383,POSITIVE,REF_MISSING
P_007384,G_007384,POSITIVE,EXACT
P_007385,G_007385,NEGATIVE,AMOUNT_MISMATCH
P_007386,G_007386,POSITIVE,EXACT
P_007387,G_007387,POSITIVE,EXACT
P_007388,G_007388,POSITIVE,VENDOR_ALIAS
P_007389,G_007389,POSITIVE,EXACT
P_007390,G_007390,POSITIVE,VENDOR_ALIAS
P_007391,G_007391,POSITIVE,VENDOR_ALIAS
P_007392,G_007392,POSITIVE,EXACT
P_007393,G_007393,POSITIVE,REF_MISSING
P_007394,G_007394,POSITIVE,EXACT
P_007395,G_007395,POSITIVE,EXACT
P_007396,G_007396,POSITIVE,EXACT
P_007397,G_007397,POSITIVE,EXACT
P_007398,G_007398,POSITIVE,EXACT
P_007399,G_007399,POSITIVE,EXACT
P_007400,G_007400,POSITIVE,VENDOR_ALIAS
P_007401,G_007401,POSITIVE,EXACT
P_007402,G_007402,POSITIVE,EXACT
P_007403,G_007403,POSITIVE,EXACT
P_007404,G_007404,POSITIVE,REF_MISSING
P_007405,G_007405,POSITIVE,VENDOR_ALIAS
P_007406,G_007406,POSITIVE,VENDOR_ALIAS
P_007407,G_007407,POSITIVE,EXACT
P_007408,G_007408,POSITIVE,EXACT
P_007409,G_007409,POSITIVE,EXACT
P_007410,G_007410,POSITIVE,EXACT
P_007411,G_007411,POSITIVE,VENDOR_ALIAS
P_007412,G_007412,POSITIVE,REF_MISSING
P_007413,G_007413,POSITIVE,EXACT
P_007414,G_007414,POSITIVE,VENDOR_ALIAS
P_007415,G_007415,POSITIVE,REF_MISSING
P_007416,G_007416,NEGATIVE,AMOUNT_MISMATCH
P_007417,G_007417,NEGATIVE,AMOUNT_MISMATCH
P_007418,G_007418,POSITIVE,VENDOR_ALIAS
P_007419,G_007419,POSITIVE,EXACT
P_007420,G_007420,POSITIVE,VENDOR_ALIAS
P_007421,G_007421,POSITIVE,EXACT
P_007422,G_007422,NEGATIVE,AMOUNT_MISMATCH
P_007423,G_007423,NEGATIVE,AMOUNT_MISMATCH
P_007424,G_007424,POSITIVE,EXACT
P_007425,G_007425,POSITIVE,EXACT
P_007426,G_007426,POSITIVE,EXACT
P_007427,G_007427,POSITIVE,VENDOR_ALIAS
P_007428,G_007428,POSITIVE,REF_MISSING
P_007429,G_007429,NEGATIVE,AMOUNT_MISMATCH
P_007430,G_007430,POSITIVE,VENDOR_ALIAS
P_007431,G_007431,POSITIVE,VENDOR_ALIAS
P_007432,G_007432,POSITIVE,VENDOR_ALIAS
P_007433,G_007433,POSITIVE,EXACT
P_007434,G_007434,POSITIVE,EXACT
P_007435,G_007435,NEGATIVE,AMOUNT_MISMATCH
P_007436,G_007436,POSITIVE,REF_MISSING
P_007437,G_007437,POSITIVE,EXACT
P_007438,G_007438,NEGATIVE,AMOUNT_MISMATCH
P_007439,G_007439,POSITIVE,EXACT
P_007440,G_007440,POSITIVE,REF_MISSING
P_007441,G_007441,POSITIVE,EXACT
P_007442,G_007442,POSITIVE,EXACT
P_007443,G_007443,POSITIVE,EXACT
P_007444,G_007444,POSITIVE,EXACT
P_007445,G_007445,NEGATIVE,AMOUNT_MISMATCH
P_007446,G_007446,POSITIVE,REF_MISSING
P_007447,G_007447,POSITIVE,VENDOR_ALIAS
P_007448,G_007448,POSITIVE,REF_MISSING
P_007449,G_007449,POSITIVE,EXACT
P_007450,G_007450,POSITIVE,EXACT
P_007451,G_007451,POSITIVE,REF_MISSING
P_007452,G_007452,POSITIVE,EXACT
P_007453,G_007453,POSITIVE,EXACT
P_007454,G_007454,POSITIVE,REF_MISSING
P_007455,G_007455,POSITIVE,EXACT
P_007456,G_007456,POSITIVE,EXACT
P_007457,G_007457,POSITIVE,REF_MISSING
P_007458,G_007458,POSITIVE,REF_MISSING
P_007459,G_007459,POSITIVE,EXACT
P_007460,G_007460,POSITIVE,EXACT
P_007461,G_007461,POSITIVE,EXACT
P_007462,G_007462,POSITIVE,VENDOR_ALIAS
P_007463,G_007463,POSITIVE,VENDOR_ALIAS
P_007464,G_007464,POSITIVE,EXACT
P_007465,G_007465,POSITIVE,EXACT
P_007466,G_007466,POSITIVE,VENDOR_ALIAS
P_007467,G_007467,NEGATIVE,AMOUNT_MISMATCH
P_007468,G_007468,POSITIVE,VENDOR_ALIAS
P_007469,G_007469,POSITIVE,EXACT
P_007470,G_007470,POSITIVE,EXACT
P_007471,G_007471,NEGATIVE,AMOUNT_MISMATCH
P_007472,G_007472,POSITIVE,VENDOR_ALIAS
P_007473,G_007473,NEGATIVE,TAX_MISMATCH
P_007474,G_007474,POSITIVE,EXACT
P_007475,G_007475,POSITIVE,EXACT
P_007476,G_007476,POSITIVE,REF_MISSING
P_007477,G_007477,POSITIVE,REF_MISSING
P_007478,G_007478,POSITIVE,EXACT
P_007479,G_007479,POSITIVE,EXACT
P_007480,G_007480,POSITIVE,VENDOR_ALIAS
P_007481,G_007481,POSITIVE,EXACT
P_007482,G_007482,POSITIVE,REF_MISSING
P_007483,G_007483,POSITIVE,VENDOR_ALIAS
P_007484,G_007484,POSITIVE,EXACT
P_007485,G_007485,POSITIVE,EXACT
P_007486,G_007486,POSITIVE,REF_MISSING
P_007487,G_007487,POSITIVE,VENDOR_ALIAS
P_007488,G_007488,POSITIVE,VENDOR_ALIAS
P_007489,G_007489,POSITIVE,REF_MISSING
P_007490,G_007490,POSITIVE,EXACT
P_007491,G_007491,NEGATIVE,AMOUNT_MISMATCH
P_007492,G_007492,POSITIVE,EXACT
P_007493,G_007493,POSITIVE,EXACT
P_007494,G_007494,POSITIVE,EXACT
P_007495,G_007495,POSITIVE,REF_MISSING
P_007496,G_007496,NEGATIVE,AMOUNT_MISMATCH
P_007497,G_007497,NEGATIVE,AMOUNT_MISMATCH
P_007498,G_007498,NEGATIVE,AMOUNT_MISMATCH
P_007499,G_007499,POSITIVE,VENDOR_ALIAS
P_007500,G_007500,NEGATIVE,AMOUNT_MISMATCH
P_007501,G_007501,POSITIVE,VENDOR_ALIAS
P_007502,G_007502,POSITIVE,VENDOR_ALIAS
P_007503,G_007503,POSITIVE,VENDOR_ALIAS
P_007504,G_007504,POSITIVE,VENDOR_ALIAS
P_007505,G_007505,POSITIVE,REF_MISSING
P_007506,G_007506,POSITIVE,EXACT
P_007507,G_007507,POSITIVE,VENDOR_ALIAS
P_007508,G_007508,POSITIVE,EXACT
P_007509,G_007509,POSITIVE,EXACT
P_007510,G_007510,POSITIVE,EXACT
P_007511,G_007511,POSITIVE,REF_MISSING
P_007512,G_007512,POSITIVE,VENDOR_ALIAS
P_007513,G_007513,POSITIVE,REF_MISSING
P_007514,G_007514,NEGATIVE,TAX_MISMATCH
P_007515,G_007515,POSITIVE,EXACT
P_007516,G_007516,POSITIVE,EXACT
P_007517,G_007517,POSITIVE,VENDOR_ALIAS
P_007518,G_007518,POSITIVE,EXACT
P_007519,G_007519,POSITIVE,EXACT
P_007520,G_007520,NEGATIVE,AMOUNT_MISMATCH
P_007521,G_007521,POSITIVE,EXACT
P_007522,G_007522,POSITIVE,EXACT
P_007523,G_007523,NEGATIVE,TAX_MISMATCH
P_007524,G_007524,POSITIVE,EXACT
P_007525,G_007525,NEGATIVE,TAX_MISMATCH
P_007526,G_007526,NEGATIVE,TAX_MISMATCH
P_007527,G_007527,POSITIVE,REF_MISSING
P_007528,G_007528,POSITIVE,VENDOR_ALIAS
P_007529,G_007529,NEGATIVE,AMOUNT_MISMATCH
P_007530,G_007530,POSITIVE,REF_MISSING
P_007531,G_007531,POSITIVE,EXACT
P_007532,G_007532,POSITIVE,REF_MISSING
P_007533,G_007533,POSITIVE,EXACT
P_007534,G_007534,POSITIVE,EXACT
P_007535,G_007535,POSITIVE,EXACT
P_007536,G_007536,POSITIVE,VENDOR_ALIAS
P_007537,G_007537,POSITIVE,EXACT
P_007538,G_007538,POSITIVE,VENDOR_ALIAS
P_007539,G_007539,NEGATIVE,AMOUNT_MISMATCH
P_007540,G_007540,POSITIVE,EXACT
P_007541,G_007541,POSITIVE,VENDOR_ALIAS
P_007542,G_007542,POSITIVE,VENDOR_ALIAS
P_007543,G_007543,POSITIVE,VENDOR_ALIAS
P_007544,G_007544,POSITIVE,EXACT
P_007545,G_007545,POSITIVE,REF_MISSING
P_007546,G_007546,POSITIVE,VENDOR_ALIAS
P_007547,G_007547,POSITIVE,VENDOR_ALIAS
P_007548,G_007548,POSITIVE,EXACT
P_007549,G_007549,POSITIVE,VENDOR_ALIAS
P_007550,G_007550,POSITIVE,REF_MISSING
P_007551,G_007551,POSITIVE,REF_MISSING
P_007552,G_007552,POSITIVE,REF_MISSING
P_007553,G_007553,POSITIVE,EXACT
P_007554,G_007554,NEGATIVE,AMOUNT_MISMATCH
P_007555,G_007555,NEGATIVE,AMOUNT_MISMATCH
P_007556,G_007556,POSITIVE,VENDOR_ALIAS
P_007557,G_007557,NEGATIVE,TAX_MISMATCH
P_007558,G_007558,NEGATIVE,AMOUNT_MISMATCH
P_007559,G_007559,POSITIVE,EXACT
P_007560,G_007560,POSITIVE,EXACT
P_007561,G_007561,POSITIVE,EXACT
P_007562,G_007562,POSITIVE,REF_MISSING
P_007563,G_007563,POSITIVE,EXACT
P_007564,G_007564,POSITIVE,EXACT
P_007565,G_007565,POSITIVE,EXACT
P_007566,G_007566,POSITIVE,EXACT
P_007567,G_007567,POSITIVE,EXACT
P_007568,G_007568,POSITIVE,VENDOR_ALIAS
P_007569,G_007569,POSITIVE,REF_MISSING
P_007570,G_007570,POSITIVE,VENDOR_ALIAS
P_007571,G_007571,POSITIVE,VENDOR_ALIAS
P_007572,G_007572,POSITIVE,VENDOR_ALIAS
P_007573,G_007573,POSITIVE,VENDOR_ALIAS
P_007574,G_007574,POSITIVE,EXACT
P_007575,G_007575,NEGATIVE,AMOUNT_MISMATCH
P_007576,G_007576,POSITIVE,EXACT
P_007577,G_007577,POSITIVE,EXACT
P_007578,G_007578,POSITIVE,REF_MISSING
P_007579,G_007579,POSITIVE,EXACT
P_007580,G_007580,POSITIVE,EXACT
P_007581,G_007581,POSITIVE,EXACT
P_007582,G_007582,POSITIVE,REF_MISSING
P_007583,G_007583,POSITIVE,EXACT
P_007584,G_007584,POSITIVE,VENDOR_ALIAS
P_007585,G_007585,POSITIVE,REF_MISSING
P_007586,G_007586,NEGATIVE,AMOUNT_MISMATCH
P_007587,G_007587,NEGATIVE,AMOUNT_MISMATCH
P_007588,G_007588,POSITIVE,VENDOR_ALIAS
P_007589,G_007589,POSITIVE,EXACT
P_007590,G_007590,POSITIVE,VENDOR_ALIAS
P_007591,G_007591,POSITIVE,REF_MISSING
P_007592,G_007592,POSITIVE,EXACT
P_007593,G_007593,NEGATIVE,TAX_MISMATCH
P_007594,G_007594,POSITIVE,REF_MISSING
P_007595,G_007595,POSITIVE,EXACT
P_007596,G_007596,POSITIVE,REF_MISSING
P_007597,G_007597,POSITIVE,EXACT
P_007598,G_007598,POSITIVE,REF_MISSING
P_007599,G_007599,POSITIVE,VENDOR_ALIAS
P_007600,G_007600,POSITIVE,EXACT
P_007601,G_007601,NEGATIVE,AMOUNT_MISMATCH
P_007602,G_007602,POSITIVE,EXACT
P_007603,G_007603,POSITIVE,REF_MISSING
P_007604,G_007604,POSITIVE,REF_MISSING
P_007605,G_007605,POSITIVE,EXACT
P_007606,G_007606,POSITIVE,EXACT
P_007607,G_007607,POSITIVE,EXACT
P_007608,G_007608,POSITIVE,EXACT
P_007609,G_007609,POSITIVE,VENDOR_ALIAS
P_007610,G_007610,POSITIVE,EXACT
P_007611,G_007611,POSITIVE,VENDOR_ALIAS
P_007612,G_007612,POSITIVE,EXACT
P_007613,G_007613,POSITIVE,VENDOR_ALIAS
P_007614,G_007614,POSITIVE,EXACT
P_007615,G_007615,POSITIVE,EXACT
P_007616,G_007616,POSITIVE,REF_MISSING
P_007617,G_007617,POSITIVE,EXACT
P_007618,G_007618,POSITIVE,REF_MISSING
P_007619,G_007619,POSITIVE,EXACT
P_007620,G_007620,NEGATIVE,AMOUNT_MISMATCH
P_007621,G_007621,POSITIVE,REF_MISSING
P_007622,G_007622,POSITIVE,EXACT
P_007623,G_007623,POSITIVE,EXACT
P_007624,G_007624,POSITIVE,EXACT
P_007625,G_007625,POSITIVE,EXACT
P_007626,G_007626,POSITIVE,EXACT
P_007627,G_007627,POSITIVE,EXACT
P_007628,G_007628,POSITIVE,REF_MISSING
P_007629,G_007629,POSITIVE,EXACT
P_007630,G_007630,NEGATIVE,TAX_MISMATCH
P_007631,G_007631,NEGATIVE,AMOUNT_MISMATCH
P_007632,G_007632,POSITIVE,EXACT
P_007633,G_007633,POSITIVE,EXACT
P_007634,G_007634,POSITIVE,VENDOR_ALIAS
P_007635,G_007635,POSITIVE,VENDOR_ALIAS
P_007636,G_007636,NEGATIVE,AMOUNT_MISMATCH
P_007637,G_007637,NEGATIVE,TAX_MISMATCH
P_007638,G_007638,POSITIVE,EXACT
P_007639,G_007639,POSITIVE,VENDOR_ALIAS
P_007640,G_007640,POSITIVE,EXACT
P_007641,G_007641,POSITIVE,VENDOR_ALIAS
P_007642,G_007642,POSITIVE,REF_MISSING
P_007643,G_007643,POSITIVE,EXACT
P_007644,G_007644,POSITIVE,REF_MISSING
P_007645,G_007645,POSITIVE,VENDOR_ALIAS
P_007646,G_007646,POSITIVE,EXACT
P_007647,G_007647,POSITIVE,EXACT
P_007648,G_007648,POSITIVE,EXACT
P_007649,G_007649,POSITIVE,EXACT
P_007650,G_007650,NEGATIVE,AMOUNT_MISMATCH
P_007651,G_007651,NEGATIVE,AMOUNT_MISMATCH
P_007652,G_007652,POSITIVE,VENDOR_ALIAS
P_007653,G_007653,POSITIVE,EXACT
P_007654,G_007654,POSITIVE,EXACT
P_007655,G_007655,POSITIVE,EXACT
P_007656,G_007656,POSITIVE,EXACT
P_007657,G_007657,POSITIVE,REF_MISSING
P_007658,G_007658,POSITIVE,VENDOR_ALIAS
P_007659,G_007659,POSITIVE,VENDOR_ALIAS
P_007660,G_007660,POSITIVE,REF_MISSING
P_007661,G_007661,POSITIVE,EXACT
P_007662,G_007662,POSITIVE,EXACT
P_007663,G_007663,POSITIVE,EXACT
P_007664,G_007664,POSITIVE,EXACT
P_007665,G_007665,POSITIVE,EXACT
P_007666,G_007666,NEGATIVE,AMOUNT_MISMATCH
P_007667,G_007667,POSITIVE,VENDOR_ALIAS
P_007668,G_007668,NEGATIVE,TAX_MISMATCH
P_007669,G_007669,POSITIVE,EXACT
P_007670,G_007670,POSITIVE,EXACT
P_007671,G_007671,POSITIVE,REF_MISSING
P_007672,G_007672,NEGATIVE,AMOUNT_MISMATCH
P_007673,G_007673,POSITIVE,VENDOR_ALIAS
P_007674,G_007674,POSITIVE,REF_MISSING
P_007675,G_007675,POSITIVE,EXACT
P_007676,G_007676,POSITIVE,EXACT
P_007677,G_007677,POSITIVE,EXACT
P_007678,G_007678,POSITIVE,EXACT
P_007679,G_007679,POSITIVE,VENDOR_ALIAS
P_007680,G_007680,POSITIVE,REF_MISSING
P_007681,G_007681,POSITIVE,EXACT
P_007682,G_007682,POSITIVE,EXACT
P_007683,G_007683,POSITIVE,REF_MISSING
P_007684,G_007684,POSITIVE,VENDOR_ALIAS
P_007685,G_007685,POSITIVE,EXACT
P_007686,G_007686,POSITIVE,VENDOR_ALIAS
P_007687,G_007687,NEGATIVE,AMOUNT_MISMATCH
P_007688,G_007688,POSITIVE,EXACT
P_007689,G_007689,POSITIVE,EXACT
P_007690,G_007690,POSITIVE,VENDOR_ALIAS
P_007691,G_007691,POSITIVE,VENDOR_ALIAS
P_007692,G_007692,POSITIVE,EXACT
P_007693,G_007693,POSITIVE,VENDOR_ALIAS
P_007694,G_007694,POSITIVE,EXACT
P_007695,G_007695,POSITIVE,EXACT
P_007696,G_007696,POSITIVE,VENDOR_ALIAS
P_007697,G_007697,POSITIVE,EXACT
P_007698,G_007698,POSITIVE,EXACT
P_007699,G_007699,POSITIVE,VENDOR_ALIAS
P_007700,G_007700,POSITIVE,EXACT
P_007701,G_007701,NEGATIVE,AMOUNT_MISMATCH
P_007702,G_007702,NEGATIVE,TAX_MISMATCH
P_007703,G_007703,POSITIVE,EXACT
P_007704,G_007704,POSITIVE,EXACT
P_007705,G_007705,NEGATIVE,AMOUNT_MISMATCH
P_007706,G_007706,POSITIVE,EXACT
P_007707,G_007707,POSITIVE,EXACT
P_007708,G_007708,POSITIVE,REF_MISSING
P_007709,G_007709,POSITIVE,EXACT
P_007710,G_007710,NEGATIVE,TAX_MISMATCH
P_007711,G_007711,POSITIVE,EXACT
P_007712,G_007712,POSITIVE,EXACT
P_007713,G_007713,POSITIVE,EXACT
P_007714,G_007714,POSITIVE,EXACT
P_007715,G_007715,POSITIVE,EXACT
P_007716,G_007716,POSITIVE,VENDOR_ALIAS
P_007717,G_007717,POSITIVE,REF_MISSING
P_007718,G_007718,POSITIVE,EXACT
P_007719,G_007719,POSITIVE,VENDOR_ALIAS
P_007720,G_007720,POSITIVE,EXACT
P_007721,G_007721,POSITIVE,EXACT
P_007722,G_007722,NEGATIVE,TAX_MISMATCH
P_007723,G_007723,POSITIVE,EXACT
P_007724,G_007724,POSITIVE,EXACT
P_007725,G_007725,POSITIVE,VENDOR_ALIAS
P_007726,G_007726,NEGATIVE,AMOUNT_MISMATCH
P_007727,G_007727,POSITIVE,REF_MISSING
P_007728,G_007728,POSITIVE,EXACT
P_007729,G_007729,POSITIVE,VENDOR_ALIAS
P_007730,G_007730,POSITIVE,EXACT
P_007731,G_007731,NEGATIVE,TAX_MISMATCH
P_007732,G_007732,POSITIVE,VENDOR_ALIAS
P_007733,G_007733,POSITIVE,REF_MISSING
P_007734,G_007734,POSITIVE,EXACT
P_007735,G_007735,NEGATIVE,AMOUNT_MISMATCH
P_007736,G_007736,POSITIVE,VENDOR_ALIAS
P_007737,G_007737,POSITIVE,EXACT
P_007738,G_007738,POSITIVE,VENDOR_ALIAS
P_007739,G_007739,POSITIVE,EXACT
P_007740,G_007740,POSITIVE,EXACT
P_007741,G_007741,POSITIVE,EXACT
P_007742,G_007742,POSITIVE,EXACT
P_007743,G_007743,POSITIVE,EXACT
P_007744,G_007744,POSITIVE,EXACT
P_007745,G_007745,POSITIVE,VENDOR_ALIAS
P_007746,G_007746,NEGATIVE,AMOUNT_MISMATCH
P_007747,G_007747,POSITIVE,EXACT
P_007748,G_007748,POSITIVE,REF_MISSING
P_007749,G_007749,POSITIVE,VENDOR_ALIAS
P_007750,G_007750,POSITIVE,VENDOR_ALIAS
P_007751,G_007751,POSITIVE,EXACT
P_007752,G_007752,POSITIVE,VENDOR_ALIAS
P_007753,G_007753,POSITIVE,VENDOR_ALIAS
P_007754,G_007754,POSITIVE,EXACT
P_007755,G_007755,POSITIVE,EXACT
P_007756,G_007756,POSITIVE,EXACT
P_007757,G_007757,POSITIVE,EXACT
P_007758,G_007758,NEGATIVE,AMOUNT_MISMATCH
P_007759,G_007759,NEGATIVE,AMOUNT_MISMATCH
P_007760,G_007760,POSITIVE,EXACT
P_007761,G_007761,POSITIVE,REF_MISSING
P_007762,G_007762,POSITIVE,EXACT
P_007763,G_007763,POSITIVE,EXACT
P_007764,G_007764,NEGATIVE,AMOUNT_MISMATCH
P_007765,G_007765,POSITIVE,EXACT
P_007766,G_007766,POSITIVE,EXACT
P_007767,G_007767,POSITIVE,REF_MISSING
P_007768,G_007768,POSITIVE,EXACT
P_007769,G_007769,POSITIVE,EXACT
P_007770,G_007770,NEGATIVE,AMOUNT_MISMATCH
P_007771,G_007771,NEGATIVE,AMOUNT_MISMATCH
P_007772,G_007772,POSITIVE,EXACT
P_007773,G_007773,POSITIVE,REF_MISSING
P_007774,G_007774,POSITIVE,EXACT
P_007775,G_007775,NEGATIVE,AMOUNT_MISMATCH
P_007776,G_007776,POSITIVE,EXACT
P_007777,G_007777,POSITIVE,EXACT
P_007778,G_007778,POSITIVE,EXACT
P_007779,G_007779,POSITIVE,EXACT
P_007780,G_007780,POSITIVE,REF_MISSING
P_007781,G_007781,POSITIVE,VENDOR_ALIAS
P_007782,G_007782,POSITIVE,EXACT
P_007783,G_007783,POSITIVE,EXACT
P_007784,G_007784,POSITIVE,EXACT
P_007785,G_007785,POSITIVE,REF_MISSING
P_007786,G_007786,POSITIVE,EXACT
P_007787,G_007787,POSITIVE,EXACT
P_007788,G_007788,POSITIVE,REF_MISSING
P_007789,G_007789,POSITIVE,EXACT
P_007790,G_007790,POSITIVE,EXACT
P_007791,G_007791,POSITIVE,EXACT
P_007792,G_007792,POSITIVE,EXACT
P_007793,G_007793,NEGATIVE,TAX_MISMATCH
P_007794,G_007794,POSITIVE,REF_MISSING
P_007795,G_007795,NEGATIVE,AMOUNT_MISMATCH
P_007796,G_007796,POSITIVE,EXACT
P_007797,G_007797,NEGATIVE,AMOUNT_MISMATCH
P_007798,G_007798,POSITIVE,EXACT
P_007799,G_007799,POSITIVE,EXACT
P_007800,G_007800,POSITIVE,REF_MISSING
P_007801,G_007801,POSITIVE,VENDOR_ALIAS
P_007802,G_007802,POSITIVE,EXACT
P_007803,G_007803,POSITIVE,EXACT
P_007804,G_007804,POSITIVE,EXACT
P_007805,G_007805,POSITIVE,REF_MISSING
P_007806,G_007806,POSITIVE,REF_MISSING
P_007807,G_007807,POSITIVE,VENDOR_ALIAS
P_007808,G_007808,POSITIVE,EXACT
P_007809,G_007809,POSITIVE,EXACT
P_007810,G_007810,POSITIVE,EXACT
P_007811,G_007811,NEGATIVE,AMOUNT_MISMATCH
P_007812,G_007812,POSITIVE,EXACT
P_007813,G_007813,POSITIVE,EXACT
P_007814,G_007814,POSITIVE,EXACT
P_007815,G_007815,POSITIVE,REF_MISSING
P_007816,G_007816,POSITIVE,EXACT
P_007817,G_007817,POSITIVE,REF_MISSING
P_007818,G_007818,POSITIVE,VENDOR_ALIAS
P_007819,G_007819,POSITIVE,EXACT
P_007820,G_007820,POSITIVE,EXACT
P_007821,G_007821,POSITIVE,EXACT
P_007822,G_007822,POSITIVE,EXACT
P_007823,G_007823,POSITIVE,VENDOR_ALIAS
P_007824,G_007824,POSITIVE,EXACT
P_007825,G_007825,POSITIVE,EXACT
P_007826,G_007826,POSITIVE,REF_MISSING
P_007827,G_007827,POSITIVE,REF_MISSING
P_007828,G_007828,POSITIVE,EXACT
P_007829,G_007829,POSITIVE,VENDOR_ALIAS
P_007830,G_007830,POSITIVE,REF_MISSING
P_007831,G_007831,POSITIVE,EXACT
P_007832,G_007832,NEGATIVE,AMOUNT_MISMATCH
P_007833,G_007833,POSITIVE,EXACT
P_007834,G_007834,NEGATIVE,AMOUNT_MISMATCH
P_007835,G_007835,POSITIVE,VENDOR_ALIAS
P_007836,G_007836,POSITIVE,EXACT
P_007837,G_007837,POSITIVE,EXACT
P_007838,G_007838,POSITIVE,REF_MISSING
P_007839,G_007839,POSITIVE,REF_MISSING
P_007840,G_007840,POSITIVE,EXACT
P_007841,G_007841,NEGATIVE,AMOUNT_MISMATCH
P_007842,G_007842,POSITIVE,VENDOR_ALIAS
P_007843,G_007843,POSITIVE,EXACT
P_007844,G_007844,POSITIVE,EXACT
P_007845,G_007845,POSITIVE,REF_MISSING
P_007846,G_007846,POSITIVE,EXACT
P_007847,G_007847,POSITIVE,EXACT
P_007848,G_007848,NEGATIVE,TAX_MISMATCH
P_007849,G_007849,POSITIVE,REF_MISSING
P_007850,G_007850,POSITIVE,EXACT
P_007851,G_007851,POSITIVE,EXACT
P_007852,G_007852,POSITIVE,REF_MISSING
P_007853,G_007853,POSITIVE,REF_MISSING
P_007854,G_007854,POSITIVE,VENDOR_ALIAS
P_007855,G_007855,NEGATIVE,AMOUNT_MISMATCH
P_007856,G_007856,NEGATIVE,AMOUNT_MISMATCH
P_007857,G_007857,POSITIVE,VENDOR_ALIAS
P_007858,G_007858,POSITIVE,EXACT
P_007859,G_007859,POSITIVE,EXACT
P_007860,G_007860,POSITIVE,EXACT
P_007861,G_007861,POSITIVE,EXACT
P_007862,G_007862,POSITIVE,REF_MISSING
P_007863,G_007863,POSITIVE,EXACT
P_007864,G_007864,POSITIVE,EXACT
P_007865,G_007865,POSITIVE,VENDOR_ALIAS
P_007866,G_007866,POSITIVE,VENDOR_ALIAS
P_007867,G_007867,POSITIVE,EXACT
P_007868,G_007868,POSITIVE,VENDOR_ALIAS
P_007869,G_007869,NEGATIVE,TAX_MISMATCH
P_007870,G_007870,NEGATIVE,TAX_MISMATCH
P_007871,G_007871,POSITIVE,EXACT
P_007872,G_007872,POSITIVE,EXACT
P_007873,G_007873,NEGATIVE,AMOUNT_MISMATCH
P_007874,G_007874,POSITIVE,EXACT
P_007875,G_007875,POSITIVE,VENDOR_ALIAS
P_007876,G_007876,POSITIVE,EXACT
P_007877,G_007877,NEGATIVE,TAX_MISMATCH
P_007878,G_007878,POSITIVE,VENDOR_ALIAS
P_007879,G_007879,NEGATIVE,AMOUNT_MISMATCH
P_007880,G_007880,POSITIVE,EXACT
P_007881,G_007881,POSITIVE,REF_MISSING
P_007882,G_007882,POSITIVE,VENDOR_ALIAS
P_007883,G_007883,POSITIVE,EXACT
P_007884,G_007884,POSITIVE,EXACT
P_007885,G_007885,POSITIVE,EXACT
P_007886,G_007886,POSITIVE,EXACT
P_007887,G_007887,POSITIVE,REF_MISSING
P_007888,G_007888,NEGATIVE,TAX_MISMATCH
P_007889,G_007889,POSITIVE,EXACT
P_007890,G_007890,POSITIVE,REF_MISSING
P_007891,G_007891,NEGATIVE,AMOUNT_MISMATCH
P_007892,G_007892,POSITIVE,VENDOR_ALIAS
P_007893,G_007893,NEGATIVE,TAX_MISMATCH
P_007894,G_007894,POSITIVE,EXACT
P_007895,G_007895,NEGATIVE,AMOUNT_MISMATCH
P_007896,G_007896,POSITIVE,EXACT
P_007897,G_007897,POSITIVE,REF_MISSING
P_007898,G_007898,NEGATIVE,TAX_MISMATCH
P_007899,G_007899,NEGATIVE,AMOUNT_MISMATCH
P_007900,G_007900,POSITIVE,VENDOR_ALIAS
P_007901,G_007901,POSITIVE,EXACT
P_007902,G_007902,NEGATIVE,AMOUNT_MISMATCH
P_007903,G_007903,POSITIVE,REF_MISSING
P_007904,G_007904,POSITIVE,VENDOR_ALIAS
P_007905,G_007905,POSITIVE,EXACT
P_007906,G_007906,POSITIVE,VENDOR_ALIAS
P_007907,G_007907,POSITIVE,VENDOR_ALIAS
P_007908,G_007908,POSITIVE,VENDOR_ALIAS
P_007909,G_007909,POSITIVE,EXACT
P_007910,G_007910,NEGATIVE,AMOUNT_MISMATCH
P_007911,G_007911,POSITIVE,EXACT
P_007912,G_007912,POSITIVE,EXACT
P_007913,G_007913,POSITIVE,REF_MISSING
P_007914,G_007914,POSITIVE,REF_MISSING
P_007915,G_007915,POSITIVE,REF_MISSING
P_007916,G_007916,POSITIVE,EXACT
P_007917,G_007917,NEGATIVE,TAX_MISMATCH
P_007918,G_007918,POSITIVE,VENDOR_ALIAS
P_007919,G_007919,NEGATIVE,AMOUNT_MISMATCH
P_007920,G_007920,NEGATIVE,TAX_MISMATCH
P_007921,G_007921,POSITIVE,VENDOR_ALIAS
P_007922,G_007922,POSITIVE,EXACT
P_007923,G_007923,POSITIVE,VENDOR_ALIAS
P_007924,G_007924,POSITIVE,VENDOR_ALIAS
P_007925,G_007925,POSITIVE,EXACT
P_007926,G_007926,POSITIVE,EXACT
P_007927,G_007927,POSITIVE,EXACT
P_007928,G_007928,NEGATIVE,AMOUNT_MISMATCH
P_007929,G_007929,POSITIVE,EXACT
P_007930,G_007930,POSITIVE,REF_MISSING
P_007931,G_007931,POSITIVE,VENDOR_ALIAS
P_007932,G_007932,POSITIVE,EXACT
P_007933,G_007933,POSITIVE,VENDOR_ALIAS
P_007934,G_007934,POSITIVE,EXACT
P_007935,G_007935,NEGATIVE,TAX_MISMATCH
P_007936,G_007936,POSITIVE,VENDOR_ALIAS
P_007937,G_007937,POSITIVE,EXACT
P_007938,G_007938,POSITIVE,REF_MISSING
P_007939,G_007939,POSITIVE,REF_MISSING
P_007940,G_007940,POSITIVE,EXACT
P_007941,G_007941,POSITIVE,EXACT
P_007942,G_007942,POSITIVE,EXACT
P_007943,G_007943,POSITIVE,EXACT
P_007944,G_007944,POSITIVE,VENDOR_ALIAS
P_007945,G_007945,POSITIVE,EXACT
P_007946,G_007946,POSITIVE,EXACT
P_007947,G_007947,POSITIVE,EXACT
P_007948,G_007948,POSITIVE,REF_MISSING
P_007949,G_007949,POSITIVE,EXACT
P_007950,G_007950,POSITIVE,EXACT
P_007951,G_007951,POSITIVE,EXACT
P_007952,G_007952,POSITIVE,EXACT
P_007953,G_007953,POSITIVE,VENDOR_ALIAS
P_007954,G_007954,NEGATIVE,TAX_MISMATCH
P_007955,G_007955,NEGATIVE,AMOUNT_MISMATCH
P_007956,G_007956,NEGATIVE,AMOUNT_MISMATCH
P_007957,G_007957,NEGATIVE,AMOUNT_MISMATCH
P_007958,G_007958,POSITIVE,EXACT
P_007959,G_007959,POSITIVE,VENDOR_ALIAS
P_007960,G_007960,POSITIVE,EXACT
P_007961,G_007961,POSITIVE,EXACT
P_007962,G_007962,POSITIVE,REF_MISSING
P_007963,G_007963,POSITIVE,EXACT
P_007964,G_007964,POSITIVE,VENDOR_ALIAS
P_007965,G_007965,POSITIVE,EXACT
P_007966,G_007966,POSITIVE,REF_MISSING
P_007967,G_007967,NEGATIVE,AMOUNT_MISMATCH
P_007968,G_007968,POSITIVE,EXACT
P_007969,G_007969,POSITIVE,VENDOR_ALIAS
P_007970,G_007970,POSITIVE,EXACT
P_007971,G_007971,POSITIVE,VENDOR_ALIAS
P_007972,G_007972,POSITIVE,REF_MISSING
P_007973,G_007973,POSITIVE,EXACT
P_007974,G_007974,NEGATIVE,AMOUNT_MISMATCH
P_007975,G_007975,POSITIVE,EXACT
P_007976,G_007976,POSITIVE,REF_MISSING
P_007977,G_007977,POSITIVE,EXACT
P_007978,G_007978,POSITIVE,EXACT
P_007979,G_007979,POSITIVE,VENDOR_ALIAS
P_007980,G_007980,POSITIVE,EXACT
P_007981,G_007981,POSITIVE,EXACT
P_007982,G_007982,NEGATIVE,TAX_MISMATCH
P_007983,G_007983,POSITIVE,VENDOR_ALIAS
P_007984,G_007984,POSITIVE,VENDOR_ALIAS
P_007985,G_007985,POSITIVE,VENDOR_ALIAS
P_007986,G_007986,POSITIVE,EXACT
P_007987,G_007987,POSITIVE,REF_MISSING
P_007988,G_007988,POSITIVE,EXACT
P_007989,G_007989,NEGATIVE,AMOUNT_MISMATCH
P_007990,G_007990,NEGATIVE,TAX_MISMATCH
P_007991,G_007991,POSITIVE,VENDOR_ALIAS
P_007992,G_007992,POSITIVE,EXACT
P_007993,G_007993,POSITIVE,EXACT
P_007994,G_007994,POSITIVE,EXACT
P_007995,G_007995,POSITIVE,EXACT
P_007996,G_007996,POSITIVE,EXACT
P_007997,G_007997,POSITIVE,VENDOR_ALIAS
P_007998,G_007998,POSITIVE,EXACT
P_007999,G_007999,POSITIVE,EXACT
P_008000,G_008000,POSITIVE,EXACT
P_008001,G_008001,POSITIVE,REF_MISSING
P_008002,G_008002,POSITIVE,EXACT
P_008003,G_008003,POSITIVE,EXACT
P_008004,G_008004,POSITIVE,EXACT
P_008005,G_008005,POSITIVE,EXACT
P_008006,G_008006,POSITIVE,VENDOR_ALIAS
P_008007,G_008007,POSITIVE,EXACT
P_008008,G_008008,POSITIVE,VENDOR_ALIAS
P_008009,G_008009,POSITIVE,EXACT
P_008010,G_008010,POSITIVE,EXACT
P_008011,G_008011,POSITIVE,VENDOR_ALIAS
P_008012,G_008012,POSITIVE,VENDOR_ALIAS
P_008013,G_008013,POSITIVE,EXACT
P_008014,G_008014,POSITIVE,EXACT
P_008015,G_008015,POSITIVE,EXACT
P_008016,G_008016,POSITIVE,REF_MISSING
P_008017,G_008017,POSITIVE,EXACT
P_008018,G_008018,NEGATIVE,TAX_MISMATCH
P_008019,G_008019,POSITIVE,REF_MISSING
P_008020,G_008020,POSITIVE,VENDOR_ALIAS
P_008021,G_008021,POSITIVE,VENDOR_ALIAS
P_008022,G_008022,POSITIVE,EXACT
P_008023,G_008023,POSITIVE,EXACT
P_008024,G_008024,NEGATIVE,TAX_MISMATCH
P_008025,G_008025,POSITIVE,REF_MISSING
P_008026,G_008026,NEGATIVE,AMOUNT_MISMATCH
P_008027,G_008027,POSITIVE,VENDOR_ALIAS
P_008028,G_008028,POSITIVE,VENDOR_ALIAS
P_008029,G_008029,POSITIVE,EXACT
P_008030,G_008030,POSITIVE,EXACT
P_008031,G_008031,POSITIVE,EXACT
P_008032,G_008032,POSITIVE,EXACT
P_008033,G_008033,POSITIVE,EXACT
P_008034,G_008034,POSITIVE,VENDOR_ALIAS
P_008035,G_008035,POSITIVE,EXACT
P_008036,G_008036,POSITIVE,EXACT
P_008037,G_008037,NEGATIVE,AMOUNT_MISMATCH
P_008038,G_008038,POSITIVE,EXACT
P_008039,G_008039,POSITIVE,REF_MISSING
P_008040,G_008040,POSITIVE,REF_MISSING
P_008041,G_008041,NEGATIVE,TAX_MISMATCH
P_008042,G_008042,POSITIVE,EXACT
P_008043,G_008043,NEGATIVE,AMOUNT_MISMATCH
P_008044,G_008044,POSITIVE,EXACT
P_008045,G_008045,NEGATIVE,AMOUNT_MISMATCH
P_008046,G_008046,POSITIVE,EXACT
P_008047,G_008047,POSITIVE,EXACT
P_008048,G_008048,POSITIVE,EXACT
P_008049,G_008049,POSITIVE,EXACT
P_008050,G_008050,POSITIVE,EXACT
P_008051,G_008051,POSITIVE,EXACT
P_008052,G_008052,POSITIVE,VENDOR_ALIAS
P_008053,G_008053,POSITIVE,VENDOR_ALIAS
P_008054,G_008054,POSITIVE,VENDOR_ALIAS
P_008055,G_008055,POSITIVE,EXACT
P_008056,G_008056,POSITIVE,VENDOR_ALIAS
P_008057,G_008057,POSITIVE,REF_MISSING
P_008058,G_008058,POSITIVE,REF_MISSING
P_008059,G_008059,POSITIVE,VENDOR_ALIAS
P_008060,G_008060,POSITIVE,EXACT
P_008061,G_008061,POSITIVE,EXACT
P_008062,G_008062,NEGATIVE,AMOUNT_MISMATCH
P_008063,G_008063,POSITIVE,EXACT
P_008064,G_008064,POSITIVE,VENDOR_ALIAS
P_008065,G_008065,NEGATIVE,AMOUNT_MISMATCH
P_008066,G_008066,POSITIVE,EXACT
P_008067,G_008067,POSITIVE,EXACT
P_008068,G_008068,POSITIVE,EXACT
P_008069,G_008069,POSITIVE,REF_MISSING
P_008070,G_008070,POSITIVE,EXACT
P_008071,G_008071,POSITIVE,EXACT
P_008072,G_008072,POSITIVE,EXACT
P_008073,G_008073,POSITIVE,EXACT
P_008074,G_008074,POSITIVE,VENDOR_ALIAS
P_008075,G_008075,POSITIVE,EXACT
P_008076,G_008076,POSITIVE,EXACT
P_008077,G_008077,POSITIVE,EXACT
P_008078,G_008078,POSITIVE,EXACT
P_008079,G_008079,POSITIVE,VENDOR_ALIAS
P_008080,G_008080,POSITIVE,EXACT
P_008081,G_008081,POSITIVE,EXACT
P_008082,G_008082,POSITIVE,EXACT
P_008083,G_008083,POSITIVE,VENDOR_ALIAS
P_008084,G_008084,POSITIVE,VENDOR_ALIAS
P_008085,G_008085,POSITIVE,EXACT
P_008086,G_008086,POSITIVE,VENDOR_ALIAS
P_008087,G_008087,POSITIVE,VENDOR_ALIAS
P_008088,G_008088,POSITIVE,EXACT
P_008089,G_008089,POSITIVE,VENDOR_ALIAS
P_008090,G_008090,POSITIVE,VENDOR_ALIAS
P_008091,G_008091,POSITIVE,EXACT
P_008092,G_008092,POSITIVE,VENDOR_ALIAS
P_008093,G_008093,POSITIVE,EXACT
P_008094,G_008094,POSITIVE,VENDOR_ALIAS
P_008095,G_008095,POSITIVE,EXACT
P_008096,G_008096,NEGATIVE,AMOUNT_MISMATCH
P_008097,G_008097,POSITIVE,EXACT
P_008098,G_008098,POSITIVE,VENDOR_ALIAS
P_008099,G_008099,POSITIVE,EXACT
P_008100,G_008100,POSITIVE,VENDOR_ALIAS
P_008101,G_008101,POSITIVE,EXACT
P_008102,G_008102,NEGATIVE,AMOUNT_MISMATCH
P_008103,G_008103,POSITIVE,EXACT
P_008104,G_008104,POSITIVE,REF_MISSING
P_008105,G_008105,POSITIVE,VENDOR_ALIAS
P_008106,G_008106,POSITIVE,EXACT
P_008107,G_008107,POSITIVE,VENDOR_ALIAS
P_008108,G_008108,POSITIVE,EXACT
P_008109,G_008109,POSITIVE,EXACT
P_008110,G_008110,POSITIVE,EXACT
P_008111,G_008111,POSITIVE,REF_MISSING
P_008112,G_008112,POSITIVE,REF_MISSING
P_008113,G_008113,NEGATIVE,AMOUNT_MISMATCH
P_008114,G_008114,NEGATIVE,TAX_MISMATCH
P_008115,G_008115,POSITIVE,EXACT
P_008116,G_008116,POSITIVE,EXACT
P_008117,G_008117,POSITIVE,EXACT
P_008118,G_008118,POSITIVE,EXACT
P_008119,G_008119,POSITIVE,EXACT
P_008120,G_008120,NEGATIVE,TAX_MISMATCH
P_008121,G_008121,POSITIVE,EXACT
P_008122,G_008122,POSITIVE,REF_MISSING
P_008123,G_008123,POSITIVE,VENDOR_ALIAS
P_008124,G_008124,NEGATIVE,AMOUNT_MISMATCH
P_008125,G_008125,POSITIVE,VENDOR_ALIAS
P_008126,G_008126,POSITIVE,EXACT
P_008127,G_008127,POSITIVE,REF_MISSING
P_008128,G_008128,POSITIVE,REF_MISSING
P_008129,G_008129,POSITIVE,VENDOR_ALIAS
P_008130,G_008130,POSITIVE,EXACT
P_008131,G_008131,POSITIVE,VENDOR_ALIAS
P_008132,G_008132,POSITIVE,EXACT
P_008133,G_008133,POSITIVE,EXACT
P_008134,G_008134,POSITIVE,VENDOR_ALIAS
P_008135,G_008135,NEGATIVE,AMOUNT_MISMATCH
P_008136,G_008136,POSITIVE,VENDOR_ALIAS
P_008137,G_008137,POSITIVE,VENDOR_ALIAS
P_008138,G_008138,POSITIVE,EXACT
P_008139,G_008139,NEGATIVE,TAX_MISMATCH
P_008140,G_008140,POSITIVE,VENDOR_ALIAS
P_008141,G_008141,POSITIVE,EXACT
P_008142,G_008142,POSITIVE,EXACT
P_008143,G_008143,POSITIVE,EXACT
P_008144,G_008144,NEGATIVE,AMOUNT_MISMATCH
P_008145,G_008145,NEGATIVE,AMOUNT_MISMATCH
P_008146,G_008146,POSITIVE,EXACT
P_008147,G_008147,POSITIVE,EXACT
P_008148,G_008148,NEGATIVE,AMOUNT_MISMATCH
P_008149,G_008149,NEGATIVE,AMOUNT_MISMATCH
P_008150,G_008150,POSITIVE,EXACT
P_008151,G_008151,POSITIVE,EXACT
P_008152,G_008152,POSITIVE,EXACT
P_008153,G_008153,NEGATIVE,TAX_MISMATCH
P_008154,G_008154,POSITIVE,VENDOR_ALIAS
P_008155,G_008155,POSITIVE,EXACT
P_008156,G_008156,POSITIVE,EXACT
P_008157,G_008157,POSITIVE,EXACT
P_008158,G_008158,POSITIVE,EXACT
P_008159,G_008159,POSITIVE,EXACT
P_008160,G_008160,POSITIVE,EXACT
P_008161,G_008161,POSITIVE,EXACT
P_008162,G_008162,POSITIVE,REF_MISSING
P_008163,G_008163,POSITIVE,EXACT
P_008164,G_008164,POSITIVE,EXACT
P_008165,G_008165,POSITIVE,EXACT
P_008166,G_008166,POSITIVE,EXACT
P_008167,G_008167,POSITIVE,EXACT
P_008168,G_008168,POSITIVE,EXACT
P_008169,G_008169,POSITIVE,EXACT
P_008170,G_008170,POSITIVE,REF_MISSING
P_008171,G_008171,POSITIVE,EXACT
P_008172,G_008172,POSITIVE,VENDOR_ALIAS
P_008173,G_008173,POSITIVE,REF_MISSING
P_008174,G_008174,POSITIVE,REF_MISSING
P_008175,G_008175,POSITIVE,EXACT
P_008176,G_008176,POSITIVE,REF_MISSING
P_008177,G_008177,POSITIVE,VENDOR_ALIAS
P_008178,G_008178,POSITIVE,EXACT
P_008179,G_008179,POSITIVE,EXACT
P_008180,G_008180,NEGATIVE,TAX_MISMATCH
P_008181,G_008181,POSITIVE,EXACT
P_008182,G_008182,NEGATIVE,TAX_MISMATCH
P_008183,G_008183,POSITIVE,VENDOR_ALIAS
P_008184,G_008184,NEGATIVE,AMOUNT_MISMATCH
P_008185,G_008185,NEGATIVE,AMOUNT_MISMATCH
P_008186,G_008186,NEGATIVE,AMOUNT_MISMATCH
P_008187,G_008187,POSITIVE,EXACT
P_008188,G_008188,POSITIVE,REF_MISSING
P_008189,G_008189,POSITIVE,VENDOR_ALIAS
P_008190,G_008190,POSITIVE,VENDOR_ALIAS
P_008191,G_008191,POSITIVE,EXACT
P_008192,G_008192,POSITIVE,EXACT
P_008193,G_008193,POSITIVE,EXACT
P_008194,G_008194,POSITIVE,REF_MISSING
P_008195,G_008195,POSITIVE,VENDOR_ALIAS
P_008196,G_008196,POSITIVE,EXACT
P_008197,G_008197,POSITIVE,VENDOR_ALIAS
P_008198,G_008198,POSITIVE,REF_MISSING
P_008199,G_008199,POSITIVE,REF_MISSING
P_008200,G_008200,POSITIVE,VENDOR_ALIAS
P_008201,G_008201,POSITIVE,VENDOR_ALIAS
P_008202,G_008202,POSITIVE,VENDOR_ALIAS
P_008203,G_008203,POSITIVE,VENDOR_ALIAS
P_008204,G_008204,POSITIVE,EXACT
P_008205,G_008205,POSITIVE,EXACT
P_008206,G_008206,POSITIVE,VENDOR_ALIAS
P_008207,G_008207,POSITIVE,VENDOR_ALIAS
P_008208,G_008208,POSITIVE,EXACT
P_008209,G_008209,POSITIVE,EXACT
P_008210,G_008210,POSITIVE,EXACT
P_008211,G_008211,POSITIVE,EXACT
P_008212,G_008212,POSITIVE,EXACT
P_008213,G_008213,POSITIVE,EXACT
P_008214,G_008214,POSITIVE,EXACT
P_008215,G_008215,POSITIVE,VENDOR_ALIAS
P_008216,G_008216,POSITIVE,EXACT
P_008217,G_008217,POSITIVE,VENDOR_ALIAS
P_008218,G_008218,POSITIVE,EXACT
P_008219,G_008219,POSITIVE,EXACT
P_008220,G_008220,POSITIVE,EXACT
P_008221,G_008221,POSITIVE,VENDOR_ALIAS
P_008222,G_008222,POSITIVE,REF_MISSING
P_008223,G_008223,NEGATIVE,TAX_MISMATCH
P_008224,G_008224,POSITIVE,EXACT
P_008225,G_008225,POSITIVE,EXACT
P_008226,G_008226,POSITIVE,VENDOR_ALIAS
P_008227,G_008227,POSITIVE,EXACT
P_008228,G_008228,POSITIVE,VENDOR_ALIAS
P_008229,G_008229,POSITIVE,REF_MISSING
P_008230,G_008230,POSITIVE,VENDOR_ALIAS
P_008231,G_008231,POSITIVE,EXACT
P_008232,G_008232,POSITIVE,REF_MISSING
P_008233,G_008233,POSITIVE,REF_MISSING
P_008234,G_008234,POSITIVE,EXACT
P_008235,G_008235,POSITIVE,EXACT
P_008236,G_008236,POSITIVE,VENDOR_ALIAS
P_008237,G_008237,POSITIVE,REF_MISSING
P_008238,G_008238,NEGATIVE,AMOUNT_MISMATCH
P_008239,G_008239,POSITIVE,EXACT
P_008240,G_008240,POSITIVE,EXACT
P_008241,G_008241,POSITIVE,VENDOR_ALIAS
P_008242,G_008242,POSITIVE,VENDOR_ALIAS
P_008243,G_008243,POSITIVE,EXACT
P_008244,G_008244,POSITIVE,EXACT
P_008245,G_008245,POSITIVE,EXACT
P_008246,G_008246,POSITIVE,EXACT
P_008247,G_008247,POSITIVE,REF_MISSING
P_008248,G_008248,POSITIVE,VENDOR_ALIAS
P_008249,G_008249,POSITIVE,VENDOR_ALIAS
P_008250,G_008250,NEGATIVE,AMOUNT_MISMATCH
P_008251,G_008251,POSITIVE,VENDOR_ALIAS
P_008252,G_008252,POSITIVE,REF_MISSING
P_008253,G_008253,POSITIVE,VENDOR_ALIAS
P_008254,G_008254,POSITIVE,VENDOR_ALIAS
P_008255,G_008255,NEGATIVE,AMOUNT_MISMATCH
P_008256,G_008256,POSITIVE,EXACT
P_008257,G_008257,POSITIVE,EXACT
P_008258,G_008258,POSITIVE,EXACT
P_008259,G_008259,POSITIVE,VENDOR_ALIAS
P_008260,G_008260,POSITIVE,REF_MISSING
P_008261,G_008261,POSITIVE,EXACT
P_008262,G_008262,POSITIVE,VENDOR_ALIAS
P_008263,G_008263,POSITIVE,EXACT
P_008264,G_008264,POSITIVE,EXACT
P_008265,G_008265,POSITIVE,VENDOR_ALIAS
P_008266,G_008266,NEGATIVE,AMOUNT_MISMATCH
P_008267,G_008267,POSITIVE,EXACT
P_008268,G_008268,POSITIVE,EXACT
P_008269,G_008269,POSITIVE,EXACT
P_008270,G_008270,POSITIVE,REF_MISSING
P_008271,G_008271,POSITIVE,EXACT
P_008272,G_008272,POSITIVE,EXACT
P_008273,G_008273,POSITIVE,VENDOR_ALIAS
P_008274,G_008274,POSITIVE,VENDOR_ALIAS
P_008275,G_008275,POSITIVE,VENDOR_ALIAS
P_008276,G_008276,POSITIVE,EXACT
P_008277,G_008277,POSITIVE,EXACT
P_008278,G_008278,POSITIVE,REF_MISSING
P_008279,G_008279,POSITIVE,EXACT
P_008280,G_008280,POSITIVE,EXACT
P_008281,G_008281,NEGATIVE,AMOUNT_MISMATCH
P_008282,G_008282,POSITIVE,EXACT
P_008283,G_008283,POSITIVE,VENDOR_ALIAS
P_008284,G_008284,POSITIVE,REF_MISSING
P_008285,G_008285,POSITIVE,REF_MISSING
P_008286,G_008286,POSITIVE,VENDOR_ALIAS
P_008287,G_008287,POSITIVE,EXACT
P_008288,G_008288,POSITIVE,REF_MISSING
P_008289,G_008289,POSITIVE,EXACT
P_008290,G_008290,POSITIVE,EXACT
P_008291,G_008291,POSITIVE,EXACT
P_008292,G_008292,POSITIVE,REF_MISSING
P_008293,G_008293,NEGATIVE,TAX_MISMATCH
P_008294,G_008294,POSITIVE,EXACT
P_008295,G_008295,POSITIVE,EXACT
P_008296,G_008296,POSITIVE,EXACT
P_008297,G_008297,POSITIVE,EXACT
P_008298,G_008298,NEGATIVE,AMOUNT_MISMATCH
P_008299,G_008299,POSITIVE,EXACT
P_008300,G_008300,NEGATIVE,AMOUNT_MISMATCH
P_008301,G_008301,POSITIVE,EXACT
P_008302,G_008302,POSITIVE,VENDOR_ALIAS
P_008303,G_008303,NEGATIVE,AMOUNT_MISMATCH
P_008304,G_008304,POSITIVE,EXACT
P_008305,G_008305,NEGATIVE,AMOUNT_MISMATCH
P_008306,G_008306,POSITIVE,VENDOR_ALIAS
P_008307,G_008307,POSITIVE,EXACT
P_008308,G_008308,POSITIVE,EXACT
P_008309,G_008309,NEGATIVE,AMOUNT_MISMATCH
P_008310,G_008310,POSITIVE,EXACT
P_008311,G_008311,NEGATIVE,TAX_MISMATCH
P_008312,G_008312,POSITIVE,EXACT
P_008313,G_008313,POSITIVE,EXACT
P_008314,G_008314,POSITIVE,REF_MISSING
P_008315,G_008315,POSITIVE,REF_MISSING
P_008316,G_008316,POSITIVE,REF_MISSING
P_008317,G_008317,NEGATIVE,AMOUNT_MISMATCH
P_008318,G_008318,POSITIVE,EXACT
P_008319,G_008319,POSITIVE,EXACT
P_008320,G_008320,POSITIVE,EXACT
P_008321,G_008321,POSITIVE,EXACT
P_008322,G_008322,POSITIVE,EXACT
P_008323,G_008323,POSITIVE,EXACT
P_008324,G_008324,POSITIVE,EXACT
P_008325,G_008325,POSITIVE,VENDOR_ALIAS
P_008326,G_008326,NEGATIVE,TAX_MISMATCH
P_008327,G_008327,POSITIVE,EXACT
P_008328,G_008328,POSITIVE,EXACT
P_008329,G_008329,NEGATIVE,AMOUNT_MISMATCH
P_008330,G_008330,POSITIVE,REF_MISSING
P_008331,G_008331,POSITIVE,EXACT
P_008332,G_008332,POSITIVE,VENDOR_ALIAS
P_008333,G_008333,NEGATIVE,AMOUNT_MISMATCH
P_008334,G_008334,POSITIVE,EXACT
P_008335,G_008335,POSITIVE,VENDOR_ALIAS
P_008336,G_008336,POSITIVE,REF_MISSING
P_008337,G_008337,POSITIVE,VENDOR_ALIAS
P_008338,G_008338,POSITIVE,VENDOR_ALIAS
P_008339,G_008339,POSITIVE,REF_MISSING
P_008340,G_008340,POSITIVE,EXACT
P_008341,G_008341,POSITIVE,EXACT
P_008342,G_008342,NEGATIVE,TAX_MISMATCH
P_008343,G_008343,POSITIVE,EXACT
P_008344,G_008344,POSITIVE,REF_MISSING
P_008345,G_008345,POSITIVE,EXACT
P_008346,G_008346,POSITIVE,EXACT
P_008347,G_008347,POSITIVE,EXACT
P_008348,G_008348,POSITIVE,EXACT
P_008349,G_008349,POSITIVE,REF_MISSING
P_008350,G_008350,POSITIVE,EXACT
P_008351,G_008351,POSITIVE,VENDOR_ALIAS
P_008352,G_008352,POSITIVE,REF_MISSING
P_008353,G_008353,POSITIVE,REF_MISSING
P_008354,G_008354,POSITIVE,VENDOR_ALIAS
P_008355,G_008355,NEGATIVE,AMOUNT_MISMATCH
P_008356,G_008356,POSITIVE,EXACT
P_008357,G_008357,POSITIVE,EXACT
P_008358,G_008358,POSITIVE,EXACT
P_008359,G_008359,POSITIVE,VENDOR_ALIAS
P_008360,G_008360,POSITIVE,EXACT
P_008361,G_008361,POSITIVE,EXACT
P_008362,G_008362,NEGATIVE,AMOUNT_MISMATCH
P_008363,G_008363,POSITIVE,REF_MISSING
P_008364,G_008364,POSITIVE,REF_MISSING
P_008365,G_008365,NEGATIVE,AMOUNT_MISMATCH
P_008366,G_008366,POSITIVE,VENDOR_ALIAS
P_008367,G_008367,POSITIVE,REF_MISSING
P_008368,G_008368,POSITIVE,EXACT
P_008369,G_008369,POSITIVE,REF_MISSING
P_008370,G_008370,POSITIVE,EXACT
P_008371,G_008371,POSITIVE,EXACT
P_008372,G_008372,POSITIVE,VENDOR_ALIAS
P_008373,G_008373,POSITIVE,EXACT
P_008374,G_008374,POSITIVE,VENDOR_ALIAS
P_008375,G_008375,POSITIVE,REF_MISSING
P_008376,G_008376,POSITIVE,EXACT
P_008377,G_008377,POSITIVE,VENDOR_ALIAS
P_008378,G_008378,POSITIVE,EXACT
P_008379,G_008379,POSITIVE,EXACT
P_008380,G_008380,POSITIVE,REF_MISSING
P_008381,G_008381,POSITIVE,VENDOR_ALIAS
P_008382,G_008382,POSITIVE,EXACT
P_008383,G_008383,POSITIVE,VENDOR_ALIAS
P_008384,G_008384,POSITIVE,EXACT
P_008385,G_008385,POSITIVE,VENDOR_ALIAS
P_008386,G_008386,POSITIVE,EXACT
P_008387,G_008387,POSITIVE,VENDOR_ALIAS
P_008388,G_008388,NEGATIVE,AMOUNT_MISMATCH
P_008389,G_008389,POSITIVE,EXACT
P_008390,G_008390,POSITIVE,VENDOR_ALIAS
P_008391,G_008391,POSITIVE,REF_MISSING
P_008392,G_008392,POSITIVE,REF_MISSING
P_008393,G_008393,NEGATIVE,TAX_MISMATCH
P_008394,G_008394,POSITIVE,EXACT
P_008395,G_008395,POSITIVE,REF_MISSING
P_008396,G_008396,POSITIVE,VENDOR_ALIAS
P_008397,G_008397,POSITIVE,VENDOR_ALIAS
P_008398,G_008398,POSITIVE,EXACT
P_008399,G_008399,POSITIVE,EXACT
P_008400,G_008400,POSITIVE,VENDOR_ALIAS
P_008401,G_008401,POSITIVE,EXACT
P_008402,G_008402,POSITIVE,EXACT
P_008403,G_008403,POSITIVE,EXACT
P_008404,G_008404,POSITIVE,EXACT
P_008405,G_008405,POSITIVE,REF_MISSING
P_008406,G_008406,POSITIVE,EXACT
P_008407,G_008407,POSITIVE,VENDOR_ALIAS
P_008408,G_008408,POSITIVE,EXACT
P_008409,G_008409,POSITIVE,EXACT
P_008410,G_008410,NEGATIVE,AMOUNT_MISMATCH
P_008411,G_008411,POSITIVE,REF_MISSING
P_008412,G_008412,POSITIVE,EXACT
P_008413,G_008413,NEGATIVE,AMOUNT_MISMATCH
P_008414,G_008414,POSITIVE,EXACT
P_008415,G_008415,POSITIVE,REF_MISSING
P_008416,G_008416,POSITIVE,EXACT
P_008417,G_008417,POSITIVE,VENDOR_ALIAS
P_008418,G_008418,POSITIVE,VENDOR_ALIAS
P_008419,G_008419,POSITIVE,VENDOR_ALIAS
P_008420,G_008420,POSITIVE,EXACT
P_008421,G_008421,POSITIVE,EXACT
P_008422,G_008422,POSITIVE,EXACT
P_008423,G_008423,POSITIVE,EXACT
P_008424,G_008424,POSITIVE,VENDOR_ALIAS
P_008425,G_008425,NEGATIVE,AMOUNT_MISMATCH
P_008426,G_008426,POSITIVE,EXACT
P_008427,G_008427,POSITIVE,VENDOR_ALIAS
P_008428,G_008428,POSITIVE,EXACT
P_008429,G_008429,POSITIVE,VENDOR_ALIAS
P_008430,G_008430,POSITIVE,EXACT
P_008431,G_008431,POSITIVE,EXACT
P_008432,G_008432,POSITIVE,REF_MISSING
P_008433,G_008433,POSITIVE,EXACT
P_008434,G_008434,POSITIVE,EXACT
P_008435,G_008435,POSITIVE,EXACT
P_008436,G_008436,POSITIVE,REF_MISSING
P_008437,G_008437,NEGATIVE,TAX_MISMATCH
P_008438,G_008438,POSITIVE,EXACT
P_008439,G_008439,POSITIVE,VENDOR_ALIAS
P_008440,G_008440,POSITIVE,EXACT
P_008441,G_008441,POSITIVE,EXACT
P_008442,G_008442,POSITIVE,EXACT
P_008443,G_008443,POSITIVE,VENDOR_ALIAS
P_008444,G_008444,POSITIVE,VENDOR_ALIAS
P_008445,G_008445,POSITIVE,REF_MISSING
P_008446,G_008446,POSITIVE,EXACT
P_008447,G_008447,POSITIVE,EXACT
P_008448,G_008448,POSITIVE,REF_MISSING
P_008449,G_008449,NEGATIVE,AMOUNT_MISMATCH
P_008450,G_008450,POSITIVE,EXACT
P_008451,G_008451,POSITIVE,VENDOR_ALIAS
P_008452,G_008452,POSITIVE,EXACT
P_008453,G_008453,POSITIVE,EXACT
P_008454,G_008454,POSITIVE,VENDOR_ALIAS
P_008455,G_008455,POSITIVE,EXACT
P_008456,G_008456,POSITIVE,EXACT
P_008457,G_008457,POSITIVE,EXACT
P_008458,G_008458,POSITIVE,EXACT
P_008459,G_008459,POSITIVE,EXACT
P_008460,G_008460,POSITIVE,EXACT
P_008461,G_008461,POSITIVE,VENDOR_ALIAS
P_008462,G_008462,POSITIVE,REF_MISSING
P_008463,G_008463,POSITIVE,REF_MISSING
P_008464,G_008464,POSITIVE,EXACT
P_008465,G_008465,POSITIVE,REF_MISSING
P_008466,G_008466,POSITIVE,VENDOR_ALIAS
P_008467,G_008467,POSITIVE,EXACT
P_008468,G_008468,POSITIVE,EXACT
P_008469,G_008469,POSITIVE,EXACT
P_008470,G_008470,POSITIVE,REF_MISSING
P_008471,G_008471,POSITIVE,VENDOR_ALIAS
P_008472,G_008472,POSITIVE,EXACT
P_008473,G_008473,POSITIVE,EXACT
P_008474,G_008474,POSITIVE,REF_MISSING
P_008475,G_008475,POSITIVE,EXACT
P_008476,G_008476,POSITIVE,REF_MISSING
P_008477,G_008477,POSITIVE,REF_MISSING
P_008478,G_008478,POSITIVE,EXACT
P_008479,G_008479,POSITIVE,EXACT
P_008480,G_008480,POSITIVE,EXACT
P_008481,G_008481,POSITIVE,REF_MISSING
P_008482,G_008482,POSITIVE,EXACT
P_008483,G_008483,NEGATIVE,AMOUNT_MISMATCH
P_008484,G_008484,POSITIVE,EXACT
P_008485,G_008485,POSITIVE,EXACT
P_008486,G_008486,POSITIVE,EXACT
P_008487,G_008487,POSITIVE,EXACT
P_008488,G_008488,NEGATIVE,AMOUNT_MISMATCH
P_008489,G_008489,NEGATIVE,TAX_MISMATCH
P_008490,G_008490,NEGATIVE,AMOUNT_MISMATCH
P_008491,G_008491,POSITIVE,EXACT
P_008492,G_008492,POSITIVE,EXACT
P_008493,G_008493,POSITIVE,EXACT
P_008494,G_008494,POSITIVE,EXACT
P_008495,G_008495,POSITIVE,EXACT
P_008496,G_008496,POSITIVE,EXACT
P_008497,G_008497,POSITIVE,VENDOR_ALIAS
P_008498,G_008498,POSITIVE,EXACT
P_008499,G_008499,POSITIVE,REF_MISSING
P_008500,G_008500,POSITIVE,EXACT
P_008501,G_008501,POSITIVE,EXACT
P_008502,G_008502,POSITIVE,REF_MISSING
P_008503,G_008503,POSITIVE,VENDOR_ALIAS
P_008504,G_008504,POSITIVE,EXACT
P_008505,G_008505,POSITIVE,EXACT
P_008506,G_008506,POSITIVE,REF_MISSING
P_008507,G_008507,POSITIVE,EXACT
P_008508,G_008508,POSITIVE,EXACT
P_008509,G_008509,POSITIVE,EXACT
P_008510,G_008510,POSITIVE,EXACT
P_008511,G_008511,POSITIVE,EXACT
P_008512,G_008512,POSITIVE,EXACT
P_008513,G_008513,POSITIVE,VENDOR_ALIAS
P_008514,G_008514,NEGATIVE,AMOUNT_MISMATCH
P_008515,G_008515,POSITIVE,EXACT
P_008516,G_008516,POSITIVE,EXACT
P_008517,G_008517,POSITIVE,REF_MISSING
P_008518,G_008518,POSITIVE,EXACT
P_008519,G_008519,POSITIVE,EXACT
P_008520,G_008520,NEGATIVE,TAX_MISMATCH
P_008521,G_008521,POSITIVE,REF_MISSING
P_008522,G_008522,POSITIVE,EXACT
P_008523,G_008523,POSITIVE,EXACT
P_008524,G_008524,POSITIVE,EXACT
P_008525,G_008525,POSITIVE,EXACT
P_008526,G_008526,NEGATIVE,AMOUNT_MISMATCH
P_008527,G_008527,POSITIVE,EXACT
P_008528,G_008528,POSITIVE,REF_MISSING
P_008529,G_008529,POSITIVE,EXACT
P_008530,G_008530,POSITIVE,EXACT
P_008531,G_008531,POSITIVE,EXACT
P_008532,G_008532,NEGATIVE,TAX_MISMATCH
P_008533,G_008533,POSITIVE,VENDOR_ALIAS
P_008534,G_008534,POSITIVE,EXACT
P_008535,G_008535,POSITIVE,EXACT
P_008536,G_008536,POSITIVE,EXACT
P_008537,G_008537,NEGATIVE,AMOUNT_MISMATCH
P_008538,G_008538,POSITIVE,EXACT
P_008539,G_008539,POSITIVE,REF_MISSING
P_008540,G_008540,POSITIVE,EXACT
P_008541,G_008541,POSITIVE,EXACT
P_008542,G_008542,POSITIVE,EXACT
P_008543,G_008543,POSITIVE,REF_MISSING
P_008544,G_008544,POSITIVE,EXACT
P_008545,G_008545,POSITIVE,VENDOR_ALIAS
P_008546,G_008546,POSITIVE,REF_MISSING
P_008547,G_008547,POSITIVE,EXACT
P_008548,G_008548,POSITIVE,VENDOR_ALIAS
P_008549,G_008549,POSITIVE,VENDOR_ALIAS
P_008550,G_008550,POSITIVE,EXACT
P_008551,G_008551,POSITIVE,EXACT
P_008552,G_008552,POSITIVE,EXACT
P_008553,G_008553,POSITIVE,EXACT
P_008554,G_008554,POSITIVE,EXACT
P_008555,G_008555,POSITIVE,EXACT
P_008556,G_008556,POSITIVE,REF_MISSING
P_008557,G_008557,POSITIVE,EXACT
P_008558,G_008558,POSITIVE,EXACT
P_008559,G_008559,POSITIVE,REF_MISSING
P_008560,G_008560,NEGATIVE,TAX_MISMATCH
P_008561,G_008561,NEGATIVE,TAX_MISMATCH
P_008562,G_008562,POSITIVE,EXACT
P_008563,G_008563,POSITIVE,EXACT
P_008564,G_008564,POSITIVE,EXACT
P_008565,G_008565,POSITIVE,EXACT
P_008566,G_008566,POSITIVE,EXACT
P_008567,G_008567,NEGATIVE,AMOUNT_MISMATCH
P_008568,G_008568,POSITIVE,VENDOR_ALIAS
P_008569,G_008569,POSITIVE,VENDOR_ALIAS
P_008570,G_008570,NEGATIVE,AMOUNT_MISMATCH
P_008571,G_008571,POSITIVE,EXACT
P_008572,G_008572,POSITIVE,EXACT
P_008573,G_008573,NEGATIVE,AMOUNT_MISMATCH
P_008574,G_008574,POSITIVE,EXACT
P_008575,G_008575,POSITIVE,EXACT
P_008576,G_008576,POSITIVE,EXACT
P_008577,G_008577,POSITIVE,EXACT
P_008578,G_008578,POSITIVE,REF_MISSING
P_008579,G_008579,POSITIVE,REF_MISSING
P_008580,G_008580,POSITIVE,EXACT
P_008581,G_008581,POSITIVE,VENDOR_ALIAS
P_008582,G_008582,POSITIVE,EXACT
P_008583,G_008583,POSITIVE,VENDOR_ALIAS
P_008584,G_008584,POSITIVE,EXACT
P_008585,G_008585,POSITIVE,EXACT
P_008586,G_008586,POSITIVE,VENDOR_ALIAS
P_008587,G_008587,POSITIVE,EXACT
P_008588,G_008588,POSITIVE,REF_MISSING
P_008589,G_008589,POSITIVE,EXACT
P_008590,G_008590,POSITIVE,REF_MISSING
P_008591,G_008591,POSITIVE,EXACT
P_008592,G_008592,POSITIVE,EXACT
P_008593,G_008593,POSITIVE,REF_MISSING
P_008594,G_008594,POSITIVE,VENDOR_ALIAS
P_008595,G_008595,POSITIVE,EXACT
P_008596,G_008596,POSITIVE,VENDOR_ALIAS
P_008597,G_008597,POSITIVE,EXACT
P_008598,G_008598,POSITIVE,EXACT
P_008599,G_008599,POSITIVE,EXACT
P_008600,G_008600,POSITIVE,EXACT
P_008601,G_008601,NEGATIVE,AMOUNT_MISMATCH
P_008602,G_008602,POSITIVE,REF_MISSING
P_008603,G_008603,POSITIVE,EXACT
P_008604,G_008604,POSITIVE,EXACT
P_008605,G_008605,POSITIVE,REF_MISSING
P_008606,G_008606,POSITIVE,EXACT
P_008607,G_008607,NEGATIVE,AMOUNT_MISMATCH
P_008608,G_008608,POSITIVE,REF_MISSING
P_008609,G_008609,POSITIVE,EXACT
P_008610,G_008610,POSITIVE,REF_MISSING
P_008611,G_008611,POSITIVE,EXACT
P_008612,G_008612,POSITIVE,EXACT
P_008613,G_008613,NEGATIVE,AMOUNT_MISMATCH
P_008614,G_008614,POSITIVE,EXACT
P_008615,G_008615,POSITIVE,REF_MISSING
P_008616,G_008616,POSITIVE,EXACT
P_008617,G_008617,POSITIVE,EXACT
P_008618,G_008618,POSITIVE,REF_MISSING
P_008619,G_008619,POSITIVE,EXACT
P_008620,G_008620,POSITIVE,VENDOR_ALIAS
P_008621,G_008621,POSITIVE,REF_MISSING
P_008622,G_008622,POSITIVE,EXACT
P_008623,G_008623,NEGATIVE,AMOUNT_MISMATCH
P_008624,G_008624,POSITIVE,EXACT
P_008625,G_008625,POSITIVE,REF_MISSING
P_008626,G_008626,POSITIVE,EXACT
P_008627,G_008627,POSITIVE,EXACT
P_008628,G_008628,POSITIVE,EXACT
P_008629,G_008629,POSITIVE,VENDOR_ALIAS
P_008630,G_008630,POSITIVE,REF_MISSING
P_008631,G_008631,POSITIVE,REF_MISSING
P_008632,G_008632,POSITIVE,VENDOR_ALIAS
P_008633,G_008633,POSITIVE,EXACT
P_008634,G_008634,POSITIVE,VENDOR_ALIAS
P_008635,G_008635,POSITIVE,EXACT
P_008636,G_008636,POSITIVE,EXACT
P_008637,G_008637,POSITIVE,EXACT
P_008638,G_008638,POSITIVE,REF_MISSING
P_008639,G_008639,POSITIVE,VENDOR_ALIAS
P_008640,G_008640,POSITIVE,EXACT
P_008641,G_008641,POSITIVE,EXACT
P_008642,G_008642,POSITIVE,EXACT
P_008643,G_008643,POSITIVE,REF_MISSING
P_008644,G_008644,POSITIVE,EXACT
P_008645,G_008645,NEGATIVE,TAX_MISMATCH
P_008646,G_008646,POSITIVE,EXACT
P_008647,G_008647,POSITIVE,EXACT
P_008648,G_008648,POSITIVE,REF_MISSING
P_008649,G_008649,POSITIVE,REF_MISSING
P_008650,G_008650,POSITIVE,VENDOR_ALIAS
P_008651,G_008651,POSITIVE,EXACT
P_008652,G_008652,POSITIVE,EXACT
P_008653,G_008653,POSITIVE,EXACT
P_008654,G_008654,POSITIVE,EXACT
P_008655,G_008655,POSITIVE,EXACT
P_008656,G_008656,POSITIVE,EXACT
P_008657,G_008657,POSITIVE,EXACT
P_008658,G_008658,POSITIVE,EXACT
P_008659,G_008659,POSITIVE,EXACT
P_008660,G_008660,POSITIVE,EXACT
P_008661,G_008661,NEGATIVE,TAX_MISMATCH
P_008662,G_008662,POSITIVE,REF_MISSING
P_008663,G_008663,POSITIVE,VENDOR_ALIAS
P_008664,G_008664,POSITIVE,EXACT
P_008665,G_008665,POSITIVE,EXACT
P_008666,G_008666,POSITIVE,VENDOR_ALIAS
P_008667,G_008667,POSITIVE,VENDOR_ALIAS
P_008668,G_008668,POSITIVE,EXACT
P_008669,G_008669,POSITIVE,EXACT
P_008670,G_008670,POSITIVE,VENDOR_ALIAS
P_008671,G_008671,POSITIVE,VENDOR_ALIAS
P_008672,G_008672,POSITIVE,REF_MISSING
P_008673,G_008673,POSITIVE,REF_MISSING
P_008674,G_008674,NEGATIVE,AMOUNT_MISMATCH
P_008675,G_008675,POSITIVE,EXACT
P_008676,G_008676,POSITIVE,EXACT
P_008677,G_008677,POSITIVE,EXACT
P_008678,G_008678,POSITIVE,VENDOR_ALIAS
P_008679,G_008679,POSITIVE,EXACT
P_008680,G_008680,POSITIVE,EXACT
P_008681,G_008681,POSITIVE,VENDOR_ALIAS
P_008682,G_008682,POSITIVE,VENDOR_ALIAS
P_008683,G_008683,POSITIVE,EXACT
P_008684,G_008684,POSITIVE,REF_MISSING
P_008685,G_008685,POSITIVE,VENDOR_ALIAS
P_008686,G_008686,POSITIVE,VENDOR_ALIAS
P_008687,G_008687,POSITIVE,EXACT
P_008688,G_008688,POSITIVE,VENDOR_ALIAS
P_008689,G_008689,NEGATIVE,AMOUNT_MISMATCH
P_008690,G_008690,POSITIVE,EXACT
P_008691,G_008691,POSITIVE,EXACT
P_008692,G_008692,POSITIVE,VENDOR_ALIAS
P_008693,G_008693,POSITIVE,REF_MISSING
P_008694,G_008694,POSITIVE,EXACT
P_008695,G_008695,POSITIVE,EXACT
P_008696,G_008696,POSITIVE,EXACT
P_008697,G_008697,POSITIVE,EXACT
P_008698,G_008698,NEGATIVE,AMOUNT_MISMATCH
P_008699,G_008699,NEGATIVE,AMOUNT_MISMATCH
P_008700,G_008700,POSITIVE,VENDOR_ALIAS
P_008701,G_008701,POSITIVE,EXACT
P_008702,G_008702,POSITIVE,REF_MISSING
P_008703,G_008703,POSITIVE,REF_MISSING
P_008704,G_008704,POSITIVE,REF_MISSING
P_008705,G_008705,POSITIVE,REF_MISSING
P_008706,G_008706,POSITIVE,EXACT
P_008707,G_008707,POSITIVE,EXACT
P_008708,G_008708,NEGATIVE,AMOUNT_MISMATCH
P_008709,G_008709,POSITIVE,VENDOR_ALIAS
P_008710,G_008710,POSITIVE,EXACT
P_008711,G_008711,POSITIVE,VENDOR_ALIAS
P_008712,G_008712,POSITIVE,EXACT
P_008713,G_008713,POSITIVE,EXACT
P_008714,G_008714,POSITIVE,EXACT
P_008715,G_008715,NEGATIVE,AMOUNT_MISMATCH
P_008716,G_008716,POSITIVE,EXACT
P_008717,G_008717,NEGATIVE,AMOUNT_MISMATCH
P_008718,G_008718,POSITIVE,VENDOR_ALIAS
P_008719,G_008719,POSITIVE,EXACT
P_008720,G_008720,POSITIVE,VENDOR_ALIAS
P_008721,G_008721,POSITIVE,REF_MISSING
P_008722,G_008722,POSITIVE,VENDOR_ALIAS
P_008723,G_008723,POSITIVE,VENDOR_ALIAS
P_008724,G_008724,NEGATIVE,TAX_MISMATCH
P_008725,G_008725,POSITIVE,REF_MISSING
P_008726,G_008726,POSITIVE,VENDOR_ALIAS
P_008727,G_008727,POSITIVE,EXACT
P_008728,G_008728,NEGATIVE,AMOUNT_MISMATCH
P_008729,G_008729,POSITIVE,EXACT
P_008730,G_008730,POSITIVE,VENDOR_ALIAS
P_008731,G_008731,POSITIVE,EXACT
P_008732,G_008732,NEGATIVE,AMOUNT_MISMATCH
P_008733,G_008733,POSITIVE,EXACT
P_008734,G_008734,POSITIVE,REF_MISSING
P_008735,G_008735,POSITIVE,VENDOR_ALIAS
P_008736,G_008736,POSITIVE,EXACT
P_008737,G_008737,POSITIVE,EXACT
P_008738,G_008738,POSITIVE,EXACT
P_008739,G_008739,POSITIVE,EXACT
P_008740,G_008740,POSITIVE,EXACT
P_008741,G_008741,POSITIVE,EXACT
P_008742,G_008742,POSITIVE,REF_MISSING
P_008743,G_008743,POSITIVE,EXACT
P_008744,G_008744,POSITIVE,EXACT
P_008745,G_008745,NEGATIVE,AMOUNT_MISMATCH
P_008746,G_008746,POSITIVE,VENDOR_ALIAS
P_008747,G_008747,POSITIVE,VENDOR_ALIAS
P_008748,G_008748,NEGATIVE,TAX_MISMATCH
P_008749,G_008749,POSITIVE,EXACT
P_008750,G_008750,POSITIVE,EXACT
P_008751,G_008751,POSITIVE,EXACT
P_008752,G_008752,POSITIVE,REF_MISSING
P_008753,G_008753,POSITIVE,VENDOR_ALIAS
P_008754,G_008754,POSITIVE,VENDOR_ALIAS
P_008755,G_008755,POSITIVE,EXACT
P_008756,G_008756,POSITIVE,REF_MISSING
P_008757,G_008757,POSITIVE,VENDOR_ALIAS
P_008758,G_008758,NEGATIVE,AMOUNT_MISMATCH
P_008759,G_008759,POSITIVE,EXACT
P_008760,G_008760,POSITIVE,VENDOR_ALIAS
P_008761,G_008761,NEGATIVE,AMOUNT_MISMATCH
P_008762,G_008762,POSITIVE,EXACT
P_008763,G_008763,POSITIVE,EXACT
P_008764,G_008764,POSITIVE,EXACT
P_008765,G_008765,POSITIVE,EXACT
P_008766,G_008766,POSITIVE,EXACT
P_008767,G_008767,POSITIVE,REF_MISSING
P_008768,G_008768,POSITIVE,EXACT
P_008769,G_008769,POSITIVE,EXACT
P_008770,G_008770,POSITIVE,EXACT
P_008771,G_008771,POSITIVE,REF_MISSING
P_008772,G_008772,POSITIVE,VENDOR_ALIAS
P_008773,G_008773,POSITIVE,EXACT
P_008774,G_008774,POSITIVE,EXACT
P_008775,G_008775,POSITIVE,VENDOR_ALIAS
P_008776,G_008776,POSITIVE,EXACT
P_008777,G_008777,POSITIVE,EXACT
P_008778,G_008778,POSITIVE,EXACT
P_008779,G_008779,POSITIVE,VENDOR_ALIAS
P_008780,G_008780,POSITIVE,EXACT
P_008781,G_008781,POSITIVE,VENDOR_ALIAS
P_008782,G_008782,POSITIVE,VENDOR_ALIAS
P_008783,G_008783,NEGATIVE,TAX_MISMATCH
P_008784,G_008784,POSITIVE,REF_MISSING
P_008785,G_008785,POSITIVE,EXACT
P_008786,G_008786,NEGATIVE,AMOUNT_MISMATCH
P_008787,G_008787,POSITIVE,EXACT
P_008788,G_008788,POSITIVE,EXACT
P_008789,G_008789,NEGATIVE,TAX_MISMATCH
P_008790,G_008790,POSITIVE,EXACT
P_008791,G_008791,POSITIVE,VENDOR_ALIAS
P_008792,G_008792,POSITIVE,EXACT
P_008793,G_008793,POSITIVE,EXACT
P_008794,G_008794,POSITIVE,VENDOR_ALIAS
P_008795,G_008795,POSITIVE,EXACT
P_008796,G_008796,POSITIVE,EXACT
P_008797,G_008797,POSITIVE,EXACT
P_008798,G_008798,POSITIVE,VENDOR_ALIAS
P_008799,G_008799,POSITIVE,EXACT
P_008800,G_008800,POSITIVE,EXACT
P_008801,G_008801,POSITIVE,EXACT
P_008802,G_008802,POSITIVE,VENDOR_ALIAS
P_008803,G_008803,POSITIVE,REF_MISSING
P_008804,G_008804,POSITIVE,EXACT
P_008805,G_008805,POSITIVE,REF_MISSING
P_008806,G_008806,POSITIVE,VENDOR_ALIAS
P_008807,G_008807,POSITIVE,VENDOR_ALIAS
P_008808,G_008808,POSITIVE,VENDOR_ALIAS
P_008809,G_008809,POSITIVE,EXACT
P_008810,G_008810,POSITIVE,EXACT
P_008811,G_008811,POSITIVE,VENDOR_ALIAS
P_008812,G_008812,POSITIVE,VENDOR_ALIAS
P_008813,G_008813,POSITIVE,EXACT
P_008814,G_008814,POSITIVE,EXACT
P_008815,G_008815,POSITIVE,EXACT
P_008816,G_008816,POSITIVE,EXACT
P_008817,G_008817,POSITIVE,VENDOR_ALIAS
P_008818,G_008818,POSITIVE,VENDOR_ALIAS
P_008819,G_008819,POSITIVE,EXACT
P_008820,G_008820,POSITIVE,REF_MISSING
P_008821,G_008821,POSITIVE,REF_MISSING
P_008822,G_008822,NEGATIVE,AMOUNT_MISMATCH
P_008823,G_008823,POSITIVE,EXACT
P_008824,G_008824,POSITIVE,EXACT
P_008825,G_008825,POSITIVE,EXACT
P_008826,G_008826,POSITIVE,EXACT
P_008827,G_008827,POSITIVE,EXACT
P_008828,G_008828,POSITIVE,EXACT
P_008829,G_008829,POSITIVE,EXACT
P_008830,G_008830,POSITIVE,EXACT
P_008831,G_008831,POSITIVE,EXACT
P_008832,G_008832,POSITIVE,EXACT
P_008833,G_008833,POSITIVE,REF_MISSING
P_008834,G_008834,POSITIVE,VENDOR_ALIAS
P_008835,G_008835,POSITIVE,EXACT
P_008836,G_008836,NEGATIVE,AMOUNT_MISMATCH
P_008837,G_008837,POSITIVE,EXACT
P_008838,G_008838,POSITIVE,EXACT
P_008839,G_008839,POSITIVE,EXACT
P_008840,G_008840,POSITIVE,EXACT
P_008841,G_008841,POSITIVE,EXACT
P_008842,G_008842,POSITIVE,EXACT
P_008843,G_008843,POSITIVE,EXACT
P_008844,G_008844,NEGATIVE,AMOUNT_MISMATCH
P_008845,G_008845,POSITIVE,EXACT
P_008846,G_008846,POSITIVE,EXACT
P_008847,G_008847,POSITIVE,EXACT
P_008848,G_008848,POSITIVE,EXACT
P_008849,G_008849,POSITIVE,EXACT
P_008850,G_008850,POSITIVE,EXACT
P_008851,G_008851,POSITIVE,EXACT
P_008852,G_008852,POSITIVE,EXACT
P_008853,G_008853,NEGATIVE,AMOUNT_MISMATCH
P_008854,G_008854,POSITIVE,EXACT
P_008855,G_008855,POSITIVE,VENDOR_ALIAS
P_008856,G_008856,POSITIVE,VENDOR_ALIAS
P_008857,G_008857,POSITIVE,REF_MISSING
P_008858,G_008858,POSITIVE,EXACT
P_008859,G_008859,POSITIVE,VENDOR_ALIAS
P_008860,G_008860,POSITIVE,EXACT
P_008861,G_008861,POSITIVE,EXACT
P_008862,G_008862,POSITIVE,EXACT
P_008863,G_008863,POSITIVE,REF_MISSING
P_008864,G_008864,POSITIVE,EXACT
P_008865,G_008865,POSITIVE,VENDOR_ALIAS
P_008866,G_008866,POSITIVE,EXACT
P_008867,G_008867,POSITIVE,EXACT
P_008868,G_008868,POSITIVE,EXACT
P_008869,G_008869,NEGATIVE,AMOUNT_MISMATCH
P_008870,G_008870,NEGATIVE,TAX_MISMATCH
P_008871,G_008871,NEGATIVE,TAX_MISMATCH
P_008872,G_008872,POSITIVE,EXACT
P_008873,G_008873,POSITIVE,REF_MISSING
P_008874,G_008874,POSITIVE,EXACT
P_008875,G_008875,NEGATIVE,AMOUNT_MISMATCH
P_008876,G_008876,POSITIVE,EXACT
P_008877,G_008877,POSITIVE,EXACT
P_008878,G_008878,POSITIVE,VENDOR_ALIAS
P_008879,G_008879,NEGATIVE,AMOUNT_MISMATCH
P_008880,G_008880,POSITIVE,EXACT
P_008881,G_008881,POSITIVE,EXACT
P_008882,G_008882,NEGATIVE,TAX_MISMATCH
P_008883,G_008883,POSITIVE,EXACT
P_008884,G_008884,POSITIVE,EXACT
P_008885,G_008885,POSITIVE,EXACT
P_008886,G_008886,NEGATIVE,AMOUNT_MISMATCH
P_008887,G_008887,POSITIVE,EXACT
P_008888,G_008888,POSITIVE,REF_MISSING
P_008889,G_008889,POSITIVE,EXACT
P_008890,G_008890,POSITIVE,REF_MISSING
P_008891,G_008891,POSITIVE,EXACT
P_008892,G_008892,POSITIVE,EXACT
P_008893,G_008893,NEGATIVE,AMOUNT_MISMATCH
P_008894,G_008894,POSITIVE,EXACT
P_008895,G_008895,POSITIVE,REF_MISSING
P_008896,G_008896,POSITIVE,EXACT
P_008897,G_008897,POSITIVE,EXACT
P_008898,G_008898,NEGATIVE,TAX_MISMATCH
P_008899,G_008899,POSITIVE,EXACT
P_008900,G_008900,NEGATIVE,AMOUNT_MISMATCH
P_008901,G_008901,POSITIVE,VENDOR_ALIAS
P_008902,G_008902,NEGATIVE,TAX_MISMATCH
P_008903,G_008903,POSITIVE,VENDOR_ALIAS
P_008904,G_008904,NEGATIVE,AMOUNT_MISMATCH
P_008905,G_008905,POSITIVE,REF_MISSING
P_008906,G_008906,POSITIVE,REF_MISSING
P_008907,G_008907,POSITIVE,EXACT
P_008908,G_008908,NEGATIVE,AMOUNT_MISMATCH
P_008909,G_008909,POSITIVE,VENDOR_ALIAS
P_008910,G_008910,POSITIVE,REF_MISSING
P_008911,G_008911,POSITIVE,REF_MISSING
P_008912,G_008912,POSITIVE,VENDOR_ALIAS
P_008913,G_008913,NEGATIVE,AMOUNT_MISMATCH
P_008914,G_008914,POSITIVE,EXACT
P_008915,G_008915,POSITIVE,REF_MISSING
P_008916,G_008916,NEGATIVE,AMOUNT_MISMATCH
P_008917,G_008917,POSITIVE,EXACT
P_008918,G_008918,POSITIVE,EXACT
P_008919,G_008919,POSITIVE,EXACT
P_008920,G_008920,POSITIVE,EXACT
P_008921,G_008921,POSITIVE,REF_MISSING
P_008922,G_008922,NEGATIVE,AMOUNT_MISMATCH
P_008923,G_008923,NEGATIVE,TAX_MISMATCH
P_008924,G_008924,NEGATIVE,AMOUNT_MISMATCH
P_008925,G_008925,NEGATIVE,TAX_MISMATCH
P_008926,G_008926,POSITIVE,EXACT
P_008927,G_008927,POSITIVE,EXACT
P_008928,G_008928,POSITIVE,EXACT
P_008929,G_008929,POSITIVE,EXACT
P_008930,G_008930,POSITIVE,EXACT
P_008931,G_008931,NEGATIVE,AMOUNT_MISMATCH
P_008932,G_008932,POSITIVE,EXACT
P_008933,G_008933,POSITIVE,EXACT
P_008934,G_008934,POSITIVE,VENDOR_ALIAS
P_008935,G_008935,POSITIVE,EXACT
P_008936,G_008936,POSITIVE,EXACT
P_008937,G_008937,POSITIVE,EXACT
P_008938,G_008938,POSITIVE,REF_MISSING
P_008939,G_008939,POSITIVE,VENDOR_ALIAS
P_008940,G_008940,POSITIVE,EXACT
P_008941,G_008941,POSITIVE,EXACT
P_008942,G_008942,POSITIVE,VENDOR_ALIAS
P_008943,G_008943,POSITIVE,EXACT
P_008944,G_008944,POSITIVE,EXACT
P_008945,G_008945,POSITIVE,VENDOR_ALIAS
P_008946,G_008946,POSITIVE,VENDOR_ALIAS
P_008947,G_008947,NEGATIVE,AMOUNT_MISMATCH
P_008948,G_008948,NEGATIVE,TAX_MISMATCH
P_008949,G_008949,POSITIVE,EXACT
P_008950,G_008950,POSITIVE,EXACT
P_008951,G_008951,POSITIVE,EXACT
P_008952,G_008952,NEGATIVE,AMOUNT_MISMATCH
P_008953,G_008953,POSITIVE,EXACT
P_008954,G_008954,POSITIVE,EXACT
P_008955,G_008955,NEGATIVE,AMOUNT_MISMATCH
P_008956,G_008956,POSITIVE,VENDOR_ALIAS
P_008957,G_008957,POSITIVE,EXACT
P_008958,G_008958,POSITIVE,EXACT
P_008959,G_008959,POSITIVE,REF_MISSING
P_008960,G_008960,POSITIVE,EXACT
P_008961,G_008961,POSITIVE,EXACT
P_008962,G_008962,POSITIVE,EXACT
P_008963,G_008963,POSITIVE,REF_MISSING
P_008964,G_008964,POSITIVE,REF_MISSING
P_008965,G_008965,POSITIVE,VENDOR_ALIAS
P_008966,G_008966,POSITIVE,REF_MISSING
P_008967,G_008967,NEGATIVE,AMOUNT_MISMATCH
P_008968,G_008968,POSITIVE,REF_MISSING
P_008969,G_008969,POSITIVE,VENDOR_ALIAS
P_008970,G_008970,POSITIVE,VENDOR_ALIAS
P_008971,G_008971,POSITIVE,EXACT
P_008972,G_008972,POSITIVE,VENDOR_ALIAS
P_008973,G_008973,POSITIVE,VENDOR_ALIAS
P_008974,G_008974,POSITIVE,REF_MISSING
P_008975,G_008975,POSITIVE,EXACT
P_008976,G_008976,POSITIVE,EXACT
P_008977,G_008977,POSITIVE,EXACT
P_008978,G_008978,POSITIVE,EXACT
P_008979,G_008979,POSITIVE,REF_MISSING
P_008980,G_008980,POSITIVE,EXACT
P_008981,G_008981,POSITIVE,EXACT
P_008982,G_008982,POSITIVE,REF_MISSING
P_008983,G_008983,POSITIVE,EXACT
P_008984,G_008984,POSITIVE,REF_MISSING
P_008985,G_008985,POSITIVE,VENDOR_ALIAS
P_008986,G_008986,POSITIVE,REF_MISSING
P_008987,G_008987,POSITIVE,VENDOR_ALIAS
P_008988,G_008988,POSITIVE,EXACT
P_008989,G_008989,POSITIVE,EXACT
P_008990,G_008990,NEGATIVE,TAX_MISMATCH
P_008991,G_008991,POSITIVE,EXACT
P_008992,G_008992,POSITIVE,VENDOR_ALIAS
P_008993,G_008993,POSITIVE,EXACT
P_008994,G_008994,POSITIVE,EXACT
P_008995,G_008995,POSITIVE,EXACT
P_008996,G_008996,POSITIVE,EXACT
P_008997,G_008997,POSITIVE,VENDOR_ALIAS
P_008998,G_008998,POSITIVE,EXACT
P_008999,G_008999,POSITIVE,EXACT
P_009000,G_009000,POSITIVE,EXACT
P_009001,G_009001,POSITIVE,EXACT
P_009002,G_009002,POSITIVE,VENDOR_ALIAS
P_009003,G_009003,NEGATIVE,TAX_MISMATCH
P_009004,G_009004,POSITIVE,EXACT
P_009005,G_009005,POSITIVE,VENDOR_ALIAS
P_009006,G_009006,POSITIVE,VENDOR_ALIAS
P_009007,G_009007,POSITIVE,VENDOR_ALIAS
P_009008,G_009008,POSITIVE,EXACT
P_009009,G_009009,NEGATIVE,TAX_MISMATCH
P_009010,G_009010,POSITIVE,EXACT
P_009011,G_009011,NEGATIVE,AMOUNT_MISMATCH
P_009012,G_009012,POSITIVE,EXACT
P_009013,G_009013,POSITIVE,REF_MISSING
P_009014,G_009014,POSITIVE,VENDOR_ALIAS
P_009015,G_009015,POSITIVE,VENDOR_ALIAS
P_009016,G_009016,POSITIVE,EXACT
P_009017,G_009017,POSITIVE,EXACT
P_009018,G_009018,POSITIVE,REF_MISSING
P_009019,G_009019,POSITIVE,EXACT
P_009020,G_009020,POSITIVE,EXACT
P_009021,G_009021,POSITIVE,VENDOR_ALIAS
P_009022,G_009022,POSITIVE,REF_MISSING
P_009023,G_009023,POSITIVE,EXACT
P_009024,G_009024,POSITIVE,EXACT
P_009025,G_009025,POSITIVE,VENDOR_ALIAS
P_009026,G_009026,POSITIVE,EXACT
P_009027,G_009027,POSITIVE,EXACT
P_009028,G_009028,POSITIVE,EXACT
P_009029,G_009029,NEGATIVE,TAX_MISMATCH
P_009030,G_009030,POSITIVE,REF_MISSING
P_009031,G_009031,POSITIVE,REF_MISSING
P_009032,G_009032,POSITIVE,REF_MISSING
P_009033,G_009033,POSITIVE,REF_MISSING
P_009034,G_009034,POSITIVE,REF_MISSING
P_009035,G_009035,POSITIVE,EXACT
P_009036,G_009036,POSITIVE,EXACT
P_009037,G_009037,POSITIVE,VENDOR_ALIAS
P_009038,G_009038,POSITIVE,VENDOR_ALIAS
P_009039,G_009039,POSITIVE,EXACT
P_009040,G_009040,POSITIVE,EXACT
P_009041,G_009041,POSITIVE,REF_MISSING
P_009042,G_009042,POSITIVE,EXACT
P_009043,G_009043,POSITIVE,EXACT
P_009044,G_009044,POSITIVE,EXACT
P_009045,G_009045,POSITIVE,REF_MISSING
P_009046,G_009046,POSITIVE,EXACT
P_009047,G_009047,POSITIVE,VENDOR_ALIAS
P_009048,G_009048,POSITIVE,VENDOR_ALIAS
P_009049,G_009049,POSITIVE,REF_MISSING
P_009050,G_009050,POSITIVE,EXACT
P_009051,G_009051,POSITIVE,EXACT
P_009052,G_009052,NEGATIVE,TAX_MISMATCH
P_009053,G_009053,NEGATIVE,AMOUNT_MISMATCH
P_009054,G_009054,POSITIVE,VENDOR_ALIAS
P_009055,G_009055,POSITIVE,EXACT
P_009056,G_009056,POSITIVE,EXACT
P_009057,G_009057,POSITIVE,EXACT
P_009058,G_009058,POSITIVE,EXACT
P_009059,G_009059,POSITIVE,EXACT
P_009060,G_009060,POSITIVE,REF_MISSING
P_009061,G_009061,POSITIVE,REF_MISSING
P_009062,G_009062,POSITIVE,REF_MISSING
P_009063,G_009063,POSITIVE,REF_MISSING
P_009064,G_009064,POSITIVE,REF_MISSING
P_009065,G_009065,POSITIVE,EXACT
P_009066,G_009066,POSITIVE,EXACT
P_009067,G_009067,NEGATIVE,AMOUNT_MISMATCH
P_009068,G_009068,POSITIVE,VENDOR_ALIAS
P_009069,G_009069,POSITIVE,REF_MISSING
P_009070,G_009070,POSITIVE,REF_MISSING
P_009071,G_009071,POSITIVE,VENDOR_ALIAS
P_009072,G_009072,POSITIVE,VENDOR_ALIAS
P_009073,G_009073,POSITIVE,VENDOR_ALIAS
P_009074,G_009074,POSITIVE,EXACT
P_009075,G_009075,POSITIVE,VENDOR_ALIAS
P_009076,G_009076,POSITIVE,EXACT
P_009077,G_009077,POSITIVE,REF_MISSING
P_009078,G_009078,POSITIVE,VENDOR_ALIAS
P_009079,G_009079,NEGATIVE,AMOUNT_MISMATCH
P_009080,G_009080,POSITIVE,EXACT
P_009081,G_009081,POSITIVE,EXACT
P_009082,G_009082,POSITIVE,REF_MISSING
P_009083,G_009083,NEGATIVE,AMOUNT_MISMATCH
P_009084,G_009084,POSITIVE,EXACT
P_009085,G_009085,NEGATIVE,AMOUNT_MISMATCH
P_009086,G_009086,POSITIVE,VENDOR_ALIAS
P_009087,G_009087,POSITIVE,EXACT
P_009088,G_009088,POSITIVE,VENDOR_ALIAS
P_009089,G_009089,POSITIVE,EXACT
P_009090,G_009090,POSITIVE,REF_MISSING
P_009091,G_009091,POSITIVE,EXACT
P_009092,G_009092,POSITIVE,EXACT
P_009093,G_009093,POSITIVE,EXACT
P_009094,G_009094,NEGATIVE,AMOUNT_MISMATCH
P_009095,G_009095,POSITIVE,EXACT
P_009096,G_009096,NEGATIVE,AMOUNT_MISMATCH
P_009097,G_009097,POSITIVE,EXACT
P_009098,G_009098,NEGATIVE,TAX_MISMATCH
P_009099,G_009099,POSITIVE,EXACT
P_009100,G_009100,POSITIVE,EXACT
P_009101,G_009101,POSITIVE,VENDOR_ALIAS
P_009102,G_009102,POSITIVE,EXACT
P_009103,G_009103,POSITIVE,VENDOR_ALIAS
P_009104,G_009104,POSITIVE,EXACT
P_009105,G_009105,POSITIVE,EXACT
P_009106,G_009106,POSITIVE,EXACT
P_009107,G_009107,POSITIVE,VENDOR_ALIAS
P_009108,G_009108,POSITIVE,EXACT
P_009109,G_009109,POSITIVE,EXACT
P_009110,G_009110,POSITIVE,REF_MISSING
P_009111,G_009111,POSITIVE,EXACT
P_009112,G_009112,POSITIVE,VENDOR_ALIAS
P_009113,G_009113,POSITIVE,EXACT
P_009114,G_009114,POSITIVE,VENDOR_ALIAS
P_009115,G_009115,POSITIVE,REF_MISSING
P_009116,G_009116,POSITIVE,REF_MISSING
P_009117,G_009117,POSITIVE,EXACT
P_009118,G_009118,POSITIVE,REF_MISSING
P_009119,G_009119,POSITIVE,EXACT
P_009120,G_009120,POSITIVE,EXACT
P_009121,G_009121,POSITIVE,VENDOR_ALIAS
P_009122,G_009122,POSITIVE,EXACT
P_009123,G_009123,POSITIVE,EXACT
P_009124,G_009124,POSITIVE,VENDOR_ALIAS
P_009125,G_009125,POSITIVE,REF_MISSING
P_009126,G_009126,POSITIVE,VENDOR_ALIAS
P_009127,G_009127,NEGATIVE,TAX_MISMATCH
P_009128,G_009128,NEGATIVE,AMOUNT_MISMATCH
P_009129,G_009129,POSITIVE,EXACT
P_009130,G_009130,NEGATIVE,AMOUNT_MISMATCH
P_009131,G_009131,NEGATIVE,TAX_MISMATCH
P_009132,G_009132,POSITIVE,REF_MISSING
P_009133,G_009133,POSITIVE,EXACT
P_009134,G_009134,NEGATIVE,AMOUNT_MISMATCH
P_009135,G_009135,POSITIVE,EXACT
P_009136,G_009136,NEGATIVE,TAX_MISMATCH
P_009137,G_009137,POSITIVE,VENDOR_ALIAS
P_009138,G_009138,POSITIVE,EXACT
P_009139,G_009139,POSITIVE,EXACT
P_009140,G_009140,POSITIVE,EXACT
P_009141,G_009141,POSITIVE,REF_MISSING
P_009142,G_009142,POSITIVE,REF_MISSING
P_009143,G_009143,POSITIVE,REF_MISSING
P_009144,G_009144,POSITIVE,EXACT
P_009145,G_009145,POSITIVE,REF_MISSING
P_009146,G_009146,POSITIVE,VENDOR_ALIAS
P_009147,G_009147,POSITIVE,EXACT
P_009148,G_009148,POSITIVE,EXACT
P_009149,G_009149,POSITIVE,EXACT
P_009150,G_009150,POSITIVE,EXACT
P_009151,G_009151,NEGATIVE,AMOUNT_MISMATCH
P_009152,G_009152,NEGATIVE,TAX_MISMATCH
P_009153,G_009153,POSITIVE,VENDOR_ALIAS
P_009154,G_009154,POSITIVE,EXACT
P_009155,G_009155,POSITIVE,REF_MISSING
P_009156,G_009156,NEGATIVE,AMOUNT_MISMATCH
P_009157,G_009157,POSITIVE,EXACT
P_009158,G_009158,POSITIVE,EXACT
P_009159,G_009159,NEGATIVE,AMOUNT_MISMATCH
P_009160,G_009160,POSITIVE,REF_MISSING
P_009161,G_009161,POSITIVE,REF_MISSING
P_009162,G_009162,POSITIVE,EXACT
P_009163,G_009163,POSITIVE,REF_MISSING
P_009164,G_009164,POSITIVE,EXACT
P_009165,G_009165,POSITIVE,EXACT
P_009166,G_009166,POSITIVE,EXACT
P_009167,G_009167,POSITIVE,EXACT
P_009168,G_009168,POSITIVE,EXACT
P_009169,G_009169,POSITIVE,EXACT
P_009170,G_009170,POSITIVE,EXACT
P_009171,G_009171,POSITIVE,EXACT
P_009172,G_009172,POSITIVE,EXACT
P_009173,G_009173,POSITIVE,EXACT
P_009174,G_009174,NEGATIVE,AMOUNT_MISMATCH
P_009175,G_009175,POSITIVE,EXACT
P_009176,G_009176,POSITIVE,EXACT
P_009177,G_009177,POSITIVE,EXACT
P_009178,G_009178,POSITIVE,EXACT
P_009179,G_009179,POSITIVE,REF_MISSING
P_009180,G_009180,POSITIVE,VENDOR_ALIAS
P_009181,G_009181,POSITIVE,EXACT
P_009182,G_009182,POSITIVE,EXACT
P_009183,G_009183,POSITIVE,VENDOR_ALIAS
P_009184,G_009184,POSITIVE,EXACT
P_009185,G_009185,POSITIVE,EXACT
P_009186,G_009186,POSITIVE,EXACT
P_009187,G_009187,POSITIVE,EXACT
P_009188,G_009188,POSITIVE,VENDOR_ALIAS
P_009189,G_009189,POSITIVE,VENDOR_ALIAS
P_009190,G_009190,POSITIVE,EXACT
P_009191,G_009191,POSITIVE,EXACT
P_009192,G_009192,POSITIVE,EXACT
P_009193,G_009193,POSITIVE,REF_MISSING
P_009194,G_009194,POSITIVE,REF_MISSING
P_009195,G_009195,POSITIVE,EXACT
P_009196,G_009196,POSITIVE,VENDOR_ALIAS
P_009197,G_009197,POSITIVE,EXACT
P_009198,G_009198,NEGATIVE,TAX_MISMATCH
P_009199,G_009199,POSITIVE,VENDOR_ALIAS
P_009200,G_009200,POSITIVE,VENDOR_ALIAS
P_009201,G_009201,POSITIVE,EXACT
P_009202,G_009202,POSITIVE,VENDOR_ALIAS
P_009203,G_009203,NEGATIVE,TAX_MISMATCH
P_009204,G_009204,POSITIVE,EXACT
P_009205,G_009205,POSITIVE,EXACT
P_009206,G_009206,POSITIVE,VENDOR_ALIAS
P_009207,G_009207,POSITIVE,VENDOR_ALIAS
P_009208,G_009208,POSITIVE,EXACT
P_009209,G_009209,POSITIVE,EXACT
P_009210,G_009210,POSITIVE,EXACT
P_009211,G_009211,POSITIVE,EXACT
P_009212,G_009212,POSITIVE,EXACT
P_009213,G_009213,POSITIVE,REF_MISSING
P_009214,G_009214,POSITIVE,EXACT
P_009215,G_009215,POSITIVE,EXACT
P_009216,G_009216,POSITIVE,REF_MISSING
P_009217,G_009217,POSITIVE,EXACT
P_009218,G_009218,POSITIVE,EXACT
P_009219,G_009219,POSITIVE,EXACT
P_009220,G_009220,NEGATIVE,TAX_MISMATCH
P_009221,G_009221,POSITIVE,EXACT
P_009222,G_009222,POSITIVE,EXACT
P_009223,G_009223,POSITIVE,VENDOR_ALIAS
P_009224,G_009224,POSITIVE,VENDOR_ALIAS
P_009225,G_009225,POSITIVE,VENDOR_ALIAS
P_009226,G_009226,POSITIVE,EXACT
P_009227,G_009227,POSITIVE,VENDOR_ALIAS
P_009228,G_009228,POSITIVE,VENDOR_ALIAS
P_009229,G_009229,POSITIVE,EXACT
P_009230,G_009230,POSITIVE,VENDOR_ALIAS
P_009231,G_009231,NEGATIVE,TAX_MISMATCH
P_009232,G_009232,POSITIVE,EXACT
P_009233,G_009233,POSITIVE,EXACT
P_009234,G_009234,POSITIVE,EXACT
P_009235,G_009235,POSITIVE,EXACT
P_009236,G_009236,NEGATIVE,TAX_MISMATCH
P_009237,G_009237,POSITIVE,REF_MISSING
P_009238,G_009238,POSITIVE,REF_MISSING
P_009239,G_009239,POSITIVE,EXACT
P_009240,G_009240,POSITIVE,REF_MISSING
P_009241,G_009241,POSITIVE,REF_MISSING
P_009242,G_009242,POSITIVE,EXACT
P_009243,G_009243,POSITIVE,EXACT
P_009244,G_009244,POSITIVE,VENDOR_ALIAS
P_009245,G_009245,POSITIVE,EXACT
P_009246,G_009246,POSITIVE,EXACT
P_009247,G_009247,POSITIVE,EXACT
P_009248,G_009248,POSITIVE,EXACT
P_009249,G_009249,POSITIVE,EXACT
P_009250,G_009250,POSITIVE,EXACT
P_009251,G_009251,POSITIVE,VENDOR_ALIAS
P_009252,G_009252,POSITIVE,EXACT
P_009253,G_009253,POSITIVE,EXACT
P_009254,G_009254,POSITIVE,EXACT
P_009255,G_009255,POSITIVE,VENDOR_ALIAS
P_009256,G_009256,POSITIVE,EXACT
P_009257,G_009257,POSITIVE,EXACT
P_009258,G_009258,NEGATIVE,AMOUNT_MISMATCH
P_009259,G_009259,NEGATIVE,AMOUNT_MISMATCH
P_009260,G_009260,POSITIVE,VENDOR_ALIAS
P_009261,G_009261,POSITIVE,VENDOR_ALIAS
P_009262,G_009262,POSITIVE,VENDOR_ALIAS
P_009263,G_009263,POSITIVE,REF_MISSING
P_009264,G_009264,POSITIVE,REF_MISSING
P_009265,G_009265,NEGATIVE,AMOUNT_MISMATCH
P_009266,G_009266,POSITIVE,VENDOR_ALIAS
P_009267,G_009267,POSITIVE,EXACT
P_009268,G_009268,POSITIVE,VENDOR_ALIAS
P_009269,G_009269,POSITIVE,EXACT
P_009270,G_009270,POSITIVE,REF_MISSING
P_009271,G_009271,POSITIVE,EXACT
P_009272,G_009272,POSITIVE,REF_MISSING
P_009273,G_009273,POSITIVE,EXACT
P_009274,G_009274,POSITIVE,EXACT
P_009275,G_009275,POSITIVE,EXACT
P_009276,G_009276,POSITIVE,EXACT
P_009277,G_009277,POSITIVE,VENDOR_ALIAS
P_009278,G_009278,POSITIVE,EXACT
P_009279,G_009279,POSITIVE,EXACT
P_009280,G_009280,POSITIVE,EXACT
P_009281,G_009281,POSITIVE,EXACT
P_009282,G_009282,POSITIVE,EXACT
P_009283,G_009283,POSITIVE,EXACT
P_009284,G_009284,POSITIVE,VENDOR_ALIAS
P_009285,G_009285,POSITIVE,EXACT
P_009286,G_009286,NEGATIVE,AMOUNT_MISMATCH
P_009287,G_009287,POSITIVE,EXACT
P_009288,G_009288,POSITIVE,VENDOR_ALIAS
P_009289,G_009289,POSITIVE,EXACT
P_009290,G_009290,POSITIVE,EXACT
P_009291,G_009291,POSITIVE,VENDOR_ALIAS
P_009292,G_009292,POSITIVE,EXACT
P_009293,G_009293,POSITIVE,REF_MISSING
P_009294,G_009294,POSITIVE,EXACT
P_009295,G_009295,POSITIVE,EXACT
P_009296,G_009296,NEGATIVE,TAX_MISMATCH
P_009297,G_009297,POSITIVE,REF_MISSING
P_009298,G_009298,NEGATIVE,AMOUNT_MISMATCH
P_009299,G_009299,NEGATIVE,AMOUNT_MISMATCH
P_009300,G_009300,POSITIVE,EXACT
P_009301,G_009301,NEGATIVE,AMOUNT_MISMATCH
P_009302,G_009302,POSITIVE,REF_MISSING
P_009303,G_009303,POSITIVE,VENDOR_ALIAS
P_009304,G_009304,POSITIVE,EXACT
P_009305,G_009305,POSITIVE,EXACT
P_009306,G_009306,POSITIVE,EXACT
P_009307,G_009307,POSITIVE,EXACT
P_009308,G_009308,POSITIVE,REF_MISSING
P_009309,G_009309,NEGATIVE,AMOUNT_MISMATCH
P_009310,G_009310,POSITIVE,VENDOR_ALIAS
P_009311,G_009311,NEGATIVE,AMOUNT_MISMATCH
P_009312,G_009312,POSITIVE,REF_MISSING
P_009313,G_009313,POSITIVE,EXACT
P_009314,G_009314,POSITIVE,REF_MISSING
P_009315,G_009315,NEGATIVE,TAX_MISMATCH
P_009316,G_009316,POSITIVE,VENDOR_ALIAS
P_009317,G_009317,NEGATIVE,TAX_MISMATCH
P_009318,G_009318,POSITIVE,EXACT
P_009319,G_009319,POSITIVE,VENDOR_ALIAS
P_009320,G_009320,NEGATIVE,AMOUNT_MISMATCH
P_009321,G_009321,POSITIVE,VENDOR_ALIAS
P_009322,G_009322,NEGATIVE,AMOUNT_MISMATCH
P_009323,G_009323,POSITIVE,VENDOR_ALIAS
P_009324,G_009324,POSITIVE,EXACT
P_009325,G_009325,POSITIVE,VENDOR_ALIAS
P_009326,G_009326,POSITIVE,EXACT
P_009327,G_009327,NEGATIVE,AMOUNT_MISMATCH
P_009328,G_009328,POSITIVE,EXACT
P_009329,G_009329,POSITIVE,EXACT
P_009330,G_009330,POSITIVE,REF_MISSING
P_009331,G_009331,POSITIVE,EXACT
P_009332,G_009332,NEGATIVE,AMOUNT_MISMATCH
P_009333,G_009333,POSITIVE,EXACT
P_009334,G_009334,POSITIVE,EXACT
P_009335,G_009335,POSITIVE,EXACT
P_009336,G_009336,POSITIVE,REF_MISSING
P_009337,G_009337,POSITIVE,EXACT
P_009338,G_009338,POSITIVE,REF_MISSING
P_009339,G_009339,POSITIVE,EXACT
P_009340,G_009340,POSITIVE,EXACT
P_009341,G_009341,NEGATIVE,AMOUNT_MISMATCH
P_009342,G_009342,POSITIVE,EXACT
P_009343,G_009343,POSITIVE,VENDOR_ALIAS
P_009344,G_009344,POSITIVE,EXACT
P_009345,G_009345,POSITIVE,EXACT
P_009346,G_009346,POSITIVE,REF_MISSING
P_009347,G_009347,POSITIVE,EXACT
P_009348,G_009348,POSITIVE,VENDOR_ALIAS
P_009349,G_009349,POSITIVE,EXACT
P_009350,G_009350,POSITIVE,EXACT
P_009351,G_009351,POSITIVE,VENDOR_ALIAS
P_009352,G_009352,POSITIVE,REF_MISSING
P_009353,G_009353,POSITIVE,EXACT
P_009354,G_009354,POSITIVE,EXACT
P_009355,G_009355,POSITIVE,EXACT
P_009356,G_009356,POSITIVE,EXACT
P_009357,G_009357,POSITIVE,EXACT
P_009358,G_009358,POSITIVE,EXACT
P_009359,G_009359,POSITIVE,REF_MISSING
P_009360,G_009360,POSITIVE,REF_MISSING
P_009361,G_009361,POSITIVE,VENDOR_ALIAS
P_009362,G_009362,NEGATIVE,AMOUNT_MISMATCH
P_009363,G_009363,POSITIVE,EXACT
P_009364,G_009364,NEGATIVE,AMOUNT_MISMATCH
P_009365,G_009365,NEGATIVE,AMOUNT_MISMATCH
P_009366,G_009366,POSITIVE,EXACT
P_009367,G_009367,POSITIVE,EXACT
P_009368,G_009368,POSITIVE,REF_MISSING
P_009369,G_009369,NEGATIVE,AMOUNT_MISMATCH
P_009370,G_009370,POSITIVE,REF_MISSING
P_009371,G_009371,NEGATIVE,AMOUNT_MISMATCH
P_009372,G_009372,POSITIVE,VENDOR_ALIAS
P_009373,G_009373,POSITIVE,VENDOR_ALIAS
P_009374,G_009374,POSITIVE,EXACT
P_009375,G_009375,NEGATIVE,TAX_MISMATCH
P_009376,G_009376,NEGATIVE,AMOUNT_MISMATCH
P_009377,G_009377,POSITIVE,EXACT
P_009378,G_009378,POSITIVE,EXACT
P_009379,G_009379,POSITIVE,VENDOR_ALIAS
P_009380,G_009380,POSITIVE,EXACT
P_009381,G_009381,NEGATIVE,TAX_MISMATCH
P_009382,G_009382,POSITIVE,EXACT
P_009383,G_009383,POSITIVE,REF_MISSING
P_009384,G_009384,POSITIVE,REF_MISSING
P_009385,G_009385,POSITIVE,VENDOR_ALIAS
P_009386,G_009386,POSITIVE,REF_MISSING
P_009387,G_009387,POSITIVE,EXACT
P_009388,G_009388,POSITIVE,EXACT
P_009389,G_009389,POSITIVE,VENDOR_ALIAS
P_009390,G_009390,POSITIVE,VENDOR_ALIAS
P_009391,G_009391,POSITIVE,EXACT
P_009392,G_009392,POSITIVE,REF_MISSING
P_009393,G_009393,POSITIVE,EXACT
P_009394,G_009394,POSITIVE,REF_MISSING
P_009395,G_009395,POSITIVE,EXACT
P_009396,G_009396,POSITIVE,EXACT
P_009397,G_009397,POSITIVE,REF_MISSING
P_009398,G_009398,POSITIVE,EXACT
P_009399,G_009399,POSITIVE,VENDOR_ALIAS
P_009400,G_009400,POSITIVE,VENDOR_ALIAS
P_009401,G_009401,POSITIVE,VENDOR_ALIAS
P_009402,G_009402,POSITIVE,EXACT
P_009403,G_009403,NEGATIVE,AMOUNT_MISMATCH
P_009404,G_009404,NEGATIVE,AMOUNT_MISMATCH
P_009405,G_009405,POSITIVE,EXACT
P_009406,G_009406,POSITIVE,EXACT
P_009407,G_009407,POSITIVE,EXACT
P_009408,G_009408,NEGATIVE,AMOUNT_MISMATCH
P_009409,G_009409,POSITIVE,EXACT
P_009410,G_009410,POSITIVE,VENDOR_ALIAS
P_009411,G_009411,POSITIVE,REF_MISSING
P_009412,G_009412,POSITIVE,EXACT
P_009413,G_009413,POSITIVE,VENDOR_ALIAS
P_009414,G_009414,POSITIVE,EXACT
P_009415,G_009415,POSITIVE,VENDOR_ALIAS
P_009416,G_009416,POSITIVE,EXACT
P_009417,G_009417,POSITIVE,VENDOR_ALIAS
P_009418,G_009418,POSITIVE,EXACT
P_009419,G_009419,POSITIVE,EXACT
P_009420,G_009420,POSITIVE,EXACT
P_009421,G_009421,NEGATIVE,AMOUNT_MISMATCH
P_009422,G_009422,POSITIVE,VENDOR_ALIAS
P_009423,G_009423,POSITIVE,EXACT
P_009424,G_009424,POSITIVE,VENDOR_ALIAS
P_009425,G_009425,POSITIVE,REF_MISSING
P_009426,G_009426,POSITIVE,EXACT
P_009427,G_009427,POSITIVE,REF_MISSING
P_009428,G_009428,POSITIVE,REF_MISSING
P_009429,G_009429,POSITIVE,VENDOR_ALIAS
P_009430,G_009430,POSITIVE,REF_MISSING
P_009431,G_009431,POSITIVE,VENDOR_ALIAS
P_009432,G_009432,POSITIVE,EXACT
P_009433,G_009433,NEGATIVE,TAX_MISMATCH
P_009434,G_009434,NEGATIVE,AMOUNT_MISMATCH
P_009435,G_009435,POSITIVE,EXACT
P_009436,G_009436,POSITIVE,EXACT
P_009437,G_009437,NEGATIVE,AMOUNT_MISMATCH
P_009438,G_009438,POSITIVE,EXACT
P_009439,G_009439,POSITIVE,VENDOR_ALIAS
P_009440,G_009440,POSITIVE,VENDOR_ALIAS
P_009441,G_009441,POSITIVE,REF_MISSING
P_009442,G_009442,POSITIVE,EXACT
P_009443,G_009443,NEGATIVE,AMOUNT_MISMATCH
P_009444,G_009444,POSITIVE,VENDOR_ALIAS
P_009445,G_009445,POSITIVE,EXACT
P_009446,G_009446,POSITIVE,VENDOR_ALIAS
P_009447,G_009447,NEGATIVE,TAX_MISMATCH
P_009448,G_009448,POSITIVE,VENDOR_ALIAS
P_009449,G_009449,POSITIVE,EXACT
P_009450,G_009450,NEGATIVE,TAX_MISMATCH
P_009451,G_009451,POSITIVE,REF_MISSING
P_009452,G_009452,POSITIVE,VENDOR_ALIAS
P_009453,G_009453,POSITIVE,EXACT
P_009454,G_009454,POSITIVE,EXACT
P_009455,G_009455,NEGATIVE,AMOUNT_MISMATCH
P_009456,G_009456,POSITIVE,VENDOR_ALIAS
P_009457,G_009457,POSITIVE,EXACT
P_009458,G_009458,POSITIVE,REF_MISSING
P_009459,G_009459,POSITIVE,EXACT
P_009460,G_009460,POSITIVE,EXACT
P_009461,G_009461,POSITIVE,VENDOR_ALIAS
P_009462,G_009462,POSITIVE,EXACT
P_009463,G_009463,NEGATIVE,TAX_MISMATCH
P_009464,G_009464,POSITIVE,EXACT
P_009465,G_009465,NEGATIVE,AMOUNT_MISMATCH
P_009466,G_009466,POSITIVE,EXACT
P_009467,G_009467,POSITIVE,REF_MISSING
P_009468,G_009468,POSITIVE,EXACT
P_009469,G_009469,POSITIVE,EXACT
P_009470,G_009470,POSITIVE,REF_MISSING
P_009471,G_009471,POSITIVE,EXACT
P_009472,G_009472,POSITIVE,VENDOR_ALIAS
P_009473,G_009473,POSITIVE,EXACT
P_009474,G_009474,POSITIVE,VENDOR_ALIAS
P_009475,G_009475,POSITIVE,VENDOR_ALIAS
P_009476,G_009476,POSITIVE,REF_MISSING
P_009477,G_009477,POSITIVE,REF_MISSING
P_009478,G_009478,NEGATIVE,TAX_MISMATCH
P_009479,G_009479,POSITIVE,VENDOR_ALIAS
P_009480,G_009480,POSITIVE,EXACT
P_009481,G_009481,POSITIVE,EXACT
P_009482,G_009482,POSITIVE,EXACT
P_009483,G_009483,POSITIVE,EXACT
P_009484,G_009484,POSITIVE,EXACT
P_009485,G_009485,POSITIVE,EXACT
P_009486,G_009486,POSITIVE,REF_MISSING
P_009487,G_009487,POSITIVE,EXACT
P_009488,G_009488,POSITIVE,EXACT
P_009489,G_009489,NEGATIVE,AMOUNT_MISMATCH
P_009490,G_009490,POSITIVE,EXACT
P_009491,G_009491,POSITIVE,EXACT
P_009492,G_009492,POSITIVE,REF_MISSING
P_009493,G_009493,POSITIVE,REF_MISSING
P_009494,G_009494,POSITIVE,VENDOR_ALIAS
P_009495,G_009495,NEGATIVE,TAX_MISMATCH
P_009496,G_009496,POSITIVE,VENDOR_ALIAS
P_009497,G_009497,POSITIVE,REF_MISSING
P_009498,G_009498,POSITIVE,VENDOR_ALIAS
P_009499,G_009499,NEGATIVE,AMOUNT_MISMATCH
P_009500,G_009500,POSITIVE,EXACT
P_009501,G_009501,POSITIVE,EXACT
P_009502,G_009502,POSITIVE,EXACT
P_009503,G_009503,POSITIVE,REF_MISSING
P_009504,G_009504,POSITIVE,EXACT
P_009505,G_009505,POSITIVE,VENDOR_ALIAS
P_009506,G_009506,POSITIVE,VENDOR_ALIAS
P_009507,G_009507,POSITIVE,REF_MISSING
P_009508,G_009508,NEGATIVE,AMOUNT_MISMATCH
P_009509,G_009509,POSITIVE,EXACT
P_009510,G_009510,POSITIVE,EXACT
P_009511,G_009511,NEGATIVE,AMOUNT_MISMATCH
P_009512,G_009512,POSITIVE,EXACT
P_009513,G_009513,NEGATIVE,AMOUNT_MISMATCH
P_009514,G_009514,NEGATIVE,AMOUNT_MISMATCH
P_009515,G_009515,POSITIVE,EXACT
P_009516,G_009516,NEGATIVE,AMOUNT_MISMATCH
P_009517,G_009517,POSITIVE,REF_MISSING
P_009518,G_009518,POSITIVE,EXACT
P_009519,G_009519,POSITIVE,EXACT
P_009520,G_009520,POSITIVE,EXACT
P_009521,G_009521,POSITIVE,VENDOR_ALIAS
P_009522,G_009522,POSITIVE,EXACT
P_009523,G_009523,POSITIVE,EXACT
P_009524,G_009524,NEGATIVE,AMOUNT_MISMATCH
P_009525,G_009525,POSITIVE,VENDOR_ALIAS
P_009526,G_009526,POSITIVE,EXACT
P_009527,G_009527,POSITIVE,REF_MISSING
P_009528,G_009528,NEGATIVE,TAX_MISMATCH
P_009529,G_009529,POSITIVE,VENDOR_ALIAS
P_009530,G_009530,POSITIVE,EXACT
P_009531,G_009531,NEGATIVE,AMOUNT_MISMATCH
P_009532,G_009532,POSITIVE,EXACT
P_009533,G_009533,POSITIVE,EXACT
P_009534,G_009534,POSITIVE,EXACT
P_009535,G_009535,POSITIVE,REF_MISSING
P_009536,G_009536,NEGATIVE,AMOUNT_MISMATCH
P_009537,G_009537,NEGATIVE,AMOUNT_MISMATCH
P_009538,G_009538,POSITIVE,VENDOR_ALIAS
P_009539,G_009539,POSITIVE,EXACT
P_009540,G_009540,POSITIVE,VENDOR_ALIAS
P_009541,G_009541,POSITIVE,VENDOR_ALIAS
P_009542,G_009542,POSITIVE,EXACT
P_009543,G_009543,POSITIVE,EXACT
P_009544,G_009544,NEGATIVE,AMOUNT_MISMATCH
P_009545,G_009545,POSITIVE,EXACT
P_009546,G_009546,POSITIVE,EXACT
P_009547,G_009547,POSITIVE,EXACT
P_009548,G_009548,POSITIVE,EXACT
P_009549,G_009549,POSITIVE,EXACT
P_009550,G_009550,NEGATIVE,AMOUNT_MISMATCH
P_009551,G_009551,POSITIVE,EXACT
P_009552,G_009552,POSITIVE,VENDOR_ALIAS
P_009553,G_009553,POSITIVE,EXACT
P_009554,G_009554,POSITIVE,REF_MISSING
P_009555,G_009555,POSITIVE,VENDOR_ALIAS
P_009556,G_009556,POSITIVE,REF_MISSING
P_009557,G_009557,POSITIVE,EXACT
P_009558,G_009558,NEGATIVE,AMOUNT_MISMATCH
P_009559,G_009559,NEGATIVE,TAX_MISMATCH
P_009560,G_009560,NEGATIVE,TAX_MISMATCH
P_009561,G_009561,POSITIVE,EXACT
P_009562,G_009562,NEGATIVE,AMOUNT_MISMATCH
P_009563,G_009563,POSITIVE,EXACT
P_009564,G_009564,POSITIVE,EXACT
P_009565,G_009565,POSITIVE,EXACT
P_009566,G_009566,POSITIVE,EXACT
P_009567,G_009567,POSITIVE,EXACT
P_009568,G_009568,NEGATIVE,AMOUNT_MISMATCH
P_009569,G_009569,POSITIVE,EXACT
P_009570,G_009570,POSITIVE,EXACT
P_009571,G_009571,POSITIVE,EXACT
P_009572,G_009572,POSITIVE,VENDOR_ALIAS
P_009573,G_009573,POSITIVE,EXACT
P_009574,G_009574,POSITIVE,REF_MISSING
P_009575,G_009575,POSITIVE,EXACT
P_009576,G_009576,POSITIVE,REF_MISSING
P_009577,G_009577,POSITIVE,VENDOR_ALIAS
P_009578,G_009578,POSITIVE,VENDOR_ALIAS
P_009579,G_009579,NEGATIVE,TAX_MISMATCH
P_009580,G_009580,NEGATIVE,TAX_MISMATCH
P_009581,G_009581,POSITIVE,VENDOR_ALIAS
P_009582,G_009582,POSITIVE,VENDOR_ALIAS
P_009583,G_009583,POSITIVE,EXACT
P_009584,G_009584,POSITIVE,EXACT
P_009585,G_009585,POSITIVE,REF_MISSING
P_009586,G_009586,POSITIVE,EXACT
P_009587,G_009587,POSITIVE,EXACT
P_009588,G_009588,POSITIVE,VENDOR_ALIAS
P_009589,G_009589,POSITIVE,VENDOR_ALIAS
P_009590,G_009590,POSITIVE,EXACT
P_009591,G_009591,POSITIVE,REF_MISSING
P_009592,G_009592,POSITIVE,EXACT
P_009593,G_009593,NEGATIVE,AMOUNT_MISMATCH
P_009594,G_009594,NEGATIVE,TAX_MISMATCH
P_009595,G_009595,NEGATIVE,AMOUNT_MISMATCH
P_009596,G_009596,POSITIVE,EXACT
P_009597,G_009597,POSITIVE,EXACT
P_009598,G_009598,POSITIVE,VENDOR_ALIAS
P_009599,G_009599,POSITIVE,VENDOR_ALIAS
P_009600,G_009600,POSITIVE,EXACT
P_009601,G_009601,POSITIVE,VENDOR_ALIAS
P_009602,G_009602,POSITIVE,EXACT
P_009603,G_009603,POSITIVE,EXACT
P_009604,G_009604,POSITIVE,VENDOR_ALIAS
P_009605,G_009605,POSITIVE,REF_MISSING
P_009606,G_009606,POSITIVE,REF_MISSING
P_009607,G_009607,POSITIVE,EXACT
P_009608,G_009608,POSITIVE,EXACT
P_009609,G_009609,POSITIVE,REF_MISSING
P_009610,G_009610,POSITIVE,VENDOR_ALIAS
P_009611,G_009611,POSITIVE,EXACT
P_009612,G_009612,POSITIVE,VENDOR_ALIAS
P_009613,G_009613,POSITIVE,EXACT
P_009614,G_009614,POSITIVE,VENDOR_ALIAS
P_009615,G_009615,POSITIVE,VENDOR_ALIAS
P_009616,G_009616,NEGATIVE,AMOUNT_MISMATCH
P_009617,G_009617,POSITIVE,EXACT
P_009618,G_009618,POSITIVE,EXACT
P_009619,G_009619,POSITIVE,VENDOR_ALIAS
P_009620,G_009620,POSITIVE,EXACT
P_009621,G_009621,POSITIVE,EXACT
P_009622,G_009622,POSITIVE,VENDOR_ALIAS
P_009623,G_009623,POSITIVE,VENDOR_ALIAS
P_009624,G_009624,POSITIVE,EXACT
P_009625,G_009625,POSITIVE,REF_MISSING
P_009626,G_009626,NEGATIVE,TAX_MISMATCH
P_009627,G_009627,NEGATIVE,AMOUNT_MISMATCH
P_009628,G_009628,NEGATIVE,AMOUNT_MISMATCH
P_009629,G_009629,NEGATIVE,AMOUNT_MISMATCH
P_009630,G_009630,NEGATIVE,TAX_MISMATCH
P_009631,G_009631,NEGATIVE,AMOUNT_MISMATCH
P_009632,G_009632,POSITIVE,EXACT
P_009633,G_009633,POSITIVE,REF_MISSING
P_009634,G_009634,POSITIVE,VENDOR_ALIAS
P_009635,G_009635,POSITIVE,REF_MISSING
P_009636,G_009636,POSITIVE,EXACT
P_009637,G_009637,POSITIVE,VENDOR_ALIAS
P_009638,G_009638,POSITIVE,EXACT
P_009639,G_009639,NEGATIVE,TAX_MISMATCH
P_009640,G_009640,POSITIVE,EXACT
P_009641,G_009641,POSITIVE,VENDOR_ALIAS
P_009642,G_009642,NEGATIVE,AMOUNT_MISMATCH
P_009643,G_009643,POSITIVE,EXACT
P_009644,G_009644,POSITIVE,REF_MISSING
P_009645,G_009645,POSITIVE,REF_MISSING
P_009646,G_009646,POSITIVE,REF_MISSING
P_009647,G_009647,POSITIVE,REF_MISSING
P_009648,G_009648,NEGATIVE,AMOUNT_MISMATCH
P_009649,G_009649,POSITIVE,REF_MISSING
P_009650,G_009650,POSITIVE,VENDOR_ALIAS
P_009651,G_009651,POSITIVE,EXACT
P_009652,G_009652,POSITIVE,REF_MISSING
P_009653,G_009653,POSITIVE,VENDOR_ALIAS
P_009654,G_009654,POSITIVE,EXACT
P_009655,G_009655,NEGATIVE,TAX_MISMATCH
P_009656,G_009656,POSITIVE,EXACT
P_009657,G_009657,POSITIVE,EXACT
P_009658,G_009658,POSITIVE,VENDOR_ALIAS
P_009659,G_009659,POSITIVE,EXACT
P_009660,G_009660,POSITIVE,EXACT
P_009661,G_009661,POSITIVE,EXACT
P_009662,G_009662,NEGATIVE,AMOUNT_MISMATCH
P_009663,G_009663,POSITIVE,EXACT
P_009664,G_009664,POSITIVE,VENDOR_ALIAS
P_009665,G_009665,NEGATIVE,AMOUNT_MISMATCH
P_009666,G_009666,POSITIVE,VENDOR_ALIAS
P_009667,G_009667,NEGATIVE,TAX_MISMATCH
P_009668,G_009668,POSITIVE,VENDOR_ALIAS
P_009669,G_009669,POSITIVE,VENDOR_ALIAS
P_009670,G_009670,POSITIVE,VENDOR_ALIAS
P_009671,G_009671,NEGATIVE,AMOUNT_MISMATCH
P_009672,G_009672,POSITIVE,EXACT
P_009673,G_009673,POSITIVE,EXACT
P_009674,G_009674,NEGATIVE,AMOUNT_MISMATCH
P_009675,G_009675,POSITIVE,EXACT
P_009676,G_009676,POSITIVE,EXACT
P_009677,G_009677,POSITIVE,EXACT
P_009678,G_009678,POSITIVE,EXACT
P_009679,G_009679,NEGATIVE,TAX_MISMATCH
P_009680,G_009680,POSITIVE,REF_MISSING
P_009681,G_009681,POSITIVE,EXACT
P_009682,G_009682,POSITIVE,EXACT
P_009683,G_009683,POSITIVE,EXACT
P_009684,G_009684,POSITIVE,EXACT
P_009685,G_009685,POSITIVE,EXACT
P_009686,G_009686,POSITIVE,VENDOR_ALIAS
P_009687,G_009687,POSITIVE,EXACT
P_009688,G_009688,POSITIVE,EXACT
P_009689,G_009689,POSITIVE,EXACT
P_009690,G_009690,POSITIVE,EXACT
P_009691,G_009691,POSITIVE,REF_MISSING
P_009692,G_009692,POSITIVE,EXACT
P_009693,G_009693,NEGATIVE,AMOUNT_MISMATCH
P_009694,G_009694,POSITIVE,EXACT
P_009695,G_009695,POSITIVE,EXACT
P_009696,G_009696,POSITIVE,VENDOR_ALIAS
P_009697,G_009697,POSITIVE,EXACT
P_009698,G_009698,POSITIVE,VENDOR_ALIAS
P_009699,G_009699,POSITIVE,EXACT
P_009700,G_009700,POSITIVE,VENDOR_ALIAS
P_009701,G_009701,POSITIVE,EXACT
P_009702,G_009702,POSITIVE,EXACT
P_009703,G_009703,POSITIVE,EXACT
P_009704,G_009704,NEGATIVE,AMOUNT_MISMATCH
P_009705,G_009705,POSITIVE,REF_MISSING
P_009706,G_009706,NEGATIVE,AMOUNT_MISMATCH
P_009707,G_009707,NEGATIVE,AMOUNT_MISMATCH
P_009708,G_009708,POSITIVE,EXACT
P_009709,G_009709,POSITIVE,REF_MISSING
P_009710,G_009710,POSITIVE,EXACT
P_009711,G_009711,POSITIVE,VENDOR_ALIAS
P_009712,G_009712,POSITIVE,EXACT
P_009713,G_009713,POSITIVE,EXACT
P_009714,G_009714,POSITIVE,REF_MISSING
P_009715,G_009715,POSITIVE,VENDOR_ALIAS
P_009716,G_009716,POSITIVE,EXACT
P_009717,G_009717,POSITIVE,EXACT
P_009718,G_009718,POSITIVE,EXACT
P_009719,G_009719,POSITIVE,VENDOR_ALIAS
P_009720,G_009720,POSITIVE,EXACT
P_009721,G_009721,POSITIVE,EXACT
P_009722,G_009722,POSITIVE,EXACT
P_009723,G_009723,POSITIVE,EXACT
P_009724,G_009724,POSITIVE,EXACT
P_009725,G_009725,POSITIVE,REF_MISSING
P_009726,G_009726,POSITIVE,VENDOR_ALIAS
P_009727,G_009727,POSITIVE,EXACT
P_009728,G_009728,POSITIVE,EXACT
P_009729,G_009729,POSITIVE,EXACT
P_009730,G_009730,POSITIVE,EXACT
P_009731,G_009731,POSITIVE,EXACT
P_009732,G_009732,POSITIVE,EXACT
P_009733,G_009733,POSITIVE,EXACT
P_009734,G_009734,POSITIVE,EXACT
P_009735,G_009735,POSITIVE,EXACT
P_009736,G_009736,POSITIVE,EXACT
P_009737,G_009737,POSITIVE,REF_MISSING
P_009738,G_009738,POSITIVE,EXACT
P_009739,G_009739,POSITIVE,REF_MISSING
P_009740,G_009740,POSITIVE,EXACT
P_009741,G_009741,POSITIVE,EXACT
P_009742,G_009742,POSITIVE,VENDOR_ALIAS
P_009743,G_009743,POSITIVE,EXACT
P_009744,G_009744,POSITIVE,EXACT
P_009745,G_009745,POSITIVE,EXACT
P_009746,G_009746,POSITIVE,EXACT
P_009747,G_009747,POSITIVE,EXACT
P_009748,G_009748,POSITIVE,REF_MISSING
P_009749,G_009749,NEGATIVE,AMOUNT_MISMATCH
P_009750,G_009750,NEGATIVE,AMOUNT_MISMATCH
P_009751,G_009751,POSITIVE,REF_MISSING
P_009752,G_009752,NEGATIVE,AMOUNT_MISMATCH
P_009753,G_009753,POSITIVE,EXACT
P_009754,G_009754,NEGATIVE,AMOUNT_MISMATCH
P_009755,G_009755,POSITIVE,REF_MISSING
P_009756,G_009756,POSITIVE,EXACT
P_009757,G_009757,POSITIVE,VENDOR_ALIAS
P_009758,G_009758,POSITIVE,EXACT
P_009759,G_009759,POSITIVE,EXACT
P_009760,G_009760,POSITIVE,EXACT
P_009761,G_009761,POSITIVE,EXACT
P_009762,G_009762,POSITIVE,EXACT
P_009763,G_009763,POSITIVE,EXACT
P_009764,G_009764,POSITIVE,EXACT
P_009765,G_009765,NEGATIVE,AMOUNT_MISMATCH
P_009766,G_009766,POSITIVE,EXACT
P_009767,G_009767,POSITIVE,REF_MISSING
P_009768,G_009768,NEGATIVE,AMOUNT_MISMATCH
P_009769,G_009769,POSITIVE,VENDOR_ALIAS
P_009770,G_009770,POSITIVE,EXACT
P_009771,G_009771,POSITIVE,REF_MISSING
P_009772,G_009772,POSITIVE,REF_MISSING
P_009773,G_009773,POSITIVE,EXACT
P_009774,G_009774,NEGATIVE,TAX_MISMATCH
P_009775,G_009775,NEGATIVE,AMOUNT_MISMATCH
P_009776,G_009776,POSITIVE,EXACT
P_009777,G_009777,POSITIVE,EXACT
P_009778,G_009778,NEGATIVE,AMOUNT_MISMATCH
P_009779,G_009779,POSITIVE,VENDOR_ALIAS
P_009780,G_009780,POSITIVE,EXACT
P_009781,G_009781,POSITIVE,EXACT
P_009782,G_009782,POSITIVE,VENDOR_ALIAS
P_009783,G_009783,POSITIVE,EXACT
P_009784,G_009784,POSITIVE,EXACT
P_009785,G_009785,POSITIVE,EXACT
P_009786,G_009786,POSITIVE,REF_MISSING
P_009787,G_009787,POSITIVE,VENDOR_ALIAS
P_009788,G_009788,POSITIVE,EXACT
P_009789,G_009789,POSITIVE,REF_MISSING
P_009790,G_009790,POSITIVE,VENDOR_ALIAS
P_009791,G_009791,POSITIVE,EXACT
P_009792,G_009792,NEGATIVE,TAX_MISMATCH
P_009793,G_009793,POSITIVE,EXACT
P_009794,G_009794,POSITIVE,EXACT
P_009795,G_009795,POSITIVE,EXACT
P_009796,G_009796,NEGATIVE,AMOUNT_MISMATCH
P_009797,G_009797,POSITIVE,VENDOR_ALIAS
P_009798,G_009798,POSITIVE,REF_MISSING
P_009799,G_009799,NEGATIVE,AMOUNT_MISMATCH
P_009800,G_009800,POSITIVE,EXACT
P_009801,G_009801,POSITIVE,EXACT
P_009802,G_009802,POSITIVE,EXACT
P_009803,G_009803,POSITIVE,EXACT
P_009804,G_009804,POSITIVE,VENDOR_ALIAS
P_009805,G_009805,POSITIVE,EXACT
P_009806,G_009806,POSITIVE,REF_MISSING
P_009807,G_009807,POSITIVE,EXACT
P_009808,G_009808,POSITIVE,REF_MISSING
P_009809,G_009809,POSITIVE,EXACT
P_009810,G_009810,POSITIVE,VENDOR_ALIAS
P_009811,G_009811,POSITIVE,EXACT
P_009812,G_009812,POSITIVE,EXACT
P_009813,G_009813,POSITIVE,EXACT
P_009814,G_009814,POSITIVE,REF_MISSING
P_009815,G_009815,POSITIVE,VENDOR_ALIAS
P_009816,G_009816,POSITIVE,EXACT
P_009817,G_009817,POSITIVE,EXACT
P_009818,G_009818,POSITIVE,EXACT
P_009819,G_009819,POSITIVE,EXACT
P_009820,G_009820,POSITIVE,REF_MISSING
P_009821,G_009821,POSITIVE,EXACT
P_009822,G_009822,NEGATIVE,AMOUNT_MISMATCH
P_009823,G_009823,NEGATIVE,AMOUNT_MISMATCH
P_009824,G_009824,POSITIVE,EXACT
P_009825,G_009825,POSITIVE,EXACT
P_009826,G_009826,POSITIVE,EXACT
P_009827,G_009827,POSITIVE,EXACT
P_009828,G_009828,NEGATIVE,AMOUNT_MISMATCH
P_009829,G_009829,POSITIVE,REF_MISSING
P_009830,G_009830,NEGATIVE,AMOUNT_MISMATCH
P_009831,G_009831,POSITIVE,EXACT
P_009832,G_009832,POSITIVE,VENDOR_ALIAS
P_009833,G_009833,POSITIVE,EXACT
P_009834,G_009834,POSITIVE,EXACT
P_009835,G_009835,NEGATIVE,TAX_MISMATCH
P_009836,G_009836,NEGATIVE,AMOUNT_MISMATCH
P_009837,G_009837,POSITIVE,REF_MISSING
P_009838,G_009838,NEGATIVE,AMOUNT_MISMATCH
P_009839,G_009839,POSITIVE,EXACT
P_009840,G_009840,POSITIVE,EXACT
P_009841,G_009841,POSITIVE,EXACT
P_009842,G_009842,POSITIVE,VENDOR_ALIAS
P_009843,G_009843,POSITIVE,REF_MISSING
P_009844,G_009844,POSITIVE,EXACT
P_009845,G_009845,POSITIVE,EXACT
P_009846,G_009846,POSITIVE,EXACT
P_009847,G_009847,POSITIVE,REF_MISSING
P_009848,G_009848,POSITIVE,REF_MISSING
P_009849,G_009849,POSITIVE,EXACT
P_009850,G_009850,NEGATIVE,AMOUNT_MISMATCH
P_009851,G_009851,POSITIVE,VENDOR_ALIAS
P_009852,G_009852,POSITIVE,EXACT
P_009853,G_009853,POSITIVE,REF_MISSING
P_009854,G_009854,POSITIVE,VENDOR_ALIAS
P_009855,G_009855,POSITIVE,REF_MISSING
P_009856,G_009856,POSITIVE,EXACT
P_009857,G_009857,POSITIVE,EXACT
P_009858,G_009858,POSITIVE,VENDOR_ALIAS
P_009859,G_009859,POSITIVE,EXACT
P_009860,G_009860,POSITIVE,EXACT
P_009861,G_009861,POSITIVE,EXACT
P_009862,G_009862,POSITIVE,EXACT
P_009863,G_009863,POSITIVE,VENDOR_ALIAS
P_009864,G_009864,NEGATIVE,AMOUNT_MISMATCH
P_009865,G_009865,POSITIVE,VENDOR_ALIAS
P_009866,G_009866,NEGATIVE,AMOUNT_MISMATCH
P_009867,G_009867,POSITIVE,EXACT
P_009868,G_009868,NEGATIVE,AMOUNT_MISMATCH
P_009869,G_009869,POSITIVE,EXACT
P_009870,G_009870,POSITIVE,VENDOR_ALIAS
P_009871,G_009871,POSITIVE,EXACT
P_009872,G_009872,POSITIVE,VENDOR_ALIAS
P_009873,G_009873,NEGATIVE,AMOUNT_MISMATCH
P_009874,G_009874,POSITIVE,EXACT
P_009875,G_009875,POSITIVE,EXACT
P_009876,G_009876,NEGATIVE,AMOUNT_MISMATCH
P_009877,G_009877,NEGATIVE,TAX_MISMATCH
P_009878,G_009878,POSITIVE,EXACT
P_009879,G_009879,POSITIVE,REF_MISSING
P_009880,G_009880,POSITIVE,EXACT
P_009881,G_009881,POSITIVE,EXACT
P_009882,G_009882,POSITIVE,REF_MISSING
P_009883,G_009883,POSITIVE,EXACT
P_009884,G_009884,POSITIVE,REF_MISSING
P_009885,G_009885,POSITIVE,EXACT
P_009886,G_009886,POSITIVE,EXACT
P_009887,G_009887,POSITIVE,EXACT
P_009888,G_009888,POSITIVE,REF_MISSING
P_009889,G_009889,POSITIVE,EXACT
P_009890,G_009890,POSITIVE,VENDOR_ALIAS
P_009891,G_009891,POSITIVE,EXACT
P_009892,G_009892,POSITIVE,EXACT
P_009893,G_009893,POSITIVE,EXACT
P_009894,G_009894,POSITIVE,VENDOR_ALIAS
P_009895,G_009895,POSITIVE,EXACT
P_009896,G_009896,POSITIVE,EXACT
P_009897,G_009897,NEGATIVE,AMOUNT_MISMATCH
P_009898,G_009898,POSITIVE,EXACT
P_009899,G_009899,POSITIVE,VENDOR_ALIAS
P_009900,G_009900,POSITIVE,VENDOR_ALIAS
P_009901,G_009901,POSITIVE,VENDOR_ALIAS
P_009902,G_009902,NEGATIVE,TAX_MISMATCH
P_009903,G_009903,POSITIVE,EXACT
P_009904,G_009904,POSITIVE,EXACT
P_009905,G_009905,POSITIVE,EXACT
P_009906,G_009906,POSITIVE,EXACT
P_009907,G_009907,POSITIVE,EXACT
P_009908,G_009908,NEGATIVE,AMOUNT_MISMATCH
P_009909,G_009909,POSITIVE,EXACT
P_009910,G_009910,NEGATIVE,AMOUNT_MISMATCH
P_009911,G_009911,POSITIVE,EXACT
P_009912,G_009912,POSITIVE,REF_MISSING
P_009913,G_009913,POSITIVE,EXACT
P_009914,G_009914,POSITIVE,REF_MISSING
P_009915,G_009915,NEGATIVE,AMOUNT_MISMATCH
P_009916,G_009916,POSITIVE,EXACT
P_009917,G_009917,POSITIVE,REF_MISSING
P_009918,G_009918,POSITIVE,EXACT
P_009919,G_009919,NEGATIVE,TAX_MISMATCH
P_009920,G_009920,POSITIVE,EXACT
P_009921,G_009921,POSITIVE,REF_MISSING
P_009922,G_009922,POSITIVE,VENDOR_ALIAS
P_009923,G_009923,POSITIVE,VENDOR_ALIAS
P_009924,G_009924,POSITIVE,VENDOR_ALIAS
P_009925,G_009925,POSITIVE,EXACT
P_009926,G_009926,POSITIVE,EXACT
P_009927,G_009927,POSITIVE,EXACT
P_009928,G_009928,NEGATIVE,AMOUNT_MISMATCH
P_009929,G_009929,POSITIVE,EXACT
P_009930,G_009930,POSITIVE,EXACT
P_009931,G_009931,POSITIVE,EXACT
P_009932,G_009932,POSITIVE,EXACT
P_009933,G_009933,POSITIVE,EXACT
P_009934,G_009934,NEGATIVE,AMOUNT_MISMATCH
P_009935,G_009935,POSITIVE,EXACT
P_009936,G_009936,NEGATIVE,AMOUNT_MISMATCH
P_009937,G_009937,POSITIVE,EXACT
P_009938,G_009938,POSITIVE,REF_MISSING
P_009939,G_009939,NEGATIVE,TAX_MISMATCH
P_009940,G_009940,POSITIVE,VENDOR_ALIAS
P_009941,G_009941,POSITIVE,EXACT
P_009942,G_009942,POSITIVE,EXACT
P_009943,G_009943,POSITIVE,VENDOR_ALIAS
P_009944,G_009944,POSITIVE,EXACT
P_009945,G_009945,NEGATIVE,TAX_MISMATCH
P_009946,G_009946,POSITIVE,EXACT
P_009947,G_009947,POSITIVE,REF_MISSING
P_009948,G_009948,POSITIVE,EXACT
P_009949,G_009949,POSITIVE,VENDOR_ALIAS
P_009950,G_009950,POSITIVE,REF_MISSING
P_009951,G_009951,POSITIVE,VENDOR_ALIAS
P_009952,G_009952,POSITIVE,VENDOR_ALIAS
P_009953,G_009953,POSITIVE,EXACT
P_009954,G_009954,POSITIVE,EXACT
P_009955,G_009955,POSITIVE,VENDOR_ALIAS
P_009956,G_009956,POSITIVE,VENDOR_ALIAS
P_009957,G_009957,POSITIVE,REF_MISSING
P_009958,G_009958,POSITIVE,EXACT
P_009959,G_009959,POSITIVE,EXACT
P_009960,G_009960,POSITIVE,VENDOR_ALIAS
P_009961,G_009961,NEGATIVE,AMOUNT_MISMATCH
P_009962,G_009962,POSITIVE,EXACT
P_009963,G_009963,POSITIVE,VENDOR_ALIAS
P_009964,G_009964,POSITIVE,VENDOR_ALIAS
P_009965,G_009965,POSITIVE,EXACT
P_009966,G_009966,POSITIVE,VENDOR_ALIAS
P_009967,G_009967,POSITIVE,REF_MISSING
P_009968,G_009968,POSITIVE,EXACT
P_009969,G_009969,POSITIVE,EXACT
P_009970,G_009970,NEGATIVE,AMOUNT_MISMATCH
P_009971,G_009971,POSITIVE,EXACT
P_009972,G_009972,POSITIVE,EXACT
P_009973,G_009973,NEGATIVE,AMOUNT_MISMATCH
P_009974,G_009974,POSITIVE,EXACT
P_009975,G_009975,POSITIVE,EXACT
P_009976,G_009976,POSITIVE,VENDOR_ALIAS
P_009977,G_009977,POSITIVE,VENDOR_ALIAS
P_009978,G_009978,POSITIVE,VENDOR_ALIAS
P_009979,G_009979,NEGATIVE,AMOUNT_MISMATCH
P_009980,G_009980,NEGATIVE,AMOUNT_MISMATCH
P_009981,G_009981,POSITIVE,EXACT
P_009982,G_009982,POSITIVE,EXACT
P_009983,G_009983,POSITIVE,EXACT
P_009984,G_009984,POSITIVE,REF_MISSING
P_009985,G_009985,POSITIVE,REF_MISSING
P_009986,G_009986,POSITIVE,EXACT
P_009987,G_009987,POSITIVE,EXACT
P_009988,G_009988,POSITIVE,EXACT
P_009989,G_009989,NEGATIVE,TAX_MISMATCH
P_009990,G_009990,NEGATIVE,AMOUNT_MISMATCH
P_009991,G_009991,POSITIVE,EXACT
P_009992,G_009992,NEGATIVE,TAX_MISMATCH
P_009993,G_009993,POSITIVE,REF_MISSING
P_009994,G_009994,NEGATIVE,AMOUNT_MISMATCH
P_009995,G_009995,NEGATIVE,AMOUNT_MISMATCH
P_009996,G_009996,POSITIVE,VENDOR_ALIAS
P_009997,G_009997,POSITIVE,EXACT
P_009998,G_009998,POSITIVE,VENDOR_ALIAS
P_009999,G_009999,POSITIVE,EXACT
