record_id,amount,record_date,reference,vendor_name,tax_identity
G_000000,10661.00,2025-03-12,INV/2025/20769,Vendor 0 Pvt Ltd,27AAAAA9849A1ZV
G_000001,8518.00,2025-08-01,INV/2025/54424,Vendor 1 Pvt Ltd,27AAAAA4505A1ZK
G_000002,27210.00,2025-08-04,,Vendor 2 Pvt Ltd,27AAAAA2020A1ZU
G_000003,75556.00,2025-07-14,INV/2025/63518,Vendor 3 Pvt Ltd,27AAAAA1320A1ZT
G_000004,110042.00,2025-10-03,INV/2025/98978,Vendor 4 Pvt Ltd,27AAAAA7389A1ZW
G_000005,28860.00,2025-05-20,INV/2025/58125,Vendor 5 Pvt Ltd,27AAAAA8999A1ZM
G_000006,95019.00,2025-03-26,,Vendor 6 Pvt Ltd,27AAAAA7624A1ZA
G_000007,3634.00,2025-07-21,INV/2025/78580,Vendor 7 Private Limited,27AAAAA9751A1Z2
G_000008,17886.00,2025-08-25,INV/2025/24819,Vendor 8 Pvt Ltd,27AAAAA8022A1ZG
G_000009,59699.00,2025-06-17,INV/2025/45236,Vendor 9 Pvt Ltd,27AAAAA4467A1Z7
G_000010,33165.00,2025-02-11,INV/2025/62644,Vendor 10 Pvt Ltd,27AAAAA7906A1Z9
G_000011,58978.00,2025-11-29,INV/2025/9993,Vendor 11 Pvt Ltd,27AAAAA6733A1ZA
G_000012,26230.00,2025-01-11,INV/2025/82439,Vendor 12 Pvt Ltd,27AAAAA5051A1ZH
G_000013,74020.00,2025-04-22,INV/2025/61952,None,27AAAAA2874A1Z8
G_000014,21565.00,2025-06-09,INV/2025/15168,Vendor 14 Pvt Ltd Inc,27AAAAA2876A1Z6
G_000015,52090.00,2025-04-12,INV/2025/10961,None,27AAAAA7149A1Z6
G_000016,91482.00,2025-06-04,INV/2025/90687,Vendor 16 Private Limited,27AAAAA2669A1Z7
G_000017,45608.00,2025-09-30,INV/2025/57148,Vendor 17 Private Limited,27AAAAA1672A1ZE
G_000018,1758.00,2025-08-04,INV/2025/65251,Vendor 18 Pvt Ltd,27AAAAA6590A1Z3
G_000019,92808.00,2025-03-20,INV/2025/58080,Vendor 19 Pvt Ltd,27AAAAA8532A1Z9
G_000020,80828.00,2025-10-03,INV/2025/64372,Vendor 20 Pvt Ltd,27AAAAA5425A1ZF
G_000021,42345.00,2025-05-06,INV/2025/12359,Vendor 21 Pvt Ltd,27AAAAA5397A1Z0
G_000022,74791.00,2025-11-09,INV/2025/88580,Vendor 22 Pvt Ltd,27AAAAA8613A1ZB
G_000023,23934.00,2025-09-07,INV/2025/28802,Vendor 23 Pvt Ltd,27AAAAA6325A1ZE
G_000024,78239.00,2025-12-26,INV/2025/37211,VENDOR 24 PVT LTD,27AAAAA5581A1Z6
G_000025,31735.00,2025-07-28,INV/2025/65038,Vendor 25 PVT LTD,27AAAAA2402A1ZS
G_000026,58843.00,2025-01-09,INV/2025/13196,Vendor 26 Pvt Ltd,27AAAAA9041A1ZB
G_000027,40235.00,2025-12-06,INV/2025/77225,Vendor 27 Pvt Ltd,27AAAAA4986A1ZZ
G_000028,55871.00,2025-10-09,INV/2025/44357,Vendor 28 Pvt Ltd,27AAAAA6632A1ZC
G_000029,33052.00,2025-04-29,INV/2025/16814,Vendor 29 Pvt Ltd,27AAAAA6023A1ZJ
G_000030,25205.00,2025-04-21,INV/2025/97810,Vendor 30 Pvt Ltd,27AAAAA4033A1ZL
G_000031,78322.00,2025-05-25,INV/2025/14176,Vendor 31 Pvt Ltd,27AAAAA6912A1ZD
G_000032,92901.00,2025-10-01,INV/2025/17591,Vendor 32 Pvt Ltd,27AAAAA1231A1ZR
G_000033,91511.00,2025-03-06,,Vendor 33 Pvt Ltd,27AAAAA5786A1ZZ
G_000034,75343.00,2025-05-26,INV/2025/62524,Vendor 34 Pvt Ltd,27AAAAA1200A1ZY
G_000035,33192.00,2025-09-02,INV/2025/15953,Vendor 35 Pvt Ltd,27AAAAA2213A1ZR
G_000036,19987.00,2025-03-18,,Vendor 36 Pvt Ltd,27AAAAA1878A1Z6
G_000037,15625.00,2025-10-13,INV/2025/55548,None,27AAAAA5066A1ZA
G_000038,49956.00,2025-08-19,INV/2025/59028,Vendor 38 Pvt Ltd,27AAAAA9561A1Z2
G_000039,40126.00,2025-10-19,INV/2025/82399,Vendor 39 Pvt Ltd,27AAAAA8025A1ZD
G_000040,27335.00,2025-11-17,INV/2025/28659,Vendor 40 Pvt Ltd,27AAAAA2625A1ZJ
G_000041,22882.00,2025-10-10,INV/2025/10838,Vendor 41 Pvt Ltd,27AAAAA4929A1Z8
G_000042,38275.00,2025-01-17,INV/2025/31340,Vendor 42 Pvt Ltd,27AAAAA8699A1ZP
G_000043,9429.00,2025-12-18,,Vendor 43 Pvt Ltd,27AAAAA8438A1Z4
G_000044,55823.00,2025-02-28,INV/2025/72376,Vendor 44 Pvt Ltd,27AAAAA4241A1ZJ
G_000045,18743.00,2025-02-06,INV/2025/8816,Vendor 45 Pvt Ltd,27AAAAA5352A1ZD
G_000046,57660.00,2025-03-05,INV/2025/62433,vendor 46 pvt ltd,27AAAAA5728A1Z9
G_000047,65697.00,2025-10-04,INV/2025/65722,Vendor 47 Pvt Ltd,27AAAAA5460A1ZC
G_000048,96376.00,2025-06-15,INV/2025/80129,Vendor 48 Pvt Ltd,27AAAAA8078A1Z0
G_000049,88217.00,2025-05-18,INV/2025/76529,Vendor 49 Pvt Ltd,27AAAAA1339A1ZI
G_000050,68121.00,2025-11-30,,Vendor 50 Pvt Ltd,27AAAAA8708A1Z7
G_000051,83302.00,2025-09-09,INV/2025/12959,Vendor 51 Pvt Ltd,27AAAAA8141A1ZC
G_000052,87935.00,2025-02-23,INV/2025/22079,Vendor 52 Pvt Ltd,27AAAAA6260A1ZC
G_000053,86946.00,2025-07-25,INV/2025/73102,Vendor 53 Pvt Ltd,27AAAAA5722A1ZF
G_000054,42472.00,2025-03-01,,Vendor 54 Pvt Ltd,27AAAAA5135A1ZG
G_000055,86300.00,2025-10-05,INV/2025/61552,Vendor 55 Pvt Ltd,27AAAAA1018A1ZQ
G_000056,81709.00,2025-09-13,INV/2025/82973,Vendor 56 Pvt Ltd,27AAAAA6927A1Z6
G_000057,72087.00,2025-03-09,INV/2025/38752,Vendor 57 Pvt Ltd,27AAAAA5375A1Z6
G_000058,7766.00,2025-11-19,INV/2025/80806,Vendor 58 Pvt Ltd,27AAAAA2989A1Z0
G_000059,72484.00,2025-07-28,INV/2025/13217,Vendor 59 Pvt Ltd,27AAAAA1224A1ZQ
G_000060,60582.00,2025-03-02,INV/2025/85896,Vendor 60 Pvt Ltd,27AAAAA5781A1Z4
G_000061,54559.00,2025-09-05,INV/2025/62894,Vendor 61 Pvt Ltd,27AAAAA5479A1Z1
G_000062,25084.00,2025-11-03,INV/2025/67616,Vendor 62 Pvt Ltd,27AAAAA7284A1Z2
G_000063,44648.00,2025-09-17,INV/2025/36018,Vendor 63 Pvt Ltd,27AAAAA5891A1Z1
G_000064,19576.00,2025-08-17,INV/2025/71592,Vendor 64 Pvt Ltd,27AAAAA9022A1ZE
G_000065,49541.00,2025-08-22,,Vendor 65 Pvt Ltd,27AAAAA9903A1Z8
G_000066,75046.00,2025-07-16,,Vendor 66 Pvt Ltd,27AAAAA4912A1ZH
G_000067,97709.00,2025-08-31,,Vendor 67 Pvt Ltd,27AAAAA6213A1ZJ
G_000068,65023.00,2025-01-19,INV/2025/17547,VENDOR 68 PVT LTD,27AAAAA3492A1Z8
G_000069,57811.00,2025-02-21,,Vendor 69 Pvt Ltd,27AAAAA2644A1ZG
G_000070,53836.00,2025-12-02,INV/2025/21232,Vendor 70 Pvt Ltd,27AAAAA3361A1ZG
G_000071,44475.00,2025-11-16,INV/2025/91794,Vendor 71 Pvt Ltd,27AAAAA5342A1ZF
G_000072,88489.00,2025-10-01,,Vendor 72 Pvt Ltd,27AAAAA6383A1Z4
G_000073,71012.00,2025-01-19,INV/2025/81931,Vendor 73 Pvt Ltd,27AAAAA8994A1ZR
G_000074,29917.00,2025-02-16,,Vendor 74 Pvt Ltd,27AAAAA5708A1ZD
G_000075,58253.00,2025-03-27,INV/2025/91964,Vendor 75 Pvt Ltd,27AAAAA2646A1ZE
G_000076,7455.00,2025-05-31,INV/2025/47984,Vendor 76 Pvt Ltd,27AAAAA6314A1ZH
G_000077,54109.00,2025-10-17,INV/2025/90364,Vendor 77 Pvt Ltd,27AAAAA9702A1ZB
G_000078,81326.00,2025-12-16,INV/2025/32566,Vendor 78 Pvt Ltd,27AAAAA7267A1Z3
G_000079,60543.00,2025-11-23,INV/2025/34289,Vendor 79 Pvt Ltd,27AAAAA4804A1ZI
G_000080,37800.00,2025-12-13,INV/2025/72643,Vendor 80 Pvt Ltd,27AAAAA8622A1ZA
G_000081,77114.00,2025-06-03,,Vendor 81 Pvt Ltd,27AAAAA6661A1Z7
G_000082,39699.00,2025-04-12,,Vendor 82 Pvt Ltd,27AAAAA8484A1ZY
G_000083,75063.00,2025-07-03,INV/2025/76341,Vendor 83 Pvt Ltd,27AAAAA7248A1Z6
G_000084,86375.00,2025-07-22,INV/2025/36976,Vendor 84 Pvt Ltd,27AAAAA1359A1ZE
G_000085,79583.00,2025-09-12,INV/2025/38512,Vendor 85 Pvt Ltd,27AAAAA1803A1ZP
G_000086,83542.00,2025-04-08,INV/2025/82381,Vendor 86 Pvt Ltd,27AAAAA4588A1Z1
G_000087,82445.00,2025-02-19,INV/2025/83242,Vendor 87 Pvt Ltd Inc,27AAAAA3240A1ZM
G_000088,76065.00,2025-07-06,INV/2025/96991,Vendor 88 Pvt Ltd,27AAAAA1546A1ZH
G_000089,98073.00,2025-08-01,INV/2025/24021,Vendor 89 Pvt Ltd,27AAAAA6352A1ZB
G_000090,69679.00,2025-09-14,INV/2025/36720,Vendor 90 Pvt Ltd,27AAAAA8894A1ZS
G_000091,97953.00,2025-06-23,INV/2025/16095,Vendor 91 Pvt Ltd,27AAAAA5835A1Z9
G_000092,88747.00,2025-12-12,,Vendor 92 Pvt Ltd,27AAAAA4696A1Z0
G_000093,11936.00,2025-07-22,INV/2025/2824,Vendor 93 Pvt Ltd,27AAAAA6992A1ZX
G_000094,88288.00,2025-12-11,INV/2025/35362,None,27AAAAA7038A1ZA
G_000095,14301.00,2025-12-12,INV/2025/31647,Vendor 95 Pvt Ltd,27AAAAA7086A1Z2
G_000096,80064.00,2025-04-24,INV/2025/85889,Vendor 96 Pvt Ltd,27AAAAA6374A1Z5
G_000097,85197.00,2025-07-29,INV/2025/16292,Vendor 97 Pvt Ltd,27AAAAA5951A1Z8
G_000098,64669.00,2025-03-01,INV/2025/13739,Vendor 98 Pvt Ltd,27AAAAA5986A1ZX
G_000099,59559.00,2025-07-09,,Vendor 99 Pvt Ltd,27AAAAA7367A1Z2
G_000100,110070.00,2025-10-28,INV/2025/98290,Vendor 100 Pvt Ltd,27AAAAA9850A1Z2
G_000101,80794.00,2025-07-28,INV/2025/37666,Vendor 101 Pvt Ltd,27AAAAA9017A1ZB
G_000102,58387.00,2025-05-01,INV/2025/48537,Vendor 102 Pvt Ltd,27AAAAA8264A1Z4
G_000103,84618.00,2025-07-03,INV/2025/8936,Vendor 103 Pvt Ltd,27AAAAA9920A1Z7
G_000104,59700.00,2025-02-16,INV/2025/87870,Vendor 104 Pvt Ltd,27AAAAA3001A1ZV
G_000105,6729.00,2025-06-20,,Vendor 105 Pvt Ltd,27AAAAA1349A1ZG
G_000106,9092.00,2025-10-11,INV/2025/28152,None,27AAAAA4362A1ZD
G_000107,19440.00,2025-11-02,INV/2025/1371,Vendor 107 Pvt Ltd,27AAAAA6383A1Z4
G_000108,70907.00,2025-05-09,INV/2025/23871,Vendor 108 Pvt Ltd,27AAAAA3129A1ZI
G_000109,2047.00,2025-07-03,INV/2025/32186,Vendor 109 Private Limited,27AAAAA3159A1ZC
G_000110,16714.00,2025-08-04,INV/2025/69955,Vendor 110 Pvt Ltd,27AAAAA1858A1ZA
G_000111,47553.00,2025-09-20,INV/2025/78812,Vendor 111 Pvt Ltd,27AAAAA8344A1Z7
G_000112,95421.00,2025-12-04,INV/2025/69347,Vendor 112 Pvt Ltd,27AAAAA1710A1ZR
G_000113,8072.00,2025-09-03,INV/2025/53640,Vendor 113 Pvt Ltd,27AAAAA1510A1ZT
G_000114,9732.00,2025-02-11,INV/2025/43219,Vendor 114 Private Limited,27AAAAA8267A1Z1
G_000115,93443.00,2025-06-16,,Vendor 115 Pvt Ltd,27AAAAA9984A1ZR
G_000116,66363.00,2025-11-06,INV/2025/57387,Vendor 116 Pvt Ltd,27AAAAA8433A1Z9
G_000117,56470.00,2025-08-20,INV/2025/30949,Vendor 117 Pvt Ltd,27AAAAA4522A1ZJ
G_000118,54624.00,2025-02-18,INV/2025/41966,Vendor 118 Pvt Ltd,27AAAAA7532A1ZB
G_000119,20106.00,2025-12-18,INV/2025/63163,Vendor 119 Pvt Ltd,27AAAAA7132A1ZF
G_000120,113412.00,2025-02-19,INV/2025/98594,Vendor 120 Pvt Ltd,27AAAAA2527A1ZI
G_000121,87919.00,2025-03-04,INV/2025/54845,Vendor 121 Pvt Ltd,27AAAAA6400A1ZM
G_000122,94610.00,2025-01-27,INV/2025/38700,Vendor 122 Pvt Ltd Inc,27AAAAA7929A1Z2
G_000123,27984.00,2025-03-21,INV/2025/87079,Vendor 123 Pvt Ltd,27AAAAA9313A1ZC
G_000124,146020.00,2025-07-08,INV/2025/16058,Vendor 124 Pvt Ltd,27AAAAA6736A1Z7
G_000125,79922.00,2025-12-03,INV/2025/91894,Vendor 125 Pvt Ltd,27AAAAA1430A1ZQ
G_000126,44641.00,2025-06-29,INV/2025/1800,Vendor 126 Pvt Ltd,27AAAAA6062A1ZC
G_000127,9220.00,2025-03-14,INV/2025/98120,Vendor 127 Private Limited,27AAAAA7566A1Z1
G_000128,28297.00,2025-07-12,INV/2025/56028,Vendor 128 Pvt Ltd,27AAAAA9691A1ZV
G_000129,94681.00,2025-06-16,INV/2025/75395,Vendor 129 Private Limited,27AAAAA6105A1ZK
G_000130,88438.00,2025-02-11,INV/2025/36665,Vendor 130 Pvt Ltd,27AAAAA1815A1ZL
G_000131,54388.00,2025-05-20,INV/2025/29255,Vendor 131 Pvt Ltd,27AAAAA8242A1ZA
G_000132,88995.00,2025-12-14,INV/2025/78743,Vendor 132 Pvt Ltd,27AAAAA5640A1ZE
G_000133,29003.00,2025-07-22,INV/2025/79554,Vendor 133 Pvt Ltd,27AAAAA1744A1ZH
G_000134,18087.00,2025-05-11,INV/2025/38938,Vendor 134 Pvt Ltd,27AAAAA4460A1ZE
G_000135,23128.00,2025-03-08,INV/2025/50834,Vendor 135 PVT LTD,27AAAAA8055A1Z7
G_000136,9547.00,2025-07-23,INV/2025/98260,Vendor 136 Pvt Ltd,27AAAAA6802A1ZG
G_000137,41133.00,2025-10-22,INV/2025/57267,vendor 137 pvt ltd,27AAAAA2275A1ZD
G_000138,15196.00,2025-07-27,,Vendor 138 Pvt Ltd,27AAAAA5743A1ZA
G_000139,90488.00,2025-07-05,INV/2025/12551,Vendor 139 Pvt Ltd,27AAAAA8538A1Z3
G_000140,77284.00,2025-07-25,INV/2025/69676,Vendor 140 Pvt Ltd,27AAAAA8138A1Z7
G_000141,29141.00,2025-06-20,INV/2025/23037,Vendor 141 Pvt Ltd,27AAAAA6562A1Z7
G_000142,66940.00,2025-04-10,INV/2025/46793,Vendor 142 Pvt Ltd,27AAAAA9693A1ZT
G_000143,31068.00,2025-02-22,INV/2025/20194,Vendor 143 Pvt Ltd,27AAAAA3419A1ZH
G_000144,99742.00,2025-12-02,INV/2025/10876,Vendor 144 Pvt Ltd,27AAAAA3504A1ZN
G_000145,60911.00,2025-10-16,INV/2025/76952,Vendor 145 Pvt Ltd,27AAAAA9095A1ZX
G_000146,82310.00,2025-06-11,INV/2025/20786,Vendor 146 Pvt Ltd,27AAAAA6295A1Z1
G_000147,36102.00,2025-10-30,INV/2025/8362,Vendor 147 Pvt Ltd,27AAAAA5961A1Z6
G_000148,59333.00,2025-01-20,INV/2025/8456,Vendor 148 Pvt Ltd,27AAAAA8565A1Z0
G_000149,80710.00,2025-11-01,INV/2025/67462,Vendor 149 Pvt Ltd,27AAAAA2479A1Z7
G_000150,59047.00,2025-10-20,INV/2025/86437,Vendor 150 Pvt Ltd,27AAAAA1672A1ZE
G_000151,19873.00,2025-02-01,INV/2025/60050,Vendor 151 Pvt Ltd,27AAAAA9214A1ZC
G_000152,93726.00,2025-02-13,INV/2025/67132,Vendor 152 Private Limited,27AAAAA6626A1ZA
G_000153,57695.00,2025-09-26,INV/2025/69517,Vendor 153 Pvt Ltd Inc,27AAAAA8172A1Z5
G_000154,50879.00,2025-07-29,INV/2025/45350,Vendor 154 Private Limited,27AAAAA5634A1ZC
G_000155,8739.00,2025-06-18,INV/2025/13387,Vendor,27AAAAA6482A1Z4
G_000156,43794.00,2025-02-11,INV/2025/77380,Vendor 156 Pvt Ltd Inc,27AAAAA3463A1ZD
G_000157,17001.00,2025-11-01,,Vendor 157 Pvt Ltd,27AAAAA7421A1ZF
G_000158,84443.00,2025-06-18,INV/2025/17750,None,27AAAAA7171A1Z8
G_000159,12349.00,2025-11-27,INV/2025/88878,Vendor 159 Pvt Ltd,27AAAAA9624A1Z6
G_000160,40583.00,2025-04-03,INV/2025/29074,Vendor 160 Pvt Ltd,27AAAAA6940A1Z9
G_000161,29793.00,2025-03-12,INV/2025/21308,Vendor 161 Pvt Ltd,27AAAAA4145A1ZG
G_000162,66643.00,2025-10-04,,Vendor 162 Pvt Ltd,27AAAAA2657A1ZB
G_000163,81106.00,2025-03-09,INV/2025/79282,Vendor 163 Pvt Ltd,27AAAAA6517A1ZC
G_000164,94626.00,2025-08-13,INV/2025/6726,Vendor 164 Pvt Ltd,27AAAAA3712A1ZL
G_000165,116644.00,2025-11-09,INV/2025/38346,Vendor 165 Pvt Ltd,27AAAAA4891A1Z3
G_000166,40662.00,2025-08-29,INV/2025/26430,Vendor 166 Pvt Ltd,27AAAAA4918A1ZB
G_000167,60613.00,2025-05-25,INV/2025/51052,Vendor,27AAAAA8218A1ZA
G_000168,79354.00,2025-03-12,INV/2025/33768,Vendor 168 Pvt Ltd,27AAAAA4271A1ZD
G_000169,72784.00,2025-02-22,INV/2025/94244,Vendor 169 Pvt Ltd,
G_000170,35855.00,2025-08-19,INV/2025/68286,Vendor 170 Pvt Ltd,27AAAAA3626A1ZG
G_000171,59230.00,2025-06-28,INV/2025/4495,Vendor 171 Pvt Ltd,27AAAAA4637A1ZB
G_000172,31003.00,2025-07-17,INV/2025/11696,Vendor 172 Pvt Ltd,27AAAAA7126A1ZD
G_000173,93778.00,2025-11-29,INV/2025/44947,Vendor 173 Pvt Ltd,27AAAAA2623A1ZL
G_000174,91335.00,2025-03-13,INV/2025/93476,Vendor 174 Pvt Ltd,27AAAAA8740A1Z7
G_000175,2590.00,2025-05-12,INV/2025/29266,Vendor 175 Pvt Ltd,
G_000176,55576.00,2025-02-26,INV/2025/38762,Vendor 176 Pvt Ltd,27AAAAA9647A1ZZ
G_000177,55127.00,2025-11-24,INV/2025/82633,Vendor 177 Pvt Ltd,27AAAAA4906A1ZF
G_000178,78315.00,2025-10-02,INV/2025/3154,VENDOR 178 PVT LTD,27AAAAA9189A1ZU
G_000179,38277.00,2025-08-08,INV/2025/1205,Vendor 179 PVT LTD,27AAAAA3352A1ZH
G_000180,87180.00,2025-12-09,INV/2025/12221,Vendor 180 Pvt Ltd Inc,27AAAAA4068A1ZA
G_000181,71413.00,2025-09-17,INV/2025/67535,Vendor,27AAAAA9618A1Z4
G_000182,83418.00,2025-07-18,INV/2025/49929,Vendor 182 Pvt Ltd,27AAAAA1713A1ZO
G_000183,45293.00,2025-05-04,INV/2025/97068,Vendor 183 Private Limited,27AAAAA2106A1ZR
G_000184,17586.00,2025-01-23,INV/2025/47176,None,27AAAAA6447A1Z7
G_000185,91246.00,2025-09-03,INV/2025/83802,Vendor 185 Pvt Ltd,27AAAAA8612A1ZC
G_000186,4947.00,2025-05-31,INV/2025/27422,Vendor 186 Pvt Ltd,27AAAAA8498A1ZS
G_000187,41465.00,2025-06-08,INV/2025/68552,Vendor 187 Pvt Ltd,27AAAAA1686A1Z8
G_000188,33302.00,2025-01-19,INV/2025/99735,Vendor 188 Pvt Ltd Inc,27AAAAA8756A1ZZ
G_000189,86048.00,2025-06-19,INV/2025/36811,Vendor 189 Pvt Ltd,27AAAAA1783A1ZA
G_000190,97526.00,2025-08-14,INV/2025/51678,Vendor 190 Pvt Ltd,27AAAAA7553A1Z6
G_000191,48248.00,2025-09-23,INV/2025/35959,Vendor 191 Pvt Ltd,
G_000192,71596.00,2025-05-31,INV/2025/43101,Vendor 192 Pvt Ltd,27AAAAA3956A1Z7
G_000193,40274.00,2025-08-17,INV/2025/79986,Vendor 193 Pvt Ltd,27AAAAA5843A1Z9
G_000194,5651.00,2025-06-30,,Vendor 194 Pvt Ltd,27AAAAA8325A1ZA
G_000195,9935.00,2025-12-10,INV/2025/84560,Vendor 195 Pvt Ltd,27AAAAA1939A1ZC
G_000196,4181.00,2025-03-15,INV/2025/80635,Vendor,27AAAAA3621A1ZL
G_000197,31032.00,2025-11-27,INV/2025/49015,Vendor 197 Pvt Ltd,27AAAAA2101A1ZW
G_000198,79410.00,2025-03-20,INV/2025/90006,Vendor 198 Pvt Ltd,27AAAAA1530A1ZP
G_000199,10177.00,2025-10-21,INV/2025/19047,Vendor,27AAAAA8273A1Z3
G_000200,32818.00,2025-02-28,INV/2025/4396,Vendor 200 Pvt Ltd,27AAAAA5566A1Z5
G_000201,34411.00,2025-05-14,INV/2025/93279,Vendor 201 Pvt Ltd,27AAAAA2929A1ZC
G_000202,91061.00,2025-09-09,INV/2025/27237,Vendor 202 Pvt Ltd,27AAAAA5678A1Z0
G_000203,22730.00,2026-01-01,,Vendor 203 Pvt Ltd,27AAAAA8406A1ZC
G_000204,87635.00,2025-06-27,INV/2025/94000,Vendor 204 Pvt Ltd,27AAAAA6236A1ZC
G_000205,20744.00,2025-12-31,,Vendor 205 Pvt Ltd,27AAAAA5914A1ZD
G_000206,66783.00,2025-04-25,,Vendor 206 Pvt Ltd,27AAAAA6922A1ZB
G_000207,64852.00,2025-01-14,INV/2025/48303,Vendor 207 Pvt Ltd Inc,27AAAAA4878A1Z0
G_000208,80309.00,2025-02-14,INV/2025/9617,Vendor 208 Pvt Ltd,27AAAAA3126A1ZL
G_000209,69003.00,2025-07-30,INV/2025/54665,Vendor 209 Pvt Ltd,27AAAAA6194A1Z3
G_000210,61157.00,2025-12-15,INV/2025/68811,Vendor 210 Pvt Ltd,27AAAAA8372A1Z3
G_000211,17012.00,2025-08-10,,Vendor 211 Pvt Ltd,27AAAAA3981A1Z6
G_000212,68008.00,2025-03-20,INV/2025/40862,Vendor 212 Pvt Ltd,27AAAAA3034A1ZM
G_000213,45453.00,2025-09-23,INV/2025/38230,Vendor 213 Pvt Ltd,27AAAAA5496A1Z0
G_000214,80634.00,2025-10-01,INV/2025/13245,Vendor 214 PVT LTD,27AAAAA5961A1Z6
G_000215,45078.00,2025-12-04,INV/2025/82851,Vendor 215 Pvt Ltd,27AAAAA3526A1ZH
G_000216,3818.00,2025-02-11,,Vendor 216 Pvt Ltd,27AAAAA1674A1ZC
G_000217,85444.00,2025-04-18,INV/2025/75991,Vendor 217 Pvt Ltd,27AAAAA5336A1ZD
G_000218,82303.00,2025-10-07,INV/2025/38967,Vendor 218 Pvt Ltd Inc,27AAAAA9159A1Z0
G_000219,39085.00,2025-08-21,INV/2025/10564,Vendor 219 PVT LTD,27AAAAA7653A1Z5
G_000220,60975.00,2025-04-15,INV/2025/45589,Vendor 220 Pvt Ltd Inc,27AAAAA8933A1Z4
G_000221,96333.00,2025-06-26,INV/2025/53260,Vendor 221 Pvt Ltd,27AAAAA6231A1ZH
G_000222,41927.00,2025-05-04,INV/2025/62141,Vendor 222 Pvt Ltd,27AAAAA2739A1ZC
G_000223,12789.00,2025-01-26,,Vendor 223 Pvt Ltd,27AAAAA3308A1ZL
G_000224,32641.00,2025-03-23,,Vendor 224 Pvt Ltd,27AAAAA7850A1Z6
G_000225,20985.00,2025-09-13,INV/2025/68466,Vendor 225 Pvt Ltd,27AAAAA4110A1ZR
G_000226,3137.00,2025-02-16,INV/2025/52543,Vendor 226 PVT LTD,27AAAAA9148A1Z3
G_000227,6477.00,2025-01-26,INV/2025/37877,Vendor 227 Pvt Ltd,27AAAAA6781A1Z2
G_000228,37553.00,2025-10-02,INV/2025/2071,Vendor 228 Pvt Ltd,27AAAAA5333A1ZG
G_000229,48064.00,2025-01-24,INV/2025/53505,Vendor 229 Pvt Ltd,27AAAAA7606A1ZC
G_000230,72612.00,2025-05-28,INV/2025/10637,Vendor 230 Pvt Ltd,27AAAAA6939A1Z2
G_000231,81789.00,2025-12-15,INV/2025/81090,Vendor 231 Pvt Ltd,27AAAAA5582A1Z5
G_000232,49015.00,2025-06-23,,Vendor 232 Pvt Ltd,27AAAAA7453A1Z7
G_000233,79066.00,2025-09-18,INV/2025/53610,Vendor 233 Private Limited,27AAAAA4261A1ZF
G_000234,62194.00,2025-09-23,INV/2025/60898,Vendor 234 Pvt Ltd,27AAAAA6456A1Z6
G_000235,43087.00,2025-11-10,INV/2025/42750,Vendor 235 Pvt Ltd,27AAAAA3290A1ZC
G_000236,77920.00,2025-06-22,INV/2025/67494,Vendor 236 Pvt Ltd,
G_000237,62345.00,2025-01-09,INV/2025/49281,Vendor 237 Pvt Ltd,27AAAAA5911A1ZG
G_000238,76607.00,2025-06-07,,Vendor 238 Pvt Ltd,27AAAAA7824A1Z8
G_000239,34903.00,2025-12-02,INV/2025/76821,vendor 239 pvt ltd,27AAAAA8775A1ZW
G_000240,44898.00,2025-09-26,INV/2025/83447,Vendor 240 Pvt Ltd,27AAAAA8871A1ZZ
G_000241,4238.00,2025-10-21,INV/2025/92818,Vendor 241 Pvt Ltd,27AAAAA4968A1Z1
G_000242,54990.00,2025-03-19,INV/2025/55127,Vendor,27AAAAA6139A1ZA
G_000243,96547.00,2025-02-01,INV/2025/93507,Vendor 243 Pvt Ltd,27AAAAA8726A1Z5
G_000244,86899.00,2025-09-02,INV/2025/69875,Vendor 244 Pvt Ltd,27AAAAA6325A1ZE
G_000245,69978.00,2025-06-25,INV/2025/72601,Vendor 245 Pvt Ltd,27AAAAA8531A1ZA
G_000246,80063.00,2025-09-05,,Vendor 246 Pvt Ltd,27AAAAA5331A1ZI
G_000247,59146.00,2025-06-02,INV/2025/38880,Vendor 247 Pvt Ltd,27AAAAA5890A1Z2
G_000248,45818.00,2025-10-14,INV/2025/95589,Vendor 248 Pvt Ltd,27AAAAA8861A1Z1
G_000249,49867.00,2025-07-22,,Vendor 249 Pvt Ltd,27AAAAA9899A1ZL
G_000250,5613.00,2025-05-28,INV/2025/94603,Vendor 250 Pvt Ltd,27AAAAA5758A1Z3
G_000251,98055.00,2025-09-03,INV/2025/29047,Vendor 251 Pvt Ltd,27AAAAA5201A1ZP
G_000252,18093.00,2025-02-25,INV/2025/81698,Vendor 252 Pvt Ltd,27AAAAA5450A1ZE
G_000253,29679.00,2025-11-23,INV/2025/31518,Vendor 253 Pvt Ltd,27AAAAA9700A1ZD
G_000254,13278.00,2025-12-15,INV/2025/19018,Vendor 254 Pvt Ltd,27AAAAA8739A1Z0
G_000255,53434.00,2025-12-01,INV/2025/63350,Vendor 255 Pvt Ltd,27AAAAA3587A1Z4
G_000256,42196.00,2025-05-27,INV/2025/85659,Vendor 256 Pvt Ltd,27AAAAA5706A1ZF
G_000257,70243.00,2025-01-20,INV/2025/23946,Vendor 257 Pvt Ltd,27AAAAA4804A1ZI
G_000258,52134.00,2025-09-11,,Vendor 258 Pvt Ltd,27AAAAA1595A1Z8
G_000259,5010.00,2025-01-05,INV/2025/40110,Vendor 259 Private Limited,27AAAAA5742A1ZB
G_000260,37398.00,2025-08-21,INV/2025/85058,Vendor,27AAAAA6489A1ZX
G_000261,66188.00,2025-08-28,INV/2025/36761,Vendor 261 Pvt Ltd,27AAAAA3198A1Z5
G_000262,95929.00,2025-08-23,INV/2025/85972,Vendor 262 Pvt Ltd,27AAAAA3662A1ZC
G_000263,38770.00,2025-10-18,INV/2025/89395,Vendor 263 Pvt Ltd,27AAAAA6523A1ZE
G_000264,56159.00,2025-09-21,INV/2025/43982,Vendor 264 Pvt Ltd,27AAAAA7643A1Z7
G_000265,18530.00,2025-09-02,,Vendor 265 Pvt Ltd,27AAAAA4027A1ZJ
G_000266,30970.00,2025-08-17,INV/2025/99796,Vendor 266 Pvt Ltd,27AAAAA7284A1Z2
G_000267,34382.00,2025-12-01,INV/2025/48127,Vendor 267 Private Limited,27AAAAA1187A1ZC
G_000268,40313.00,2025-03-23,INV/2025/54138,vendor 268 pvt ltd,27AAAAA8625A1Z7
G_000269,83817.00,2025-06-01,INV/2025/49174,Vendor 269 PVT LTD,27AAAAA2923A1ZI
G_000270,20178.00,2025-08-21,,Vendor 270 Pvt Ltd,27AAAAA8834A1Z4
G_000271,61812.00,2025-10-03,INV/2025/88044,Vendor 271 Pvt Ltd,
G_000272,68980.00,2025-08-17,INV/2025/70228,Vendor 272 Pvt Ltd,27AAAAA2341A1ZM
G_000273,71881.00,2025-09-16,INV/2025/27497,Vendor 273 PVT LTD,27AAAAA2011A1ZV
G_000274,58012.00,2025-03-01,INV/2025/90167,Vendor 274 Pvt Ltd,27AAAAA9525A1Z6
G_000275,66995.00,2025-08-17,INV/2025/8292,Vendor 275 Pvt Ltd,27AAAAA2489A1Z5
G_000276,74012.00,2025-01-30,INV/2025/74242,Vendor 276 Pvt Ltd,27AAAAA8484A1ZY
G_000277,103994.00,2025-05-11,INV/2025/1395,Vendor 277 Pvt Ltd,27AAAAA1356A1ZH
G_000278,91900.00,2025-02-02,,Vendor 278 Pvt Ltd,27AAAAA6644A1Z8
G_000279,61975.00,2025-01-17,INV/2025/38629,Vendor 279 Pvt Ltd,27AAAAA2130A1ZR
G_000280,49181.00,2025-07-15,,Vendor 280 Pvt Ltd,27AAAAA7887A1ZT
G_000281,10618.00,2025-12-16,,Vendor 281 Pvt Ltd,27AAAAA7154A1Z9
G_000282,15649.00,2025-04-02,INV/2025/71419,Vendor 282 Pvt Ltd,27AAAAA6697A1ZV
G_000283,555.00,2025-01-12,INV/2025/40107,Vendor 283 Pvt Ltd,27AAAAA4648A1Z8
G_000284,69821.00,2025-07-14,INV/2025/31102,Vendor 284 Pvt Ltd,27AAAAA7948A1ZZ
G_000285,24804.00,2025-02-27,INV/2025/5222,Vendor 285 Pvt Ltd,27AAAAA1256A1ZI
G_000286,13324.00,2025-11-01,INV/2025/5400,Vendor 286 Pvt Ltd,27AAAAA2102A1ZV
G_000287,32177.00,2025-01-23,INV/2025/53725,Vendor 287 Pvt Ltd,27AAAAA1797A1Z4
G_000288,18467.00,2025-09-15,INV/2025/38914,Vendor 288 Pvt Ltd,27AAAAA1924A1ZJ
G_000289,75790.00,2025-11-03,INV/2025/89150,Vendor 289 Pvt Ltd,27AAAAA3347A1ZE
G_000290,29072.00,2025-07-31,INV/2025/40387,Vendor 290 Pvt Ltd,27AAAAA9540A1Z7
G_000291,82150.00,2025-12-14,INV/2025/56994,Vendor 291 Private Limited,27AAAAA3869A1Z3
G_000292,68842.00,2025-06-13,INV/2025/92266,Vendor 292 Pvt Ltd,27AAAAA7244A1ZA
G_000293,24201.00,2025-10-03,INV/2025/63065,Vendor 293 Pvt Ltd,27AAAAA7167A1Z4
G_000294,60789.00,2025-01-30,INV/2025/74713,Vendor 294 Pvt Ltd,27AAAAA3365A1ZC
G_000295,17675.00,2025-07-18,INV/2025/32831,Vendor 295 Pvt Ltd,27AAAAA9683A1ZV
G_000296,59054.00,2025-07-09,INV/2025/13119,None,27AAAAA2295A1Z9
G_000297,49536.00,2025-12-11,INV/2025/80294,None,27AAAAA5398A1ZZ
G_000298,62935.00,2025-04-17,INV/2025/44642,Vendor 298 Pvt Ltd,27AAAAA4555A1ZA
G_000299,25006.00,2025-03-02,,Vendor 299 Pvt Ltd,27AAAAA4470A1ZC
G_000300,91277.00,2025-11-06,INV/2025/93244,Vendor 300 Pvt Ltd,27AAAAA4974A1Z3
G_000301,37201.00,2025-07-14,INV/2025/62112,Vendor 301 Pvt Ltd Inc,27AAAAA6269A1Z3
G_000302,67315.00,2025-09-12,INV/2025/62080,Vendor 302 Pvt Ltd,27AAAAA6892A1ZY
G_000303,99928.00,2025-06-13,INV/2025/27624,Vendor 303 Pvt Ltd,27AAAAA8692A1ZW
G_000304,97257.00,2025-03-16,INV/2025/3125,Vendor 304 Pvt Ltd,27AAAAA4625A1ZF
G_000305,38791.00,2025-03-20,INV/2025/26715,Vendor 305 Pvt Ltd,27AAAAA7841A1Z7
G_000306,65544.00,2025-10-09,,Vendor 306 Pvt Ltd,27AAAAA5026A1ZI
G_000307,94938.00,2025-11-25,INV/2025/97940,Vendor 307 Pvt Ltd,27AAAAA9005A1ZF
G_000308,22285.00,2025-03-13,INV/2025/95412,Vendor 308 PVT LTD,27AAAAA6770A1Z5
G_000309,84223.00,2025-01-31,INV/2025/69674,Vendor 309 Pvt Ltd,27AAAAA9882A1ZU
G_000310,936.00,2025-07-31,INV/2025/19021,Vendor 310 Pvt Ltd,27AAAAA3474A1ZA
G_000311,59870.00,2025-07-11,INV/2025/8923,vendor 311 pvt ltd,27AAAAA9285A1ZX
G_000312,86513.00,2025-09-07,INV/2025/3061,Vendor 312 Pvt Ltd,27AAAAA8916A1Z5
G_000313,2292.00,2025-09-29,INV/2025/95659,Vendor 313 Pvt Ltd,27AAAAA1194A1ZD
G_000314,65926.00,2025-12-24,INV/2025/89346,Vendor 314 Pvt Ltd,27AAAAA1280A1ZI
G_000315,14126.00,2025-02-19,INV/2025/69732,Vendor 315 Pvt Ltd,27AAAAA3937A1ZA
G_000316,33185.00,2025-07-01,INV/2025/36038,Vendor 316 Pvt Ltd,27AAAAA9625A1Z5
G_000317,74155.00,2025-05-05,INV/2025/92388,Vendor 317 Pvt Ltd,27AAAAA8520A1ZD
G_000318,85786.00,2025-11-29,INV/2025/5152,Vendor 318 Pvt Ltd,27AAAAA2320A1ZR
G_000319,7456.00,2025-11-23,INV/2025/2238,Vendor 319 Pvt Ltd,27AAAAA8798A1ZP
G_000320,74267.00,2025-02-18,,Vendor 320 Pvt Ltd,27AAAAA6427A1ZB
G_000321,35632.00,2025-01-24,INV/2025/10744,Vendor 321 Pvt Ltd Inc,27AAAAA8790A1ZX
G_000322,23608.00,2025-06-11,,Vendor 322 Pvt Ltd,27AAAAA1539A1ZG
G_000323,10184.00,2025-06-03,INV/2025/22292,VENDOR 323 PVT LTD,27AAAAA7525A1ZA
G_000324,88840.00,2025-10-04,INV/2025/44480,Vendor 324 Pvt Ltd,27AAAAA7375A1Z2
G_000325,65739.00,2025-06-27,INV/2025/8038,Vendor 325 Pvt Ltd,27AAAAA2284A1ZC
G_000326,44742.00,2025-11-06,,Vendor 326 Pvt Ltd,27AAAAA2245A1ZJ
G_000327,3984.00,2025-11-21,INV/2025/36825,Vendor 327 Pvt Ltd,27AAAAA6347A1Z8
G_000328,56703.00,2025-04-06,INV/2025/90088,Vendor,27AAAAA7150A1ZD
G_000329,32402.00,2026-01-01,INV/2025/10634,Vendor 329 Pvt Ltd,27AAAAA5839A1Z5
G_000330,97048.00,2025-07-19,INV/2025/42507,Vendor 330 Pvt Ltd,27AAAAA3527A1ZG
G_000331,58392.00,2025-07-04,INV/2025/36358,Vendor 331 Pvt Ltd,27AAAAA6050A1ZG
G_000332,58930.00,2025-10-13,INV/2025/73710,Vendor 332 Private Limited,27AAAAA8061A1Z9
G_000333,72742.00,2025-02-17,INV/2025/79240,Vendor 333 Pvt Ltd Inc,27AAAAA6798A1ZT
G_000334,76706.00,2025-07-31,INV/2025/51829,Vendor 334 Pvt Ltd,27AAAAA1202A1ZW
G_000335,75067.00,2025-09-24,INV/2025/23227,Vendor 335 PVT LTD,27AAAAA4977A1Z0
G_000336,35280.00,2025-09-10,INV/2025/20127,Vendor 336 Pvt Ltd,27AAAAA5933A1ZA
G_000337,39389.00,2025-09-05,INV/2025/11082,Vendor 337 Pvt Ltd,27AAAAA7899A1ZP
G_000338,77931.00,2025-11-12,INV/2025/26630,Vendor 338 Pvt Ltd,27AAAAA9123A1ZC
G_000339,51964.00,2025-06-20,INV/2025/82289,Vendor 339 Pvt Ltd,27AAAAA1110A1ZX
G_000340,43974.00,2025-08-09,,Vendor 340 Pvt Ltd,27AAAAA8212A1ZG
G_000341,79164.00,2025-12-22,INV/2025/27326,Vendor 341 Pvt Ltd,27AAAAA6253A1ZB
G_000342,41930.00,2025-05-30,INV/2025/97321,Vendor,27AAAAA7524A1ZB
G_000343,42814.00,2025-07-12,INV/2025/37739,Vendor 343 Pvt Ltd,27AAAAA2865A1Z9
G_000344,77724.00,2025-10-07,INV/2025/24583,VENDOR 344 PVT LTD,27AAAAA4273A1ZB
G_000345,185894.00,2025-04-18,INV/2025/58469,Vendor 345 Pvt Ltd,27AAAAA8563A1Z2
G_000346,88308.00,2025-09-13,INV/2025/19242,Vendor 346 PVT LTD,27AAAAA7703A1ZE
G_000347,93847.00,2025-08-05,INV/2025/50412,Vendor 347 Pvt Ltd,27AAAAA3525A1ZI
G_000348,76415.00,2025-07-25,INV/2025/71040,None,27AAAAA8851A1Z3
G_000349,4918.00,2025-07-04,,Vendor 349 Pvt Ltd,27AAAAA9907A1Z4
G_000350,14435.00,2025-05-08,INV/2025/87193,Vendor 350 PVT LTD,27AAAAA2392A1ZB
G_000351,73922.00,2025-11-27,INV/2025/89797,None,27AAAAA1725A1ZK
G_000352,13986.00,2025-01-06,INV/2025/13924,Vendor 352 Pvt Ltd,27AAAAA8052A1ZA
G_000353,73237.00,2025-10-25,INV/2025/91133,Vendor,27AAAAA9499A1ZP
G_000354,89170.00,2025-10-29,INV/2025/91496,Vendor 354 Pvt Ltd Inc,27AAAAA8586A1ZV
G_000355,13803.00,2025-06-01,,Vendor 355 Pvt Ltd,27AAAAA8909A1Z4
G_000356,45756.00,2025-06-09,INV/2025/45966,Vendor 356 Pvt Ltd,27AAAAA3321A1ZO
G_000357,45752.00,2025-09-01,INV/2025/13795,Vendor 357 Pvt Ltd,27AAAAA8912A1Z9
G_000358,8904.00,2025-06-03,INV/2025/6856,Vendor 358 Pvt Ltd,27AAAAA6620A1ZG
G_000359,97157.00,2025-05-05,INV/2025/68632,Vendor 359 Pvt Ltd,27AAAAA3692A1Z6
G_000360,60662.00,2025-04-29,INV/2025/54090,Vendor 360 PVT LTD,27AAAAA7985A1ZU
G_000361,51949.00,2025-01-15,INV/2025/97650,Vendor 361 PVT LTD,27AAAAA8080A1Z6
G_000362,51065.00,2025-01-03,INV/2025/93371,Vendor 362 Pvt Ltd,27AAAAA8037A1Z9
G_000363,75774.00,2025-02-22,INV/2025/71371,Vendor 363 Pvt Ltd,27AAAAA2025A1ZP
G_000364,15036.00,2025-05-15,,Vendor 364 Pvt Ltd,27AAAAA8496A1ZU
G_000365,78346.00,2025-07-18,INV/2025/81125,Vendor 365 Pvt Ltd,27AAAAA6134A1ZF
G_000366,60112.00,2025-11-13,INV/2025/23613,Vendor 366 Pvt Ltd,
G_000367,88194.00,2025-03-10,INV/2025/42049,Vendor 367 Pvt Ltd,27AAAAA2388A1Z7
G_000368,49029.00,2025-12-22,INV/2025/19528,Vendor,27AAAAA3999A1ZW
G_000369,55548.00,2025-04-06,INV/2025/64788,vendor 369 pvt ltd,27AAAAA7286A1Z0
G_000370,72833.00,2025-03-27,INV/2025/65178,Vendor 370 Pvt Ltd,27AAAAA3838A1ZA
G_000371,81287.00,2025-01-28,,Vendor 371 Pvt Ltd,27AAAAA8389A1ZU
G_000372,50424.00,2025-10-15,INV/2025/67248,Vendor,27AAAAA4196A1Z5
G_000373,93179.00,2025-08-16,INV/2025/65054,Vendor 373 Pvt Ltd,27AAAAA7809A1Z7
G_000374,38384.00,2025-01-17,INV/2025/37025,Vendor 374 Pvt Ltd,27AAAAA4613A1ZJ
G_000375,74240.00,2025-09-11,INV/2025/73053,VENDOR 375 PVT LTD,27AAAAA8492A1ZY
G_000376,48186.00,2025-10-05,INV/2025/6453,Vendor 376 Pvt Ltd,27AAAAA9898A1ZM
G_000377,13523.00,2025-12-01,INV/2025/99480,Vendor 377 Pvt Ltd,27AAAAA7965A1ZY
G_000378,59047.00,2025-05-15,,Vendor 378 Pvt Ltd,27AAAAA1528A1ZJ
G_000379,31156.00,2025-04-18,INV/2025/97680,Vendor 379 Pvt Ltd Inc,27AAAAA2923A1ZI
G_000380,43710.00,2025-11-12,INV/2025/19249,Vendor 380 Pvt Ltd,27AAAAA8015A1ZF
G_000381,69867.00,2025-05-24,INV/2025/79231,Vendor 381 Pvt Ltd Inc,27AAAAA6747A1Z4
G_000382,38023.00,2025-10-21,,Vendor 382 Pvt Ltd,27AAAAA5794A1ZZ
G_000383,17871.00,2025-07-30,,Vendor 383 Pvt Ltd,27AAAAA2560A1ZH
G_000384,92037.00,2025-03-09,INV/2025/33725,Vendor 384 Pvt Ltd,27AAAAA3078A1ZA
G_000385,99907.00,2025-12-13,INV/2025/52472,Vendor 385 Pvt Ltd,27AAAAA5055A1ZD
G_000386,82388.00,2025-08-01,INV/2025/50174,Vendor 386 Pvt Ltd,27AAAAA5402A1ZM
G_000387,52902.00,2025-09-21,INV/2025/99278,Vendor 387 Pvt Ltd,27AAAAA2525A1ZK
G_000388,59697.00,2025-09-07,INV/2025/43898,None,27AAAAA7046A1ZA
G_000389,95904.00,2025-08-23,INV/2025/84209,Vendor 389 Pvt Ltd Inc,27AAAAA2526A1ZJ
G_000390,52229.00,2025-04-22,INV/2025/57314,Vendor 390 Pvt Ltd,27AAAAA6289A1ZZ
G_000391,71837.00,2025-10-23,INV/2025/18117,Vendor,27AAAAA6533A1ZC
G_000392,6122.00,2025-02-20,INV/2025/83074,Vendor 392 Pvt Ltd,27AAAAA1793A1Z8
G_000393,57940.00,2025-08-22,,Vendor 393 Pvt Ltd,27AAAAA3588A1Z3
G_000394,85296.00,2025-06-04,,Vendor 394 Pvt Ltd,27AAAAA3161A1ZI
G_000395,85898.00,2025-07-04,INV/2025/33819,Vendor 395 Pvt Ltd,27AAAAA2529A1ZG
G_000396,6887.00,2025-07-22,INV/2025/82999,Vendor 396 Pvt Ltd,27AAAAA3711A1ZM
G_000397,56361.00,2025-12-02,INV/2025/12953,Vendor 397 Pvt Ltd,27AAAAA4836A1ZA
G_000398,77914.00,2025-04-26,INV/2025/69084,Vendor 398 Private Limited,27AAAAA3174A1ZD
G_000399,15906.00,2025-08-05,INV/2025/91968,Vendor 399 Pvt Ltd,27AAAAA6629A1Z7
G_000400,11808.00,2025-02-22,INV/2025/14526,Vendor 400 Pvt Ltd,27AAAAA7276A1Z2
G_000401,50264.00,2025-03-10,,Vendor 401 Pvt Ltd,27AAAAA3246A1ZG
G_000402,73931.00,2025-01-05,INV/2025/80995,Vendor,27AAAAA9691A1ZV
G_000403,82423.00,2025-03-19,INV/2025/54963,Vendor,27AAAAA4490A1Z8
G_000404,13268.00,2025-03-13,INV/2025/99624,Vendor 404 Pvt Ltd,27AAAAA2420A1ZQ
G_000405,56380.00,2025-06-11,INV/2025/19327,Vendor 405 Pvt Ltd,27AAAAA6759A1Z0
G_000406,72635.00,2025-11-04,INV/2025/79644,Vendor 406 Pvt Ltd,27AAAAA5065A1ZB
G_000407,86398.00,2025-06-04,INV/2025/27928,VENDOR 407 PVT LTD,27AAAAA1439A1ZH
G_000408,77674.00,2025-11-27,INV/2025/8152,Vendor 408 Pvt Ltd,27AAAAA7418A1ZA
G_000409,14877.00,2025-05-04,INV/2025/66481,Vendor 409 Private Limited,27AAAAA7322A1ZF
G_000410,47429.00,2025-06-12,INV/2025/18299,Vendor 410 Pvt Ltd,27AAAAA1197A1ZA
G_000411,47995.00,2025-10-07,INV/2025/90514,Vendor 411 Pvt Ltd,27AAAAA7895A1ZT
G_000412,2287.00,2025-10-28,INV/2025/9851,Vendor 412 Pvt Ltd,27AAAAA2195A1ZA
G_000413,52263.00,2025-09-17,INV/2025/38550,VENDOR 413 PVT LTD,27AAAAA1990A1Z9
G_000414,92087.00,2025-07-25,INV/2025/11803,VENDOR 414 PVT LTD,27AAAAA7939A1Z0
G_000415,11057.00,2025-06-08,INV/2025/11357,Vendor 415 PVT LTD,27AAAAA5546A1Z9
G_000416,70405.00,2025-06-17,INV/2025/52213,None,27AAAAA3545A1ZE
G_000417,81508.00,2025-12-24,INV/2025/58342,Vendor 417 Pvt Ltd,27AAAAA2083A1ZF
G_000418,57048.00,2025-03-01,INV/2025/60424,Vendor 418 Private Limited,27AAAAA2412A1ZQ
G_000419,15755.00,2025-01-07,INV/2025/93785,Vendor 419 Pvt Ltd,27AAAAA3877A1Z3
G_000420,91086.00,2025-09-25,INV/2025/68793,Vendor 420 Pvt Ltd,27AAAAA9133A1ZA
G_000421,98374.00,2025-05-18,,Vendor 421 Pvt Ltd,27AAAAA3079A1Z9
G_000422,44010.00,2025-08-08,INV/2025/36649,Vendor 422 Pvt Ltd Inc,27AAAAA1480A1ZG
G_000423,65131.00,2025-08-22,INV/2025/67949,Vendor 423 Pvt Ltd,27AAAAA2262A1ZI
G_000424,96586.00,2025-03-22,INV/2025/34438,Vendor 424 Pvt Ltd,27AAAAA3734A1ZF
G_000425,30037.00,2025-09-18,INV/2025/1336,Vendor 425 Pvt Ltd,27AAAAA2889A1Z1
G_000426,6126.00,2025-08-30,INV/2025/48707,Vendor 426 Pvt Ltd,27AAAAA5006A1ZM
G_000427,72565.00,2026-01-01,INV/2025/98080,Vendor 427 PVT LTD,27AAAAA1579A1Z8
G_000428,94509.00,2025-06-13,INV/2025/36554,Vendor 428 Pvt Ltd,
G_000429,23607.00,2025-04-25,,Vendor 429 Pvt Ltd,27AAAAA1862A1ZE
G_000430,61060.00,2025-05-25,INV/2025/41723,Vendor 430 Pvt Ltd,27AAAAA2129A1ZK
G_000431,48454.00,2025-04-13,INV/2025/39219,Vendor 431 Pvt Ltd Inc,27AAAAA1130A1ZT
G_000432,60907.00,2025-07-08,,Vendor 432 Pvt Ltd,27AAAAA4974A1Z3
G_000433,96105.00,2025-10-07,INV/2025/33129,Vendor 433 Pvt Ltd,27AAAAA4201A1ZR
G_000434,30639.00,2025-10-05,INV/2025/46406,vendor 434 pvt ltd,27AAAAA1391A1ZE
G_000435,291.00,2025-12-03,INV/2025/50319,Vendor 435 Pvt Ltd,
G_000436,31317.00,2025-08-03,,Vendor 436 Pvt Ltd,27AAAAA9680A1ZY
G_000437,93377.00,2025-05-24,INV/2025/13193,Vendor 437 Pvt Ltd,27AAAAA3332A1ZL
G_000438,54240.00,2025-12-25,INV/2025/49823,Vendor 438 Pvt Ltd,27AAAAA9515A1Z8
G_000439,66347.00,2025-03-10,INV/2025/84521,Vendor 439 Pvt Ltd,27AAAAA2020A1ZU
G_000440,31134.00,2025-05-30,,Vendor 440 Pvt Ltd,27AAAAA3141A1ZM
G_000441,91945.00,2025-06-17,INV/2025/42688,Vendor 441 Pvt Ltd,27AAAAA7438A1Z6
G_000442,17940.00,2025-10-27,INV/2025/15283,Vendor 442 Pvt Ltd,27AAAAA4321A1ZM
G_000443,41260.00,2025-07-28,INV/2025/16825,None,27AAAAA8635A1Z5
G_000444,60831.00,2025-05-16,INV/2025/16717,Vendor 444 Pvt Ltd,27AAAAA6051A1ZF
G_000445,92467.00,2025-12-23,INV/2025/80076,Vendor 445 Pvt Ltd,27AAAAA5984A1ZZ
G_000446,19541.00,2025-02-16,INV/2025/94212,Vendor 446 Pvt Ltd,27AAAAA6370A1Z9
G_000447,6516.00,2025-12-13,INV/2025/40169,Vendor 447 Pvt Ltd,27AAAAA9412A1ZC
G_000448,53105.00,2025-08-20,INV/2025/73869,Vendor 448 Pvt Ltd,27AAAAA1509A1ZM
G_000449,16019.00,2025-01-07,INV/2025/9083,Vendor 449 Pvt Ltd,
G_000450,48890.00,2025-12-18,,Vendor 450 Pvt Ltd,27AAAAA7563A1Z4
G_000451,9928.00,2025-01-12,INV/2025/9450,Vendor 451 Pvt Ltd,27AAAAA5240A1ZI
G_000452,12155.00,2025-06-19,INV/2025/17059,Vendor 452 Pvt Ltd,27AAAAA3110A1ZT
G_000453,75320.00,2025-08-10,INV/2025/95952,Vendor 453 Pvt Ltd,27AAAAA3752A1ZD
G_000454,22750.00,2025-07-01,,Vendor 454 Pvt Ltd,27AAAAA7990A1ZX
G_000455,19581.00,2025-01-18,INV/2025/81492,Vendor 455 PVT LTD,27AAAAA8307A1ZC
G_000456,54100.00,2025-10-09,INV/2025/63787,Vendor 456 Pvt Ltd,27AAAAA9173A1Z2
G_000457,55049.00,2025-04-13,,Vendor 457 Pvt Ltd,27AAAAA3248A1ZE
G_000458,2659.00,2025-07-15,INV/2025/94502,Vendor 458 Pvt Ltd,27AAAAA9907A1Z4
G_000459,45193.00,2025-10-17,INV/2025/66849,Vendor 459 Pvt Ltd,27AAAAA8940A1Z5
G_000460,41895.00,2025-11-02,INV/2025/29707,Vendor 460 Pvt Ltd,27AAAAA1427A1ZL
G_000461,7779.00,2025-08-30,INV/2025/70393,Vendor 461 Pvt Ltd,27AAAAA5602A1ZK
G_000462,21022.00,2025-02-21,INV/2025/33487,Vendor 462 Pvt Ltd Inc,27AAAAA4813A1ZH
G_000463,28858.00,2025-10-22,INV/2025/51911,Vendor 463 Pvt Ltd,27AAAAA1916A1ZJ
G_000464,23181.00,2025-05-02,INV/2025/78662,Vendor 464 Pvt Ltd,27AAAAA3846A1ZA
G_000465,155274.00,2025-01-15,INV/2025/93202,Vendor 465 Pvt Ltd,27AAAAA6878A1ZW
G_000466,64617.00,2025-10-05,INV/2025/41508,Vendor 466 Pvt Ltd,27AAAAA4084A1ZA
G_000467,30590.00,2025-11-05,INV/2025/29679,Vendor 467 Pvt Ltd,27AAAAA1920A1ZN
G_000468,80595.00,2025-04-14,INV/2025/18103,Vendor 468 Pvt Ltd,27AAAAA6435A1ZB
G_000469,7906.00,2025-01-12,INV/2025/20360,Vendor 469 PVT LTD,27AAAAA6301A1ZM
G_000470,95852.00,2025-02-07,INV/2025/49967,Vendor 470 Pvt Ltd,27AAAAA9622A1Z8
G_000471,39652.00,2025-06-15,,Vendor 471 Pvt Ltd,27AAAAA6514A1ZF
G_000472,83889.00,2025-09-07,INV/2025/86089,Vendor 472 Pvt Ltd,27AAAAA8157A1Z4
G_000473,29360.00,2025-12-07,INV/2025/78194,Vendor 473 Pvt Ltd,27AAAAA5825A1ZB
G_000474,92113.00,2025-10-21,,Vendor 474 Pvt Ltd,27AAAAA1029A1ZN
G_000475,23965.00,2025-11-05,,Vendor 475 Pvt Ltd,27AAAAA1530A1ZP
G_000476,83939.00,2025-10-17,,Vendor 476 Pvt Ltd,27AAAAA4619A1ZD
G_000477,31294.00,2025-06-27,INV/2025/42879,Vendor 477 Pvt Ltd,27AAAAA2274A1ZE
G_000478,93026.00,2025-12-10,INV/2025/84768,Vendor 478 Pvt Ltd,27AAAAA2453A1ZH
G_000479,32807.00,2025-12-21,INV/2025/9885,Vendor 479 Pvt Ltd,27AAAAA4435A1ZF
G_000480,12820.00,2025-07-17,INV/2025/58438,Vendor 480 Pvt Ltd,27AAAAA1020A1ZW
G_000481,49738.00,2025-06-29,INV/2025/72568,Vendor 481 Pvt Ltd,27AAAAA9078A1ZY
G_000482,21420.00,2025-08-20,INV/2025/10661,Vendor 482 Pvt Ltd,27AAAAA4695A1Z1
G_000483,13826.00,2025-02-07,INV/2025/45801,Vendor 483 Pvt Ltd,27AAAAA5278A1Z4
G_000484,71802.00,2025-02-17,INV/2025/45295,VENDOR 484 PVT LTD,27AAAAA2228A1ZK
G_000485,56634.00,2025-12-01,INV/2025/22626,Vendor,27AAAAA1507A1ZO
G_000486,43497.00,2025-04-16,INV/2025/25901,Vendor 486 Pvt Ltd,27AAAAA2659A1Z9
G_000487,34868.00,2025-12-05,INV/2025/37899,Vendor 487 Pvt Ltd,27AAAAA9849A1ZV
G_000488,75043.00,2025-10-09,INV/2025/65349,Vendor 488 Pvt Ltd,27AAAAA7437A1Z7
G_000489,11585.00,2025-05-31,INV/2025/87772,Vendor,27AAAAA8005A1ZH
G_000490,27225.00,2025-03-29,INV/2025/84648,Vendor 490 Pvt Ltd,27AAAAA1421A1ZR
G_000491,40516.00,2025-07-23,INV/2025/62727,Vendor 491 Pvt Ltd,27AAAAA2892A1Z6
G_000492,84230.00,2025-10-06,INV/2025/51793,Vendor 492 Pvt Ltd,27AAAAA2493A1Z9
G_000493,24555.00,2025-08-17,INV/2025/6848,Vendor 493 Pvt Ltd,27AAAAA7052A1ZC
G_000494,35300.00,2025-10-16,INV/2025/9079,Vendor 494 Pvt Ltd,27AAAAA4706A1ZH
G_000495,11333.00,2025-12-09,INV/2025/46061,Vendor 495 Pvt Ltd,27AAAAA4727A1ZC
G_000496,68595.00,2025-08-03,INV/2025/71190,Vendor,27AAAAA7342A1ZB
G_000497,62524.00,2025-06-03,INV/2025/11348,Vendor 497 Pvt Ltd,27AAAAA4860A1ZA
G_000498,65911.00,2025-10-20,INV/2025/68740,Vendor 498 Pvt Ltd,
G_000499,99346.00,2025-08-18,,Vendor 499 Pvt Ltd,27AAAAA2970A1ZB
G_000500,25360.00,2025-03-06,INV/2025/6593,Vendor 500 Pvt Ltd,27AAAAA4471A1ZB
G_000501,26565.00,2025-11-18,INV/2025/20382,Vendor 501 Pvt Ltd,27AAAAA2097A1Z9
G_000502,72458.00,2025-06-16,INV/2025/37202,None,27AAAAA7510A1ZH
G_000503,55097.00,2025-02-27,INV/2025/55321,Vendor 503 Pvt Ltd,27AAAAA9561A1Z2
G_000504,27890.00,2025-10-16,INV/2025/14237,Vendor 504 Pvt Ltd,27AAAAA2641A1ZJ
G_000505,34720.00,2025-07-16,INV/2025/86824,Vendor 505 Pvt Ltd,27AAAAA7732A1Z9
G_000506,22670.00,2025-05-22,INV/2025/53818,Vendor 506 Pvt Ltd,27AAAAA1613A1ZP
G_000507,5183.00,2025-07-22,INV/2025/44449,Vendor 507 Private Limited,27AAAAA7581A1Z2
G_000508,48916.00,2025-01-11,INV/2025/45284,Vendor 508 Pvt Ltd,27AAAAA5593A1Z2
G_000509,29978.00,2025-03-10,,Vendor 509 Pvt Ltd,27AAAAA2609A1ZJ
G_000510,35413.00,2025-08-02,INV/2025/80295,Vendor 510 PVT LTD,27AAAAA6257A1Z7
G_000511,97217.00,2025-09-06,,Vendor 511 Pvt Ltd,27AAAAA7671A1Z3
G_000512,20937.00,2025-02-03,INV/2025/41779,Vendor 512 Pvt Ltd,27AAAAA9442A1Z6
G_000513,74637.00,2025-01-15,INV/2025/23772,Vendor 513 Pvt Ltd,27AAAAA9589A1ZQ
G_000514,32801.00,2025-01-17,INV/2025/60827,Vendor 514 Pvt Ltd,27AAAAA1944A1ZF
G_000515,36010.00,2025-07-08,INV/2025/61846,vendor 515 pvt ltd,27AAAAA4262A1ZE
G_000516,31811.00,2025-07-10,INV/2025/65066,Vendor 516 PVT LTD,27AAAAA1500A1ZV
G_000517,77023.00,2025-10-10,INV/2025/46843,Vendor 517 Pvt Ltd,27AAAAA8775A1ZW
G_000518,98267.00,2025-12-19,INV/2025/12847,Vendor 518 Pvt Ltd,27AAAAA5237A1ZD
G_000519,75107.00,2025-04-20,INV/2025/30012,vendor 519 pvt ltd,27AAAAA3669A1Z5
G_000520,67376.00,2025-01-11,INV/2025/90417,Vendor 520 Pvt Ltd,27AAAAA7709A1Z8
G_000521,78892.00,2025-01-05,INV/2025/30329,Vendor 521 Pvt Ltd,27AAAAA3837A1ZB
G_000522,93520.00,2025-12-30,INV/2025/85245,Vendor 522 Pvt Ltd,27AAAAA6004A1ZM
G_000523,60261.00,2025-05-10,INV/2025/29601,Vendor 523 Pvt Ltd,27AAAAA6713A1ZE
G_000524,76709.00,2025-02-22,INV/2025/1963,vendor 524 pvt ltd,27AAAAA7506A1ZD
G_000525,73691.00,2025-11-28,INV/2025/78826,Vendor 525 Pvt Ltd Inc,27AAAAA7131A1ZG
G_000526,8467.00,2025-06-22,INV/2025/37239,None,27AAAAA8892A1ZU
G_000527,49576.00,2025-03-18,INV/2025/68802,Vendor 527 Pvt Ltd,27AAAAA5895A1ZX
G_000528,86677.00,2025-06-13,INV/2025/90228,Vendor 528 Pvt Ltd,27AAAAA7620A1ZE
G_000529,38845.00,2025-05-13,INV/2025/55862,Vendor 529 Pvt Ltd,27AAAAA9148A1Z3
G_000530,45079.00,2026-01-01,INV/2025/30145,vendor 530 pvt ltd,27AAAAA4111A1ZQ
G_000531,66594.00,2025-06-03,INV/2025/23280,Vendor 531 Pvt Ltd,
G_000532,61806.00,2025-03-07,INV/2025/98113,Vendor 532 Pvt Ltd,27AAAAA2599A1Z2
G_000533,89191.00,2025-06-21,INV/2025/86778,Vendor 533 Pvt Ltd,27AAAAA3999A1ZW
G_000534,55212.00,2025-06-19,INV/2025/49717,Vendor 534 Pvt Ltd,27AAAAA6031A1ZJ
G_000535,61774.00,2025-01-28,INV/2025/84151,VENDOR 535 PVT LTD,27AAAAA2929A1ZC
G_000536,65698.00,2025-03-03,INV/2025/90220,Vendor 536 Pvt Ltd,27AAAAA4187A1Z6
G_000537,19862.00,2025-03-12,INV/2025/27253,Vendor 537 Pvt Ltd,27AAAAA1885A1Z7
G_000538,18872.00,2025-06-11,INV/2025/94804,Vendor 538 Pvt Ltd,27AAAAA8496A1ZU
G_000539,82810.00,2025-04-01,INV/2025/42079,Vendor 539 Private Limited,27AAAAA6449A1Z5
G_000540,99872.00,2025-03-28,INV/2025/76534,Vendor 540 Pvt Ltd,27AAAAA4430A1ZK
G_000541,17061.00,2025-11-11,INV/2025/57847,Vendor,27AAAAA2442A1ZK
G_000542,50342.00,2025-01-03,INV/2025/5944,vendor 542 pvt ltd,27AAAAA8821A1Z9
G_000543,42333.00,2025-09-29,INV/2025/25979,Vendor 543 Pvt Ltd,27AAAAA1230A1ZS
G_000544,29757.00,2025-12-22,INV/2025/46134,Vendor 375 Pvt Ltd,27AAAAA5889A1ZV
G_000545,77258.00,2025-06-06,INV/2025/22891,Vendor 545 Pvt Ltd,27AAAAA9246A1Z4
G_000546,59859.00,2025-09-24,INV/2025/79167,Vendor,27AAAAA5764A1Z5
G_000547,45023.00,2025-09-08,INV/2025/48087,Vendor 547 Pvt Ltd,27AAAAA3192A1ZB
G_000548,2607.00,2025-04-27,INV/2025/30402,Vendor 548 Pvt Ltd,27AAAAA7609A1Z9
G_000549,44498.00,2025-03-05,INV/2025/49049,Vendor 549 Pvt Ltd,27AAAAA9267A1ZZ
G_000550,70188.00,2025-11-16,INV/2025/7368,Vendor 550 Private Limited,27AAAAA5190A1Z9
G_000551,6422.00,2025-12-20,INV/2025/16176,Vendor 551 Pvt Ltd,27AAAAA1323A1ZQ
G_000552,33226.00,2025-08-31,INV/2025/92995,Vendor 552 Pvt Ltd,27AAAAA9966A1ZT
G_000553,39567.00,2025-08-04,INV/2025/87725,Vendor 553 Pvt Ltd,27AAAAA1152A1ZN
G_000554,54997.00,2025-02-23,INV/2025/68054,Vendor 554 Pvt Ltd,27AAAAA3247A1ZF
G_000555,65339.00,2025-04-12,INV/2025/80823,Vendor 555 Pvt Ltd,27AAAAA2741A1ZI
G_000556,26533.00,2025-07-03,INV/2025/93200,Vendor 556 Pvt Ltd,27AAAAA9571A1Z0
G_000557,65158.00,2025-04-17,,Vendor 557 Pvt Ltd,27AAAAA9980A1ZV
G_000558,1771.00,2025-12-10,,Vendor 558 Pvt Ltd,27AAAAA1044A1ZO
G_000559,19648.00,2025-02-16,INV/2025/68070,Vendor 559 Pvt Ltd,27AAAAA9095A1ZX
G_000560,84554.00,2025-04-29,,Vendor 560 Pvt Ltd,27AAAAA5192A1Z7
G_000561,6664.00,2025-02-21,,Vendor 561 Pvt Ltd,27AAAAA8606A1ZA
G_000562,88806.00,2025-06-10,INV/2025/56836,Vendor 562 Pvt Ltd,27AAAAA6901A1ZG
G_000563,1367.00,2025-03-12,INV/2025/87947,Vendor 563 Pvt Ltd Inc,27AAAAA1751A1ZI
G_000564,81601.00,2025-05-18,INV/2025/97084,Vendor 564 Pvt Ltd,27AAAAA8171A1Z6
G_000565,15020.00,2025-07-25,,Vendor 565 Pvt Ltd,27AAAAA3996A1ZZ
G_000566,90526.00,2025-09-02,INV/2025/56278,None,27AAAAA7319A1ZA
G_000567,91348.00,2025-01-31,INV/2025/21892,Vendor 567 Pvt Ltd,27AAAAA3171A1ZG
G_000568,74672.00,2025-12-14,INV/2025/58430,Vendor 568 Pvt Ltd,27AAAAA8908A1Z5
G_000569,80231.00,2025-01-15,,Vendor 569 Pvt Ltd,27AAAAA6875A1ZZ
G_000570,63418.00,2025-09-07,,Vendor 570 Pvt Ltd,27AAAAA3140A1ZN
G_000571,34390.00,2025-12-02,INV/2025/42187,Vendor 571 Pvt Ltd,27AAAAA2037A1ZL
G_000572,97568.00,2025-10-23,INV/2025/95866,vendor 572 pvt ltd,27AAAAA9598A1ZP
G_000573,68664.00,2025-12-19,INV/2025/92826,Vendor,27AAAAA9504A1ZB
G_000574,63267.00,2025-06-27,INV/2025/87993,Vendor,27AAAAA5072A1ZC
G_000575,1626.00,2025-11-26,INV/2025/21568,Vendor,27AAAAA1894A1Z6
G_000576,9912.00,2025-09-09,INV/2025/43026,Vendor 576 Pvt Ltd,27AAAAA3709A1ZG
G_000577,66544.00,2025-04-25,INV/2025/73154,Vendor,27AAAAA1824A1ZK
G_000578,60274.00,2025-08-16,INV/2025/76108,Vendor 578 Pvt Ltd,27AAAAA2291A1ZD
G_000579,41527.00,2025-03-02,INV/2025/66191,Vendor 579 Pvt Ltd,27AAAAA8324A1ZB
G_000580,73124.00,2025-10-09,INV/2025/1022,Vendor 580 Pvt Ltd,
G_000581,66728.00,2025-10-15,INV/2025/28112,Vendor,27AAAAA5990A1Z1
G_000582,7213.00,2025-04-25,INV/2025/60566,Vendor 582 Pvt Ltd,27AAAAA6953A1Z4
G_000583,94034.00,2025-12-03,INV/2025/48617,Vendor 583 Pvt Ltd,27AAAAA8751A1Z4
G_000584,387.00,2025-06-24,INV/2025/47548,Vendor 584 Pvt Ltd,
G_000585,49106.00,2025-12-26,INV/2025/14935,Vendor 585 Pvt Ltd,27AAAAA9552A1Z3
G_000586,94059.00,2025-07-29,INV/2025/15019,Vendor 586 Pvt Ltd,27AAAAA3301A1ZS
G_000587,51597.00,2025-04-21,INV/2025/60905,Vendor 587 Pvt Ltd,27AAAAA6536A1Z9
G_000588,6194.00,2025-11-21,INV/2025/89098,None,27AAAAA7790A1ZZ
G_000589,86405.00,2025-10-29,INV/2025/67086,Vendor 589 Pvt Ltd,27AAAAA8493A1ZX
G_000590,96597.00,2025-01-25,,Vendor 590 Pvt Ltd,27AAAAA9689A1ZP
G_000591,66728.00,2025-04-01,INV/2025/91677,vendor 591 pvt ltd,27AAAAA8912A1Z9
G_000592,50878.00,2025-12-03,INV/2025/79714,Vendor 592 Pvt Ltd Inc,27AAAAA2696A1Z4
G_000593,54976.00,2025-11-08,INV/2025/91769,Vendor 593 Pvt Ltd,27AAAAA7302A1ZJ
G_000594,59455.00,2025-03-10,INV/2025/19111,Vendor 594 Pvt Ltd,27AAAAA5819A1Z9
G_000595,39279.00,2025-12-26,,Vendor 595 Pvt Ltd,27AAAAA9393A1ZW
G_000596,52860.00,2025-04-18,INV/2025/82810,Vendor 596 Pvt Ltd,27AAAAA4560A1ZD
G_000597,93213.00,2025-11-29,INV/2025/24306,vendor 597 pvt ltd,27AAAAA3173A1ZE
G_000598,99816.00,2025-06-30,INV/2025/74699,Vendor 598 Pvt Ltd,27AAAAA2890A1Z8
G_000599,88474.00,2025-10-01,,Vendor 599 Pvt Ltd,27AAAAA7839A1Z1
G_000600,68615.00,2025-02-24,INV/2025/4312,Vendor 600 Pvt Ltd,27AAAAA1209A1ZP
G_000601,52602.00,2025-05-17,INV/2025/99328,Vendor 601 Pvt Ltd,27AAAAA1927A1ZG
G_000602,8230.00,2025-12-20,INV/2025/39684,Vendor 602 Pvt Ltd,27AAAAA3399A1Z2
G_000603,59422.00,2025-02-22,,Vendor 603 Pvt Ltd,27AAAAA6876A1ZY
G_000604,97409.00,2025-11-28,INV/2025/74566,Vendor 604 Pvt Ltd,27AAAAA4675A1Z5
G_000605,90924.00,2025-12-07,,Vendor 605 Pvt Ltd,27AAAAA5712A1ZH
G_000606,72469.00,2025-01-28,INV/2025/2699,Vendor 606 Pvt Ltd,27AAAAA6122A1ZJ
G_000607,29664.00,2025-11-21,INV/2025/93357,Vendor 607 Pvt Ltd,27AAAAA8259A1Z1
G_000608,95115.00,2025-04-10,INV/2025/39558,Vendor 608 Pvt Ltd,27AAAAA4218A1ZI
G_000609,24607.00,2025-03-30,INV/2025/97348,Vendor,27AAAAA2220A1ZS
G_000610,73054.00,2025-05-16,INV/2025/18048,Vendor 610 Pvt Ltd,27AAAAA5572A1Z7
G_000611,43427.00,2025-08-27,,Vendor 611 Pvt Ltd,27AAAAA1092A1ZG
G_000612,78334.00,2025-01-27,INV/2025/82968,vendor 612 pvt ltd,27AAAAA6285A1Z3
G_000613,9652.00,2025-12-29,INV/2025/42662,Vendor 613 PVT LTD,27AAAAA6866A1Z0
G_000614,20989.00,2025-08-01,INV/2025/72182,Vendor 614 Private Limited,27AAAAA9276A1ZY
G_000615,87044.00,2025-06-19,INV/2025/44393,Vendor 615 Pvt Ltd,27AAAAA4495A1Z3
G_000616,62340.00,2025-10-15,,Vendor 616 Pvt Ltd,27AAAAA9691A1ZV
G_000617,58514.00,2025-05-04,INV/2025/85182,VENDOR 617 PVT LTD,27AAAAA6668A1Z0
G_000618,89563.00,2025-06-14,,Vendor 618 Pvt Ltd,27AAAAA1653A1ZH
G_000619,33731.00,2025-10-04,INV/2025/95892,Vendor 619 Pvt Ltd,27AAAAA7322A1ZF
G_000620,67511.00,2025-09-18,INV/2025/59400,Vendor 620 Pvt Ltd,27AAAAA7143A1ZC
G_000621,42084.00,2025-09-21,,Vendor 621 Pvt Ltd,27AAAAA4154A1ZF
G_000622,69988.00,2025-01-04,INV/2025/83173,Vendor 622 Pvt Ltd,27AAAAA9814A1Z6
G_000623,89937.00,2025-08-06,INV/2025/14621,Vendor 623 Pvt Ltd,27AAAAA4492A1Z6
G_000624,84846.00,2025-02-06,INV/2025/98896,Vendor 624 Private Limited,27AAAAA8130A1ZF
G_000625,5065.00,2025-02-14,INV/2025/10600,Vendor 625 Pvt Ltd,27AAAAA6434A1ZC
G_000626,75461.00,2025-04-27,INV/2025/34901,Vendor 626 Pvt Ltd,27AAAAA2154A1ZJ
G_000627,56857.00,2025-06-11,INV/2025/3213,Vendor 627 Pvt Ltd,27AAAAA7626A1Z8
G_000628,168344.00,2025-11-13,INV/2025/9288,Vendor 628 Pvt Ltd,27AAAAA1096A1ZC
G_000629,46984.00,2025-09-15,INV/2025/14911,Vendor 629 Pvt Ltd,27AAAAA2189A1Z8
G_000630,36999.00,2025-08-13,INV/2025/50992,Vendor 630 Pvt Ltd,27AAAAA2417A1ZL
G_000631,20589.00,2025-10-01,INV/2025/29818,Vendor 631 Pvt Ltd,27AAAAA8765A1ZY
G_000632,38763.00,2025-11-21,INV/2025/19884,Vendor 632 Pvt Ltd,27AAAAA9941A1Z2
G_000633,1561.00,2025-10-11,INV/2025/73754,Vendor 633 Pvt Ltd,27AAAAA7113A1ZI
G_000634,70505.00,2025-10-08,INV/2025/12157,Vendor 634 Pvt Ltd,27AAAAA7456A1Z4
G_000635,27852.00,2025-07-31,,Vendor 635 Pvt Ltd,27AAAAA6633A1ZB
G_000636,29039.00,2025-11-12,INV/2025/34127,Vendor 636 Pvt Ltd,27AAAAA4014A1ZO
G_000637,98540.00,2025-10-09,INV/2025/61458,Vendor 637 Private Limited,27AAAAA1891A1Z9
G_000638,32959.00,2025-02-20,INV/2025/26875,Vendor 638 Pvt Ltd,27AAAAA2103A1ZU
G_000639,88088.00,2025-12-02,INV/2025/31740,Vendor 639 Pvt Ltd,27AAAAA3100A1ZV
G_000640,41752.00,2025-09-06,INV/2025/60067,Vendor 640 Pvt Ltd,27AAAAA4170A1ZF
G_000641,74228.00,2025-10-18,INV/2025/48774,Vendor 641 Pvt Ltd,
G_000642,32367.00,2025-04-24,INV/2025/94349,Vendor 642 Pvt Ltd,27AAAAA6131A1ZI
G_000643,89173.00,2025-06-19,INV/2025/63908,Vendor 643 Pvt Ltd,27AAAAA3200A1ZU
G_000644,63928.00,2025-10-10,INV/2025/15264,Vendor 644 Pvt Ltd,27AAAAA6004A1ZM
G_000645,18450.00,2025-10-03,INV/2025/26746,Vendor 645 Pvt Ltd,27AAAAA5597A1ZY
G_000646,95445.00,2025-02-08,INV/2025/3441,Vendor 646 Pvt Ltd,
G_000647,77437.00,2025-04-19,INV/2025/5804,VENDOR 647 PVT LTD,27AAAAA7637A1Z5
G_000648,61979.00,2025-12-01,INV/2025/20481,Vendor 648 Pvt Ltd,27AAAAA9842A1Z2
G_000649,17648.00,2025-08-26,INV/2025/66683,Vendor,27AAAAA5767A1Z2
G_000650,86958.00,2025-05-03,INV/2025/81482,None,27AAAAA1173A1ZI
G_000651,20969.00,2025-04-02,,Vendor 651 Pvt Ltd,27AAAAA8310A1ZH
G_000652,96558.00,2025-09-05,INV/2025/48028,Vendor 652 Pvt Ltd,27AAAAA3395A1Z6
G_000653,8339.00,2025-05-16,INV/2025/49422,Vendor 653 Pvt Ltd,27AAAAA4796A1ZZ
G_000654,47449.00,2025-07-18,,Vendor 654 Pvt Ltd,27AAAAA9485A1ZV
G_000655,170206.00,2025-06-15,INV/2025/14529,Vendor 655 Pvt Ltd,27AAAAA1653A1ZH
G_000656,75942.00,2025-10-06,INV/2025/75732,Vendor 656 Pvt Ltd,27AAAAA5314A1ZJ
G_000657,77128.00,2025-12-01,INV/2025/11202,Vendor,27AAAAA6985A1ZW
G_000658,67781.00,2025-07-27,INV/2025/47255,Vendor 658 Pvt Ltd,27AAAAA8898A1ZO
G_000659,65876.00,2025-03-13,INV/2025/58658,Vendor 659 Pvt Ltd,27AAAAA1108A1ZR
G_000660,27823.00,2025-03-18,INV/2025/25498,Vendor 660 Pvt Ltd,27AAAAA5600A1ZM
G_000661,86752.00,2025-04-28,INV/2025/55344,Vendor 661 Pvt Ltd,
G_000662,62886.00,2025-04-18,INV/2025/78436,Vendor 662 Pvt Ltd,27AAAAA8844A1Z2
G_000663,32038.00,2025-01-23,INV/2025/17762,Vendor 663 PVT LTD,27AAAAA1367A1ZE
G_000664,5236.00,2025-10-21,INV/2025/20249,Vendor 664 Pvt Ltd,27AAAAA9399A1ZQ
G_000665,67817.00,2025-07-27,,Vendor 665 Pvt Ltd,27AAAAA3949A1Z6
G_000666,11339.00,2025-04-21,INV/2025/59877,Vendor,27AAAAA5644A1ZA
G_000667,28852.00,2025-07-30,INV/2025/79753,Vendor 667 Pvt Ltd,27AAAAA3794A1Z3
G_000668,81785.00,2025-12-04,INV/2025/67952,Vendor 668 Pvt Ltd,27AAAAA3979A1Z0
G_000669,59537.00,2025-11-02,INV/2025/78410,Vendor 669 Pvt Ltd,27AAAAA6614A1ZE
G_000670,14330.00,2025-01-09,INV/2025/27522,VENDOR 670 PVT LTD,27AAAAA3166A1ZD
G_000671,79465.00,2025-02-19,INV/2025/24255,Vendor 671 Pvt Ltd,27AAAAA3450A1ZI
G_000672,69755.00,2025-09-15,INV/2025/99616,Vendor 672 Pvt Ltd,27AAAAA1639A1ZF
G_000673,79198.00,2025-10-04,,Vendor 673 Pvt Ltd,27AAAAA3135A1ZK
G_000674,68525.00,2025-08-04,,Vendor 674 Pvt Ltd,27AAAAA8069A1Z1
G_000675,30179.00,2025-09-04,INV/2025/50969,Vendor 675 Pvt Ltd,27AAAAA8028A1ZA
G_000676,55869.00,2025-03-10,INV/2025/34360,Vendor 676 Pvt Ltd,27AAAAA2600A1ZS
G_000677,37228.00,2025-11-03,INV/2025/72267,Vendor 677 Pvt Ltd,27AAAAA2373A1ZE
G_000678,75857.00,2025-09-25,INV/2025/16444,Vendor,27AAAAA1116A1ZR
G_000679,53688.00,2025-07-05,INV/2025/14970,Vendor 679 Pvt Ltd,27AAAAA6175A1Z6
G_000680,34349.00,2025-10-02,INV/2025/56517,VENDOR 680 PVT LTD,27AAAAA5155A1ZC
G_000681,99055.00,2025-04-15,INV/2025/55162,VENDOR 681 PVT LTD,27AAAAA7511A1ZG
G_000682,73381.00,2025-10-12,INV/2025/64407,Vendor 682 Pvt Ltd,27AAAAA7065A1Z7
G_000683,92570.00,2025-07-23,INV/2025/97440,Vendor 683 Pvt Ltd,27AAAAA6641A1ZB
G_000684,196234.00,2025-04-28,INV/2025/59536,Vendor 684 Pvt Ltd,27AAAAA2951A1ZE
G_000685,52602.00,2025-06-23,INV/2025/73165,vendor 685 pvt ltd,27AAAAA9328A1Z5
G_000686,51100.00,2025-11-22,INV/2025/1693,Vendor 686 Pvt Ltd,
G_000687,11652.00,2025-02-02,INV/2025/35483,Vendor 687 Pvt Ltd,27AAAAA8133A1ZC
G_000688,95060.00,2025-07-16,INV/2025/53513,VENDOR 688 PVT LTD,27AAAAA1618A1ZK
G_000689,23073.00,2025-11-24,INV/2025/65797,Vendor 689 Pvt Ltd,27AAAAA1941A1ZI
G_000690,75174.00,2025-04-10,INV/2025/5405,Vendor 690 Pvt Ltd,27AAAAA9489A1ZR
G_000691,88445.00,2025-01-19,INV/2025/48151,Vendor 691 Pvt Ltd,27AAAAA3776A1Z5
G_000692,36267.00,2025-07-24,INV/2025/47285,Vendor,27AAAAA5803A1ZH
G_000693,2114.00,2025-12-27,,Vendor 693 Pvt Ltd,27AAAAA9482A1ZY
G_000694,45644.00,2025-05-22,INV/2025/30661,Vendor 694 PVT LTD,27AAAAA6703A1ZG
G_000695,75454.00,2025-01-03,INV/2025/35223,Vendor 695 Pvt Ltd,27AAAAA7618A1Z8
G_000696,66051.00,2025-05-31,,Vendor 696 Pvt Ltd,27AAAAA2185A1ZC
G_000697,70604.00,2025-10-22,INV/2025/33786,Vendor,27AAAAA5222A1ZK
G_000698,99383.00,2025-06-23,INV/2025/61142,VENDOR 698 PVT LTD,27AAAAA4985A1Z0
G_000699,15339.00,2025-05-13,INV/2025/9854,Vendor 699 Pvt Ltd,27AAAAA8896A1ZQ
G_000700,88824.00,2025-12-26,INV/2025/31137,Vendor 700 Pvt Ltd,27AAAAA6785A1ZY
G_000701,91957.00,2025-05-15,INV/2025/33539,Vendor 701 Pvt Ltd,27AAAAA1159A1ZG
G_000702,10065.00,2025-10-11,INV/2025/24394,Vendor 702 Pvt Ltd,27AAAAA6603A1ZH
G_000703,24057.00,2025-12-16,INV/2025/25925,Vendor 703 Pvt Ltd,27AAAAA5408A1ZG
G_000704,34887.00,2025-04-16,INV/2025/31042,Vendor 704 Pvt Ltd,27AAAAA4965A1Z4
G_000705,20546.00,2025-02-24,,Vendor 705 Pvt Ltd,27AAAAA6833A1Z9
G_000706,80555.00,2025-01-04,,Vendor 706 Pvt Ltd,27AAAAA9071A1Z5
G_000707,81452.00,2025-06-11,,Vendor 707 Pvt Ltd,27AAAAA7081A1Z7
G_000708,64430.00,2025-04-04,INV/2025/67995,Vendor 708 Pvt Ltd,27AAAAA5501A1ZM
G_000709,7197.00,2025-09-27,INV/2025/56466,Vendor 709 Pvt Ltd,27AAAAA3101A1ZU
G_000710,45620.00,2025-07-21,INV/2025/90959,Vendor 710 Pvt Ltd,27AAAAA9232A1ZA
G_000711,60402.00,2025-06-11,INV/2025/91336,Vendor 711 Pvt Ltd,27AAAAA9490A1ZY
G_000712,76253.00,2025-02-21,INV/2025/43655,Vendor 712 Pvt Ltd,27AAAAA7216A1ZE
G_000713,72001.00,2025-05-15,INV/2025/32082,Vendor 713 Pvt Ltd,27AAAAA4066A1ZC
G_000714,48062.00,2025-04-05,INV/2025/66374,Vendor 714 Pvt Ltd,27AAAAA6621A1ZF
G_000715,47951.00,2025-07-25,INV/2025/37651,Vendor 715 Pvt Ltd,27AAAAA7099A1ZX
G_000716,13190.00,2025-05-19,INV/2025/31907,None,27AAAAA4744A1ZB
G_000717,96902.00,2025-03-18,INV/2025/62995,Vendor 717 Pvt Ltd,27AAAAA9185A1ZY
G_000718,70090.00,2025-06-11,INV/2025/64782,Vendor 718 Pvt Ltd,27AAAAA9470A1Z2
G_000719,52319.00,2025-02-20,INV/2025/91510,Vendor 719 Pvt Ltd,27AAAAA1781A1ZC
G_000720,62560.00,2025-11-19,INV/2025/13622,Vendor 720 Pvt Ltd,27AAAAA5166A1Z9
G_000721,47326.00,2025-10-14,,Vendor 721 Pvt Ltd,27AAAAA6914A1ZB
G_000722,54070.00,2025-03-04,,Vendor 722 Pvt Ltd,27AAAAA1324A1ZP
G_000723,75709.00,2025-10-22,INV/2025/86179,Vendor 723 PVT LTD,27AAAAA4259A1Z9
G_000724,46644.00,2025-06-16,INV/2025/89236,None,27AAAAA5663A1Z7
G_000725,50047.00,2025-11-11,INV/2025/38555,Vendor 725 Pvt Ltd,27AAAAA2284A1ZC
G_000726,84062.00,2025-06-22,INV/2025/56288,VENDOR 726 PVT LTD,27AAAAA3745A1ZC
G_000727,10469.00,2025-03-24,INV/2025/46039,Vendor 727 Pvt Ltd,27AAAAA2168A1ZD
G_000728,93217.00,2025-05-17,INV/2025/80349,Vendor 728 Pvt Ltd Inc,27AAAAA5773A1Z4
G_000729,98128.00,2025-10-28,,Vendor 729 Pvt Ltd,27AAAAA6950A1Z7
G_000730,3127.00,2025-03-06,INV/2025/96390,Vendor 730 Pvt Ltd,27AAAAA4012A1ZQ
G_000731,27700.00,2025-03-27,INV/2025/53041,Vendor 731 Pvt Ltd,27AAAAA2311A1ZS
G_000732,143968.00,2025-01-28,INV/2025/4455,Vendor 732 Pvt Ltd,27AAAAA8752A1Z3
G_000733,34500.00,2025-11-13,INV/2025/21352,Vendor 733 Pvt Ltd,27AAAAA2702A1ZP
G_000734,40650.00,2025-04-28,INV/2025/33426,Vendor 734 Pvt Ltd,27AAAAA7387A1ZY
G_000735,22461.00,2025-01-15,INV/2025/5607,None,27AAAAA9630A1Z8
G_000736,61335.00,2025-10-04,INV/2025/36705,Vendor 736 PVT LTD,27AAAAA8801A1ZD
G_000737,23304.00,2025-10-30,INV/2025/79326,Vendor 737 Pvt Ltd,27AAAAA9835A1Z1
G_000738,68710.00,2025-11-24,INV/2025/84824,Vendor 738 Pvt Ltd Inc,27AAAAA8126A1ZB
G_000739,11838.00,2025-08-15,INV/2025/41352,Vendor 739 Pvt Ltd,27AAAAA4721A1ZI
G_000740,1483.00,2025-01-01,INV/2025/69592,Vendor 740 Pvt Ltd,
G_000741,70236.00,2025-01-05,,Vendor 741 Pvt Ltd,27AAAAA8687A1ZT
G_000742,78740.00,2025-01-05,INV/2025/57418,Vendor 742 Pvt Ltd,27AAAAA8816A1Z6
G_000743,49074.00,2025-04-07,,Vendor 743 Pvt Ltd,27AAAAA9981A1ZU
G_000744,21500.00,2025-11-27,INV/2025/52081,Vendor 744 Pvt Ltd,27AAAAA2297A1Z7
G_000745,67813.00,2025-11-10,INV/2025/91954,Vendor 745 Pvt Ltd Inc,27AAAAA4924A1ZD
G_000746,35335.00,2025-07-31,,Vendor 746 Pvt Ltd,27AAAAA9715A1Z6
G_000747,14564.00,2025-11-23,INV/2025/60682,Vendor 747 Pvt Ltd Inc,27AAAAA5744A1Z9
G_000748,24713.00,2025-06-14,INV/2025/3542,Vendor 748 Pvt Ltd,27AAAAA9060A1Z8
G_000749,24471.00,2025-02-22,INV/2025/37977,Vendor 749 Pvt Ltd,27AAAAA1362A1ZJ
G_000750,30614.00,2025-02-16,INV/2025/20750,Vendor 750 Pvt Ltd,27AAAAA1134A1ZP
G_000751,40938.00,2025-09-13,INV/2025/49679,Vendor 751 Pvt Ltd,27AAAAA7885A1ZV
G_000752,10615.00,2025-03-16,INV/2025/8345,Vendor 752 Pvt Ltd,27AAAAA6410A1ZK
G_000753,61723.00,2025-04-03,,Vendor 753 Pvt Ltd,27AAAAA9899A1ZL
G_000754,1753.00,2025-03-04,INV/2025/94674,Vendor 754 Pvt Ltd,27AAAAA7251A1ZB
G_000755,32496.00,2025-01-18,INV/2025/27106,Vendor 755 Pvt Ltd,27AAAAA8257A1Z3
G_000756,87394.00,2025-04-17,INV/2025/62974,Vendor 756 Pvt Ltd,27AAAAA9538A1Z1
G_000757,20889.00,2025-11-19,INV/2025/96451,Vendor 757 Pvt Ltd,27AAAAA6293A1Z3
G_000758,16109.00,2025-05-10,INV/2025/64075,Vendor 758 PVT LTD,27AAAAA9534A1Z5
G_000759,87485.00,2025-04-22,INV/2025/15801,Vendor 759 Pvt Ltd,27AAAAA1853A1ZF
G_000760,22036.00,2025-05-22,INV/2025/77637,Vendor 760 Pvt Ltd,27AAAAA1246A1ZK
G_000761,5604.00,2025-10-25,INV/2025/91538,Vendor 761 Pvt Ltd,27AAAAA1146A1ZL
G_000762,11828.00,2025-05-08,INV/2025/21669,Vendor 762 Pvt Ltd,27AAAAA7084A1Z4
G_000763,99657.00,2025-11-17,INV/2025/8871,Vendor 763 Pvt Ltd,27AAAAA6544A1Z9
G_000764,14176.00,2025-03-06,INV/2025/64942,Vendor 764 Pvt Ltd,27AAAAA9787A1ZQ
G_000765,57603.00,2025-04-09,INV/2025/3798,Vendor 765 Pvt Ltd Inc,27AAAAA6690A1Z2
G_000766,5275.00,2025-09-06,INV/2025/93618,Vendor 766 Pvt Ltd,27AAAAA5107A1ZK
G_000767,24974.00,2025-10-18,INV/2025/25461,Vendor 767 Pvt Ltd Inc,27AAAAA9029A1Z7
G_000768,78570.00,2025-10-11,INV/2025/22016,Vendor 768 Pvt Ltd,27AAAAA5510A1ZL
G_000769,34617.00,2025-10-05,INV/2025/49118,Vendor 769 Pvt Ltd,27AAAAA5844A1Z8
G_000770,49781.00,2025-04-05,INV/2025/3453,Vendor 770 Pvt Ltd Inc,27AAAAA9289A1ZT
G_000771,42134.00,2025-02-02,,Vendor 771 Pvt Ltd,27AAAAA4912A1ZH
G_000772,68791.00,2025-12-16,INV/2025/66214,Vendor 772 Pvt Ltd,27AAAAA4110A1ZR
G_000773,84104.00,2025-06-14,INV/2025/15478,Vendor 773 Pvt Ltd,27AAAAA7714A1ZB
G_000774,17109.00,2025-04-02,INV/2025/5099,Vendor 774 Pvt Ltd,27AAAAA1717A1ZK
G_000775,4270.00,2025-10-20,INV/2025/85115,Vendor 775 Pvt Ltd,
G_000776,6533.00,2025-07-07,INV/2025/29930,Vendor 776 Private Limited,27AAAAA5193A1Z6
G_000777,86050.00,2025-09-09,INV/2025/11480,Vendor 777 Pvt Ltd,27AAAAA4419A1ZF
G_000778,73241.00,2025-08-01,INV/2025/49374,Vendor 778 Pvt Ltd,27AAAAA6913A1ZC
G_000779,5428.00,2025-02-06,INV/2025/40833,Vendor 779 Pvt Ltd,27AAAAA9667A1ZV
G_000780,12829.00,2025-02-21,INV/2025/96049,Vendor 780 Pvt Ltd,27AAAAA9511A1ZC
G_000781,69069.00,2025-12-03,INV/2025/33605,Vendor 781 PVT LTD,27AAAAA4164A1ZD
G_000782,97893.00,2025-02-24,INV/2025/84705,vendor 782 pvt ltd,27AAAAA7802A1ZE
G_000783,13744.00,2025-03-27,INV/2025/24644,VENDOR 783 PVT LTD,27AAAAA7997A1ZQ
G_000784,70079.00,2025-11-04,,Vendor 784 Pvt Ltd,27AAAAA3591A1Z8
G_000785,48822.00,2025-07-31,INV/2025/84000,Vendor 785 Pvt Ltd,27AAAAA6319A1ZC
G_000786,73912.00,2025-10-07,INV/2025/29039,Vendor 786 Pvt Ltd,27AAAAA4943A1ZA
G_000787,47287.00,2025-08-20,,Vendor 787 Pvt Ltd,27AAAAA5162A1ZD
G_000788,78187.00,2025-01-09,INV/2025/68844,Vendor 17 Pvt Ltd,27AAAAA2290A1ZE
G_000789,39465.00,2025-04-24,,Vendor 789 Pvt Ltd,27AAAAA1107A1ZS
G_000790,72669.00,2025-09-19,INV/2025/73918,VENDOR 790 PVT LTD,27AAAAA5521A1ZI
G_000791,60441.00,2025-07-02,INV/2025/21461,Vendor 791 Pvt Ltd,27AAAAA1618A1ZK
G_000792,30639.00,2025-05-12,INV/2025/40361,Vendor 792 Pvt Ltd,27AAAAA5093A1Z7
G_000793,96341.00,2025-02-09,INV/2025/95841,Vendor 793 Pvt Ltd,27AAAAA4562A1ZB
G_000794,90486.00,2025-12-26,INV/2025/76527,Vendor 794 Pvt Ltd,27AAAAA5921A1ZE
G_000795,10386.00,2025-01-29,INV/2025/44829,Vendor 795 Pvt Ltd,27AAAAA7251A1ZB
G_000796,15899.00,2025-04-27,INV/2025/98999,VENDOR 796 PVT LTD,27AAAAA7824A1Z8
G_000797,7194.00,2025-06-06,INV/2025/69731,Vendor 797 Pvt Ltd,27AAAAA7266A1Z4
G_000798,42938.00,2025-09-15,INV/2025/92457,Vendor 798 Pvt Ltd,27AAAAA3450A1ZI
G_000799,58507.00,2025-11-01,INV/2025/76399,Vendor 799 PVT LTD,27AAAAA7436A1Z8
G_000800,19500.00,2025-03-09,INV/2025/45062,Vendor 800 Pvt Ltd,27AAAAA7460A1Z8
G_000801,71947.00,2025-07-24,INV/2025/35413,Vendor 801 Pvt Ltd,27AAAAA1807A1ZL
G_000802,99981.00,2025-03-11,INV/2025/64035,Vendor,27AAAAA3136A1ZJ
G_000803,73653.00,2025-11-12,INV/2025/97425,Vendor 803 PVT LTD,27AAAAA4212A1ZO
G_000804,42490.00,2025-12-17,INV/2025/76499,Vendor 804 Pvt Ltd,27AAAAA8046A1Z8
G_000805,47976.00,2025-06-28,INV/2025/25967,Vendor 805 Pvt Ltd,27AAAAA7939A1Z0
G_000806,40053.00,2025-03-28,INV/2025/46838,None,27AAAAA1396A1Z9
G_000807,57832.00,2025-01-23,INV/2025/31603,Vendor 807 Pvt Ltd,27AAAAA3389A1Z4
G_000808,14828.00,2025-01-28,,Vendor 808 Pvt Ltd,27AAAAA2405A1ZP
G_000809,1900.00,2025-06-25,INV/2025/91937,Vendor 809 Pvt Ltd,27AAAAA8719A1Z4
G_000810,97094.00,2025-10-03,INV/2025/28770,Vendor 810 Pvt Ltd,27AAAAA4424A1ZI
G_000811,72033.00,2025-09-05,INV/2025/82663,Vendor 811 Pvt Ltd,27AAAAA5237A1ZD
G_000812,49462.00,2025-10-26,INV/2025/87969,Vendor 812 Pvt Ltd Inc,27AAAAA1301A1ZW
G_000813,26405.00,2025-12-23,INV/2025/81997,Vendor 813 Pvt Ltd,27AAAAA5653A1Z9
G_000814,8829.00,2025-07-18,INV/2025/87556,Vendor 814 Pvt Ltd,27AAAAA1136A1ZN
G_000815,14241.00,2025-01-10,,Vendor 815 Pvt Ltd,27AAAAA6901A1ZG
G_000816,49999.00,2025-09-18,INV/2025/94020,Vendor 816 Pvt Ltd,27AAAAA4787A1Z0
G_000817,11637.00,2025-04-06,INV/2025/27066,Vendor,27AAAAA9709A1Z4
G_000818,5310.00,2025-05-07,INV/2025/70391,Vendor 818 Pvt Ltd,27AAAAA1352A1ZL
G_000819,2508.00,2025-06-27,INV/2025/90694,Vendor 819 Pvt Ltd,27AAAAA3572A1ZB
G_000820,65800.00,2025-05-22,INV/2025/9127,Vendor,27AAAAA4869A1Z1
G_000821,72837.00,2025-05-24,INV/2025/30567,Vendor 821 Pvt Ltd,27AAAAA1482A1ZE
G_000822,11607.00,2025-07-15,,Vendor 822 Pvt Ltd,27AAAAA3248A1ZE
G_000823,54800.00,2025-05-04,INV/2025/76090,Vendor 823 Pvt Ltd,27AAAAA4726A1ZD
G_000824,58973.00,2025-10-05,INV/2025/18271,Vendor 824 Pvt Ltd,27AAAAA6395A1Z0
G_000825,89759.00,2025-04-14,INV/2025/19102,Vendor 825 Pvt Ltd,27AAAAA9869A1ZR
G_000826,17827.00,2025-08-09,INV/2025/20025,VENDOR 826 PVT LTD,27AAAAA9582A1ZX
G_000827,8988.00,2025-10-13,,Vendor 827 Pvt Ltd,27AAAAA6201A1ZN
G_000828,19173.00,2025-01-16,,Vendor 828 Pvt Ltd,27AAAAA6203A1ZL
G_000829,39860.00,2025-08-15,,Vendor 829 Pvt Ltd,27AAAAA7737A1Z4
G_000830,20017.00,2025-04-07,INV/2025/14994,Vendor 830 Pvt Ltd,27AAAAA5485A1Z3
G_000831,79477.00,2025-10-18,INV/2025/81263,Vendor 831 Pvt Ltd,27AAAAA5372A1Z9
G_000832,47190.00,2025-02-10,INV/2025/91196,Vendor 832 Pvt Ltd,27AAAAA1427A1ZL
G_000833,93425.00,2025-11-29,INV/2025/50015,Vendor 833 Pvt Ltd,27AAAAA8680A1Z0
G_000834,18124.00,2025-03-25,INV/2025/26330,Vendor 834 Pvt Ltd,27AAAAA8763A1Z0
G_000835,70940.00,2025-07-31,INV/2025/30170,Vendor 835 Pvt Ltd,27AAAAA1245A1ZL
G_000836,23309.00,2025-08-13,INV/2025/81879,Vendor 836 Pvt Ltd,27AAAAA2083A1ZF
G_000837,64892.00,2025-08-07,INV/2025/54066,Vendor 837 Pvt Ltd,27AAAAA8496A1ZU
G_000838,51762.00,2025-11-10,INV/2025/98316,VENDOR 838 PVT LTD,27AAAAA6126A1ZF
G_000839,68342.00,2025-02-25,INV/2025/60193,Vendor 839 Pvt Ltd,27AAAAA1630A1ZO
G_000840,68087.00,2025-10-03,,Vendor 840 Pvt Ltd,27AAAAA5025A1ZJ
G_000841,67749.00,2025-11-19,INV/2025/7461,Vendor 841 Pvt Ltd,27AAAAA7347A1Z6
G_000842,37575.00,2025-08-25,INV/2025/22821,Vendor 842 Pvt Ltd,27AAAAA5989A1ZU
G_000843,90533.00,2025-09-22,INV/2025/19643,Vendor 843 Pvt Ltd,27AAAAA1893A1Z7
G_000844,94818.00,2025-09-14,INV/2025/15833,Vendor 844 Pvt Ltd,27AAAAA2481A1ZD
G_000845,17834.00,2025-07-21,INV/2025/55206,Vendor 845 Pvt Ltd,27AAAAA9952A1ZZ
G_000846,77473.00,2025-12-31,,Vendor 846 Pvt Ltd,27AAAAA8433A1Z9
G_000847,181528.00,2025-11-29,INV/2025/94253,Vendor 847 Pvt Ltd,27AAAAA6309A1ZE
G_000848,92666.00,2025-08-19,INV/2025/84109,Vendor 848 Pvt Ltd,27AAAAA2870A1ZC
G_000849,95372.00,2025-09-19,,Vendor 849 Pvt Ltd,27AAAAA7292A1Z2
G_000850,5854.00,2025-03-29,INV/2025/44934,vendor 850 pvt ltd,27AAAAA7235A1ZB
G_000851,19053.00,2025-04-02,INV/2025/94329,Vendor 851 Pvt Ltd,27AAAAA3656A1ZA
G_000852,37951.00,2025-11-17,INV/2025/24684,Vendor 852 Pvt Ltd,27AAAAA8311A1ZG
G_000853,563.00,2025-11-15,INV/2025/34175,Vendor 853 Pvt Ltd,27AAAAA4323A1ZK
G_000854,71337.00,2025-01-03,,Vendor 854 Pvt Ltd,27AAAAA9169A1ZY
G_000855,59572.00,2025-07-29,INV/2025/58917,Vendor 855 Pvt Ltd,27AAAAA8794A1ZT
G_000856,71841.00,2025-05-23,INV/2025/82233,None,27AAAAA5009A1ZJ
G_000857,24327.00,2025-03-17,INV/2025/8217,Vendor 857 Private Limited,27AAAAA1801A1ZR
G_000858,87524.00,2025-10-23,INV/2025/80073,Vendor 858 Pvt Ltd,27AAAAA1531A1ZO
G_000859,14372.00,2025-08-02,INV/2025/24363,Vendor 859 Pvt Ltd,27AAAAA1803A1ZP
G_000860,59782.00,2025-10-24,,Vendor 860 Pvt Ltd,27AAAAA3906A1ZH
G_000861,42412.00,2025-07-08,INV/2025/50668,Vendor 861 Pvt Ltd,
G_000862,38482.00,2025-08-30,INV/2025/18635,Vendor 862 Pvt Ltd,27AAAAA2063A1ZJ
G_000863,69181.00,2025-07-31,INV/2025/69766,Vendor 863 Pvt Ltd,27AAAAA6393A1Z2
G_000864,14426.00,2025-10-20,,Vendor 864 Pvt Ltd,27AAAAA1953A1ZE
G_000865,63494.00,2025-12-19,,Vendor 865 Pvt Ltd,27AAAAA2436A1ZI
G_000866,56074.00,2025-11-08,INV/2025/42482,Vendor 866 Pvt Ltd,27AAAAA5705A1ZG
G_000867,17101.00,2025-11-11,INV/2025/74745,Vendor 867 Pvt Ltd,27AAAAA6797A1ZU
G_000868,64653.00,2025-04-03,INV/2025/80876,Vendor 868 Pvt Ltd,27AAAAA9154A1Z5
G_000869,307.00,2025-03-02,INV/2025/4143,Vendor 869 Pvt Ltd,27AAAAA4171A1ZE
G_000870,80749.00,2025-08-01,INV/2025/55269,Vendor 870 Pvt Ltd,27AAAAA4396A1Z3
G_000871,1580.00,2025-11-24,INV/2025/27370,Vendor 871 Pvt Ltd Inc,27AAAAA4478A1Z4
G_000872,39458.00,2025-09-17,INV/2025/73088,Vendor 872 Pvt Ltd,27AAAAA6042A1ZG
G_000873,44842.00,2025-07-22,INV/2025/95948,Vendor 873 Private Limited,27AAAAA6460A1ZA
G_000874,43421.00,2025-06-23,INV/2025/89142,Vendor 874 Pvt Ltd,27AAAAA4178A1Z7
G_000875,84726.00,2025-03-11,INV/2025/64110,Vendor 875 Pvt Ltd,27AAAAA1582A1ZD
G_000876,44023.00,2025-08-25,,Vendor 876 Pvt Ltd,27AAAAA9797A1ZO
G_000877,39335.00,2025-10-17,INV/2025/96022,VENDOR 877 PVT LTD,27AAAAA9537A1Z2
G_000878,151560.00,2025-12-17,INV/2025/44479,Vendor 878 Pvt Ltd,27AAAAA4412A1ZM
G_000879,36860.00,2025-01-16,,Vendor 879 Pvt Ltd,27AAAAA3446A1ZE
G_000880,74939.00,2025-11-07,INV/2025/52061,Vendor 880 Pvt Ltd,27AAAAA3719A1ZE
G_000881,92540.00,2025-06-11,INV/2025/94040,Vendor 881 Pvt Ltd,27AAAAA6050A1ZG
G_000882,31248.00,2025-07-10,INV/2025/60232,Vendor 882 Pvt Ltd,27AAAAA9603A1ZB
G_000883,49149.00,2025-01-20,,Vendor 883 Pvt Ltd,27AAAAA2838A1ZC
G_000884,63363.00,2025-09-14,INV/2025/21195,Vendor 884 Pvt Ltd,27AAAAA1408A1ZO
G_000885,40780.00,2025-06-17,INV/2025/19781,Vendor 885 Pvt Ltd,27AAAAA9579A1ZS
G_000886,88799.00,2025-03-09,INV/2025/27894,Vendor 886 Pvt Ltd,27AAAAA9456A1Z0
G_000887,15282.00,2025-01-03,,Vendor 887 Pvt Ltd,27AAAAA9558A1ZX
G_000888,43784.00,2025-08-28,INV/2025/7047,Vendor 888 Pvt Ltd,27AAAAA2426A1ZK
G_000889,3046.00,2025-10-23,INV/2025/41913,Vendor 889 PVT LTD,27AAAAA6119A1ZE
G_000890,37660.00,2025-05-22,INV/2025/70766,Vendor 890 Pvt Ltd,27AAAAA4154A1ZF
G_000891,35837.00,2025-03-18,INV/2025/21643,Vendor 891 Pvt Ltd,27AAAAA2927A1ZE
G_000892,13518.00,2025-04-16,INV/2025/72110,Vendor 892 Pvt Ltd,27AAAAA9422A1ZA
G_000893,92421.00,2025-05-26,INV/2025/76246,Vendor 893 Pvt Ltd,27AAAAA3319A1ZI
G_000894,70954.00,2025-08-16,INV/2025/7648,Vendor 894 Pvt Ltd,27AAAAA6549A1Z4
G_000895,13984.00,2025-07-16,INV/2025/8051,Vendor 895 Pvt Ltd,27AAAAA1826A1ZI
G_000896,80881.00,2025-07-02,INV/2025/41952,Vendor 896 Pvt Ltd,27AAAAA8304A1ZF
G_000897,10395.00,2025-08-27,INV/2025/75421,Vendor 897 Pvt Ltd,27AAAAA9740A1Z5
G_000898,12848.00,2025-08-22,INV/2025/41683,vendor 898 pvt ltd,27AAAAA8672A1Z0
G_000899,30468.00,2025-04-25,,Vendor 899 Pvt Ltd,27AAAAA8709A1Z6
G_000900,51490.00,2025-04-04,,Vendor 900 Pvt Ltd,27AAAAA6954A1Z3
G_000901,59512.00,2025-09-07,INV/2025/4966,Vendor 901 Pvt Ltd,27AAAAA6320A1ZJ
G_000902,121110.00,2025-03-29,INV/2025/37996,Vendor 902 Pvt Ltd,27AAAAA8842A1Z4
G_000903,53274.00,2026-01-01,INV/2025/15022,Vendor 903 Pvt Ltd,27AAAAA2686A1Z6
G_000904,69928.00,2025-08-25,INV/2025/53535,Vendor 904 PVT LTD,27AAAAA5949A1Z2
G_000905,20943.00,2025-09-04,INV/2025/51307,Vendor 905 Pvt Ltd,27AAAAA9977A1ZQ
G_000906,57162.00,2025-10-18,INV/2025/45852,Vendor 906 PVT LTD,27AAAAA8063A1Z7
G_000907,97010.00,2025-12-31,INV/2025/76260,Vendor 907 Pvt Ltd,27AAAAA8584A1ZX
G_000908,58455.00,2025-04-01,,Vendor 908 Pvt Ltd,27AAAAA2599A1Z2
G_000909,89950.00,2025-11-02,INV/2025/50664,Vendor 909 Pvt Ltd,27AAAAA2781A1ZA
G_000910,11966.00,2025-04-22,,Vendor 910 Pvt Ltd,27AAAAA2007A1ZR
G_000911,99331.00,2025-03-17,INV/2025/87623,Vendor 911 Pvt Ltd,27AAAAA1003A1ZX
G_000912,80784.00,2025-10-23,INV/2025/59610,Vendor 912 Pvt Ltd,27AAAAA7389A1ZW
G_000913,39386.00,2025-10-19,INV/2025/90071,Vendor 913 Pvt Ltd,27AAAAA6187A1Z2
G_000914,94182.00,2025-06-26,INV/2025/12703,VENDOR 914 PVT LTD,27AAAAA8122A1ZF
G_000915,16818.00,2025-05-31,INV/2025/9180,Vendor 915 Pvt Ltd,27AAAAA7622A1ZC
G_000916,210.00,2025-12-27,INV/2025/74404,Vendor 916 Pvt Ltd,27AAAAA5623A1ZF
G_000917,56685.00,2025-12-26,INV/2025/78353,Vendor 917 Pvt Ltd,27AAAAA4854A1Z8
G_000918,53319.00,2025-07-15,INV/2025/58041,vendor 918 pvt ltd,27AAAAA7271A1Z7
G_000919,24771.00,2025-10-12,INV/2025/51409,Vendor 919 Pvt Ltd,27AAAAA7835A1Z5
G_000920,17700.00,2025-01-06,INV/2025/10403,Vendor 920 PVT LTD,27AAAAA3056A1ZG
G_000921,86335.00,2025-08-12,INV/2025/18796,Vendor 921 Pvt Ltd,27AAAAA8974A1ZV
G_000922,59872.00,2025-12-23,,Vendor 922 Pvt Ltd,27AAAAA7813A1ZB
G_000923,66870.00,2025-08-06,INV/2025/73358,Vendor 923 Pvt Ltd,27AAAAA4698A1ZY
G_000924,75851.00,2025-09-13,INV/2025/96802,Vendor 924 Pvt Ltd,27AAAAA1121A1ZU
G_000925,71687.00,2025-10-23,INV/2025/49099,Vendor 925 Pvt Ltd,27AAAAA7731A1ZA
G_000926,92490.00,2025-07-08,INV/2025/15832,vendor 926 pvt ltd,27AAAAA8917A1Z4
G_000927,98480.00,2025-05-24,INV/2025/61940,VENDOR 927 PVT LTD,27AAAAA9624A1Z6
G_000928,64484.00,2025-08-30,INV/2025/83662,Vendor 928 Pvt Ltd,27AAAAA2449A1ZD
G_000929,76073.00,2025-06-09,INV/2025/81352,Vendor 929 Pvt Ltd,27AAAAA9834A1Z2
G_000930,61555.00,2025-08-21,,Vendor 930 Pvt Ltd,27AAAAA1176A1ZF
G_000931,55283.00,2025-06-30,INV/2025/39616,Vendor 931 Pvt Ltd,27AAAAA6431A1ZF
G_000932,95385.00,2025-10-16,INV/2025/35136,Vendor 932 Pvt Ltd,27AAAAA5981A1Z2
G_000933,75185.00,2025-01-27,,Vendor 933 Pvt Ltd,27AAAAA3770A1ZB
G_000934,37693.00,2025-09-06,INV/2025/11814,Vendor 934 Pvt Ltd,27AAAAA1447A1ZH
G_000935,33136.00,2025-03-09,INV/2025/81713,Vendor 935 Pvt Ltd,27AAAAA5552A1ZB
G_000936,97280.00,2025-02-27,INV/2025/80144,Vendor 936 Pvt Ltd,27AAAAA1232A1ZQ
G_000937,86496.00,2025-08-17,INV/2025/49466,Vendor 937 Pvt Ltd,27AAAAA4869A1Z1
G_000938,4437.00,2025-06-25,,Vendor 938 Pvt Ltd,27AAAAA9640A1Z6
G_000939,65104.00,2025-07-31,INV/2025/51222,Vendor 939 Pvt Ltd,27AAAAA3525A1ZI
G_000940,27737.00,2025-10-23,INV/2025/97254,Vendor 940 Pvt Ltd,27AAAAA5331A1ZI
G_000941,6984.00,2025-03-27,INV/2025/61819,Vendor 941 Pvt Ltd,27AAAAA2900A1ZP
G_000942,30727.00,2025-07-14,INV/2025/90589,Vendor 942 Pvt Ltd,27AAAAA9724A1Z5
G_000943,1654.00,2025-05-28,INV/2025/59827,Vendor 943 Pvt Ltd,27AAAAA8122A1ZF
G_000944,89605.00,2025-01-22,,Vendor 944 Pvt Ltd,27AAAAA9687A1ZR
G_000945,80117.00,2025-11-30,INV/2025/36728,Vendor 945 Pvt Ltd,27AAAAA8074A1Z4
G_000946,33568.00,2025-12-02,INV/2025/77569,Vendor 946 Pvt Ltd,27AAAAA2610A1ZQ
G_000947,192694.00,2025-12-11,INV/2025/78165,Vendor 947 Pvt Ltd,27AAAAA4961A1Z8
G_000948,41160.00,2025-10-08,INV/2025/2386,None,27AAAAA3947A1Z8
G_000949,12905.00,2025-09-26,INV/2025/14619,Vendor 949 Pvt Ltd Inc,27AAAAA7737A1Z4
G_000950,33116.00,2025-04-09,INV/2025/5461,Vendor 950 Pvt Ltd,27AAAAA5641A1ZD
G_000951,78663.00,2025-11-23,INV/2025/16963,Vendor 951 Pvt Ltd,27AAAAA4552A1ZD
G_000952,49377.00,2025-12-03,INV/2025/85922,Vendor 952 PVT LTD,27AAAAA3128A1ZJ
G_000953,33305.00,2025-05-31,INV/2025/62204,Vendor 953 Private Limited,27AAAAA4018A1ZK
G_000954,56066.00,2025-12-21,INV/2025/88500,Vendor 954 Pvt Ltd,27AAAAA5528A1ZB
G_000955,36444.00,2025-02-01,INV/2025/51174,Vendor 955 Pvt Ltd,27AAAAA2212A1ZS
G_000956,34790.00,2025-04-02,INV/2025/58747,Vendor 956 Pvt Ltd,27AAAAA5230A1ZK
G_000957,80093.00,2025-07-21,INV/2025/24388,Vendor 957 Private Limited,27AAAAA4287A1Z5
G_000958,28724.00,2025-11-11,INV/2025/85323,Vendor 958 Pvt Ltd,27AAAAA8065A1Z5
G_000959,13638.00,2025-01-18,INV/2025/10557,Vendor 959 Pvt Ltd,27AAAAA5243A1ZF
G_000960,2559.00,2025-09-12,INV/2025/20510,Vendor 960 Private Limited,27AAAAA8305A1ZE
G_000961,35022.00,2025-03-19,INV/2025/92757,Vendor 961 Pvt Ltd,27AAAAA7397A1ZW
G_000962,67652.00,2025-12-29,INV/2025/65314,Vendor 962 Pvt Ltd,27AAAAA1060A1ZO
G_000963,70895.00,2025-04-26,INV/2025/1433,Vendor 963 Pvt Ltd,27AAAAA2148A1ZH
G_000964,15986.00,2025-10-18,,Vendor 964 Pvt Ltd,27AAAAA8898A1ZO
G_000965,52609.00,2025-01-29,,Vendor 965 Pvt Ltd,27AAAAA5961A1Z6
G_000966,70174.00,2025-06-24,INV/2025/11545,Vendor 966 Pvt Ltd,
G_000967,23249.00,2025-10-11,,Vendor 967 Pvt Ltd,27AAAAA4327A1ZG
G_000968,91310.00,2025-07-19,INV/2025/14994,Vendor 968 Pvt Ltd Inc,27AAAAA5896A1ZW
G_000969,96480.00,2025-04-08,INV/2025/19342,Vendor 969 Pvt Ltd,27AAAAA8175A1Z2
G_000970,128448.00,2025-07-19,INV/2025/9256,Vendor 970 Pvt Ltd,27AAAAA4907A1ZE
G_000971,2251.00,2025-01-19,INV/2025/45470,Vendor 971 Pvt Ltd,27AAAAA8361A1Z6
G_000972,53250.00,2025-03-02,INV/2025/28745,Vendor 972 Pvt Ltd,
G_000973,19623.00,2025-10-24,,Vendor 973 Pvt Ltd,27AAAAA9791A1ZU
G_000974,64180.00,2025-12-01,INV/2025/3498,Vendor 974 Pvt Ltd,27AAAAA3319A1ZI
G_000975,31908.00,2025-12-26,INV/2025/86037,Vendor 975 Pvt Ltd,27AAAAA1750A1ZJ
G_000976,40383.00,2025-02-19,INV/2025/60793,None,27AAAAA1818A1ZI
G_000977,15066.00,2025-09-12,INV/2025/78984,Vendor 977 Pvt Ltd,27AAAAA2742A1ZH
G_000978,44316.00,2025-12-14,INV/2025/53692,Vendor 978 Pvt Ltd,27AAAAA7983A1ZW
G_000979,36200.00,2025-06-14,INV/2025/28948,Vendor 979 Pvt Ltd,27AAAAA9943A1Z0
G_000980,35999.00,2025-03-14,INV/2025/55415,Vendor 980 Pvt Ltd,27AAAAA2978A1Z3
G_000981,57596.00,2025-05-05,INV/2025/77282,Vendor 981 Pvt Ltd,27AAAAA3703A1ZM
G_000982,20777.00,2025-01-09,INV/2025/64827,Vendor 982 Pvt Ltd,27AAAAA7162A1Z9
G_000983,92733.00,2025-11-30,,Vendor 983 Pvt Ltd,27AAAAA2460A1ZI
G_000984,90848.00,2025-03-06,INV/2025/28021,Vendor 984 Pvt Ltd,27AAAAA8798A1ZP
G_000985,54105.00,2025-05-03,INV/2025/23878,Vendor 985 Private Limited,27AAAAA8379A1ZW
G_000986,80322.00,2025-02-15,INV/2025/83207,Vendor 986 Pvt Ltd,27AAAAA7861A1Z3
G_000987,15501.00,2025-09-29,INV/2025/13541,None,27AAAAA9085A1ZZ
G_000988,133248.00,2025-04-23,INV/2025/61845,Vendor 988 Pvt Ltd,27AAAAA9842A1Z2
G_000989,14869.00,2025-03-18,INV/2025/90816,Vendor 989 Pvt Ltd,
G_000990,87936.00,2025-01-23,INV/2025/8081,Vendor 990 Pvt Ltd Inc,27AAAAA3617A1ZH
G_000991,43916.00,2025-11-12,INV/2025/60394,Vendor 991 Pvt Ltd,27AAAAA5118A1ZH
G_000992,23153.00,2025-03-22,INV/2025/4809,Vendor 992 Pvt Ltd,27AAAAA9804A1Z8
G_000993,94655.00,2025-08-16,INV/2025/78687,Vendor,27AAAAA4855A1Z7
G_000994,30254.00,2025-02-26,INV/2025/43746,Vendor 994 Pvt Ltd,27AAAAA6336A1ZB
G_000995,26308.00,2025-07-12,INV/2025/29922,Vendor 995 Pvt Ltd,27AAAAA7759A1ZY
G_000996,57229.00,2025-03-16,,Vendor 996 Pvt Ltd,27AAAAA1890A1ZA
G_000997,98106.00,2025-03-11,INV/2025/60996,Vendor 997 Pvt Ltd,27AAAAA7346A1Z7
G_000998,44125.00,2025-03-07,INV/2025/5206,Vendor 998 Private Limited,27AAAAA4313A1ZM
G_000999,61118.00,2025-08-23,INV/2025/55817,Vendor 999 Pvt Ltd,27AAAAA2820A1ZM
G_001000,79219.00,2025-03-22,,Vendor 1000 Pvt Ltd,27AAAAA5835A1Z9
G_001001,11434.00,2025-07-30,INV/2025/69389,Vendor 1001 Pvt Ltd,27AAAAA4763A1Z8
G_001002,121510.00,2025-05-23,INV/2025/2901,Vendor 1002 Pvt Ltd,27AAAAA8757A1ZY
G_001003,57017.00,2025-10-24,,Vendor 1003 Pvt Ltd,27AAAAA6362A1Z9
G_001004,75296.00,2025-01-03,,Vendor 1004 Pvt Ltd,27AAAAA3440A1ZK
G_001005,96238.00,2025-09-16,INV/2025/5406,Vendor 1005 Pvt Ltd,27AAAAA8711A1ZC
G_001006,59402.00,2025-09-11,INV/2025/32524,Vendor 1006 Pvt Ltd,27AAAAA2605A1ZN
G_001007,28674.00,2025-03-09,INV/2025/47976,Vendor 1007 Pvt Ltd,27AAAAA7662A1Z4
G_001008,2187.00,2025-09-03,INV/2025/88691,Vendor 1008 Pvt Ltd,27AAAAA2486A1Z8
G_001009,59716.00,2025-08-26,,Vendor 1009 Pvt Ltd,27AAAAA1399A1Z6
G_001010,82257.00,2025-08-26,INV/2025/93261,None,27AAAAA7068A1Z4
G_001011,90638.00,2025-06-20,INV/2025/70588,Vendor 1011 Pvt Ltd,27AAAAA7305A1ZG
G_001012,91595.00,2025-11-10,INV/2025/72098,Vendor 1012 PVT LTD,27AAAAA5420A1ZK
G_001013,81424.00,2025-06-21,,Vendor 1013 Pvt Ltd,27AAAAA2326A1ZL
G_001014,6858.00,2025-02-26,INV/2025/51194,Vendor 1014 Pvt Ltd,27AAAAA6963A1Z2
G_001015,48129.00,2025-03-31,INV/2025/85957,Vendor 1015 Private Limited,27AAAAA6989A1ZS
G_001016,18241.00,2025-06-21,INV/2025/32278,vendor 1016 pvt ltd,27AAAAA4354A1ZD
G_001017,98819.00,2025-04-26,INV/2025/43003,Vendor 1017 Pvt Ltd,27AAAAA4437A1ZD
G_001018,36425.00,2025-01-28,INV/2025/9305,Vendor 1018 Pvt Ltd,27AAAAA7929A1Z2
G_001019,138266.00,2025-03-04,INV/2025/62625,Vendor 1019 Pvt Ltd,27AAAAA9215A1ZB
G_001020,118682.00,2025-11-14,INV/2025/49253,Vendor 1020 Pvt Ltd,27AAAAA5788A1ZX
G_001021,24787.00,2025-08-23,INV/2025/12443,Vendor 1021 Pvt Ltd,27AAAAA2075A1ZF
G_001022,10185.00,2025-02-25,INV/2025/22596,Vendor 1022 Pvt Ltd,27AAAAA5724A1ZD
G_001023,19826.00,2025-04-15,,Vendor 1023 Pvt Ltd,27AAAAA9131A1ZC
G_001024,89543.00,2025-10-05,INV/2025/18305,Vendor 1024 Pvt Ltd,27AAAAA7824A1Z8
G_001025,38309.00,2025-04-07,INV/2025/9250,Vendor 1025 Pvt Ltd,27AAAAA1351A1ZM
G_001026,84598.00,2025-06-21,INV/2025/54961,vendor 1026 pvt ltd,27AAAAA9513A1ZA
G_001027,63820.00,2025-10-31,INV/2025/88274,None,27AAAAA6346A1Z9
G_001028,39956.00,2025-10-18,,Vendor 1028 Pvt Ltd,27AAAAA8503A1ZE
G_001029,29824.00,2025-09-05,,Vendor 1029 Pvt Ltd,27AAAAA5259A1Z7
G_001030,19543.00,2025-06-30,INV/2025/38274,Vendor 1030 Pvt Ltd,27AAAAA1775A1ZA
G_001031,93398.00,2025-10-02,INV/2025/38387,Vendor 1031 Pvt Ltd,27AAAAA3634A1ZG
G_001032,21235.00,2025-05-02,INV/2025/16324,Vendor 1032 Pvt Ltd,27AAAAA3514A1ZL
G_001033,57888.00,2025-05-14,INV/2025/49453,Vendor 1033 Pvt Ltd,27AAAAA3072A1ZG
G_001034,87335.00,2025-06-12,INV/2025/46068,Vendor 1034 Pvt Ltd,27AAAAA1568A1ZB
G_001035,70045.00,2025-06-04,,Vendor 1035 Pvt Ltd,27AAAAA3663A1ZB
G_001036,19155.00,2025-08-23,INV/2025/42971,Vendor 1036 Pvt Ltd,27AAAAA9182A1Z1
G_001037,66608.00,2025-06-19,INV/2025/85835,Vendor 1037 Pvt Ltd,27AAAAA9948A1ZV
G_001038,74186.00,2025-08-15,INV/2025/45392,vendor 1038 pvt ltd,27AAAAA3409A1ZJ
G_001039,18374.00,2025-12-14,INV/2025/73215,Vendor 1039 Pvt Ltd,27AAAAA1656A1ZE
G_001040,58554.00,2025-07-02,INV/2025/13121,Vendor 1040 Pvt Ltd,27AAAAA4610A1ZM
G_001041,153142.00,2025-09-27,INV/2025/30116,Vendor 1041 Pvt Ltd,27AAAAA4197A1Z4
G_001042,70670.00,2025-08-17,INV/2025/89744,Vendor 1042 Private Limited,27AAAAA2369A1ZA
G_001043,25586.00,2025-09-09,INV/2025/42649,VENDOR 1043 PVT LTD,27AAAAA7462A1Z6
G_001044,52208.00,2025-03-17,,Vendor 1044 Pvt Ltd,27AAAAA6915A1ZA
G_001045,1697.00,2025-05-26,INV/2025/46209,Vendor 1045 Pvt Ltd,27AAAAA7108A1ZF
G_001046,28371.00,2025-08-16,,Vendor 1046 Pvt Ltd,27AAAAA2435A1ZJ
G_001047,21568.00,2025-08-06,,Vendor 1047 Pvt Ltd,27AAAAA5728A1Z9
G_001048,18927.00,2025-04-17,INV/2025/40745,Vendor 1048 Pvt Ltd,27AAAAA2410A1ZS
G_001049,8765.00,2025-10-30,INV/2025/50253,Vendor 1049 Pvt Ltd,27AAAAA6495A1ZZ
G_001050,54431.00,2025-03-31,INV/2025/73851,Vendor 1050 Pvt Ltd,27AAAAA5478A1Z2
G_001051,26217.00,2025-04-06,INV/2025/51039,Vendor 1051 Pvt Ltd,27AAAAA3243A1ZJ
G_001052,76804.00,2025-06-05,INV/2025/65762,Vendor,27AAAAA5947A1Z4
G_001053,20288.00,2025-05-15,,Vendor 1053 Pvt Ltd,27AAAAA1040A1ZS
G_001054,16376.00,2025-12-01,,Vendor 1054 Pvt Ltd,27AAAAA8742A1Z5
G_001055,90256.00,2025-11-27,INV/2025/33079,Vendor 1055 Pvt Ltd,27AAAAA9059A1Z1
G_001056,8845.00,2025-11-03,INV/2025/98722,Vendor 1056 Pvt Ltd,27AAAAA9078A1ZY
G_001057,33904.00,2025-11-18,INV/2025/90903,Vendor 1057 Pvt Ltd,27AAAAA8144A1Z9
G_001058,49016.00,2025-09-20,INV/2025/97070,None,27AAAAA2959A1Z6
G_001059,19254.00,2025-06-13,,Vendor 1059 Pvt Ltd,27AAAAA1958A1Z9
G_001060,7032.00,2025-05-20,INV/2025/48338,Vendor 1060 Pvt Ltd,27AAAAA3675A1Z7
G_001061,6485.00,2025-05-29,INV/2025/39228,Vendor 1061 Private Limited,27AAAAA6832A1ZA
G_001062,12487.00,2025-11-03,INV/2025/99648,Vendor 1062 Pvt Ltd,27AAAAA4002A1ZS
G_001063,89880.00,2025-06-04,INV/2025/36580,vendor 1063 pvt ltd,27AAAAA6180A1Z9
G_001064,76127.00,2025-06-30,INV/2025/19837,Vendor 1064 Pvt Ltd,27AAAAA9755A1ZY
G_001065,63656.00,2025-07-30,,Vendor 1065 Pvt Ltd,27AAAAA7111A1ZK
G_001066,20357.00,2025-09-15,INV/2025/29981,Vendor 1066 Pvt Ltd,
G_001067,139684.00,2025-12-31,INV/2025/73235,Vendor 1067 Pvt Ltd,27AAAAA9612A1ZA
G_001068,15378.00,2025-03-09,INV/2025/3277,Vendor 1068 Pvt Ltd,27AAAAA2251A1ZL
G_001069,18320.00,2025-08-15,INV/2025/79335,Vendor 1069 Pvt Ltd Inc,27AAAAA6940A1Z9
G_001070,3869.00,2025-03-02,INV/2025/30144,Vendor 1070 Pvt Ltd,27AAAAA5991A1Z0
G_001071,40395.00,2025-03-06,INV/2025/28504,Vendor 1071 Pvt Ltd,27AAAAA4712A1ZJ
G_001072,10289.00,2025-01-10,INV/2025/64472,Vendor 1072 Pvt Ltd,27AAAAA2830A1ZK
G_001073,77848.00,2025-01-31,INV/2025/62483,Vendor 1073 Pvt Ltd,27AAAAA9412A1ZC
G_001074,79274.00,2025-12-08,INV/2025/2346,Vendor 1074 Pvt Ltd,27AAAAA2085A1ZD
G_001075,77118.00,2025-04-13,INV/2025/25219,Vendor 1075 Private Limited,27AAAAA4365A1ZA
G_001076,76089.00,2025-06-28,INV/2025/47163,Vendor 1076 Pvt Ltd,27AAAAA5544A1ZB
G_001077,66279.00,2025-10-19,INV/2025/9957,Vendor 1077 Pvt Ltd,27AAAAA4962A1Z7
G_001078,69415.00,2025-04-22,INV/2025/94822,Vendor 1078 Pvt Ltd,27AAAAA1229A1ZL
G_001079,667.00,2025-02-20,,Vendor 1079 Pvt Ltd,27AAAAA9800A1ZC
G_001080,48133.00,2025-12-24,INV/2025/78251,Vendor 1080 Pvt Ltd,27AAAAA8777A1ZU
G_001081,23804.00,2025-07-01,INV/2025/50756,Vendor 1081 Pvt Ltd,27AAAAA2758A1Z9
G_001082,14890.00,2025-06-10,INV/2025/17202,Vendor 1082 Pvt Ltd,27AAAAA7677A1ZX
G_001083,47449.00,2025-12-27,INV/2025/38784,Vendor 1083 Private Limited,27AAAAA9123A1ZC
G_001084,15267.00,2025-07-17,INV/2025/38173,Vendor 1084 Pvt Ltd,27AAAAA9088A1ZW
G_001085,29705.00,2025-10-11,INV/2025/54383,Vendor 1085 Pvt Ltd,27AAAAA8273A1Z3
G_001086,9223.00,2025-09-01,INV/2025/90015,Vendor 1086 Pvt Ltd,27AAAAA4093A1Z9
G_001087,88192.00,2025-02-23,INV/2025/52952,Vendor 1087 Pvt Ltd,27AAAAA9055A1Z5
G_001088,15726.00,2025-03-15,INV/2025/52748,Vendor 1088 Pvt Ltd,27AAAAA2392A1ZB
G_001089,97280.00,2025-03-28,INV/2025/9481,Vendor 1089 Pvt Ltd,27AAAAA2666A1ZA
G_001090,78082.00,2025-07-26,INV/2025/17090,Vendor 1090 Pvt Ltd,27AAAAA4281A1ZB
G_001091,36605.00,2026-01-01,INV/2025/77273,None,27AAAAA9177A1ZY
G_001092,46774.00,2025-09-01,INV/2025/88382,Vendor,27AAAAA7557A1Z2
G_001093,36654.00,2025-03-17,INV/2025/60589,Vendor 1093 Pvt Ltd,27AAAAA9379A1ZU
G_001094,30354.00,2025-11-18,INV/2025/18643,Vendor 1094 Pvt Ltd,27AAAAA9147A1Z4
G_001095,65391.00,2025-12-14,,Vendor 1095 Pvt Ltd,27AAAAA2117A1ZO
G_001096,20119.00,2025-06-05,INV/2025/82522,None,27AAAAA6356A1Z7
G_001097,64612.00,2025-08-27,INV/2025/27467,Vendor 1097 Pvt Ltd,27AAAAA9518A1Z5
G_001098,34396.00,2025-10-05,INV/2025/46038,Vendor 1098 Pvt Ltd,
G_001099,56514.00,2025-03-02,INV/2025/51283,Vendor 1099 Pvt Ltd,27AAAAA1517A1ZM
G_001100,60348.00,2025-01-19,INV/2025/5306,Vendor 1100 Pvt Ltd,27AAAAA8250A1ZA
G_001101,92644.00,2025-03-26,INV/2025/65419,Vendor 1101 Pvt Ltd,27AAAAA5965A1Z2
G_001102,63991.00,2025-02-26,INV/2025/75560,vendor 1102 pvt ltd,27AAAAA7374A1Z3
G_001103,75100.00,2025-08-29,INV/2025/63378,Vendor 1103 PVT LTD,27AAAAA9837A1ZZ
G_001104,34623.00,2025-09-11,,Vendor 1104 Pvt Ltd,27AAAAA7412A1ZG
G_001105,37381.00,2025-06-14,INV/2025/9050,Vendor 1105 Pvt Ltd,27AAAAA6779A1ZW
G_001106,91654.00,2025-10-26,INV/2025/4525,Vendor 1106 Pvt Ltd,27AAAAA7003A1ZL
G_001107,45338.00,2025-07-02,INV/2025/54992,Vendor 1107 Pvt Ltd,27AAAAA8014A1ZG
G_001108,30852.00,2025-11-28,INV/2025/41907,vendor 1108 pvt ltd,27AAAAA5056A1ZC
G_001109,15103.00,2025-06-22,INV/2025/23253,Vendor 1109 Pvt Ltd,27AAAAA5995A1ZW
G_001110,86314.00,2025-08-05,INV/2025/75455,Vendor,27AAAAA8551A1Z6
G_001111,77168.00,2025-01-12,INV/2025/42486,Vendor 1111 Pvt Ltd,27AAAAA8695A1ZT
G_001112,64110.00,2025-02-21,INV/2025/91552,Vendor 1112 Pvt Ltd Inc,27AAAAA2601A1ZR
G_001113,21940.00,2025-11-11,INV/2025/40258,Vendor 1113 Pvt Ltd,27AAAAA6563A1Z6
G_001114,83388.00,2025-02-08,INV/2025/71232,Vendor 1114 Pvt Ltd,27AAAAA9142A1Z9
G_001115,75272.00,2025-07-25,INV/2025/30607,Vendor 1115 Private Limited,27AAAAA5871A1Z5
G_001116,77676.00,2025-06-22,INV/2025/36830,Vendor 1116 Pvt Ltd,27AAAAA2552A1ZH
G_001117,112162.00,2025-04-18,INV/2025/46523,Vendor 1117 Pvt Ltd,27AAAAA8786A1ZT
G_001118,56842.00,2025-12-06,INV/2025/71772,Vendor 1118 Pvt Ltd,27AAAAA5913A1ZE
G_001119,82015.00,2025-09-21,INV/2025/60405,VENDOR 1119 PVT LTD,27AAAAA5116A1ZJ
G_001120,82392.00,2025-12-27,,Vendor 1120 Pvt Ltd,27AAAAA1304A1ZT
G_001121,86713.00,2025-08-28,,Vendor 1121 Pvt Ltd,27AAAAA4489A1Z1
G_001122,74302.00,2025-11-17,INV/2025/8848,Vendor 1122 Pvt Ltd Inc,27AAAAA8106A1ZF
G_001123,19822.00,2025-12-17,INV/2025/40357,Vendor 1123 Pvt Ltd,27AAAAA2055A1ZJ
G_001124,35087.00,2025-05-27,INV/2025/85678,Vendor 1124 Pvt Ltd,27AAAAA7757A1Z0
G_001125,53297.00,2025-05-03,INV/2025/15884,Vendor 1125 Pvt Ltd,27AAAAA4868A1Z2
G_001126,60938.00,2025-09-06,,Vendor 1126 Pvt Ltd,27AAAAA6087A1Z3
G_001127,26575.00,2025-03-23,INV/2025/36744,Vendor 1127 Pvt Ltd,27AAAAA1606A1ZO
G_001128,86433.00,2025-10-09,INV/2025/24066,Vendor 1128 Private Limited,27AAAAA5551A1ZC
G_001129,2709.00,2025-01-29,INV/2025/12000,Vendor 1129 Pvt Ltd,27AAAAA8960A1Z1
G_001130,53447.00,2025-07-06,INV/2025/89037,Vendor 1130 Private Limited,27AAAAA2041A1ZP
G_001131,62076.00,2025-02-27,INV/2025/75838,Vendor 1131 Pvt Ltd,27AAAAA3302A1ZR
G_001132,33104.00,2025-09-12,INV/2025/12829,Vendor 1132 Pvt Ltd,27AAAAA9605A1Z9
G_001133,43260.00,2025-10-27,INV/2025/97631,Vendor 1133 Pvt Ltd,27AAAAA6134A1ZF
G_001134,55526.00,2025-04-22,INV/2025/19910,Vendor 1134 Pvt Ltd,27AAAAA4865A1Z5
G_001135,57702.00,2025-07-29,,Vendor 1135 Pvt Ltd,27AAAAA5498A1ZY
G_001136,49213.00,2025-12-25,INV/2025/15806,Vendor 1136 Pvt Ltd,27AAAAA9740A1Z5
G_001137,36503.00,2025-03-16,INV/2025/48578,Vendor 1137 Pvt Ltd,27AAAAA5036A1ZG
G_001138,2862.00,2025-11-27,INV/2025/80405,Vendor 1138 Pvt Ltd,27AAAAA6049A1Z9
G_001139,90629.00,2025-12-10,INV/2025/32414,Vendor 1139 Pvt Ltd,27AAAAA1895A1Z5
G_001140,89916.00,2025-03-04,,Vendor 1140 Pvt Ltd,27AAAAA6945A1Z4
G_001141,1131.00,2025-07-21,INV/2025/34493,Vendor 1141 Pvt Ltd,27AAAAA7364A1Z5
G_001142,39083.00,2025-04-18,,Vendor 1142 Pvt Ltd,27AAAAA4857A1Z5
G_001143,4540.00,2025-05-21,INV/2025/11498,Vendor 1143 Pvt Ltd,
G_001144,43710.00,2025-08-05,INV/2025/14159,Vendor 1144 Pvt Ltd,
G_001145,55264.00,2025-11-05,INV/2025/96581,Vendor 1145 Pvt Ltd,
G_001146,99973.00,2025-01-27,INV/2025/85066,vendor 1146 pvt ltd,27AAAAA1448A1ZG
G_001147,503.00,2025-07-25,INV/2025/27224,Vendor 1147 Pvt Ltd Inc,27AAAAA3229A1ZH
G_001148,41572.00,2025-05-08,INV/2025/68681,Vendor 1148 Pvt Ltd,27AAAAA2815A1ZJ
G_001149,77959.00,2025-12-18,INV/2025/54780,Vendor 1149 Pvt Ltd,27AAAAA3131A1ZO
G_001150,34267.00,2025-03-30,INV/2025/91107,Vendor 1150 Pvt Ltd Inc,27AAAAA3187A1Z8
G_001151,11162.00,2025-08-01,INV/2025/49182,Vendor 1151 Pvt Ltd,27AAAAA4254A1ZE
G_001152,2817.00,2025-01-12,INV/2025/74207,vendor 1152 pvt ltd,27AAAAA4677A1Z3
G_001153,60711.00,2025-04-12,INV/2025/35312,Vendor 1153 Pvt Ltd,27AAAAA2457A1ZD
G_001154,78794.00,2025-05-14,INV/2025/20562,Vendor 1154 Pvt Ltd,27AAAAA8027A1ZB
G_001155,3900.00,2025-09-27,INV/2025/58037,Vendor 1155 Pvt Ltd,27AAAAA2922A1ZJ
G_001156,15633.00,2025-04-25,INV/2025/94528,Vendor 1156 Pvt Ltd,27AAAAA9096A1ZW
G_001157,37843.00,2025-09-11,INV/2025/51079,Vendor 1157 Pvt Ltd,27AAAAA5361A1ZC
G_001158,37189.00,2025-12-13,INV/2025/25820,Vendor 1158 Pvt Ltd,27AAAAA4531A1ZI
G_001159,3871.00,2025-05-29,INV/2025/35314,Vendor 1159 Pvt Ltd,27AAAAA3391A1ZA
G_001160,48549.00,2025-10-26,INV/2025/90688,Vendor 1160 Private Limited,27AAAAA5068A1Z8
G_001161,42468.00,2025-12-21,INV/2025/53108,vendor 1161 pvt ltd,27AAAAA3182A1ZD
G_001162,96582.00,2025-11-02,INV/2025/34584,Vendor 1162 Pvt Ltd,27AAAAA7935A1Z4
G_001163,43728.00,2025-05-01,,Vendor 1163 Pvt Ltd,27AAAAA1853A1ZF
G_001164,802.00,2025-05-10,INV/2025/67131,Vendor 1164 Pvt Ltd Inc,27AAAAA1745A1ZG
G_001165,17432.00,2025-10-14,INV/2025/6390,Vendor 1165 Pvt Ltd Inc,27AAAAA7076A1Z4
G_001166,44556.00,2025-08-28,INV/2025/18290,Vendor 1166 Pvt Ltd,27AAAAA9074A1Z2
G_001167,18685.00,2025-05-14,INV/2025/16314,Vendor 1167 Pvt Ltd,27AAAAA8093A1Z1
G_001168,36931.00,2025-07-04,INV/2025/57372,Vendor 1168 Pvt Ltd,27AAAAA9179A1ZW
G_001169,67860.00,2025-06-10,,Vendor 1169 Pvt Ltd,27AAAAA5321A1ZK
G_001170,19926.00,2025-10-12,INV/2025/87169,Vendor,27AAAAA9049A1Z3
G_001171,7252.00,2025-04-28,INV/2025/25004,Vendor 1171 Pvt Ltd,27AAAAA3435A1ZH
G_001172,57303.00,2025-03-01,INV/2025/65868,Vendor 1172 Pvt Ltd,27AAAAA8653A1Z3
G_001173,60099.00,2025-09-10,INV/2025/15744,Vendor 1173 Pvt Ltd,
G_001174,26803.00,2025-05-26,INV/2025/24678,Vendor 1174 Pvt Ltd,
G_001175,76587.00,2025-01-03,INV/2025/69945,Vendor 1175 Pvt Ltd,27AAAAA4479A1Z3
G_001176,65388.00,2025-12-13,,Vendor 1176 Pvt Ltd,27AAAAA5033A1ZJ
G_001177,51764.00,2025-07-11,,Vendor 1177 Pvt Ltd,27AAAAA2998A1ZZ
G_001178,20255.00,2025-01-15,INV/2025/11625,Vendor 1178 Pvt Ltd,27AAAAA6300A1ZN
G_001179,59613.00,2025-11-18,INV/2025/36300,Vendor 1179 Private Limited,27AAAAA8861A1Z1
G_001180,86105.00,2025-11-15,INV/2025/60388,Vendor 1180 Pvt Ltd,27AAAAA1718A1ZJ
G_001181,27804.00,2025-01-25,INV/2025/85363,Vendor 1181 Pvt Ltd,27AAAAA3118A1ZL
G_001182,71816.00,2025-11-05,INV/2025/50989,Vendor 1182 Pvt Ltd,27AAAAA2158A1ZF
G_001183,52386.00,2025-02-15,,Vendor 1183 Pvt Ltd,27AAAAA4933A1ZC
G_001184,37447.00,2025-11-28,,Vendor 1184 Pvt Ltd,27AAAAA7592A1ZZ
G_001185,64436.00,2025-08-10,INV/2025/97454,Vendor 1185 Pvt Ltd,27AAAAA3151A1ZK
G_001186,48263.00,2025-09-20,INV/2025/27197,Vendor 1186 Pvt Ltd,27AAAAA2574A1ZB
G_001187,35290.00,2025-10-16,INV/2025/79687,Vendor 1187 Pvt Ltd,27AAAAA8805A1Z9
G_001188,80560.00,2025-04-06,INV/2025/57899,Vendor 1188 Private Limited,27AAAAA7033A1ZF
G_001189,60855.00,2025-12-13,INV/2025/30390,vendor 1189 pvt ltd,27AAAAA6599A1ZU
G_001190,69211.00,2025-11-19,INV/2025/85833,Vendor 1190 Pvt Ltd Inc,27AAAAA9115A1ZC
G_001191,62701.00,2025-06-03,,Vendor 1191 Pvt Ltd,27AAAAA2297A1Z7
G_001192,32691.00,2025-09-25,INV/2025/57063,Vendor 1192 Pvt Ltd,27AAAAA5921A1ZE
G_001193,6010.00,2025-09-20,INV/2025/15107,Vendor,27AAAAA2253A1ZJ
G_001194,46690.00,2025-05-11,INV/2025/77751,Vendor 1194 Pvt Ltd,27AAAAA5151A1ZG
G_001195,97160.00,2025-12-05,INV/2025/61670,Vendor 1195 Pvt Ltd,27AAAAA2866A1Z8
G_001196,6032.00,2025-02-12,,Vendor 1196 Pvt Ltd,27AAAAA7438A1Z6
G_001197,99367.00,2025-12-10,INV/2025/59975,Vendor 1197 Pvt Ltd Inc,27AAAAA8454A1Z4
G_001198,55530.00,2025-04-05,INV/2025/11252,Vendor 1198 Pvt Ltd,27AAAAA4066A1ZC
G_001199,56958.00,2025-10-01,INV/2025/3348,Vendor 1199 Pvt Ltd,27AAAAA2742A1ZH
G_001200,86057.00,2025-09-02,INV/2025/61314,None,27AAAAA3813A1ZJ
G_001201,39788.00,2025-11-13,INV/2025/81837,Vendor 1201 Pvt Ltd,27AAAAA8974A1ZV
G_001202,39769.00,2025-02-14,INV/2025/17395,Vendor 1202 Pvt Ltd,27AAAAA7471A1Z5
G_001203,91330.00,2025-04-07,INV/2025/4514,Vendor 1203 Pvt Ltd,27AAAAA1260A1ZM
G_001204,57219.00,2025-11-17,INV/2025/71593,Vendor 1204 Pvt Ltd,27AAAAA4961A1Z8
G_001205,19520.00,2025-08-31,INV/2025/56296,Vendor 1205 Pvt Ltd,27AAAAA8592A1ZX
G_001206,96933.00,2025-12-26,,Vendor 1206 Pvt Ltd,27AAAAA3497A1Z3
G_001207,76806.00,2025-05-05,INV/2025/27389,Vendor 1207 Pvt Ltd,27AAAAA8364A1Z3
G_001208,6774.00,2025-06-20,INV/2025/2032,Vendor 1208 Pvt Ltd,27AAAAA7418A1ZA
G_001209,54584.00,2025-09-11,INV/2025/97610,vendor 1209 pvt ltd,27AAAAA8074A1Z4
G_001210,4951.00,2025-09-07,INV/2025/53386,Vendor 1210 Pvt Ltd,27AAAAA5764A1Z5
G_001211,30496.00,2026-01-01,INV/2025/8956,Vendor,27AAAAA8993A1ZS
G_001212,35207.00,2025-11-28,,Vendor 1212 Pvt Ltd,27AAAAA2040A1ZQ
G_001213,58862.00,2025-12-24,INV/2025/58177,Vendor 1213 Pvt Ltd,27AAAAA6681A1Z3
G_001214,61604.00,2025-06-26,INV/2025/58424,Vendor 1214 Pvt Ltd,27AAAAA4149A1ZC
G_001215,79018.00,2025-12-03,INV/2025/62402,Vendor 1215 Pvt Ltd,27AAAAA6556A1Z5
G_001216,109476.00,2025-12-11,INV/2025/86524,Vendor 1216 Pvt Ltd,27AAAAA7395A1ZY
G_001217,81606.00,2025-04-17,INV/2025/38022,Vendor 1217 Private Limited,27AAAAA3654A1ZC
G_001218,22813.00,2025-04-13,INV/2025/21488,Vendor 1218 Private Limited,27AAAAA3115A1ZO
G_001219,39900.00,2025-05-01,INV/2025/28450,Vendor 1219 Private Limited,27AAAAA9089A1ZV
G_001220,46898.00,2025-12-13,INV/2025/21788,Vendor 1220 Pvt Ltd,27AAAAA5273A1Z9
G_001221,4290.00,2025-02-02,INV/2025/45267,Vendor 1221 Pvt Ltd,27AAAAA9248A1Z2
G_001222,73760.00,2025-04-25,INV/2025/64748,Vendor 1222 Pvt Ltd,27AAAAA2977A1Z4
G_001223,6217.00,2025-10-13,,Vendor 1223 Pvt Ltd,27AAAAA6820A1ZE
G_001224,158610.00,2025-12-09,INV/2025/14650,Vendor 1224 Pvt Ltd,27AAAAA9444A1Z4
G_001225,198318.00,2025-02-26,INV/2025/14879,Vendor 1225 Pvt Ltd,27AAAAA8489A1ZT
G_001226,73824.00,2025-01-22,INV/2025/67493,Vendor 1226 Pvt Ltd,27AAAAA2669A1Z7
G_001227,47500.00,2025-03-22,INV/2025/96466,Vendor 1227 Pvt Ltd,27AAAAA4365A1ZA
G_001228,65425.00,2025-02-20,INV/2025/21223,Vendor 1228 Pvt Ltd Inc,27AAAAA9288A1ZU
G_001229,26563.00,2025-08-13,INV/2025/55493,Vendor 1229 Pvt Ltd,27AAAAA3014A1ZQ
G_001230,44837.00,2025-05-27,INV/2025/67194,Vendor 1230 Pvt Ltd,27AAAAA8760A1Z3
G_001231,47370.00,2025-11-19,INV/2025/88162,Vendor 1231 Pvt Ltd,27AAAAA7799A1ZQ
G_001232,55375.00,2025-04-27,INV/2025/19087,Vendor 1232 Pvt Ltd,27AAAAA7706A1ZB
G_001233,89517.00,2025-07-05,INV/2025/4901,Vendor 1233 Pvt Ltd,27AAAAA9456A1Z0
G_001234,9220.00,2025-02-13,INV/2025/45342,Vendor 1234 Pvt Ltd,27AAAAA9476A1ZW
G_001235,113988.00,2025-02-01,INV/2025/52546,Vendor 1235 Pvt Ltd,27AAAAA3692A1Z6
G_001236,82886.00,2026-01-01,,Vendor 1236 Pvt Ltd,27AAAAA1947A1ZC
G_001237,52791.00,2025-12-15,INV/2025/92853,Vendor 1237 Pvt Ltd Inc,27AAAAA7869A1ZV
G_001238,45209.00,2025-01-05,,Vendor 1238 Pvt Ltd,27AAAAA6139A1ZA
G_001239,91889.00,2025-07-26,INV/2025/59482,VENDOR 1239 PVT LTD,27AAAAA3406A1ZM
G_001240,91518.00,2025-06-26,INV/2025/86033,Vendor 1240 Pvt Ltd,27AAAAA8244A1Z8
G_001241,11146.00,2025-01-19,INV/2025/71442,Vendor 1241 Pvt Ltd,27AAAAA5940A1ZB
G_001242,68319.00,2025-10-04,INV/2025/38214,Vendor 1242 Pvt Ltd,27AAAAA3064A1ZG
G_001243,68432.00,2025-06-24,INV/2025/84320,Vendor 1243 Pvt Ltd,27AAAAA6115A1ZI
G_001244,77760.00,2025-05-13,INV/2025/32632,Vendor 1244 Pvt Ltd,27AAAAA7926A1Z5
G_001245,96042.00,2025-01-31,INV/2025/49887,Vendor 1245 Pvt Ltd,27AAAAA2809A1ZH
G_001246,6356.00,2025-11-30,INV/2025/17351,Vendor 1246 Pvt Ltd,27AAAAA3028A1ZK
G_001247,59494.00,2025-06-23,INV/2025/31945,Vendor 1247 Pvt Ltd,
G_001248,78159.00,2025-04-30,INV/2025/46919,Vendor 1248 Pvt Ltd,27AAAAA9737A1Z0
G_001249,93732.00,2025-07-13,INV/2025/69113,Vendor 1249 Pvt Ltd,27AAAAA3293A1Z9
G_001250,47452.00,2025-08-21,INV/2025/13843,Vendor 1250 Pvt Ltd,27AAAAA4154A1ZF
G_001251,10840.00,2025-02-17,INV/2025/9151,Vendor 1251 Pvt Ltd,27AAAAA7751A1Z6
G_001252,58579.00,2025-02-09,INV/2025/49404,Vendor,27AAAAA4519A1ZE
G_001253,51844.00,2025-05-16,INV/2025/77585,Vendor 1253 Pvt Ltd,27AAAAA9502A1ZD
G_001254,90410.00,2025-09-08,,Vendor 1254 Pvt Ltd,27AAAAA8210A1ZI
G_001255,66395.00,2025-03-07,INV/2025/64539,Vendor 1255 Pvt Ltd,27AAAAA3364A1ZD
G_001256,15574.00,2025-12-22,INV/2025/28871,Vendor 1256 Pvt Ltd,27AAAAA9669A1ZT
G_001257,73372.00,2025-07-09,INV/2025/16566,Vendor,27AAAAA3569A1Z6
G_001258,75042.00,2025-05-29,INV/2025/6279,Vendor 1258 Private Limited,27AAAAA7055A1Z9
G_001259,39848.00,2025-05-31,INV/2025/64691,Vendor 1259 Pvt Ltd,27AAAAA7135A1ZC
G_001260,6476.00,2025-06-06,INV/2025/38156,Vendor 1260 Pvt Ltd,27AAAAA7910A1ZD
G_001261,373.00,2025-03-04,INV/2025/72766,Vendor 1261 Pvt Ltd,27AAAAA9008A1ZC
G_001262,63168.00,2025-10-21,INV/2025/41593,Vendor 1262 Pvt Ltd Inc,27AAAAA7841A1Z7
G_001263,188952.00,2025-11-07,INV/2025/18407,Vendor 1263 Pvt Ltd,27AAAAA8786A1ZT
G_001264,87553.00,2025-08-18,,Vendor 1264 Pvt Ltd,27AAAAA8371A1Z4
G_001265,50855.00,2025-04-30,INV/2025/52825,Vendor 1265 Pvt Ltd,27AAAAA7711A1ZE
G_001266,96557.00,2025-05-23,INV/2025/85661,Vendor 1266 Pvt Ltd,27AAAAA8259A1Z1
G_001267,75072.00,2025-11-19,INV/2025/93720,Vendor 1267 Pvt Ltd,27AAAAA1406A1ZQ
G_001268,25321.00,2025-11-13,INV/2025/72019,Vendor 1268 Private Limited,27AAAAA2395A1Z8
G_001269,24924.00,2025-09-01,,Vendor 1269 Pvt Ltd,27AAAAA9548A1ZZ
G_001270,23660.00,2025-01-10,INV/2025/37039,Vendor 1270 Pvt Ltd,27AAAAA9713A1Z8
G_001271,11194.00,2025-10-01,INV/2025/80541,Vendor 1271 Pvt Ltd,27AAAAA8278A1ZY
G_001272,3149.00,2025-06-24,INV/2025/58280,Vendor 1272 Pvt Ltd,27AAAAA9052A1Z8
G_001273,41699.00,2025-07-15,INV/2025/34708,Vendor 1273 Pvt Ltd,27AAAAA9649A1ZX
G_001274,22140.00,2025-05-27,INV/2025/19878,Vendor 1274 Pvt Ltd,27AAAAA9876A1ZS
G_001275,40312.00,2025-07-28,INV/2025/89946,Vendor 1275 Pvt Ltd,27AAAAA3526A1ZH
G_001276,23884.00,2025-01-14,INV/2025/94493,Vendor 1276 Pvt Ltd,27AAAAA6329A1ZA
G_001277,18772.00,2025-07-31,INV/2025/43495,Vendor 1277 Pvt Ltd,27AAAAA6243A1ZD
G_001278,13798.00,2025-04-14,INV/2025/32407,Vendor 1278 Pvt Ltd,27AAAAA2981A1Z8
G_001279,50569.00,2025-02-28,INV/2025/36296,Vendor 1279 Pvt Ltd,27AAAAA9264A1Z2
G_001280,8679.00,2025-09-05,INV/2025/4788,Vendor 1280 Pvt Ltd,27AAAAA7669A1ZX
G_001281,35379.00,2025-10-11,INV/2025/77830,Vendor 1281 PVT LTD,27AAAAA1305A1ZS
G_001282,40026.00,2025-10-18,INV/2025/54313,Vendor 1282 Pvt Ltd,27AAAAA3057A1ZF
G_001283,26767.00,2025-03-14,INV/2025/49929,Vendor 1283 PVT LTD,27AAAAA9199A1ZS
G_001284,55642.00,2025-10-12,INV/2025/60210,Vendor 1284 Pvt Ltd,27AAAAA9806A1Z6
G_001285,85697.00,2025-03-27,INV/2025/1071,Vendor 1285 Pvt Ltd,27AAAAA5739A1Z6
G_001286,78463.00,2025-05-09,INV/2025/90128,Vendor 1286 Pvt Ltd,27AAAAA5477A1Z3
G_001287,76797.00,2025-09-19,INV/2025/37872,Vendor 1287 Pvt Ltd,27AAAAA4485A1Z5
G_001288,39505.00,2025-02-15,INV/2025/52813,None,27AAAAA2145A1ZK
G_001289,56718.00,2025-04-18,INV/2025/81012,None,27AAAAA5578A1Z1
G_001290,83353.00,2025-05-14,INV/2025/99657,Vendor 1290 Pvt Ltd,27AAAAA6613A1ZF
G_001291,44878.00,2025-04-18,,Vendor 1291 Pvt Ltd,27AAAAA6269A1Z3
G_001292,84830.00,2025-01-02,INV/2025/80794,Vendor 1292 Pvt Ltd,27AAAAA3190A1ZD
G_001293,108508.00,2025-10-12,INV/2025/92290,Vendor 1293 Pvt Ltd,27AAAAA3843A1ZD
G_001294,70701.00,2025-01-16,INV/2025/89029,Vendor 1294 Pvt Ltd,27AAAAA2270A1ZI
G_001295,78915.00,2025-07-03,INV/2025/51692,Vendor 1295 Pvt Ltd,27AAAAA7166A1Z5
G_001296,16453.00,2025-08-25,,Vendor 1296 Pvt Ltd,27AAAAA1138A1ZL
G_001297,97505.00,2025-01-11,INV/2025/37848,vendor 1297 pvt ltd,27AAAAA4629A1ZB
G_001298,80505.00,2025-11-17,INV/2025/40738,Vendor 1298 Pvt Ltd,27AAAAA9090A1Z2
G_001299,36900.00,2025-09-10,INV/2025/93280,Vendor 1299 Pvt Ltd,27AAAAA1602A1ZS
G_001300,14641.00,2025-05-23,INV/2025/75593,Vendor 1300 PVT LTD,27AAAAA7489A1ZV
G_001301,8667.00,2025-10-29,INV/2025/17809,Vendor 1301 Pvt Ltd,27AAAAA3875A1Z5
G_001302,68661.00,2025-05-21,INV/2025/26146,Vendor 1302 Pvt Ltd,27AAAAA9731A1Z6
G_001303,356.00,2025-08-07,INV/2025/85012,vendor 1303 pvt ltd,27AAAAA8437A1Z5
G_001304,56794.00,2025-07-28,INV/2025/36918,Vendor 1304 Pvt Ltd,27AAAAA6292A1Z4
G_001305,47478.00,2025-09-22,,Vendor 1305 Pvt Ltd,27AAAAA9119A1Z8
G_001306,55158.00,2025-09-30,INV/2025/59833,Vendor 1306 Pvt Ltd,27AAAAA5553A1ZA
G_001307,10822.00,2025-10-20,,Vendor 1307 Pvt Ltd,27AAAAA6483A1Z3
G_001308,9857.00,2025-05-08,INV/2025/26805,Vendor 1308 Pvt Ltd,27AAAAA7943A1Z4
G_001309,3753.00,2025-09-03,INV/2025/57616,Vendor 1309 Pvt Ltd,
G_001310,32921.00,2025-05-07,INV/2025/15134,Vendor 1310 Pvt Ltd,27AAAAA6477A1Z1
G_001311,43824.00,2025-09-24,,Vendor 1311 Pvt Ltd,27AAAAA1891A1Z9
G_001312,12639.00,2025-11-17,INV/2025/59517,Vendor 1312 Private Limited,27AAAAA8184A1Z1
G_001313,49565.00,2025-06-10,INV/2025/91880,Vendor 1313 Pvt Ltd,27AAAAA1546A1ZH
G_001314,7281.00,2025-06-04,INV/2025/81050,Vendor 1314 Private Limited,27AAAAA8240A1ZC
G_001315,73403.00,2025-01-27,INV/2025/39655,Vendor 1315 Pvt Ltd,27AAAAA7735A1Z6
G_001316,119058.00,2025-07-16,INV/2025/61844,Vendor 1316 Pvt Ltd,27AAAAA1173A1ZI
G_001317,85417.00,2025-12-12,INV/2025/4404,Vendor 1317 Pvt Ltd,27AAAAA6564A1Z5
G_001318,14256.00,2025-02-22,INV/2025/2610,Vendor 1318 Private Limited,27AAAAA4153A1ZG
G_001319,75232.00,2025-03-06,INV/2025/84540,Vendor 1319 Pvt Ltd Inc,27AAAAA4172A1ZD
G_001320,24470.00,2025-05-05,INV/2025/19045,Vendor 1320 Pvt Ltd,27AAAAA8284A1Z0
G_001321,67356.00,2025-11-30,INV/2025/99877,Vendor 1321 Pvt Ltd,27AAAAA8140A1ZD
G_001322,19187.00,2025-03-17,INV/2025/62541,Vendor 1322 Pvt Ltd,27AAAAA9866A1ZU
G_001323,1159.00,2025-09-23,INV/2025/77865,Vendor 1323 PVT LTD,27AAAAA7042A1ZE
G_001324,73428.00,2025-01-28,INV/2025/56320,Vendor 1324 Pvt Ltd,27AAAAA9308A1Z9
G_001325,9065.00,2025-06-24,INV/2025/25819,vendor 1325 pvt ltd,27AAAAA4297A1Z3
G_001326,78712.00,2025-12-21,,Vendor 1326 Pvt Ltd,27AAAAA8657A1ZZ
G_001327,80853.00,2025-06-03,INV/2025/55879,Vendor 1327 Pvt Ltd,27AAAAA6499A1ZV
G_001328,65102.00,2025-04-23,INV/2025/1484,vendor 1328 pvt ltd,27AAAAA1691A1ZB
G_001329,62856.00,2025-09-04,INV/2025/97283,Vendor 1329 Pvt Ltd,27AAAAA4492A1Z6
G_001330,27011.00,2025-07-24,INV/2025/25149,Vendor 1330 Pvt Ltd,27AAAAA1162A1ZL
G_001331,72804.00,2025-02-28,INV/2025/19664,Vendor 1331 Pvt Ltd,27AAAAA1491A1ZD
G_001332,5854.00,2025-01-16,INV/2025/27099,Vendor 1332 Pvt Ltd,27AAAAA6896A1ZU
G_001333,94319.00,2025-03-31,INV/2025/45540,Vendor 1333 Pvt Ltd,27AAAAA4211A1ZP
G_001334,13363.00,2025-01-11,INV/2025/89795,Vendor 1334 Pvt Ltd,27AAAAA5289A1Z1
G_001335,44452.00,2025-04-18,INV/2025/40986,Vendor 1335 Pvt Ltd,27AAAAA2818A1ZG
G_001336,86726.00,2025-03-29,,Vendor 1336 Pvt Ltd,27AAAAA7100A1ZN
G_001337,93284.00,2025-02-03,INV/2025/16531,Vendor 1337 Pvt Ltd,27AAAAA8106A1ZF
G_001338,25224.00,2025-09-30,INV/2025/50570,Vendor 1338 Pvt Ltd Inc,27AAAAA4107A1ZM
G_001339,6154.00,2025-11-12,INV/2025/77981,Vendor 1339 Pvt Ltd,27AAAAA5006A1ZM
G_001340,43049.00,2025-05-07,INV/2025/7980,Vendor 1340 Pvt Ltd Inc,27AAAAA3434A1ZI
G_001341,153312.00,2025-09-08,INV/2025/28425,Vendor 1341 Pvt Ltd,27AAAAA9327A1Z6
G_001342,44090.00,2025-09-18,INV/2025/51871,Vendor 1342 Pvt Ltd,27AAAAA2062A1ZK
G_001343,68112.00,2025-08-26,INV/2025/24461,Vendor 1343 Pvt Ltd,27AAAAA9168A1ZZ
G_001344,93901.00,2025-09-11,INV/2025/63096,Vendor 1344 Pvt Ltd,27AAAAA8918A1Z3
G_001345,27258.00,2025-04-23,INV/2025/27607,Vendor 1345 Pvt Ltd,27AAAAA1599A1Z4
G_001346,40207.00,2025-08-06,INV/2025/50425,None,27AAAAA4581A1Z8
G_001347,17706.00,2025-02-13,INV/2025/39672,Vendor 1347 Pvt Ltd,27AAAAA2388A1Z7
G_001348,61081.00,2025-09-20,INV/2025/82412,Vendor 1348 Pvt Ltd,27AAAAA1674A1ZC
G_001349,53702.00,2025-07-08,INV/2025/66213,Vendor 1349 Pvt Ltd,27AAAAA8086A1Z0
G_001350,57992.00,2025-04-30,INV/2025/35815,Vendor 1350 Pvt Ltd Inc,27AAAAA3942A1ZD
G_001351,65867.00,2025-09-20,INV/2025/72650,None,27AAAAA5825A1ZB
G_001352,12998.00,2025-03-02,INV/2025/10351,Vendor 1352 Pvt Ltd,27AAAAA4731A1ZG
G_001353,25874.00,2025-12-12,INV/2025/44154,Vendor 1353 Pvt Ltd,27AAAAA6468A1Z2
G_001354,25087.00,2025-12-28,,Vendor 1354 Pvt Ltd,27AAAAA5496A1Z0
G_001355,34327.00,2025-01-05,INV/2025/40252,Vendor 1355 Pvt Ltd,27AAAAA9898A1ZM
G_001356,53283.00,2025-10-24,INV/2025/86892,Vendor 1356 Pvt Ltd,27AAAAA7616A1ZA
G_001357,52202.00,2025-04-27,INV/2025/30743,Vendor 1357 Pvt Ltd,27AAAAA3445A1ZF
G_001358,94801.00,2025-08-25,INV/2025/45650,Vendor 1358 Pvt Ltd,27AAAAA8679A1ZT
G_001359,27570.00,2025-08-13,,Vendor 1359 Pvt Ltd,27AAAAA7843A1Z5
G_001360,75795.00,2025-03-07,,Vendor 1360 Pvt Ltd,27AAAAA3276A1ZA
G_001361,44641.00,2025-04-26,INV/2025/55938,Vendor 1361 Pvt Ltd,27AAAAA6810A1ZG
G_001362,39374.00,2025-06-16,INV/2025/77933,Vendor 1362 Pvt Ltd,27AAAAA9808A1Z4
G_001363,20244.00,2025-06-19,INV/2025/75473,VENDOR 1363 PVT LTD,27AAAAA3279A1Z7
G_001364,50080.00,2025-04-15,INV/2025/52201,Vendor 1364 Pvt Ltd,27AAAAA7404A1ZG
G_001365,14339.00,2025-06-18,,Vendor 1365 Pvt Ltd,27AAAAA8778A1ZT
G_001366,12321.00,2025-03-29,INV/2025/14672,Vendor 1366 PVT LTD,27AAAAA5991A1Z0
G_001367,3617.00,2025-04-06,INV/2025/27083,Vendor 1367 Pvt Ltd,27AAAAA9005A1ZF
G_001368,27086.00,2025-04-30,INV/2025/39155,Vendor 1368 Private Limited,27AAAAA5650A1ZC
G_001369,68064.00,2025-01-06,INV/2025/23521,Vendor 1369 Pvt Ltd,27AAAAA7039A1Z9
G_001370,20682.00,2025-02-26,INV/2025/17926,Vendor,27AAAAA7407A1ZD
G_001371,27163.00,2025-03-08,INV/2025/27958,Vendor 1371 Pvt Ltd,27AAAAA7373A1Z4
G_001372,20911.00,2025-11-06,,Vendor 1372 Pvt Ltd,27AAAAA8778A1ZT
G_001373,94048.00,2025-12-17,INV/2025/61156,Vendor 1373 Pvt Ltd,27AAAAA9232A1ZA
G_001374,58522.00,2025-02-02,INV/2025/53328,Vendor 1374 PVT LTD,27AAAAA3337A1ZG
G_001375,60419.00,2025-08-25,INV/2025/76514,Vendor 1375 Pvt Ltd,27AAAAA9043A1Z9
G_001376,45554.00,2025-12-25,INV/2025/94277,Vendor 1376 Pvt Ltd,27AAAAA8476A1ZY
G_001377,54501.00,2025-05-08,,Vendor 1377 Pvt Ltd,27AAAAA3869A1Z3
G_001378,50518.00,2025-12-04,INV/2025/25044,Vendor 1378 Private Limited,27AAAAA8501A1ZG
G_001379,31517.00,2025-03-22,,Vendor 1379 Pvt Ltd,27AAAAA1715A1ZM
G_001380,91594.00,2025-04-22,INV/2025/65682,Vendor 1380 Pvt Ltd,27AAAAA2093A1ZD
G_001381,48430.00,2025-02-09,INV/2025/14791,None,27AAAAA2986A1Z3
G_001382,21705.00,2025-05-10,INV/2025/28180,Vendor,27AAAAA8388A1ZV
G_001383,50058.00,2025-06-25,INV/2025/98774,Vendor 1383 Pvt Ltd,27AAAAA8567A1ZY
G_001384,1508.00,2025-05-09,INV/2025/16031,Vendor 1384 Pvt Ltd,27AAAAA1618A1ZK
G_001385,63638.00,2025-08-25,INV/2025/9943,Vendor 1385 Pvt Ltd,27AAAAA8606A1ZA
G_001386,18483.00,2025-08-30,INV/2025/37587,Vendor 1386 Pvt Ltd,27AAAAA1295A1ZB
G_001387,38655.00,2025-03-05,INV/2025/71078,Vendor 1387 Pvt Ltd,27AAAAA3903A1ZK
G_001388,88885.00,2025-05-20,INV/2025/21119,Vendor 1388 Pvt Ltd,27AAAAA1183A1ZG
G_001389,88579.00,2025-09-30,INV/2025/29333,Vendor 1389 Pvt Ltd,27AAAAA1564A1ZF
G_001390,84118.00,2025-12-06,INV/2025/94901,Vendor 1390 Private Limited,27AAAAA9566A1ZX
G_001391,58294.00,2025-01-27,INV/2025/79407,Vendor 1391 Pvt Ltd,27AAAAA6051A1ZF
G_001392,32828.00,2025-07-11,INV/2025/32265,Vendor 1392 Pvt Ltd,27AAAAA4305A1ZM
G_001393,2008.00,2025-06-22,INV/2025/26185,Vendor 1393 Private Limited,27AAAAA1457A1ZF
G_001394,87146.00,2025-03-27,INV/2025/95897,Vendor 1394 Pvt Ltd,27AAAAA2582A1ZB
G_001395,42979.00,2025-06-15,INV/2025/74669,VENDOR 1395 PVT LTD,27AAAAA2764A1ZB
G_001396,51881.00,2025-08-08,INV/2025/16834,Vendor 1396 Pvt Ltd,27AAAAA9875A1ZT
G_001397,22856.00,2025-01-08,INV/2025/53709,Vendor 1397 Private Limited,27AAAAA6298A1ZY
G_001398,28948.00,2025-02-03,INV/2025/87240,Vendor 1398 Pvt Ltd,
G_001399,28748.00,2025-07-30,INV/2025/40522,Vendor 1399 Pvt Ltd,27AAAAA2103A1ZU
G_001400,74706.00,2025-03-29,,Vendor 1400 Pvt Ltd,27AAAAA9784A1ZT
G_001401,88953.00,2025-12-22,INV/2025/18423,Vendor 1401 Pvt Ltd,27AAAAA7366A1Z3
G_001402,87442.00,2025-09-04,INV/2025/9849,Vendor 1402 Pvt Ltd,27AAAAA6209A1ZF
G_001403,100436.00,2025-09-19,INV/2025/84963,Vendor 1403 Pvt Ltd,27AAAAA8354A1Z5
G_001404,30589.00,2025-01-11,INV/2025/81786,Vendor 1404 Pvt Ltd,27AAAAA1217A1ZP
G_001405,99353.00,2025-05-05,INV/2025/82233,Vendor 1405 Pvt Ltd,27AAAAA8020A1ZI
G_001406,38977.00,2025-04-14,INV/2025/20879,Vendor 1406 Pvt Ltd,27AAAAA9171A1Z4
G_001407,95168.00,2025-11-03,INV/2025/59160,Vendor 1407 Pvt Ltd,27AAAAA4900A1ZL
G_001408,68371.00,2025-08-01,INV/2025/85940,Vendor 1408 Pvt Ltd,
G_001409,45022.00,2025-05-05,INV/2025/27976,vendor 1409 pvt ltd,27AAAAA6427A1ZB
G_001410,79800.00,2025-07-15,INV/2025/69350,Vendor 1410 Pvt Ltd,27AAAAA4644A1ZC
G_001411,8569.00,2025-09-09,,Vendor 1411 Pvt Ltd,27AAAAA1099A1Z9
G_001412,26867.00,2025-03-06,INV/2025/13027,Vendor 1412 Pvt Ltd,27AAAAA3318A1ZJ
G_001413,31073.00,2025-09-17,INV/2025/11245,Vendor 1413 Pvt Ltd,27AAAAA4348A1ZB
G_001414,94691.00,2025-04-12,INV/2025/33102,Vendor 1414 Pvt Ltd,27AAAAA3689A1Z1
G_001415,37501.00,2025-10-23,,Vendor 1415 Pvt Ltd,27AAAAA5966A1Z1
G_001416,10587.00,2025-07-04,INV/2025/53198,Vendor 1416 Pvt Ltd,27AAAAA8883A1ZV
G_001417,66329.00,2025-11-09,INV/2025/97328,Vendor 1417 Pvt Ltd,27AAAAA7925A1Z6
G_001418,2696.00,2025-07-15,,Vendor 1418 Pvt Ltd,27AAAAA8897A1ZP
G_001419,78111.00,2025-10-03,INV/2025/21027,Vendor 1419 PVT LTD,27AAAAA5918A1Z9
G_001420,40188.00,2025-08-21,INV/2025/38122,Vendor 1420 Pvt Ltd,27AAAAA8596A1ZT
G_001421,43777.00,2025-03-11,INV/2025/94698,Vendor 1421 Pvt Ltd,27AAAAA2178A1ZB
G_001422,648.00,2025-01-07,INV/2025/66627,Vendor 1422 Pvt Ltd,27AAAAA4106A1ZN
G_001423,51827.00,2025-07-11,INV/2025/51336,Vendor 1423 Pvt Ltd,27AAAAA7812A1ZC
G_001424,53680.00,2025-01-20,INV/2025/17315,Vendor 1424 Pvt Ltd,27AAAAA2167A1ZE
G_001425,114572.00,2025-05-11,INV/2025/99510,Vendor 1425 Pvt Ltd,27AAAAA4182A1ZB
G_001426,91385.00,2025-01-30,INV/2025/86315,Vendor 1426 Pvt Ltd,27AAAAA7032A1ZG
G_001427,31865.00,2025-09-02,,Vendor 1427 Pvt Ltd,27AAAAA5043A1ZH
G_001428,91518.00,2025-12-07,INV/2025/85585,Vendor 1428 Pvt Ltd,27AAAAA1462A1ZI
G_001429,33430.00,2025-05-07,INV/2025/79924,vendor 1429 pvt ltd,27AAAAA3414A1ZM
G_001430,15401.00,2025-02-17,INV/2025/85462,Vendor 1430 Pvt Ltd,27AAAAA1202A1ZW
G_001431,68065.00,2025-04-07,INV/2025/56436,Vendor 1431 Pvt Ltd,27AAAAA2316A1ZN
G_001432,65720.00,2025-09-30,,Vendor 1432 Pvt Ltd,27AAAAA5951A1Z8
G_001433,98726.00,2025-02-15,INV/2025/15322,None,27AAAAA7743A1Z6
G_001434,35361.00,2025-04-18,INV/2025/99079,Vendor 1434 Pvt Ltd,27AAAAA3338A1ZF
G_001435,64551.00,2025-01-01,INV/2025/13697,Vendor 1435 Pvt Ltd,27AAAAA3759A1Z6
G_001436,54737.00,2025-12-02,INV/2025/38793,Vendor 1436 Pvt Ltd,27AAAAA9600A1ZE
G_001437,26054.00,2025-09-07,INV/2025/24853,Vendor 1437 Private Limited,27AAAAA3200A1ZU
G_001438,48862.00,2025-04-13,INV/2025/8730,Vendor 1438 Pvt Ltd,27AAAAA4482A1Z8
G_001439,57867.00,2025-11-17,INV/2025/82844,Vendor 1439 Pvt Ltd,27AAAAA7697A1ZT
G_001440,38520.00,2025-02-13,INV/2025/50509,Vendor 1440 Pvt Ltd,27AAAAA2307A1ZO
G_001441,76861.00,2025-05-01,INV/2025/63638,Vendor 1441 Pvt Ltd,27AAAAA1486A1ZA
G_001442,8102.00,2025-05-17,,Vendor 1442 Pvt Ltd,27AAAAA1155A1ZK
G_001443,12794.00,2025-04-19,INV/2025/69463,Vendor 1443 Pvt Ltd,27AAAAA1685A1Z9
G_001444,63791.00,2025-08-31,INV/2025/45175,Vendor 1444 Pvt Ltd Inc,27AAAAA5355A1ZA
G_001445,41417.00,2025-05-03,INV/2025/48344,Vendor,27AAAAA6620A1ZG
G_001446,43387.00,2025-02-21,INV/2025/1404,Vendor 1446 Pvt Ltd,27AAAAA6833A1Z9
G_001447,3465.00,2025-11-05,,Vendor 1447 Pvt Ltd,27AAAAA3275A1ZB
G_001448,48390.00,2025-08-20,INV/2025/82048,None,27AAAAA5072A1ZC
G_001449,86637.00,2025-04-07,,Vendor 1449 Pvt Ltd,27AAAAA7768A1ZX
G_001450,2279.00,2025-11-21,,Vendor 1450 Pvt Ltd,27AAAAA6278A1Z2
G_001451,88957.00,2025-08-16,INV/2025/31612,Vendor,27AAAAA6333A1ZE
G_001452,45756.00,2025-08-08,,Vendor 1452 Pvt Ltd,27AAAAA2333A1ZM
G_001453,96343.00,2025-07-17,INV/2025/39517,vendor 1453 pvt ltd,27AAAAA2645A1ZF
G_001454,75059.00,2025-09-16,INV/2025/5160,Vendor 1454 Pvt Ltd,27AAAAA9520A1ZB
G_001455,88319.00,2025-10-08,INV/2025/62184,Vendor 1455 Pvt Ltd,27AAAAA5937A1Z6
G_001456,63298.00,2025-12-06,INV/2025/71866,Vendor 1456 Pvt Ltd,27AAAAA2895A1Z3
G_001457,13924.00,2025-08-11,INV/2025/94816,Vendor 1457 Pvt Ltd,27AAAAA2465A1ZD
G_001458,100728.00,2025-05-24,INV/2025/29885,Vendor 1458 Pvt Ltd,27AAAAA6349A1Z6
G_001459,87325.00,2025-03-11,INV/2025/71063,Vendor,27AAAAA3016A1ZO
G_001460,29434.00,2025-10-22,INV/2025/79732,Vendor 1460 Pvt Ltd,27AAAAA6452A1ZA
G_001461,85810.00,2025-11-25,,Vendor 1461 Pvt Ltd,27AAAAA7252A1ZA
G_001462,29401.00,2025-05-13,INV/2025/16163,Vendor 1462 Pvt Ltd,27AAAAA4823A1ZF
G_001463,97170.00,2025-10-31,INV/2025/25662,Vendor 1463 Pvt Ltd,27AAAAA6574A1Z3
G_001464,49932.00,2025-10-23,INV/2025/97589,Vendor 1464 Pvt Ltd,27AAAAA6134A1ZF
G_001465,24985.00,2025-07-18,INV/2025/56535,Vendor 1465 Pvt Ltd,27AAAAA9775A1ZU
G_001466,68224.00,2025-12-06,INV/2025/79855,Vendor 1466 Private Limited,27AAAAA3069A1ZB
G_001467,60472.00,2025-06-11,INV/2025/19966,Vendor 1467 Pvt Ltd,27AAAAA4586A1Z3
G_001468,19423.00,2025-11-04,INV/2025/38144,Vendor 1468 Pvt Ltd,27AAAAA8467A1ZZ
G_001469,78596.00,2025-06-13,INV/2025/41487,vendor 1469 pvt ltd,27AAAAA1562A1ZH
G_001470,82816.00,2025-04-21,INV/2025/65883,Vendor 1470 Pvt Ltd,27AAAAA8836A1Z2
G_001471,43765.00,2025-03-20,INV/2025/94947,Vendor 1471 Pvt Ltd,27AAAAA1963A1ZC
G_001472,91903.00,2025-01-27,,Vendor 1472 Pvt Ltd,27AAAAA4687A1Z1
G_001473,86509.00,2025-03-23,INV/2025/3826,Vendor 1473 Pvt Ltd Inc,27AAAAA5900A1ZJ
G_001474,45753.00,2025-07-20,INV/2025/52257,Vendor 1474 Pvt Ltd,27AAAAA8756A1ZZ
G_001475,91375.00,2025-04-10,,Vendor 1475 Pvt Ltd,27AAAAA5626A1ZC
G_001476,42491.00,2025-10-25,INV/2025/8094,Vendor 1476 Pvt Ltd,
G_001477,75749.00,2025-03-12,INV/2025/58918,Vendor 1477 Pvt Ltd Inc,27AAAAA3681A1Z9
G_001478,28691.00,2025-04-11,INV/2025/97379,Vendor 1478 Pvt Ltd Inc,27AAAAA4436A1ZE
G_001479,89008.00,2025-03-17,,Vendor 1479 Pvt Ltd,27AAAAA2670A1ZE
G_001480,7483.00,2025-02-19,,Vendor 1480 Pvt Ltd,27AAAAA3756A1Z9
G_001481,15480.00,2025-09-21,INV/2025/86209,Vendor 1481 Pvt Ltd,27AAAAA1859A1Z9
G_001482,82278.00,2025-07-26,INV/2025/33112,Vendor 1482 Pvt Ltd,27AAAAA3434A1ZI
G_001483,39774.00,2025-12-19,,Vendor 1483 Pvt Ltd,27AAAAA9005A1ZF
G_001484,90774.00,2025-12-10,INV/2025/87313,Vendor 1484 Pvt Ltd,27AAAAA7150A1ZD
G_001485,36173.00,2025-11-20,INV/2025/86615,Vendor 1485 Pvt Ltd,27AAAAA7260A1ZA
G_001486,10931.00,2025-03-04,INV/2025/65122,VENDOR 1486 PVT LTD,27AAAAA2910A1ZN
G_001487,35977.00,2025-12-22,INV/2025/98695,Vendor 1487 Pvt Ltd,27AAAAA8856A1ZY
G_001488,63563.00,2025-11-27,INV/2025/93109,Vendor 1488 Pvt Ltd,27AAAAA7290A1Z4
G_001489,42728.00,2025-02-02,,Vendor 1489 Pvt Ltd,27AAAAA2629A1ZF
G_001490,53227.00,2025-12-25,INV/2025/3588,Vendor 1490 Pvt Ltd,27AAAAA4029A1ZH
G_001491,64136.00,2025-02-02,INV/2025/69013,Vendor 1491 Pvt Ltd,
G_001492,98863.00,2025-04-17,,Vendor 1492 Pvt Ltd,27AAAAA3033A1ZN
G_001493,797.00,2025-10-12,INV/2025/59619,Vendor 1493 Pvt Ltd,27AAAAA3110A1ZT
G_001494,11610.00,2025-10-15,,Vendor 1494 Pvt Ltd,27AAAAA3641A1ZH
G_001495,66441.00,2025-06-02,,Vendor 1495 Pvt Ltd,27AAAAA3043A1ZL
G_001496,32650.00,2025-06-03,,Vendor 1496 Pvt Ltd,27AAAAA1001A1ZZ
G_001497,86497.00,2025-10-01,INV/2025/59316,Vendor 1497 Pvt Ltd,27AAAAA5807A1ZD
G_001498,68606.00,2025-06-30,INV/2025/80452,Vendor 1498 PVT LTD,27AAAAA6127A1ZE
G_001499,31177.00,2025-01-19,INV/2025/25651,Vendor 1499 Pvt Ltd,27AAAAA1732A1ZL
G_001500,17690.00,2025-11-05,INV/2025/73361,Vendor 1500 Pvt Ltd,27AAAAA4526A1ZF
G_001501,95665.00,2025-11-15,INV/2025/56314,Vendor 1501 Pvt Ltd,27AAAAA3105A1ZQ
G_001502,85266.00,2025-03-25,INV/2025/53436,Vendor 1502 Pvt Ltd,27AAAAA7255A1Z7
G_001503,91131.00,2025-03-15,INV/2025/71242,Vendor 1503 Pvt Ltd,27AAAAA7968A1ZV
G_001504,83084.00,2025-12-23,INV/2025/85616,Vendor 1504 Pvt Ltd,27AAAAA5413A1ZJ
G_001505,79391.00,2025-03-25,INV/2025/56009,Vendor 1505 Pvt Ltd,27AAAAA8104A1ZH
G_001506,10261.00,2025-05-19,INV/2025/17334,vendor 1506 pvt ltd,27AAAAA5055A1ZD
G_001507,43269.00,2025-11-24,INV/2025/12662,Vendor 1507 Pvt Ltd,27AAAAA2080A1ZI
G_001508,19279.00,2025-04-26,INV/2025/36867,Vendor 1508 Pvt Ltd,27AAAAA5476A1Z4
G_001509,49728.00,2025-02-23,INV/2025/17187,Vendor 1509 Pvt Ltd,27AAAAA4640A1ZG
G_001510,77278.00,2025-09-08,INV/2025/13522,vendor 1510 pvt ltd,27AAAAA6022A1ZK
G_001511,72391.00,2025-05-19,INV/2025/80621,Vendor 1511 Pvt Ltd,27AAAAA5620A1ZI
G_001512,98649.00,2025-07-19,INV/2025/24681,Vendor 1512 Pvt Ltd,27AAAAA6210A1ZM
G_001513,72408.00,2025-11-01,INV/2025/53776,Vendor 1513 Pvt Ltd,27AAAAA9711A1ZA
G_001514,90101.00,2025-09-20,INV/2025/94483,Vendor 1514 Pvt Ltd,27AAAAA1155A1ZK
G_001515,74491.00,2025-05-17,,Vendor 1515 Pvt Ltd,27AAAAA7206A1ZG
G_001516,92833.00,2025-05-08,INV/2025/89895,vendor 1516 pvt ltd,27AAAAA7064A1Z8
G_001517,46499.00,2025-08-28,INV/2025/66828,Vendor 1517 Pvt Ltd,27AAAAA8191A1Z2
G_001518,94270.00,2025-04-28,INV/2025/41001,Vendor 1518 Private Limited,27AAAAA9529A1Z2
G_001519,41091.00,2025-02-16,INV/2025/84188,Vendor 1519 Pvt Ltd,27AAAAA7660A1Z6
G_001520,21741.00,2025-10-22,INV/2025/8525,Vendor 1520 Pvt Ltd,27AAAAA2534A1ZJ
G_001521,1501.00,2025-08-06,INV/2025/89740,vendor 1521 pvt ltd,27AAAAA9074A1Z2
G_001522,67603.00,2025-12-17,,Vendor 1522 Pvt Ltd,27AAAAA9156A1Z3
G_001523,1921.00,2025-11-12,,Vendor 1523 Pvt Ltd,27AAAAA7643A1Z7
G_001524,92190.00,2025-10-01,INV/2025/99260,Vendor 1524 Pvt Ltd,27AAAAA7962A1Z1
G_001525,89763.00,2025-11-08,INV/2025/6551,Vendor 1525 PVT LTD,27AAAAA9652A1Z2
G_001526,29600.00,2025-03-31,INV/2025/10846,Vendor 1526 Pvt Ltd,27AAAAA9577A1ZU
G_001527,6772.00,2025-08-05,INV/2025/65947,Vendor 1527 Pvt Ltd,27AAAAA6788A1ZV
G_001528,44396.00,2025-12-14,INV/2025/33737,Vendor 1528 Pvt Ltd,
G_001529,39313.00,2025-09-05,INV/2025/39475,Vendor 1529 Pvt Ltd,27AAAAA5752A1Z9
G_001530,51692.00,2025-04-22,,Vendor 323 Pvt Ltd,27AAAAA6718A1Z9
G_001531,4743.00,2025-08-26,INV/2025/81969,Vendor 1531 Pvt Ltd,27AAAAA1096A1ZC
G_001532,39205.00,2025-07-01,INV/2025/15046,Vendor 1532 Pvt Ltd,27AAAAA6382A1Z5
G_001533,52799.00,2025-07-01,INV/2025/2161,Vendor 1533 Pvt Ltd,27AAAAA4050A1ZK
G_001534,69449.00,2025-09-21,INV/2025/21147,Vendor 1534 Pvt Ltd,27AAAAA2388A1Z7
G_001535,20498.00,2025-12-03,INV/2025/33785,Vendor 1535 Pvt Ltd,27AAAAA1113A1ZU
G_001536,47875.00,2025-08-08,INV/2025/24878,Vendor 1536 Pvt Ltd Inc,27AAAAA5903A1ZG
G_001537,86119.00,2025-08-13,INV/2025/22211,Vendor 1537 Pvt Ltd,27AAAAA8185A1Z0
G_001538,47185.00,2025-12-30,INV/2025/27013,Vendor 1538 Pvt Ltd,27AAAAA1095A1ZD
G_001539,51813.00,2025-08-04,INV/2025/98507,Vendor 1539 Pvt Ltd,27AAAAA3190A1ZD
G_001540,62922.00,2025-12-07,INV/2025/35838,Vendor 1540 Pvt Ltd,27AAAAA4260A1ZG
G_001541,89456.00,2026-01-01,INV/2025/17703,Vendor 1541 Pvt Ltd,27AAAAA9119A1Z8
G_001542,65879.00,2025-07-19,INV/2025/18225,Vendor 1542 Pvt Ltd,27AAAAA7551A1Z8
G_001543,16631.00,2025-03-21,INV/2025/46104,None,27AAAAA1346A1ZJ
G_001544,89007.00,2025-06-25,,Vendor 1544 Pvt Ltd,27AAAAA1852A1ZG
G_001545,63039.00,2025-05-29,INV/2025/37991,Vendor 1545 Pvt Ltd,27AAAAA8116A1ZD
G_001546,81051.00,2025-03-20,INV/2025/96584,Vendor 1546 PVT LTD,27AAAAA5059A1Z9
G_001547,34641.00,2025-12-25,INV/2025/33421,Vendor,27AAAAA2884A1Z6
G_001548,92000.00,2025-09-15,INV/2025/81098,Vendor 1548 Pvt Ltd,27AAAAA2688A1Z4
G_001549,30165.00,2025-03-03,INV/2025/18340,Vendor 1549 Pvt Ltd,27AAAAA3436A1ZG
G_001550,19263.00,2025-08-07,INV/2025/3314,Vendor 1550 Private Limited,27AAAAA4148A1ZD
G_001551,106970.00,2025-09-26,INV/2025/41166,Vendor 1551 Pvt Ltd,27AAAAA7231A1ZF
G_001552,62909.00,2025-02-01,INV/2025/67828,Vendor 1552 Pvt Ltd,27AAAAA7980A1ZZ
G_001553,35390.00,2025-07-06,,Vendor 1553 Pvt Ltd,27AAAAA2803A1ZN
G_001554,42022.00,2025-01-25,INV/2025/24822,Vendor 1554 Pvt Ltd,27AAAAA5046A1ZE
G_001555,27884.00,2025-05-27,INV/2025/62873,Vendor 1555 Pvt Ltd,27AAAAA6269A1Z3
G_001556,24327.00,2025-05-10,INV/2025/65393,Vendor 1556 Pvt Ltd,27AAAAA8059A1Z3
G_001557,87780.00,2025-01-07,INV/2025/90517,None,27AAAAA2587A1Z6
G_001558,194524.00,2025-07-05,INV/2025/98377,Vendor 1558 Pvt Ltd,27AAAAA6907A1ZA
G_001559,27629.00,2025-10-27,INV/2025/51338,Vendor 1559 Pvt Ltd,27AAAAA5521A1ZI
G_001560,5479.00,2025-10-28,INV/2025/86767,Vendor 1560 Pvt Ltd,27AAAAA8303A1ZG
G_001561,71741.00,2025-11-13,INV/2025/45944,Vendor 1561 Pvt Ltd,27AAAAA2226A1ZM
G_001562,70034.00,2025-03-20,INV/2025/6742,Vendor 1562 Pvt Ltd,27AAAAA4309A1ZI
G_001563,99630.00,2025-10-14,,Vendor 1563 Pvt Ltd,27AAAAA5137A1ZE
G_001564,57263.00,2025-02-04,INV/2025/64284,Vendor 1564 Pvt Ltd,27AAAAA2923A1ZI
G_001565,2967.00,2025-03-27,INV/2025/79532,Vendor 1565 Pvt Ltd,27AAAAA9255A1Z3
G_001566,12112.00,2025-10-17,INV/2025/8968,Vendor 1566 Pvt Ltd,27AAAAA5745A1Z8
G_001567,64984.00,2025-12-17,,Vendor 1567 Pvt Ltd,27AAAAA7512A1ZF
G_001568,57476.00,2025-09-18,INV/2025/51351,Vendor,27AAAAA3711A1ZM
G_001569,27222.00,2025-04-05,INV/2025/1471,Vendor 1569 Pvt Ltd,27AAAAA5448A1Z8
G_001570,134626.00,2025-08-22,INV/2025/67036,Vendor 1570 Pvt Ltd,27AAAAA1145A1ZM
G_001571,38944.00,2025-12-29,INV/2025/36194,Vendor 1571 PVT LTD,27AAAAA4609A1ZF
G_001572,31323.00,2025-05-30,INV/2025/6123,Vendor 1572 Pvt Ltd Inc,27AAAAA9741A1Z4
G_001573,6852.00,2025-11-25,,Vendor 1573 Pvt Ltd,27AAAAA5430A1ZI
G_001574,283.00,2025-11-29,INV/2025/46542,Vendor 1574 Pvt Ltd Inc,27AAAAA2903A1ZM
G_001575,34708.00,2025-03-10,,Vendor 1575 Pvt Ltd,27AAAAA9999A1ZK
G_001576,82145.00,2025-01-06,INV/2025/47593,Vendor 1576 Pvt Ltd,27AAAAA1938A1ZD
G_001577,33652.00,2025-01-09,INV/2025/71436,None,27AAAAA3895A1Z1
G_001578,94812.00,2025-12-19,,Vendor 1578 Pvt Ltd,27AAAAA2743A1ZG
G_001579,58058.00,2025-04-23,INV/2025/43501,Vendor 1579 Pvt Ltd,27AAAAA4377A1Z6
G_001580,20501.00,2025-08-17,INV/2025/31372,Vendor 1580 Pvt Ltd,27AAAAA7479A1ZX
G_001581,12380.00,2025-09-11,INV/2025/24791,Vendor 1581 Pvt Ltd,27AAAAA8848A1ZY
G_001582,24854.00,2025-10-19,,Vendor 1582 Pvt Ltd,27AAAAA3885A1Z3
G_001583,2858.00,2025-06-08,,Vendor 1583 Pvt Ltd,27AAAAA5621A1ZH
G_001584,9203.00,2025-03-15,INV/2025/10443,Vendor 1584 Pvt Ltd,27AAAAA4077A1Z9
G_001585,26474.00,2025-09-27,INV/2025/18995,Vendor 1585 Pvt Ltd,27AAAAA7594A1ZX
G_001586,50430.00,2025-01-11,INV/2025/15422,Vendor 1586 Pvt Ltd,
G_001587,17424.00,2025-05-08,INV/2025/11957,Vendor 1587 Pvt Ltd,27AAAAA1716A1ZL
G_001588,1332.00,2025-02-24,INV/2025/72089,Vendor 1588 Pvt Ltd,27AAAAA1221A1ZT
G_001589,18349.00,2025-09-03,,Vendor 1589 Pvt Ltd,27AAAAA4314A1ZL
G_001590,43583.00,2025-09-03,INV/2025/21252,Vendor 1590 Pvt Ltd,27AAAAA6036A1ZE
G_001591,82345.00,2025-10-06,INV/2025/17131,Vendor 1591 Pvt Ltd,27AAAAA5382A1Z7
G_001592,38994.00,2025-02-22,,Vendor 1592 Pvt Ltd,27AAAAA9923A1Z4
G_001593,29501.00,2025-01-13,INV/2025/30710,Vendor 1593 Pvt Ltd,27AAAAA1019A1ZP
G_001594,29707.00,2025-12-17,INV/2025/51429,vendor 1594 pvt ltd,27AAAAA5699A1ZV
G_001595,64563.00,2025-03-28,INV/2025/15435,Vendor 1595 Pvt Ltd,27AAAAA2841A1ZH
G_001596,46933.00,2025-02-09,INV/2025/81700,Vendor 1596 Pvt Ltd,27AAAAA5617A1ZD
G_001597,5781.00,2025-11-06,INV/2025/20805,Vendor 1597 Pvt Ltd,27AAAAA2389A1Z6
G_001598,89154.00,2025-08-06,,Vendor 1598 Pvt Ltd,27AAAAA3971A1Z8
G_001599,45763.00,2025-02-23,,Vendor 1599 Pvt Ltd,27AAAAA5702A1ZJ
G_001600,93332.00,2025-02-09,,Vendor 1600 Pvt Ltd,27AAAAA5348A1Z9
G_001601,42076.00,2025-03-17,INV/2025/52196,Vendor 1601 Pvt Ltd,27AAAAA3401A1ZR
G_001602,8922.00,2025-02-27,INV/2025/76739,Vendor 1602 Pvt Ltd,27AAAAA8838A1Z0
G_001603,11955.00,2025-06-15,INV/2025/17716,Vendor 1603 Pvt Ltd,27AAAAA3370A1ZF
G_001604,64876.00,2025-08-06,INV/2025/64083,Vendor,27AAAAA6231A1ZH
G_001605,18216.00,2025-12-01,INV/2025/33231,Vendor 1605 Pvt Ltd,27AAAAA6463A1Z7
G_001606,70062.00,2025-09-10,INV/2025/70792,Vendor 1606 PVT LTD,27AAAAA9826A1Z2
G_001607,69167.00,2025-10-23,INV/2025/91898,Vendor 1607 Pvt Ltd,27AAAAA2429A1ZH
G_001608,26744.00,2025-01-09,INV/2025/48500,Vendor 1608 PVT LTD,27AAAAA1046A1ZM
G_001609,45889.00,2025-07-04,INV/2025/19264,Vendor 1609 Pvt Ltd,27AAAAA1976A1Z7
G_001610,31884.00,2025-04-18,INV/2025/30437,Vendor 1610 Pvt Ltd,27AAAAA7898A1ZQ
G_001611,49574.00,2025-01-14,,Vendor 1611 Pvt Ltd,27AAAAA3344A1ZH
G_001612,86967.00,2025-10-25,INV/2025/10669,Vendor 1612 Pvt Ltd,27AAAAA2736A1ZF
G_001613,4056.00,2025-03-17,INV/2025/48873,Vendor 1613 Pvt Ltd,27AAAAA3591A1Z8
G_001614,74704.00,2025-08-02,INV/2025/20623,Vendor 1614 Pvt Ltd,27AAAAA1204A1ZU
G_001615,91662.00,2025-06-03,INV/2025/62628,Vendor 1615 Pvt Ltd,27AAAAA9641A1Z5
G_001616,37687.00,2025-02-26,INV/2025/21432,Vendor 1616 Pvt Ltd,27AAAAA1216A1ZQ
G_001617,66067.00,2025-03-24,INV/2025/2424,Vendor 1617 Pvt Ltd,27AAAAA3843A1ZD
G_001618,72734.00,2025-12-31,,Vendor 1618 Pvt Ltd,27AAAAA8443A1Z7
G_001619,55631.00,2025-03-22,,Vendor 1619 Pvt Ltd,27AAAAA4724A1ZF
G_001620,97504.00,2025-04-19,INV/2025/53481,Vendor 1620 PVT LTD,27AAAAA3050A1ZM
G_001621,90857.00,2025-08-28,INV/2025/63575,Vendor 1621 Pvt Ltd,27AAAAA2264A1ZG
G_001622,21703.00,2025-01-28,INV/2025/49690,Vendor 1622 PVT LTD,27AAAAA7233A1ZD
G_001623,10299.00,2025-07-05,INV/2025/80061,Vendor 1623 Pvt Ltd,27AAAAA2710A1ZP
G_001624,71084.00,2025-02-24,INV/2025/9561,Vendor 1624 Pvt Ltd,27AAAAA3666A1Z8
G_001625,24707.00,2025-10-10,INV/2025/27440,Vendor 1625 Private Limited,27AAAAA6064A1ZA
G_001626,74827.00,2025-10-17,INV/2025/6881,None,27AAAAA2393A1ZA
G_001627,41332.00,2025-02-17,INV/2025/41449,Vendor 1627 Pvt Ltd,27AAAAA1787A1Z6
G_001628,52284.00,2025-09-14,INV/2025/26543,Vendor 1628 Pvt Ltd,27AAAAA5626A1ZC
G_001629,17076.00,2025-12-26,INV/2025/89432,Vendor 1629 Pvt Ltd,27AAAAA6830A1ZC
G_001630,13338.00,2025-09-15,INV/2025/20685,Vendor 1630 Pvt Ltd,27AAAAA9250A1Z8
G_001631,76955.00,2025-01-20,INV/2025/39026,Vendor 1631 Pvt Ltd,27AAAAA8814A1Z8
G_001632,82144.00,2025-02-17,INV/2025/95170,Vendor 1632 Pvt Ltd,27AAAAA2290A1ZE
G_001633,94282.00,2025-03-24,INV/2025/66748,vendor 1633 pvt ltd,27AAAAA3307A1ZM
G_001634,44849.00,2025-08-18,INV/2025/18196,Vendor 1634 Pvt Ltd,27AAAAA9573A1ZY
G_001635,5344.00,2025-12-31,INV/2025/90505,Vendor 1635 Pvt Ltd,27AAAAA8059A1Z3
G_001636,20075.00,2025-10-18,,Vendor 1636 Pvt Ltd,27AAAAA2228A1ZK
G_001637,18793.00,2025-06-08,,Vendor 1637 Pvt Ltd,27AAAAA1244A1ZM
G_001638,65493.00,2025-02-18,INV/2025/60612,Vendor 1638 Pvt Ltd,27AAAAA2428A1ZI
G_001639,9034.00,2025-05-24,INV/2025/76564,Vendor 1639 Pvt Ltd,27AAAAA3645A1ZD
G_001640,93246.00,2025-08-24,,Vendor 1640 Pvt Ltd,27AAAAA3935A1ZC
G_001641,85335.00,2025-03-13,,Vendor 1641 Pvt Ltd,27AAAAA8242A1ZA
G_001642,37668.00,2025-07-25,,Vendor 1642 Pvt Ltd,27AAAAA6955A1Z2
G_001643,57880.00,2025-07-07,INV/2025/68171,Vendor 1643 Pvt Ltd,
G_001644,66414.00,2025-08-19,,Vendor 1644 Pvt Ltd,27AAAAA7769A1ZW
G_001645,81446.00,2025-11-26,INV/2025/8478,Vendor 1645 Pvt Ltd,27AAAAA1699A1Z3
G_001646,20358.00,2025-02-23,INV/2025/39097,Vendor 1646 Pvt Ltd,27AAAAA1130A1ZT
G_001647,29335.00,2025-07-18,INV/2025/61591,Vendor 1647 Pvt Ltd Inc,27AAAAA2195A1ZA
G_001648,61029.00,2025-02-25,INV/2025/12248,Vendor 1648 Pvt Ltd,27AAAAA9767A1ZU
G_001649,56869.00,2025-04-13,INV/2025/53628,Vendor 1649 Pvt Ltd,27AAAAA7503A1ZG
G_001650,27970.00,2025-12-26,INV/2025/98161,Vendor 1650 Pvt Ltd,27AAAAA8967A1ZU
G_001651,71544.00,2025-03-21,INV/2025/62599,Vendor 1651 Pvt Ltd,27AAAAA1627A1ZJ
G_001652,78884.00,2025-07-14,,Vendor 1652 Pvt Ltd,27AAAAA1513A1ZQ
G_001653,62150.00,2025-04-20,INV/2025/8088,Vendor 1653 Pvt Ltd,27AAAAA8046A1Z8
G_001654,35469.00,2025-05-10,INV/2025/84320,Vendor 1654 Pvt Ltd,27AAAAA7929A1Z2
G_001655,53193.00,2025-02-11,,Vendor 1655 Pvt Ltd,27AAAAA5487A1Z1
G_001656,68883.00,2025-04-20,,Vendor 1656 Pvt Ltd,27AAAAA7876A1ZW
G_001657,12216.00,2025-08-08,,Vendor 1657 Pvt Ltd,27AAAAA1880A1ZC
G_001658,45880.00,2025-08-03,INV/2025/64127,Vendor 1658 Pvt Ltd,27AAAAA4253A1ZF
G_001659,91416.00,2025-08-12,,Vendor 1659 Pvt Ltd,27AAAAA3632A1ZI
G_001660,73619.00,2025-11-02,INV/2025/27025,Vendor 1660 Pvt Ltd,27AAAAA1162A1ZL
G_001661,85064.00,2025-12-07,INV/2025/97253,Vendor 1661 Pvt Ltd,27AAAAA3369A1Z8
G_001662,60217.00,2025-03-17,,Vendor 1662 Pvt Ltd,27AAAAA3465A1ZB
G_001663,34546.00,2025-09-24,INV/2025/95671,Vendor 1663 Pvt Ltd,27AAAAA7658A1Z0
G_001664,83238.00,2025-08-19,,Vendor 1664 Pvt Ltd,27AAAAA3059A1ZD
G_001665,97841.00,2025-04-07,INV/2025/56073,None,27AAAAA4581A1Z8
G_001666,28429.00,2025-06-28,,Vendor 1666 Pvt Ltd,27AAAAA7185A1Z2
G_001667,48630.00,2025-07-06,INV/2025/3122,Vendor 1667 Pvt Ltd,27AAAAA1235A1ZN
G_001668,91760.00,2025-09-13,,Vendor 1668 Pvt Ltd,27AAAAA3043A1ZL
G_001669,46265.00,2025-10-05,INV/2025/56816,None,27AAAAA6762A1Z5
G_001670,60238.00,2025-08-08,INV/2025/49905,Vendor 1670 Pvt Ltd,27AAAAA3880A1Z8
G_001671,57231.00,2025-07-15,INV/2025/38359,Vendor 1671 Pvt Ltd,
G_001672,92124.00,2025-11-14,,Vendor 1672 Pvt Ltd,27AAAAA5640A1ZE
G_001673,11849.00,2025-11-29,INV/2025/3153,Vendor,27AAAAA2700A1ZR
G_001674,13168.00,2025-11-21,INV/2025/59209,None,27AAAAA9924A1Z3
G_001675,110468.00,2025-04-19,INV/2025/30213,Vendor 1675 Pvt Ltd,27AAAAA5749A1Z4
G_001676,16410.00,2025-06-29,INV/2025/61810,Vendor 1676 Pvt Ltd,27AAAAA8693A1ZV
G_001677,1096.00,2025-07-11,INV/2025/30351,Vendor 1677 Pvt Ltd Inc,27AAAAA7484A1Z0
G_001678,40391.00,2025-08-01,INV/2025/89250,Vendor 1678 Pvt Ltd,27AAAAA5333A1ZG
G_001679,4382.00,2025-01-08,INV/2025/4440,Vendor 1679 Pvt Ltd,27AAAAA7792A1ZX
G_001680,97256.00,2025-11-04,INV/2025/42611,Vendor 1680 Pvt Ltd,27AAAAA9502A1ZD
G_001681,31797.00,2025-10-12,INV/2025/52296,Vendor 1681 Pvt Ltd,27AAAAA8045A1Z9
G_001682,75840.00,2025-08-08,,Vendor 1682 Pvt Ltd,27AAAAA1845A1ZF
G_001683,52937.00,2025-06-12,INV/2025/68800,Vendor 1683 Pvt Ltd,27AAAAA3846A1ZA
G_001684,66193.00,2025-03-02,INV/2025/83764,Vendor,27AAAAA3069A1ZB
G_001685,72570.00,2025-03-23,INV/2025/43258,Vendor 1685 Pvt Ltd,27AAAAA5263A1ZB
G_001686,1612.00,2025-11-18,INV/2025/78763,Vendor 1686 Pvt Ltd,27AAAAA8166A1Z3
G_001687,10424.00,2025-10-20,INV/2025/51122,Vendor 1687 Pvt Ltd,27AAAAA9907A1Z4
G_001688,83260.00,2025-11-20,INV/2025/47939,Vendor 1688 Pvt Ltd,27AAAAA8433A1Z9
G_001689,39018.00,2025-04-10,INV/2025/71178,Vendor 1689 Pvt Ltd,
G_001690,34241.00,2025-12-04,INV/2025/7782,Vendor 1690 Pvt Ltd,27AAAAA7194A1Z1
G_001691,83774.00,2025-10-24,INV/2025/14555,Vendor 1691 Pvt Ltd,27AAAAA1379A1ZA
G_001692,14134.00,2025-03-14,INV/2025/38022,Vendor 1692 Pvt Ltd,27AAAAA3010A1ZU
G_001693,64881.00,2025-07-05,INV/2025/28259,Vendor 1693 Pvt Ltd,27AAAAA2267A1ZD
G_001694,54330.00,2025-02-07,,Vendor 1694 Pvt Ltd,27AAAAA1359A1ZE
G_001695,49285.00,2025-06-10,,Vendor 1695 Pvt Ltd,27AAAAA7879A1ZT
G_001696,39258.00,2025-01-06,INV/2025/24419,vendor 1696 pvt ltd,27AAAAA3945A1ZA
G_001697,15462.00,2025-06-25,INV/2025/46453,Vendor 1697 Pvt Ltd,27AAAAA1515A1ZO
G_001698,1514.00,2025-03-23,INV/2025/69386,Vendor 1698 Pvt Ltd,27AAAAA9953A1ZY
G_001699,70348.00,2025-01-12,INV/2025/68894,Vendor 1699 PVT LTD,27AAAAA1484A1ZC
G_001700,15145.00,2025-04-22,INV/2025/4866,Vendor 1700 Pvt Ltd,27AAAAA6978A1ZV
G_001701,35173.00,2025-05-21,INV/2025/64120,Vendor 1701 Pvt Ltd,27AAAAA3073A1ZF
G_001702,61316.00,2025-09-11,INV/2025/58155,Vendor,27AAAAA5822A1ZE
G_001703,22770.00,2025-04-12,INV/2025/91053,Vendor 1703 Pvt Ltd,
G_001704,76599.00,2025-10-28,INV/2025/41840,Vendor 1704 Pvt Ltd,27AAAAA2685A1Z7
G_001705,56915.00,2025-08-17,INV/2025/56540,Vendor 1705 Pvt Ltd Inc,27AAAAA8992A1ZT
G_001706,79699.00,2025-07-16,INV/2025/57270,Vendor 1706 Pvt Ltd,27AAAAA2762A1ZD
G_001707,59004.00,2025-03-27,,Vendor 1707 Pvt Ltd,27AAAAA2052A1ZM
G_001708,38566.00,2025-11-06,,Vendor 1708 Pvt Ltd,27AAAAA7714A1ZB
G_001709,4024.00,2025-02-28,INV/2025/24580,Vendor 1709 Pvt Ltd,27AAAAA4046A1ZG
G_001710,28304.00,2025-12-03,INV/2025/49714,Vendor 1710 Pvt Ltd,27AAAAA2190A1ZF
G_001711,1362.00,2025-06-13,INV/2025/91215,Vendor 1711 Pvt Ltd,27AAAAA3003A1ZT
G_001712,74479.00,2025-06-14,INV/2025/31493,Vendor,27AAAAA8624A1Z8
G_001713,69209.00,2025-04-22,INV/2025/14489,vendor 1713 pvt ltd,27AAAAA4476A1Z6
G_001714,75328.00,2025-11-27,INV/2025/56279,Vendor,27AAAAA2225A1ZN
G_001715,26071.00,2025-04-11,INV/2025/7509,Vendor 1715 Pvt Ltd,27AAAAA5496A1Z0
G_001716,59447.00,2025-03-29,INV/2025/79830,Vendor 1716 Pvt Ltd,27AAAAA3033A1ZN
G_001717,74920.00,2025-01-10,INV/2025/85366,Vendor 1717 Pvt Ltd,27AAAAA1348A1ZH
G_001718,17278.00,2025-07-26,,Vendor 236 Pvt Ltd,27AAAAA2290A1ZE
G_001719,44322.00,2025-11-27,INV/2025/3132,Vendor 1719 Pvt Ltd,27AAAAA1640A1ZM
G_001720,94898.00,2025-06-04,INV/2025/37002,Vendor 1720 Pvt Ltd,27AAAAA7800A1ZG
G_001721,73035.00,2025-06-10,INV/2025/65725,Vendor,27AAAAA2306A1ZP
G_001722,64762.00,2025-11-25,INV/2025/16913,Vendor 1722 Pvt Ltd,
G_001723,6369.00,2025-01-06,INV/2025/19184,Vendor 1723 Pvt Ltd,27AAAAA4670A1ZA
G_001724,29767.00,2025-03-29,INV/2025/12536,Vendor 1724 Pvt Ltd,27AAAAA8138A1Z7
G_001725,70558.00,2025-01-03,,Vendor 1725 Pvt Ltd,27AAAAA7043A1ZD
G_001726,14623.00,2025-01-25,INV/2025/40883,Vendor 1726 Pvt Ltd,27AAAAA1705A1ZO
G_001727,35477.00,2025-12-24,,Vendor 1727 Pvt Ltd,27AAAAA7218A1ZC
G_001728,33304.00,2025-06-13,INV/2025/20398,Vendor 1728 Pvt Ltd,27AAAAA2964A1Z9
G_001729,83580.00,2025-08-17,INV/2025/88586,Vendor 1729 Pvt Ltd,27AAAAA7771A1Z2
G_001730,86773.00,2025-09-08,INV/2025/37771,Vendor 1730 Pvt Ltd,27AAAAA8830A1Z8
G_001731,12133.00,2025-05-16,INV/2025/39828,Vendor 1731 Pvt Ltd,27AAAAA4700A1ZN
G_001732,86539.00,2025-11-28,,Vendor 1732 Pvt Ltd,27AAAAA4971A1Z6
G_001733,64928.00,2025-01-31,INV/2025/28849,Vendor 1733 Pvt Ltd,27AAAAA2231A1ZP
G_001734,24730.00,2025-09-07,INV/2025/14701,Vendor 1734 Pvt Ltd,27AAAAA7308A1ZD
G_001735,134922.00,2025-06-10,INV/2025/41871,Vendor 1735 Pvt Ltd,27AAAAA9644A1Z2
G_001736,17147.00,2025-04-23,INV/2025/48663,Vendor 1736 Pvt Ltd,27AAAAA2731A1ZK
G_001737,26710.00,2025-07-24,INV/2025/25635,Vendor 1737 Pvt Ltd,27AAAAA9412A1ZC
G_001738,75760.00,2025-11-28,INV/2025/14377,Vendor 1738 Pvt Ltd,27AAAAA6032A1ZI
G_001739,31631.00,2025-01-09,INV/2025/61404,Vendor 1739 Pvt Ltd,27AAAAA2805A1ZL
G_001740,59428.00,2025-06-30,INV/2025/35809,Vendor 1740 Pvt Ltd,27AAAAA9698A1ZO
G_001741,56654.00,2025-04-19,INV/2025/20742,Vendor 1741 Pvt Ltd,27AAAAA6806A1ZC
G_001742,7067.00,2025-08-14,INV/2025/36728,Vendor 1742 Pvt Ltd,27AAAAA6467A1Z3
G_001743,96044.00,2025-08-05,INV/2025/26419,Vendor 1743 Pvt Ltd,27AAAAA7267A1Z3
G_001744,69510.00,2025-11-08,INV/2025/65699,Vendor 1744 Private Limited,27AAAAA5520A1ZJ
G_001745,14659.00,2025-04-23,INV/2025/16097,Vendor 1745 Pvt Ltd,27AAAAA5078A1Z6
G_001746,31395.00,2025-02-03,INV/2025/70747,Vendor 1746 Pvt Ltd,27AAAAA5361A1ZC
G_001747,51468.00,2025-07-21,INV/2025/14278,Vendor 1747 Pvt Ltd,27AAAAA7628A1Z6
G_001748,65004.00,2025-04-16,INV/2025/23417,Vendor 1748 Pvt Ltd,27AAAAA5395A1Z2
G_001749,96291.00,2025-01-02,INV/2025/13352,Vendor 1749 Pvt Ltd,27AAAAA5718A1ZB
G_001750,96974.00,2025-06-06,INV/2025/91169,Vendor 1750 Pvt Ltd,27AAAAA8811A1ZB
G_001751,21942.00,2025-04-06,,Vendor 1751 Pvt Ltd,27AAAAA2137A1ZK
G_001752,87398.00,2025-08-31,INV/2025/57088,Vendor 1752 Pvt Ltd,27AAAAA1208A1ZQ
G_001753,10190.00,2025-03-29,INV/2025/90024,Vendor 1753 Pvt Ltd,27AAAAA5322A1ZJ
G_001754,76535.00,2025-01-01,,Vendor 1754 Pvt Ltd,27AAAAA8763A1Z0
G_001755,2379.00,2025-10-18,,Vendor 1755 Pvt Ltd,27AAAAA1740A1ZL
G_001756,66048.00,2025-03-27,INV/2025/99958,Vendor 1756 Pvt Ltd,27AAAAA9606A1Z8
G_001757,96593.00,2025-06-21,INV/2025/60325,Vendor 1757 Pvt Ltd,27AAAAA5990A1Z1
G_001758,33830.00,2025-12-06,INV/2025/64765,Vendor 1758 Pvt Ltd,27AAAAA9940A1Z3
G_001759,39570.00,2025-12-30,,Vendor 1759 Pvt Ltd,27AAAAA6777A1ZY
G_001760,14879.00,2025-05-19,INV/2025/90887,vendor 1760 pvt ltd,27AAAAA8935A1Z2
G_001761,28969.00,2025-12-04,INV/2025/19564,Vendor 1761 Pvt Ltd,27AAAAA7722A1ZB
G_001762,47209.00,2025-04-16,INV/2025/98565,Vendor 1762 Pvt Ltd,27AAAAA8056A1Z6
G_001763,83820.00,2025-02-25,,Vendor 1763 Pvt Ltd,27AAAAA7189A1ZY
G_001764,69162.00,2025-03-31,,Vendor 1764 Pvt Ltd,27AAAAA8360A1Z7
G_001765,51352.00,2025-10-29,,Vendor 1765 Pvt Ltd,27AAAAA6426A1ZC
G_001766,10974.00,2025-10-24,INV/2025/69167,Vendor 1766 Pvt Ltd,27AAAAA4122A1ZN
G_001767,74373.00,2025-06-27,INV/2025/38802,Vendor 1767 Pvt Ltd,27AAAAA8455A1Z3
G_001768,61221.00,2025-12-15,INV/2025/20690,Vendor 1768 Pvt Ltd Inc,27AAAAA3410A1ZQ
G_001769,39899.00,2025-09-07,INV/2025/38782,Vendor 1769 Pvt Ltd,27AAAAA3664A1ZA
G_001770,5467.00,2025-04-22,INV/2025/38095,Vendor 1770 Pvt Ltd,27AAAAA9001A1ZJ
G_001771,46270.00,2025-12-05,INV/2025/1084,Vendor 1771 Pvt Ltd,27AAAAA8050A1ZC
G_001772,65897.00,2025-12-07,INV/2025/74498,Vendor 1772 Pvt Ltd,27AAAAA5641A1ZD
G_001773,18796.00,2025-04-11,INV/2025/57629,Vendor 1773 Private Limited,27AAAAA5434A1ZE
G_001774,62120.00,2025-07-01,INV/2025/33601,Vendor 1774 Pvt Ltd,
G_001775,34343.00,2025-06-04,INV/2025/79255,Vendor 1775 Pvt Ltd,27AAAAA2607A1ZL
G_001776,75882.00,2025-03-13,INV/2025/90564,Vendor 1776 Pvt Ltd,27AAAAA6283A1Z5
G_001777,39560.00,2025-06-06,INV/2025/12219,Vendor 1777 Pvt Ltd,27AAAAA4268A1Z8
G_001778,143286.00,2025-04-04,INV/2025/50278,Vendor 1778 Pvt Ltd,27AAAAA8555A1Z2
G_001779,58020.00,2025-12-22,INV/2025/42059,vendor 1779 pvt ltd,27AAAAA9627A1Z3
G_001780,46524.00,2025-08-07,INV/2025/62151,Vendor 1780 Pvt Ltd,27AAAAA8673A1ZZ
G_001781,73357.00,2025-01-14,INV/2025/56170,Vendor 1781 Pvt Ltd,27AAAAA1453A1ZJ
G_001782,31904.00,2025-10-25,INV/2025/68135,Vendor 1782 Pvt Ltd,27AAAAA5954A1Z5
G_001783,7117.00,2025-07-21,INV/2025/17506,Vendor 1783 Pvt Ltd,27AAAAA5806A1ZE
G_001784,60422.00,2025-01-28,INV/2025/12096,Vendor 1784 Pvt Ltd,27AAAAA9487A1ZT
G_001785,43810.00,2025-11-01,INV/2025/13766,Vendor 1785 Pvt Ltd,
G_001786,16017.00,2025-10-27,INV/2025/89396,vendor 1786 pvt ltd,27AAAAA1997A1Z2
G_001787,67768.00,2025-03-15,INV/2025/74668,Vendor 1787 Pvt Ltd,27AAAAA4359A1Z8
G_001788,79076.00,2025-11-18,INV/2025/41749,Vendor 1788 Pvt Ltd,27AAAAA3535A1ZG
G_001789,15135.00,2025-02-04,INV/2025/1004,Vendor 1789 Pvt Ltd,27AAAAA4288A1Z4
G_001790,12796.00,2025-05-07,INV/2025/27777,Vendor 1790 Pvt Ltd,27AAAAA9516A1Z7
G_001791,58271.00,2025-07-20,,Vendor 1791 Pvt Ltd,27AAAAA9287A1ZV
G_001792,24223.00,2025-05-01,INV/2025/72659,Vendor 1792 Pvt Ltd,27AAAAA8925A1Z4
G_001793,86366.00,2025-11-12,INV/2025/17147,Vendor 1793 Pvt Ltd,27AAAAA8194A1ZZ
G_001794,18671.00,2025-12-03,INV/2025/32546,Vendor 1794 Pvt Ltd,27AAAAA4027A1ZJ
G_001795,26360.00,2025-09-01,INV/2025/63975,Vendor 1795 Pvt Ltd,27AAAAA9956A1ZV
G_001796,48247.00,2025-12-08,INV/2025/37068,Vendor 1796 Pvt Ltd,27AAAAA9076A1Z0
G_001797,60912.00,2025-08-02,INV/2025/56683,Vendor 1797 Pvt Ltd,27AAAAA2758A1Z9
G_001798,74052.00,2025-07-19,INV/2025/2444,Vendor 1798 Private Limited,27AAAAA2968A1Z5
G_001799,5687.00,2025-07-01,INV/2025/19258,Vendor 1799 Pvt Ltd,27AAAAA8282A1Z2
G_001800,1295.00,2025-03-23,INV/2025/47890,None,27AAAAA5536A1ZB
G_001801,92666.00,2025-09-26,INV/2025/52199,Vendor 1801 PVT LTD,27AAAAA6715A1ZC
G_001802,86074.00,2025-10-16,INV/2025/45471,Vendor 1802 Pvt Ltd,27AAAAA6764A1Z3
G_001803,36582.00,2025-12-04,,Vendor 1803 Pvt Ltd,27AAAAA3294A1Z8
G_001804,49451.00,2025-08-30,INV/2025/80408,VENDOR 1804 PVT LTD,27AAAAA8925A1Z4
G_001805,86464.00,2025-09-27,INV/2025/34977,Vendor 1805 Pvt Ltd,27AAAAA9306A1ZB
G_001806,76710.00,2025-11-13,INV/2025/53923,Vendor 1806 Pvt Ltd,27AAAAA6703A1ZG
G_001807,30469.00,2025-02-19,INV/2025/88197,Vendor 1807 Pvt Ltd,27AAAAA3607A1ZJ
G_001808,42523.00,2025-04-29,INV/2025/97029,Vendor 1808 Pvt Ltd,27AAAAA8805A1Z9
G_001809,99166.00,2025-08-04,INV/2025/9437,Vendor 1809 Pvt Ltd,27AAAAA7292A1Z2
G_001810,196790.00,2025-02-07,INV/2025/58872,Vendor 1810 Pvt Ltd,27AAAAA1613A1ZP
G_001811,42194.00,2025-02-25,INV/2025/92583,Vendor 1811 Pvt Ltd,27AAAAA3851A1ZD
G_001812,25753.00,2025-05-10,INV/2025/65369,Vendor 1812 Pvt Ltd,27AAAAA4272A1ZC
G_001813,97375.00,2025-03-24,INV/2025/57893,Vendor 1813 Pvt Ltd,
G_001814,82559.00,2025-12-09,INV/2025/13609,Vendor 1814 Pvt Ltd,27AAAAA1397A1Z8
G_001815,47228.00,2025-07-28,INV/2025/75487,Vendor 1815 Private Limited,27AAAAA1085A1ZF
G_001816,65134.00,2025-04-08,INV/2025/28194,Vendor,27AAAAA9653A1Z1
G_001817,81165.00,2025-10-14,INV/2025/19071,Vendor 1817 Pvt Ltd,27AAAAA7162A1Z9
G_001818,16771.00,2025-09-22,INV/2025/40089,Vendor 1818 Pvt Ltd,27AAAAA2280A1ZG
G_001819,78938.00,2025-10-04,INV/2025/44374,Vendor 1819 Pvt Ltd,27AAAAA1843A1ZH
G_001820,33049.00,2025-07-19,INV/2025/93179,Vendor 1820 Pvt Ltd,27AAAAA5749A1Z4
G_001821,37857.00,2025-02-08,INV/2025/71047,None,27AAAAA3586A1Z5
G_001822,41025.00,2025-07-24,INV/2025/82087,Vendor 1822 Pvt Ltd,27AAAAA9192A1ZZ
G_001823,76485.00,2025-08-30,INV/2025/35478,Vendor 1823 Private Limited,27AAAAA2816A1ZI
G_001824,26381.00,2025-06-21,INV/2025/8784,Vendor 1824 Pvt Ltd,27AAAAA5274A1Z8
G_001825,99366.00,2025-12-06,INV/2025/9169,Vendor 1825 Pvt Ltd,27AAAAA6400A1ZM
G_001826,45430.00,2025-02-06,INV/2025/55557,VENDOR 1826 PVT LTD,27AAAAA1579A1Z8
G_001827,17069.00,2025-05-19,INV/2025/95808,Vendor 1827 Pvt Ltd,27AAAAA8844A1Z2
G_001828,29623.00,2025-11-29,INV/2025/46908,Vendor 1828 Pvt Ltd,27AAAAA9316A1Z9
G_001829,5820.00,2025-01-29,INV/2025/4454,Vendor 1829 Pvt Ltd,27AAAAA4731A1ZG
G_001830,89483.00,2025-12-17,INV/2025/97721,Vendor 1830 Pvt Ltd,27AAAAA7215A1ZF
G_001831,49544.00,2025-12-23,INV/2025/17415,Vendor 1831 Pvt Ltd,27AAAAA7342A1ZB
G_001832,15249.00,2025-08-13,,Vendor 1832 Pvt Ltd,27AAAAA3257A1ZD
G_001833,46209.00,2025-04-10,INV/2025/45974,Vendor 1833 Pvt Ltd,27AAAAA7024A1ZG
G_001834,12157.00,2025-10-29,INV/2025/2317,Vendor 1834 Pvt Ltd,27AAAAA4801A1ZL
G_001835,74555.00,2025-01-24,,Vendor 1835 Pvt Ltd,27AAAAA9785A1ZS
G_001836,10141.00,2025-01-30,INV/2025/17608,Vendor 1836 Pvt Ltd,27AAAAA1931A1ZK
G_001837,45931.00,2025-11-05,,Vendor 1837 Pvt Ltd,27AAAAA6146A1ZB
G_001838,79545.00,2025-07-23,INV/2025/63744,vendor 1838 pvt ltd,27AAAAA3125A1ZM
G_001839,142712.00,2025-04-16,INV/2025/65871,Vendor 1839 Pvt Ltd,27AAAAA5099A1Z1
G_001840,58235.00,2026-01-01,,Vendor 1840 Pvt Ltd,27AAAAA4609A1ZF
G_001841,85774.00,2025-05-06,,Vendor 1841 Pvt Ltd,27AAAAA5795A1ZY
G_001842,66087.00,2025-02-23,INV/2025/8077,Vendor 1842 Pvt Ltd,27AAAAA9870A1ZY
G_001843,36771.00,2025-02-10,,Vendor 1843 Pvt Ltd,27AAAAA8966A1ZV
G_001844,30316.00,2025-06-06,INV/2025/98243,Vendor 1844 Private Limited,27AAAAA9535A1Z4
G_001845,4801.00,2025-05-01,INV/2025/92533,Vendor 1845 Pvt Ltd,27AAAAA3325A1ZK
G_001846,2890.00,2025-09-13,INV/2025/5424,Vendor 1846 Pvt Ltd,27AAAAA2871A1ZB
G_001847,11174.00,2025-01-31,,Vendor 1847 Pvt Ltd,27AAAAA5921A1ZE
G_001848,50246.00,2025-07-16,INV/2025/59198,Vendor 1848 Pvt Ltd,27AAAAA1308A1ZP
G_001849,86597.00,2025-08-09,INV/2025/70794,Vendor 1849 Pvt Ltd,27AAAAA4021A1ZP
G_001850,45688.00,2025-01-14,INV/2025/80788,Vendor 1850 Pvt Ltd,27AAAAA9872A1ZW
G_001851,98839.00,2025-10-30,INV/2025/29382,Vendor 1851 Pvt Ltd,27AAAAA5301A1ZO
G_001852,56139.00,2025-01-30,INV/2025/15314,vendor 1852 pvt ltd,27AAAAA8111A1ZI
G_001853,70192.00,2025-08-26,INV/2025/56552,VENDOR 1853 PVT LTD,27AAAAA5709A1ZC
G_001854,42810.00,2025-07-15,INV/2025/62254,Vendor 1854 Pvt Ltd,27AAAAA5261A1ZD
G_001855,36891.00,2025-12-16,INV/2025/36965,Vendor 1855 Pvt Ltd,27AAAAA1248A1ZI
G_001856,38874.00,2025-06-22,INV/2025/75852,Vendor 1856 Pvt Ltd,27AAAAA9893A1ZR
G_001857,70650.00,2025-12-04,INV/2025/33835,Vendor 1857 Pvt Ltd,27AAAAA6926A1Z7
G_001858,40325.00,2025-10-19,INV/2025/87609,Vendor 1858 Pvt Ltd,27AAAAA3036A1ZK
G_001859,58270.00,2025-08-25,INV/2025/3263,Vendor 1859 Pvt Ltd,27AAAAA3929A1ZA
G_001860,63041.00,2025-11-23,INV/2025/73955,Vendor 1860 Pvt Ltd,27AAAAA6877A1ZX
G_001861,36334.00,2025-11-09,INV/2025/73279,Vendor 1861 Pvt Ltd,27AAAAA2303A1ZS
G_001862,33917.00,2025-05-22,,Vendor 1862 Pvt Ltd,27AAAAA3945A1ZA
G_001863,19354.00,2025-11-13,INV/2025/86980,Vendor 1863 Pvt Ltd,27AAAAA3858A1Z6
G_001864,24250.00,2025-12-17,,Vendor 1864 Pvt Ltd,27AAAAA1630A1ZO
G_001865,72636.00,2025-04-27,,Vendor 1865 Pvt Ltd,27AAAAA1687A1Z7
G_001866,2212.00,2025-12-14,INV/2025/47312,Vendor 1866 Private Limited,27AAAAA5217A1ZH
G_001867,14408.00,2025-02-09,INV/2025/67445,Vendor 1867 Pvt Ltd,27AAAAA6729A1Z6
G_001868,26844.00,2025-06-16,INV/2025/75758,Vendor 1868 Pvt Ltd,27AAAAA4882A1Z4
G_001869,9457.00,2025-11-25,,Vendor 1869 Pvt Ltd,27AAAAA7815A1Z9
G_001870,79656.00,2025-07-04,,Vendor 1870 Pvt Ltd,27AAAAA6350A1ZD
G_001871,61793.00,2025-05-31,INV/2025/82515,Vendor 1871 Pvt Ltd,27AAAAA7139A1Z8
G_001872,19769.00,2025-10-30,INV/2025/4346,Vendor 1872 Pvt Ltd,27AAAAA5765A1Z4
G_001873,134102.00,2025-09-18,INV/2025/77216,Vendor 1873 Pvt Ltd,27AAAAA6129A1ZC
G_001874,172444.00,2025-03-18,INV/2025/50950,Vendor 1874 Pvt Ltd,27AAAAA1534A1ZL
G_001875,74208.00,2025-09-15,INV/2025/76292,vendor 1875 pvt ltd,27AAAAA4679A1Z1
G_001876,69274.00,2025-01-27,INV/2025/80574,Vendor 1876 Pvt Ltd,27AAAAA2986A1Z3
G_001877,41641.00,2025-05-18,INV/2025/26562,Vendor 1877 Pvt Ltd,27AAAAA4998A1ZV
G_001878,30364.00,2025-08-22,INV/2025/42263,Vendor 1878 Pvt Ltd,27AAAAA6930A1ZB
G_001879,47532.00,2025-02-10,INV/2025/47135,Vendor 1879 Private Limited,27AAAAA7716A1Z9
G_001880,79428.00,2025-04-28,INV/2025/59847,Vendor 1880 Pvt Ltd,27AAAAA8932A1Z5
G_001881,70566.00,2025-05-06,INV/2025/54427,vendor 1881 pvt ltd,27AAAAA3052A1ZK
G_001882,37702.00,2025-06-24,INV/2025/42136,Vendor 1882 Pvt Ltd,27AAAAA5264A1ZA
G_001883,19550.00,2025-10-22,INV/2025/65775,None,27AAAAA9274A1Z0
G_001884,59615.00,2025-01-08,INV/2025/22859,Vendor 1884 Pvt Ltd,27AAAAA3947A1Z8
G_001885,97467.00,2025-02-21,,Vendor 1885 Pvt Ltd,27AAAAA8698A1ZQ
G_001886,90545.00,2025-03-27,INV/2025/10570,Vendor 1886 Pvt Ltd,27AAAAA1392A1ZD
G_001887,55459.00,2025-07-01,INV/2025/17705,Vendor 1887 Pvt Ltd,27AAAAA7358A1Z3
G_001888,15701.00,2025-06-22,INV/2025/45124,VENDOR 1888 PVT LTD,27AAAAA5806A1ZE
G_001889,9766.00,2025-07-01,,Vendor 1889 Pvt Ltd,27AAAAA1741A1ZK
G_001890,38017.00,2025-09-02,INV/2025/92765,Vendor 1890 Pvt Ltd,27AAAAA8138A1Z7
G_001891,11082.00,2025-03-19,INV/2025/2020,Vendor 1891 Pvt Ltd Inc,27AAAAA9345A1Z4
G_001892,49825.00,2025-06-14,INV/2025/58486,Vendor 1892 Pvt Ltd,27AAAAA8430A1ZC
G_001893,12800.00,2025-04-29,INV/2025/39974,Vendor 1893 Pvt Ltd,27AAAAA5576A1Z3
G_001894,68938.00,2025-10-24,INV/2025/67614,Vendor 1894 Pvt Ltd,27AAAAA6288A1Z0
G_001895,18869.00,2025-01-22,,Vendor 1895 Pvt Ltd,27AAAAA3923A1ZG
G_001896,68144.00,2025-05-23,,Vendor 1896 Pvt Ltd,27AAAAA8053A1Z9
G_001897,37428.00,2025-03-26,INV/2025/16538,Vendor 1897 Pvt Ltd,27AAAAA6690A1Z2
G_001898,22293.00,2025-05-28,,Vendor 1898 Pvt Ltd,27AAAAA4664A1Z8
G_001899,87450.00,2025-05-23,INV/2025/19481,Vendor 1899 Pvt Ltd,27AAAAA4795A1Z0
G_001900,99041.00,2025-03-28,INV/2025/4584,Vendor 1900 Private Limited,27AAAAA9334A1Z7
G_001901,70605.00,2025-04-10,INV/2025/1873,Vendor 1901 Pvt Ltd,27AAAAA9844A1Z0
G_001902,26726.00,2025-05-25,INV/2025/75863,Vendor 1902 Pvt Ltd,27AAAAA7054A1ZA
G_001903,119172.00,2025-06-01,INV/2025/15367,Vendor 1903 Pvt Ltd,27AAAAA3067A1ZD
G_001904,64751.00,2025-05-15,,Vendor 1904 Pvt Ltd,27AAAAA8082A1Z4
G_001905,92924.00,2025-02-10,INV/2025/98553,Vendor 1905 Pvt Ltd,27AAAAA2908A1ZH
G_001906,44053.00,2025-05-22,INV/2025/60436,VENDOR 1906 PVT LTD,27AAAAA9307A1ZA
G_001907,92742.00,2025-12-19,,Vendor 1907 Pvt Ltd,27AAAAA2213A1ZR
G_001908,92519.00,2025-09-24,INV/2025/42618,Vendor 1908 Pvt Ltd,27AAAAA2645A1ZF
G_001909,83264.00,2025-11-18,INV/2025/2044,Vendor 1909 Pvt Ltd,27AAAAA1583A1ZC
G_001910,88357.00,2025-04-11,INV/2025/35771,Vendor 1910 Pvt Ltd,27AAAAA4607A1ZH
G_001911,96249.00,2025-09-12,INV/2025/38040,Vendor 1911 Pvt Ltd,27AAAAA4065A1ZD
G_001912,67773.00,2025-04-20,INV/2025/1419,Vendor 1912 Pvt Ltd,27AAAAA2453A1ZH
G_001913,93159.00,2025-04-02,INV/2025/6087,Vendor 1913 Pvt Ltd,27AAAAA4416A1ZI
G_001914,82809.00,2025-10-26,INV/2025/31764,Vendor,27AAAAA7230A1ZG
G_001915,39434.00,2025-04-29,INV/2025/39288,Vendor,27AAAAA3950A1ZD
G_001916,78460.00,2025-07-02,INV/2025/72226,Vendor 1916 Pvt Ltd,27AAAAA7425A1ZB
G_001917,99054.00,2025-05-28,,Vendor 1917 Pvt Ltd,27AAAAA2841A1ZH
G_001918,15280.00,2025-04-01,,Vendor 1918 Pvt Ltd,27AAAAA7960A1Z3
G_001919,91453.00,2025-07-23,INV/2025/93382,Vendor 1919 Pvt Ltd,27AAAAA6694A1ZY
G_001920,78881.00,2025-07-30,INV/2025/91075,Vendor 1920 Pvt Ltd,27AAAAA9014A1ZE
G_001921,28294.00,2025-07-29,INV/2025/8969,Vendor 1921 Pvt Ltd Inc,27AAAAA9314A1ZB
G_001922,54000.00,2025-07-20,INV/2025/58927,Vendor 1922 Pvt Ltd,27AAAAA6203A1ZL
G_001923,35268.00,2025-09-06,INV/2025/96444,Vendor 1923 Pvt Ltd,27AAAAA1895A1Z5
G_001924,40537.00,2025-08-18,INV/2025/54714,Vendor 1924 Pvt Ltd,27AAAAA1747A1ZE
G_001925,27127.00,2025-11-17,,Vendor 1925 Pvt Ltd,27AAAAA9782A1ZV
G_001926,17036.00,2025-11-06,INV/2025/71748,Vendor 1926 Pvt Ltd,27AAAAA6401A1ZL
G_001927,11929.00,2025-12-27,,Vendor 1927 Pvt Ltd,27AAAAA7212A1ZI
G_001928,85943.00,2025-01-26,INV/2025/68980,Vendor 1928 Pvt Ltd,27AAAAA2039A1ZJ
G_001929,70315.00,2025-07-22,INV/2025/95086,Vendor 1929 Pvt Ltd,27AAAAA3572A1ZB
G_001930,43550.00,2025-07-31,INV/2025/29261,Vendor 1930 PVT LTD,27AAAAA7125A1ZE
G_001931,2725.00,2025-09-27,INV/2025/14437,None,27AAAAA1591A1ZC
G_001932,37205.00,2025-06-04,INV/2025/4177,Vendor 1932 Pvt Ltd,27AAAAA3571A1ZC
G_001933,4527.00,2025-05-20,INV/2025/99292,Vendor 1933 Pvt Ltd,27AAAAA5051A1ZH
G_001934,17295.00,2025-05-19,INV/2025/12130,Vendor 1934 Pvt Ltd,27AAAAA7565A1Z2
G_001935,2741.00,2025-01-08,INV/2025/98340,Vendor 1935 Pvt Ltd,
G_001936,25566.00,2025-11-07,INV/2025/41919,Vendor 1936 Pvt Ltd,27AAAAA7408A1ZC
G_001937,36020.00,2025-08-23,INV/2025/27563,Vendor 1937 Pvt Ltd,27AAAAA5950A1Z9
G_001938,49459.00,2025-05-30,INV/2025/57299,Vendor 1938 Pvt Ltd,27AAAAA8723A1Z8
G_001939,63453.00,2025-05-26,INV/2025/93127,Vendor 1939 PVT LTD,27AAAAA5563A1Z8
G_001940,190924.00,2025-07-21,INV/2025/49855,Vendor 1940 Pvt Ltd,27AAAAA9143A1Z8
G_001941,52181.00,2025-04-29,INV/2025/59600,Vendor 1941 Pvt Ltd,27AAAAA1407A1ZP
G_001942,43672.00,2025-03-15,,Vendor 1942 Pvt Ltd,27AAAAA6089A1Z1
G_001943,27321.00,2025-09-08,INV/2025/78779,Vendor 1943 Pvt Ltd,27AAAAA3773A1Z8
G_001944,68703.00,2025-10-18,INV/2025/31465,Vendor 1944 Pvt Ltd,27AAAAA8758A1ZX
G_001945,40923.00,2025-06-22,INV/2025/20741,Vendor 1945 Pvt Ltd,27AAAAA7747A1Z2
G_001946,830.00,2025-05-18,INV/2025/91491,Vendor 1946 Pvt Ltd,27AAAAA7660A1Z6
G_001947,71611.00,2025-09-13,,Vendor 1947 Pvt Ltd,27AAAAA9007A1ZD
G_001948,93012.00,2025-09-05,INV/2025/68427,vendor 1948 pvt ltd,27AAAAA8559A1ZY
G_001949,13868.00,2025-08-06,INV/2025/92652,Vendor 1949 Pvt Ltd,27AAAAA2334A1ZL
G_001950,21345.00,2025-09-24,INV/2025/99061,Vendor 1950 Pvt Ltd,27AAAAA1223A1ZR
G_001951,5219.00,2025-08-06,INV/2025/65904,Vendor 1951 Pvt Ltd,27AAAAA2862A1ZC
G_001952,18432.00,2025-10-08,INV/2025/55807,Vendor 1952 Pvt Ltd,27AAAAA8982A1ZV
G_001953,38664.00,2025-12-13,INV/2025/36534,VENDOR 1953 PVT LTD,27AAAAA8134A1ZB
G_001954,18648.00,2025-05-29,INV/2025/69583,None,27AAAAA3718A1ZF
G_001955,68176.00,2025-11-06,INV/2025/33930,Vendor 1955 Pvt Ltd,27AAAAA7082A1Z6
G_001956,97979.00,2025-03-11,INV/2025/22527,None,27AAAAA6409A1ZD
G_001957,54665.00,2025-04-02,INV/2025/20706,Vendor 1957 Pvt Ltd,27AAAAA6205A1ZJ
G_001958,40973.00,2025-12-26,INV/2025/25598,Vendor 1958 Pvt Ltd,27AAAAA1091A1ZH
G_001959,43489.00,2025-02-18,INV/2025/9009,VENDOR 1959 PVT LTD,27AAAAA8513A1ZC
G_001960,83506.00,2025-10-14,INV/2025/30626,Vendor 1960 Pvt Ltd,27AAAAA6741A1ZA
G_001961,36089.00,2025-05-26,INV/2025/56858,Vendor 1961 Pvt Ltd Inc,27AAAAA4156A1ZD
G_001962,33490.00,2025-10-15,INV/2025/71912,Vendor 1962 PVT LTD,27AAAAA7607A1ZB
G_001963,13597.00,2025-04-21,INV/2025/37698,Vendor 1963 Pvt Ltd,27AAAAA3497A1Z3
G_001964,68562.00,2025-10-28,INV/2025/85519,Vendor 1964 Pvt Ltd,27AAAAA3075A1ZD
G_001965,96734.00,2025-11-12,,Vendor 1965 Pvt Ltd,27AAAAA5542A1ZD
G_001966,30486.00,2025-04-21,,Vendor 1966 Pvt Ltd,27AAAAA1043A1ZP
G_001967,21703.00,2025-09-01,INV/2025/1032,Vendor 1967 Pvt Ltd,27AAAAA3348A1ZD
G_001968,18053.00,2025-09-19,INV/2025/58630,Vendor 1968 Pvt Ltd,27AAAAA1855A1ZD
G_001969,65685.00,2025-03-02,INV/2025/32558,Vendor,27AAAAA5957A1Z2
G_001970,46629.00,2025-06-09,INV/2025/69417,Vendor 1970 Pvt Ltd,27AAAAA8773A1ZY
G_001971,43746.00,2025-11-21,INV/2025/37403,Vendor 1971 Pvt Ltd,27AAAAA4504A1ZL
G_001972,91208.00,2025-05-09,INV/2025/90832,Vendor 1972 Pvt Ltd,27AAAAA9029A1Z7
G_001973,23432.00,2025-01-13,,Vendor 1973 Pvt Ltd,27AAAAA6704A1ZF
G_001974,95584.00,2025-08-06,INV/2025/29020,Vendor 1974 PVT LTD,27AAAAA6668A1Z0
G_001975,98093.00,2025-01-06,INV/2025/26668,Vendor 1975 Pvt Ltd,27AAAAA3932A1ZF
G_001976,76932.00,2025-06-08,INV/2025/44050,Vendor 1976 Pvt Ltd,27AAAAA1091A1ZH
G_001977,66002.00,2025-01-07,INV/2025/80531,Vendor 1977 Pvt Ltd,27AAAAA5157A1ZA
G_001978,52306.00,2025-01-23,INV/2025/92160,Vendor 1978 Pvt Ltd,27AAAAA8843A1Z3
G_001979,94213.00,2025-08-30,INV/2025/80632,Vendor,27AAAAA1498A1Z6
G_001980,13716.00,2025-01-20,INV/2025/49435,Vendor 1980 Pvt Ltd,27AAAAA9938A1ZX
G_001981,92589.00,2025-04-01,INV/2025/18255,Vendor 1981 Pvt Ltd,27AAAAA3509A1ZI
G_001982,7447.00,2025-08-16,INV/2025/84555,Vendor 1982 Pvt Ltd,27AAAAA2956A1Z9
G_001983,25552.00,2025-12-02,INV/2025/81478,Vendor 1983 Pvt Ltd,27AAAAA5546A1Z9
G_001984,93071.00,2025-03-28,INV/2025/77919,Vendor 1984 Pvt Ltd,27AAAAA6185A1Z4
G_001985,54675.00,2025-12-08,INV/2025/88771,Vendor 1985 Pvt Ltd,27AAAAA7605A1ZD
G_001986,19434.00,2025-05-17,INV/2025/12005,Vendor 1986 Pvt Ltd,27AAAAA9216A1ZA
G_001987,90371.00,2025-09-16,INV/2025/54641,Vendor 1987 Pvt Ltd,27AAAAA4255A1ZD
G_001988,40884.00,2025-05-21,INV/2025/74473,Vendor 1988 Pvt Ltd,27AAAAA1052A1ZO
G_001989,74311.00,2025-08-26,INV/2025/12555,Vendor 1989 Pvt Ltd,27AAAAA2410A1ZS
G_001990,24434.00,2025-06-12,INV/2025/78483,Vendor 1990 Private Limited,27AAAAA2415A1ZN
G_001991,28611.00,2025-11-23,INV/2025/50090,Vendor 1991 Pvt Ltd,27AAAAA1171A1ZK
G_001992,40441.00,2025-12-15,,Vendor 1992 Pvt Ltd,27AAAAA5042A1ZI
G_001993,40797.00,2025-01-28,INV/2025/50716,Vendor 1993 Pvt Ltd,27AAAAA3174A1ZD
G_001994,54361.00,2025-04-26,INV/2025/25673,Vendor 1994 Pvt Ltd,27AAAAA6169A1Z4
G_001995,34094.00,2025-12-24,INV/2025/58619,Vendor 1995 Pvt Ltd,27AAAAA5832A1ZC
G_001996,45825.00,2025-11-25,INV/2025/69556,Vendor 1996 Pvt Ltd,27AAAAA6957A1Z0
G_001997,4914.00,2025-10-27,INV/2025/51551,Vendor 1997 Pvt Ltd,27AAAAA3793A1Z4
G_001998,45572.00,2025-11-27,INV/2025/90393,Vendor 1998 Pvt Ltd,27AAAAA8108A1ZD
G_001999,72400.00,2025-05-18,INV/2025/12895,Vendor 1999 PVT LTD,27AAAAA9253A1Z5
G_002000,34289.00,2025-01-17,INV/2025/16112,vendor 2000 pvt ltd,27AAAAA8662A1Z2
G_002001,61342.00,2025-10-28,INV/2025/43335,Vendor 2001 Pvt Ltd,27AAAAA3290A1ZC
G_002002,42353.00,2025-12-26,INV/2025/14711,None,27AAAAA1554A1ZH
G_002003,55334.00,2025-09-01,INV/2025/44871,Vendor 2003 Pvt Ltd,27AAAAA3600A1ZQ
G_002004,47024.00,2025-06-06,INV/2025/22331,Vendor 2004 Pvt Ltd,27AAAAA4065A1ZD
G_002005,57641.00,2025-11-12,INV/2025/60827,vendor 2005 pvt ltd,27AAAAA1356A1ZH
G_002006,124344.00,2025-05-05,INV/2025/34105,Vendor 2006 Pvt Ltd,27AAAAA7542A1Z9
G_002007,78888.00,2025-01-21,INV/2025/31710,Vendor 2007 Pvt Ltd,27AAAAA7572A1Z3
G_002008,55922.00,2025-05-18,INV/2025/76692,Vendor 2008 Pvt Ltd,27AAAAA7897A1ZR
G_002009,21908.00,2025-06-03,,Vendor 2009 Pvt Ltd,27AAAAA9391A1ZY
G_002010,74547.00,2025-03-13,INV/2025/18025,None,27AAAAA4251A1ZH
G_002011,40637.00,2025-03-14,INV/2025/46364,Vendor 2011 Pvt Ltd,27AAAAA2481A1ZD
G_002012,86425.00,2025-03-17,,Vendor 2012 Pvt Ltd,27AAAAA1013A1ZV
G_002013,24295.00,2025-05-01,INV/2025/27649,Vendor 2013 Pvt Ltd,27AAAAA2316A1ZN
G_002014,89846.00,2025-10-12,INV/2025/50054,Vendor 2014 Pvt Ltd,27AAAAA3525A1ZI
G_002015,61808.00,2025-10-09,INV/2025/91018,Vendor 2015 Pvt Ltd,27AAAAA2636A1ZG
G_002016,175426.00,2025-07-12,INV/2025/61749,Vendor 2016 Pvt Ltd,27AAAAA8738A1Z1
G_002017,83654.00,2025-03-10,INV/2025/53413,Vendor 2017 Pvt Ltd,27AAAAA3105A1ZQ
G_002018,78341.00,2025-07-21,INV/2025/71007,Vendor 2018 Pvt Ltd,27AAAAA7956A1ZZ
G_002019,29158.00,2025-11-08,INV/2025/24351,Vendor 2019 Pvt Ltd,27AAAAA1440A1ZO
G_002020,80128.00,2025-11-03,INV/2025/99524,Vendor 2020 Pvt Ltd,27AAAAA1026A1ZQ
G_002021,18198.00,2025-09-13,INV/2025/25637,Vendor 2021 Pvt Ltd,27AAAAA4769A1Z2
G_002022,44610.00,2025-07-16,INV/2025/86726,Vendor 2022 Pvt Ltd,27AAAAA2521A1ZO
G_002023,50800.00,2025-12-12,INV/2025/64000,Vendor 2023 Pvt Ltd,27AAAAA6096A1Z2
G_002024,23629.00,2025-03-25,INV/2025/53194,None,27AAAAA7909A1Z6
G_002025,45488.00,2025-12-18,INV/2025/97032,Vendor 2025 Pvt Ltd,27AAAAA2353A1ZI
G_002026,21187.00,2025-06-13,INV/2025/17874,Vendor,27AAAAA1200A1ZY
G_002027,63819.00,2025-12-01,INV/2025/88843,Vendor 2027 Pvt Ltd,27AAAAA1189A1ZA
G_002028,55803.00,2025-05-13,INV/2025/98263,VENDOR 2028 PVT LTD,27AAAAA5963A1Z4
G_002029,131812.00,2025-07-10,INV/2025/63068,Vendor 2029 Pvt Ltd,27AAAAA8377A1ZY
G_002030,47080.00,2025-08-06,INV/2025/70692,Vendor 2030 Pvt Ltd,27AAAAA2829A1ZD
G_002031,44286.00,2025-12-29,INV/2025/78352,Vendor 2031 Pvt Ltd,27AAAAA1113A1ZU
G_002032,57101.00,2025-01-25,INV/2025/61917,Vendor 2032 Pvt Ltd,27AAAAA8454A1Z4
G_002033,60425.00,2025-07-07,,Vendor 2033 Pvt Ltd,27AAAAA9021A1ZF
G_002034,55897.00,2025-06-22,INV/2025/89473,Vendor 2034 Pvt Ltd,27AAAAA5134A1ZH
G_002035,35127.00,2025-04-02,INV/2025/39435,Vendor 2035 Pvt Ltd,27AAAAA9892A1ZS
G_002036,39117.00,2025-11-22,INV/2025/5668,Vendor 2036 Pvt Ltd Inc,27AAAAA6318A1ZD
G_002037,96920.00,2025-07-22,INV/2025/33588,Vendor 2037 Pvt Ltd,27AAAAA9704A1Z9
G_002038,95361.00,2025-03-16,INV/2025/83958,Vendor 2038 Pvt Ltd,27AAAAA3065A1ZF
G_002039,60135.00,2025-12-19,INV/2025/81903,Vendor 2039 Pvt Ltd,27AAAAA6658A1Z2
G_002040,74688.00,2025-08-23,INV/2025/6326,Vendor 2040 Pvt Ltd,27AAAAA9577A1ZU
G_002041,79969.00,2025-11-23,INV/2025/14254,Vendor 2041 Pvt Ltd,27AAAAA3404A1ZO
G_002042,44372.00,2025-11-23,INV/2025/99207,Vendor 2042 Pvt Ltd,27AAAAA2290A1ZE
G_002043,97980.00,2025-05-12,INV/2025/95580,Vendor 2043 Private Limited,27AAAAA4013A1ZP
G_002044,15360.00,2025-04-09,INV/2025/75828,Vendor 2044 Pvt Ltd,27AAAAA8101A1ZK
G_002045,70769.00,2025-05-05,INV/2025/91997,Vendor 2045 Pvt Ltd,27AAAAA9422A1ZA
G_002046,36116.00,2025-12-19,INV/2025/25341,Vendor 2046 Pvt Ltd,27AAAAA8158A1Z3
G_002047,23858.00,2025-12-14,INV/2025/38344,Vendor 2047 Pvt Ltd,27AAAAA7531A1ZC
G_002048,54406.00,2025-12-03,INV/2025/18008,Vendor 2048 Pvt Ltd,27AAAAA1306A1ZR
G_002049,12833.00,2025-04-24,INV/2025/30468,Vendor 2049 Pvt Ltd,27AAAAA6212A1ZK
G_002050,160470.00,2025-05-28,INV/2025/96441,Vendor 2050 Pvt Ltd,27AAAAA2044A1ZM
G_002051,71069.00,2025-07-19,,Vendor 2051 Pvt Ltd,27AAAAA6386A1Z1
G_002052,41996.00,2025-06-27,INV/2025/59246,Vendor 2052 Pvt Ltd,27AAAAA6580A1Z5
G_002053,27708.00,2025-09-30,INV/2025/92452,Vendor 2053 Pvt Ltd,27AAAAA9175A1Z0
G_002054,4329.00,2025-12-05,,Vendor 2054 Pvt Ltd,27AAAAA7601A1ZH
G_002055,10991.00,2025-04-17,,Vendor 2055 Pvt Ltd,27AAAAA6657A1Z3
G_002056,98516.00,2025-06-11,INV/2025/60178,Vendor 2056 Private Limited,27AAAAA5781A1Z4
G_002057,81923.00,2025-06-30,INV/2025/75041,Vendor 2057 Pvt Ltd,27AAAAA3731A1ZI
G_002058,197170.00,2025-05-26,INV/2025/73933,Vendor 2058 Pvt Ltd,27AAAAA1383A1ZE
G_002059,17361.00,2025-07-13,,Vendor 2059 Pvt Ltd,27AAAAA9807A1Z5
G_002060,28713.00,2025-04-19,INV/2025/15500,Vendor 2060 PVT LTD,27AAAAA7483A1Z1
G_002061,72199.00,2025-07-29,INV/2025/47140,Vendor 2061 Pvt Ltd,27AAAAA7571A1Z4
G_002062,47702.00,2025-11-19,INV/2025/14846,vendor 2062 pvt ltd,27AAAAA6233A1ZF
G_002063,65938.00,2025-10-02,INV/2025/70796,Vendor 2063 Pvt Ltd,27AAAAA6206A1ZI
G_002064,99298.00,2025-08-26,INV/2025/38523,Vendor 2064 Pvt Ltd,27AAAAA3910A1ZL
G_002065,69917.00,2025-06-21,INV/2025/61820,vendor 2065 pvt ltd,27AAAAA1054A1ZM
G_002066,76142.00,2025-12-01,,Vendor 2066 Pvt Ltd,27AAAAA7280A1Z6
G_002067,81217.00,2025-04-25,INV/2025/19162,VENDOR 2067 PVT LTD,27AAAAA1475A1ZD
G_002068,3092.00,2025-06-16,INV/2025/80929,Vendor 2068 Pvt Ltd,27AAAAA7697A1ZT
G_002069,89800.00,2025-02-16,INV/2025/49535,Vendor 2069 Pvt Ltd,27AAAAA8731A1Z8
G_002070,72459.00,2025-09-19,,Vendor 2070 Pvt Ltd,27AAAAA7378A1ZZ
G_002071,94872.00,2025-05-03,INV/2025/23965,Vendor 2071 Pvt Ltd,27AAAAA7046A1ZA
G_002072,42400.00,2025-03-09,INV/2025/39401,Vendor 2072 Pvt Ltd,27AAAAA4273A1ZB
G_002073,60287.00,2025-05-06,INV/2025/90610,Vendor 2073 PVT LTD,27AAAAA8555A1Z2
G_002074,65664.00,2025-11-25,INV/2025/15569,Vendor 2074 Pvt Ltd,
G_002075,32194.00,2025-08-25,,Vendor 2075 Pvt Ltd,27AAAAA3609A1ZH
G_002076,89494.00,2025-12-13,,Vendor 2076 Pvt Ltd,27AAAAA1529A1ZI
G_002077,9322.00,2025-08-02,,Vendor 2077 Pvt Ltd,27AAAAA7313A1ZG
G_002078,93785.00,2025-01-13,INV/2025/58477,Vendor 2078 Pvt Ltd,27AAAAA9751A1Z2
G_002079,52318.00,2025-01-21,INV/2025/48628,Vendor 2079 Pvt Ltd,27AAAAA5799A1ZU
G_002080,56275.00,2025-03-05,INV/2025/14582,Vendor 2080 Pvt Ltd,27AAAAA8209A1ZB
G_002081,94733.00,2025-03-28,INV/2025/49033,Vendor 2081 Pvt Ltd,27AAAAA2831A1ZJ
G_002082,63354.00,2025-04-18,INV/2025/35669,Vendor 2082 Pvt Ltd,27AAAAA4982A1Z3
G_002083,120324.00,2025-12-30,INV/2025/65431,Vendor 2083 Pvt Ltd,27AAAAA2213A1ZR
G_002084,43440.00,2025-08-19,INV/2025/92692,Vendor 2084 Pvt Ltd,27AAAAA8285A1ZZ
G_002085,99888.00,2025-03-13,INV/2025/20401,Vendor 2085 Private Limited,27AAAAA1585A1ZA
G_002086,73964.00,2025-07-05,INV/2025/94559,Vendor 2086 Pvt Ltd,27AAAAA7076A1Z4
G_002087,74501.00,2025-11-21,INV/2025/40943,Vendor 2087 Pvt Ltd,27AAAAA3593A1Z6
G_002088,20342.00,2025-12-22,INV/2025/17849,Vendor 2088 Pvt Ltd,27AAAAA5831A1ZD
G_002089,33825.00,2025-11-23,INV/2025/30873,Vendor 2089 Pvt Ltd,27AAAAA7295A1ZZ
G_002090,19546.00,2025-10-27,INV/2025/2581,Vendor 2090 Pvt Ltd,27AAAAA5963A1Z4
G_002091,53294.00,2025-09-02,,Vendor 2091 Pvt Ltd,27AAAAA9467A1ZX
G_002092,77057.00,2025-09-14,INV/2025/42195,Vendor,27AAAAA3553A1ZE
G_002093,85084.00,2025-03-28,INV/2025/69843,Vendor 2093 Pvt Ltd,27AAAAA8950A1Z3
G_002094,1965.00,2025-12-09,INV/2025/9487,Vendor 2094 Pvt Ltd,27AAAAA7223A1ZF
G_002095,39544.00,2025-05-23,INV/2025/80775,Vendor 2095 Pvt Ltd,27AAAAA4675A1Z5
G_002096,65477.00,2025-08-24,,Vendor 2096 Pvt Ltd,27AAAAA6840A1ZA
G_002097,30033.00,2025-04-14,INV/2025/48652,Vendor,27AAAAA9587A1ZS
G_002098,66608.00,2025-02-04,INV/2025/36582,VENDOR 2098 PVT LTD,27AAAAA6398A1ZX
G_002099,10513.00,2025-01-29,INV/2025/59541,Vendor 2099 PVT LTD,27AAAAA9810A1ZA
G_002100,90500.00,2025-11-30,INV/2025/33124,Vendor 2100 Pvt Ltd,27AAAAA3993A1Z2
G_002101,5373.00,2025-11-08,INV/2025/35834,Vendor 2101 Private Limited,27AAAAA3907A1ZG
G_002102,17473.00,2025-09-25,INV/2025/40683,Vendor 2102 Pvt Ltd,27AAAAA2043A1ZN
G_002103,60952.00,2025-02-20,,Vendor 2103 Pvt Ltd,27AAAAA8819A1Z3
G_002104,25845.00,2025-09-02,INV/2025/16257,Vendor 2104 Pvt Ltd,27AAAAA2196A1Z9
G_002105,71189.00,2025-10-29,INV/2025/29179,Vendor 2105 Pvt Ltd Inc,27AAAAA2636A1ZG
G_002106,14717.00,2025-08-15,INV/2025/85230,Vendor 2106 Pvt Ltd,27AAAAA8041A1ZD
G_002107,164.00,2025-05-09,INV/2025/99901,Vendor 2107 Pvt Ltd,27AAAAA8475A1ZZ
G_002108,43175.00,2025-09-17,INV/2025/64344,vendor 2108 pvt ltd,27AAAAA3892A1Z4
G_002109,32739.00,2025-06-24,INV/2025/37082,VENDOR 2109 PVT LTD,27AAAAA9719A1Z2
G_002110,14710.00,2025-04-04,INV/2025/64908,Vendor 2110 Pvt Ltd,27AAAAA8209A1ZB
G_002111,61770.00,2025-09-11,INV/2025/22381,Vendor 2111 Pvt Ltd,27AAAAA9348A1Z1
G_002112,12495.00,2025-08-15,INV/2025/45883,VENDOR 2112 PVT LTD,27AAAAA5991A1Z0
G_002113,14349.00,2025-04-29,INV/2025/28946,Vendor 2113 Pvt Ltd,27AAAAA4171A1ZE
G_002114,61949.00,2025-02-22,INV/2025/90751,Vendor 2114 Pvt Ltd,27AAAAA9690A1ZW
G_002115,85072.00,2025-03-22,INV/2025/26153,Vendor 2115 Pvt Ltd,27AAAAA3532A1ZJ
G_002116,42787.00,2025-09-22,INV/2025/63098,None,27AAAAA3574A1Z9
G_002117,30079.00,2025-05-15,,Vendor 2117 Pvt Ltd,27AAAAA5413A1ZJ
G_002118,38206.00,2025-06-06,INV/2025/44741,Vendor 2118 Pvt Ltd,27AAAAA7075A1Z5
G_002119,55845.00,2025-10-16,INV/2025/52582,Vendor 2119 Pvt Ltd,27AAAAA6046A1ZC
G_002120,53680.00,2025-07-01,INV/2025/85645,Vendor 2120 Pvt Ltd,
G_002121,92419.00,2025-04-14,INV/2025/28342,Vendor 2121 Pvt Ltd Inc,27AAAAA1319A1ZM
G_002122,3204.00,2025-06-14,INV/2025/57033,Vendor 2122 Pvt Ltd,27AAAAA7119A1ZC
G_002123,28277.00,2025-11-13,INV/2025/66921,Vendor 2123 Pvt Ltd,27AAAAA4267A1Z9
G_002124,63936.00,2025-03-24,INV/2025/43661,Vendor 2124 Pvt Ltd,27AAAAA2219A1ZL
G_002125,86531.00,2025-07-19,,Vendor 2125 Pvt Ltd,27AAAAA1753A1ZG
G_002126,36818.00,2025-11-07,INV/2025/77823,Vendor 2126 Pvt Ltd,27AAAAA5093A1Z7
G_002127,36281.00,2025-10-03,INV/2025/49424,Vendor 2127 Pvt Ltd,27AAAAA6614A1ZE
G_002128,17700.00,2025-02-07,,Vendor 2128 Pvt Ltd,27AAAAA8730A1Z9
G_002129,19815.00,2025-10-29,INV/2025/40171,VENDOR 2129 PVT LTD,27AAAAA3486A1Z6
G_002130,43071.00,2025-10-21,INV/2025/72642,Vendor 2130 Pvt Ltd,27AAAAA5017A1ZJ
G_002131,90484.00,2025-01-12,INV/2025/19411,Vendor 2131 Pvt Ltd,27AAAAA5774A1Z3
G_002132,47447.00,2025-08-17,,Vendor 2132 Pvt Ltd,27AAAAA6143A1ZE
G_002133,29942.00,2025-08-24,INV/2025/48474,Vendor 2133 Pvt Ltd,27AAAAA8673A1ZZ
G_002134,33570.00,2025-11-06,,Vendor 2134 Pvt Ltd,27AAAAA5243A1ZF
G_002135,112222.00,2025-07-22,INV/2025/64747,Vendor 2135 Pvt Ltd,27AAAAA7730A1ZB
G_002136,49052.00,2025-01-09,INV/2025/75149,Vendor 2136 Pvt Ltd,27AAAAA9392A1ZX
G_002137,42969.00,2025-10-03,INV/2025/65488,Vendor 2137 Pvt Ltd,27AAAAA9261A1Z5
G_002138,96363.00,2025-02-08,INV/2025/75095,Vendor 2138 Pvt Ltd,27AAAAA2099A1Z7
G_002139,69799.00,2025-03-23,INV/2025/68305,Vendor 2139 Pvt Ltd,27AAAAA8675A1ZX
G_002140,98654.00,2025-02-07,INV/2025/90647,Vendor 2140 Pvt Ltd,27AAAAA4127A1ZI
G_002141,96953.00,2025-03-19,INV/2025/86254,Vendor 2141 Pvt Ltd,27AAAAA8393A1ZY
G_002142,119224.00,2025-09-28,INV/2025/91778,Vendor 2142 Pvt Ltd,27AAAAA6567A1Z2
G_002143,75432.00,2025-05-31,INV/2025/1832,Vendor,27AAAAA7577A1ZY
G_002144,42355.00,2025-08-07,INV/2025/20725,Vendor 2144 Pvt Ltd,27AAAAA4690A1Z6
G_002145,69878.00,2025-08-23,INV/2025/86670,None,27AAAAA6351A1ZC
G_002146,93803.00,2025-10-23,INV/2025/21002,Vendor 2146 Pvt Ltd,27AAAAA6810A1ZG
G_002147,23900.00,2025-02-21,INV/2025/4437,None,27AAAAA6054A1ZC
G_002148,70888.00,2025-06-28,INV/2025/10078,Vendor 2148 Pvt Ltd,27AAAAA3086A1ZA
G_002149,86367.00,2025-04-17,INV/2025/27437,Vendor 2149 Pvt Ltd,27AAAAA4770A1Z9
G_002150,30637.00,2025-04-22,INV/2025/47575,Vendor 2150 Pvt Ltd,27AAAAA5441A1ZF
G_002151,16236.00,2025-07-12,INV/2025/4332,Vendor 2151 Pvt Ltd,27AAAAA8203A1ZH
G_002152,49961.00,2025-01-26,INV/2025/59564,Vendor 2152 Pvt Ltd,27AAAAA4417A1ZH
G_002153,77460.00,2025-03-05,,Vendor 2153 Pvt Ltd,27AAAAA7234A1ZC
G_002154,16051.00,2025-03-25,INV/2025/28477,Vendor 2154 Pvt Ltd,27AAAAA9462A1Z2
G_002155,98362.00,2025-06-12,INV/2025/55411,Vendor 2155 Pvt Ltd,27AAAAA6871A1Z3
G_002156,47267.00,2025-09-02,INV/2025/34460,Vendor,27AAAAA9305A1ZC
G_002157,55152.00,2025-07-24,INV/2025/14115,Vendor 2157 Pvt Ltd,27AAAAA7226A1ZC
G_002158,57004.00,2025-11-30,INV/2025/40412,Vendor 2158 Pvt Ltd,27AAAAA2069A1ZD
G_002159,123764.00,2025-01-09,INV/2025/37007,Vendor 2159 Pvt Ltd,27AAAAA7384A1Z1
G_002160,23346.00,2025-10-17,INV/2025/2215,Vendor 2160 Pvt Ltd,27AAAAA5079A1Z5
G_002161,5210.00,2025-02-01,INV/2025/79145,Vendor 2161 Pvt Ltd,
G_002162,81044.00,2025-08-01,INV/2025/21641,Vendor 2162 Pvt Ltd,27AAAAA7089A1ZZ
G_002163,19941.00,2025-12-09,INV/2025/24804,Vendor 2163 Pvt Ltd,27AAAAA9496A1ZS
G_002164,4029.00,2025-09-12,INV/2025/27748,Vendor 2164 Pvt Ltd,27AAAAA3660A1ZE
G_002165,81616.00,2025-06-14,INV/2025/4732,Vendor 2165 Pvt Ltd,27AAAAA5344A1ZD
G_002166,96431.00,2025-03-15,INV/2025/54432,Vendor 2166 Pvt Ltd,27AAAAA1560A1ZJ
G_002167,22348.00,2025-03-22,INV/2025/14122,Vendor 2167 Pvt Ltd,27AAAAA9604A1ZA
G_002168,55134.00,2025-02-03,,Vendor 2168 Pvt Ltd,27AAAAA2509A1ZK
G_002169,70449.00,2025-08-14,,Vendor 2169 Pvt Ltd,27AAAAA7800A1ZG
G_002170,40919.00,2025-09-01,,Vendor 2170 Pvt Ltd,27AAAAA1011A1ZX
G_002171,86132.00,2025-10-04,,Vendor 2171 Pvt Ltd,27AAAAA6290A1Z6
G_002172,62724.00,2025-09-10,INV/2025/99136,Vendor 2172 Pvt Ltd,
G_002173,17114.00,2025-03-15,INV/2025/30563,vendor 2173 pvt ltd,27AAAAA9433A1Z7
G_002174,37101.00,2025-11-11,INV/2025/14792,Vendor 2174 Pvt Ltd,27AAAAA7616A1ZA
G_002175,43173.00,2025-12-30,INV/2025/61574,VENDOR 2175 PVT LTD,27AAAAA5933A1ZA
G_002176,99700.00,2025-03-09,INV/2025/43984,Vendor 2176 Pvt Ltd,27AAAAA5370A1ZB
G_002177,98133.00,2025-07-17,INV/2025/83821,Vendor 2177 Pvt Ltd,27AAAAA1560A1ZJ
G_002178,1977.00,2025-03-15,INV/2025/84182,Vendor 2178 Pvt Ltd,27AAAAA3984A1Z3
G_002179,52104.00,2025-06-15,INV/2025/2535,Vendor,27AAAAA3652A1ZE
G_002180,82506.00,2025-10-23,INV/2025/54170,Vendor 2180 Pvt Ltd,27AAAAA4076A1ZA
G_002181,143298.00,2025-08-14,INV/2025/16442,Vendor 2181 Pvt Ltd,27AAAAA5305A1ZK
G_002182,44304.00,2025-04-06,INV/2025/34460,Vendor 2182 Pvt Ltd,27AAAAA6527A1ZA
G_002183,59910.00,2025-12-06,INV/2025/13648,Vendor 2183 Pvt Ltd Inc,27AAAAA9993A1ZQ
G_002184,8372.00,2025-07-07,INV/2025/56904,VENDOR 2184 PVT LTD,27AAAAA5306A1ZJ
G_002185,60056.00,2025-02-26,INV/2025/16765,Vendor 2185 Pvt Ltd Inc,27AAAAA4721A1ZI
G_002186,40343.00,2025-08-20,INV/2025/58168,Vendor 2186 Private Limited,27AAAAA6695A1ZX
G_002187,24035.00,2025-07-23,INV/2025/67965,Vendor 2187 Pvt Ltd,27AAAAA9269A1ZX
G_002188,4582.00,2025-04-12,INV/2025/97129,Vendor 2188 Pvt Ltd,27AAAAA4634A1ZE
G_002189,68918.00,2025-01-25,INV/2025/70881,Vendor 2189 Pvt Ltd,27AAAAA9692A1ZU
G_002190,21956.00,2025-07-11,INV/2025/21807,Vendor 2190 Pvt Ltd,27AAAAA9697A1ZP
G_002191,98548.00,2025-03-19,,Vendor 2191 Pvt Ltd,27AAAAA4707A1ZG
G_002192,36593.00,2025-01-26,INV/2025/53543,Vendor 2192 Pvt Ltd,27AAAAA4312A1ZN
G_002193,62561.00,2025-08-28,INV/2025/43194,Vendor 2193 Pvt Ltd,27AAAAA7901A1ZE
G_002194,9913.00,2025-05-09,INV/2025/93843,Vendor 2194 Pvt Ltd Inc,27AAAAA1005A1ZV
G_002195,7862.00,2025-07-30,INV/2025/19389,Vendor 2195 Pvt Ltd,27AAAAA2094A1ZC
G_002196,51380.00,2025-03-23,INV/2025/85683,Vendor 2196 Pvt Ltd,27AAAAA4972A1Z5
G_002197,46028.00,2025-02-06,,Vendor 2197 Pvt Ltd,27AAAAA5072A1ZC
G_002198,16283.00,2025-10-27,INV/2025/89121,Vendor 2198 Pvt Ltd,27AAAAA7577A1ZY
G_002199,99791.00,2025-06-17,INV/2025/2411,VENDOR 2199 PVT LTD,27AAAAA5513A1ZI
G_002200,82484.00,2025-11-03,INV/2025/62749,Vendor 2200 Pvt Ltd,27AAAAA2681A1ZB
G_002201,71043.00,2025-11-09,INV/2025/60554,Vendor 2201 Pvt Ltd,27AAAAA3045A1ZJ
G_002202,35765.00,2025-01-21,INV/2025/51004,Vendor 2202 Pvt Ltd,27AAAAA8643A1Z5
G_002203,93130.00,2025-12-21,INV/2025/64871,Vendor 2203 Pvt Ltd,27AAAAA3759A1Z6
G_002204,31726.00,2025-12-07,INV/2025/65819,Vendor 2204 Pvt Ltd,
G_002205,36826.00,2025-05-22,INV/2025/33986,Vendor 2205 Pvt Ltd Inc,27AAAAA2723A1ZK
G_002206,46848.00,2025-02-12,INV/2025/2694,Vendor 2206 Pvt Ltd,27AAAAA5116A1ZJ
G_002207,76879.00,2025-09-11,INV/2025/30017,vendor 2207 pvt ltd,27AAAAA4977A1Z0
G_002208,73588.00,2025-11-07,INV/2025/75136,Vendor 2208 Pvt Ltd,27AAAAA8993A1ZS
G_002209,5618.00,2025-11-05,INV/2025/15129,None,27AAAAA7268A1Z2
G_002210,75548.00,2025-02-18,,Vendor 2210 Pvt Ltd,27AAAAA2615A1ZL
G_002211,51708.00,2025-01-21,INV/2025/46521,Vendor,27AAAAA7911A1ZC
G_002212,4986.00,2025-07-24,INV/2025/83328,Vendor 2212 Pvt Ltd,27AAAAA9564A1ZZ
G_002213,74408.00,2025-04-03,INV/2025/4164,Vendor 2213 Pvt Ltd Inc,27AAAAA4539A1ZA
G_002214,3819.00,2025-08-22,INV/2025/34228,Vendor 2214 Pvt Ltd,27AAAAA7752A1Z5
G_002215,32698.00,2025-05-22,INV/2025/59459,Vendor 2215 Pvt Ltd,27AAAAA6773A1Z2
G_002216,42298.00,2025-04-18,INV/2025/74200,Vendor 2216 Pvt Ltd,27AAAAA5311A1ZM
G_002217,98839.00,2025-06-28,INV/2025/23551,Vendor 2217 Pvt Ltd,
G_002218,97074.00,2025-04-27,INV/2025/42488,Vendor 2218 Pvt Ltd,27AAAAA2481A1ZD
G_002219,81600.00,2025-09-12,INV/2025/84817,Vendor 2219 Pvt Ltd,27AAAAA6126A1ZF
G_002220,92819.00,2025-09-06,INV/2025/46953,Vendor 2220 Pvt Ltd,27AAAAA5336A1ZD
G_002221,99029.00,2025-03-23,INV/2025/23091,Vendor 2221 Pvt Ltd,27AAAAA6922A1ZB
G_002222,66438.00,2025-12-25,INV/2025/85188,None,27AAAAA6087A1Z3
G_002223,52262.00,2025-11-13,INV/2025/92178,Vendor 2223 Pvt Ltd,27AAAAA3914A1ZH
G_002224,34620.00,2025-03-16,INV/2025/94832,Vendor 2224 Pvt Ltd,27AAAAA7629A1Z5
G_002225,50594.00,2025-02-23,INV/2025/97506,Vendor 2225 Pvt Ltd,
G_002226,42545.00,2025-04-26,INV/2025/59004,Vendor 2226 Pvt Ltd,27AAAAA3539A1ZC
G_002227,3554.00,2025-09-11,INV/2025/30421,Vendor 2227 Pvt Ltd,
G_002228,57818.00,2025-11-28,INV/2025/29307,Vendor 2228 Pvt Ltd,27AAAAA4700A1ZN
G_002229,80344.00,2025-09-05,INV/2025/58534,Vendor 2229 Pvt Ltd,27AAAAA1340A1ZP
G_002230,54144.00,2025-04-06,INV/2025/68970,vendor 2230 pvt ltd,27AAAAA4149A1ZC
G_002231,97984.00,2025-05-14,INV/2025/93634,Vendor 2231 Pvt Ltd,27AAAAA7342A1ZB
G_002232,48626.00,2025-07-06,INV/2025/31763,Vendor 2232 Pvt Ltd,27AAAAA8066A1Z4
G_002233,84520.00,2025-12-26,INV/2025/33361,Vendor 2233 Pvt Ltd,27AAAAA3203A1ZR
G_002234,92945.00,2025-09-01,INV/2025/71170,Vendor 2234 Pvt Ltd,27AAAAA9314A1ZB
G_002235,188970.00,2025-06-28,INV/2025/95052,Vendor 2235 Pvt Ltd,27AAAAA4732A1ZF
G_002236,61086.00,2025-05-18,INV/2025/76269,Vendor 2236 Pvt Ltd,27AAAAA8174A1Z3
G_002237,8574.00,2025-03-29,INV/2025/3898,VENDOR 2237 PVT LTD,27AAAAA8146A1Z7
G_002238,62572.00,2025-12-28,INV/2025/20382,Vendor 2238 Pvt Ltd,27AAAAA6695A1ZX
G_002239,74778.00,2025-05-10,INV/2025/96389,Vendor 2239 Pvt Ltd,27AAAAA5523A1ZG
G_002240,92403.00,2025-03-10,INV/2025/52936,Vendor 2240 Pvt Ltd,27AAAAA8058A1Z4
G_002241,91484.00,2025-12-12,INV/2025/40932,Vendor 2241 Pvt Ltd,27AAAAA9821A1Z7
G_002242,53464.00,2025-03-15,,Vendor 2242 Pvt Ltd,27AAAAA9322A1ZB
G_002243,160000.00,2025-01-28,INV/2025/94338,Vendor 2243 Pvt Ltd,27AAAAA1111A1ZW
G_002244,80558.00,2025-02-02,INV/2025/70438,Vendor 2244 Pvt Ltd,27AAAAA2163A1ZI
G_002245,32710.00,2025-11-04,INV/2025/24506,Vendor 2245 Pvt Ltd,27AAAAA9109A1ZA
G_002246,11779.00,2025-02-18,INV/2025/53894,vendor 2246 pvt ltd,27AAAAA6436A1ZA
G_002247,50076.00,2025-12-23,INV/2025/63181,Vendor 2247 Pvt Ltd,27AAAAA7677A1ZX
G_002248,81778.00,2025-07-01,INV/2025/24253,Vendor 2248 Pvt Ltd,27AAAAA2570A1ZF
G_002249,34244.00,2025-07-25,INV/2025/27293,Vendor 2249 Pvt Ltd,27AAAAA4023A1ZN
G_002250,44627.00,2025-08-20,INV/2025/99541,Vendor 2250 Pvt Ltd,27AAAAA2336A1ZJ
G_002251,73123.00,2025-01-31,INV/2025/90484,Vendor 2251 Pvt Ltd,27AAAAA1997A1Z2
G_002252,1748.00,2025-01-03,INV/2025/43842,Vendor 2252 Pvt Ltd,27AAAAA9669A1ZT
G_002253,9194.00,2025-03-30,INV/2025/25704,Vendor,27AAAAA7141A1ZE
G_002254,45352.00,2025-02-19,,Vendor 2254 Pvt Ltd,27AAAAA4577A1Z4
G_002255,57863.00,2025-12-28,INV/2025/24264,None,27AAAAA3898A1ZY
G_002256,81637.00,2025-01-20,,Vendor 2256 Pvt Ltd,27AAAAA1497A1Z7
G_002257,40950.00,2025-05-30,INV/2025/15126,Vendor 2257 Pvt Ltd,27AAAAA2970A1ZB
G_002258,22039.00,2025-02-21,INV/2025/66228,Vendor 2258 Pvt Ltd,27AAAAA9494A1ZU
G_002259,59694.00,2025-12-04,INV/2025/72824,Vendor 2259 Pvt Ltd,
G_002260,44447.00,2025-05-07,INV/2025/48932,Vendor 2260 Pvt Ltd,27AAAAA2072A1ZI
G_002261,24786.00,2025-07-26,INV/2025/6451,Vendor 2261 Pvt Ltd,27AAAAA9040A1ZC
G_002262,86562.00,2025-12-29,INV/2025/99908,Vendor 2262 Pvt Ltd,27AAAAA9517A1Z6
G_002263,138438.00,2025-10-16,INV/2025/76377,Vendor 2263 Pvt Ltd,27AAAAA6251A1ZD
G_002264,37135.00,2025-06-14,INV/2025/18757,Vendor 2264 Pvt Ltd,27AAAAA4292A1Z8
G_002265,53084.00,2025-08-11,INV/2025/50422,Vendor 2265 Pvt Ltd,27AAAAA7984A1ZV
G_002266,42241.00,2025-10-15,INV/2025/64452,Vendor 2266 Pvt Ltd Inc,27AAAAA2709A1ZI
G_002267,89760.00,2025-12-24,INV/2025/8224,Vendor 2267 Private Limited,27AAAAA5705A1ZG
G_002268,40354.00,2025-10-28,,Vendor 2268 Pvt Ltd,27AAAAA2461A1ZH
G_002269,96995.00,2025-01-25,INV/2025/71030,Vendor 2269 Pvt Ltd,27AAAAA6138A1ZB
G_002270,24772.00,2025-06-30,INV/2025/71485,Vendor 2270 Pvt Ltd,27AAAAA7306A1ZF
G_002271,96901.00,2025-09-18,INV/2025/69679,Vendor 2271 Pvt Ltd,
G_002272,28214.00,2025-02-20,,Vendor 2272 Pvt Ltd,27AAAAA1732A1ZL
G_002273,9663.00,2026-01-01,INV/2025/27687,Vendor 2273 Pvt Ltd,27AAAAA6247A1Z9
G_002274,6028.00,2025-07-15,,Vendor 2274 Pvt Ltd,27AAAAA1255A1ZJ
G_002275,721.00,2025-05-04,INV/2025/87454,Vendor 2275 Pvt Ltd,
G_002276,30033.00,2025-07-10,INV/2025/53685,Vendor 2276 Pvt Ltd,27AAAAA7388A1ZX
G_002277,81595.00,2025-12-09,,Vendor 2277 Pvt Ltd,27AAAAA5033A1ZJ
G_002278,26953.00,2025-12-01,,Vendor 2278 Pvt Ltd,27AAAAA6074A1Z8
G_002279,54611.00,2025-07-31,INV/2025/50431,Vendor 2279 Pvt Ltd,27AAAAA1167A1ZG
G_002280,33316.00,2025-11-04,INV/2025/2367,Vendor,27AAAAA8998A1ZN
G_002281,16993.00,2025-12-06,INV/2025/91374,Vendor 2281 Pvt Ltd,27AAAAA8358A1Z1
G_002282,20930.00,2025-09-08,INV/2025/9716,Vendor 2282 Pvt Ltd,27AAAAA2888A1Z2
G_002283,89347.00,2025-12-22,INV/2025/53193,Vendor 2283 Pvt Ltd,27AAAAA5202A1ZO
G_002284,14320.00,2025-03-03,INV/2025/52761,Vendor 2284 Pvt Ltd,
G_002285,26417.00,2025-03-07,,Vendor 2285 Pvt Ltd,27AAAAA9158A1Z1
G_002286,14702.00,2025-04-28,INV/2025/5984,Vendor 2286 Pvt Ltd,27AAAAA2104A1ZT
G_002287,57523.00,2025-03-15,INV/2025/58936,Vendor 2287 Private Limited,27AAAAA7076A1Z4
G_002288,24868.00,2025-04-18,INV/2025/96015,Vendor 2288 Pvt Ltd,27AAAAA9251A1Z7
G_002289,44841.00,2025-05-09,INV/2025/24006,Vendor 2289 Pvt Ltd,27AAAAA3502A1ZP
G_002290,51390.00,2025-07-14,,Vendor 2290 Pvt Ltd,27AAAAA1924A1ZJ
G_002291,24212.00,2025-11-18,INV/2025/26472,Vendor 2291 Pvt Ltd,27AAAAA4690A1Z6
G_002292,57841.00,2025-02-05,INV/2025/33214,Vendor 2292 Pvt Ltd Inc,27AAAAA1414A1ZQ
G_002293,71812.00,2025-06-12,INV/2025/8433,Vendor 2293 Pvt Ltd,27AAAAA3348A1ZD
G_002294,140256.00,2025-01-09,INV/2025/82079,Vendor 2294 Pvt Ltd,27AAAAA9487A1ZT
G_002295,18907.00,2025-02-23,INV/2025/90694,Vendor 2295 Pvt Ltd,27AAAAA1629A1ZH
G_002296,50893.00,2025-10-18,,Vendor 2296 Pvt Ltd,27AAAAA1957A1ZA
G_002297,73977.00,2025-10-07,INV/2025/10689,Vendor 2297 Pvt Ltd,27AAAAA1576A1ZB
G_002298,75006.00,2025-11-27,INV/2025/51600,Vendor 2298 Pvt Ltd,27AAAAA8805A1Z9
G_002299,98150.00,2025-05-02,INV/2025/90506,Vendor 2299 Pvt Ltd,27AAAAA8367A1Z0
G_002300,62900.00,2025-03-20,INV/2025/60535,Vendor 2300 Pvt Ltd Inc,27AAAAA8454A1Z4
G_002301,83605.00,2025-03-31,,Vendor 2301 Pvt Ltd,27AAAAA5699A1ZV
G_002302,97094.00,2025-01-11,INV/2025/57588,Vendor 2302 Pvt Ltd,27AAAAA8535A1Z6
G_002303,29851.00,2025-07-25,INV/2025/17387,Vendor 2303 Pvt Ltd,27AAAAA7648A1Z2
G_002304,60469.00,2025-08-20,,Vendor 2304 Pvt Ltd,27AAAAA7844A1Z4
G_002305,42830.00,2025-12-07,INV/2025/53282,Vendor 2305 Pvt Ltd,27AAAAA6534A1ZB
G_002306,28537.00,2025-12-31,INV/2025/26030,None,27AAAAA5030A1ZM
G_002307,60835.00,2025-10-08,INV/2025/54504,Vendor 2307 Pvt Ltd,27AAAAA6954A1Z3
G_002308,18624.00,2025-08-29,INV/2025/15240,Vendor,27AAAAA7436A1Z8
G_002309,6769.00,2025-04-13,INV/2025/29465,Vendor 2309 Pvt Ltd,27AAAAA7752A1Z5
G_002310,67929.00,2025-08-10,,Vendor 2310 Pvt Ltd,27AAAAA7296A1ZY
G_002311,50689.00,2025-10-18,INV/2025/88424,Vendor 2311 Pvt Ltd,27AAAAA4382A1Z9
G_002312,84149.00,2025-07-25,INV/2025/76375,Vendor 2312 Pvt Ltd,27AAAAA3553A1ZE
G_002313,32304.00,2025-03-08,INV/2025/64790,Vendor 2313 Pvt Ltd,27AAAAA8677A1ZV
G_002314,96479.00,2025-11-18,INV/2025/5627,None,27AAAAA9693A1ZT
G_002315,1236.00,2025-01-28,,Vendor 2315 Pvt Ltd,27AAAAA1351A1ZM
G_002316,26708.00,2025-03-19,INV/2025/28919,Vendor 2316 Pvt Ltd,27AAAAA6844A1Z6
G_002317,76573.00,2025-08-17,INV/2025/63270,Vendor 2317 Pvt Ltd,27AAAAA6169A1Z4
G_002318,13403.00,2025-10-15,,Vendor 2318 Pvt Ltd,27AAAAA5968A1ZZ
G_002319,15624.00,2025-09-30,INV/2025/82040,Vendor 2319 Pvt Ltd,27AAAAA7802A1ZE
G_002320,91832.00,2025-05-24,INV/2025/91434,Vendor 2320 Pvt Ltd,27AAAAA2857A1Z9
G_002321,58414.00,2025-02-19,INV/2025/6161,Vendor 2321 Pvt Ltd,27AAAAA3402A1ZQ
G_002322,62605.00,2025-03-29,INV/2025/3615,None,27AAAAA7215A1ZF
G_002323,76762.00,2025-10-20,INV/2025/24833,Vendor 2323 Pvt Ltd,27AAAAA8224A1ZC
G_002324,88149.00,2025-10-18,,Vendor 2324 Pvt Ltd,27AAAAA9057A1Z3
G_002325,9129.00,2025-04-01,INV/2025/18687,vendor 2325 pvt ltd,27AAAAA7061A1ZB
G_002326,14645.00,2025-12-09,,Vendor 2326 Pvt Ltd,27AAAAA3449A1ZB
G_002327,46592.00,2025-11-05,INV/2025/65847,Vendor 2327 Pvt Ltd,27AAAAA2361A1ZI
G_002328,22259.00,2025-07-06,INV/2025/34123,Vendor 2328 Pvt Ltd,27AAAAA7844A1Z4
G_002329,3172.00,2025-09-08,,Vendor 2329 Pvt Ltd,27AAAAA9526A1Z5
G_002330,91917.00,2025-06-06,INV/2025/35486,Vendor 2330 Pvt Ltd,27AAAAA4912A1ZH
G_002331,35861.00,2025-12-03,INV/2025/61042,Vendor 2331 Pvt Ltd Inc,27AAAAA1662A1ZG
G_002332,81911.00,2025-01-06,INV/2025/97290,Vendor 2332 Pvt Ltd Inc,27AAAAA3140A1ZN
G_002333,49909.00,2025-07-18,INV/2025/5716,Vendor 2333 Pvt Ltd Inc,27AAAAA8702A1ZD
G_002334,48176.00,2025-09-20,INV/2025/56641,Vendor 2334 Pvt Ltd,27AAAAA6499A1ZV
G_002335,94356.00,2025-05-14,INV/2025/73401,Vendor 2335 Pvt Ltd,27AAAAA6672A1Z4
G_002336,59065.00,2025-12-10,INV/2025/12114,Vendor 2336 Pvt Ltd,
G_002337,3115.00,2025-03-07,INV/2025/15031,Vendor 2337 Pvt Ltd,27AAAAA2859A1Z7
G_002338,40570.00,2025-10-20,INV/2025/32056,Vendor 2338 Pvt Ltd,27AAAAA2064A1ZI
G_002339,96634.00,2025-06-24,INV/2025/81931,Vendor 2339 Pvt Ltd,27AAAAA1220A1ZU
G_002340,82806.00,2025-06-19,INV/2025/88154,Vendor 2340 Pvt Ltd,27AAAAA8549A1Z0
G_002341,26251.00,2025-02-11,INV/2025/25323,Vendor 2341 Pvt Ltd,27AAAAA3272A1ZE
G_002342,56850.00,2025-12-18,INV/2025/31549,Vendor 2342 Pvt Ltd,27AAAAA1062A1ZM
G_002343,42096.00,2025-11-17,INV/2025/70380,Vendor 2343 Pvt Ltd,27AAAAA7338A1Z7
G_002344,79458.00,2025-12-28,INV/2025/25387,Vendor 2344 Pvt Ltd,27AAAAA9115A1ZC
G_002345,58101.00,2025-04-05,INV/2025/67530,Vendor 2345 Pvt Ltd,27AAAAA2003A1ZV
G_002346,34606.00,2025-03-15,INV/2025/72040,Vendor 2346 PVT LTD,27AAAAA4239A1ZD
G_002347,24768.00,2025-04-06,INV/2025/43127,Vendor 2347 Pvt Ltd,27AAAAA2241A1ZN
G_002348,78946.00,2025-07-31,INV/2025/67408,Vendor 2348 PVT LTD,27AAAAA5861A1Z7
G_002349,96496.00,2025-05-04,INV/2025/70540,Vendor 2349 Pvt Ltd,27AAAAA6648A1Z4
G_002350,36990.00,2025-03-24,INV/2025/9474,Vendor 2350 Pvt Ltd,27AAAAA5123A1ZK
G_002351,81344.00,2025-08-09,INV/2025/11479,vendor 2351 pvt ltd,27AAAAA1989A1Z2
G_002352,41833.00,2025-10-29,INV/2025/48379,VENDOR 2352 PVT LTD,27AAAAA2445A1ZH
G_002353,74706.00,2025-05-15,INV/2025/96308,Vendor 2353 Pvt Ltd,27AAAAA8871A1ZZ
G_002354,64205.00,2025-06-10,,Vendor 2354 Pvt Ltd,27AAAAA5919A1Z8
G_002355,5696.00,2025-12-20,INV/2025/47254,Vendor 2355 Pvt Ltd,27AAAAA3794A1Z3
G_002356,52953.00,2025-08-26,INV/2025/61868,Vendor 2356 Pvt Ltd,27AAAAA6314A1ZH
G_002357,55098.00,2025-01-13,INV/2025/19275,Vendor 2357 Pvt Ltd,27AAAAA7317A1ZC
G_002358,52452.00,2025-07-07,INV/2025/2828,Vendor 2358 Pvt Ltd,27AAAAA3447A1ZD
G_002359,19896.00,2025-10-31,INV/2025/25105,Vendor 2359 Pvt Ltd,27AAAAA3830A1ZI
G_002360,19747.00,2025-05-19,INV/2025/45212,Vendor 2360 Pvt Ltd,27AAAAA8737A1Z2
G_002361,39883.00,2025-10-09,INV/2025/37394,Vendor 2361 Pvt Ltd,27AAAAA3593A1Z6
G_002362,56835.00,2025-08-11,INV/2025/21948,Vendor 2362 Pvt Ltd,27AAAAA9177A1ZY
G_002363,27990.00,2025-02-04,INV/2025/43373,Vendor 2363 Pvt Ltd,27AAAAA6789A1ZU
G_002364,64879.00,2025-04-21,INV/2025/55571,Vendor 2364 Pvt Ltd,27AAAAA9499A1ZP
G_002365,44478.00,2025-11-19,INV/2025/41712,Vendor,27AAAAA3598A1Z1
G_002366,139040.00,2025-05-25,INV/2025/45708,Vendor 2366 Pvt Ltd,27AAAAA3120A1ZR
G_002367,74198.00,2025-08-31,INV/2025/9273,Vendor 2367 Pvt Ltd,27AAAAA7054A1ZA
G_002368,27553.00,2025-06-17,INV/2025/91214,Vendor 2368 Pvt Ltd,27AAAAA5032A1ZK
G_002369,83182.00,2025-09-01,INV/2025/37769,VENDOR 2369 PVT LTD,27AAAAA6120A1ZL
G_002370,16763.00,2025-06-14,INV/2025/83926,Vendor 2370 PVT LTD,27AAAAA4184A1Z9
G_002371,32749.00,2025-09-08,INV/2025/74832,Vendor 2371 Pvt Ltd,27AAAAA4883A1Z3
G_002372,12628.00,2025-07-16,INV/2025/99329,Vendor 2372 Pvt Ltd,27AAAAA9371A1Z2
G_002373,64448.00,2025-08-25,,Vendor 2373 Pvt Ltd,27AAAAA9670A1Z0
G_002374,17744.00,2025-08-19,INV/2025/52062,Vendor 2374 Pvt Ltd,27AAAAA5358A1Z7
G_002375,47781.00,2025-01-31,INV/2025/63094,Vendor 2375 Pvt Ltd,27AAAAA3344A1ZH
G_002376,46783.00,2025-11-14,INV/2025/64249,None,27AAAAA6361A1ZA
G_002377,63630.00,2025-06-10,,Vendor 2377 Pvt Ltd,27AAAAA6243A1ZD
G_002378,78426.00,2025-11-06,INV/2025/16776,Vendor 2378 Pvt Ltd,27AAAAA4083A1ZB
G_002379,68716.00,2025-09-16,INV/2025/38022,Vendor 2379 Pvt Ltd,27AAAAA4193A1Z8
G_002380,39182.00,2025-05-14,INV/2025/27770,Vendor 2380 Pvt Ltd,27AAAAA1178A1ZD
G_002381,20832.00,2025-07-08,INV/2025/61940,Vendor 2381 Pvt Ltd,27AAAAA7904A1ZB
G_002382,72879.00,2025-03-22,INV/2025/78836,Vendor 2382 Pvt Ltd,27AAAAA7259A1Z3
G_002383,59862.00,2025-05-22,INV/2025/26923,Vendor 2383 Pvt Ltd,27AAAAA5481A1Z7
G_002384,42410.00,2025-01-09,INV/2025/17241,Vendor 2384 Pvt Ltd,27AAAAA3105A1ZQ
G_002385,48442.00,2025-03-14,INV/2025/42322,Vendor 2385 Pvt Ltd,27AAAAA1417A1ZN
G_002386,51943.00,2025-04-02,INV/2025/43809,None,27AAAAA6306A1ZH
G_002387,42569.00,2025-10-17,INV/2025/75518,Vendor 2387 Pvt Ltd,27AAAAA5635A1ZB
G_002388,65200.00,2025-02-02,INV/2025/9899,Vendor 2388 Pvt Ltd,27AAAAA3160A1ZJ
G_002389,187332.00,2025-05-01,INV/2025/13040,Vendor 2389 Pvt Ltd,27AAAAA3676A1Z6
G_002390,45132.00,2025-02-05,INV/2025/65547,Vendor 2390 Pvt Ltd,27AAAAA7760A1Z5
G_002391,84224.00,2025-07-22,INV/2025/92040,Vendor 2391 Pvt Ltd,27AAAAA7821A1ZB
G_002392,117770.00,2025-03-23,INV/2025/16105,Vendor 2392 Pvt Ltd,27AAAAA4395A1Z4
G_002393,84609.00,2025-12-16,INV/2025/74096,Vendor 2393 Pvt Ltd,27AAAAA1925A1ZI
G_002394,62843.00,2025-01-22,INV/2025/6528,Vendor 2394 Pvt Ltd,27AAAAA4694A1Z2
G_002395,18145.00,2025-09-14,INV/2025/42872,Vendor 2395 Pvt Ltd,27AAAAA3500A1ZR
G_002396,2623.00,2025-09-19,INV/2025/38963,Vendor 2396 Pvt Ltd,27AAAAA7484A1Z0
G_002397,72193.00,2025-02-04,INV/2025/6259,Vendor 2397 Pvt Ltd,27AAAAA7798A1ZR
G_002398,76480.00,2025-09-09,INV/2025/1937,Vendor 2398 Pvt Ltd,27AAAAA4760A1ZB
G_002399,66835.00,2025-03-26,INV/2025/53059,Vendor 2399 Pvt Ltd,27AAAAA7031A1ZH
G_002400,34918.00,2025-10-12,INV/2025/50060,Vendor 2400 PVT LTD,27AAAAA5610A1ZK
G_002401,43941.00,2025-04-11,,Vendor 2401 Pvt Ltd,27AAAAA5198A1Z1
G_002402,59298.00,2025-01-15,INV/2025/59398,vendor 2402 pvt ltd,27AAAAA5675A1Z3
G_002403,26916.00,2025-04-05,INV/2025/15770,Vendor 2403 Pvt Ltd,27AAAAA7646A1Z4
G_002404,52666.00,2025-10-19,INV/2025/97430,Vendor 2404 Pvt Ltd,27AAAAA4368A1Z7
G_002405,47408.00,2025-08-26,INV/2025/8126,Vendor 2405 PVT LTD,27AAAAA5970A1Z5
G_002406,28517.00,2025-09-19,INV/2025/4121,Vendor 2406 Pvt Ltd,27AAAAA5134A1ZH
G_002407,43869.00,2025-04-16,,Vendor 2407 Pvt Ltd,27AAAAA3964A1Z7
G_002408,120230.00,2025-07-20,INV/2025/79880,Vendor 2408 Pvt Ltd,27AAAAA6363A1Z8
G_002409,87528.00,2025-05-08,INV/2025/11180,Vendor 2409 Private Limited,27AAAAA5675A1Z3
G_002410,1569.00,2025-05-21,INV/2025/1001,Vendor 2410 Pvt Ltd,27AAAAA1819A1ZH
G_002411,12844.00,2025-01-28,INV/2025/49241,Vendor 2411 Pvt Ltd,27AAAAA3613A1ZL
G_002412,97335.00,2025-07-10,INV/2025/10974,Vendor 2412 Pvt Ltd,27AAAAA7933A1Z6
G_002413,4686.00,2025-03-03,INV/2025/40590,Vendor 2413 Pvt Ltd,27AAAAA5873A1Z3
G_002414,15871.00,2025-11-22,,Vendor 2414 Pvt Ltd,27AAAAA4353A1ZE
G_002415,22982.00,2025-01-08,INV/2025/15756,Vendor 2415 Pvt Ltd,27AAAAA8807A1Z7
G_002416,35498.00,2025-01-12,INV/2025/93127,Vendor 2416 Private Limited,27AAAAA5475A1Z5
G_002417,28342.00,2025-02-03,INV/2025/53106,Vendor 2417 Private Limited,27AAAAA3511A1ZO
G_002418,61140.00,2025-07-31,,Vendor 2418 Pvt Ltd,27AAAAA8085A1Z1
G_002419,172326.00,2025-02-02,INV/2025/37808,Vendor 2419 Pvt Ltd,27AAAAA1721A1ZO
G_002420,3299.00,2025-12-10,,Vendor 2420 Pvt Ltd,27AAAAA5379A1Z2
G_002421,355.00,2025-11-29,,Vendor 2421 Pvt Ltd,27AAAAA8339A1Z4
G_002422,146722.00,2025-12-26,INV/2025/65032,Vendor 2422 Pvt Ltd,27AAAAA8132A1ZD
G_002423,47814.00,2025-02-15,INV/2025/79387,Vendor 2423 Pvt Ltd,27AAAAA5694A1Z0
G_002424,21582.00,2025-07-11,,Vendor 2424 Pvt Ltd,27AAAAA9922A1Z5
G_002425,19196.00,2025-06-14,INV/2025/97363,Vendor,27AAAAA9859A1ZT
G_002426,48874.00,2025-08-28,INV/2025/46539,Vendor 2426 Pvt Ltd,27AAAAA7582A1Z1
G_002427,88666.00,2025-10-05,INV/2025/54454,Vendor 2427 Pvt Ltd,27AAAAA9102A1ZH
G_002428,18140.00,2025-06-20,INV/2025/48011,Vendor,27AAAAA5148A1ZB
G_002429,5704.00,2025-06-25,,Vendor 2429 Pvt Ltd,27AAAAA3691A1Z7
G_002430,78584.00,2025-06-24,INV/2025/71806,vendor 2430 pvt ltd,27AAAAA3376A1Z9
G_002431,27076.00,2025-12-21,INV/2025/52950,Vendor 2431 Pvt Ltd,27AAAAA3285A1Z9
G_002432,65817.00,2025-10-06,INV/2025/6502,VENDOR 2432 PVT LTD,27AAAAA2833A1ZH
G_002433,87215.00,2025-03-26,INV/2025/97955,Vendor 478 Pvt Ltd,27AAAAA2188A1Z9
G_002434,128434.00,2025-03-01,INV/2025/43662,Vendor 2434 Pvt Ltd,27AAAAA6486A1Z0
G_002435,68666.00,2025-12-03,INV/2025/52485,Vendor 2435 Pvt Ltd,27AAAAA7471A1Z5
G_002436,90251.00,2025-02-24,INV/2025/30597,Vendor,27AAAAA7684A1ZY
G_002437,93975.00,2025-01-01,INV/2025/67127,Vendor 2437 Pvt Ltd,27AAAAA4085A1Z9
G_002438,31797.00,2025-07-27,INV/2025/40696,Vendor 2438 Pvt Ltd,
G_002439,3180.00,2025-01-09,INV/2025/5076,Vendor 2439 Pvt Ltd,27AAAAA4129A1ZG
G_002440,8884.00,2025-05-10,,Vendor 2440 Pvt Ltd,27AAAAA2168A1ZD
G_002441,86815.00,2025-07-26,INV/2025/2385,Vendor 2441 Pvt Ltd Inc,27AAAAA6857A1Z1
G_002442,27421.00,2025-06-05,INV/2025/57167,Vendor,27AAAAA7142A1ZD
G_002443,89113.00,2025-09-09,INV/2025/5131,Vendor 2443 Pvt Ltd,27AAAAA1686A1Z8
G_002444,183866.00,2025-08-31,INV/2025/51299,Vendor 2444 Pvt Ltd,27AAAAA5190A1Z9
G_002445,89864.00,2025-09-09,INV/2025/4581,Vendor 2445 Pvt Ltd,27AAAAA6751A1Z8
G_002446,62342.00,2025-05-10,INV/2025/72268,Vendor 2446 Pvt Ltd,27AAAAA2422A1ZO
G_002447,59696.00,2025-07-14,INV/2025/99179,Vendor 2447 Pvt Ltd,27AAAAA2540A1ZL
G_002448,4601.00,2025-06-15,INV/2025/41607,vendor 2448 pvt ltd,27AAAAA8688A1ZS
G_002449,80541.00,2025-07-30,INV/2025/13445,Vendor 2449 Pvt Ltd,27AAAAA4548A1Z9
G_002450,66461.00,2025-08-16,INV/2025/10057,Vendor,27AAAAA1462A1ZI
G_002451,70310.00,2025-12-01,INV/2025/95939,Vendor 2451 Pvt Ltd,27AAAAA7359A1Z2
G_002452,64469.00,2025-03-31,INV/2025/60208,Vendor 2452 Pvt Ltd,27AAAAA9466A1ZY
G_002453,78890.00,2025-06-19,INV/2025/56932,Vendor 2453 Pvt Ltd,27AAAAA5756A1Z5
G_002454,26199.00,2025-09-04,INV/2025/64733,Vendor 2454 Pvt Ltd,27AAAAA2258A1ZE
G_002455,49477.00,2025-01-23,INV/2025/40620,Vendor 2455 Pvt Ltd,27AAAAA3893A1Z3
G_002456,30080.00,2026-01-01,INV/2025/59283,Vendor 2456 Pvt Ltd,
G_002457,18345.00,2025-03-09,,Vendor 2457 Pvt Ltd,27AAAAA3694A1Z4
G_002458,57523.00,2025-09-12,INV/2025/49060,Vendor 2458 Pvt Ltd,27AAAAA1387A1ZA
G_002459,83308.00,2025-10-06,INV/2025/14936,Vendor 2459 Pvt Ltd,27AAAAA7034A1ZE
G_002460,73144.00,2025-12-26,INV/2025/56345,Vendor 2460 Pvt Ltd,27AAAAA8148A1Z5
G_002461,62310.00,2025-07-25,,Vendor 2461 Pvt Ltd,27AAAAA6859A1ZZ
G_002462,15961.00,2025-01-13,INV/2025/22233,Vendor 2462 Pvt Ltd,27AAAAA3253A1ZH
G_002463,58571.00,2025-12-04,INV/2025/72554,Vendor 2463 Pvt Ltd,27AAAAA4219A1ZH
G_002464,86117.00,2025-04-05,INV/2025/77299,Vendor 2464 Pvt Ltd,27AAAAA2094A1ZC
G_002465,26635.00,2025-03-17,INV/2025/40366,Vendor 2465 Pvt Ltd,27AAAAA4805A1ZH
G_002466,48841.00,2025-01-31,INV/2025/67872,Vendor 2466 Pvt Ltd,27AAAAA1183A1ZG
G_002467,1260.00,2025-06-05,INV/2025/18964,Vendor 2467 Pvt Ltd,27AAAAA9692A1ZU
G_002468,28091.00,2025-04-07,INV/2025/88036,Vendor 2468 Pvt Ltd,27AAAAA8870A1Z0
G_002469,22699.00,2025-07-18,INV/2025/73487,VENDOR 2469 PVT LTD,27AAAAA2622A1ZM
G_002470,19251.00,2025-12-08,,Vendor 2470 Pvt Ltd,27AAAAA2161A1ZK
G_002471,62711.00,2025-09-20,INV/2025/10514,Vendor 2471 PVT LTD,27AAAAA2114A1ZR
G_002472,82101.00,2025-07-05,INV/2025/30536,Vendor 2472 Pvt Ltd,27AAAAA8075A1Z3
G_002473,51824.00,2025-01-15,INV/2025/26245,Vendor 2473 Pvt Ltd Inc,27AAAAA6250A1ZE
G_002474,98221.00,2025-03-07,INV/2025/63831,None,27AAAAA4681A1Z7
G_002475,84777.00,2025-11-22,INV/2025/21615,Vendor 2475 Pvt Ltd,27AAAAA7660A1Z6
G_002476,9937.00,2025-08-10,INV/2025/79619,Vendor 2476 Pvt Ltd,27AAAAA9145A1Z6
G_002477,92436.00,2025-03-16,INV/2025/85069,Vendor 2477 Pvt Ltd,27AAAAA2390A1ZD
G_002478,60983.00,2025-11-29,INV/2025/45758,Vendor 2478 Pvt Ltd,27AAAAA5601A1ZL
G_002479,40488.00,2025-08-29,INV/2025/68035,Vendor 2479 Pvt Ltd,27AAAAA6359A1Z4
G_002480,61615.00,2025-06-22,INV/2025/12925,Vendor 2480 Pvt Ltd Inc,27AAAAA3248A1ZE
G_002481,33076.00,2025-11-19,,Vendor 2481 Pvt Ltd,27AAAAA2031A1ZR
G_002482,29963.00,2025-06-10,,Vendor 2482 Pvt Ltd,27AAAAA9413A1ZB
G_002483,40253.00,2025-04-09,INV/2025/44908,Vendor,27AAAAA6710A1ZH
G_002484,175752.00,2025-12-04,INV/2025/25687,Vendor 2484 Pvt Ltd,27AAAAA7944A1Z3
G_002485,24999.00,2025-12-18,INV/2025/90912,Vendor 2485 Pvt Ltd,27AAAAA5833A1ZB
G_002486,26899.00,2025-08-25,INV/2025/77251,Vendor 2486 Private Limited,27AAAAA6261A1ZB
G_002487,83801.00,2025-05-07,INV/2025/27965,vendor 2487 pvt ltd,27AAAAA5775A1Z2
G_002488,84966.00,2025-09-12,INV/2025/50151,Vendor 2488 Pvt Ltd,27AAAAA3999A1ZW
G_002489,74573.00,2025-08-24,INV/2025/71439,Vendor 2489 Pvt Ltd,27AAAAA5435A1ZD
G_002490,33200.00,2025-03-05,INV/2025/50356,Vendor 2490 Pvt Ltd,
G_002491,33498.00,2025-09-11,,Vendor 96 Pvt Ltd,27AAAAA6067A1Z7
G_002492,67093.00,2025-10-18,INV/2025/56114,Vendor 2492 Pvt Ltd,27AAAAA5539A1Z8
G_002493,82427.00,2025-09-08,INV/2025/79023,Vendor 2493 Pvt Ltd,27AAAAA8007A1ZF
G_002494,15755.00,2025-03-13,INV/2025/24737,Vendor 2494 Pvt Ltd,27AAAAA6130A1ZJ
G_002495,5478.00,2025-02-05,INV/2025/37353,Vendor 2495 Pvt Ltd,27AAAAA1892A1Z8
G_002496,12668.00,2025-12-18,INV/2025/56478,Vendor 2496 Pvt Ltd,27AAAAA3087A1Z9
G_002497,1391.00,2025-02-27,,Vendor 2497 Pvt Ltd,27AAAAA1981A1ZA
G_002498,56435.00,2025-05-04,INV/2025/31210,Vendor 2498 Pvt Ltd,27AAAAA5656A1Z6
G_002499,72532.00,2025-07-01,INV/2025/31980,Vendor 2499 Pvt Ltd,27AAAAA5370A1ZB
G_002500,28919.00,2025-03-29,INV/2025/51236,Vendor 2500 Pvt Ltd,27AAAAA6189A1Z0
G_002501,12050.00,2025-10-20,INV/2025/98053,Vendor 2501 Pvt Ltd Inc,27AAAAA3627A1ZF
G_002502,12641.00,2025-05-07,INV/2025/54267,Vendor 2502 Pvt Ltd,27AAAAA3040A1ZO
G_002503,22846.00,2025-04-23,INV/2025/37630,Vendor 2503 Pvt Ltd,27AAAAA3713A1ZK
G_002504,57141.00,2025-10-24,INV/2025/79606,Vendor 2504 Pvt Ltd,27AAAAA4804A1ZI
G_002505,53647.00,2025-12-31,INV/2025/59213,Vendor 2505 Pvt Ltd,27AAAAA2343A1ZK
G_002506,80716.00,2025-07-14,INV/2025/4018,Vendor 2506 Pvt Ltd Inc,27AAAAA7299A1ZV
G_002507,57332.00,2025-09-26,INV/2025/45864,Vendor 2507 Pvt Ltd,27AAAAA9053A1Z7
G_002508,58058.00,2025-11-07,INV/2025/27931,Vendor 2508 Pvt Ltd,27AAAAA7355A1Z6
G_002509,22170.00,2025-07-26,INV/2025/28149,Vendor 2509 Pvt Ltd,27AAAAA7187A1Z0
G_002510,32706.00,2025-05-29,INV/2025/31263,Vendor 2510 Pvt Ltd,27AAAAA5491A1Z5
G_002511,90079.00,2025-10-16,INV/2025/32991,Vendor 2511 Private Limited,27AAAAA1397A1Z8
G_002512,51069.00,2025-10-20,INV/2025/46243,Vendor 2512 Pvt Ltd,27AAAAA1358A1ZF
G_002513,95019.00,2025-08-17,INV/2025/56592,Vendor 2513 Pvt Ltd,27AAAAA8148A1Z5
G_002514,35374.00,2025-07-07,INV/2025/35060,Vendor 2514 Pvt Ltd,27AAAAA4744A1ZB
G_002515,78625.00,2025-09-29,INV/2025/26652,Vendor 2515 Pvt Ltd,
G_002516,11892.00,2025-12-29,INV/2025/21808,Vendor 2516 Pvt Ltd,27AAAAA4745A1ZA
G_002517,32919.00,2025-02-10,,Vendor 2517 Pvt Ltd,27AAAAA1820A1ZO
G_002518,18664.00,2025-08-12,,Vendor 2518 Pvt Ltd,27AAAAA5803A1ZH
G_002519,40941.00,2025-03-27,INV/2025/69224,Vendor 2519 Pvt Ltd,27AAAAA7708A1Z9
G_002520,75153.00,2025-12-02,INV/2025/98136,Vendor 2520 Pvt Ltd,27AAAAA1854A1ZE
G_002521,22110.00,2025-05-01,INV/2025/3252,Vendor 2521 Pvt Ltd,27AAAAA2262A1ZI
G_002522,35364.00,2025-04-02,INV/2025/70986,Vendor 2522 Pvt Ltd,27AAAAA2663A1ZD
G_002523,94892.00,2025-04-02,INV/2025/21017,Vendor 2523 PVT LTD,27AAAAA7044A1ZC
G_002524,42761.00,2025-03-29,INV/2025/36695,Vendor 2524 Private Limited,27AAAAA1143A1ZO
G_002525,51716.00,2025-03-11,INV/2025/22889,Vendor 2525 Pvt Ltd,27AAAAA1931A1ZK
G_002526,31809.00,2025-11-08,INV/2025/49128,Vendor 2526 Pvt Ltd Inc,27AAAAA3167A1ZC
G_002527,23057.00,2025-12-30,INV/2025/15401,Vendor 2527 Pvt Ltd,27AAAAA8453A1Z5
G_002528,8891.00,2025-07-13,INV/2025/18813,Vendor 2528 Pvt Ltd,27AAAAA1692A1ZA
G_002529,88904.00,2025-07-22,INV/2025/73130,Vendor,27AAAAA9027A1Z9
G_002530,169898.00,2025-09-24,INV/2025/47391,Vendor 2530 Pvt Ltd,27AAAAA8645A1Z3
G_002531,98617.00,2025-05-09,,Vendor 2531 Pvt Ltd,27AAAAA7638A1Z4
G_002532,16646.00,2025-01-19,INV/2025/28117,Vendor 2532 Pvt Ltd,27AAAAA9187A1ZW
G_002533,15243.00,2025-11-06,INV/2025/55055,Vendor 2533 Pvt Ltd,27AAAAA5889A1ZV
G_002534,41329.00,2025-09-07,INV/2025/27044,Vendor 2534 Pvt Ltd,27AAAAA1391A1ZE
G_002535,59074.00,2025-10-30,INV/2025/99202,Vendor 2535 Pvt Ltd,27AAAAA3411A1ZP
G_002536,32146.00,2025-03-14,,Vendor 2536 Pvt Ltd,27AAAAA7493A1ZZ
G_002537,63903.00,2025-07-24,INV/2025/62125,Vendor 2537 Pvt Ltd,27AAAAA5143A1ZG
G_002538,54599.00,2025-01-27,,Vendor 2538 Pvt Ltd,27AAAAA3136A1ZJ
G_002539,38821.00,2025-07-11,INV/2025/7962,Vendor 2539 Pvt Ltd,27AAAAA2659A1Z9
G_002540,10339.00,2025-11-03,INV/2025/39528,Vendor 2540 Pvt Ltd,27AAAAA8100A1ZL
G_002541,5411.00,2025-09-03,INV/2025/9880,Vendor 2541 Pvt Ltd,27AAAAA8816A1Z6
G_002542,21850.00,2025-01-06,INV/2025/14277,Vendor 2542 Pvt Ltd,27AAAAA9302A1ZF
G_002543,7949.00,2025-01-13,INV/2025/67782,Vendor 2543 Pvt Ltd,27AAAAA5417A1ZF
G_002544,58868.00,2025-07-26,INV/2025/44783,Vendor 2544 Pvt Ltd,27AAAAA1395A1ZA
G_002545,48330.00,2025-01-27,INV/2025/68763,Vendor,27AAAAA5668A1Z2
G_002546,134934.00,2025-01-19,INV/2025/88335,Vendor 2546 Pvt Ltd,27AAAAA8100A1ZL
G_002547,20197.00,2025-07-13,INV/2025/44273,Vendor,27AAAAA2102A1ZV
G_002548,18968.00,2025-03-14,INV/2025/26733,Vendor 2548 Pvt Ltd,27AAAAA5376A1Z5
G_002549,28966.00,2025-01-22,INV/2025/6768,Vendor 2549 Pvt Ltd,27AAAAA7461A1Z7
G_002550,54937.00,2025-10-19,INV/2025/26383,Vendor 2550 Pvt Ltd,27AAAAA4186A1Z7
G_002551,56056.00,2025-10-08,INV/2025/75473,Vendor 2551 Pvt Ltd,27AAAAA3484A1Z8
G_002552,8780.00,2025-03-25,INV/2025/5910,Vendor 2552 Pvt Ltd,27AAAAA1009A1ZR
G_002553,28817.00,2025-08-28,,Vendor 2553 Pvt Ltd,27AAAAA2082A1ZG
G_002554,87841.00,2025-08-24,INV/2025/45923,Vendor 2554 Pvt Ltd Inc,27AAAAA2310A1ZT
G_002555,75734.00,2025-10-13,,Vendor 2555 Pvt Ltd,27AAAAA5228A1ZE
G_002556,82875.00,2025-12-07,INV/2025/43799,vendor 2556 pvt ltd,27AAAAA6416A1ZE
G_002557,89570.00,2025-05-23,INV/2025/78837,Vendor 2557 Pvt Ltd,27AAAAA9520A1ZB
G_002558,63459.00,2025-05-20,,Vendor 2558 Pvt Ltd,27AAAAA8108A1ZD
G_002559,6822.00,2025-10-30,INV/2025/40366,Vendor 2559 Pvt Ltd,27AAAAA3424A1ZK
G_002560,32702.00,2025-08-26,,Vendor 2560 Pvt Ltd,27AAAAA4587A1Z2
G_002561,47678.00,2025-07-31,INV/2025/98324,Vendor 2561 Pvt Ltd,27AAAAA9287A1ZV
G_002562,10733.00,2025-05-05,INV/2025/22292,vendor 2562 pvt ltd,27AAAAA5900A1ZJ
G_002563,7558.00,2025-08-12,INV/2025/54205,Vendor 2563 Pvt Ltd,27AAAAA8752A1Z3
G_002564,48646.00,2025-03-02,INV/2025/41371,Vendor 2564 Pvt Ltd,27AAAAA6468A1Z2
G_002565,52049.00,2025-10-29,INV/2025/29053,Vendor 2565 Pvt Ltd,27AAAAA9058A1Z2
G_002566,31981.00,2025-11-09,INV/2025/22613,Vendor 2566 Pvt Ltd,27AAAAA5693A1Z1
G_002567,10963.00,2025-02-21,INV/2025/11760,Vendor 2567 Pvt Ltd,27AAAAA7174A1Z5
G_002568,70927.00,2025-08-08,,Vendor 2568 Pvt Ltd,27AAAAA3458A1ZA
G_002569,6831.00,2025-01-02,INV/2025/62762,Vendor 2569 Pvt Ltd,27AAAAA3488A1Z4
G_002570,89063.00,2025-12-18,INV/2025/92748,Vendor 2570 Pvt Ltd,27AAAAA7009A1ZF
G_002571,21755.00,2025-06-08,INV/2025/44272,Vendor 2571 Pvt Ltd,27AAAAA1662A1ZG
G_002572,5279.00,2025-11-11,INV/2025/1027,Vendor 2572 Pvt Ltd,27AAAAA3784A1Z5
G_002573,14195.00,2025-05-17,INV/2025/78774,Vendor 2573 Pvt Ltd,27AAAAA9034A1ZA
G_002574,80412.00,2025-05-26,INV/2025/19168,Vendor 2574 Pvt Ltd,27AAAAA2174A1ZF
G_002575,20729.00,2025-11-26,INV/2025/92742,Vendor,27AAAAA5259A1Z7
G_002576,4298.00,2025-07-21,INV/2025/45388,vendor 2576 pvt ltd,27AAAAA5648A1Z6
G_002577,47122.00,2025-09-18,INV/2025/41160,Vendor 2577 Pvt Ltd,27AAAAA8413A1ZD
G_002578,54884.00,2025-05-01,INV/2025/41543,Vendor 2578 PVT LTD,27AAAAA7571A1Z4
G_002579,92274.00,2025-03-21,INV/2025/5823,Vendor 2579 Pvt Ltd,27AAAAA3436A1ZG
G_002580,19456.00,2025-02-25,INV/2025/59840,Vendor 2580 Pvt Ltd,27AAAAA2928A1ZD
G_002581,43711.00,2025-12-19,INV/2025/42936,vendor 2581 pvt ltd,27AAAAA5628A1ZA
G_002582,16171.00,2025-11-26,,Vendor 2582 Pvt Ltd,27AAAAA7715A1ZA
G_002583,93044.00,2025-04-18,INV/2025/63026,Vendor 2583 Pvt Ltd Inc,27AAAAA5956A1Z3
G_002584,45331.00,2025-02-03,INV/2025/7411,Vendor 2584 Pvt Ltd,27AAAAA4137A1ZG
G_002585,51160.00,2025-04-06,INV/2025/66223,Vendor 2585 Pvt Ltd,27AAAAA5131A1ZK
G_002586,118062.00,2025-03-10,INV/2025/43848,Vendor 2586 Pvt Ltd,27AAAAA6301A1ZM
G_002587,1075.00,2025-03-26,INV/2025/33846,Vendor 2587 Pvt Ltd,27AAAAA4014A1ZO
G_002588,19520.00,2025-01-22,INV/2025/19394,Vendor 2588 Pvt Ltd,27AAAAA6481A1Z5
G_002589,26610.00,2025-04-03,INV/2025/55771,Vendor 2589 Pvt Ltd,27AAAAA5552A1ZB
G_002590,93340.00,2025-06-25,INV/2025/81593,Vendor 2590 Pvt Ltd,27AAAAA6910A1ZF
G_002591,65777.00,2025-04-14,INV/2025/28664,Vendor 247 Pvt Ltd,27AAAAA8149A1Z4
G_002592,35941.00,2025-09-29,,Vendor 2592 Pvt Ltd,27AAAAA9273A1Z1
G_002593,57108.00,2025-01-21,,Vendor 2593 Pvt Ltd,27AAAAA4222A1ZM
G_002594,70720.00,2025-08-22,INV/2025/6834,Vendor 2594 Pvt Ltd,27AAAAA5754A1Z7
G_002595,62295.00,2025-08-02,,Vendor 2595 Pvt Ltd,27AAAAA2028A1ZM
G_002596,41411.00,2025-10-30,INV/2025/30215,Vendor 2596 Pvt Ltd,27AAAAA4783A1Z4
G_002597,30177.00,2025-12-09,INV/2025/76964,Vendor 2597 Pvt Ltd,27AAAAA1634A1ZK
G_002598,30144.00,2025-01-21,,Vendor 2598 Pvt Ltd,27AAAAA9695A1ZR
G_002599,394.00,2025-08-09,,Vendor 2599 Pvt Ltd,27AAAAA7504A1ZF
G_002600,70257.00,2025-10-07,INV/2025/55624,Vendor 2600 Pvt Ltd,27AAAAA5483A1Z5
G_002601,78775.00,2025-12-06,INV/2025/7710,Vendor 2601 Pvt Ltd,27AAAAA6016A1ZI
G_002602,173552.00,2025-10-10,INV/2025/38690,Vendor 2602 Pvt Ltd,27AAAAA9750A1Z3
G_002603,73599.00,2025-06-18,INV/2025/24230,Vendor 2603 PVT LTD,27AAAAA7373A1Z4
G_002604,10543.00,2025-06-18,INV/2025/85783,Vendor 2604 Pvt Ltd,27AAAAA8036A1ZA
G_002605,17123.00,2025-05-13,INV/2025/23154,vendor 2605 pvt ltd,27AAAAA2629A1ZF
G_002606,55995.00,2025-04-15,INV/2025/96572,Vendor 2606 Pvt Ltd,27AAAAA3651A1ZF
G_002607,40665.00,2025-10-05,INV/2025/91643,Vendor 2607 Private Limited,27AAAAA5731A1ZE
G_002608,16017.00,2025-01-02,INV/2025/32398,Vendor 2608 Pvt Ltd,27AAAAA3548A1ZB
G_002609,23558.00,2025-02-28,INV/2025/60151,Vendor 2609 Pvt Ltd,27AAAAA5424A1ZG
G_002610,61087.00,2025-09-19,INV/2025/17003,Vendor 2610 Pvt Ltd,27AAAAA9758A1ZV
G_002611,46795.00,2025-02-17,INV/2025/47299,Vendor 2611 Pvt Ltd,27AAAAA2364A1ZF
G_002612,32904.00,2025-01-10,INV/2025/82309,Vendor 2612 Pvt Ltd,
G_002613,21371.00,2025-03-16,INV/2025/45839,Vendor 2613 Pvt Ltd,27AAAAA2039A1ZJ
G_002614,25550.00,2025-09-03,INV/2025/83781,Vendor 2614 Pvt Ltd,27AAAAA9762A1ZZ
G_002615,99289.00,2025-08-10,INV/2025/14575,Vendor 2615 Pvt Ltd,
G_002616,25022.00,2025-11-14,INV/2025/84556,Vendor 2616 Pvt Ltd,27AAAAA3744A1ZD
G_002617,97702.00,2025-04-27,,Vendor 2617 Pvt Ltd,27AAAAA2096A1ZA
G_002618,50860.00,2025-06-14,INV/2025/85217,Vendor 2618 Pvt Ltd,27AAAAA8501A1ZG
G_002619,59463.00,2025-04-07,INV/2025/1487,Vendor 2619 Private Limited,27AAAAA1596A1Z7
G_002620,85129.00,2025-06-23,INV/2025/55464,Vendor 2620 Pvt Ltd,27AAAAA7103A1ZK
G_002621,11270.00,2025-03-10,INV/2025/13579,VENDOR 2621 PVT LTD,27AAAAA8593A1ZW
G_002622,62153.00,2025-09-11,,Vendor 2622 Pvt Ltd,27AAAAA3224A1ZM
G_002623,31592.00,2025-11-16,INV/2025/5257,Vendor 2623 Pvt Ltd,27AAAAA6582A1Z3
G_002624,55889.00,2025-05-31,,Vendor 2624 Pvt Ltd,27AAAAA9799A1ZM
G_002625,87239.00,2025-03-12,INV/2025/92213,Vendor 2625 Pvt Ltd,27AAAAA5918A1Z9
G_002626,36887.00,2025-06-24,,Vendor 2626 Pvt Ltd,27AAAAA3507A1ZK
G_002627,9946.00,2025-09-13,INV/2025/41420,Vendor 2627 Pvt Ltd,27AAAAA6960A1Z5
G_002628,43059.00,2025-04-05,INV/2025/94297,Vendor 2628 Pvt Ltd,27AAAAA5671A1Z7
G_002629,79124.00,2025-11-03,INV/2025/14123,Vendor 2629 Pvt Ltd,27AAAAA9600A1ZE
G_002630,43849.00,2025-06-12,INV/2025/17217,Vendor 2630 Pvt Ltd,27AAAAA5328A1ZD
G_002631,30445.00,2025-01-26,INV/2025/37243,Vendor 2631 Pvt Ltd,27AAAAA2291A1ZD
G_002632,10541.00,2025-12-31,,Vendor 2632 Pvt Ltd,27AAAAA9868A1ZS
G_002633,39055.00,2025-10-10,INV/2025/87232,Vendor 2633 Pvt Ltd,27AAAAA9946A1ZX
G_002634,40980.00,2025-08-04,INV/2025/13185,Vendor 2634 Pvt Ltd Inc,27AAAAA1667A1ZB
G_002635,9110.00,2025-02-18,INV/2025/78110,Vendor 2635 Pvt Ltd,27AAAAA3242A1ZK
G_002636,61602.00,2025-07-04,INV/2025/54213,Vendor 2636 Pvt Ltd Inc,27AAAAA1696A1Z6
G_002637,10849.00,2025-06-21,INV/2025/23069,Vendor 2637 Pvt Ltd,27AAAAA5056A1ZC
G_002638,82785.00,2025-01-09,INV/2025/62645,Vendor 2638 Pvt Ltd,27AAAAA2701A1ZQ
G_002639,96813.00,2025-12-16,INV/2025/67805,Vendor 2639 Pvt Ltd,27AAAAA3774A1Z7
G_002640,35924.00,2025-10-23,INV/2025/96663,Vendor 2640 Pvt Ltd,27AAAAA9568A1ZV
G_002641,56424.00,2025-04-19,INV/2025/81380,Vendor 2641 PVT LTD,27AAAAA1972A1ZB
G_002642,45223.00,2025-03-11,,Vendor 2642 Pvt Ltd,27AAAAA5795A1ZY
G_002643,35405.00,2025-05-08,,Vendor 2643 Pvt Ltd,27AAAAA5713A1ZG
G_002644,33523.00,2025-11-28,INV/2025/80332,Vendor 2644 Pvt Ltd,27AAAAA7884A1ZW
G_002645,77529.00,2025-04-08,INV/2025/98882,Vendor 2645 Pvt Ltd,27AAAAA7644A1Z6
G_002646,84093.00,2025-10-25,,Vendor 2646 Pvt Ltd,27AAAAA4020A1ZQ
G_002647,30358.00,2025-05-08,INV/2025/98632,Vendor 2647 Pvt Ltd,27AAAAA1658A1ZC
G_002648,17527.00,2025-04-22,,Vendor 2648 Pvt Ltd,27AAAAA7467A1Z1
G_002649,94109.00,2025-02-26,INV/2025/92255,Vendor 2649 Pvt Ltd,27AAAAA4443A1ZF
G_002650,117396.00,2025-03-15,INV/2025/20265,Vendor 2650 Pvt Ltd,27AAAAA4380A1ZB
G_002651,53987.00,2025-07-13,INV/2025/87444,Vendor 2651 Pvt Ltd Inc,27AAAAA6326A1ZD
G_002652,83337.00,2025-03-16,INV/2025/28103,Vendor 2652 Pvt Ltd,27AAAAA4302A1ZP
G_002653,64313.00,2025-09-08,INV/2025/36900,Vendor 2653 Pvt Ltd,27AAAAA4977A1Z0
G_002654,121724.00,2025-03-23,INV/2025/9048,Vendor 2654 Pvt Ltd,27AAAAA8099A1ZV
G_002655,37989.00,2025-04-15,INV/2025/55185,Vendor 2655 Pvt Ltd,27AAAAA9589A1ZQ
G_002656,36713.00,2025-04-01,INV/2025/56856,Vendor 2656 Pvt Ltd,27AAAAA5643A1ZB
G_002657,76971.00,2025-08-21,INV/2025/46592,Vendor 2657 Pvt Ltd,27AAAAA2069A1ZD
G_002658,90334.00,2025-05-22,,Vendor 2658 Pvt Ltd,27AAAAA4291A1Z9
G_002659,29009.00,2025-08-13,INV/2025/18496,Vendor 2659 Pvt Ltd,27AAAAA8870A1Z0
G_002660,50507.00,2025-04-23,INV/2025/73318,Vendor 2660 PVT LTD,27AAAAA8961A1Z0
G_002661,68523.00,2025-05-11,INV/2025/91427,Vendor 2661 Pvt Ltd,27AAAAA7075A1Z5
G_002662,40760.00,2025-07-26,INV/2025/3660,Vendor 2662 Pvt Ltd,27AAAAA9462A1Z2
G_002663,31717.00,2025-05-25,INV/2025/34043,Vendor 2663 Pvt Ltd,
G_002664,24079.00,2025-11-18,,Vendor 2664 Pvt Ltd,27AAAAA9682A1ZW
G_002665,43009.00,2025-12-20,INV/2025/73597,Vendor 490 Pvt Ltd,27AAAAA1520A1ZR
G_002666,50902.00,2025-04-06,INV/2025/15216,Vendor 2666 Pvt Ltd,27AAAAA8881A1ZX
G_002667,76933.00,2025-04-13,INV/2025/83424,Vendor 2667 Pvt Ltd,27AAAAA5455A1Z9
G_002668,12694.00,2025-07-14,INV/2025/62846,Vendor 2668 PVT LTD,27AAAAA6847A1Z3
G_002669,46877.00,2025-08-30,INV/2025/32610,Vendor,27AAAAA6507A1ZE
G_002670,90504.00,2025-02-09,INV/2025/14525,Vendor 2670 PVT LTD,27AAAAA1269A1ZD
G_002671,26964.00,2025-08-28,INV/2025/55048,vendor 2671 pvt ltd,27AAAAA1718A1ZJ
G_002672,57940.00,2025-03-11,INV/2025/29931,Vendor 2672 Pvt Ltd,27AAAAA9987A1ZO
G_002673,1633.00,2025-10-28,INV/2025/54626,Vendor 2673 Pvt Ltd,27AAAAA5201A1ZP
G_002674,27505.00,2025-02-17,,Vendor 2674 Pvt Ltd,27AAAAA8370A1Z5
G_002675,65818.00,2025-11-03,INV/2025/71371,Vendor 2675 Pvt Ltd,27AAAAA2532A1ZL
G_002676,90408.00,2025-05-22,INV/2025/71919,Vendor 2676 Pvt Ltd,27AAAAA8798A1ZP
G_002677,64266.00,2025-04-21,,Vendor 2677 Pvt Ltd,27AAAAA1104A1ZV
G_002678,76499.00,2025-04-28,INV/2025/76454,Vendor 2678 Pvt Ltd,27AAAAA9252A1Z6
G_002679,46879.00,2025-08-20,INV/2025/73913,Vendor 2679 Private Limited,27AAAAA6717A1ZA
G_002680,87564.00,2025-05-21,INV/2025/26237,Vendor 2680 Pvt Ltd,27AAAAA1349A1ZG
G_002681,96102.00,2025-04-02,INV/2025/26671,Vendor 2681 Pvt Ltd,27AAAAA5833A1ZB
G_002682,29673.00,2025-11-13,INV/2025/18631,Vendor 2682 Pvt Ltd,27AAAAA8364A1Z3
G_002683,48156.00,2025-11-18,INV/2025/40268,Vendor 2683 Pvt Ltd,27AAAAA2036A1ZM
G_002684,62192.00,2025-07-13,INV/2025/1999,Vendor 2684 Pvt Ltd,27AAAAA3606A1ZK
G_002685,89810.00,2025-08-04,INV/2025/15224,Vendor 2685 Pvt Ltd,27AAAAA3868A1Z4
G_002686,20250.00,2025-08-01,INV/2025/15213,Vendor 2686 Pvt Ltd,27AAAAA2199A1Z6
G_002687,69966.00,2026-01-01,INV/2025/69191,Vendor 2687 Pvt Ltd,27AAAAA3722A1ZJ
G_002688,59482.00,2025-03-22,INV/2025/78892,VENDOR 2688 PVT LTD,27AAAAA6407A1ZF
G_002689,55790.00,2025-03-30,INV/2025/81078,Vendor 2689 Pvt Ltd,27AAAAA6172A1Z9
G_002690,96230.00,2025-01-11,INV/2025/26725,Vendor 2690 Pvt Ltd,27AAAAA4508A1ZH
G_002691,61031.00,2025-02-16,INV/2025/77205,Vendor 2691 Pvt Ltd,27AAAAA9772A1ZX
G_002692,30212.00,2025-12-25,,Vendor 2692 Pvt Ltd,27AAAAA1881A1ZB
G_002693,103642.00,2025-11-29,INV/2025/77108,Vendor 2693 Pvt Ltd,27AAAAA8853A1Z1
G_002694,70751.00,2025-04-29,INV/2025/17571,Vendor 2694 Pvt Ltd,27AAAAA3945A1ZA
G_002695,9821.00,2025-05-04,INV/2025/71648,Vendor 2695 Pvt Ltd Inc,27AAAAA9907A1Z4
G_002696,34133.00,2025-05-14,INV/2025/44525,None,27AAAAA2532A1ZL
G_002697,64391.00,2025-04-16,INV/2025/19312,Vendor 2697 Pvt Ltd,27AAAAA2464A1ZE
G_002698,9463.00,2025-08-05,INV/2025/95492,Vendor 2698 Private Limited,27AAAAA8247A1Z5
G_002699,60510.00,2025-03-26,INV/2025/90304,Vendor 2699 Pvt Ltd,27AAAAA6273A1Z7
G_002700,8878.00,2025-01-06,INV/2025/4581,Vendor 2700 Pvt Ltd,27AAAAA1490A1ZE
G_002701,22124.00,2025-06-15,INV/2025/22616,Vendor 2701 Pvt Ltd,27AAAAA1497A1Z7
G_002702,90271.00,2025-04-08,,Vendor 2702 Pvt Ltd,27AAAAA2353A1ZI
G_002703,169950.00,2025-07-10,INV/2025/8503,Vendor 2703 Pvt Ltd,27AAAAA9831A1Z5
G_002704,46412.00,2025-06-10,INV/2025/50682,None,27AAAAA3453A1ZF
G_002705,98735.00,2025-05-30,INV/2025/35184,Vendor 2705 Pvt Ltd,27AAAAA5749A1Z4
G_002706,78788.00,2025-12-09,INV/2025/76547,Vendor 2706 Pvt Ltd Inc,27AAAAA3423A1ZL
G_002707,19836.00,2025-03-31,INV/2025/38876,None,27AAAAA2255A1ZH
G_002708,61556.00,2025-01-21,INV/2025/67472,Vendor 2708 Pvt Ltd,27AAAAA7216A1ZE
G_002709,466.00,2025-12-05,,Vendor 2709 Pvt Ltd,27AAAAA1800A1ZS
G_002710,11724.00,2025-07-05,INV/2025/95882,VENDOR 2710 PVT LTD,27AAAAA6594A1ZZ
G_002711,73893.00,2025-03-04,INV/2025/31907,Vendor 2711 Pvt Ltd,27AAAAA7188A1ZZ
G_002712,29964.00,2025-06-14,INV/2025/49439,Vendor 2712 Pvt Ltd Inc,27AAAAA9383A1ZY
G_002713,75705.00,2025-07-12,INV/2025/96630,Vendor 2713 Pvt Ltd,27AAAAA3789A1Z0
G_002714,7051.00,2025-07-28,INV/2025/28252,Vendor 2714 Pvt Ltd,27AAAAA8696A1ZS
G_002715,162228.00,2025-07-01,INV/2025/3227,Vendor 2715 Pvt Ltd,27AAAAA8537A1Z4
G_002716,24317.00,2025-03-06,INV/2025/9456,Vendor 2716 Pvt Ltd,27AAAAA9615A1Z7
G_002717,51437.00,2025-05-10,INV/2025/70281,Vendor 2717 Pvt Ltd,27AAAAA3005A1ZR
G_002718,96897.00,2025-01-03,INV/2025/35289,Vendor 2718 Pvt Ltd Inc,27AAAAA9671A1ZZ
G_002719,71858.00,2025-08-31,,Vendor 2719 Pvt Ltd,27AAAAA3907A1ZG
G_002720,49656.00,2025-04-07,INV/2025/70248,Vendor,27AAAAA4176A1Z9
G_002721,88311.00,2025-02-03,INV/2025/19546,VENDOR 2721 PVT LTD,27AAAAA3537A1ZE
G_002722,68483.00,2025-10-20,INV/2025/85565,vendor 2722 pvt ltd,27AAAAA3799A1ZY
G_002723,20887.00,2025-01-11,,Vendor 2723 Pvt Ltd,27AAAAA5875A1Z1
G_002724,48368.00,2025-09-28,INV/2025/57477,Vendor 2724 Pvt Ltd,27AAAAA3138A1ZH
G_002725,10869.00,2025-08-25,INV/2025/6344,Vendor 2725 Pvt Ltd,27AAAAA7387A1ZY
G_002726,99407.00,2025-05-29,INV/2025/6546,Vendor 2726 Pvt Ltd,27AAAAA7122A1ZH
G_002727,44655.00,2025-10-06,INV/2025/90546,Vendor 2727 Pvt Ltd,27AAAAA7046A1ZA
G_002728,87743.00,2025-02-13,INV/2025/62581,Vendor 2728 Pvt Ltd,27AAAAA1381A1ZG
G_002729,38189.00,2025-09-20,,Vendor 2729 Pvt Ltd,27AAAAA5584A1Z3
G_002730,29704.00,2025-02-25,INV/2025/49283,Vendor 2730 Pvt Ltd,27AAAAA1368A1ZD
G_002731,23491.00,2025-05-22,INV/2025/44457,Vendor 2731 Pvt Ltd,27AAAAA9499A1ZP
G_002732,88400.00,2025-12-19,INV/2025/45555,Vendor 2732 Pvt Ltd,27AAAAA2008A1ZQ
G_002733,38291.00,2025-05-03,,Vendor 2733 Pvt Ltd,27AAAAA1942A1ZH
G_002734,25571.00,2025-09-27,INV/2025/34779,vendor 2734 pvt ltd,27AAAAA6817A1Z9
G_002735,18635.00,2025-02-22,INV/2025/12804,Vendor 2735 Pvt Ltd,27AAAAA4635A1ZD
G_002736,61238.00,2025-03-05,INV/2025/72352,Vendor 2736 Pvt Ltd,27AAAAA9621A1Z9
G_002737,77867.00,2025-02-16,INV/2025/83689,Vendor,27AAAAA4950A1ZB
G_002738,84514.00,2025-06-15,INV/2025/30585,Vendor 2738 Pvt Ltd,27AAAAA7635A1Z7
G_002739,94912.00,2025-02-09,,Vendor 2739 Pvt Ltd,27AAAAA1569A1ZA
G_002740,65199.00,2025-06-17,INV/2025/52031,Vendor 2740 Pvt Ltd,27AAAAA9272A1Z2
G_002741,72523.00,2025-09-26,INV/2025/2098,Vendor 2741 Pvt Ltd,27AAAAA7671A1Z3
G_002742,3953.00,2025-10-28,INV/2025/14991,Vendor 2742 Pvt Ltd,27AAAAA1435A1ZL
G_002743,78375.00,2025-09-26,INV/2025/2719,Vendor 2743 Pvt Ltd,27AAAAA3095A1Z9
G_002744,83571.00,2025-12-26,INV/2025/66188,Vendor 2744 Pvt Ltd,27AAAAA8737A1Z2
G_002745,95098.00,2025-08-01,,Vendor 2745 Pvt Ltd,27AAAAA2961A1ZC
G_002746,48322.00,2025-11-09,INV/2025/46323,Vendor 2746 Pvt Ltd,27AAAAA7418A1ZA
G_002747,79227.00,2025-02-06,,Vendor 2747 Pvt Ltd,27AAAAA6099A1ZZ
G_002748,14367.00,2025-10-04,INV/2025/39304,Vendor 2748 Pvt Ltd,27AAAAA5699A1ZV
G_002749,45051.00,2025-01-14,INV/2025/77881,Vendor 2749 Pvt Ltd,27AAAAA8820A1ZA
G_002750,22460.00,2025-03-22,INV/2025/29257,VENDOR 2750 PVT LTD,27AAAAA4190A1ZB
G_002751,59251.00,2025-05-21,INV/2025/44934,Vendor 2751 Pvt Ltd,27AAAAA4934A1ZB
G_002752,4881.00,2025-12-23,,Vendor 2752 Pvt Ltd,27AAAAA5180A1ZB
G_002753,70368.00,2025-07-28,INV/2025/98929,Vendor 2753 Pvt Ltd,27AAAAA9514A1Z9
G_002754,44335.00,2025-05-02,,Vendor 2754 Pvt Ltd,27AAAAA1348A1ZH
G_002755,68170.00,2025-12-22,INV/2025/13580,Vendor 2755 Pvt Ltd,27AAAAA1759A1ZA
G_002756,5625.00,2025-04-09,INV/2025/8259,Vendor 2756 PVT LTD,27AAAAA1294A1ZC
G_002757,79716.00,2025-02-15,INV/2025/4574,Vendor 2757 Pvt Ltd,27AAAAA7518A1Z9
G_002758,42092.00,2025-04-19,,Vendor 2758 Pvt Ltd,27AAAAA2190A1ZF
G_002759,44734.00,2025-07-02,INV/2025/7822,Vendor 2759 Pvt Ltd,
G_002760,63720.00,2025-11-17,INV/2025/64605,Vendor 2760 Pvt Ltd,27AAAAA2782A1Z9
G_002761,81519.00,2025-04-18,INV/2025/69746,Vendor 2761 Pvt Ltd,27AAAAA1660A1ZI
G_002762,72783.00,2025-01-03,,Vendor 2762 Pvt Ltd,27AAAAA5980A1Z3
G_002763,39217.00,2025-05-02,,Vendor 2763 Pvt Ltd,27AAAAA6613A1ZF
G_002764,17990.00,2025-07-28,INV/2025/7045,Vendor 2764 Pvt Ltd,27AAAAA9660A1Z2
G_002765,7099.00,2025-02-22,INV/2025/88428,Vendor 2765 Pvt Ltd,27AAAAA3033A1ZN
G_002766,79487.00,2025-01-25,INV/2025/67505,Vendor 2766 Pvt Ltd,27AAAAA1295A1ZB
G_002767,38025.00,2025-05-27,INV/2025/76246,Vendor 2767 Pvt Ltd,27AAAAA2062A1ZK
G_002768,33555.00,2025-10-26,INV/2025/22705,Vendor 2768 Pvt Ltd,27AAAAA8423A1ZB
G_002769,81952.00,2025-10-21,,Vendor 2769 Pvt Ltd,27AAAAA7893A1ZV
G_002770,11851.00,2025-09-25,INV/2025/39738,Vendor 2770 Pvt Ltd,27AAAAA8474A1Z0
G_002771,83563.00,2025-10-19,INV/2025/33532,Vendor 2771 Pvt Ltd,27AAAAA7293A1Z1
G_002772,2888.00,2025-09-14,INV/2025/41579,None,27AAAAA5823A1ZD
G_002773,23053.00,2025-04-08,INV/2025/15202,Vendor 2773 Pvt Ltd,27AAAAA4185A1Z8
G_002774,38691.00,2025-03-14,INV/2025/57344,Vendor 2774 Pvt Ltd,27AAAAA4654A1ZA
G_002775,53553.00,2025-11-15,INV/2025/92708,Vendor 2775 Pvt Ltd,27AAAAA1897A1Z3
G_002776,52265.00,2025-11-24,INV/2025/16429,Vendor 2776 Pvt Ltd,27AAAAA3539A1ZC
G_002777,84240.00,2025-08-15,INV/2025/23795,Vendor 2777 Pvt Ltd,27AAAAA1500A1ZV
G_002778,68256.00,2025-11-07,INV/2025/29887,Vendor 2778 Pvt Ltd,27AAAAA4737A1ZA
G_002779,85321.00,2025-05-05,INV/2025/69184,Vendor 2779 Pvt Ltd,27AAAAA6927A1Z6
G_002780,37416.00,2025-01-02,,Vendor 2780 Pvt Ltd,27AAAAA1286A1ZC
G_002781,18772.00,2025-12-22,INV/2025/75221,Vendor 2781 Pvt Ltd Inc,27AAAAA2930A1ZJ
G_002782,53345.00,2025-10-30,INV/2025/48018,Vendor 2782 PVT LTD,27AAAAA3412A1ZO
G_002783,12354.00,2025-10-09,INV/2025/51126,Vendor 2783 Pvt Ltd Inc,27AAAAA5358A1Z7
G_002784,28494.00,2025-01-08,INV/2025/74635,Vendor 2784 Pvt Ltd,27AAAAA2192A1ZD
G_002785,25041.00,2025-09-28,INV/2025/42116,None,27AAAAA3387A1Z6
G_002786,35102.00,2025-07-24,INV/2025/71971,Vendor 2786 Pvt Ltd,27AAAAA4146A1ZF
G_002787,66819.00,2025-05-20,,Vendor 2787 Pvt Ltd,27AAAAA6091A1Z7
G_002788,62807.00,2025-04-25,INV/2025/1128,Vendor 2788 Pvt Ltd,27AAAAA3690A1Z8
G_002789,78794.00,2025-07-20,INV/2025/52024,Vendor 2789 Pvt Ltd,27AAAAA8114A1ZF
G_002790,66147.00,2025-04-14,INV/2025/10837,Vendor 2790 Pvt Ltd,27AAAAA7343A1ZA
G_002791,3440.00,2025-01-25,INV/2025/9679,Vendor 2791 Pvt Ltd,27AAAAA6486A1Z0
G_002792,10599.00,2025-05-31,INV/2025/83557,None,27AAAAA5575A1Z4
G_002793,59493.00,2025-07-28,,Vendor 2793 Pvt Ltd,27AAAAA1890A1ZA
G_002794,84257.00,2025-07-30,INV/2025/83179,Vendor 2794 Pvt Ltd,27AAAAA8263A1Z5
G_002795,83658.00,2025-05-24,INV/2025/36405,Vendor 2795 Pvt Ltd,27AAAAA4612A1ZK
G_002796,78590.00,2025-05-25,INV/2025/52214,Vendor 2796 Pvt Ltd,27AAAAA8253A1Z7
G_002797,18414.00,2025-07-26,INV/2025/54955,VENDOR 2797 PVT LTD,27AAAAA8356A1Z3
G_002798,72905.00,2025-02-17,,Vendor 2798 Pvt Ltd,27AAAAA1318A1ZN
G_002799,50493.00,2025-01-25,INV/2025/22098,VENDOR 2799 PVT LTD,27AAAAA8768A1ZV
G_002800,3079.00,2025-07-23,INV/2025/69679,Vendor 2800 Pvt Ltd Inc,27AAAAA5317A1ZG
G_002801,26109.00,2025-04-14,INV/2025/60489,Vendor 2801 Pvt Ltd,27AAAAA4199A1Z2
G_002802,47007.00,2025-03-29,INV/2025/27557,Vendor 2802 Pvt Ltd,27AAAAA6147A1ZA
G_002803,61335.00,2025-10-06,INV/2025/11374,Vendor 2803 Pvt Ltd,27AAAAA2781A1ZA
G_002804,88971.00,2025-02-22,INV/2025/11301,Vendor 2804 Private Limited,27AAAAA3691A1Z7
G_002805,98448.00,2025-08-05,INV/2025/32191,Vendor 2805 Pvt Ltd,
G_002806,65078.00,2025-10-07,,Vendor 2806 Pvt Ltd,27AAAAA8663A1Z1
G_002807,28706.00,2025-08-18,,Vendor 2807 Pvt Ltd,27AAAAA4119A1ZI
G_002808,34782.00,2025-10-31,INV/2025/7446,Vendor 2808 Pvt Ltd,27AAAAA6031A1ZJ
G_002809,18561.00,2025-07-22,INV/2025/39537,None,27AAAAA1782A1ZB
G_002810,37424.00,2025-01-28,INV/2025/31999,Vendor 2810 Pvt Ltd,27AAAAA5512A1ZJ
G_002811,52313.00,2025-08-29,INV/2025/71016,Vendor 2811 Pvt Ltd,27AAAAA2664A1ZC
G_002812,97213.00,2025-09-13,INV/2025/88461,Vendor 2812 PVT LTD,27AAAAA8589A1ZS
G_002813,83863.00,2025-02-17,,Vendor 2813 Pvt Ltd,27AAAAA3645A1ZD
G_002814,13513.00,2025-11-18,INV/2025/26347,Vendor 2814 Pvt Ltd,27AAAAA3988A1ZZ
G_002815,22594.00,2025-10-21,INV/2025/72581,Vendor 2815 Pvt Ltd,27AAAAA7879A1ZT
G_002816,30753.00,2025-08-07,,Vendor 2816 Pvt Ltd,27AAAAA8175A1Z2
G_002817,67641.00,2025-04-01,INV/2025/72239,Vendor 2817 Pvt Ltd Inc,27AAAAA2883A1Z7
G_002818,30103.00,2025-10-21,INV/2025/99339,Vendor 2818 Pvt Ltd,27AAAAA6545A1Z8
G_002819,92220.00,2025-10-29,INV/2025/72381,Vendor 2819 Pvt Ltd,27AAAAA9074A1Z2
G_002820,59550.00,2025-09-02,INV/2025/92765,Vendor 2820 Pvt Ltd,27AAAAA2949A1Z8
G_002821,31027.00,2025-07-27,INV/2025/68931,Vendor 2821 Pvt Ltd,27AAAAA9134A1Z9
G_002822,395.00,2025-07-12,INV/2025/71860,Vendor 2822 Pvt Ltd,27AAAAA6981A1Z0
G_002823,23751.00,2025-04-25,INV/2025/83467,Vendor 2823 Pvt Ltd,27AAAAA3800A1ZO
G_002824,51658.00,2025-12-14,INV/2025/87449,Vendor 2824 Pvt Ltd,27AAAAA2412A1ZQ
G_002825,58726.00,2025-02-23,INV/2025/91013,Vendor 2825 Pvt Ltd,27AAAAA9832A1Z4
G_002826,68629.00,2025-11-30,INV/2025/23834,Vendor 2826 Pvt Ltd,27AAAAA2193A1ZC
G_002827,149062.00,2025-07-23,INV/2025/60863,Vendor 2827 Pvt Ltd,27AAAAA6363A1Z8
G_002828,89473.00,2025-05-18,INV/2025/31830,Vendor 2828 Pvt Ltd,27AAAAA9753A1Z0
G_002829,71760.00,2025-01-09,INV/2025/21753,Vendor 2829 Pvt Ltd,27AAAAA5731A1ZE
G_002830,9088.00,2025-11-06,INV/2025/91674,Vendor 2830 Pvt Ltd,27AAAAA6421A1ZH
G_002831,66600.00,2025-05-30,INV/2025/85983,Vendor 2831 Pvt Ltd,27AAAAA5108A1ZJ
G_002832,96493.00,2025-11-09,INV/2025/68135,Vendor 2832 Private Limited,27AAAAA6533A1ZC
G_002833,45553.00,2025-08-20,INV/2025/83059,Vendor,27AAAAA5645A1Z9
G_002834,91231.00,2025-12-02,INV/2025/58855,Vendor 2834 Pvt Ltd,27AAAAA1586A1Z9
G_002835,71399.00,2025-07-25,INV/2025/59665,Vendor 2835 Pvt Ltd,27AAAAA4854A1Z8
G_002836,3536.00,2025-11-12,INV/2025/60245,Vendor 2836 Pvt Ltd,27AAAAA4059A1ZB
G_002837,94394.00,2025-11-18,,Vendor 2837 Pvt Ltd,27AAAAA2040A1ZQ
G_002838,64649.00,2025-07-16,INV/2025/72037,Vendor 2838 Pvt Ltd,27AAAAA9719A1Z2
G_002839,66396.00,2025-09-12,INV/2025/95180,Vendor 2839 Pvt Ltd,
G_002840,75702.00,2025-04-11,,Vendor 2840 Pvt Ltd,27AAAAA9456A1Z0
G_002841,41814.00,2025-12-15,INV/2025/69732,Vendor 2841 Pvt Ltd,27AAAAA9718A1Z3
G_002842,48423.00,2025-01-27,INV/2025/92160,Vendor 2842 Pvt Ltd,27AAAAA4890A1Z4
G_002843,99134.00,2025-07-19,INV/2025/50930,Vendor 2843 Pvt Ltd,27AAAAA6904A1ZD
G_002844,4115.00,2025-12-11,INV/2025/17361,Vendor 2844 Pvt Ltd,27AAAAA1627A1ZJ
G_002845,97941.00,2025-06-25,INV/2025/50090,Vendor 2845 Pvt Ltd,27AAAAA3882A1Z6
G_002846,51634.00,2025-08-24,INV/2025/78803,Vendor 2846 Pvt Ltd,27AAAAA9578A1ZT
G_002847,24438.00,2025-11-23,INV/2025/33325,Vendor 2847 PVT LTD,27AAAAA5819A1Z9
G_002848,51399.00,2025-04-24,INV/2025/26502,VENDOR 2848 PVT LTD,27AAAAA5411A1ZL
G_002849,53171.00,2025-03-26,INV/2025/35174,Vendor 2849 Pvt Ltd,27AAAAA6573A1Z4
G_002850,49116.00,2025-09-30,INV/2025/45287,Vendor 2850 Pvt Ltd,27AAAAA6371A1Z8
G_002851,51097.00,2025-03-27,INV/2025/76424,Vendor 2851 Pvt Ltd,27AAAAA6625A1ZB
G_002852,91142.00,2025-04-24,INV/2025/46000,None,27AAAAA4631A1ZH
G_002853,29401.00,2025-09-16,INV/2025/14921,Vendor,27AAAAA2674A1ZA
G_002854,84749.00,2025-09-08,INV/2025/69017,Vendor 2854 Pvt Ltd,27AAAAA1420A1ZS
G_002855,4296.00,2025-11-09,INV/2025/43000,Vendor 2855 Pvt Ltd,27AAAAA6314A1ZH
G_002856,29487.00,2025-01-04,INV/2025/26448,Vendor 2856 Pvt Ltd,27AAAAA5287A1Z3
G_002857,75723.00,2025-02-08,,Vendor 2857 Pvt Ltd,27AAAAA9393A1ZW
G_002858,6245.00,2025-04-12,INV/2025/69359,Vendor 2858 Pvt Ltd,27AAAAA4866A1Z4
G_002859,11373.00,2025-07-06,INV/2025/28549,Vendor 2859 Pvt Ltd,27AAAAA1617A1ZL
G_002860,59564.00,2025-02-25,INV/2025/43830,Vendor 2860 Pvt Ltd,27AAAAA4548A1Z9
G_002861,81283.00,2025-04-20,INV/2025/55982,Vendor 2861 Pvt Ltd,27AAAAA6998A1ZR
G_002862,12863.00,2025-05-02,INV/2025/56869,Vendor 2862 Pvt Ltd,27AAAAA9593A1ZU
G_002863,81465.00,2025-05-17,INV/2025/20619,vendor 2863 pvt ltd,27AAAAA1263A1ZJ
G_002864,11521.00,2025-01-19,INV/2025/47381,Vendor 2864 Pvt Ltd,27AAAAA5644A1ZA
G_002865,16092.00,2025-12-23,INV/2025/78559,VENDOR 2865 PVT LTD,27AAAAA9670A1Z0
G_002866,99421.00,2025-09-02,INV/2025/1881,Vendor 2866 Pvt Ltd,27AAAAA3156A1ZF
G_002867,69146.00,2025-10-13,INV/2025/46654,Vendor 2867 Pvt Ltd,27AAAAA9425A1Z7
G_002868,73160.00,2025-08-08,INV/2025/55536,Vendor 2868 Pvt Ltd,27AAAAA6421A1ZH
G_002869,54562.00,2025-08-19,INV/2025/71636,Vendor 2869 Pvt Ltd,27AAAAA9297A1ZT
G_002870,18216.00,2025-09-10,INV/2025/93550,Vendor 2870 Pvt Ltd,27AAAAA3745A1ZC
G_002871,71056.00,2025-11-20,INV/2025/45503,Vendor 2871 Pvt Ltd,27AAAAA5581A1Z6
G_002872,93511.00,2025-11-11,INV/2025/38753,Vendor 2872 Pvt Ltd,27AAAAA6199A1ZY
G_002873,10976.00,2025-12-21,,Vendor 2873 Pvt Ltd,27AAAAA2944A1ZD
G_002874,5264.00,2025-01-22,INV/2025/21439,Vendor 2874 Pvt Ltd,27AAAAA4761A1ZA
G_002875,9635.00,2025-05-02,INV/2025/18187,None,27AAAAA4802A1ZK
G_002876,42826.00,2025-06-12,INV/2025/10075,Vendor 2876 Pvt Ltd,27AAAAA2896A1Z2
G_002877,4528.00,2025-09-25,INV/2025/27750,Vendor,27AAAAA8872A1ZY
G_002878,89490.00,2025-02-21,INV/2025/38212,Vendor 2878 Pvt Ltd,27AAAAA3984A1Z3
G_002879,80959.00,2025-07-16,INV/2025/51570,vendor 2879 pvt ltd,27AAAAA9598A1ZP
G_002880,90586.00,2025-04-24,INV/2025/56452,Vendor 2880 Pvt Ltd,27AAAAA9185A1ZY
G_002881,94388.00,2025-05-30,INV/2025/85298,Vendor 2881 Pvt Ltd,27AAAAA8226A1ZA
G_002882,96220.00,2025-09-21,INV/2025/97829,Vendor 2882 Pvt Ltd,27AAAAA3125A1ZM
G_002883,138042.00,2025-04-22,INV/2025/23658,Vendor 2883 Pvt Ltd,27AAAAA2140A1ZP
G_002884,25059.00,2025-02-02,INV/2025/17553,Vendor 2884 Pvt Ltd,27AAAAA3190A1ZD
G_002885,82270.00,2025-06-06,INV/2025/82797,Vendor 2885 Pvt Ltd,27AAAAA1116A1ZR
G_002886,11876.00,2025-09-24,INV/2025/33079,Vendor 2886 Pvt Ltd,27AAAAA1132A1ZR
G_002887,94150.00,2025-10-11,INV/2025/61710,Vendor 2887 Pvt Ltd,27AAAAA4341A1ZI
G_002888,53056.00,2025-09-23,INV/2025/93558,Vendor 2888 Pvt Ltd,27AAAAA8727A1Z4
G_002889,45986.00,2025-09-03,INV/2025/61851,Vendor 2889 Pvt Ltd,27AAAAA3960A1ZB
G_002890,73767.00,2025-11-18,INV/2025/35816,Vendor 2890 Pvt Ltd,27AAAAA6950A1Z7
G_002891,42755.00,2025-03-14,INV/2025/82082,Vendor 2891 Pvt Ltd,27AAAAA1535A1ZK
G_002892,50223.00,2025-12-03,INV/2025/73587,Vendor 2892 Pvt Ltd,27AAAAA8431A1ZB
G_002893,72107.00,2025-04-04,INV/2025/95147,Vendor 2893 Pvt Ltd,27AAAAA1869A1Z7
G_002894,23109.00,2025-02-02,INV/2025/60921,Vendor 2894 PVT LTD,27AAAAA8680A1Z0
G_002895,74088.00,2025-12-02,,Vendor 2895 Pvt Ltd,27AAAAA4559A1Z6
G_002896,42806.00,2025-04-04,INV/2025/23615,Vendor 2896 Pvt Ltd,27AAAAA1479A1Z9
G_002897,97223.00,2025-07-30,,Vendor 2897 Pvt Ltd,27AAAAA4507A1ZI
G_002898,86246.00,2025-10-27,INV/2025/10877,Vendor 2898 PVT LTD,27AAAAA6356A1Z7
G_002899,31092.00,2025-03-27,INV/2025/43611,vendor 2899 pvt ltd,27AAAAA3357A1ZC
G_002900,26732.00,2025-06-13,,Vendor 2900 Pvt Ltd,27AAAAA9850A1Z2
G_002901,128414.00,2025-11-27,INV/2025/61689,Vendor 2901 Pvt Ltd,27AAAAA3001A1ZV
G_002902,38090.00,2025-05-07,INV/2025/3563,Vendor 2902 Pvt Ltd Inc,27AAAAA7440A1ZC
G_002903,80212.00,2025-03-01,,Vendor 2903 Pvt Ltd,27AAAAA9161A1Z6
G_002904,452.00,2025-04-06,INV/2025/75847,Vendor 2904 Pvt Ltd,27AAAAA8189A1ZW
G_002905,43499.00,2025-05-07,,Vendor 2905 Pvt Ltd,27AAAAA1908A1ZJ
G_002906,65334.00,2025-02-27,INV/2025/29080,Vendor 2906 Pvt Ltd,27AAAAA9634A1Z4
G_002907,18224.00,2025-10-24,,Vendor 2907 Pvt Ltd,27AAAAA6355A1Z8
G_002908,19662.00,2025-01-15,INV/2025/89502,Vendor 2908 Pvt Ltd,27AAAAA3140A1ZN
G_002909,95678.00,2025-01-28,INV/2025/72824,Vendor 2909 Pvt Ltd,27AAAAA7506A1ZD
G_002910,34874.00,2025-10-11,INV/2025/65087,vendor 2910 pvt ltd,27AAAAA1728A1ZH
G_002911,66089.00,2025-09-17,INV/2025/75569,Vendor 2911 Pvt Ltd,27AAAAA9497A1ZR
G_002912,87570.00,2025-09-21,INV/2025/47840,Vendor 2912 Pvt Ltd,27AAAAA7098A1ZY
G_002913,8079.00,2025-01-21,INV/2025/27475,Vendor 2913 Pvt Ltd,27AAAAA7460A1Z8
G_002914,50936.00,2025-11-27,INV/2025/11749,Vendor 2914 Pvt Ltd,
G_002915,60421.00,2025-02-04,INV/2025/46467,Vendor 2915 Pvt Ltd,27AAAAA4441A1ZH
G_002916,3093.00,2025-03-18,INV/2025/85267,None,27AAAAA2533A1ZK
G_002917,87132.00,2025-01-13,INV/2025/13120,Vendor 2917 Pvt Ltd,27AAAAA6705A1ZE
G_002918,25377.00,2025-01-30,INV/2025/81226,Vendor 2918 Pvt Ltd,
G_002919,10932.00,2025-04-18,INV/2025/91016,Vendor 2919 Private Limited,27AAAAA8702A1ZD
G_002920,19129.00,2025-07-23,INV/2025/7346,vendor 2920 pvt ltd,27AAAAA2886A1Z4
G_002921,20731.00,2025-03-02,,Vendor 2921 Pvt Ltd,27AAAAA4395A1Z4
G_002922,61252.00,2025-12-05,INV/2025/19302,Vendor 2922 Pvt Ltd,27AAAAA7719A1Z6
G_002923,15295.00,2025-02-27,INV/2025/51145,Vendor 2923 Pvt Ltd,27AAAAA2462A1ZG
G_002924,5586.00,2025-03-03,INV/2025/81938,Vendor 2924 Pvt Ltd,27AAAAA3960A1ZB
G_002925,99708.00,2025-08-13,INV/2025/33594,Vendor 2925 Pvt Ltd,27AAAAA9669A1ZT
G_002926,4952.00,2025-05-31,INV/2025/75957,Vendor 2926 Pvt Ltd,27AAAAA4507A1ZI
G_002927,70374.00,2025-01-07,INV/2025/87551,Vendor 2927 Pvt Ltd,27AAAAA4414A1ZK
G_002928,68388.00,2025-02-23,INV/2025/20612,Vendor 2928 Pvt Ltd,27AAAAA5939A1Z4
G_002929,3076.00,2025-10-13,INV/2025/90527,Vendor 2929 Pvt Ltd,27AAAAA5660A1ZA
G_002930,1245.00,2025-10-23,INV/2025/88152,Vendor 2930 Pvt Ltd,27AAAAA6523A1ZE
G_002931,49327.00,2025-03-07,INV/2025/3243,Vendor 2931 Pvt Ltd,
G_002932,45971.00,2025-07-14,INV/2025/9653,Vendor 2932 Pvt Ltd,
G_002933,93904.00,2025-12-08,INV/2025/75562,Vendor 476 PVT LTD,27AAAAA9669A1ZT
G_002934,2339.00,2025-02-19,,Vendor 2934 Pvt Ltd,27AAAAA9135A1Z8
G_002935,25102.00,2025-08-06,INV/2025/48056,VENDOR 2935 PVT LTD,27AAAAA5513A1ZI
G_002936,17183.00,2025-04-19,INV/2025/4544,Vendor 2936 Pvt Ltd,27AAAAA6028A1ZE
G_002937,3461.00,2025-03-14,,Vendor 2937 Pvt Ltd,27AAAAA3558A1Z9
G_002938,80611.00,2025-03-24,INV/2025/63824,Vendor 2938 Pvt Ltd,27AAAAA6928A1Z5
G_002939,21904.00,2025-11-03,INV/2025/82189,Vendor 2939 Pvt Ltd,27AAAAA1988A1Z3
G_002940,56621.00,2025-08-07,INV/2025/78438,Vendor 2940 Pvt Ltd,27AAAAA2398A1Z5
G_002941,36983.00,2025-09-29,,Vendor 2941 Pvt Ltd,27AAAAA3072A1ZG
G_002942,34317.00,2025-03-23,INV/2025/90712,Vendor 2942 Private Limited,27AAAAA6233A1ZF
G_002943,4344.00,2025-05-08,INV/2025/8687,Vendor 2943 Pvt Ltd,27AAAAA5676A1Z2
G_002944,65162.00,2025-10-16,INV/2025/84864,Vendor 2944 Pvt Ltd,27AAAAA7644A1Z6
G_002945,81745.00,2025-02-03,INV/2025/49613,Vendor 2945 Pvt Ltd,27AAAAA6050A1ZG
G_002946,48854.00,2025-05-26,INV/2025/56727,Vendor 2946 Pvt Ltd,
G_002947,18038.00,2025-05-09,INV/2025/61521,Vendor 2947 Pvt Ltd,27AAAAA2743A1ZG
G_002948,15633.00,2025-09-21,INV/2025/17074,Vendor 2948 Pvt Ltd,27AAAAA1973A1ZA
G_002949,72693.00,2025-04-28,INV/2025/14156,Vendor 2949 Pvt Ltd,27AAAAA7759A1ZY
G_002950,64192.00,2025-03-24,INV/2025/56549,VENDOR 2950 PVT LTD,27AAAAA2474A1ZC
G_002951,95358.00,2025-12-10,INV/2025/49004,Vendor 2951 Pvt Ltd,27AAAAA2596A1Z5
G_002952,94445.00,2025-02-25,INV/2025/45920,Vendor 2952 Pvt Ltd,27AAAAA1499A1Z5
G_002953,53654.00,2025-08-20,INV/2025/14325,Vendor 2953 Pvt Ltd,27AAAAA1695A1Z7
G_002954,43634.00,2025-02-10,INV/2025/7265,Vendor 2954 Pvt Ltd,27AAAAA9694A1ZS
G_002955,39452.00,2025-04-13,INV/2025/53509,Vendor 2955 Pvt Ltd,27AAAAA9061A1Z7
G_002956,2384.00,2025-10-17,INV/2025/58028,Vendor 2956 Pvt Ltd,27AAAAA1406A1ZQ
G_002957,88752.00,2025-07-01,INV/2025/59565,Vendor 2957 Pvt Ltd,27AAAAA9652A1Z2
G_002958,65134.00,2025-01-16,INV/2025/27812,Vendor 2958 Pvt Ltd,27AAAAA5157A1ZA
G_002959,88055.00,2025-04-13,INV/2025/80555,Vendor 2959 Pvt Ltd,27AAAAA4259A1Z9
G_002960,33421.00,2025-08-12,INV/2025/52593,Vendor 2960 Pvt Ltd,27AAAAA8200A1ZK
G_002961,76796.00,2025-02-02,INV/2025/69762,Vendor 2961 Pvt Ltd,27AAAAA6787A1ZW
G_002962,2587.00,2025-01-17,,Vendor 2962 Pvt Ltd,27AAAAA8782A1ZX
G_002963,13229.00,2025-06-09,INV/2025/44297,Vendor 2963 Private Limited,27AAAAA7972A1ZZ
G_002964,6729.00,2025-08-17,INV/2025/78137,Vendor 2964 Pvt Ltd,27AAAAA2908A1ZH
G_002965,4995.00,2025-01-11,INV/2025/99175,VENDOR 2965 PVT LTD,27AAAAA5133A1ZI
G_002966,93803.00,2025-10-16,,Vendor 2966 Pvt Ltd,27AAAAA2113A1ZS
G_002967,75357.00,2025-01-02,INV/2025/42293,Vendor 2967 Pvt Ltd,27AAAAA5416A1ZG
G_002968,41606.00,2025-03-30,INV/2025/6543,Vendor 2968 Pvt Ltd,27AAAAA2077A1ZD
G_002969,77386.00,2025-06-02,INV/2025/85749,Vendor 2969 Pvt Ltd,
G_002970,79543.00,2025-09-28,INV/2025/65595,vendor 2970 pvt ltd,27AAAAA7471A1Z5
G_002971,77474.00,2025-08-13,INV/2025/90804,Vendor 2971 Pvt Ltd,27AAAAA8589A1ZS
G_002972,13476.00,2025-07-30,,Vendor 2972 Pvt Ltd,27AAAAA5794A1ZZ
G_002973,37672.00,2025-01-26,INV/2025/64572,Vendor 2973 Pvt Ltd,27AAAAA8945A1Z0
G_002974,22932.00,2025-06-15,INV/2025/58264,Vendor 2974 Pvt Ltd,27AAAAA4822A1ZG
G_002975,87883.00,2025-10-30,INV/2025/79003,Vendor 2975 Pvt Ltd,27AAAAA9444A1Z4
G_002976,80125.00,2025-08-17,INV/2025/2921,Vendor 2976 Pvt Ltd,27AAAAA2866A1Z8
G_002977,21745.00,2025-08-09,INV/2025/87549,Vendor 2977 Pvt Ltd,27AAAAA5327A1ZE
G_002978,67676.00,2025-08-24,INV/2025/71851,Vendor 2978 Pvt Ltd,27AAAAA7729A1Z4
G_002979,86706.00,2025-12-07,INV/2025/87411,Vendor 2979 Pvt Ltd,27AAAAA3594A1Z5
G_002980,12562.00,2025-10-07,INV/2025/11969,Vendor 2980 Pvt Ltd,27AAAAA5251A1ZF
G_002981,78149.00,2025-09-16,INV/2025/77639,Vendor 2981 Pvt Ltd,27AAAAA9404A1ZC
G_002982,22088.00,2025-08-16,INV/2025/3937,Vendor 2982 Pvt Ltd,27AAAAA2834A1ZG
G_002983,86802.00,2025-09-18,INV/2025/5002,Vendor 2983 Pvt Ltd,
G_002984,34183.00,2025-06-05,INV/2025/71137,Vendor 2984 Pvt Ltd,27AAAAA7537A1Z6
G_002985,46769.00,2025-09-25,INV/2025/68258,Vendor 2985 Pvt Ltd,27AAAAA8393A1ZY
G_002986,49094.00,2025-08-13,INV/2025/2511,Vendor 2986 Private Limited,27AAAAA9304A1ZD
G_002987,70891.00,2025-01-24,INV/2025/55891,Vendor 2987 Pvt Ltd,27AAAAA5251A1ZF
G_002988,23670.00,2025-04-07,INV/2025/50840,Vendor 2988 Pvt Ltd Inc,27AAAAA2535A1ZI
G_002989,85028.00,2025-12-09,,Vendor 2989 Pvt Ltd,27AAAAA2499A1Z3
G_002990,176974.00,2025-10-30,INV/2025/36443,Vendor 2990 Pvt Ltd,27AAAAA9186A1ZX
G_002991,39636.00,2025-08-26,INV/2025/96185,Vendor 2991 Pvt Ltd,27AAAAA9268A1ZY
G_002992,87208.00,2025-11-22,INV/2025/7556,Vendor 2992 Pvt Ltd,27AAAAA8817A1Z5
G_002993,93604.00,2025-03-02,,Vendor 2993 Pvt Ltd,27AAAAA4757A1Z6
G_002994,14844.00,2025-07-01,INV/2025/56987,Vendor 2994 Pvt Ltd,27AAAAA7938A1Z1
G_002995,23303.00,2025-09-07,INV/2025/38239,None,27AAAAA5065A1ZB
G_002996,43787.00,2025-07-13,INV/2025/47405,Vendor 2996 Pvt Ltd,27AAAAA4672A1Z8
G_002997,23919.00,2025-05-30,INV/2025/84885,Vendor 2997 Pvt Ltd,27AAAAA7523A1ZC
G_002998,92113.00,2025-11-24,INV/2025/38098,Vendor 2998 Pvt Ltd,27AAAAA9958A1ZT
G_002999,80290.00,2025-08-08,INV/2025/4358,Vendor 2999 Pvt Ltd,27AAAAA5338A1ZB
G_003000,8588.00,2025-08-16,INV/2025/2522,Vendor 3000 Pvt Ltd,27AAAAA3485A1Z7
G_003001,18756.00,2025-03-23,INV/2025/47605,Vendor 3001 PVT LTD,27AAAAA7323A1ZE
G_003002,36173.00,2025-10-05,INV/2025/72658,Vendor 3002 Pvt Ltd,27AAAAA7662A1Z4
G_003003,34954.00,2025-10-01,INV/2025/53445,VENDOR 3003 PVT LTD,27AAAAA4637A1ZB
G_003004,57235.00,2025-03-12,INV/2025/34886,Vendor 3004 Pvt Ltd,27AAAAA1673A1ZD
G_003005,58449.00,2025-11-05,INV/2025/76464,Vendor 3005 Pvt Ltd,27AAAAA9637A1Z1
G_003006,11789.00,2025-06-03,INV/2025/10680,Vendor 3006 Pvt Ltd,27AAAAA2038A1ZK
G_003007,46990.00,2025-12-05,INV/2025/79602,Vendor 3007 PVT LTD,27AAAAA5067A1Z9
G_003008,93781.00,2025-07-28,INV/2025/15150,Vendor 3008 Pvt Ltd,27AAAAA4351A1ZG
G_003009,155.00,2025-06-24,,Vendor 3009 Pvt Ltd,27AAAAA7678A1ZW
G_003010,42202.00,2025-10-12,INV/2025/67983,Vendor 3010 Pvt Ltd,27AAAAA5169A1Z6
G_003011,21803.00,2025-07-04,INV/2025/37492,Vendor 3011 Pvt Ltd,27AAAAA1359A1ZE
G_003012,56319.00,2025-06-12,INV/2025/86234,Vendor 3012 Pvt Ltd,27AAAAA2595A1Z6
G_003013,35961.00,2025-01-15,INV/2025/75346,Vendor 3013 Pvt Ltd,27AAAAA5737A1Z8
G_003014,99138.00,2025-09-05,INV/2025/98979,Vendor 3014 Pvt Ltd,27AAAAA8701A1ZE
G_003015,156056.00,2025-10-03,INV/2025/76135,Vendor 3015 Pvt Ltd,27AAAAA5238A1ZC
G_003016,52621.00,2025-08-25,INV/2025/73240,Vendor 3016 Pvt Ltd,27AAAAA1046A1ZM
G_003017,35603.00,2025-07-31,INV/2025/68760,Vendor 3017 Pvt Ltd,27AAAAA4710A1ZL
G_003018,51810.00,2025-11-17,,Vendor 3018 Pvt Ltd,27AAAAA4026A1ZK
G_003019,81024.00,2025-05-08,,Vendor 3019 Pvt Ltd,27AAAAA9821A1Z7
G_003020,40944.00,2025-09-17,INV/2025/50959,vendor 3020 pvt ltd,27AAAAA8214A1ZE
G_003021,43003.00,2025-06-24,INV/2025/78116,Vendor 3021 Pvt Ltd,27AAAAA2479A1Z7
G_003022,14602.00,2025-03-05,INV/2025/81438,Vendor 3022 Pvt Ltd,27AAAAA1807A1ZL
G_003023,7779.00,2025-12-18,,Vendor 3023 Pvt Ltd,27AAAAA3958A1Z5
G_003024,91164.00,2025-01-23,INV/2025/47040,Vendor 3024 Pvt Ltd,27AAAAA7250A1ZC
G_003025,89591.00,2025-02-01,INV/2025/30762,Vendor 3025 Pvt Ltd,
G_003026,27250.00,2025-08-04,INV/2025/42207,Vendor 3026 Pvt Ltd,27AAAAA7469A1ZZ
G_003027,13208.00,2025-09-21,INV/2025/76925,Vendor 3027 Pvt Ltd,27AAAAA3060A1ZK
G_003028,49774.00,2025-09-06,INV/2025/2006,Vendor 3028 Pvt Ltd,27AAAAA1914A1ZL
G_003029,17910.00,2025-06-02,,Vendor 3029 Pvt Ltd,27AAAAA5933A1ZA
G_003030,38545.00,2025-07-12,INV/2025/50157,Vendor 3030 Pvt Ltd Inc,27AAAAA1769A1Z8
G_003031,56636.00,2025-09-12,INV/2025/54799,Vendor 3031 Pvt Ltd,27AAAAA8125A1ZC
G_003032,21311.00,2025-01-08,INV/2025/41729,Vendor 3032 Pvt Ltd,27AAAAA5294A1Z4
G_003033,99225.00,2025-08-15,INV/2025/45553,Vendor 3033 Private Limited,27AAAAA9028A1Z8
G_003034,83806.00,2025-04-24,INV/2025/26203,Vendor 3034 Pvt Ltd,27AAAAA6054A1ZC
G_003035,63774.00,2025-07-09,INV/2025/34828,Vendor 3035 Pvt Ltd,27AAAAA3143A1ZK
G_003036,54984.00,2025-06-22,INV/2025/92828,Vendor 3036 Pvt Ltd,27AAAAA4019A1ZJ
G_003037,79221.00,2025-11-08,INV/2025/46485,Vendor 3037 Pvt Ltd,27AAAAA6472A1Z6
G_003038,21106.00,2025-04-06,INV/2025/16520,Vendor 3038 Pvt Ltd,27AAAAA7971A1Z0
G_003039,56222.00,2025-09-02,INV/2025/91957,Vendor 3039 Pvt Ltd Inc,27AAAAA8404A1ZE
G_003040,80482.00,2025-02-04,INV/2025/52136,Vendor 3040 Pvt Ltd,27AAAAA6177A1Z4
G_003041,93048.00,2025-02-21,INV/2025/13097,Vendor 3041 Pvt Ltd,27AAAAA5602A1ZK
G_003042,33025.00,2025-10-01,INV/2025/68773,Vendor 3042 Private Limited,27AAAAA9247A1Z3
G_003043,2067.00,2025-02-25,INV/2025/63204,Vendor,27AAAAA9795A1ZQ
G_003044,73346.00,2025-03-07,,Vendor 3044 Pvt Ltd,27AAAAA9102A1ZH
G_003045,58307.00,2025-01-07,INV/2025/36808,Vendor 3045 Pvt Ltd,27AAAAA6871A1Z3
G_003046,34587.00,2025-03-26,INV/2025/84701,Vendor 3046 Pvt Ltd,27AAAAA2817A1ZH
G_003047,26824.00,2025-09-28,INV/2025/33929,Vendor 3047 Pvt Ltd,27AAAAA1876A1Z8
G_003048,44946.00,2025-04-27,INV/2025/57371,Vendor 3048 Pvt Ltd,27AAAAA8843A1Z3
G_003049,98739.00,2025-09-30,INV/2025/7303,Vendor 3049 Pvt Ltd,27AAAAA7322A1ZF
G_003050,48399.00,2025-05-16,INV/2025/68378,Vendor 3050 Pvt Ltd,27AAAAA3765A1Z8
G_003051,66089.00,2025-06-16,INV/2025/34189,Vendor 3051 Pvt Ltd,27AAAAA4810A1ZK
G_003052,6279.00,2025-01-17,,Vendor 3052 Pvt Ltd,27AAAAA5396A1Z1
G_003053,37482.00,2025-11-30,INV/2025/62239,Vendor 3053 Pvt Ltd,27AAAAA7019A1ZD
G_003054,10153.00,2025-02-27,,Vendor 3054 Pvt Ltd,27AAAAA4224A1ZK
G_003055,75032.00,2025-10-03,INV/2025/81580,Vendor 3055 Pvt Ltd,27AAAAA8331A1ZC
G_003056,59181.00,2025-08-13,INV/2025/53185,Vendor 3056 Pvt Ltd,27AAAAA2390A1ZD
G_003057,64231.00,2025-03-28,INV/2025/5024,Vendor 3057 Pvt Ltd,27AAAAA3725A1ZG
G_003058,49842.00,2025-12-17,INV/2025/23245,Vendor 3058 Pvt Ltd,
G_003059,85959.00,2025-10-05,INV/2025/8966,Vendor 3059 Pvt Ltd,27AAAAA7341A1ZC
G_003060,33514.00,2025-06-18,INV/2025/94684,Vendor 3060 Private Limited,27AAAAA1683A1ZB
G_003061,42698.00,2025-10-07,INV/2025/66934,Vendor 3061 Pvt Ltd,27AAAAA4759A1Z4
G_003062,40153.00,2025-01-07,,Vendor 3062 Pvt Ltd,27AAAAA4760A1ZB
G_003063,67563.00,2025-02-05,,Vendor 3063 Pvt Ltd,27AAAAA2701A1ZQ
G_003064,37665.00,2025-09-21,INV/2025/9776,Vendor 3064 Pvt Ltd,27AAAAA3822A1ZI
G_003065,87921.00,2025-07-04,INV/2025/35295,Vendor 3065 Pvt Ltd,27AAAAA5167A1Z8
G_003066,27659.00,2025-10-01,INV/2025/48399,Vendor,27AAAAA9711A1ZA
G_003067,59126.00,2025-12-27,INV/2025/73413,Vendor 3067 Pvt Ltd,27AAAAA4562A1ZB
G_003068,31678.00,2025-11-26,INV/2025/79086,Vendor 3068 Pvt Ltd,27AAAAA6251A1ZD
G_003069,67273.00,2025-12-05,,Vendor 3069 Pvt Ltd,27AAAAA9230A1ZC
G_003070,153900.00,2025-09-28,INV/2025/68435,Vendor 3070 Pvt Ltd,27AAAAA7972A1ZZ
G_003071,40217.00,2025-06-11,INV/2025/64077,Vendor 3071 PVT LTD,27AAAAA1998A1Z1
G_003072,36045.00,2025-08-19,INV/2025/90263,Vendor 3072 Pvt Ltd,27AAAAA2714A1ZL
G_003073,11837.00,2025-11-03,INV/2025/71837,Vendor 3073 Pvt Ltd,27AAAAA1596A1Z7
G_003074,17427.00,2025-04-15,INV/2025/73973,VENDOR 3074 PVT LTD,27AAAAA5387A1Z2
G_003075,30963.00,2025-05-02,INV/2025/75450,Vendor 3075 Pvt Ltd,27AAAAA9543A1Z4
G_003076,4043.00,2025-07-20,,Vendor 3076 Pvt Ltd,27AAAAA9191A1Z0
G_003077,135748.00,2025-09-21,INV/2025/7471,Vendor 3077 Pvt Ltd,27AAAAA3824A1ZG
G_003078,15976.00,2025-01-23,INV/2025/16331,Vendor 3078 Pvt Ltd,27AAAAA3387A1Z6
G_003079,2233.00,2025-02-02,INV/2025/91657,Vendor,27AAAAA1034A1ZQ
G_003080,6038.00,2025-01-16,INV/2025/67574,Vendor 3080 Pvt Ltd,
G_003081,93798.00,2025-07-17,INV/2025/16951,Vendor 3081 Pvt Ltd,27AAAAA8878A1ZS
G_003082,24919.00,2025-07-10,INV/2025/51294,Vendor 3082 Pvt Ltd,27AAAAA5841A1ZB
G_003083,72587.00,2025-05-29,INV/2025/42854,vendor 3083 pvt ltd,27AAAAA4854A1Z8
G_003084,99074.00,2025-01-25,INV/2025/64253,Vendor 3084 Pvt Ltd,27AAAAA9361A1Z4
G_003085,25657.00,2025-06-11,INV/2025/41544,Vendor 3085 Pvt Ltd,27AAAAA3265A1ZD
G_003086,88741.00,2025-02-20,INV/2025/5570,Vendor 3086 Pvt Ltd,27AAAAA6183A1Z6
G_003087,60005.00,2025-07-26,INV/2025/24904,Vendor 3087 Pvt Ltd,27AAAAA1276A1ZE
G_003088,43278.00,2025-10-29,INV/2025/50701,Vendor 3088 Pvt Ltd,27AAAAA5570A1Z9
G_003089,90412.00,2025-01-24,INV/2025/58135,Vendor 3089 Pvt Ltd,27AAAAA1320A1ZT
G_003090,55423.00,2025-05-18,INV/2025/13062,Vendor 3090 Pvt Ltd,27AAAAA7388A1ZX
G_003091,97446.00,2025-06-03,INV/2025/12343,Vendor 3091 Pvt Ltd,27AAAAA7438A1Z6
G_003092,37087.00,2025-01-01,INV/2025/59591,Vendor 3092 Private Limited,27AAAAA4683A1Z5
G_003093,81182.00,2025-08-29,INV/2025/6499,Vendor 3093 Private Limited,27AAAAA5405A1ZJ
G_003094,56447.00,2025-08-03,INV/2025/72858,Vendor 3094 Pvt Ltd,27AAAAA4189A1Z4
G_003095,70131.00,2025-10-18,INV/2025/75003,Vendor 3095 PVT LTD,27AAAAA7191A1Z4
G_003096,2121.00,2025-09-28,INV/2025/31681,VENDOR 3096 PVT LTD,27AAAAA8522A1ZB
G_003097,62028.00,2025-09-28,INV/2025/90407,Vendor,27AAAAA2938A1ZB
G_003098,47821.00,2025-01-16,INV/2025/49627,Vendor 3098 Pvt Ltd,27AAAAA6947A1Z2
G_003099,74725.00,2025-08-21,INV/2025/50421,Vendor 3099 Pvt Ltd,27AAAAA2270A1ZI
G_003100,3019.00,2025-02-14,INV/2025/18393,Vendor 3100 Pvt Ltd,27AAAAA3072A1ZG
G_003101,59679.00,2025-11-20,INV/2025/69416,None,27AAAAA6873A1Z1
G_003102,2025.00,2025-06-04,INV/2025/11310,Vendor 3102 Private Limited,27AAAAA7228A1ZA
G_003103,18345.00,2025-02-07,INV/2025/61422,Vendor 3103 Pvt Ltd,27AAAAA7038A1ZA
G_003104,60467.00,2025-09-07,INV/2025/60889,Vendor 3104 Pvt Ltd,27AAAAA2929A1ZC
G_003105,64099.00,2025-06-01,INV/2025/51475,None,27AAAAA3260A1ZI
G_003106,88308.00,2025-11-27,INV/2025/73276,Vendor 3106 Pvt Ltd,27AAAAA9877A1ZR
G_003107,18157.00,2025-08-12,INV/2025/35900,Vendor 3107 Pvt Ltd,27AAAAA7599A1ZS
G_003108,43913.00,2025-09-20,INV/2025/78022,Vendor 3108 Pvt Ltd,27AAAAA8823A1Z7
G_003109,94603.00,2025-07-07,,Vendor 3109 Pvt Ltd,27AAAAA5330A1ZJ
G_003110,89362.00,2025-05-31,INV/2025/49869,Vendor 3110 Pvt Ltd,27AAAAA6678A1ZY
G_003111,57131.00,2025-09-16,INV/2025/17569,Vendor 3111 Pvt Ltd,27AAAAA6225A1ZF
G_003112,48226.00,2025-09-12,INV/2025/1007,Vendor 3112 Pvt Ltd,27AAAAA3069A1ZB
G_003113,82953.00,2025-07-24,,Vendor 3113 Pvt Ltd,27AAAAA2038A1ZK
G_003114,36159.00,2025-01-28,INV/2025/61208,Vendor 3114 Pvt Ltd,27AAAAA7717A1Z8
G_003115,61704.00,2025-04-01,INV/2025/66942,Vendor 3115 Pvt Ltd,27AAAAA5562A1Z9
G_003116,94618.00,2025-05-24,INV/2025/1662,Vendor 3116 Pvt Ltd,27AAAAA6375A1Z4
G_003117,24055.00,2025-03-24,INV/2025/91288,Vendor 3117 Pvt Ltd,27AAAAA9465A1ZZ
G_003118,17958.00,2025-08-03,INV/2025/10501,Vendor 3118 Pvt Ltd,27AAAAA2476A1ZA
G_003119,918.00,2025-09-04,INV/2025/9639,Vendor 3119 Pvt Ltd,27AAAAA7113A1ZI
G_003120,12088.00,2025-03-01,INV/2025/76282,Vendor 3120 Pvt Ltd,27AAAAA1966A1Z9
G_003121,60894.00,2025-02-25,INV/2025/87106,Vendor 91 Pvt Ltd,27AAAAA8043A1ZB
G_003122,98080.00,2025-01-23,INV/2025/98500,Vendor 3122 Pvt Ltd,27AAAAA2324A1ZN
G_003123,7078.00,2025-10-19,INV/2025/18847,Vendor 3123 Pvt Ltd,27AAAAA8218A1ZA
G_003124,56485.00,2025-10-31,INV/2025/42144,Vendor 3124 Private Limited,27AAAAA2161A1ZK
G_003125,91937.00,2025-12-01,,Vendor 3125 Pvt Ltd,27AAAAA5201A1ZP
G_003126,73732.00,2025-12-31,INV/2025/43890,Vendor 3126 PVT LTD,27AAAAA6116A1ZH
G_003127,74481.00,2025-09-25,INV/2025/62384,Vendor 3127 Pvt Ltd,27AAAAA3307A1ZM
G_003128,54118.00,2025-06-26,INV/2025/18236,Vendor 3128 Pvt Ltd Inc,27AAAAA4495A1Z3
G_003129,108574.00,2025-02-15,INV/2025/82842,Vendor 3129 Pvt Ltd,27AAAAA2893A1Z5
G_003130,26600.00,2025-06-09,INV/2025/71571,Vendor 3130 Pvt Ltd,27AAAAA8768A1ZV
G_003131,4755.00,2025-05-13,INV/2025/44553,Vendor 3131 Pvt Ltd,27AAAAA2158A1ZF
G_003132,29169.00,2025-12-17,INV/2025/25009,Vendor 3132 Pvt Ltd,27AAAAA7607A1ZB
G_003133,95569.00,2025-07-04,INV/2025/58389,Vendor 3133 Pvt Ltd,27AAAAA4495A1Z3
G_003134,44323.00,2025-03-19,INV/2025/56138,Vendor,27AAAAA4964A1Z5
G_003135,57171.00,2025-01-20,INV/2025/98692,Vendor 3135 Pvt Ltd,27AAAAA9940A1Z3
G_003136,28808.00,2025-05-09,,Vendor 3136 Pvt Ltd,27AAAAA9977A1ZQ
G_003137,39898.00,2025-04-01,INV/2025/42670,Vendor 3137 Pvt Ltd,27AAAAA5881A1Z3
G_003138,70904.00,2025-01-25,INV/2025/44364,Vendor 3138 Pvt Ltd,27AAAAA3259A1ZB
G_003139,36367.00,2025-12-27,INV/2025/7569,Vendor 3139 Pvt Ltd,27AAAAA8279A1ZX
G_003140,46294.00,2025-02-10,,Vendor 3140 Pvt Ltd,27AAAAA6497A1ZX
G_003141,95675.00,2025-01-05,INV/2025/78865,Vendor 3141 Pvt Ltd,27AAAAA3994A1Z1
G_003142,14143.00,2025-01-22,INV/2025/65668,Vendor 3142 Pvt Ltd Inc,27AAAAA6317A1ZE
G_003143,30714.00,2025-02-21,,Vendor 3143 Pvt Ltd,27AAAAA2666A1ZA
G_003144,50942.00,2025-02-18,,Vendor 3144 Pvt Ltd,27AAAAA9315A1ZA
G_003145,38757.00,2025-12-27,INV/2025/59351,Vendor 3145 Private Limited,27AAAAA6382A1Z5
G_003146,22145.00,2025-11-21,INV/2025/4118,Vendor 3146 Pvt Ltd,27AAAAA3902A1ZL
G_003147,41404.00,2025-05-18,,Vendor 3147 Pvt Ltd,27AAAAA4830A1ZG
G_003148,10938.00,2025-12-08,INV/2025/18725,Vendor 3148 Pvt Ltd,27AAAAA1010A1ZY
G_003149,7901.00,2025-01-06,,Vendor 3149 Pvt Ltd,27AAAAA6854A1Z4
G_003150,10446.00,2025-06-13,INV/2025/15548,Vendor 3150 Pvt Ltd,27AAAAA1831A1ZL
G_003151,45585.00,2025-12-02,INV/2025/90965,Vendor 3151 Pvt Ltd Inc,27AAAAA3999A1ZW
G_003152,4293.00,2025-08-13,INV/2025/38030,Vendor 3152 Pvt Ltd,27AAAAA6567A1Z2
G_003153,58157.00,2025-12-27,INV/2025/26069,Vendor 3153 Pvt Ltd,27AAAAA1811A1ZP
G_003154,84499.00,2025-01-15,INV/2025/31225,None,27AAAAA6999A1ZQ
G_003155,51568.00,2025-05-28,INV/2025/89806,Vendor 3155 Pvt Ltd Inc,27AAAAA1159A1ZG
G_003156,26742.00,2025-12-20,INV/2025/76887,Vendor 3156 Pvt Ltd,27AAAAA1199A1Z8
G_003157,4219.00,2025-04-20,INV/2025/57152,Vendor 3157 Pvt Ltd,27AAAAA3065A1ZF
G_003158,8542.00,2025-02-06,INV/2025/72140,Vendor 3158 Pvt Ltd,27AAAAA5656A1Z6
G_003159,29116.00,2025-12-01,,Vendor 3159 Pvt Ltd,27AAAAA2536A1ZH
G_003160,71593.00,2025-07-03,INV/2025/46365,Vendor 3160 Pvt Ltd,27AAAAA3855A1Z9
G_003161,19303.00,2025-01-24,INV/2025/48362,Vendor 3161 Pvt Ltd,27AAAAA6578A1ZZ
G_003162,63918.00,2025-10-19,INV/2025/76708,Vendor 3162 Pvt Ltd,27AAAAA7677A1ZX
G_003163,71861.00,2025-01-31,INV/2025/10658,vendor 3163 pvt ltd,27AAAAA8020A1ZI
G_003164,5878.00,2025-12-23,,Vendor 3164 Pvt Ltd,27AAAAA5305A1ZK
G_003165,94033.00,2025-04-22,INV/2025/87797,Vendor 3165 Pvt Ltd,27AAAAA3053A1ZJ
G_003166,76259.00,2025-12-24,,Vendor 3166 Pvt Ltd,27AAAAA6025A1ZH
G_003167,128854.00,2025-08-23,INV/2025/50411,Vendor 3167 Pvt Ltd,27AAAAA7432A1ZC
G_003168,28669.00,2025-03-24,INV/2025/83953,Vendor 3168 Pvt Ltd,27AAAAA1131A1ZS
G_003169,27954.00,2025-07-14,INV/2025/42039,Vendor 3169 Pvt Ltd,27AAAAA9081A1Z3
G_003170,37569.00,2025-02-24,INV/2025/61211,Vendor 3170 PVT LTD,27AAAAA4008A1ZM
G_003171,86804.00,2025-10-21,INV/2025/93072,Vendor 3171 Pvt Ltd,27AAAAA4060A1ZI
G_003172,12585.00,2025-02-05,INV/2025/2996,Vendor 3172 Pvt Ltd,27AAAAA6423A1ZF
G_003173,88805.00,2025-01-24,INV/2025/47683,Vendor 3173 Pvt Ltd,27AAAAA7910A1ZD
G_003174,72947.00,2025-07-31,INV/2025/67903,Vendor 3174 Pvt Ltd,27AAAAA9863A1ZX
G_003175,11684.00,2025-07-16,INV/2025/52456,Vendor 3175 Pvt Ltd,27AAAAA2911A1ZM
G_003176,37008.00,2025-12-14,,Vendor 3176 Pvt Ltd,27AAAAA1106A1ZT
G_003177,87776.00,2025-10-16,INV/2025/73939,Vendor 3177 Pvt Ltd,27AAAAA8479A1ZV
G_003178,23196.00,2025-03-29,INV/2025/78780,Vendor 3178 Pvt Ltd,27AAAAA4048A1ZE
G_003179,6185.00,2025-04-29,INV/2025/32492,Vendor 3179 Pvt Ltd,27AAAAA7475A1Z1
G_003180,1210.00,2025-12-22,INV/2025/19542,Vendor 3180 Pvt Ltd,27AAAAA3935A1ZC
G_003181,10289.00,2025-05-11,,Vendor 3181 Pvt Ltd,27AAAAA4056A1ZE
G_003182,243.00,2025-08-16,INV/2025/16012,Vendor 3182 Pvt Ltd,27AAAAA3065A1ZF
G_003183,29676.00,2026-01-01,INV/2025/99557,Vendor 3183 PVT LTD,27AAAAA3655A1ZB
G_003184,13073.00,2025-11-28,INV/2025/80691,Vendor 3184 Pvt Ltd,27AAAAA3756A1Z9
G_003185,16417.00,2025-09-25,,Vendor 3185 Pvt Ltd,27AAAAA9592A1ZV
G_003186,74226.00,2025-02-18,INV/2025/57850,Vendor 3186 Pvt Ltd,27AAAAA6997A1ZS
G_003187,27813.00,2025-10-02,INV/2025/49683,Vendor 3187 Pvt Ltd,27AAAAA8152A1Z9
G_003188,74676.00,2025-08-26,,Vendor 3188 Pvt Ltd,27AAAAA6127A1ZE
G_003189,50132.00,2025-10-12,INV/2025/68733,Vendor 3189 Pvt Ltd,27AAAAA2543A1ZI
G_003190,62152.00,2025-09-03,INV/2025/71120,Vendor 3190 Pvt Ltd,27AAAAA6565A1Z4
G_003191,71860.00,2025-07-12,,Vendor 3191 Pvt Ltd,27AAAAA2100A1ZX
G_003192,22693.00,2025-09-18,INV/2025/37190,Vendor 3192 Pvt Ltd,27AAAAA8857A1ZX
G_003193,86261.00,2025-02-19,INV/2025/68359,Vendor 3193 Pvt Ltd,27AAAAA1875A1Z9
G_003194,21400.00,2025-01-01,INV/2025/8074,Vendor 3194 Pvt Ltd,27AAAAA8811A1ZB
G_003195,70440.00,2025-03-07,,Vendor 3195 Pvt Ltd,27AAAAA5825A1ZB
G_003196,86933.00,2025-03-21,INV/2025/8754,Vendor 3196 Pvt Ltd,27AAAAA3216A1ZM
G_003197,73274.00,2025-12-02,INV/2025/28711,Vendor 3197 Pvt Ltd,27AAAAA8983A1ZU
G_003198,8755.00,2025-08-04,INV/2025/48173,vendor 3198 pvt ltd,27AAAAA2797A1Z2
G_003199,88328.00,2025-03-06,INV/2025/97432,Vendor 3199 Private Limited,27AAAAA1167A1ZG
G_003200,6746.00,2025-05-22,INV/2025/94637,Vendor 3200 PVT LTD,27AAAAA4405A1ZL
G_003201,94070.00,2025-08-13,INV/2025/66277,Vendor 3201 Pvt Ltd,27AAAAA3139A1ZG
G_003202,32042.00,2025-07-10,INV/2025/95090,Vendor 3202 Pvt Ltd,27AAAAA2691A1Z9
G_003203,66073.00,2025-02-17,INV/2025/55778,Vendor 3203 Pvt Ltd,27AAAAA3140A1ZN
G_003204,51987.00,2025-04-11,INV/2025/1378,None,27AAAAA5152A1ZF
G_003205,57767.00,2025-08-22,INV/2025/61240,Vendor 3205 Pvt Ltd,27AAAAA4781A1Z6
G_003206,80198.00,2025-10-03,INV/2025/30392,Vendor 3206 Pvt Ltd,27AAAAA2572A1ZD
G_003207,85527.00,2025-03-24,INV/2025/79409,Vendor 3207 Pvt Ltd,27AAAAA1375A1ZE
G_003208,61661.00,2025-06-02,,Vendor 3208 Pvt Ltd,27AAAAA2212A1ZS
G_003209,76389.00,2025-09-29,INV/2025/29595,Vendor 3209 Pvt Ltd,27AAAAA3607A1ZJ
G_003210,32598.00,2025-10-05,INV/2025/37163,Vendor 3210 Pvt Ltd,27AAAAA5319A1ZE
G_003211,19870.00,2025-10-18,INV/2025/11637,Vendor 3211 Pvt Ltd,27AAAAA2941A1ZG
G_003212,65778.00,2025-01-29,INV/2025/49089,Vendor 3212 Pvt Ltd,27AAAAA1229A1ZL
G_003213,51644.00,2025-08-24,,Vendor 3213 Pvt Ltd,27AAAAA7843A1Z5
G_003214,91906.00,2025-07-21,INV/2025/21050,Vendor 3214 Pvt Ltd,27AAAAA4831A1ZF
G_003215,47554.00,2025-07-05,INV/2025/8922,Vendor 3215 Pvt Ltd,27AAAAA7450A1ZA
G_003216,39487.00,2025-12-02,INV/2025/5741,Vendor 3216 Pvt Ltd,27AAAAA5173A1ZA
G_003217,179730.00,2025-06-06,INV/2025/80253,Vendor 3217 Pvt Ltd,27AAAAA4216A1ZK
G_003218,1218.00,2025-06-04,INV/2025/85832,Vendor 3218 PVT LTD,27AAAAA6632A1ZC
G_003219,22243.00,2025-07-17,INV/2025/18654,Vendor 3219 Pvt Ltd,27AAAAA3121A1ZQ
G_003220,38834.00,2025-03-17,INV/2025/34518,Vendor 3220 Pvt Ltd,27AAAAA2449A1ZD
G_003221,96941.00,2025-06-25,INV/2025/86792,Vendor 3221 Pvt Ltd Inc,27AAAAA3251A1ZJ
G_003222,13392.00,2025-12-14,,Vendor 3222 Pvt Ltd,27AAAAA3478A1Z6
G_003223,70066.00,2025-09-10,,Vendor 3223 Pvt Ltd,27AAAAA1643A1ZJ
G_003224,38870.00,2025-11-24,INV/2025/32470,Vendor 3224 Pvt Ltd,27AAAAA7677A1ZX
G_003225,34659.00,2025-04-23,INV/2025/27347,None,27AAAAA7230A1ZG
G_003226,94493.00,2025-05-25,,Vendor 3226 Pvt Ltd,27AAAAA3195A1Z8
G_003227,87487.00,2025-01-30,INV/2025/48798,Vendor 3227 PVT LTD,27AAAAA6990A1ZZ
G_003228,4652.00,2025-12-20,INV/2025/32573,Vendor 3228 Pvt Ltd,27AAAAA4314A1ZL
G_003229,87716.00,2025-09-28,INV/2025/66471,Vendor 3229 Pvt Ltd,27AAAAA6993A1ZW
G_003230,48569.00,2025-08-28,INV/2025/96389,Vendor 3230 Pvt Ltd,27AAAAA5375A1Z6
G_003231,65554.00,2025-06-19,INV/2025/60445,Vendor 3231 Pvt Ltd,27AAAAA5400A1ZO
G_003232,94700.00,2025-11-22,,Vendor 3232 Pvt Ltd,27AAAAA5395A1Z2
G_003233,57324.00,2025-07-09,INV/2025/74966,Vendor 3233 Pvt Ltd,27AAAAA4930A1ZF
G_003234,50780.00,2025-11-01,INV/2025/66901,Vendor 3234 Pvt Ltd,27AAAAA7439A1Z5
G_003235,27444.00,2025-05-24,INV/2025/17577,Vendor 3235 Pvt Ltd,27AAAAA8059A1Z3
G_003236,3000.00,2025-10-02,,Vendor 3236 Pvt Ltd,27AAAAA7061A1ZB
G_003237,66690.00,2025-02-14,INV/2025/45786,Vendor 3237 Pvt Ltd,27AAAAA6019A1ZF
G_003238,42448.00,2025-07-10,INV/2025/76460,Vendor 3238 Pvt Ltd,27AAAAA3336A1ZH
G_003239,23918.00,2025-02-27,INV/2025/32395,Vendor 3239 Pvt Ltd,27AAAAA8318A1Z9
G_003240,36036.00,2025-05-03,INV/2025/49226,Vendor 3240 Pvt Ltd,27AAAAA5524A1ZF
G_003241,50537.00,2025-03-04,INV/2025/38475,Vendor 3241 Pvt Ltd,27AAAAA3975A1Z4
G_003242,85383.00,2025-10-06,INV/2025/77483,Vendor 3242 Pvt Ltd,27AAAAA5338A1ZB
G_003243,109108.00,2025-03-01,INV/2025/40452,Vendor 3243 Pvt Ltd,27AAAAA3579A1Z4
G_003244,59450.00,2025-10-18,INV/2025/55086,Vendor 3244 Pvt Ltd,27AAAAA1914A1ZL
G_003245,13764.00,2025-12-15,INV/2025/3368,Vendor 3245 Pvt Ltd,27AAAAA4702A1ZL
G_003246,65070.00,2025-09-29,,Vendor 3246 Pvt Ltd,27AAAAA2998A1ZZ
G_003247,10507.00,2025-07-08,INV/2025/96668,Vendor 3247 Private Limited,27AAAAA2970A1ZB
G_003248,41824.00,2025-03-22,INV/2025/28409,Vendor 3248 Pvt Ltd,27AAAAA5601A1ZL
G_003249,96978.00,2025-04-01,,Vendor 3249 Pvt Ltd,27AAAAA5577A1Z2
G_003250,34147.00,2025-05-17,INV/2025/90165,vendor 3250 pvt ltd,27AAAAA8547A1Z2
G_003251,65271.00,2025-04-10,,Vendor 3251 Pvt Ltd,27AAAAA2842A1ZG
G_003252,181472.00,2025-09-28,INV/2025/54860,Vendor 3252 Pvt Ltd,27AAAAA1414A1ZQ
G_003253,58388.00,2025-08-25,INV/2025/60371,Vendor 3253 Pvt Ltd,27AAAAA4646A1ZA
G_003254,53411.00,2025-04-07,INV/2025/26556,Vendor 3254 Pvt Ltd,27AAAAA6307A1ZG
G_003255,169466.00,2025-01-24,INV/2025/83483,Vendor 3255 Pvt Ltd,27AAAAA2014A1ZS
G_003256,8342.00,2025-01-13,INV/2025/49167,Vendor 3256 Pvt Ltd,27AAAAA9798A1ZN
G_003257,4866.00,2025-01-13,INV/2025/20920,Vendor 3257 Pvt Ltd,27AAAAA1747A1ZE
G_003258,8713.00,2025-06-08,INV/2025/25419,Vendor 3258 Pvt Ltd,27AAAAA3097A1Z7
G_003259,15817.00,2025-08-06,INV/2025/4469,Vendor 3259 PVT LTD,27AAAAA4192A1Z9
G_003260,28623.00,2025-07-23,INV/2025/70348,Vendor 3260 Pvt Ltd,
G_003261,4698.00,2025-04-12,INV/2025/16941,Vendor 3261 Pvt Ltd,27AAAAA3694A1Z4
G_003262,93055.00,2025-03-20,INV/2025/68908,Vendor 3262 Pvt Ltd,27AAAAA6751A1Z8
G_003263,75547.00,2025-11-20,INV/2025/64522,Vendor 3263 Pvt Ltd,27AAAAA4055A1ZF
G_003264,86512.00,2025-12-16,,Vendor 3264 Pvt Ltd,27AAAAA6771A1Z4
G_003265,83977.00,2025-12-21,INV/2025/59024,Vendor 3265 Pvt Ltd,27AAAAA3470A1ZE
G_003266,79187.00,2025-11-08,INV/2025/23846,Vendor 3266 Pvt Ltd,27AAAAA9555A1Z0
G_003267,90696.00,2025-12-22,INV/2025/30105,Vendor 3267 Pvt Ltd,27AAAAA8760A1Z3
G_003268,11517.00,2025-09-17,,Vendor 3268 Pvt Ltd,27AAAAA7993A1ZU
G_003269,6516.00,2025-10-10,INV/2025/61177,Vendor 3269 Pvt Ltd,27AAAAA2501A1ZS
G_003270,15932.00,2025-09-16,INV/2025/21761,Vendor 3270 Pvt Ltd,27AAAAA1632A1ZM
G_003271,16442.00,2025-03-21,INV/2025/52960,Vendor 3271 Pvt Ltd,27AAAAA9050A1ZA
G_003272,73274.00,2025-12-14,INV/2025/74429,Vendor 3272 PVT LTD,27AAAAA4641A1ZF
G_003273,87422.00,2025-11-19,,Vendor 3273 Pvt Ltd,27AAAAA9077A1ZZ
G_003274,33952.00,2025-07-26,INV/2025/63714,Vendor 3274 Pvt Ltd,27AAAAA9751A1Z2
G_003275,17273.00,2025-03-16,,Vendor 3275 Pvt Ltd,27AAAAA5303A1ZM
G_003276,18664.00,2025-03-24,INV/2025/94332,vendor 3276 pvt ltd,27AAAAA3502A1ZP
G_003277,33360.00,2025-03-20,INV/2025/46364,vendor 3277 pvt ltd,27AAAAA5784A1Z1
G_003278,94125.00,2025-12-07,INV/2025/90827,Vendor 3278 PVT LTD,27AAAAA3527A1ZG
G_003279,53187.00,2025-01-30,INV/2025/50417,Vendor 3279 Pvt Ltd,27AAAAA6795A1ZW
G_003280,27764.00,2025-07-10,INV/2025/86994,Vendor 3280 Pvt Ltd,27AAAAA6530A1ZF
G_003281,32165.00,2025-02-04,INV/2025/85902,Vendor 3281 Pvt Ltd,27AAAAA8844A1Z2
G_003282,89710.00,2025-09-09,INV/2025/37146,Vendor 3282 Pvt Ltd,27AAAAA7501A1ZI
G_003283,87787.00,2025-06-11,,Vendor 3283 Pvt Ltd,27AAAAA8955A1ZY
G_003284,85716.00,2025-10-15,INV/2025/43461,Vendor 3284 Pvt Ltd,27AAAAA2999A1ZY
G_003285,28903.00,2025-07-17,INV/2025/23874,Vendor 3285 Pvt Ltd,27AAAAA2175A1ZE
G_003286,87127.00,2025-07-24,INV/2025/31046,vendor 3286 pvt ltd,27AAAAA5699A1ZV
G_003287,101418.00,2025-02-02,INV/2025/42134,Vendor 3287 Pvt Ltd,27AAAAA6986A1ZV
G_003288,66110.00,2025-10-19,INV/2025/10531,Vendor 3288 Pvt Ltd,27AAAAA6217A1ZF
G_003289,11434.00,2025-08-08,INV/2025/95421,Vendor 3289 Pvt Ltd,27AAAAA7034A1ZE
G_003290,43346.00,2025-08-08,INV/2025/36601,Vendor 3290 Pvt Ltd,27AAAAA6606A1ZE
G_003291,75627.00,2025-07-12,,Vendor 3291 Pvt Ltd,27AAAAA2496A1Z6
G_003292,71812.00,2025-09-12,INV/2025/47891,Vendor 3292 Pvt Ltd,27AAAAA1008A1ZS
G_003293,33342.00,2025-03-28,,Vendor 3293 Pvt Ltd,27AAAAA1297A1Z9
G_003294,81725.00,2025-11-30,INV/2025/66028,Vendor 3294 Pvt Ltd,27AAAAA2165A1ZG
G_003295,19717.00,2025-06-07,,Vendor 3295 Pvt Ltd,27AAAAA2471A1ZF
G_003296,81404.00,2025-07-26,INV/2025/61654,vendor 3296 pvt ltd,27AAAAA8045A1Z9
G_003297,74338.00,2025-09-25,INV/2025/63202,Vendor 3297 Pvt Ltd,27AAAAA1595A1Z8
G_003298,127044.00,2025-04-29,INV/2025/11473,Vendor 3298 Pvt Ltd,27AAAAA9037A1Z7
G_003299,85564.00,2025-07-19,INV/2025/89467,Vendor 3299 Pvt Ltd,27AAAAA8173A1Z4
G_003300,70192.00,2025-11-15,INV/2025/63279,Vendor,27AAAAA9690A1ZW
G_003301,82801.00,2025-12-17,,Vendor 3301 Pvt Ltd,27AAAAA4407A1ZJ
G_003302,26709.00,2025-03-01,INV/2025/79986,Vendor 3302 Pvt Ltd,27AAAAA6058A1Z8
G_003303,40570.00,2025-04-07,,Vendor 3303 Pvt Ltd,27AAAAA6387A1Z0
G_003304,23914.00,2025-04-30,INV/2025/17343,Vendor 3304 Pvt Ltd,27AAAAA6486A1Z0
G_003305,46233.00,2025-01-13,INV/2025/46757,Vendor 3305 Pvt Ltd,27AAAAA2134A1ZN
G_003306,73899.00,2025-11-24,INV/2025/60781,Vendor 3306 Pvt Ltd,27AAAAA5633A1ZD
G_003307,256.00,2025-03-13,,Vendor 3307 Pvt Ltd,27AAAAA1818A1ZI
G_003308,40626.00,2025-10-06,INV/2025/88212,Vendor 3308 Pvt Ltd,27AAAAA6016A1ZI
G_003309,77836.00,2025-08-19,,Vendor 3309 Pvt Ltd,27AAAAA8337A1Z6
G_003310,50648.00,2025-06-27,INV/2025/56919,Vendor 3310 Private Limited,27AAAAA4298A1Z2
G_003311,4428.00,2025-01-12,INV/2025/54307,Vendor 3311 Pvt Ltd,27AAAAA6416A1ZE
G_003312,61737.00,2025-04-12,INV/2025/5932,Vendor,27AAAAA4614A1ZI
G_003313,80900.00,2025-04-06,INV/2025/61870,Vendor 3313 Pvt Ltd,27AAAAA7989A1ZQ
G_003314,18103.00,2025-10-19,INV/2025/92218,Vendor 3314 Pvt Ltd,27AAAAA6867A1ZZ
G_003315,91158.00,2025-07-09,INV/2025/78799,Vendor 3315 Pvt Ltd,27AAAAA1811A1ZP
G_003316,45944.00,2025-02-26,INV/2025/22169,Vendor,27AAAAA7029A1ZB
G_003317,56010.00,2025-06-03,,Vendor 3317 Pvt Ltd,27AAAAA4381A1ZA
G_003318,68849.00,2025-11-14,INV/2025/74346,Vendor 3318 Pvt Ltd,
G_003319,37022.00,2025-07-31,INV/2025/87174,Vendor 3319 Pvt Ltd,27AAAAA6712A1ZF
G_003320,98892.00,2025-05-15,INV/2025/39293,Vendor 3320 Pvt Ltd,27AAAAA6413A1ZH
G_003321,40123.00,2025-11-10,INV/2025/16900,Vendor 3321 Pvt Ltd,27AAAAA2195A1ZA
G_003322,98794.00,2025-11-08,INV/2025/32779,Vendor 3322 Pvt Ltd,
G_003323,37467.00,2025-04-26,,Vendor 3323 Pvt Ltd,27AAAAA8387A1ZW
G_003324,2351.00,2025-09-27,INV/2025/89607,Vendor 3324 Pvt Ltd,
G_003325,6357.00,2025-10-31,INV/2025/44016,Vendor 3325 PVT LTD,27AAAAA4678A1Z2
G_003326,94936.00,2025-04-22,INV/2025/76447,VENDOR 3326 PVT LTD,27AAAAA8815A1Z7
G_003327,76467.00,2025-05-19,INV/2025/14075,Vendor 3327 Pvt Ltd,27AAAAA9558A1ZX
G_003328,99747.00,2025-10-20,INV/2025/59398,Vendor 3328 Pvt Ltd,27AAAAA1130A1ZT
G_003329,62849.00,2025-01-23,INV/2025/63774,Vendor 3329 Pvt Ltd,27AAAAA2886A1Z4
G_003330,45679.00,2025-04-09,INV/2025/38626,None,27AAAAA9496A1ZS
G_003331,62046.00,2025-10-27,,Vendor 3331 Pvt Ltd,27AAAAA6516A1ZD
G_003332,1431.00,2025-01-22,INV/2025/40553,Vendor 3332 Pvt Ltd,27AAAAA5004A1ZO
G_003333,50105.00,2025-02-02,INV/2025/20448,Vendor 3333 Pvt Ltd,27AAAAA5987A1ZW
G_003334,18638.00,2025-07-02,INV/2025/14977,Vendor 3334 Pvt Ltd,27AAAAA1448A1ZG
G_003335,43788.00,2025-07-21,INV/2025/47692,VENDOR 3335 PVT LTD,27AAAAA8560A1Z5
G_003336,76429.00,2025-06-22,INV/2025/83313,Vendor,27AAAAA6419A1ZB
G_003337,10439.00,2025-10-21,INV/2025/80886,Vendor 3337 Pvt Ltd,27AAAAA8049A1Z5
G_003338,72523.00,2025-06-02,INV/2025/25792,Vendor 3338 Pvt Ltd,27AAAAA6906A1ZB
G_003339,29104.00,2025-02-13,INV/2025/10499,Vendor 3339 Pvt Ltd,27AAAAA7355A1Z6
G_003340,6399.00,2025-04-15,,Vendor 3340 Pvt Ltd,27AAAAA7078A1Z2
G_003341,20753.00,2025-12-10,INV/2025/98106,Vendor 3341 Pvt Ltd,27AAAAA7674A1Z0
G_003342,40735.00,2025-08-23,INV/2025/39371,Vendor 3342 Pvt Ltd,27AAAAA4193A1Z8
G_003343,2553.00,2025-06-04,INV/2025/31407,vendor 3343 pvt ltd,27AAAAA2765A1ZA
G_003344,97283.00,2025-12-21,INV/2025/89447,Vendor 3344 Pvt Ltd,27AAAAA9851A1Z1
G_003345,144946.00,2025-11-30,INV/2025/42129,Vendor 3345 Pvt Ltd,27AAAAA1535A1ZK
G_003346,50094.00,2025-10-26,INV/2025/7569,Vendor 3346 Pvt Ltd,27AAAAA5597A1ZY
G_003347,84855.00,2025-12-06,INV/2025/64870,Vendor 3347 Pvt Ltd,27AAAAA2469A1Z9
G_003348,34636.00,2025-04-07,INV/2025/5920,Vendor 3348 Pvt Ltd,27AAAAA8631A1Z9
G_003349,40874.00,2025-04-27,INV/2025/71328,Vendor 3349 Pvt Ltd,27AAAAA1957A1ZA
G_003350,21331.00,2025-10-14,,Vendor 3350 Pvt Ltd,27AAAAA3676A1Z6
G_003351,23846.00,2025-08-18,INV/2025/99514,Vendor 3351 Pvt Ltd,27AAAAA6543A1ZA
G_003352,26179.00,2025-04-13,INV/2025/18495,Vendor 3352 PVT LTD,27AAAAA3612A1ZM
G_003353,1321.00,2025-03-11,INV/2025/3128,Vendor 3353 Pvt Ltd,27AAAAA4830A1ZG
G_003354,28349.00,2025-04-15,INV/2025/2305,Vendor 3354 Pvt Ltd,27AAAAA2766A1Z9
G_003355,53615.00,2025-08-28,INV/2025/58799,Vendor 3355 Pvt Ltd,27AAAAA5155A1ZC
G_003356,59907.00,2025-07-06,INV/2025/2403,Vendor 3356 Pvt Ltd,27AAAAA8008A1ZE
G_003357,80011.00,2025-11-09,INV/2025/46530,Vendor 3357 Pvt Ltd,27AAAAA8837A1Z1
G_003358,22848.00,2025-05-23,INV/2025/85116,Vendor 3358 Pvt Ltd,27AAAAA1928A1ZF
G_003359,60710.00,2025-10-25,INV/2025/73892,Vendor 3359 Pvt Ltd,27AAAAA3835A1ZD
G_003360,28514.00,2025-05-19,,Vendor 3360 Pvt Ltd,27AAAAA1475A1ZD
G_003361,16753.00,2025-10-04,INV/2025/39797,Vendor 3361 Pvt Ltd,27AAAAA1764A1ZD
G_003362,12010.00,2025-08-21,INV/2025/95070,Vendor 3362 Pvt Ltd,27AAAAA1268A1ZE
G_003363,38461.00,2025-01-27,INV/2025/49929,Vendor 3363 Pvt Ltd,27AAAAA3169A1ZA
G_003364,34040.00,2025-12-05,INV/2025/72626,Vendor 3364 Pvt Ltd,27AAAAA7776A1ZX
G_003365,62527.00,2025-11-25,INV/2025/84369,Vendor 3365 Pvt Ltd Inc,27AAAAA2664A1ZC
G_003366,13976.00,2025-11-15,,Vendor 3366 Pvt Ltd,27AAAAA7781A1Z0
G_003367,6659.00,2025-07-17,INV/2025/48154,Vendor 3367 PVT LTD,27AAAAA5320A1ZL
G_003368,20296.00,2025-12-13,INV/2025/62493,Vendor 3368 Pvt Ltd Inc,27AAAAA8220A1ZG
G_003369,23677.00,2025-03-21,INV/2025/42504,None,27AAAAA2050A1ZO
G_003370,50599.00,2025-07-21,INV/2025/70963,Vendor 3370 Pvt Ltd,27AAAAA6623A1ZD
G_003371,95088.00,2025-03-17,INV/2025/33427,Vendor 3371 Pvt Ltd,27AAAAA9308A1Z9
G_003372,75257.00,2025-02-09,INV/2025/25419,Vendor 3372 Pvt Ltd,27AAAAA8395A1ZW
G_003373,15727.00,2025-09-29,,Vendor 3373 Pvt Ltd,27AAAAA1772A1ZD
G_003374,90324.00,2025-10-11,INV/2025/55516,Vendor 3374 Pvt Ltd,
G_003375,59661.00,2025-01-26,INV/2025/64534,Vendor 3375 Pvt Ltd,27AAAAA2211A1ZT
G_003376,78515.00,2025-03-19,INV/2025/47205,Vendor 3376 Pvt Ltd,27AAAAA4695A1Z1
G_003377,91122.00,2025-07-01,INV/2025/24357,vendor 3377 pvt ltd,27AAAAA5125A1ZI
G_003378,64848.00,2025-02-22,INV/2025/23631,Vendor 3378 Pvt Ltd,27AAAAA2792A1Z7
G_003379,98199.00,2025-05-11,INV/2025/33738,Vendor 3379 Pvt Ltd,27AAAAA7353A1Z8
G_003380,2913.00,2025-07-04,INV/2025/38914,Vendor 3380 Pvt Ltd,27AAAAA3679A1Z3
G_003381,49498.00,2025-12-14,INV/2025/43008,Vendor 3381 Pvt Ltd Inc,27AAAAA3886A1Z2
G_003382,50624.00,2025-04-10,INV/2025/97998,Vendor 3382 Pvt Ltd,27AAAAA7266A1Z4
G_003383,38097.00,2025-05-31,INV/2025/40589,Vendor 3383 Pvt Ltd,27AAAAA4315A1ZK
G_003384,40041.00,2025-09-15,INV/2025/68969,Vendor 3384 Pvt Ltd,27AAAAA1303A1ZU
G_003385,1639.00,2025-05-19,INV/2025/61899,Vendor 3385 Pvt Ltd,27AAAAA6416A1ZE
G_003386,161116.00,2025-12-16,INV/2025/50482,Vendor 3386 Pvt Ltd,27AAAAA7130A1ZH
G_003387,24933.00,2025-12-16,INV/2025/59745,Vendor 3387 Pvt Ltd,27AAAAA6131A1ZI
G_003388,52169.00,2025-08-07,INV/2025/84186,Vendor 3388 PVT LTD,27AAAAA3976A1Z3
G_003389,54378.00,2025-04-30,INV/2025/36128,Vendor 3389 Pvt Ltd,27AAAAA6186A1Z3
G_003390,41899.00,2025-03-29,,Vendor 3390 Pvt Ltd,27AAAAA8768A1ZV
G_003391,54935.00,2025-02-11,INV/2025/53345,Vendor 3391 Pvt Ltd,27AAAAA1287A1ZB
G_003392,3740.00,2025-12-01,INV/2025/49350,Vendor 3392 PVT LTD,27AAAAA3192A1ZB
G_003393,15438.00,2025-02-06,,Vendor 3393 Pvt Ltd,27AAAAA5683A1Z3
G_003394,28721.00,2025-01-22,INV/2025/20875,Vendor 3394 Pvt Ltd Inc,27AAAAA7725A1Z8
G_003395,30586.00,2025-08-12,INV/2025/33029,Vendor 3395 Pvt Ltd,27AAAAA7590A1Z1
G_003396,84740.00,2025-07-29,INV/2025/23591,Vendor 3396 Pvt Ltd,
G_003397,5702.00,2025-08-09,INV/2025/50411,Vendor 3397 Pvt Ltd,27AAAAA3947A1Z8
G_003398,3647.00,2025-11-27,INV/2025/88663,Vendor 3398 Private Limited,27AAAAA9427A1Z5
G_003399,29334.00,2025-12-02,INV/2025/71557,Vendor 3399 Pvt Ltd,27AAAAA2752A1ZF
G_003400,29519.00,2025-12-27,INV/2025/21582,Vendor 3400 Pvt Ltd,27AAAAA9756A1ZX
G_003401,20002.00,2025-02-18,INV/2025/23661,Vendor 3401 Pvt Ltd,27AAAAA3896A1Z0
G_003402,93322.00,2025-07-10,INV/2025/71559,Vendor 3402 Pvt Ltd,27AAAAA2845A1ZD
G_003403,70326.00,2025-09-13,INV/2025/53620,Vendor 3403 Pvt Ltd,27AAAAA7834A1Z6
G_003404,69678.00,2025-06-17,INV/2025/35359,Vendor 3404 Private Limited,27AAAAA2797A1Z2
G_003405,98414.00,2025-03-10,INV/2025/89305,Vendor 3405 Pvt Ltd,27AAAAA6006A1ZK
G_003406,74813.00,2025-09-15,INV/2025/66251,Vendor 3406 Pvt Ltd,27AAAAA3910A1ZL
G_003407,82428.00,2025-09-24,INV/2025/43898,Vendor 3407 Pvt Ltd,27AAAAA5006A1ZM
G_003408,52436.00,2025-06-09,INV/2025/98695,Vendor 3408 Pvt Ltd,27AAAAA5616A1ZE
G_003409,28635.00,2025-06-01,INV/2025/87311,Vendor 3409 Pvt Ltd,27AAAAA3118A1ZL
G_003410,19083.00,2025-04-02,INV/2025/10843,Vendor 3410 Pvt Ltd,27AAAAA8145A1Z8
G_003411,6060.00,2025-05-26,INV/2025/22377,VENDOR 3411 PVT LTD,27AAAAA2047A1ZJ
G_003412,36984.00,2025-09-06,,Vendor 3412 Pvt Ltd,27AAAAA2847A1ZB
G_003413,11902.00,2025-08-30,INV/2025/81608,Vendor 3413 Pvt Ltd,27AAAAA2833A1ZH
G_003414,77187.00,2025-11-09,,Vendor 3414 Pvt Ltd,27AAAAA7656A1Z2
G_003415,12753.00,2025-11-30,INV/2025/22087,Vendor 3415 PVT LTD,27AAAAA9631A1Z7
G_003416,7572.00,2025-04-23,INV/2025/57621,Vendor 3416 Pvt Ltd,27AAAAA1326A1ZN
G_003417,92667.00,2025-01-02,INV/2025/9177,Vendor 3417 Pvt Ltd,27AAAAA3754A1ZB
G_003418,70779.00,2025-06-22,INV/2025/26348,Vendor 3418 PVT LTD,27AAAAA3642A1ZG
G_003419,42274.00,2025-11-20,INV/2025/7083,Vendor 3419 Pvt Ltd,27AAAAA1063A1ZL
G_003420,138994.00,2025-05-01,INV/2025/73067,Vendor 3420 Pvt Ltd,27AAAAA5002A1ZQ
G_003421,54878.00,2025-11-12,INV/2025/23402,VENDOR 3421 PVT LTD,27AAAAA3651A1ZF
G_003422,7917.00,2025-08-19,INV/2025/53180,Vendor,27AAAAA2023A1ZR
G_003423,99227.00,2025-08-12,,Vendor 3423 Pvt Ltd,27AAAAA8493A1ZX
G_003424,65845.00,2025-11-09,INV/2025/51510,Vendor 3424 PVT LTD,27AAAAA4388A1Z3
G_003425,53513.00,2025-02-12,INV/2025/67277,Vendor 3425 Pvt Ltd,27AAAAA8924A1Z5
G_003426,98409.00,2025-07-26,INV/2025/24204,Vendor 3426 Pvt Ltd,27AAAAA9885A1ZR
G_003427,72471.00,2025-06-06,INV/2025/15242,Vendor 3427 Pvt Ltd,27AAAAA8111A1ZI
G_003428,87108.00,2025-09-16,INV/2025/21558,Vendor 3428 Pvt Ltd,27AAAAA3540A1ZJ
G_003429,13095.00,2025-12-11,INV/2025/71852,Vendor 3429 Pvt Ltd,
G_003430,60535.00,2025-11-04,,Vendor 3430 Pvt Ltd,27AAAAA4061A1ZH
G_003431,92931.00,2025-12-25,INV/2025/3593,Vendor 3431 Pvt Ltd,27AAAAA6330A1ZH
G_003432,50646.00,2025-02-18,INV/2025/86281,Vendor 3432 Pvt Ltd,27AAAAA9077A1ZZ
G_003433,76384.00,2025-03-27,INV/2025/1822,VENDOR 3433 PVT LTD,27AAAAA7065A1Z7
G_003434,32522.00,2025-02-08,INV/2025/82417,Vendor 3434 Pvt Ltd,27AAAAA5364A1Z9
G_003435,15406.00,2025-08-24,INV/2025/66951,Vendor 3435 Pvt Ltd Inc,27AAAAA7713A1ZC
G_003436,76063.00,2025-10-01,INV/2025/85312,Vendor 3436 Pvt Ltd,27AAAAA7864A1Z0
G_003437,86705.00,2025-09-12,INV/2025/24356,Vendor 3437 Pvt Ltd,27AAAAA6733A1ZA
G_003438,92046.00,2025-07-20,INV/2025/50397,Vendor 3438 Pvt Ltd,27AAAAA3468A1Z8
G_003439,70074.00,2025-07-16,INV/2025/23389,Vendor 3439 Pvt Ltd Inc,27AAAAA7541A1ZA
G_003440,18235.00,2025-06-15,INV/2025/59748,Vendor 3440 Pvt Ltd,27AAAAA2543A1ZI
G_003441,45113.00,2025-06-16,INV/2025/30296,vendor 3441 pvt ltd,27AAAAA3662A1ZC
G_003442,58340.00,2025-06-02,INV/2025/18891,VENDOR 3442 PVT LTD,27AAAAA1147A1ZK
G_003443,82335.00,2025-09-01,INV/2025/19706,Vendor 3443 Pvt Ltd,27AAAAA5392A1Z5
G_003444,8348.00,2025-08-13,INV/2025/76247,Vendor,27AAAAA5989A1ZU
G_003445,72615.00,2025-11-01,INV/2025/60937,Vendor 3445 Pvt Ltd,27AAAAA1063A1ZL
G_003446,73388.00,2025-06-30,INV/2025/90860,VENDOR 3446 PVT LTD,27AAAAA5176A1Z7
G_003447,9965.00,2025-09-18,INV/2025/26367,Vendor 3447 Pvt Ltd,
G_003448,53964.00,2025-08-25,INV/2025/32789,Vendor 3448 Pvt Ltd,27AAAAA2843A1ZF
G_003449,27134.00,2025-07-24,INV/2025/97085,None,27AAAAA6625A1ZB
G_003450,38499.00,2025-10-27,INV/2025/70953,Vendor 3450 Pvt Ltd,27AAAAA7239A1Z7
G_003451,79389.00,2025-03-27,INV/2025/87885,None,27AAAAA1161A1ZM
G_003452,42916.00,2025-03-29,INV/2025/16501,Vendor 3452 Pvt Ltd,
G_003453,60220.00,2025-01-21,INV/2025/52997,Vendor 3453 Pvt Ltd,27AAAAA3286A1Z8
G_003454,2469.00,2025-10-06,INV/2025/24480,Vendor 3454 Pvt Ltd,27AAAAA2002A1ZW
G_003455,68268.00,2025-02-23,INV/2025/30024,Vendor 3455 Pvt Ltd,27AAAAA6874A1Z0
G_003456,87357.00,2025-01-22,INV/2025/44238,Vendor 3456 Pvt Ltd,27AAAAA4112A1ZP
G_003457,72329.00,2025-05-02,INV/2025/82114,Vendor,27AAAAA9861A1ZZ
G_003458,72626.00,2025-06-27,,Vendor 3458 Pvt Ltd,27AAAAA2736A1ZF
G_003459,58699.00,2025-07-09,INV/2025/2667,Vendor 3459 Pvt Ltd,27AAAAA3447A1ZD
G_003460,94498.00,2025-07-19,INV/2025/89974,Vendor 3460 Pvt Ltd,27AAAAA6651A1Z9
G_003461,84647.00,2025-04-15,,Vendor 3461 Pvt Ltd,27AAAAA6830A1ZC
G_003462,38475.00,2025-02-19,INV/2025/74132,Vendor 3462 Pvt Ltd,27AAAAA7347A1Z6
G_003463,71057.00,2025-12-07,INV/2025/39560,Vendor 3463 Pvt Ltd,27AAAAA8180A1Z5
G_003464,99868.00,2025-09-03,,Vendor 3464 Pvt Ltd,27AAAAA9235A1Z7
G_003465,61979.00,2025-03-24,,Vendor 3465 Pvt Ltd,27AAAAA9696A1ZQ
G_003466,14910.00,2025-11-20,INV/2025/99319,Vendor 3466 Pvt Ltd,27AAAAA1511A1ZS
G_003467,6339.00,2025-04-29,,Vendor 3467 Pvt Ltd,27AAAAA3013A1ZR
G_003468,17339.00,2025-11-04,,Vendor 3468 Pvt Ltd,27AAAAA5129A1ZE
G_003469,87297.00,2025-06-25,INV/2025/56304,Vendor,27AAAAA5493A1Z3
G_003470,21705.00,2025-06-04,INV/2025/6061,Vendor 3470 Pvt Ltd,27AAAAA7131A1ZG
G_003471,15413.00,2025-06-15,INV/2025/46114,Vendor,27AAAAA3065A1ZF
G_003472,41443.00,2025-08-06,INV/2025/24364,Vendor 3472 Pvt Ltd,27AAAAA3243A1ZJ
G_003473,79921.00,2025-01-05,INV/2025/44487,Vendor 3473 Pvt Ltd,27AAAAA3046A1ZI
G_003474,57716.00,2025-01-16,INV/2025/34897,Vendor 3474 Pvt Ltd,27AAAAA5831A1ZD
G_003475,39890.00,2025-10-05,INV/2025/38823,Vendor 3475 Pvt Ltd Inc,27AAAAA7370A1Z7
G_003476,78845.00,2025-08-12,INV/2025/43763,Vendor 3476 Pvt Ltd,27AAAAA4650A1ZE
G_003477,70141.00,2025-04-26,INV/2025/41965,Vendor 3477 Pvt Ltd,27AAAAA4797A1ZY
G_003478,37779.00,2025-06-20,INV/2025/96506,Vendor 3478 Pvt Ltd,27AAAAA3247A1ZF
G_003479,535.00,2025-05-08,INV/2025/52693,Vendor 3479 Pvt Ltd,27AAAAA1923A1ZK
G_003480,9011.00,2025-08-30,,Vendor 3480 Pvt Ltd,27AAAAA2497A1Z5
G_003481,129870.00,2025-03-22,INV/2025/56784,Vendor 3481 Pvt Ltd,27AAAAA8590A1ZZ
G_003482,81035.00,2025-06-27,INV/2025/73834,Vendor 3482 Pvt Ltd,27AAAAA5036A1ZG
G_003483,22509.00,2025-04-03,INV/2025/77605,Vendor 3483 PVT LTD,27AAAAA6320A1ZJ
G_003484,18442.00,2025-12-31,INV/2025/41976,Vendor 3484 Pvt Ltd,27AAAAA6673A1Z3
G_003485,43051.00,2025-09-08,INV/2025/49266,Vendor,27AAAAA9230A1ZC
G_003486,6945.00,2025-09-28,INV/2025/84457,Vendor 3486 Pvt Ltd,27AAAAA6504A1ZH
G_003487,33959.00,2025-08-18,INV/2025/60520,Vendor 3487 Pvt Ltd,27AAAAA2519A1ZI
G_003488,83807.00,2025-04-20,INV/2025/47743,Vendor 3488 Pvt Ltd,27AAAAA6998A1ZR
G_003489,14797.00,2025-08-25,INV/2025/16608,Vendor 3489 Pvt Ltd,27AAAAA5846A1Z6
G_003490,26240.00,2025-05-14,INV/2025/38930,Vendor 3490 Pvt Ltd,
G_003491,64106.00,2025-09-19,INV/2025/71033,Vendor 3491 Pvt Ltd,27AAAAA4790A1Z5
G_003492,28643.00,2025-08-04,,Vendor 3492 Pvt Ltd,27AAAAA9681A1ZX
G_003493,31510.00,2025-11-26,,Vendor 3493 Pvt Ltd,27AAAAA4293A1Z7
G_003494,5006.00,2025-09-20,INV/2025/63185,Vendor 3494 PVT LTD,27AAAAA7997A1ZQ
G_003495,46319.00,2025-03-31,INV/2025/63903,Vendor 3495 PVT LTD,27AAAAA2119A1ZM
G_003496,24211.00,2025-06-11,INV/2025/90688,Vendor 3496 Pvt Ltd,27AAAAA8123A1ZE
G_003497,90737.00,2025-06-06,INV/2025/54555,Vendor 3497 Pvt Ltd,27AAAAA8293A1ZZ
G_003498,95643.00,2025-04-26,INV/2025/64259,Vendor 3498 Pvt Ltd,
G_003499,74093.00,2025-02-24,INV/2025/47693,Vendor 3499 Pvt Ltd,27AAAAA9386A1ZV
G_003500,36697.00,2025-07-15,INV/2025/66085,Vendor 3500 Pvt Ltd,27AAAAA5792A1Z1
G_003501,21410.00,2025-10-31,INV/2025/53099,Vendor 3501 Private Limited,27AAAAA7207A1ZF
G_003502,27612.00,2025-07-22,INV/2025/18898,VENDOR 3502 PVT LTD,27AAAAA4677A1Z3
G_003503,82558.00,2025-08-09,,Vendor 3503 Pvt Ltd,27AAAAA7161A1ZA
G_003504,90473.00,2025-01-19,INV/2025/15701,Vendor 3504 Pvt Ltd,27AAAAA1475A1ZD
G_003505,62974.00,2025-04-27,INV/2025/76686,Vendor 3505 Pvt Ltd,27AAAAA6575A1Z2
G_003506,21559.00,2025-02-18,INV/2025/93310,Vendor 3506 Pvt Ltd,27AAAAA6576A1Z1
G_003507,38177.00,2025-05-28,INV/2025/23308,Vendor,27AAAAA9553A1Z2
G_003508,135650.00,2025-06-02,INV/2025/82166,Vendor 3508 Pvt Ltd,27AAAAA9431A1Z9
G_003509,76493.00,2025-07-09,INV/2025/58414,Vendor 3509 Pvt Ltd,27AAAAA8500A1ZH
G_003510,64362.00,2025-06-18,INV/2025/84245,Vendor 3510 Pvt Ltd,27AAAAA7077A1Z3
G_003511,97341.00,2025-02-26,INV/2025/78638,Vendor 3511 Pvt Ltd,27AAAAA9492A1ZW
G_003512,195546.00,2025-10-26,INV/2025/61654,Vendor 3512 Pvt Ltd,27AAAAA8227A1Z9
G_003513,18143.00,2025-06-03,INV/2025/70313,vendor 3513 pvt ltd,27AAAAA2212A1ZS
G_003514,10841.00,2025-08-25,,Vendor 3514 Pvt Ltd,27AAAAA8403A1ZF
G_003515,39323.00,2025-05-15,INV/2025/44087,Vendor 3515 Pvt Ltd,
G_003516,55865.00,2025-09-12,INV/2025/21955,Vendor,27AAAAA4376A1Z7
G_003517,10978.00,2025-04-04,INV/2025/96173,Vendor 3517 Pvt Ltd,27AAAAA2717A1ZI
G_003518,66000.00,2025-06-24,INV/2025/99564,Vendor 3518 Pvt Ltd,27AAAAA9653A1Z1
G_003519,75875.00,2025-05-06,,Vendor 3519 Pvt Ltd,27AAAAA2342A1ZL
G_003520,10557.00,2025-05-21,INV/2025/45113,None,27AAAAA9827A1Z1
G_003521,13910.00,2025-08-16,INV/2025/62343,Vendor 3521 Pvt Ltd Inc,27AAAAA3734A1ZF
G_003522,55538.00,2025-10-27,INV/2025/28227,Vendor 3522 Pvt Ltd,27AAAAA7966A1ZX
G_003523,164826.00,2025-12-03,INV/2025/42036,Vendor 3523 Pvt Ltd,27AAAAA2465A1ZD
G_003524,98273.00,2025-01-07,INV/2025/88678,Vendor 3524 Pvt Ltd,27AAAAA8613A1ZB
G_003525,2718.00,2025-03-04,INV/2025/16972,None,27AAAAA7464A1Z4
G_003526,32687.00,2025-09-30,,Vendor 3526 Pvt Ltd,27AAAAA1170A1ZL
G_003527,17716.00,2025-11-27,INV/2025/42307,Vendor 3527 Pvt Ltd,27AAAAA6036A1ZE
G_003528,5639.00,2025-10-21,INV/2025/8742,Vendor 3528 Pvt Ltd Inc,27AAAAA7989A1ZQ
G_003529,65935.00,2025-03-04,INV/2025/6598,Vendor 3529 Pvt Ltd,27AAAAA2655A1ZD
G_003530,39334.00,2025-04-19,INV/2025/94668,Vendor 3530 Pvt Ltd,27AAAAA3222A1ZO
G_003531,91478.00,2025-09-29,INV/2025/66036,Vendor 3531 Pvt Ltd,27AAAAA6623A1ZD
G_003532,57754.00,2025-02-10,INV/2025/29446,VENDOR 3532 PVT LTD,27AAAAA3291A1ZB
G_003533,74594.00,2025-05-06,INV/2025/28392,Vendor 3533 Pvt Ltd,27AAAAA7569A1ZY
G_003534,92415.00,2025-01-04,INV/2025/83133,Vendor 3534 Pvt Ltd,27AAAAA1988A1Z3
G_003535,11942.00,2025-07-07,,Vendor 3535 Pvt Ltd,27AAAAA8048A1Z6
G_003536,11365.00,2025-11-30,,Vendor 3536 Pvt Ltd,27AAAAA5035A1ZH
G_003537,76748.00,2025-09-07,INV/2025/75461,Vendor 3537 Pvt Ltd,27AAAAA4922A1ZF
G_003538,13372.00,2025-07-14,INV/2025/39034,Vendor 3538 Pvt Ltd,27AAAAA2895A1Z3
G_003539,86610.00,2025-03-10,,Vendor 3539 Pvt Ltd,27AAAAA1697A1Z5
G_003540,59991.00,2025-01-15,INV/2025/21762,Vendor,27AAAAA3977A1Z2
G_003541,53821.00,2025-01-03,,Vendor 3541 Pvt Ltd,27AAAAA7196A1ZZ
G_003542,10875.00,2025-07-13,INV/2025/34408,Vendor 3542 Pvt Ltd,27AAAAA9539A1Z0
G_003543,10132.00,2025-01-18,INV/2025/14741,vendor 3543 pvt ltd,27AAAAA7753A1Z4
G_003544,83279.00,2025-04-15,INV/2025/44877,None,27AAAAA6297A1ZZ
G_003545,53786.00,2025-05-16,,Vendor 3545 Pvt Ltd,27AAAAA5908A1ZB
G_003546,24860.00,2025-12-09,INV/2025/74428,Vendor 3546 PVT LTD,27AAAAA1613A1ZP
G_003547,1184.00,2025-05-16,INV/2025/19705,Vendor 3547 Pvt Ltd,27AAAAA4506A1ZJ
G_003548,66830.00,2025-02-22,INV/2025/35510,vendor 3548 pvt ltd,27AAAAA3200A1ZU
G_003549,69419.00,2025-10-24,INV/2025/31135,None,27AAAAA2901A1ZO
G_003550,75512.00,2025-07-30,INV/2025/76383,Vendor 3550 Pvt Ltd,27AAAAA1354A1ZJ
G_003551,74767.00,2025-03-30,INV/2025/23692,None,27AAAAA1058A1ZI
G_003552,59652.00,2025-05-19,INV/2025/42930,Vendor 3552 Pvt Ltd,27AAAAA9341A1Z8
G_003553,43176.00,2025-10-03,,Vendor 3553 Pvt Ltd,27AAAAA4885A1Z1
G_003554,16259.00,2025-08-21,,Vendor 3554 Pvt Ltd,27AAAAA9043A1Z9
G_003555,145112.00,2025-10-14,INV/2025/16704,Vendor 3555 Pvt Ltd,27AAAAA7960A1Z3
G_003556,94582.00,2025-01-18,INV/2025/27620,Vendor 3556 Pvt Ltd,27AAAAA5439A1Z9
G_003557,99715.00,2025-09-25,INV/2025/9520,Vendor 3557 PVT LTD,27AAAAA9255A1Z3
G_003558,85545.00,2025-07-03,INV/2025/68104,Vendor 3558 Pvt Ltd,27AAAAA8261A1Z7
G_003559,37319.00,2025-09-01,INV/2025/59917,Vendor 3559 Pvt Ltd,27AAAAA7630A1ZC
G_003560,94138.00,2025-01-05,INV/2025/80304,Vendor 3560 Pvt Ltd,27AAAAA4810A1ZK
G_003561,25397.00,2025-09-20,,Vendor 3561 Pvt Ltd,27AAAAA6719A1Z8
G_003562,71527.00,2025-03-07,INV/2025/52891,Vendor 3562 Pvt Ltd,27AAAAA4052A1ZI
G_003563,5279.00,2025-05-15,INV/2025/9889,Vendor 3563 PVT LTD,27AAAAA3733A1ZG
G_003564,11241.00,2025-11-09,INV/2025/5567,Vendor 3564 Pvt Ltd,27AAAAA4811A1ZJ
G_003565,35296.00,2025-05-24,INV/2025/9688,Vendor 3565 Pvt Ltd,27AAAAA1119A1ZO
G_003566,90469.00,2025-10-30,INV/2025/93294,Vendor 3566 Pvt Ltd,27AAAAA9105A1ZE
G_003567,35584.00,2025-07-10,INV/2025/32483,Vendor 3567 Pvt Ltd,
G_003568,93762.00,2025-11-12,INV/2025/41575,Vendor 3568 Pvt Ltd,27AAAAA8908A1Z5
G_003569,19000.00,2025-05-22,,Vendor 3569 Pvt Ltd,27AAAAA3366A1ZB
G_003570,19894.00,2025-07-19,,Vendor 3570 Pvt Ltd,27AAAAA8776A1ZV
G_003571,24129.00,2025-04-01,INV/2025/49915,Vendor 3571 Pvt Ltd,27AAAAA4353A1ZE
G_003572,18994.00,2025-04-05,INV/2025/38960,Vendor 3572 Pvt Ltd,27AAAAA5891A1Z1
G_003573,22695.00,2025-08-03,INV/2025/14065,Vendor 3573 Pvt Ltd,27AAAAA4505A1ZK
G_003574,4745.00,2025-04-09,INV/2025/41039,Vendor 3574 Pvt Ltd,27AAAAA1845A1ZF
G_003575,28295.00,2025-01-26,INV/2025/63244,Vendor 3575 Pvt Ltd,27AAAAA7250A1ZC
G_003576,91124.00,2025-12-01,INV/2025/23260,Vendor 3576 Pvt Ltd,27AAAAA8350A1Z9
G_003577,4268.00,2025-11-01,INV/2025/44938,Vendor 3577 Pvt Ltd,27AAAAA1575A1ZC
G_003578,94660.00,2025-03-11,INV/2025/10185,Vendor 3578 PVT LTD,27AAAAA7784A1ZX
G_003579,76566.00,2025-01-16,INV/2025/2307,Vendor 3579 Pvt Ltd,27AAAAA9908A1Z3
G_003580,4035.00,2025-01-31,INV/2025/13554,Vendor 3580 Pvt Ltd,27AAAAA6128A1ZD
G_003581,3507.00,2025-08-25,INV/2025/29336,Vendor 3581 Private Limited,27AAAAA1201A1ZX
G_003582,85866.00,2025-08-20,INV/2025/23500,Vendor 3582 Pvt Ltd,27AAAAA1567A1ZC
G_003583,49996.00,2025-10-17,INV/2025/6407,Vendor 3583 Pvt Ltd,27AAAAA9856A1ZW
G_003584,65061.00,2025-03-14,INV/2025/25331,Vendor 3584 Pvt Ltd,27AAAAA7387A1ZY
G_003585,83092.00,2025-12-30,INV/2025/37612,Vendor 3585 Pvt Ltd,27AAAAA5159A1Z8
G_003586,74742.00,2025-03-27,INV/2025/72717,Vendor 3586 Pvt Ltd,
G_003587,59709.00,2025-05-12,INV/2025/41159,Vendor 3587 Pvt Ltd,27AAAAA1103A1ZW
G_003588,29667.00,2025-06-04,,Vendor 3588 Pvt Ltd,27AAAAA3370A1ZF
G_003589,24173.00,2025-07-04,INV/2025/19903,Vendor 3589 Pvt Ltd,27AAAAA3158A1ZD
G_003590,44968.00,2025-04-03,,Vendor 3590 Pvt Ltd,27AAAAA3360A1ZH
G_003591,18701.00,2025-12-07,INV/2025/96738,Vendor 3591 Pvt Ltd,27AAAAA2348A1ZF
G_003592,62288.00,2025-04-03,INV/2025/50260,Vendor 3592 PVT LTD,27AAAAA8308A1ZB
G_003593,84189.00,2025-11-17,INV/2025/47284,Vendor 3593 Pvt Ltd,27AAAAA7892A1ZW
G_003594,61746.00,2025-07-29,INV/2025/11341,VENDOR 3594 PVT LTD,27AAAAA3138A1ZH
G_003595,88852.00,2025-03-10,,Vendor 3595 Pvt Ltd,27AAAAA1394A1ZB
G_003596,76691.00,2025-10-04,INV/2025/46974,Vendor 3596 Pvt Ltd,27AAAAA6883A1ZZ
G_003597,14033.00,2025-10-22,INV/2025/88479,Vendor 3597 Pvt Ltd,27AAAAA2732A1ZJ
G_003598,76310.00,2025-02-16,INV/2025/23377,Vendor 3598 Pvt Ltd,
G_003599,96111.00,2025-11-07,,Vendor 3599 Pvt Ltd,27AAAAA5678A1Z0
G_003600,67431.00,2025-12-12,INV/2025/56220,Vendor 3600 Pvt Ltd,27AAAAA8011A1ZJ
G_003601,1367.00,2025-09-14,INV/2025/69880,Vendor 3601 Pvt Ltd,27AAAAA1963A1ZC
G_003602,67100.00,2025-04-29,INV/2025/58451,Vendor 3602 Pvt Ltd,
G_003603,75058.00,2025-01-17,INV/2025/65316,Vendor 3603 Pvt Ltd,27AAAAA2794A1Z5
G_003604,11339.00,2025-08-12,INV/2025/40423,Vendor 3604 Pvt Ltd,27AAAAA3140A1ZN
G_003605,26524.00,2025-07-21,,Vendor 3605 Pvt Ltd,27AAAAA9668A1ZU
G_003606,42834.00,2025-04-28,INV/2025/37516,VENDOR 3606 PVT LTD,27AAAAA4233A1ZJ
G_003607,5221.00,2025-09-16,INV/2025/21672,Vendor 3607 Pvt Ltd,27AAAAA8357A1Z2
G_003608,53868.00,2025-06-13,INV/2025/36955,Vendor 3608 Pvt Ltd,27AAAAA9647A1ZZ
G_003609,22142.00,2025-02-03,INV/2025/22823,Vendor 3609 Pvt Ltd,27AAAAA1159A1ZG
G_003610,2006.00,2025-07-03,INV/2025/44103,Vendor 3610 Pvt Ltd,27AAAAA3431A1ZL
G_003611,359.00,2025-02-01,INV/2025/3702,Vendor 3611 Pvt Ltd,27AAAAA4568A1Z5
G_003612,38332.00,2026-01-01,INV/2025/53862,Vendor 3612 Pvt Ltd,27AAAAA5074A1ZA
G_003613,540.00,2025-09-22,INV/2025/69300,None,27AAAAA1079A1ZD
G_003614,16001.00,2025-05-10,INV/2025/16612,Vendor 3614 Pvt Ltd,27AAAAA2474A1ZC
G_003615,24406.00,2025-07-16,INV/2025/75411,Vendor 296 Pvt Ltd,27AAAAA5050A1ZI
G_003616,89951.00,2025-09-11,,Vendor 3616 Pvt Ltd,27AAAAA3275A1ZB
G_003617,75751.00,2025-08-24,INV/2025/97994,Vendor 3617 Pvt Ltd,27AAAAA9715A1Z6
G_003618,39448.00,2025-10-06,,Vendor 3618 Pvt Ltd,27AAAAA6518A1ZB
G_003619,55839.00,2025-09-03,INV/2025/34818,Vendor 3619 Pvt Ltd,27AAAAA9972A1ZV
G_003620,78313.00,2025-10-29,INV/2025/68508,Vendor 3620 Pvt Ltd,27AAAAA1377A1ZC
G_003621,15663.00,2025-02-19,INV/2025/95766,Vendor 3621 Pvt Ltd,
G_003622,68701.00,2025-02-13,INV/2025/42725,Vendor 3622 Pvt Ltd,27AAAAA2574A1ZB
G_003623,91103.00,2025-05-13,INV/2025/44217,None,27AAAAA7051A1ZD
G_003624,19771.00,2025-01-10,INV/2025/25787,None,27AAAAA6063A1ZB
G_003625,9067.00,2025-07-05,INV/2025/27667,Vendor 3625 Pvt Ltd,27AAAAA1197A1ZA
G_003626,53985.00,2025-01-16,INV/2025/59520,Vendor 3626 Pvt Ltd,27AAAAA7764A1Z1
G_003627,37243.00,2025-10-25,INV/2025/93281,Vendor 3627 Pvt Ltd,27AAAAA5102A1ZP
G_003628,19534.00,2025-01-28,INV/2025/13516,Vendor 3628 Pvt Ltd,27AAAAA8235A1Z9
G_003629,18355.00,2025-12-28,,Vendor 3629 Pvt Ltd,27AAAAA1262A1ZK
G_003630,18158.00,2025-12-01,INV/2025/30162,VENDOR 3630 PVT LTD,27AAAAA3493A1Z7
G_003631,247.00,2025-03-18,INV/2025/52259,Vendor 3631 Pvt Ltd,27AAAAA5734A1ZB
G_003632,9278.00,2025-09-12,INV/2025/35351,Vendor 3632 PVT LTD,27AAAAA9205A1ZD
G_003633,83615.00,2025-04-09,INV/2025/54947,Vendor 3633 Pvt Ltd,27AAAAA6873A1Z1
G_003634,45246.00,2025-08-21,INV/2025/3280,Vendor 3634 Pvt Ltd,27AAAAA4641A1ZF
G_003635,73503.00,2025-03-13,INV/2025/73307,Vendor 3635 Pvt Ltd,27AAAAA2551A1ZI
G_003636,18404.00,2025-11-18,INV/2025/24159,Vendor 3636 Pvt Ltd,27AAAAA7859A1ZX
G_003637,37699.00,2025-12-07,INV/2025/53111,Vendor 3637 Pvt Ltd,27AAAAA1293A1ZD
G_003638,78954.00,2025-03-30,INV/2025/29713,Vendor 3638 Pvt Ltd,27AAAAA8612A1ZC
G_003639,7149.00,2025-02-13,INV/2025/17749,VENDOR 3639 PVT LTD,27AAAAA1385A1ZC
G_003640,3982.00,2025-02-15,,Vendor 3640 Pvt Ltd,27AAAAA2419A1ZJ
G_003641,16766.00,2025-10-18,,Vendor 3641 Pvt Ltd,27AAAAA4285A1Z7
G_003642,46086.00,2025-02-15,INV/2025/17396,Vendor 3642 Pvt Ltd,27AAAAA2124A1ZP
G_003643,93859.00,2025-07-11,INV/2025/2511,Vendor 3643 Pvt Ltd,27AAAAA9722A1Z7
G_003644,29511.00,2025-05-13,INV/2025/41901,Vendor 3644 Pvt Ltd,27AAAAA6326A1ZD
G_003645,85964.00,2025-04-01,,Vendor 3645 Pvt Ltd,27AAAAA6004A1ZM
G_003646,83201.00,2025-06-03,INV/2025/51176,Vendor 3646 Pvt Ltd,27AAAAA2443A1ZJ
G_003647,96130.00,2025-09-13,INV/2025/95264,Vendor 3647 Pvt Ltd,27AAAAA1112A1ZV
G_003648,64563.00,2025-03-18,INV/2025/35009,Vendor 3648 Pvt Ltd,27AAAAA6064A1ZA
G_003649,10988.00,2025-09-09,INV/2025/54717,Vendor 3649 PVT LTD,27AAAAA7911A1ZC
G_003650,98332.00,2025-12-14,INV/2025/17543,Vendor 3650 Pvt Ltd,
G_003651,597.00,2025-09-18,INV/2025/52378,Vendor 3651 Pvt Ltd,
G_003652,91691.00,2025-07-24,,Vendor 3652 Pvt Ltd,27AAAAA6752A1Z7
G_003653,81548.00,2025-08-15,,Vendor 3653 Pvt Ltd,27AAAAA2254A1ZI
G_003654,81829.00,2025-05-31,INV/2025/63037,Vendor 3654 Pvt Ltd,27AAAAA5416A1ZG
G_003655,75883.00,2025-01-31,INV/2025/84769,Vendor 3655 Pvt Ltd,27AAAAA3615A1ZJ
G_003656,14367.00,2025-09-19,INV/2025/40755,Vendor,27AAAAA7763A1Z2
G_003657,16556.00,2025-05-01,,Vendor 3657 Pvt Ltd,27AAAAA3385A1Z8
G_003658,7131.00,2025-06-07,INV/2025/96165,Vendor 3658 Pvt Ltd,27AAAAA6039A1ZB
G_003659,71886.00,2025-03-20,INV/2025/15478,Vendor 3659 Pvt Ltd,27AAAAA7199A1ZW
G_003660,33233.00,2025-11-06,INV/2025/97764,Vendor 3660 Pvt Ltd,27AAAAA8091A1Z3
G_003661,2353.00,2025-07-24,INV/2025/87497,None,27AAAAA3819A1ZD
G_003662,16317.00,2025-02-21,INV/2025/88894,Vendor 3662 Pvt Ltd,27AAAAA2440A1ZM
G_003663,69724.00,2025-03-17,INV/2025/61764,Vendor 3663 Pvt Ltd,27AAAAA2315A1ZO
G_003664,30705.00,2025-06-07,INV/2025/30536,Vendor 3664 Pvt Ltd,27AAAAA8029A1Z9
G_003665,131388.00,2025-09-15,INV/2025/24431,Vendor 3665 Pvt Ltd,27AAAAA5710A1ZJ
G_003666,70464.00,2025-01-12,INV/2025/54104,Vendor 3666 Pvt Ltd,27AAAAA7877A1ZV
G_003667,45623.00,2025-02-20,,Vendor 3667 Pvt Ltd,27AAAAA1299A1Z7
G_003668,48736.00,2025-06-09,INV/2025/26699,Vendor 3668 Pvt Ltd Inc,27AAAAA3637A1ZD
G_003669,32493.00,2025-01-16,INV/2025/16527,Vendor 3669 Pvt Ltd,27AAAAA4055A1ZF
G_003670,55659.00,2025-01-03,INV/2025/32420,Vendor 3670 Pvt Ltd,27AAAAA9648A1ZY
G_003671,50569.00,2025-01-28,INV/2025/8661,Vendor 3671 Pvt Ltd,27AAAAA9277A1ZX
G_003672,13867.00,2025-11-01,INV/2025/59552,VENDOR 3672 PVT LTD,27AAAAA4303A1ZO
G_003673,10609.00,2025-02-15,INV/2025/37178,Vendor 3673 Pvt Ltd,27AAAAA1810A1ZQ
G_003674,62338.00,2025-03-01,INV/2025/32549,Vendor 3674 Pvt Ltd,27AAAAA5879A1ZX
G_003675,77392.00,2025-08-27,INV/2025/86489,Vendor 3675 Private Limited,27AAAAA2620A1ZO
G_003676,165440.00,2025-07-18,INV/2025/21393,Vendor 3676 Pvt Ltd,27AAAAA2719A1ZG
G_003677,94702.00,2025-09-17,INV/2025/34865,Vendor 3677 Pvt Ltd,27AAAAA1834A1ZI
G_003678,68766.00,2025-06-18,,Vendor 3678 Pvt Ltd,27AAAAA8645A1Z3
G_003679,27105.00,2025-08-13,INV/2025/45659,Vendor 3679 Pvt Ltd,27AAAAA2262A1ZI
G_003680,3066.00,2025-08-30,INV/2025/22819,vendor 3680 pvt ltd,27AAAAA2955A1ZA
G_003681,68596.00,2025-01-02,INV/2025/62823,Vendor 3681 Pvt Ltd,27AAAAA8268A1Z0
G_003682,93824.00,2025-04-27,INV/2025/62334,Vendor 3682 Pvt Ltd,27AAAAA1921A1ZM
G_003683,3703.00,2025-10-10,INV/2025/91473,None,27AAAAA7991A1ZW
G_003684,17110.00,2025-04-14,INV/2025/89715,None,27AAAAA3533A1ZI
G_003685,66080.00,2025-09-04,INV/2025/65279,Vendor 3685 Pvt Ltd,27AAAAA7294A1Z0
G_003686,5384.00,2025-08-18,INV/2025/55948,Vendor 3686 Private Limited,27AAAAA4714A1ZH
G_003687,23963.00,2025-05-27,INV/2025/72700,Vendor 3687 Pvt Ltd,27AAAAA1114A1ZT
G_003688,48116.00,2025-06-30,,Vendor 3688 Pvt Ltd,27AAAAA9995A1ZO
G_003689,22345.00,2025-11-30,INV/2025/34671,Vendor 3689 Pvt Ltd Inc,27AAAAA1241A1ZP
G_003690,28055.00,2025-07-22,INV/2025/25408,Vendor 3690 Pvt Ltd,27AAAAA3211A1ZR
G_003691,76787.00,2025-01-20,INV/2025/51390,None,27AAAAA7401A1ZJ
G_003692,59854.00,2025-05-13,INV/2025/53220,Vendor 3692 Private Limited,27AAAAA6773A1Z2
G_003693,89522.00,2025-12-16,INV/2025/47728,Vendor 3693 Pvt Ltd,27AAAAA8249A1Z3
G_003694,32331.00,2025-10-23,INV/2025/48798,Vendor 3694 PVT LTD,27AAAAA2939A1ZA
G_003695,96542.00,2025-03-01,,Vendor 3695 Pvt Ltd,27AAAAA1899A1Z1
G_003696,9628.00,2025-01-03,,Vendor 3696 Pvt Ltd,27AAAAA7363A1Z6
G_003697,12368.00,2025-11-29,INV/2025/69508,Vendor 3697 Pvt Ltd,27AAAAA6963A1Z2
G_003698,92219.00,2025-12-22,INV/2025/15746,None,27AAAAA4471A1ZB
G_003699,37921.00,2025-10-05,INV/2025/39382,Vendor 3699 PVT LTD,27AAAAA3243A1ZJ
G_003700,14142.00,2025-08-06,INV/2025/79733,Vendor 3700 Pvt Ltd,27AAAAA1253A1ZL
G_003701,6240.00,2025-03-17,INV/2025/14229,Vendor 3701 Pvt Ltd,27AAAAA4745A1ZA
G_003702,94431.00,2025-07-06,INV/2025/94625,Vendor,27AAAAA8803A1ZB
G_003703,93543.00,2025-05-06,INV/2025/31289,VENDOR 3703 PVT LTD,27AAAAA7623A1ZB
G_003704,40713.00,2025-10-09,INV/2025/12890,Vendor 3704 Pvt Ltd,27AAAAA4812A1ZI
G_003705,99852.00,2025-05-22,INV/2025/66361,Vendor 3705 Pvt Ltd,27AAAAA2941A1ZG
G_003706,128802.00,2025-09-16,INV/2025/77704,Vendor 3706 Pvt Ltd,27AAAAA3547A1ZC
G_003707,32446.00,2025-10-10,INV/2025/45166,Vendor 3707 Pvt Ltd,27AAAAA8740A1Z7
G_003708,18032.00,2025-10-07,,Vendor 3708 Pvt Ltd,27AAAAA2821A1ZL
G_003709,13008.00,2025-03-10,INV/2025/31698,None,27AAAAA6398A1ZX
G_003710,13005.00,2025-06-24,INV/2025/48484,Vendor 3710 Pvt Ltd,27AAAAA9301A1ZG
G_003711,88107.00,2025-11-03,INV/2025/61536,Vendor 3711 Pvt Ltd,27AAAAA1747A1ZE
G_003712,20220.00,2025-06-01,INV/2025/39367,Vendor 3712 Pvt Ltd,27AAAAA1309A1ZO
G_003713,36824.00,2025-08-05,INV/2025/61630,Vendor 3713 Pvt Ltd,27AAAAA7058A1Z6
G_003714,57973.00,2025-02-22,INV/2025/4580,Vendor 3714 Pvt Ltd,27AAAAA2059A1ZF
G_003715,60897.00,2025-03-04,INV/2025/48402,Vendor 3715 Pvt Ltd,27AAAAA9192A1ZZ
G_003716,69772.00,2025-11-25,INV/2025/99649,Vendor 3716 Pvt Ltd,27AAAAA8875A1ZV
G_003717,28478.00,2025-02-20,INV/2025/64789,Vendor 3717 Pvt Ltd,27AAAAA2002A1ZW
G_003718,2190.00,2025-04-06,INV/2025/58973,Vendor 3718 Pvt Ltd,27AAAAA9684A1ZU
G_003719,66062.00,2025-06-16,INV/2025/93494,Vendor 3719 Pvt Ltd,27AAAAA5943A1Z8
G_003720,21333.00,2025-10-16,INV/2025/23643,Vendor 3720 Pvt Ltd,27AAAAA1816A1ZK
G_003721,89917.00,2025-09-28,,Vendor 3721 Pvt Ltd,27AAAAA7462A1Z6
G_003722,72845.00,2025-09-22,,Vendor 3722 Pvt Ltd,27AAAAA4046A1ZG
G_003723,32956.00,2025-03-11,INV/2025/2348,Vendor 3723 Pvt Ltd,27AAAAA8022A1ZG
G_003724,18950.00,2025-09-02,,Vendor 3724 Pvt Ltd,27AAAAA4389A1Z2
G_003725,27395.00,2025-10-08,INV/2025/53545,Vendor 3725 Pvt Ltd,27AAAAA6542A1ZB
G_003726,79233.00,2025-03-06,,Vendor 3726 Pvt Ltd,27AAAAA6867A1ZZ
G_003727,62383.00,2025-11-07,INV/2025/7831,Vendor 3727 Pvt Ltd,27AAAAA9256A1Z2
G_003728,34604.00,2025-09-22,,Vendor 3728 Pvt Ltd,27AAAAA1494A1ZA
G_003729,23216.00,2025-01-30,INV/2025/91953,Vendor 3729 Pvt Ltd,27AAAAA4829A1Z9
G_003730,68280.00,2025-01-04,INV/2025/46462,Vendor 3730 Pvt Ltd,27AAAAA4855A1Z7
G_003731,62262.00,2025-04-13,INV/2025/76721,Vendor 3731 Pvt Ltd,27AAAAA3372A1ZD
G_003732,78242.00,2025-08-19,,Vendor 3732 Pvt Ltd,27AAAAA6363A1Z8
G_003733,25247.00,2025-12-16,INV/2025/87014,Vendor 3733 Pvt Ltd,27AAAAA6149A1Z8
G_003734,65661.00,2025-11-01,INV/2025/61735,Vendor 3734 Pvt Ltd,27AAAAA8760A1Z3
G_003735,20912.00,2025-08-12,INV/2025/11089,None,27AAAAA5172A1ZB
G_003736,34135.00,2025-03-17,INV/2025/24714,Vendor 3736 Pvt Ltd,27AAAAA9633A1Z5
G_003737,59795.00,2025-04-16,INV/2025/24627,Vendor 3737 Pvt Ltd,27AAAAA3133A1ZM
G_003738,126590.00,2025-02-22,INV/2025/14948,Vendor 3738 Pvt Ltd,27AAAAA3412A1ZO
G_003739,55927.00,2025-11-07,,Vendor 3739 Pvt Ltd,27AAAAA9029A1Z7
G_003740,7598.00,2025-05-31,INV/2025/21658,VENDOR 3740 PVT LTD,27AAAAA3693A1Z5
G_003741,35254.00,2025-10-10,INV/2025/53972,Vendor 3741 PVT LTD,27AAAAA5734A1ZB
G_003742,13674.00,2025-08-06,INV/2025/76836,Vendor 3742 Pvt Ltd,27AAAAA3879A1Z1
G_003743,49268.00,2025-01-16,INV/2025/24616,Vendor 3743 Pvt Ltd,27AAAAA3935A1ZC
G_003744,12637.00,2025-05-17,INV/2025/25167,Vendor 3744 Pvt Ltd Inc,27AAAAA1227A1ZN
G_003745,8036.00,2025-08-05,INV/2025/72613,Vendor 3745 Pvt Ltd,27AAAAA2268A1ZC
G_003746,99645.00,2025-01-10,INV/2025/29316,Vendor 3746 Pvt Ltd,27AAAAA4178A1Z7
G_003747,44983.00,2025-12-17,,Vendor 3747 Pvt Ltd,27AAAAA1644A1ZI
G_003748,27451.00,2025-04-05,INV/2025/55167,Vendor 3748 Pvt Ltd,27AAAAA5581A1Z6
G_003749,14928.00,2025-08-14,INV/2025/21959,None,27AAAAA4667A1Z5
G_003750,72872.00,2025-01-03,INV/2025/71769,Vendor 3750 Pvt Ltd,27AAAAA4959A1Z2
G_003751,99220.00,2025-06-16,INV/2025/35093,Vendor 3751 Pvt Ltd,27AAAAA7515A1ZC
G_003752,14350.00,2025-12-24,INV/2025/80118,Vendor 3752 Pvt Ltd,27AAAAA6325A1ZE
G_003753,60657.00,2025-12-25,,Vendor 3753 Pvt Ltd,27AAAAA3084A1ZC
G_003754,11504.00,2025-03-23,INV/2025/76050,Vendor 3754 Pvt Ltd,27AAAAA9862A1ZY
G_003755,85587.00,2025-01-25,,Vendor 3755 Pvt Ltd,27AAAAA6702A1ZH
G_003756,7899.00,2025-03-06,INV/2025/57419,Vendor 3756 Pvt Ltd,27AAAAA8032A1ZE
G_003757,59556.00,2025-03-27,INV/2025/73478,Vendor 3757 Pvt Ltd Inc,27AAAAA3812A1ZK
G_003758,34804.00,2025-11-16,INV/2025/99162,Vendor 3758 Pvt Ltd Inc,27AAAAA9015A1ZD
G_003759,66378.00,2025-10-07,INV/2025/57996,Vendor 3759 Pvt Ltd,27AAAAA1009A1ZR
G_003760,47729.00,2025-07-31,INV/2025/3844,Vendor 383 Pvt Ltd,27AAAAA9238A1Z4
G_003761,74161.00,2025-03-29,INV/2025/78990,Vendor 3761 Pvt Ltd,27AAAAA2692A1Z8
G_003762,48780.00,2025-06-03,INV/2025/32220,Vendor 3762 Pvt Ltd Inc,27AAAAA2273A1ZF
G_003763,76748.00,2025-04-26,,Vendor 3763 Pvt Ltd,27AAAAA1566A1ZD
G_003764,32509.00,2025-04-16,INV/2025/23716,Vendor 3764 Pvt Ltd,27AAAAA4152A1ZH
G_003765,8912.00,2025-01-21,INV/2025/21180,Vendor 3765 Pvt Ltd,
G_003766,7882.00,2025-02-28,,Vendor 3766 Pvt Ltd,27AAAAA6636A1Z8
G_003767,37282.00,2025-06-18,INV/2025/95098,Vendor 3767 Private Limited,27AAAAA6531A1ZE
G_003768,76239.00,2025-09-16,INV/2025/73664,Vendor 3768 Pvt Ltd,27AAAAA4410A1ZO
G_003769,25363.00,2025-03-25,INV/2025/39606,Vendor 3769 Pvt Ltd,27AAAAA3674A1Z8
G_003770,1049.00,2025-10-03,INV/2025/4493,Vendor 3770 Pvt Ltd,27AAAAA3166A1ZD
G_003771,84655.00,2025-04-29,INV/2025/17049,Vendor 3771 Pvt Ltd,27AAAAA9820A1Z8
G_003772,98752.00,2025-05-19,INV/2025/12857,Vendor 3772 Pvt Ltd,27AAAAA5414A1ZI
G_003773,43791.00,2025-11-03,INV/2025/52487,Vendor 3773 Pvt Ltd,27AAAAA8279A1ZX
G_003774,7497.00,2025-03-02,INV/2025/19696,Vendor 3774 Pvt Ltd,27AAAAA3193A1ZA
G_003775,9963.00,2025-09-04,INV/2025/61265,Vendor 3775 Pvt Ltd,27AAAAA4245A1ZF
G_003776,8693.00,2025-01-08,INV/2025/51322,Vendor 3776 Pvt Ltd,27AAAAA3622A1ZK
G_003777,84106.00,2025-02-17,INV/2025/75233,Vendor 3777 Pvt Ltd,27AAAAA5394A1Z3
G_003778,76902.00,2025-03-09,INV/2025/24699,Vendor 3778 Pvt Ltd,27AAAAA2602A1ZQ
G_003779,13190.00,2025-09-04,INV/2025/49808,Vendor 3779 Pvt Ltd,27AAAAA4753A1ZA
G_003780,36022.00,2025-08-31,INV/2025/42746,Vendor 3780 Pvt Ltd,27AAAAA7939A1Z0
G_003781,33113.00,2025-07-16,,Vendor 3781 Pvt Ltd,27AAAAA7531A1ZC
G_003782,81470.00,2025-08-06,INV/2025/16789,Vendor 3782 Pvt Ltd,27AAAAA1416A1ZO
G_003783,691.00,2025-10-20,INV/2025/78737,Vendor 3783 Pvt Ltd,27AAAAA1433A1ZN
G_003784,35303.00,2025-06-11,INV/2025/19013,Vendor 3784 Pvt Ltd,27AAAAA9733A1Z4
G_003785,8330.00,2025-07-01,INV/2025/91581,Vendor 3785 Pvt Ltd,27AAAAA2734A1ZH
G_003786,41754.00,2025-02-18,INV/2025/36508,Vendor 3786 Pvt Ltd,27AAAAA1162A1ZL
G_003787,76369.00,2025-11-24,INV/2025/14771,Vendor 3787 Pvt Ltd,27AAAAA2644A1ZG
G_003788,67919.00,2025-08-15,,Vendor 3788 Pvt Ltd,27AAAAA1808A1ZK
G_003789,34300.00,2025-08-27,,Vendor 3789 Pvt Ltd,27AAAAA3288A1Z6
G_003790,17308.00,2025-03-20,INV/2025/13245,Vendor 3790 PVT LTD,27AAAAA5117A1ZI
G_003791,164900.00,2025-12-12,INV/2025/43118,Vendor 3791 Pvt Ltd,27AAAAA5167A1Z8
G_003792,96563.00,2025-01-04,INV/2025/40650,Vendor 3792 Pvt Ltd,27AAAAA3954A1Z9
G_003793,83205.00,2025-07-15,INV/2025/76311,Vendor 3793 Pvt Ltd,27AAAAA9072A1Z4
G_003794,99394.00,2025-03-29,INV/2025/78189,VENDOR 3794 PVT LTD,27AAAAA4841A1ZD
G_003795,47019.00,2025-11-13,INV/2025/8492,Vendor 3795 Pvt Ltd,27AAAAA2560A1ZH
G_003796,87330.00,2025-05-29,INV/2025/57792,Vendor 3796 Pvt Ltd,27AAAAA9894A1ZQ
G_003797,167064.00,2025-09-15,INV/2025/48091,Vendor 3797 Pvt Ltd,27AAAAA6464A1Z6
G_003798,22617.00,2025-06-14,INV/2025/92681,Vendor 3798 Pvt Ltd,27AAAAA9871A1ZX
G_003799,53123.00,2025-03-30,INV/2025/3357,Vendor 3799 Pvt Ltd,27AAAAA3211A1ZR
G_003800,47602.00,2025-06-06,,Vendor 3800 Pvt Ltd,27AAAAA3757A1Z8
G_003801,96715.00,2025-07-11,INV/2025/11505,Vendor 3801 Pvt Ltd,27AAAAA6224A1ZG
G_003802,48320.00,2025-06-29,INV/2025/2130,Vendor 3802 Pvt Ltd,27AAAAA3828A1ZC
G_003803,22120.00,2025-06-03,INV/2025/59618,Vendor 3803 Pvt Ltd,27AAAAA7647A1Z3
G_003804,23729.00,2025-11-27,INV/2025/2666,Vendor 3804 Pvt Ltd,27AAAAA5127A1ZG
G_003805,32302.00,2025-05-21,INV/2025/12428,Vendor 3805 Pvt Ltd,27AAAAA3662A1ZC
G_003806,1862.00,2025-11-07,INV/2025/93034,Vendor,27AAAAA1187A1ZC
G_003807,5311.00,2025-03-10,INV/2025/54727,Vendor 3807 Pvt Ltd,27AAAAA8264A1Z4
G_003808,6996.00,2025-10-25,INV/2025/48357,Vendor 3808 Pvt Ltd,27AAAAA6614A1ZE
G_003809,37460.00,2025-11-28,INV/2025/6156,Vendor 3809 Pvt Ltd,27AAAAA8818A1Z4
G_003810,6640.00,2025-02-13,INV/2025/76356,Vendor 3810 Pvt Ltd,27AAAAA2226A1ZM
G_003811,70714.00,2025-11-14,INV/2025/24283,Vendor 3811 Pvt Ltd,27AAAAA4289A1Z3
G_003812,12374.00,2025-02-14,INV/2025/78579,Vendor 3812 Pvt Ltd,27AAAAA8596A1ZT
G_003813,55133.00,2025-01-11,INV/2025/70320,Vendor 3813 Pvt Ltd,27AAAAA1766A1ZB
G_003814,42091.00,2025-07-24,INV/2025/37829,Vendor 3814 Pvt Ltd,27AAAAA1610A1ZS
G_003815,7294.00,2025-08-31,,Vendor 3815 Pvt Ltd,27AAAAA7848A1Z0
G_003816,92992.00,2025-09-27,,Vendor 3816 Pvt Ltd,27AAAAA4578A1Z3
G_003817,30019.00,2025-08-26,INV/2025/23736,Vendor 3817 Pvt Ltd,27AAAAA6334A1ZD
G_003818,55885.00,2025-12-04,,Vendor 3818 Pvt Ltd,27AAAAA8285A1ZZ
G_003819,26082.00,2025-07-30,INV/2025/16029,Vendor 3819 Pvt Ltd,27AAAAA4368A1Z7
G_003820,37208.00,2025-12-31,,Vendor 3820 Pvt Ltd,27AAAAA5243A1ZF
G_003821,93871.00,2025-02-20,INV/2025/51998,Vendor 3821 Pvt Ltd,27AAAAA4277A1Z7
G_003822,15344.00,2025-04-11,INV/2025/61262,Vendor 3822 Pvt Ltd,27AAAAA5713A1ZG
G_003823,68697.00,2025-07-05,,Vendor 3823 Pvt Ltd,27AAAAA7362A1Z7
G_003824,110822.00,2025-12-21,INV/2025/28319,Vendor 3824 Pvt Ltd,27AAAAA1518A1ZL
G_003825,36465.00,2025-08-08,INV/2025/10104,Vendor 3825 Pvt Ltd,27AAAAA1737A1ZG
G_003826,67156.00,2025-10-09,INV/2025/58852,Vendor 3826 Pvt Ltd,27AAAAA2639A1ZD
G_003827,81328.00,2025-11-12,INV/2025/75007,Vendor 3827 Pvt Ltd,27AAAAA9100A1ZJ
G_003828,5497.00,2025-03-28,INV/2025/38621,Vendor,27AAAAA3994A1Z1
G_003829,10293.00,2025-09-12,INV/2025/23048,Vendor 3829 Pvt Ltd,27AAAAA5379A1Z2
G_003830,25838.00,2025-09-14,INV/2025/51950,Vendor,27AAAAA6492A1Z2
G_003831,21794.00,2025-07-03,INV/2025/39459,Vendor 3831 Pvt Ltd,27AAAAA1176A1ZF
G_003832,54890.00,2025-10-14,INV/2025/75425,Vendor 3832 Pvt Ltd,27AAAAA3241A1ZL
G_003833,26034.00,2025-09-22,INV/2025/57868,Vendor 3833 Pvt Ltd,27AAAAA3833A1ZF
G_003834,78169.00,2025-06-23,INV/2025/30771,Vendor 3834 Pvt Ltd Inc,27AAAAA1052A1ZO
G_003835,63238.00,2025-05-18,INV/2025/23856,Vendor 3835 Pvt Ltd,27AAAAA6127A1ZE
G_003836,42211.00,2025-10-30,INV/2025/80089,Vendor 3836 Pvt Ltd,27AAAAA4841A1ZD
G_003837,62615.00,2025-10-01,INV/2025/11178,Vendor 3837 Pvt Ltd,27AAAAA4610A1ZM
G_003838,64158.00,2025-11-28,INV/2025/84242,Vendor 3838 Pvt Ltd,27AAAAA5992A1ZZ
G_003839,59817.00,2025-09-16,INV/2025/69491,Vendor 3839 Pvt Ltd,27AAAAA4639A1Z9
G_003840,52028.00,2025-07-12,INV/2025/11794,Vendor,27AAAAA1839A1ZD
G_003841,54578.00,2025-05-12,INV/2025/55276,Vendor 3841 Pvt Ltd,27AAAAA7352A1Z9
G_003842,72642.00,2025-02-04,INV/2025/49200,vendor 3842 pvt ltd,27AAAAA7621A1ZD
G_003843,67933.00,2025-11-08,INV/2025/75875,Vendor 3843 Pvt Ltd,27AAAAA7107A1ZG
G_003844,62408.00,2025-12-23,INV/2025/22880,Vendor 3844 Private Limited,27AAAAA8418A1Z8
G_003845,40478.00,2025-06-21,INV/2025/6375,vendor 3845 pvt ltd,27AAAAA9470A1Z2
G_003846,2778.00,2025-05-29,INV/2025/31957,Vendor 3846 Pvt Ltd,27AAAAA7308A1ZD
G_003847,4460.00,2025-06-22,INV/2025/5784,Vendor 3847 Pvt Ltd,27AAAAA8018A1ZC
G_003848,55780.00,2025-10-31,INV/2025/67741,Vendor 3848 Pvt Ltd,27AAAAA5374A1Z7
G_003849,84590.00,2025-08-14,INV/2025/88277,Vendor 3849 Pvt Ltd,27AAAAA8914A1Z7
G_003850,91960.00,2025-03-03,,Vendor 3850 Pvt Ltd,27AAAAA8716A1Z7
G_003851,55232.00,2025-07-30,,Vendor 3851 Pvt Ltd,27AAAAA4004A1ZQ
G_003852,80618.00,2025-01-09,INV/2025/68095,Vendor 3852 Pvt Ltd,27AAAAA2331A1ZO
G_003853,86470.00,2025-04-22,INV/2025/66848,Vendor 3853 Pvt Ltd,27AAAAA8059A1Z3
G_003854,50852.00,2025-08-30,INV/2025/99491,Vendor 3854 Pvt Ltd,27AAAAA1764A1ZD
G_003855,89194.00,2025-03-28,INV/2025/92275,VENDOR 3855 PVT LTD,27AAAAA5991A1Z0
G_003856,99182.00,2025-09-04,INV/2025/53403,Vendor 3856 Pvt Ltd,27AAAAA9252A1Z6
G_003857,2971.00,2025-12-10,INV/2025/84466,Vendor 3857 Pvt Ltd,27AAAAA6286A1Z2
G_003858,91125.00,2025-08-22,INV/2025/8691,Vendor 3858 Pvt Ltd,27AAAAA2932A1ZH
G_003859,91871.00,2025-02-09,,Vendor 3859 Pvt Ltd,27AAAAA7923A1Z8
G_003860,3998.00,2025-07-28,INV/2025/52216,Vendor 3860 Pvt Ltd,27AAAAA8254A1Z6
G_003861,52819.00,2025-03-25,,Vendor 3861 Pvt Ltd,27AAAAA2142A1ZN
G_003862,62302.00,2025-04-09,INV/2025/77050,None,27AAAAA1242A1ZO
G_003863,88298.00,2025-10-18,,Vendor 3863 Pvt Ltd,27AAAAA2312A1ZR
G_003864,54977.00,2025-12-26,,Vendor 3864 Pvt Ltd,27AAAAA3521A1ZM
G_003865,121742.00,2025-02-16,INV/2025/60970,Vendor 3865 Pvt Ltd,27AAAAA4823A1ZF
G_003866,80151.00,2025-05-15,INV/2025/23494,Vendor 3866 Pvt Ltd,27AAAAA6045A1ZD
G_003867,27133.00,2025-12-23,INV/2025/78510,vendor 3867 pvt ltd,27AAAAA1494A1ZA
G_003868,88517.00,2025-05-02,INV/2025/43838,Vendor 3868 Pvt Ltd,27AAAAA2427A1ZJ
G_003869,29810.00,2025-05-25,INV/2025/48027,Vendor 3869 Pvt Ltd,27AAAAA1315A1ZQ
G_003870,49957.00,2025-11-03,INV/2025/24544,Vendor 3870 Pvt Ltd,27AAAAA1438A1ZI
G_003871,57665.00,2025-04-08,INV/2025/1261,Vendor 3871 Pvt Ltd,27AAAAA9824A1Z4
G_003872,21386.00,2025-05-20,INV/2025/31408,VENDOR 3872 PVT LTD,27AAAAA9691A1ZV
G_003873,86435.00,2025-05-06,INV/2025/8117,None,27AAAAA5553A1ZA
G_003874,61167.00,2025-10-03,INV/2025/15633,Vendor 3874 Pvt Ltd,27AAAAA2234A1ZM
G_003875,50741.00,2025-11-21,,Vendor 3875 Pvt Ltd,27AAAAA1091A1ZH
G_003876,88940.00,2025-02-28,,Vendor 3876 Pvt Ltd,27AAAAA4633A1ZF
G_003877,13594.00,2025-07-14,,Vendor 3877 Pvt Ltd,27AAAAA1848A1ZC
G_003878,85827.00,2025-09-19,INV/2025/13209,Vendor 3878 Pvt Ltd,27AAAAA3325A1ZK
G_003879,6179.00,2025-02-28,INV/2025/63384,Vendor 3879 Pvt Ltd,27AAAAA8352A1Z7
G_003880,54136.00,2025-11-19,INV/2025/40104,Vendor 3880 Pvt Ltd,27AAAAA3557A1ZA
G_003881,4174.00,2025-09-20,INV/2025/83457,VENDOR 3881 PVT LTD,27AAAAA4335A1ZG
G_003882,59640.00,2025-03-23,INV/2025/53705,Vendor 3882 Pvt Ltd,27AAAAA2074A1ZG
G_003883,72224.00,2025-03-31,,Vendor 3883 Pvt Ltd,27AAAAA7793A1ZW
G_003884,69119.00,2025-06-17,,Vendor 3884 Pvt Ltd,27AAAAA5901A1ZI
G_003885,60084.00,2025-03-17,INV/2025/68677,VENDOR 3885 PVT LTD,27AAAAA1315A1ZQ
G_003886,84193.00,2025-11-28,INV/2025/62201,Vendor 3886 Private Limited,27AAAAA4012A1ZQ
G_003887,386.00,2025-08-05,INV/2025/78638,vendor 3887 pvt ltd,27AAAAA9844A1Z0
G_003888,14541.00,2025-03-29,INV/2025/62898,Vendor 3888 Pvt Ltd,27AAAAA7305A1ZG
G_003889,69618.00,2025-03-10,INV/2025/3194,Vendor 3889 Pvt Ltd,27AAAAA1542A1ZL
G_003890,83409.00,2025-03-31,INV/2025/56217,Vendor 3890 Pvt Ltd,27AAAAA1930A1ZL
G_003891,36880.00,2025-05-18,INV/2025/29618,Vendor 3891 Pvt Ltd,27AAAAA5334A1ZF
G_003892,84238.00,2025-05-10,,Vendor 3892 Pvt Ltd,27AAAAA4012A1ZQ
G_003893,869.00,2025-02-11,INV/2025/24415,Vendor 3893 Pvt Ltd,27AAAAA8938A1ZZ
G_003894,39193.00,2025-03-25,,Vendor 3894 Pvt Ltd,27AAAAA3336A1ZH
G_003895,76851.00,2025-02-16,,Vendor 3895 Pvt Ltd,27AAAAA1304A1ZT
G_003896,1273.00,2025-04-04,,Vendor 3896 Pvt Ltd,27AAAAA5073A1ZB
G_003897,92402.00,2025-01-31,INV/2025/33758,vendor 3897 pvt ltd,27AAAAA7636A1Z6
G_003898,17383.00,2025-05-31,INV/2025/32756,Vendor 3898 Pvt Ltd,27AAAAA1012A1ZW
G_003899,5608.00,2025-06-30,INV/2025/47512,Vendor 3899 Pvt Ltd,27AAAAA6051A1ZF
G_003900,65797.00,2025-02-10,INV/2025/92738,Vendor,27AAAAA5191A1Z8
G_003901,89185.00,2025-01-09,,Vendor 3901 Pvt Ltd,27AAAAA5561A1ZA
G_003902,66949.00,2025-10-07,INV/2025/20250,Vendor 3902 Pvt Ltd,27AAAAA5456A1Z8
G_003903,65427.00,2025-05-08,INV/2025/68865,Vendor 3903 Pvt Ltd,27AAAAA8401A1ZH
G_003904,53985.00,2025-03-19,,Vendor 3904 Pvt Ltd,27AAAAA7554A1Z5
G_003905,50059.00,2025-07-26,INV/2025/61764,VENDOR 3905 PVT LTD,27AAAAA1629A1ZH
G_003906,37285.00,2025-10-27,INV/2025/10658,Vendor 3906 Pvt Ltd,27AAAAA7680A1Z2
G_003907,174938.00,2025-03-31,INV/2025/18680,Vendor 3907 Pvt Ltd,27AAAAA8939A1ZY
G_003908,50818.00,2025-04-05,,Vendor 3908 Pvt Ltd,27AAAAA9592A1ZV
G_003909,1552.00,2025-07-16,INV/2025/55650,Vendor 3909 Pvt Ltd,27AAAAA3110A1ZT
G_003910,23289.00,2025-04-07,INV/2025/46187,Vendor 3910 Pvt Ltd,27AAAAA7687A1ZV
G_003911,77168.00,2025-11-05,INV/2025/97208,Vendor 3911 PVT LTD,27AAAAA3528A1ZF
G_003912,52504.00,2025-10-12,INV/2025/68471,Vendor 3912 Pvt Ltd,27AAAAA8822A1Z8
G_003913,48880.00,2025-08-11,INV/2025/2619,Vendor 3913 Pvt Ltd,27AAAAA4068A1ZA
G_003914,22731.00,2025-01-26,,Vendor 3914 Pvt Ltd,27AAAAA9604A1ZA
G_003915,12636.00,2025-06-17,INV/2025/27233,vendor 3915 pvt ltd,27AAAAA5047A1ZD
G_003916,20384.00,2025-03-06,INV/2025/53750,Vendor 3916 Pvt Ltd,27AAAAA2386A1Z9
G_003917,39092.00,2025-01-26,,Vendor 34 Pvt Ltd,27AAAAA2133A1ZO
G_003918,19341.00,2025-11-12,INV/2025/95945,Vendor 3918 Pvt Ltd,27AAAAA7535A1Z8
G_003919,4524.00,2025-05-26,,Vendor 3919 Pvt Ltd,27AAAAA4716A1ZF
G_003920,15593.00,2025-01-09,INV/2025/27755,VENDOR 3920 PVT LTD,27AAAAA5923A1ZC
G_003921,83405.00,2025-10-06,INV/2025/62613,Vendor 3921 Pvt Ltd,27AAAAA3495A1Z5
G_003922,57087.00,2025-11-26,INV/2025/43890,Vendor 3922 Pvt Ltd,27AAAAA3617A1ZH
G_003923,39008.00,2025-01-06,INV/2025/44189,vendor 3923 pvt ltd,27AAAAA3218A1ZK
G_003924,68072.00,2025-04-04,INV/2025/31609,Vendor 3924 Pvt Ltd,27AAAAA1911A1ZO
G_003925,56018.00,2025-08-08,,Vendor 3925 Pvt Ltd,27AAAAA8937A1Z0
G_003926,73329.00,2025-11-14,INV/2025/53517,Vendor 3926 Pvt Ltd,27AAAAA5276A1Z6
G_003927,4550.00,2025-11-29,INV/2025/49499,Vendor 3927 Pvt Ltd,27AAAAA9932A1Z3
G_003928,11264.00,2025-08-31,INV/2025/87360,Vendor 3928 Pvt Ltd,27AAAAA1070A1ZM
G_003929,58894.00,2025-11-12,INV/2025/54541,Vendor 3929 Pvt Ltd,27AAAAA1045A1ZN
G_003930,75056.00,2025-06-20,INV/2025/63952,Vendor 3930 Pvt Ltd,27AAAAA8055A1Z7
G_003931,982.00,2025-06-08,INV/2025/33493,Vendor 3931 Pvt Ltd,27AAAAA5757A1Z4
G_003932,41779.00,2025-04-26,INV/2025/10508,Vendor,27AAAAA3676A1Z6
G_003933,53145.00,2025-02-19,INV/2025/2668,Vendor 3933 Pvt Ltd,27AAAAA6173A1Z8
G_003934,84295.00,2025-03-28,INV/2025/10604,Vendor 3934 Pvt Ltd,27AAAAA4218A1ZI
G_003935,59380.00,2025-08-03,INV/2025/12293,Vendor 3935 Pvt Ltd,27AAAAA2017A1ZP
G_003936,19316.00,2025-12-22,INV/2025/44715,Vendor 3936 Pvt Ltd,
G_003937,77535.00,2025-04-12,INV/2025/68585,Vendor 3937 Pvt Ltd,27AAAAA2162A1ZJ
G_003938,24987.00,2025-06-02,INV/2025/96913,Vendor 3938 Pvt Ltd,27AAAAA1660A1ZI
G_003939,36152.00,2025-08-18,INV/2025/38566,Vendor 3939 Private Limited,27AAAAA6087A1Z3
G_003940,113250.00,2025-01-14,INV/2025/59186,Vendor 3940 Pvt Ltd,27AAAAA9083A1Z1
G_003941,41415.00,2025-02-03,INV/2025/1673,Vendor,27AAAAA4694A1Z2
G_003942,198656.00,2025-11-08,INV/2025/10344,Vendor 3942 Pvt Ltd,27AAAAA2248A1ZG
G_003943,11873.00,2025-09-05,INV/2025/92105,Vendor 3943 Pvt Ltd,27AAAAA6853A1Z5
G_003944,77837.00,2025-06-27,INV/2025/11283,Vendor 3944 Pvt Ltd,27AAAAA9818A1Z2
G_003945,4954.00,2025-11-06,INV/2025/10617,Vendor 3945 Pvt Ltd Inc,27AAAAA5190A1Z9
G_003946,45492.00,2025-10-06,INV/2025/98253,Vendor 3946 Pvt Ltd,27AAAAA6641A1ZB
G_003947,42168.00,2025-08-20,INV/2025/35153,Vendor 3947 Pvt Ltd,27AAAAA2563A1ZE
G_003948,87797.00,2025-07-07,INV/2025/33620,Vendor 3948 Private Limited,27AAAAA7429A1Z7
G_003949,84852.00,2025-09-09,INV/2025/62970,Vendor 3949 Pvt Ltd,27AAAAA1768A1Z9
G_003950,1751.00,2025-06-09,,Vendor 3950 Pvt Ltd,27AAAAA5027A1ZH
G_003951,2508.00,2025-05-08,,Vendor 3951 Pvt Ltd,27AAAAA5526A1ZD
G_003952,23458.00,2025-02-11,INV/2025/71730,Vendor 3952 Pvt Ltd,27AAAAA3451A1ZH
G_003953,51698.00,2025-03-24,INV/2025/97785,Vendor 3953 Pvt Ltd,27AAAAA7268A1Z2
G_003954,72803.00,2025-07-24,,Vendor 3954 Pvt Ltd,27AAAAA9912A1Z7
G_003955,86616.00,2025-08-16,INV/2025/71015,Vendor 3955 PVT LTD,27AAAAA1344A1ZL
G_003956,79802.00,2025-12-24,INV/2025/45295,Vendor 3956 Pvt Ltd,27AAAAA3579A1Z4
G_003957,90808.00,2025-08-12,INV/2025/93968,None,27AAAAA5628A1ZA
G_003958,44998.00,2025-08-02,INV/2025/18321,Vendor 3958 Pvt Ltd,27AAAAA4878A1Z0
G_003959,39419.00,2025-05-15,INV/2025/3708,VENDOR 3959 PVT LTD,27AAAAA8674A1ZY
G_003960,127964.00,2025-01-22,INV/2025/67268,Vendor 3960 Pvt Ltd,27AAAAA8077A1Z1
G_003961,78295.00,2025-03-28,,Vendor 3961 Pvt Ltd,27AAAAA1697A1Z5
G_003962,70990.00,2025-12-21,,Vendor 3962 Pvt Ltd,27AAAAA2518A1ZJ
G_003963,10436.00,2025-02-17,INV/2025/27174,Vendor 3963 PVT LTD,27AAAAA4643A1ZD
G_003964,13241.00,2025-02-19,INV/2025/44946,VENDOR 3964 PVT LTD,27AAAAA7202A1ZK
G_003965,45045.00,2025-03-25,INV/2025/53342,Vendor 3965 Pvt Ltd,27AAAAA1770A1ZF
G_003966,77956.00,2025-12-02,INV/2025/53858,Vendor 3966 Pvt Ltd,27AAAAA2825A1ZH
G_003967,19333.00,2025-01-10,INV/2025/42096,Vendor 3967 Pvt Ltd,27AAAAA3603A1ZN
G_003968,62496.00,2025-09-02,INV/2025/36735,Vendor 3968 Pvt Ltd,27AAAAA1114A1ZT
G_003969,95311.00,2025-12-24,,Vendor 3969 Pvt Ltd,27AAAAA8868A1ZU
G_003970,84061.00,2025-04-11,INV/2025/11476,Vendor 3970 Pvt Ltd,27AAAAA3254A1ZG
G_003971,97866.00,2025-02-07,INV/2025/81948,vendor 3971 pvt ltd,27AAAAA7396A1ZX
G_003972,55310.00,2025-09-06,,Vendor 3972 Pvt Ltd,27AAAAA5461A1ZB
G_003973,47334.00,2025-05-08,INV/2025/43823,Vendor 3973 Pvt Ltd,27AAAAA7675A1ZZ
G_003974,30521.00,2025-01-07,INV/2025/19070,Vendor 3974 Pvt Ltd,27AAAAA6952A1Z5
G_003975,17105.00,2025-07-11,INV/2025/64722,Vendor 3975 Pvt Ltd,
G_003976,67855.00,2025-07-25,INV/2025/7346,Vendor 3976 Pvt Ltd,27AAAAA7361A1Z8
G_003977,31099.00,2025-01-22,INV/2025/52934,Vendor 3977 Pvt Ltd,27AAAAA7444A1Z8
G_003978,97446.00,2025-01-23,INV/2025/17943,Vendor 3978 Pvt Ltd,27AAAAA1137A1ZM
G_003979,34962.00,2025-01-05,INV/2025/82768,Vendor 3979 Private Limited,27AAAAA8027A1ZB
G_003980,76992.00,2025-01-23,INV/2025/78642,Vendor 3980 Pvt Ltd,27AAAAA4544A1ZD
G_003981,83867.00,2025-01-15,INV/2025/19764,Vendor 3981 Pvt Ltd,27AAAAA4887A1ZZ
G_003982,44529.00,2025-03-22,INV/2025/91250,Vendor 3982 Pvt Ltd,27AAAAA5297A1Z1
G_003983,74604.00,2025-08-28,INV/2025/92241,Vendor 3983 PVT LTD,27AAAAA7078A1Z2
G_003984,51535.00,2025-01-22,INV/2025/7493,VENDOR 3984 PVT LTD,27AAAAA4058A1ZC
G_003985,60847.00,2025-06-28,,Vendor 3985 Pvt Ltd,27AAAAA3179A1Z8
G_003986,35929.00,2025-11-19,,Vendor 3986 Pvt Ltd,27AAAAA5223A1ZJ
G_003987,98032.00,2025-10-13,INV/2025/80295,Vendor 3987 Pvt Ltd,27AAAAA5683A1Z3
G_003988,29608.00,2025-09-21,INV/2025/12870,Vendor 3988 Pvt Ltd,27AAAAA6396A1ZZ
G_003989,94257.00,2025-10-08,INV/2025/79019,Vendor 3989 Pvt Ltd,27AAAAA2978A1Z3
G_003990,27804.00,2025-05-26,INV/2025/38092,Vendor 3990 Pvt Ltd,27AAAAA9673A1ZX
G_003991,78365.00,2025-12-18,INV/2025/49627,Vendor 3991 Pvt Ltd,27AAAAA3750A1ZF
G_003992,6959.00,2025-06-11,INV/2025/92673,Vendor 3992 Pvt Ltd,27AAAAA9110A1ZH
G_003993,13541.00,2025-08-04,INV/2025/19289,Vendor 3993 Pvt Ltd,27AAAAA7691A1ZZ
G_003994,1474.00,2025-06-01,,Vendor 3994 Pvt Ltd,27AAAAA8334A1Z9
G_003995,53328.00,2025-01-09,INV/2025/18181,Vendor 3995 Pvt Ltd,27AAAAA7907A1Z8
G_003996,48068.00,2025-09-16,INV/2025/48863,Vendor 3996 Pvt Ltd,27AAAAA2030A1ZS
G_003997,89346.00,2025-01-03,INV/2025/9893,Vendor 3997 Pvt Ltd,27AAAAA4261A1ZF
G_003998,55564.00,2025-09-12,INV/2025/13306,Vendor 3998 Pvt Ltd,27AAAAA2477A1Z9
G_003999,57776.00,2025-10-20,INV/2025/9105,Vendor 3999 Pvt Ltd,27AAAAA9627A1Z3
G_004000,9937.00,2025-04-18,INV/2025/33151,Vendor 4000 Pvt Ltd Inc,27AAAAA5951A1Z8
G_004001,7520.00,2025-12-30,,Vendor 4001 Pvt Ltd,27AAAAA5347A1ZA
G_004002,28122.00,2025-02-19,INV/2025/90130,Vendor 4002 Pvt Ltd,
G_004003,76584.00,2025-01-28,INV/2025/42853,Vendor 4003 Pvt Ltd,27AAAAA8660A1Z4
G_004004,99514.00,2025-11-26,INV/2025/69775,VENDOR 4004 PVT LTD,27AAAAA2309A1ZM
G_004005,94275.00,2025-07-27,INV/2025/77118,Vendor 4005 Pvt Ltd,27AAAAA5920A1ZF
G_004006,72678.00,2025-05-01,,Vendor 4006 Pvt Ltd,27AAAAA3016A1ZO
G_004007,34682.00,2025-11-18,INV/2025/88890,Vendor,27AAAAA9108A1ZB
G_004008,49154.00,2025-12-18,INV/2025/62434,Vendor 4008 Pvt Ltd,27AAAAA1113A1ZU
G_004009,97891.00,2025-12-22,INV/2025/63687,Vendor 4009 Pvt Ltd,
G_004010,32128.00,2025-01-04,INV/2025/85199,Vendor 4010 Pvt Ltd,27AAAAA5347A1ZA
G_004011,79198.00,2025-07-04,INV/2025/57686,Vendor 4011 Pvt Ltd,27AAAAA1418A1ZM
G_004012,90566.00,2025-12-28,INV/2025/80128,Vendor 4012 PVT LTD,27AAAAA3353A1ZG
G_004013,27668.00,2025-10-17,INV/2025/54067,Vendor 4013 Pvt Ltd,27AAAAA3183A1ZC
G_004014,42326.00,2025-05-03,INV/2025/22478,Vendor 4014 Pvt Ltd,
G_004015,49391.00,2025-11-13,INV/2025/78822,Vendor 4015 Pvt Ltd Inc,27AAAAA8539A1Z2
G_004016,31132.00,2025-11-15,INV/2025/93944,Vendor 4016 Pvt Ltd,27AAAAA8756A1ZZ
G_004017,85520.00,2025-03-14,INV/2025/7125,Vendor 4017 Pvt Ltd,27AAAAA6540A1ZD
G_004018,75496.00,2025-02-18,INV/2025/33946,Vendor 4018 Private Limited,27AAAAA1355A1ZI
G_004019,29978.00,2025-03-31,INV/2025/68667,Vendor 4019 Pvt Ltd,27AAAAA4094A1Z8
G_004020,64933.00,2025-12-04,INV/2025/10253,VENDOR 4020 PVT LTD,27AAAAA5864A1Z4
G_004021,88267.00,2025-09-05,INV/2025/44437,Vendor 4021 Pvt Ltd,
G_004022,90545.00,2025-06-25,,Vendor 4022 Pvt Ltd,27AAAAA5402A1ZM
G_004023,42515.00,2025-08-12,INV/2025/75500,VENDOR 4023 PVT LTD,27AAAAA8250A1ZA
G_004024,16395.00,2025-01-16,INV/2025/1495,Vendor 4024 Pvt Ltd,27AAAAA4623A1ZH
G_004025,28076.00,2025-12-11,INV/2025/21280,Vendor 4025 Pvt Ltd,27AAAAA5028A1ZG
G_004026,16914.00,2025-09-10,INV/2025/59903,Vendor 4026 Pvt Ltd,27AAAAA3466A1ZA
G_004027,54385.00,2025-09-17,,Vendor 4027 Pvt Ltd,27AAAAA2235A1ZL
G_004028,39256.00,2025-09-02,,Vendor 4028 Pvt Ltd,27AAAAA7583A1Z0
G_004029,73305.00,2025-07-05,INV/2025/7862,Vendor 4029 Pvt Ltd,27AAAAA4396A1Z3
G_004030,80625.00,2025-06-10,INV/2025/23212,None,27AAAAA6489A1ZX
G_004031,11216.00,2025-01-20,INV/2025/84927,Vendor 4031 Pvt Ltd,27AAAAA5713A1ZG
G_004032,17437.00,2025-09-11,INV/2025/36422,Vendor 4032 Pvt Ltd,27AAAAA1878A1Z6
G_004033,62128.00,2025-07-07,INV/2025/67366,Vendor 4033 Pvt Ltd,27AAAAA8116A1ZD
G_004034,48760.00,2025-10-19,INV/2025/1317,Vendor 4034 Pvt Ltd,27AAAAA3619A1ZF
G_004035,32227.00,2025-12-28,INV/2025/54062,Vendor 4035 Pvt Ltd,27AAAAA1655A1ZF
G_004036,83238.00,2025-07-26,,Vendor 4036 Pvt Ltd,27AAAAA6846A1Z4
G_004037,75292.00,2025-08-18,INV/2025/36031,Vendor 4037 Pvt Ltd,27AAAAA5632A1ZE
G_004038,13795.00,2025-09-25,,Vendor 4038 Pvt Ltd,27AAAAA4422A1ZK
G_004039,196430.00,2025-10-22,INV/2025/71999,Vendor 4039 Pvt Ltd,27AAAAA8936A1Z1
G_004040,33875.00,2025-11-03,INV/2025/93545,Vendor 4040 Private Limited,27AAAAA2267A1ZD
G_004041,41201.00,2025-01-08,INV/2025/37974,None,27AAAAA6160A1ZD
G_004042,54749.00,2025-08-12,INV/2025/39875,Vendor 4042 Pvt Ltd,27AAAAA3341A1ZK
G_004043,77495.00,2025-05-12,INV/2025/50939,Vendor 4043 Pvt Ltd,27AAAAA4644A1ZC
G_004044,76871.00,2025-12-27,INV/2025/70948,Vendor 4044 Pvt Ltd,27AAAAA2709A1ZI
G_004045,73812.00,2025-06-23,INV/2025/30881,Vendor 4045 Pvt Ltd,27AAAAA5723A1ZE
G_004046,179782.00,2025-08-19,INV/2025/58270,Vendor 37 Pvt Ltd,27AAAAA7543A1Z8
G_004047,25412.00,2025-10-30,INV/2025/70606,Vendor 4047 Pvt Ltd,27AAAAA3252A1ZI
G_004048,83589.00,2025-03-24,INV/2025/45696,Vendor 4048 Pvt Ltd,27AAAAA3828A1ZC
G_004049,91337.00,2025-09-09,INV/2025/9416,Vendor 4049 Pvt Ltd,
G_004050,26973.00,2025-08-19,INV/2025/69925,vendor 4050 pvt ltd,27AAAAA3109A1ZM
G_004051,86248.00,2025-10-07,INV/2025/39027,Vendor 4051 Pvt Ltd,27AAAAA6403A1ZJ
G_004052,91526.00,2025-02-09,INV/2025/96851,Vendor 4052 Pvt Ltd,27AAAAA7298A1ZW
G_004053,105270.00,2025-06-06,INV/2025/62281,Vendor 4053 Pvt Ltd,27AAAAA7063A1Z9
G_004054,51403.00,2025-01-13,INV/2025/99702,VENDOR 4054 PVT LTD,27AAAAA5440A1ZG
G_004055,81828.00,2025-05-18,INV/2025/75366,Vendor 4055 Pvt Ltd,27AAAAA8271A1Z5
G_004056,31746.00,2025-01-02,,Vendor 4056 Pvt Ltd,27AAAAA9873A1ZV
G_004057,51869.00,2025-03-03,INV/2025/7644,Vendor 4057 Pvt Ltd,27AAAAA3305A1ZO
G_004058,52630.00,2025-03-09,INV/2025/1971,Vendor 4058 Pvt Ltd,27AAAAA7294A1Z0
G_004059,96104.00,2025-08-19,INV/2025/90703,Vendor 4059 Pvt Ltd Inc,27AAAAA6220A1ZK
G_004060,52345.00,2025-06-15,INV/2025/43962,Vendor 4060 Pvt Ltd,27AAAAA9564A1ZZ
G_004061,22663.00,2025-05-11,INV/2025/62637,Vendor 4061 Pvt Ltd,27AAAAA2636A1ZG
G_004062,50748.00,2025-09-26,INV/2025/59511,Vendor 4062 Pvt Ltd,27AAAAA1856A1ZC
G_004063,69693.00,2025-03-09,INV/2025/39164,Vendor 4063 Pvt Ltd Inc,27AAAAA7798A1ZR
G_004064,46355.00,2025-05-11,INV/2025/43610,Vendor 4064 Pvt Ltd,27AAAAA7268A1Z2
G_004065,79508.00,2025-05-14,INV/2025/10006,Vendor 4065 Pvt Ltd,27AAAAA5205A1ZL
G_004066,747.00,2025-03-15,INV/2025/27439,Vendor 4066 Pvt Ltd,27AAAAA5851A1Z9
G_004067,111820.00,2025-01-09,INV/2025/68182,Vendor 4067 Pvt Ltd,27AAAAA9755A1ZY
G_004068,95807.00,2025-02-02,INV/2025/60327,Vendor 4068 Pvt Ltd,27AAAAA1686A1Z8
G_004069,6074.00,2025-11-15,INV/2025/40098,Vendor 4069 Pvt Ltd,27AAAAA4476A1Z6
G_004070,8065.00,2025-03-30,INV/2025/6927,Vendor 4070 Pvt Ltd,27AAAAA7737A1Z4
G_004071,29374.00,2025-01-16,INV/2025/80785,Vendor 4071 Pvt Ltd,27AAAAA9760A1Z1
G_004072,87652.00,2025-10-24,INV/2025/2588,Vendor,27AAAAA5409A1ZF
G_004073,78268.00,2025-09-06,,Vendor 4073 Pvt Ltd,27AAAAA8792A1ZV
G_004074,44223.00,2025-03-20,INV/2025/73776,Vendor 4074 Pvt Ltd,27AAAAA5468A1Z4
G_004075,79974.00,2025-05-19,INV/2025/70026,Vendor 4075 Pvt Ltd,27AAAAA7377A1Z0
G_004076,60923.00,2025-04-15,INV/2025/47391,Vendor 4076 Pvt Ltd,27AAAAA1692A1ZA
G_004077,66873.00,2025-01-08,INV/2025/76109,Vendor 4077 Pvt Ltd,27AAAAA5901A1ZI
G_004078,75209.00,2025-05-09,INV/2025/89713,Vendor 4078 Pvt Ltd,27AAAAA4649A1Z7
G_004079,6018.00,2025-03-13,,Vendor 4079 Pvt Ltd,27AAAAA9986A1ZP
G_004080,32995.00,2025-05-19,INV/2025/20285,None,27AAAAA9280A1Z2
G_004081,11899.00,2025-07-01,INV/2025/70526,None,27AAAAA4821A1ZH
G_004082,36848.00,2025-11-09,INV/2025/3301,Vendor 4082 Pvt Ltd,27AAAAA9529A1Z2
G_004083,5456.00,2025-04-27,INV/2025/13631,Vendor,27AAAAA3516A1ZJ
G_004084,37547.00,2025-09-30,INV/2025/58250,Vendor 4084 Pvt Ltd,27AAAAA8719A1Z4
G_004085,86123.00,2025-06-08,INV/2025/9741,Vendor,27AAAAA2862A1ZC
G_004086,94686.00,2025-03-23,INV/2025/27406,Vendor 4086 Pvt Ltd,27AAAAA9563A1Z0
G_004087,79578.00,2025-06-13,INV/2025/85067,Vendor,27AAAAA3115A1ZO
G_004088,13996.00,2025-10-20,INV/2025/56087,Vendor 4088 Pvt Ltd,27AAAAA5529A1ZA
G_004089,22162.00,2025-08-08,INV/2025/5080,Vendor 4089 Pvt Ltd,27AAAAA4600A1ZO
G_004090,21824.00,2025-08-24,INV/2025/56048,Vendor 4090 Pvt Ltd,27AAAAA9459A1ZX
G_004091,25327.00,2025-12-25,INV/2025/1326,Vendor 4091 Pvt Ltd,27AAAAA8265A1Z3
G_004092,86240.00,2025-11-25,INV/2025/90310,Vendor 4092 Pvt Ltd,27AAAAA4500A1ZP
G_004093,11939.00,2025-08-28,INV/2025/71894,Vendor 4093 Pvt Ltd Inc,27AAAAA9677A1ZT
G_004094,47523.00,2025-06-24,INV/2025/74810,Vendor 4094 Pvt Ltd,27AAAAA7250A1ZC
G_004095,55203.00,2025-03-20,INV/2025/31876,Vendor 4095 Pvt Ltd,27AAAAA1383A1ZE
G_004096,85790.00,2025-08-31,INV/2025/16603,Vendor 4096 Pvt Ltd,27AAAAA4605A1ZJ
G_004097,19957.00,2025-03-29,INV/2025/30884,Vendor 4097 Pvt Ltd,27AAAAA1441A1ZN
G_004098,4807.00,2025-12-29,INV/2025/57152,Vendor 4098 Pvt Ltd,27AAAAA1927A1ZG
G_004099,82372.00,2025-11-23,INV/2025/59723,Vendor 4099 Pvt Ltd,27AAAAA9882A1ZU
G_004100,61181.00,2025-08-17,INV/2025/77142,Vendor 4100 Pvt Ltd,27AAAAA5596A1ZZ
G_004101,55244.00,2025-09-12,INV/2025/42151,Vendor 4101 Pvt Ltd,27AAAAA8293A1ZZ
G_004102,71487.00,2025-10-04,INV/2025/82830,None,27AAAAA2268A1ZC
G_004103,60756.00,2025-09-21,INV/2025/9691,Vendor 4103 Pvt Ltd,27AAAAA4442A1ZG
G_004104,79074.00,2025-01-30,INV/2025/74115,Vendor 4104 Pvt Ltd Inc,27AAAAA9095A1ZX
G_004105,22073.00,2025-07-27,INV/2025/73080,Vendor 4105 Pvt Ltd,27AAAAA7399A1ZU
G_004106,58203.00,2025-07-30,INV/2025/27917,None,27AAAAA9384A1ZX
G_004107,89916.00,2025-09-03,INV/2025/53244,Vendor 4107 Pvt Ltd,27AAAAA1276A1ZE
G_004108,89393.00,2025-02-25,INV/2025/24646,Vendor 4108 Pvt Ltd,27AAAAA7539A1Z4
G_004109,82942.00,2025-06-20,INV/2025/97760,Vendor 4109 Pvt Ltd,27AAAAA1456A1ZG
G_004110,13176.00,2025-03-21,INV/2025/75327,VENDOR 4110 PVT LTD,27AAAAA9959A1ZS
G_004111,172078.00,2025-02-20,INV/2025/67944,Vendor 4111 Pvt Ltd,27AAAAA7340A1ZD
G_004112,2046.00,2025-07-25,INV/2025/51859,Vendor 4112 Pvt Ltd,27AAAAA9002A1ZI
G_004113,6270.00,2025-08-21,INV/2025/77826,Vendor 4113 Pvt Ltd,27AAAAA2940A1ZH
G_004114,77364.00,2025-10-12,INV/2025/19871,Vendor 4114 Pvt Ltd,27AAAAA3404A1ZO
G_004115,29447.00,2025-05-21,INV/2025/93594,None,27AAAAA4784A1Z3
G_004116,79722.00,2025-08-21,INV/2025/7058,Vendor 4116 Pvt Ltd,27AAAAA5977A1ZY
G_004117,64434.00,2025-06-17,INV/2025/61324,Vendor,27AAAAA7893A1ZV
G_004118,25135.00,2025-06-23,INV/2025/47440,Vendor 4118 Private Limited,27AAAAA4691A1Z5
G_004119,31049.00,2025-02-21,INV/2025/23388,Vendor 4119 Pvt Ltd,
G_004120,42423.00,2025-06-18,INV/2025/45599,vendor 4120 pvt ltd,27AAAAA2640A1ZK
G_004121,57768.00,2025-12-13,INV/2025/5290,Vendor 4121 Pvt Ltd,27AAAAA6214A1ZI
G_004122,62810.00,2025-11-13,INV/2025/80102,vendor 4122 pvt ltd,27AAAAA9598A1ZP
G_004123,93280.00,2025-05-24,INV/2025/35525,Vendor 4123 Pvt Ltd,27AAAAA5486A1Z2
G_004124,70537.00,2025-04-18,,Vendor 4124 Pvt Ltd,27AAAAA9341A1Z8
G_004125,63459.00,2025-01-27,,Vendor 4125 Pvt Ltd,27AAAAA6055A1ZB
G_004126,29829.00,2025-11-28,,Vendor 4126 Pvt Ltd,27AAAAA3496A1Z4
G_004127,58291.00,2025-02-28,INV/2025/43506,Vendor,27AAAAA9777A1ZS
G_004128,78971.00,2025-02-08,INV/2025/98472,Vendor 4128 Pvt Ltd,27AAAAA9746A1ZZ
G_004129,81090.00,2025-08-17,INV/2025/71480,Vendor 4129 Pvt Ltd,27AAAAA8378A1ZX
G_004130,83830.00,2025-06-04,INV/2025/83255,Vendor 4130 Pvt Ltd,27AAAAA4803A1ZJ
G_004131,34624.00,2025-07-30,INV/2025/63000,Vendor 4131 Pvt Ltd Inc,27AAAAA5782A1Z3
G_004132,55577.00,2025-08-07,INV/2025/40080,Vendor 4132 Pvt Ltd,27AAAAA4570A1ZB
G_004133,62983.00,2025-04-22,INV/2025/66353,Vendor 4133 PVT LTD,27AAAAA6231A1ZH
G_004134,76422.00,2025-09-13,INV/2025/48979,Vendor 4134 Pvt Ltd,27AAAAA6817A1Z9
G_004135,86941.00,2025-08-13,INV/2025/31608,Vendor 4135 Pvt Ltd,27AAAAA3413A1ZN
G_004136,93248.00,2025-01-20,INV/2025/18918,Vendor 4136 Private Limited,27AAAAA4414A1ZK
G_004137,92534.00,2025-12-05,INV/2025/40885,None,27AAAAA7034A1ZE
G_004138,39432.00,2025-02-16,,Vendor 4138 Pvt Ltd,27AAAAA3868A1Z4
G_004139,144376.00,2025-06-27,INV/2025/83159,Vendor 4139 Pvt Ltd,27AAAAA2130A1ZR
G_004140,3241.00,2025-08-27,INV/2025/28171,Vendor 4140 Pvt Ltd,27AAAAA7374A1Z3
G_004141,93032.00,2025-05-11,INV/2025/51957,Vendor 4141 Pvt Ltd,27AAAAA8715A1Z8
G_004142,71504.00,2025-05-26,INV/2025/86236,Vendor 4142 Pvt Ltd,27AAAAA6844A1Z6
G_004143,97188.00,2025-11-09,INV/2025/16060,Vendor 4143 Pvt Ltd,27AAAAA5386A1Z3
G_004144,1820.00,2025-03-24,INV/2025/22703,Vendor 4144 Pvt Ltd,27AAAAA6516A1ZD
G_004145,74095.00,2025-10-10,INV/2025/10411,Vendor 4145 Pvt Ltd Inc,27AAAAA7627A1Z7
G_004146,29974.00,2025-06-03,INV/2025/36842,Vendor,27AAAAA2620A1ZO
G_004147,92536.00,2025-10-30,INV/2025/34442,Vendor 4147 Pvt Ltd,27AAAAA8976A1ZT
G_004148,3485.00,2025-03-07,INV/2025/78527,Vendor 4148 Pvt Ltd,
G_004149,87189.00,2025-11-23,,Vendor 4149 Pvt Ltd,27AAAAA5728A1Z9
G_004150,19965.00,2025-08-06,INV/2025/84154,Vendor 4150 Pvt Ltd,27AAAAA1469A1ZB
G_004151,75484.00,2025-11-27,INV/2025/77695,Vendor 4151 Pvt Ltd,27AAAAA1484A1ZC
G_004152,73215.00,2025-04-07,INV/2025/55475,Vendor 4152 Pvt Ltd,27AAAAA2909A1ZG
G_004153,54558.00,2025-07-31,,Vendor 4153 Pvt Ltd,27AAAAA7185A1Z2
G_004154,51762.00,2025-05-04,INV/2025/37422,Vendor 160 Pvt Ltd,27AAAAA7548A1Z3
G_004155,17719.00,2025-03-07,INV/2025/18516,Vendor 4155 PVT LTD,27AAAAA1525A1ZM
G_004156,10584.00,2025-02-07,INV/2025/28362,Vendor 4156 Pvt Ltd,27AAAAA9916A1Z3
G_004157,64093.00,2025-07-03,INV/2025/81897,Vendor 4157 Pvt Ltd,27AAAAA7897A1ZR
G_004158,43012.00,2025-03-18,INV/2025/84317,Vendor 4158 Pvt Ltd,27AAAAA2182A1ZF
G_004159,36059.00,2025-05-31,INV/2025/4526,Vendor 4159 PVT LTD,27AAAAA2970A1ZB
G_004160,8313.00,2025-08-23,,Vendor 4160 Pvt Ltd,27AAAAA6741A1ZA
G_004161,40361.00,2025-03-13,INV/2025/50400,Vendor 4161 Pvt Ltd,27AAAAA7287A1ZZ
G_004162,49856.00,2025-04-22,INV/2025/9714,None,27AAAAA3101A1ZU
G_004163,80360.00,2025-11-21,INV/2025/44890,Vendor 4163 Pvt Ltd,27AAAAA7248A1Z6
G_004164,63796.00,2025-12-17,INV/2025/58497,Vendor 4164 Pvt Ltd,27AAAAA3993A1Z2
G_004165,39242.00,2025-11-08,INV/2025/6895,Vendor 4165 Pvt Ltd,27AAAAA2518A1ZJ
G_004166,42486.00,2025-01-02,INV/2025/24448,Vendor 4166 Pvt Ltd,27AAAAA9971A1ZW
G_004167,35631.00,2025-05-28,INV/2025/90567,Vendor 4167 Pvt Ltd,27AAAAA4412A1ZM
G_004168,18539.00,2025-04-03,,Vendor 4168 Pvt Ltd,27AAAAA8882A1ZW
G_004169,39512.00,2025-08-29,INV/2025/99963,Vendor 4169 Pvt Ltd,27AAAAA1013A1ZV
G_004170,94884.00,2025-05-22,INV/2025/50541,Vendor 4170 Pvt Ltd,27AAAAA5140A1ZJ
G_004171,38426.00,2025-10-25,INV/2025/26948,Vendor 4171 Pvt Ltd,27AAAAA8900A1ZD
G_004172,91415.00,2025-10-29,INV/2025/61029,Vendor,27AAAAA5271A1ZB
G_004173,28104.00,2025-02-02,,Vendor 4173 Pvt Ltd,27AAAAA6190A1Z7
G_004174,76536.00,2025-06-14,INV/2025/38409,Vendor 4174 Pvt Ltd,27AAAAA1228A1ZM
G_004175,55795.00,2025-02-18,INV/2025/68349,Vendor 4175 Pvt Ltd,27AAAAA8134A1ZB
G_004176,65904.00,2025-01-27,INV/2025/8834,Vendor 4176 Pvt Ltd,27AAAAA7127A1ZC
G_004177,31977.00,2025-02-13,INV/2025/41897,Vendor 4177 Pvt Ltd,27AAAAA8871A1ZZ
G_004178,8609.00,2025-05-09,INV/2025/30994,Vendor 4178 Pvt Ltd,27AAAAA2508A1ZL
G_004179,82846.00,2025-02-23,INV/2025/2937,Vendor 4179 Pvt Ltd,27AAAAA3798A1ZZ
G_004180,59882.00,2025-02-19,INV/2025/6942,Vendor,27AAAAA9991A1ZS
G_004181,55575.00,2025-06-04,INV/2025/17891,Vendor 4181 Pvt Ltd,27AAAAA6244A1ZC
G_004182,53386.00,2025-11-25,INV/2025/72816,Vendor 4182 Private Limited,27AAAAA1866A1ZA
G_004183,75884.00,2025-12-03,INV/2025/26942,Vendor 4183 Pvt Ltd,27AAAAA8009A1ZD
G_004184,48897.00,2025-05-15,INV/2025/24488,Vendor 4184 Pvt Ltd,27AAAAA2181A1ZG
G_004185,24307.00,2025-04-10,INV/2025/8108,Vendor 4185 Pvt Ltd,27AAAAA1864A1ZC
G_004186,84907.00,2025-12-20,,Vendor 4186 Pvt Ltd,27AAAAA6492A1Z2
G_004187,18202.00,2025-03-28,INV/2025/38788,Vendor 4187 Pvt Ltd,27AAAAA6348A1Z7
G_004188,53015.00,2025-07-29,INV/2025/63966,Vendor 4188 Pvt Ltd,27AAAAA1447A1ZH
G_004189,42011.00,2025-10-29,INV/2025/75237,Vendor 4189 Pvt Ltd,27AAAAA5195A1Z4
G_004190,55728.00,2025-05-08,INV/2025/27975,Vendor 4190 Pvt Ltd,
G_004191,36521.00,2025-01-20,,Vendor 4191 Pvt Ltd,27AAAAA3238A1ZG
G_004192,24242.00,2025-12-07,INV/2025/24081,Vendor 4192 Pvt Ltd,27AAAAA3137A1ZI
G_004193,12631.00,2025-12-06,INV/2025/97883,Vendor 4193 Private Limited,27AAAAA1451A1ZL
G_004194,99474.00,2025-04-17,INV/2025/34557,Vendor 4194 PVT LTD,27AAAAA2865A1Z9
G_004195,25323.00,2025-04-27,INV/2025/85114,Vendor 4195 Pvt Ltd,27AAAAA2655A1ZD
G_004196,15401.00,2025-04-20,INV/2025/21751,Vendor 4196 Pvt Ltd,27AAAAA7206A1ZG
G_004197,54065.00,2025-12-14,INV/2025/38133,Vendor 4197 Pvt Ltd,27AAAAA6497A1ZX
G_004198,65715.00,2025-07-24,INV/2025/40112,Vendor 4198 Pvt Ltd,27AAAAA4042A1ZK
G_004199,22809.00,2025-05-16,INV/2025/77500,Vendor,27AAAAA1081A1ZJ
G_004200,97804.00,2025-01-28,INV/2025/96640,Vendor 4200 Pvt Ltd,
G_004201,83547.00,2025-12-10,INV/2025/63069,None,27AAAAA8435A1Z7
G_004202,86852.00,2025-10-21,INV/2025/73108,Vendor 4202 Pvt Ltd Inc,27AAAAA5533A1ZE
G_004203,30515.00,2025-07-02,INV/2025/54053,Vendor 4203 Pvt Ltd,27AAAAA3909A1ZE
G_004204,48718.00,2025-06-20,INV/2025/74756,Vendor 4204 Pvt Ltd,27AAAAA7391A1Z2
G_004205,32381.00,2025-11-24,INV/2025/67964,Vendor 4205 Pvt Ltd,27AAAAA7057A1Z7
G_004206,39440.00,2025-02-23,INV/2025/35943,Vendor 4206 Pvt Ltd,27AAAAA7823A1Z9
G_004207,32764.00,2025-07-27,INV/2025/77232,Vendor 4207 PVT LTD,27AAAAA4590A1Z7
G_004208,71186.00,2025-07-21,INV/2025/57924,Vendor 4208 Pvt Ltd,27AAAAA8234A1ZA
G_004209,16783.00,2025-11-21,INV/2025/76574,Vendor 4209 Pvt Ltd Inc,27AAAAA7680A1Z2
G_004210,38064.00,2025-04-14,INV/2025/93677,Vendor 4210 Pvt Ltd,27AAAAA3524A1ZJ
G_004211,39134.00,2025-02-22,INV/2025/45401,Vendor 4211 Pvt Ltd,27AAAAA3469A1Z7
G_004212,84623.00,2025-12-24,,Vendor 4212 Pvt Ltd,27AAAAA8498A1ZS
G_004213,29539.00,2025-06-15,INV/2025/36579,Vendor 4213 Pvt Ltd,27AAAAA9962A1ZX
G_004214,71997.00,2025-06-18,INV/2025/66563,Vendor 4214 Pvt Ltd,27AAAAA7730A1ZB
G_004215,13373.00,2025-07-21,INV/2025/96778,Vendor 4215 Pvt Ltd Inc,27AAAAA7765A1Z0
G_004216,80828.00,2025-11-08,,Vendor 4216 Pvt Ltd,27AAAAA4872A1Z6
G_004217,54531.00,2025-02-19,,Vendor 4217 Pvt Ltd,27AAAAA2264A1ZG
G_004218,11018.00,2025-02-21,,Vendor 4218 Pvt Ltd,27AAAAA9193A1ZY
G_004219,91147.00,2025-08-25,INV/2025/12584,Vendor 4219 Pvt Ltd,27AAAAA4223A1ZL
G_004220,62226.00,2025-03-08,INV/2025/50747,Vendor 4220 Pvt Ltd,27AAAAA4411A1ZN
G_004221,12606.00,2025-05-21,INV/2025/71294,None,27AAAAA1066A1ZI
G_004222,145934.00,2025-03-13,INV/2025/51672,Vendor 4222 Pvt Ltd,27AAAAA1312A1ZT
G_004223,37517.00,2025-07-23,INV/2025/26750,Vendor 4223 Pvt Ltd Inc,27AAAAA3006A1ZQ
G_004224,52117.00,2025-04-05,INV/2025/43377,None,27AAAAA8242A1ZA
G_004225,51034.00,2025-12-26,INV/2025/39867,Vendor 4225 Pvt Ltd,27AAAAA3694A1Z4
G_004226,78461.00,2025-02-25,INV/2025/61294,Vendor 4226 Pvt Ltd,27AAAAA4133A1ZK
G_004227,1587.00,2025-04-21,INV/2025/52827,Vendor 4227 Pvt Ltd,27AAAAA2309A1ZM
G_004228,23893.00,2025-11-25,INV/2025/55212,Vendor 4228 Pvt Ltd,27AAAAA2799A1Z0
G_004229,11690.00,2025-11-14,INV/2025/54739,Vendor 4229 Pvt Ltd,27AAAAA8539A1Z2
G_004230,89481.00,2025-10-09,INV/2025/30385,Vendor 4230 Pvt Ltd,27AAAAA7745A1Z4
G_004231,4407.00,2025-02-23,INV/2025/52069,Vendor 4231 Pvt Ltd,27AAAAA2817A1ZH
G_004232,14988.00,2025-07-25,INV/2025/95164,Vendor 4232 Pvt Ltd,27AAAAA1451A1ZL
G_004233,99900.00,2025-02-11,INV/2025/26518,Vendor 4233 Pvt Ltd,27AAAAA1555A1ZG
G_004234,28338.00,2025-09-01,INV/2025/88278,Vendor 4234 Pvt Ltd,27AAAAA5454A1ZA
G_004235,89970.00,2025-05-21,INV/2025/70924,Vendor 4235 Pvt Ltd,27AAAAA4360A1ZF
G_004236,181434.00,2025-05-16,INV/2025/12614,Vendor 4236 Pvt Ltd,27AAAAA9937A1ZY
G_004237,78808.00,2025-04-21,INV/2025/5941,Vendor 4237 Pvt Ltd,27AAAAA9087A1ZX
G_004238,12046.00,2025-02-23,INV/2025/53488,Vendor 4238 Pvt Ltd,27AAAAA9919A1Z0
G_004239,3365.00,2025-01-25,INV/2025/41835,Vendor 4239 PVT LTD,27AAAAA2360A1ZJ
G_004240,19829.00,2025-09-29,INV/2025/74639,Vendor 4240 Pvt Ltd,27AAAAA7832A1Z8
G_004241,71441.00,2025-01-17,,Vendor 4241 Pvt Ltd,27AAAAA7622A1ZC
G_004242,32402.00,2025-05-30,INV/2025/19924,Vendor 4242 Pvt Ltd,27AAAAA1648A1ZE
G_004243,33892.00,2025-09-14,,Vendor 4243 Pvt Ltd,27AAAAA4286A1Z6
G_004244,20538.00,2025-01-31,INV/2025/28463,Vendor 4244 Pvt Ltd,27AAAAA5278A1Z4
G_004245,91242.00,2025-09-02,,Vendor 4245 Pvt Ltd,27AAAAA2005A1ZT
G_004246,27023.00,2025-10-06,INV/2025/51090,Vendor 4246 Pvt Ltd,27AAAAA2633A1ZJ
G_004247,13061.00,2025-12-26,INV/2025/12325,Vendor 4247 Pvt Ltd,27AAAAA8873A1ZX
G_004248,76510.00,2025-12-16,,Vendor 4248 Pvt Ltd,27AAAAA2601A1ZR
G_004249,39874.00,2025-08-26,,Vendor 4249 Pvt Ltd,27AAAAA3217A1ZL
G_004250,72929.00,2025-12-02,INV/2025/12569,Vendor 4250 Pvt Ltd,27AAAAA9532A1Z7
G_004251,60311.00,2025-11-20,INV/2025/40200,Vendor 4251 Pvt Ltd,27AAAAA9742A1Z3
G_004252,79735.00,2025-04-20,INV/2025/58165,Vendor 4252 Pvt Ltd,27AAAAA2230A1ZQ
G_004253,49981.00,2025-05-31,INV/2025/57190,Vendor 4253 Pvt Ltd,27AAAAA9042A1ZA
G_004254,5016.00,2025-11-23,INV/2025/66446,Vendor 4254 Pvt Ltd,27AAAAA2305A1ZQ
G_004255,16105.00,2025-10-23,INV/2025/38521,Vendor 4255 Pvt Ltd,27AAAAA7208A1ZE
G_004256,45759.00,2025-05-26,INV/2025/7276,Vendor 4256 Pvt Ltd,27AAAAA2949A1Z8
G_004257,28646.00,2025-06-19,INV/2025/7736,Vendor 4257 Pvt Ltd,27AAAAA6497A1ZX
G_004258,51026.00,2025-02-04,INV/2025/54283,None,27AAAAA4039A1ZF
G_004259,42459.00,2025-03-31,INV/2025/86981,Vendor 4259 Pvt Ltd,27AAAAA3739A1ZA
G_004260,364.00,2025-03-13,INV/2025/83968,Vendor 4260 Pvt Ltd,27AAAAA2229A1ZJ
G_004261,92844.00,2025-08-27,INV/2025/77513,vendor 4261 pvt ltd,27AAAAA2065A1ZH
G_004262,69006.00,2025-07-03,INV/2025/56826,Vendor 4262 Pvt Ltd,27AAAAA9529A1Z2
G_004263,7748.00,2025-01-16,INV/2025/49397,Vendor 4263 Pvt Ltd,27AAAAA4619A1ZD
G_004264,56813.00,2025-08-20,,Vendor 4264 Pvt Ltd,27AAAAA6582A1Z3
G_004265,48022.00,2025-07-06,INV/2025/67173,Vendor 4265 Pvt Ltd,27AAAAA4411A1ZN
G_004266,58853.00,2025-11-23,INV/2025/95949,Vendor 4266 Pvt Ltd,27AAAAA4018A1ZK
G_004267,17567.00,2025-12-01,INV/2025/48398,Vendor 4267 Pvt Ltd,27AAAAA7622A1ZC
G_004268,1147.00,2025-09-01,INV/2025/3956,Vendor 4268 Private Limited,27AAAAA7271A1Z7
G_004269,14679.00,2025-04-24,,Vendor 4269 Pvt Ltd,27AAAAA5496A1Z0
G_004270,47394.00,2025-05-14,INV/2025/6311,Vendor 4270 Pvt Ltd,27AAAAA7897A1ZR
G_004271,774.00,2025-01-02,,Vendor 4271 Pvt Ltd,27AAAAA2681A1ZB
G_004272,78678.00,2025-01-31,INV/2025/89121,Vendor 4272 Pvt Ltd,27AAAAA9871A1ZX
G_004273,63782.00,2025-03-11,INV/2025/71293,Vendor 4273 Pvt Ltd,27AAAAA2643A1ZH
G_004274,25288.00,2025-09-14,INV/2025/95386,Vendor 4274 Pvt Ltd,27AAAAA3760A1ZD
G_004275,18450.00,2025-04-28,INV/2025/19720,Vendor 4275 PVT LTD,27AAAAA3643A1ZF
G_004276,37312.00,2025-01-07,INV/2025/71261,Vendor 4276 Pvt Ltd,27AAAAA3539A1ZC
G_004277,69045.00,2025-04-09,,Vendor 4277 Pvt Ltd,27AAAAA3548A1ZB
G_004278,4287.00,2025-01-01,INV/2025/36772,Vendor 4278 Pvt Ltd,27AAAAA5868A1Z0
G_004279,59393.00,2025-11-06,INV/2025/16181,Vendor 4279 Pvt Ltd,27AAAAA5390A1Z7
G_004280,92444.00,2025-03-01,INV/2025/33279,Vendor 4280 Pvt Ltd,27AAAAA2667A1Z9
G_004281,25559.00,2025-06-13,,Vendor 4281 Pvt Ltd,27AAAAA6151A1ZE
G_004282,77702.00,2025-03-09,INV/2025/2003,Vendor 4282 Pvt Ltd,27AAAAA9693A1ZT
G_004283,64243.00,2025-10-12,INV/2025/6365,Vendor,27AAAAA6888A1ZU
G_004284,16828.00,2025-10-04,,Vendor 4284 Pvt Ltd,27AAAAA1478A1ZA
G_004285,13512.00,2025-11-15,,Vendor 4285 Pvt Ltd,27AAAAA5916A1ZB
G_004286,31896.00,2025-06-04,INV/2025/11118,None,27AAAAA6397A1ZY
G_004287,99839.00,2025-02-18,INV/2025/86955,Vendor 4287 Pvt Ltd,27AAAAA9364A1Z1
G_004288,59624.00,2025-05-28,,Vendor 4288 Pvt Ltd,27AAAAA7717A1Z8
G_004289,23075.00,2025-02-13,INV/2025/85090,VENDOR 4289 PVT LTD,27AAAAA1596A1Z7
G_004290,3059.00,2025-07-17,INV/2025/30099,Vendor 4290 Pvt Ltd,27AAAAA4658A1Z6
G_004291,88401.00,2025-04-27,INV/2025/61903,None,27AAAAA1408A1ZO
G_004292,12859.00,2025-04-24,INV/2025/87593,vendor 4292 pvt ltd,27AAAAA3390A1ZB
G_004293,94536.00,2025-07-26,INV/2025/79153,Vendor 4293 Pvt Ltd Inc,27AAAAA4924A1ZD
G_004294,45251.00,2025-09-10,INV/2025/49769,Vendor 4294 Pvt Ltd Inc,27AAAAA6294A1Z2
G_004295,71499.00,2025-05-23,INV/2025/25454,vendor 4295 pvt ltd,27AAAAA1341A1ZO
G_004296,56451.00,2025-10-18,INV/2025/84575,Vendor 214 Pvt Ltd,27AAAAA3546A1ZD
G_004297,68234.00,2025-11-08,INV/2025/72201,Vendor 4297 Pvt Ltd,27AAAAA3510A1ZP
G_004298,51022.00,2025-06-19,INV/2025/56099,Vendor 4298 Pvt Ltd,27AAAAA1794A1Z7
G_004299,48761.00,2025-08-16,INV/2025/6666,Vendor 4299 Pvt Ltd,27AAAAA5478A1Z2
G_004300,54412.00,2025-02-17,INV/2025/30185,Vendor 4300 Pvt Ltd,27AAAAA8277A1ZZ
G_004301,77137.00,2025-10-10,INV/2025/8679,Vendor 4301 Pvt Ltd,27AAAAA5896A1ZW
G_004302,67212.00,2025-05-24,INV/2025/26487,Vendor 4302 Pvt Ltd,27AAAAA1335A1ZM
G_004303,84005.00,2025-11-10,INV/2025/53136,Vendor 4303 Pvt Ltd,27AAAAA3633A1ZH
G_004304,23738.00,2025-06-15,INV/2025/2199,vendor 4304 pvt ltd,27AAAAA9173A1Z2
G_004305,32937.00,2025-03-31,INV/2025/28864,Vendor 4305 Pvt Ltd,27AAAAA3307A1ZM
G_004306,10587.00,2025-08-21,INV/2025/93987,Vendor 16 Pvt Ltd,27AAAAA6947A1Z2
G_004307,44927.00,2025-05-07,INV/2025/53208,Vendor 4307 Pvt Ltd Inc,27AAAAA6423A1ZF
G_004308,60201.00,2025-05-25,,Vendor 4308 Pvt Ltd,27AAAAA6166A1Z7
G_004309,73906.00,2025-07-13,INV/2025/2959,Vendor 4309 Pvt Ltd,27AAAAA9175A1Z0
G_004310,8152.00,2025-05-03,INV/2025/28904,Vendor 4310 Pvt Ltd,27AAAAA8408A1ZA
G_004311,88659.00,2025-11-04,INV/2025/39157,Vendor 4311 Pvt Ltd,27AAAAA6536A1Z9
G_004312,42325.00,2025-11-24,,Vendor 4312 Pvt Ltd,27AAAAA2352A1ZJ
G_004313,29769.00,2025-01-24,INV/2025/37639,Vendor 4313 Pvt Ltd,27AAAAA7338A1Z7
G_004314,51520.00,2025-04-05,INV/2025/91460,Vendor 4314 Private Limited,27AAAAA8128A1Z9
G_004315,63718.00,2025-06-01,INV/2025/21574,None,27AAAAA2625A1ZJ
G_004316,11504.00,2025-07-28,INV/2025/61818,None,27AAAAA5948A1Z3
G_004317,47178.00,2025-12-17,INV/2025/32554,Vendor,27AAAAA2953A1ZC
G_004318,62338.00,2025-01-03,INV/2025/52932,Vendor 4318 Pvt Ltd,27AAAAA4439A1ZB
G_004319,98603.00,2025-01-17,INV/2025/29239,Vendor 4319 Pvt Ltd,27AAAAA6815A1ZB
G_004320,65650.00,2025-01-24,INV/2025/40592,None,27AAAAA3570A1ZD
G_004321,19921.00,2025-01-24,INV/2025/55786,Vendor 4321 Pvt Ltd,27AAAAA4030A1ZO
G_004322,75657.00,2025-05-03,INV/2025/85277,Vendor 4322 Pvt Ltd,27AAAAA2740A1ZJ
G_004323,64247.00,2025-11-06,INV/2025/64860,Vendor 4323 Pvt Ltd,27AAAAA4697A1ZZ
G_004324,169578.00,2025-01-12,INV/2025/25091,Vendor 4324 Pvt Ltd,27AAAAA1952A1ZF
G_004325,19265.00,2025-04-05,INV/2025/45631,Vendor 4325 Pvt Ltd,27AAAAA7173A1Z6
G_004326,91852.00,2025-09-10,INV/2025/9387,Vendor 4326 Pvt Ltd Inc,27AAAAA5600A1ZM
G_004327,422.00,2025-08-19,,Vendor 4327 Pvt Ltd,27AAAAA6064A1ZA
G_004328,29841.00,2025-01-01,INV/2025/38441,Vendor 4328 Pvt Ltd,27AAAAA3336A1ZH
G_004329,18019.00,2025-04-30,,Vendor 4329 Pvt Ltd,27AAAAA4558A1Z7
G_004330,61110.00,2025-10-01,INV/2025/10891,Vendor 4330 Pvt Ltd,27AAAAA8679A1ZT
G_004331,96295.00,2025-05-28,INV/2025/33120,Vendor 4331 Pvt Ltd,27AAAAA8226A1ZA
G_004332,80701.00,2025-06-01,INV/2025/47234,Vendor 4332 Pvt Ltd,27AAAAA2937A1ZC
G_004333,10622.00,2025-12-10,,Vendor 4333 Pvt Ltd,27AAAAA2710A1ZP
G_004334,93357.00,2025-08-08,INV/2025/45562,Vendor 4334 Pvt Ltd,27AAAAA7893A1ZV
G_004335,85048.00,2025-08-03,INV/2025/9768,Vendor 4335 Pvt Ltd,27AAAAA8715A1Z8
G_004336,72684.00,2025-02-14,INV/2025/92788,Vendor,27AAAAA3623A1ZJ
G_004337,86893.00,2025-02-07,INV/2025/95550,Vendor 4337 PVT LTD,27AAAAA7664A1Z2
G_004338,88596.00,2025-02-28,INV/2025/52221,Vendor 4338 Pvt Ltd,27AAAAA2134A1ZN
G_004339,3251.00,2025-07-17,INV/2025/83470,Vendor 4339 Pvt Ltd,
G_004340,17858.00,2025-03-19,INV/2025/27007,Vendor 4340 Private Limited,27AAAAA5031A1ZL
G_004341,9486.00,2025-03-12,INV/2025/50617,Vendor 4341 Pvt Ltd,
G_004342,48286.00,2025-08-01,,Vendor 4342 Pvt Ltd,27AAAAA9398A1ZR
G_004343,20052.00,2025-11-07,INV/2025/41837,Vendor 4343 Pvt Ltd,27AAAAA5686A1Z0
G_004344,59548.00,2025-06-22,INV/2025/33198,VENDOR 4344 PVT LTD,27AAAAA5011A1ZP
G_004345,31988.00,2025-12-26,INV/2025/92395,Vendor 4345 Pvt Ltd,27AAAAA3433A1ZJ
G_004346,45264.00,2025-11-03,INV/2025/87337,None,27AAAAA8165A1Z4
G_004347,16721.00,2025-09-03,,Vendor 4347 Pvt Ltd,27AAAAA4419A1ZF
G_004348,64441.00,2025-12-04,INV/2025/73580,Vendor 4348 Pvt Ltd,27AAAAA2692A1Z8
G_004349,44991.00,2025-10-19,,Vendor 4349 Pvt Ltd,27AAAAA7762A1Z3
G_004350,68754.00,2025-03-13,INV/2025/6405,Vendor 4350 Pvt Ltd,27AAAAA4445A1ZD
G_004351,50935.00,2025-06-30,INV/2025/22452,Vendor 4351 Pvt Ltd,27AAAAA1496A1Z8
G_004352,28978.00,2025-07-08,INV/2025/9337,Vendor 4352 Pvt Ltd,27AAAAA5581A1Z6
G_004353,29015.00,2025-05-08,,Vendor 4353 Pvt Ltd,27AAAAA6659A1Z1
G_004354,41258.00,2025-07-17,INV/2025/81425,Vendor 4354 Pvt Ltd,27AAAAA7426A1ZA
G_004355,57940.00,2025-09-19,INV/2025/39470,Vendor 4355 PVT LTD,27AAAAA9666A1ZW
G_004356,92919.00,2025-07-08,INV/2025/16769,Vendor 4356 Pvt Ltd,27AAAAA5718A1ZB
G_004357,41374.00,2025-01-03,INV/2025/55168,VENDOR 4357 PVT LTD,27AAAAA3262A1ZG
G_004358,70070.00,2025-06-20,INV/2025/15399,Vendor 4358 Pvt Ltd,27AAAAA7276A1Z2
G_004359,16665.00,2025-08-18,INV/2025/55773,Vendor 4359 Pvt Ltd,27AAAAA7909A1Z6
G_004360,92132.00,2025-01-12,INV/2025/81463,Vendor 4360 Pvt Ltd,27AAAAA6235A1ZD
G_004361,89860.00,2025-05-18,INV/2025/19151,Vendor 4361 Pvt Ltd,27AAAAA5217A1ZH
G_004362,57389.00,2025-12-03,,Vendor 4362 Pvt Ltd,27AAAAA5934A1Z9
G_004363,38465.00,2025-09-10,INV/2025/61485,None,27AAAAA4209A1ZJ
G_004364,37702.00,2025-06-26,INV/2025/65585,Vendor 4364 Pvt Ltd,27AAAAA1102A1ZX
G_004365,15332.00,2025-09-24,INV/2025/39182,Vendor 4365 Private Limited,27AAAAA7120A1ZJ
G_004366,30269.00,2025-11-29,INV/2025/81080,Vendor 4366 Private Limited,27AAAAA4335A1ZG
G_004367,31952.00,2025-04-09,INV/2025/59288,Vendor 4367 PVT LTD,27AAAAA3359A1ZA
G_004368,41604.00,2025-02-02,,Vendor 4368 Pvt Ltd,27AAAAA5419A1ZD
G_004369,1640.00,2025-07-22,INV/2025/26838,Vendor 4369 Pvt Ltd,27AAAAA8295A1ZX
G_004370,68286.00,2025-08-07,INV/2025/27274,Vendor 4370 Pvt Ltd,27AAAAA3303A1ZQ
G_004371,19963.00,2025-01-14,,Vendor 4371 Pvt Ltd,27AAAAA3266A1ZC
G_004372,38396.00,2025-09-15,INV/2025/36182,Vendor 4372 Pvt Ltd,27AAAAA9486A1ZU
G_004373,26778.00,2025-04-15,INV/2025/99662,Vendor 4373 Pvt Ltd,27AAAAA9898A1ZM
G_004374,3106.00,2025-09-18,,Vendor 4374 Pvt Ltd,27AAAAA7242A1ZC
G_004375,65474.00,2025-11-23,INV/2025/12245,Vendor,27AAAAA7643A1Z7
G_004376,84001.00,2025-12-13,INV/2025/34186,Vendor 4376 Pvt Ltd Inc,27AAAAA6497A1ZX
G_004377,3249.00,2025-10-15,,Vendor 4377 Pvt Ltd,27AAAAA3180A1ZF
G_004378,15006.00,2025-04-07,INV/2025/20080,Vendor 4378 Pvt Ltd,27AAAAA1851A1ZH
G_004379,74014.00,2025-04-21,INV/2025/50047,Vendor 4379 Pvt Ltd,27AAAAA2533A1ZK
G_004380,10250.00,2025-02-25,INV/2025/44489,Vendor 4380 Pvt Ltd,27AAAAA1014A1ZU
G_004381,69646.00,2025-12-20,INV/2025/93862,VENDOR 4381 PVT LTD,27AAAAA6652A1Z8
G_004382,68771.00,2025-09-18,INV/2025/76638,vendor 4382 pvt ltd,27AAAAA4551A1ZE
G_004383,33560.00,2025-11-23,INV/2025/9930,Vendor 4383 Pvt Ltd,27AAAAA5683A1Z3
G_004384,8472.00,2025-06-28,INV/2025/54171,Vendor 4384 Pvt Ltd,27AAAAA4964A1Z5
G_004385,90160.00,2025-04-20,INV/2025/44276,Vendor 4385 Pvt Ltd,27AAAAA2242A1ZM
G_004386,36071.00,2025-09-21,INV/2025/85636,Vendor 4386 Pvt Ltd,27AAAAA2688A1Z4
G_004387,46271.00,2025-09-16,INV/2025/7545,Vendor 4387 Pvt Ltd,27AAAAA6238A1ZA
G_004388,13614.00,2025-07-26,,Vendor 4388 Pvt Ltd,27AAAAA1196A1ZB
G_004389,14516.00,2025-09-07,INV/2025/60087,Vendor 4389 Private Limited,27AAAAA8329A1Z6
G_004390,20385.00,2025-08-25,INV/2025/87121,Vendor 4390 Pvt Ltd,27AAAAA1609A1ZL
G_004391,91053.00,2025-10-14,INV/2025/85651,Vendor 4391 Pvt Ltd,27AAAAA9636A1Z2
G_004392,14085.00,2025-07-07,,Vendor 4392 Pvt Ltd,27AAAAA2530A1ZN
G_004393,55464.00,2025-02-27,INV/2025/12165,Vendor,27AAAAA9476A1ZW
G_004394,115160.00,2025-07-02,INV/2025/76909,Vendor 4394 Pvt Ltd,27AAAAA7314A1ZF
G_004395,54340.00,2025-02-03,,Vendor 4395 Pvt Ltd,27AAAAA3618A1ZG
G_004396,43725.00,2025-10-02,INV/2025/28181,Vendor 4396 Pvt Ltd,27AAAAA1460A1ZK
G_004397,8878.00,2025-10-29,INV/2025/46583,Vendor 4397 Pvt Ltd,27AAAAA9832A1Z4
G_004398,71590.00,2025-07-09,INV/2025/33363,Vendor 4398 Pvt Ltd,27AAAAA3456A1ZC
G_004399,151850.00,2025-12-02,INV/2025/78760,Vendor 4399 Pvt Ltd,27AAAAA5054A1ZE
G_004400,52552.00,2025-12-04,INV/2025/19615,Vendor 4400 Pvt Ltd,27AAAAA7355A1Z6
G_004401,44028.00,2025-10-14,INV/2025/6677,Vendor 4401 Pvt Ltd,27AAAAA8896A1ZQ
G_004402,55847.00,2025-08-08,INV/2025/72834,Vendor 4402 Pvt Ltd,27AAAAA5385A1Z4
G_004403,26629.00,2025-01-04,INV/2025/20873,Vendor 4403 Pvt Ltd,27AAAAA1070A1ZM
G_004404,23531.00,2025-09-03,INV/2025/99821,Vendor 4404 Pvt Ltd,27AAAAA8569A1ZW
G_004405,33529.00,2025-06-12,INV/2025/10126,None,27AAAAA4636A1ZC
G_004406,21675.00,2025-06-13,,Vendor 4406 Pvt Ltd,27AAAAA2003A1ZV
G_004407,55998.00,2025-02-24,INV/2025/32267,Vendor 4407 Pvt Ltd,27AAAAA5912A1ZF
G_004408,1103.00,2025-10-02,,Vendor 4408 Pvt Ltd,27AAAAA4120A1ZP
G_004409,83843.00,2025-08-22,INV/2025/30328,vendor 4409 pvt ltd,27AAAAA1130A1ZT
G_004410,62374.00,2025-08-29,,Vendor 4410 Pvt Ltd,27AAAAA8926A1Z3
G_004411,15942.00,2025-09-14,INV/2025/39337,Vendor 4411 Pvt Ltd,27AAAAA2899A1ZZ
G_004412,85620.00,2025-09-16,INV/2025/52109,Vendor 4412 Pvt Ltd,27AAAAA8876A1ZU
G_004413,1229.00,2025-08-15,INV/2025/11871,Vendor 4413 Pvt Ltd,27AAAAA2007A1ZR
G_004414,93990.00,2025-05-23,INV/2025/19456,Vendor 4414 Pvt Ltd,27AAAAA3319A1ZI
G_004415,28491.00,2025-12-14,INV/2025/7793,Vendor 4415 Pvt Ltd,27AAAAA9009A1ZB
G_004416,61658.00,2025-02-18,INV/2025/82139,Vendor 4416 Pvt Ltd,
G_004417,88947.00,2025-10-24,INV/2025/77357,Vendor 4417 Private Limited,27AAAAA2971A1ZA
G_004418,45958.00,2025-07-24,INV/2025/53774,Vendor 4418 Pvt Ltd,27AAAAA8118A1ZB
G_004419,68783.00,2025-05-01,INV/2025/26529,Vendor 4419 Pvt Ltd,27AAAAA7187A1Z0
G_004420,80708.00,2026-01-01,INV/2025/49056,Vendor 4420 Pvt Ltd,27AAAAA1286A1ZC
G_004421,18241.00,2025-12-12,INV/2025/50789,Vendor 4421 Pvt Ltd Inc,27AAAAA5612A1ZI
G_004422,81907.00,2025-04-13,INV/2025/92037,Vendor 4422 Pvt Ltd,27AAAAA8518A1Z7
G_004423,99746.00,2025-05-13,,Vendor 4423 Pvt Ltd,27AAAAA2244A1ZK
G_004424,2885.00,2025-07-05,INV/2025/91869,Vendor 4424 Pvt Ltd,27AAAAA8514A1ZB
G_004425,6662.00,2025-02-28,INV/2025/44853,Vendor 4425 Pvt Ltd,27AAAAA7903A1ZC
G_004426,10929.00,2025-06-18,INV/2025/5868,Vendor 4426 Pvt Ltd,27AAAAA2872A1ZA
G_004427,55026.00,2025-01-05,INV/2025/5027,Vendor 4427 PVT LTD,27AAAAA3480A1ZC
G_004428,87842.00,2025-05-14,,Vendor 4428 Pvt Ltd,27AAAAA4423A1ZJ
G_004429,29021.00,2025-06-13,INV/2025/38882,vendor 4429 pvt ltd,27AAAAA4330A1ZL
G_004430,11799.00,2025-11-04,INV/2025/25496,Vendor 4430 Pvt Ltd,27AAAAA9060A1Z8
G_004431,74828.00,2025-02-16,INV/2025/34049,Vendor 4431 Pvt Ltd,27AAAAA8733A1Z6
G_004432,54254.00,2025-11-21,,Vendor 4432 Pvt Ltd,27AAAAA9279A1ZV
G_004433,20516.00,2025-01-12,INV/2025/28219,Vendor 4433 Pvt Ltd,27AAAAA4933A1ZC
G_004434,90890.00,2025-03-13,INV/2025/87166,Vendor 4434 Pvt Ltd,27AAAAA9107A1ZC
G_004435,18710.00,2025-06-08,INV/2025/52491,Vendor 4435 Pvt Ltd Inc,27AAAAA9494A1ZU
G_004436,94551.00,2025-09-13,INV/2025/88793,Vendor 4436 Pvt Ltd,27AAAAA3727A1ZE
G_004437,90435.00,2025-12-12,INV/2025/87222,Vendor 415 Pvt Ltd,27AAAAA4257A1ZB
G_004438,22838.00,2025-06-05,INV/2025/88364,Vendor 4438 Pvt Ltd,27AAAAA1813A1ZN
G_004439,73431.00,2025-06-23,INV/2025/37674,Vendor 4439 Pvt Ltd,27AAAAA1394A1ZB
G_004440,105226.00,2025-11-30,INV/2025/27596,Vendor 4440 Pvt Ltd,27AAAAA2876A1Z6
G_004441,30832.00,2025-06-13,INV/2025/56156,Vendor 4441 Pvt Ltd,
G_004442,1786.00,2025-02-15,INV/2025/8630,Vendor 4442 Pvt Ltd,27AAAAA4289A1Z3
G_004443,69086.00,2025-11-01,INV/2025/78154,Vendor 4443 Pvt Ltd,27AAAAA1858A1ZA
G_004444,15036.00,2025-01-02,,Vendor 4444 Pvt Ltd,27AAAAA9536A1Z3
G_004445,22839.00,2025-09-27,,Vendor 4445 Pvt Ltd,27AAAAA1734A1ZJ
G_004446,8550.00,2025-06-21,,Vendor 4446 Pvt Ltd,27AAAAA5565A1Z6
G_004447,82019.00,2025-12-16,INV/2025/7628,Vendor 4447 PVT LTD,27AAAAA3944A1ZB
G_004448,92673.00,2025-04-23,INV/2025/84015,Vendor 4448 Pvt Ltd,27AAAAA5300A1ZP
G_004449,54820.00,2025-07-21,INV/2025/23333,vendor 4449 pvt ltd,27AAAAA4972A1Z5
G_004450,18493.00,2025-03-12,INV/2025/89392,VENDOR 4450 PVT LTD,27AAAAA2349A1ZE
G_004451,120488.00,2025-12-24,INV/2025/34611,Vendor 4451 Pvt Ltd,27AAAAA5965A1Z2
G_004452,9753.00,2025-02-15,,Vendor 4452 Pvt Ltd,27AAAAA4609A1ZF
G_004453,88487.00,2025-05-06,,Vendor 4453 Pvt Ltd,27AAAAA4474A1Z8
G_004454,79354.00,2025-08-18,INV/2025/82098,Vendor 4454 PVT LTD,27AAAAA4322A1ZL
G_004455,98010.00,2025-06-07,INV/2025/19341,VENDOR 4455 PVT LTD,27AAAAA3044A1ZK
G_004456,96234.00,2025-07-02,INV/2025/85887,Vendor 4456 Pvt Ltd,27AAAAA7687A1ZV
G_004457,63777.00,2025-08-07,INV/2025/63775,Vendor 4457 Private Limited,27AAAAA7644A1Z6
G_004458,52283.00,2025-03-06,INV/2025/87271,None,27AAAAA8843A1Z3
G_004459,31057.00,2025-08-10,INV/2025/72401,vendor 4459 pvt ltd,27AAAAA7703A1ZE
G_004460,11605.00,2025-12-02,,Vendor 4460 Pvt Ltd,27AAAAA1402A1ZU
G_004461,60378.00,2025-07-25,INV/2025/23530,Vendor 4461 PVT LTD,27AAAAA3645A1ZD
G_004462,58276.00,2025-09-21,INV/2025/91587,VENDOR 4462 PVT LTD,27AAAAA8126A1ZB
G_004463,58760.00,2025-11-26,INV/2025/53046,Vendor 4463 Pvt Ltd,27AAAAA4190A1ZB
G_004464,22252.00,2025-04-06,,Vendor 4464 Pvt Ltd,27AAAAA6322A1ZH
G_004465,79948.00,2025-01-01,INV/2025/61791,Vendor 4465 Pvt Ltd,27AAAAA9810A1ZA
G_004466,74234.00,2025-10-02,INV/2025/14916,Vendor 4466 Pvt Ltd,27AAAAA6209A1ZF
G_004467,63050.00,2025-08-27,INV/2025/20961,Vendor 4467 Pvt Ltd,27AAAAA8808A1Z6
G_004468,49931.00,2025-06-01,INV/2025/4268,Vendor 4468 PVT LTD,27AAAAA9126A1Z9
G_004469,97362.00,2025-09-30,INV/2025/4229,Vendor 4469 Pvt Ltd,27AAAAA7051A1ZD
G_004470,16457.00,2025-08-14,,Vendor 4470 Pvt Ltd,27AAAAA5766A1Z3
G_004471,63387.00,2025-10-10,INV/2025/77377,Vendor 4471 Pvt Ltd,27AAAAA6401A1ZL
G_004472,77462.00,2025-06-30,INV/2025/52967,Vendor 4472 Pvt Ltd,27AAAAA3278A1Z8
G_004473,57955.00,2025-02-11,INV/2025/85972,Vendor 4473 Pvt Ltd,27AAAAA9730A1Z7
G_004474,56268.00,2025-01-21,,Vendor 4474 Pvt Ltd,27AAAAA9611A1ZB
G_004475,671.00,2025-11-05,INV/2025/25069,Vendor 4475 Pvt Ltd,27AAAAA1714A1ZN
G_004476,68631.00,2025-08-17,INV/2025/74554,Vendor 4476 Pvt Ltd,27AAAAA8586A1ZV
G_004477,84321.00,2025-01-09,INV/2025/19519,Vendor 4477 Private Limited,27AAAAA4816A1ZE
G_004478,44650.00,2025-11-21,INV/2025/2729,Vendor 4478 Pvt Ltd,27AAAAA3456A1ZC
G_004479,64771.00,2025-05-21,INV/2025/23402,Vendor 4479 Private Limited,27AAAAA1591A1ZC
G_004480,19660.00,2025-04-03,INV/2025/22240,Vendor 4480 Pvt Ltd,27AAAAA6646A1Z6
G_004481,15706.00,2025-11-21,INV/2025/74504,Vendor 4481 Pvt Ltd,27AAAAA4454A1ZC
G_004482,1887.00,2025-09-13,INV/2025/84746,Vendor 4482 Pvt Ltd,27AAAAA1685A1Z9
G_004483,22745.00,2025-07-17,INV/2025/86355,Vendor 4483 Pvt Ltd,27AAAAA5287A1Z3
G_004484,47742.00,2025-05-03,,Vendor 4484 Pvt Ltd,27AAAAA8392A1ZZ
G_004485,3361.00,2025-12-24,INV/2025/43812,Vendor 4485 Pvt Ltd,27AAAAA5723A1ZE
G_004486,84248.00,2025-05-22,INV/2025/40986,Vendor 4486 Pvt Ltd,27AAAAA2507A1ZM
G_004487,53578.00,2025-12-14,INV/2025/66016,Vendor 4487 Pvt Ltd,27AAAAA7020A1ZK
G_004488,64711.00,2025-04-17,INV/2025/48433,Vendor 4488 Pvt Ltd Inc,27AAAAA9892A1ZS
G_004489,33442.00,2025-06-19,INV/2025/95968,Vendor 4489 Pvt Ltd,27AAAAA4585A1Z4
G_004490,72054.00,2025-10-02,INV/2025/87856,Vendor 4490 Pvt Ltd,27AAAAA9423A1Z9
G_004491,66511.00,2025-04-12,INV/2025/39885,None,27AAAAA5385A1Z4
G_004492,85940.00,2025-10-08,INV/2025/57224,None,27AAAAA6786A1ZX
G_004493,28389.00,2025-08-11,INV/2025/52332,Vendor 4493 Pvt Ltd,
G_004494,87000.00,2025-08-24,INV/2025/62965,Vendor 4494 Pvt Ltd,27AAAAA1480A1ZG
G_004495,79916.00,2025-05-29,INV/2025/32942,Vendor 4495 Pvt Ltd,27AAAAA9321A1ZC
G_004496,80064.00,2025-10-15,INV/2025/29631,vendor 4496 pvt ltd,27AAAAA7693A1ZX
G_004497,95625.00,2025-08-09,INV/2025/79258,None,27AAAAA4995A1ZY
G_004498,3217.00,2025-06-06,INV/2025/42828,Vendor 4498 Pvt Ltd,27AAAAA6833A1Z9
G_004499,69831.00,2025-05-18,INV/2025/53545,Vendor 4499 Pvt Ltd,27AAAAA3865A1Z7
G_004500,6802.00,2025-08-23,INV/2025/26830,Vendor 4500 Pvt Ltd,27AAAAA1134A1ZP
G_004501,74436.00,2025-01-24,INV/2025/92349,Vendor 4501 Pvt Ltd,27AAAAA4213A1ZN
G_004502,18696.00,2025-10-30,INV/2025/42252,Vendor 4502 Pvt Ltd,27AAAAA9028A1Z8
G_004503,87519.00,2025-11-18,INV/2025/90866,Vendor 4503 Pvt Ltd,27AAAAA6658A1Z2
G_004504,8414.00,2025-08-04,INV/2025/19049,Vendor 4504 Pvt Ltd,27AAAAA1468A1ZC
G_004505,46545.00,2025-01-20,INV/2025/89681,Vendor 4505 Pvt Ltd,27AAAAA2801A1ZP
G_004506,39408.00,2025-06-25,INV/2025/4035,VENDOR 4506 PVT LTD,27AAAAA1079A1ZD
G_004507,45112.00,2025-04-27,INV/2025/9484,Vendor 4507 Pvt Ltd,27AAAAA4436A1ZE
G_004508,89724.00,2025-12-18,INV/2025/89124,None,27AAAAA5338A1ZB
G_004509,81422.00,2025-06-19,INV/2025/25653,Vendor 4509 Pvt Ltd,27AAAAA9052A1Z8
G_004510,14737.00,2025-03-14,INV/2025/32326,VENDOR 4510 PVT LTD,27AAAAA2647A1ZD
G_004511,52673.00,2025-07-03,,Vendor 4511 Pvt Ltd,27AAAAA3733A1ZG
G_004512,72367.00,2025-08-11,INV/2025/89558,Vendor 4512 Pvt Ltd,27AAAAA3441A1ZJ
G_004513,14650.00,2025-12-21,INV/2025/7699,Vendor,27AAAAA6635A1Z9
G_004514,72714.00,2025-12-13,INV/2025/46887,Vendor 4514 Pvt Ltd,27AAAAA4152A1ZH
G_004515,34118.00,2025-11-20,,Vendor 4515 Pvt Ltd,27AAAAA2314A1ZP
G_004516,76724.00,2025-04-29,INV/2025/43490,Vendor 4516 Pvt Ltd,27AAAAA2324A1ZN
G_004517,45192.00,2025-07-03,INV/2025/41981,Vendor 4517 Pvt Ltd,27AAAAA5987A1ZW
G_004518,54872.00,2025-03-11,INV/2025/63115,Vendor 4518 Pvt Ltd,27AAAAA1512A1ZR
G_004519,59820.00,2025-04-13,INV/2025/33433,Vendor 4519 Pvt Ltd,27AAAAA7811A1ZD
G_004520,11486.00,2025-12-08,INV/2025/42610,Vendor 4520 Pvt Ltd,27AAAAA7933A1Z6
G_004521,99852.00,2025-08-06,,Vendor 4521 Pvt Ltd,27AAAAA3732A1ZH
G_004522,3867.00,2025-09-21,INV/2025/34756,VENDOR 4522 PVT LTD,27AAAAA7951A1Z4
G_004523,51513.00,2025-03-23,INV/2025/2850,Vendor 4523 Private Limited,27AAAAA8242A1ZA
G_004524,11088.00,2025-11-05,INV/2025/57555,Vendor 4524 Pvt Ltd,27AAAAA4834A1ZC
G_004525,81163.00,2025-11-03,,Vendor 4525 Pvt Ltd,27AAAAA4848A1Z6
G_004526,7874.00,2025-06-09,INV/2025/44986,Vendor 4526 Pvt Ltd,27AAAAA9094A1ZY
G_004527,18823.00,2025-03-06,INV/2025/89759,Vendor 4527 Pvt Ltd,27AAAAA9844A1Z0
G_004528,45614.00,2025-04-21,INV/2025/37752,Vendor 4528 Pvt Ltd,27AAAAA2637A1ZF
G_004529,5143.00,2025-06-07,INV/2025/66808,Vendor 4529 Pvt Ltd,27AAAAA9693A1ZT
G_004530,85324.00,2025-03-19,INV/2025/8495,Vendor 4530 Pvt Ltd,27AAAAA5780A1Z5
G_004531,52625.00,2025-06-02,INV/2025/49007,Vendor 4531 Pvt Ltd,27AAAAA4969A1Z0
G_004532,94780.00,2025-05-02,INV/2025/15033,Vendor 4532 Pvt Ltd,27AAAAA3878A1Z2
G_004533,48738.00,2025-08-15,INV/2025/50623,Vendor 4533 Pvt Ltd,27AAAAA6927A1Z6
G_004534,14544.00,2025-06-19,INV/2025/39378,vendor 4534 pvt ltd,27AAAAA2047A1ZJ
G_004535,25538.00,2025-02-13,,Vendor 4535 Pvt Ltd,27AAAAA5239A1ZB
G_004536,32701.00,2025-08-12,INV/2025/81614,Vendor 4536 Pvt Ltd,27AAAAA5901A1ZI
G_004537,5098.00,2025-12-18,,Vendor 4537 Pvt Ltd,27AAAAA2385A1ZA
G_004538,63492.00,2025-03-02,INV/2025/89893,Vendor 4538 Pvt Ltd Inc,27AAAAA8926A1Z3
G_004539,89664.00,2025-10-27,,Vendor 4539 Pvt Ltd,27AAAAA3409A1ZJ
G_004540,51195.00,2025-06-23,,Vendor 4540 Pvt Ltd,27AAAAA3072A1ZG
G_004541,66846.00,2025-02-27,INV/2025/57015,Vendor 4541 Pvt Ltd,27AAAAA3649A1Z9
G_004542,95933.00,2025-09-15,INV/2025/65116,Vendor 4542 Pvt Ltd,27AAAAA1877A1Z7
G_004543,12938.00,2025-10-31,INV/2025/73082,Vendor 4543 Pvt Ltd,27AAAAA3567A1Z8
G_004544,42339.00,2025-08-15,INV/2025/29551,Vendor,27AAAAA2237A1ZJ
G_004545,3626.00,2025-07-03,INV/2025/18944,vendor 4545 pvt ltd,27AAAAA2866A1Z8
G_004546,58043.00,2025-11-26,INV/2025/39275,Vendor 4546 Pvt Ltd,27AAAAA1016A1ZS
G_004547,49010.00,2025-04-11,INV/2025/8402,Vendor 4547 Pvt Ltd,27AAAAA2326A1ZL
G_004548,23376.00,2025-01-04,INV/2025/18161,Vendor 4548 Pvt Ltd,27AAAAA1169A1ZE
G_004549,73560.00,2025-09-11,INV/2025/73738,Vendor 4549 PVT LTD,27AAAAA4998A1ZV
G_004550,83717.00,2025-06-27,INV/2025/8246,Vendor 4550 Pvt Ltd,27AAAAA6073A1Z9
G_004551,59421.00,2025-07-23,INV/2025/7190,Vendor 4551 Pvt Ltd,27AAAAA7549A1Z2
G_004552,1216.00,2025-11-06,INV/2025/95218,Vendor 4552 Pvt Ltd,27AAAAA5459A1Z5
G_004553,89152.00,2025-06-28,INV/2025/40006,VENDOR 4553 PVT LTD,27AAAAA8524A1Z9
G_004554,31569.00,2025-08-06,INV/2025/72002,Vendor 4554 Private Limited,27AAAAA3395A1Z6
G_004555,72118.00,2025-12-07,INV/2025/18322,Vendor 4555 Pvt Ltd,27AAAAA4990A1Z3
G_004556,13224.00,2025-05-05,INV/2025/33055,Vendor 4556 Pvt Ltd,27AAAAA6137A1ZC
G_004557,40798.00,2025-03-23,INV/2025/20516,Vendor 4557 Pvt Ltd,27AAAAA9937A1ZY
G_004558,22258.00,2025-07-05,INV/2025/31939,Vendor 4558 Pvt Ltd,27AAAAA9960A1ZZ
G_004559,89902.00,2025-02-09,INV/2025/99600,VENDOR 4559 PVT LTD,27AAAAA4227A1ZH
G_004560,29232.00,2025-08-01,INV/2025/2184,Vendor 4560 Pvt Ltd,27AAAAA7735A1Z6
G_004561,85101.00,2025-12-26,,Vendor 4561 Pvt Ltd,27AAAAA2408A1ZM
G_004562,122320.00,2025-09-19,INV/2025/78661,Vendor 4562 Pvt Ltd,27AAAAA1206A1ZS
G_004563,6151.00,2025-01-22,INV/2025/4032,Vendor 4563 Pvt Ltd,27AAAAA4017A1ZL
G_004564,6700.00,2025-08-31,INV/2025/2158,Vendor 4564 Pvt Ltd,27AAAAA2633A1ZJ
G_004565,147164.00,2025-07-06,INV/2025/4615,Vendor 4565 Pvt Ltd,27AAAAA5407A1ZH
G_004566,13757.00,2025-04-03,INV/2025/29402,Vendor 4566 Pvt Ltd,27AAAAA6253A1ZB
G_004567,14534.00,2025-10-27,INV/2025/99759,Vendor 4567 Pvt Ltd,27AAAAA2325A1ZM
G_004568,47522.00,2025-05-13,INV/2025/48627,Vendor 4568 Pvt Ltd,27AAAAA5979A1ZW
G_004569,45204.00,2025-06-23,INV/2025/52050,Vendor 4569 Pvt Ltd,
G_004570,10356.00,2025-05-01,INV/2025/58565,Vendor 4570 Pvt Ltd,27AAAAA9167A1Z0
G_004571,90290.00,2025-12-12,INV/2025/66670,None,27AAAAA2905A1ZK
G_004572,31625.00,2025-10-27,INV/2025/47448,Vendor 4572 Pvt Ltd,27AAAAA7973A1ZY
G_004573,50127.00,2025-08-14,INV/2025/72290,Vendor 4573 Pvt Ltd,27AAAAA7581A1Z2
G_004574,64904.00,2025-04-17,INV/2025/61131,Vendor 4574 Pvt Ltd,27AAAAA6954A1Z3
G_004575,62729.00,2025-05-27,INV/2025/7099,Vendor 4575 Pvt Ltd,27AAAAA9597A1ZQ
G_004576,87553.00,2025-07-14,INV/2025/10023,Vendor 4576 Pvt Ltd,27AAAAA5729A1Z8
G_004577,23156.00,2025-09-11,INV/2025/56608,Vendor 4577 Pvt Ltd,27AAAAA7246A1Z8
G_004578,89225.00,2025-02-26,INV/2025/10387,Vendor 4578 Pvt Ltd,27AAAAA2585A1Z8
G_004579,82178.00,2025-12-10,INV/2025/14404,Vendor 4579 Pvt Ltd,27AAAAA3852A1ZC
G_004580,14871.00,2025-11-04,,Vendor 4580 Pvt Ltd,27AAAAA4715A1ZG
G_004581,54581.00,2025-05-15,INV/2025/63809,Vendor 4581 Pvt Ltd,27AAAAA4394A1Z5
G_004582,49528.00,2025-10-03,INV/2025/75105,Vendor 4582 Pvt Ltd,27AAAAA6131A1ZI
G_004583,2963.00,2025-04-21,INV/2025/50467,None,27AAAAA8914A1Z7
G_004584,3810.00,2025-05-23,INV/2025/71947,Vendor 4584 Pvt Ltd,27AAAAA1048A1ZK
G_004585,52733.00,2025-04-27,INV/2025/91452,Vendor 4585 Pvt Ltd,
G_004586,97987.00,2025-03-16,,Vendor 4586 Pvt Ltd,27AAAAA3967A1Z4
G_004587,63349.00,2025-01-30,INV/2025/51240,Vendor 4587 Pvt Ltd,27AAAAA3747A1ZA
G_004588,5825.00,2025-05-16,INV/2025/7537,Vendor 4588 Pvt Ltd,27AAAAA2055A1ZJ
G_004589,75991.00,2025-02-18,INV/2025/11742,Vendor 4589 PVT LTD,27AAAAA3378A1Z7
G_004590,36900.00,2025-09-03,INV/2025/17263,Vendor 4590 Private Limited,27AAAAA3570A1ZD
G_004591,117206.00,2025-12-23,INV/2025/77465,Vendor 4591 Pvt Ltd,27AAAAA2871A1ZB
G_004592,43965.00,2025-12-13,INV/2025/59746,vendor 4592 pvt ltd,27AAAAA8871A1ZZ
G_004593,86105.00,2025-05-10,INV/2025/76569,Vendor 4593 Pvt Ltd,27AAAAA9530A1Z9
G_004594,81925.00,2025-11-04,INV/2025/8455,Vendor 4594 Pvt Ltd,27AAAAA8353A1Z6
G_004595,14053.00,2025-09-09,INV/2025/17284,Vendor 4595 Pvt Ltd,27AAAAA3208A1ZM
G_004596,44107.00,2025-08-02,INV/2025/47654,Vendor 4596 Private Limited,27AAAAA7704A1ZD
G_004597,86988.00,2025-02-22,INV/2025/2233,Vendor 4597 Pvt Ltd,27AAAAA9757A1ZW
G_004598,53365.00,2025-05-05,,Vendor 4598 Pvt Ltd,27AAAAA6134A1ZF
G_004599,22141.00,2025-11-02,,Vendor 4599 Pvt Ltd,27AAAAA2542A1ZJ
G_004600,58903.00,2025-04-02,,Vendor 4600 Pvt Ltd,27AAAAA6773A1Z2
G_004601,78308.00,2025-06-06,INV/2025/80796,Vendor 4601 Pvt Ltd,27AAAAA7857A1ZZ
G_004602,9410.00,2025-02-15,INV/2025/76229,Vendor 4602 Pvt Ltd,27AAAAA1877A1Z7
G_004603,183096.00,2025-01-25,INV/2025/15919,Vendor 4603 Pvt Ltd,27AAAAA3731A1ZI
G_004604,55939.00,2025-09-10,INV/2025/46620,Vendor 4604 Pvt Ltd,27AAAAA2259A1ZD
G_004605,15162.00,2025-07-19,INV/2025/30072,Vendor 4605 Pvt Ltd,
G_004606,31829.00,2025-02-09,INV/2025/62630,VENDOR 4606 PVT LTD,27AAAAA2974A1Z7
G_004607,98969.00,2025-01-24,INV/2025/41694,None,27AAAAA1600A1ZU
G_004608,88253.00,2025-03-25,INV/2025/79823,Vendor 4608 Pvt Ltd,27AAAAA8802A1ZC
G_004609,43734.00,2025-09-15,INV/2025/30479,Vendor 4609 Pvt Ltd,27AAAAA9452A1Z4
G_004610,89239.00,2025-11-03,INV/2025/77807,None,27AAAAA4840A1ZE
G_004611,36597.00,2025-04-22,INV/2025/80135,Vendor 4611 PVT LTD,27AAAAA8894A1ZS
G_004612,13972.00,2025-08-13,INV/2025/36694,Vendor 4612 Pvt Ltd,27AAAAA6603A1ZH
G_004613,42393.00,2025-10-13,INV/2025/9751,None,27AAAAA4018A1ZK
G_004614,64788.00,2025-08-04,,Vendor 4614 Pvt Ltd,27AAAAA5162A1ZD
G_004615,92724.00,2025-04-07,INV/2025/54191,Vendor 4615 Pvt Ltd,27AAAAA9880A1ZW
G_004616,47024.00,2025-05-13,INV/2025/13801,Vendor 4616 Pvt Ltd,
G_004617,30738.00,2025-02-18,INV/2025/42150,Vendor 4617 Pvt Ltd,27AAAAA6215A1ZH
G_004618,1237.00,2025-08-29,INV/2025/79356,Vendor 4618 Pvt Ltd,27AAAAA4970A1Z7
G_004619,81595.00,2025-01-24,INV/2025/86277,vendor 4619 pvt ltd,27AAAAA6532A1ZD
G_004620,76029.00,2025-10-03,INV/2025/61924,Vendor 4620 Pvt Ltd,27AAAAA6936A1Z5
G_004621,73815.00,2025-11-09,,Vendor 4621 Pvt Ltd,27AAAAA1526A1ZL
G_004622,63467.00,2025-11-22,INV/2025/25665,Vendor 4622 Pvt Ltd,27AAAAA8551A1Z6
G_004623,54958.00,2025-07-25,INV/2025/67613,Vendor 4623 Pvt Ltd,27AAAAA2522A1ZN
G_004624,81587.00,2025-08-29,,Vendor 4624 Pvt Ltd,27AAAAA4535A1ZE
G_004625,90855.00,2025-03-11,INV/2025/16862,Vendor 4625 Pvt Ltd,27AAAAA8835A1Z3
G_004626,1568.00,2025-12-28,INV/2025/24626,Vendor 4626 Pvt Ltd,27AAAAA5812A1ZG
G_004627,96434.00,2025-05-19,INV/2025/13328,VENDOR 4627 PVT LTD,27AAAAA3797A1Z0
G_004628,8138.00,2025-07-30,,Vendor 4628 Pvt Ltd,27AAAAA4760A1ZB
G_004629,56969.00,2025-06-10,,Vendor 4629 Pvt Ltd,27AAAAA4845A1Z9
G_004630,13191.00,2025-11-29,INV/2025/41632,Vendor 4630 Pvt Ltd,27AAAAA9917A1Z2
G_004631,20455.00,2025-12-09,INV/2025/88576,Vendor 4631 Pvt Ltd,27AAAAA5435A1ZD
G_004632,98920.00,2025-07-08,INV/2025/1959,Vendor 4632 Pvt Ltd Inc,27AAAAA5008A1ZK
G_004633,92053.00,2025-02-16,INV/2025/16468,VENDOR 4633 PVT LTD,27AAAAA6751A1Z8
G_004634,44187.00,2025-08-02,INV/2025/36909,Vendor 4634 Pvt Ltd,27AAAAA2067A1ZF
G_004635,13606.00,2025-06-08,INV/2025/65879,Vendor 4635 Pvt Ltd,27AAAAA5669A1Z1
G_004636,25334.00,2025-08-28,INV/2025/6102,Vendor 4636 Pvt Ltd,27AAAAA2064A1ZI
G_004637,39432.00,2025-06-16,INV/2025/13234,VENDOR 4637 PVT LTD,27AAAAA3199A1Z4
G_004638,50633.00,2025-02-08,,Vendor 4638 Pvt Ltd,27AAAAA3934A1ZD
G_004639,84379.00,2025-04-13,INV/2025/42721,Vendor 4639 Pvt Ltd,27AAAAA1445A1ZJ
G_004640,98318.00,2025-10-23,,Vendor 4640 Pvt Ltd,27AAAAA3969A1Z2
G_004641,31802.00,2025-09-03,INV/2025/51099,Vendor 4641 Pvt Ltd,27AAAAA3859A1Z5
G_004642,78736.00,2025-03-30,INV/2025/23004,Vendor 4642 PVT LTD,27AAAAA7937A1Z2
G_004643,12325.00,2025-10-19,INV/2025/33774,Vendor 4643 Pvt Ltd,27AAAAA7286A1Z0
G_004644,98993.00,2025-04-09,INV/2025/80800,None,27AAAAA9876A1ZS
G_004645,40148.00,2025-03-06,INV/2025/37758,None,27AAAAA4776A1Z3
G_004646,49716.00,2025-08-06,INV/2025/89257,Vendor 4646 Pvt Ltd,27AAAAA1036A1ZO
G_004647,53854.00,2025-04-08,INV/2025/27420,Vendor 4647 Pvt Ltd,
G_004648,31312.00,2025-05-12,INV/2025/28353,Vendor 4648 Pvt Ltd,27AAAAA4769A1Z2
G_004649,50071.00,2025-08-12,INV/2025/81254,Vendor 4649 Pvt Ltd,27AAAAA9631A1Z7
G_004650,47544.00,2025-05-28,INV/2025/24033,Vendor 4650 Pvt Ltd,27AAAAA8121A1ZG
G_004651,50394.00,2025-11-14,INV/2025/18504,Vendor 4651 Pvt Ltd Inc,27AAAAA3893A1Z3
G_004652,26865.00,2025-06-24,INV/2025/3845,Vendor 4652 Pvt Ltd Inc,27AAAAA5407A1ZH
G_004653,81556.00,2025-07-11,INV/2025/80793,Vendor 4653 Pvt Ltd,27AAAAA9569A1ZU
G_004654,82879.00,2025-01-05,INV/2025/33602,None,27AAAAA8857A1ZX
G_004655,37243.00,2025-06-17,INV/2025/28463,Vendor 4655 Pvt Ltd,27AAAAA7913A1ZA
G_004656,53165.00,2025-06-18,INV/2025/6872,Vendor 4656 Pvt Ltd,27AAAAA8705A1ZA
G_004657,52998.00,2025-01-03,INV/2025/5932,Vendor 4657 Pvt Ltd,27AAAAA9569A1ZU
G_004658,72252.00,2025-09-18,INV/2025/60680,Vendor 4658 Pvt Ltd,27AAAAA3234A1ZK
G_004659,97037.00,2025-11-09,INV/2025/85548,Vendor 4659 Pvt Ltd,27AAAAA5666A1Z4
G_004660,56421.00,2025-08-19,INV/2025/78207,VENDOR 4660 PVT LTD,27AAAAA8104A1ZH
G_004661,53653.00,2025-12-25,INV/2025/14958,Vendor 4661 Pvt Ltd,27AAAAA1268A1ZE
G_004662,56884.00,2025-10-27,INV/2025/7748,Vendor 4662 Pvt Ltd,27AAAAA1364A1ZH
G_004663,10852.00,2025-02-11,,Vendor 4663 Pvt Ltd,27AAAAA8214A1ZE
G_004664,34271.00,2025-08-18,INV/2025/14451,Vendor 4664 Pvt Ltd,27AAAAA9578A1ZT
G_004665,54997.00,2025-08-10,INV/2025/96406,Vendor 4665 Pvt Ltd,27AAAAA6873A1Z1
G_004666,71248.00,2025-09-16,,Vendor 4666 Pvt Ltd,27AAAAA2254A1ZI
G_004667,64508.00,2025-12-06,INV/2025/39342,Vendor 4667 Pvt Ltd,27AAAAA7297A1ZX
G_004668,26892.00,2025-05-26,INV/2025/92002,Vendor 4668 Pvt Ltd,27AAAAA3960A1ZB
G_004669,75529.00,2025-09-22,INV/2025/43947,Vendor 4669 Pvt Ltd,27AAAAA8126A1ZB
G_004670,42594.00,2025-01-09,INV/2025/85634,Vendor 4670 Pvt Ltd,27AAAAA5558A1Z5
G_004671,63600.00,2025-06-25,INV/2025/41745,Vendor 4671 Pvt Ltd,27AAAAA4757A1Z6
G_004672,23423.00,2025-10-15,INV/2025/57968,Vendor 4672 Pvt Ltd,27AAAAA5330A1ZJ
G_004673,77147.00,2025-03-27,INV/2025/44402,Vendor 4673 Pvt Ltd,27AAAAA1545A1ZI
G_004674,7400.00,2025-12-16,INV/2025/32551,None,27AAAAA6413A1ZH
G_004675,56176.00,2025-03-30,,Vendor 4675 Pvt Ltd,27AAAAA9036A1Z8
G_004676,82568.00,2025-07-30,INV/2025/33685,Vendor 4676 Pvt Ltd Inc,27AAAAA2168A1ZD
G_004677,73406.00,2025-01-27,INV/2025/88972,Vendor 4677 Pvt Ltd,27AAAAA7671A1Z3
G_004678,29032.00,2025-01-10,INV/2025/95383,Vendor 4678 Pvt Ltd,27AAAAA2301A1ZU
G_004679,57676.00,2025-10-09,INV/2025/76773,Vendor 4679 Pvt Ltd,27AAAAA3315A1ZM
G_004680,301.00,2025-05-31,,Vendor 4680 Pvt Ltd,27AAAAA4414A1ZK
G_004681,92913.00,2025-09-08,INV/2025/61249,Vendor 4681 Pvt Ltd,27AAAAA3415A1ZL
G_004682,6492.00,2025-04-21,INV/2025/51763,Vendor 4682 Pvt Ltd,27AAAAA8779A1ZS
G_004683,98057.00,2025-08-05,INV/2025/29263,Vendor 4683 Pvt Ltd,27AAAAA4183A1ZA
G_004684,82526.00,2025-11-01,INV/2025/34838,Vendor 4684 Pvt Ltd,27AAAAA4461A1ZD
G_004685,98038.00,2025-05-06,INV/2025/31491,Vendor 4685 Pvt Ltd,27AAAAA7185A1Z2
G_004686,25813.00,2025-04-24,INV/2025/49599,Vendor 4686 Pvt Ltd,27AAAAA3466A1ZA
G_004687,93693.00,2025-01-25,,Vendor 4687 Pvt Ltd,27AAAAA8811A1ZB
G_004688,39612.00,2025-05-24,INV/2025/47835,Vendor 4688 Pvt Ltd,27AAAAA8315A1ZC
G_004689,88600.00,2025-07-31,INV/2025/18813,Vendor 4689 Pvt Ltd,27AAAAA3835A1ZD
G_004690,70640.00,2025-06-10,INV/2025/92307,Vendor 4690 Pvt Ltd,27AAAAA8282A1Z2
G_004691,65098.00,2025-05-16,,Vendor 4691 Pvt Ltd,27AAAAA9001A1ZJ
G_004692,89771.00,2025-05-27,INV/2025/86205,Vendor 4692 Pvt Ltd,27AAAAA5466A1Z6
G_004693,93536.00,2025-06-21,INV/2025/19132,None,27AAAAA9231A1ZB
G_004694,33360.00,2025-01-15,INV/2025/99728,Vendor 4694 Pvt Ltd,27AAAAA8531A1ZA
G_004695,36982.00,2025-01-13,,Vendor 4695 Pvt Ltd,27AAAAA8787A1ZS
G_004696,55314.00,2025-08-28,INV/2025/47490,Vendor 4696 Pvt Ltd,27AAAAA8864A1ZY
G_004697,26277.00,2025-06-02,INV/2025/12569,Vendor 4697 Pvt Ltd,27AAAAA6746A1Z5
G_004698,85524.00,2025-04-17,INV/2025/8785,Vendor 4698 Private Limited,27AAAAA4402A1ZO
G_004699,74938.00,2025-05-23,INV/2025/97793,Vendor 4699 Pvt Ltd,27AAAAA1762A1ZF
G_004700,46901.00,2025-09-17,INV/2025/20662,Vendor 4700 Pvt Ltd,27AAAAA7527A1Z8
G_004701,45110.00,2025-05-06,,Vendor 4701 Pvt Ltd,27AAAAA5315A1ZI
G_004702,48001.00,2025-05-06,,Vendor 4702 Pvt Ltd,27AAAAA7924A1Z7
G_004703,54051.00,2025-08-09,INV/2025/5180,vendor 4703 pvt ltd,27AAAAA3132A1ZN
G_004704,34208.00,2025-08-27,,Vendor 4704 Pvt Ltd,27AAAAA1603A1ZR
G_004705,9293.00,2025-01-31,INV/2025/97418,Vendor 4705 Pvt Ltd,27AAAAA2289A1Z7
G_004706,55335.00,2025-02-09,INV/2025/11310,None,27AAAAA6925A1Z8
G_004707,41303.00,2025-02-11,INV/2025/12372,vendor 4707 pvt ltd,27AAAAA7538A1Z5
G_004708,28285.00,2025-08-18,INV/2025/37265,Vendor 4708 Pvt Ltd,27AAAAA9231A1ZB
G_004709,61754.00,2025-08-18,,Vendor 4709 Pvt Ltd,27AAAAA6020A1ZM
G_004710,67093.00,2025-09-07,INV/2025/88677,Vendor 4710 Pvt Ltd,27AAAAA7690A1Z0
G_004711,52515.00,2025-12-10,,Vendor 4711 Pvt Ltd,27AAAAA7743A1Z6
G_004712,19401.00,2025-12-29,INV/2025/81492,Vendor 4712 Pvt Ltd,27AAAAA9971A1ZW
G_004713,48447.00,2025-07-26,,Vendor 4713 Pvt Ltd,27AAAAA3181A1ZE
G_004714,69142.00,2025-11-25,INV/2025/82110,Vendor 4714 Pvt Ltd,27AAAAA1274A1ZG
G_004715,181512.00,2025-04-29,INV/2025/1473,Vendor 4715 Pvt Ltd,27AAAAA4812A1ZI
G_004716,37556.00,2025-01-09,INV/2025/42359,Vendor 4716 Pvt Ltd,27AAAAA7927A1Z4
G_004717,81776.00,2025-10-01,INV/2025/56355,Vendor 4717 Pvt Ltd,27AAAAA4964A1Z5
G_004718,7282.00,2025-07-01,INV/2025/9812,Vendor 4718 Pvt Ltd,27AAAAA5151A1ZG
G_004719,49395.00,2025-01-17,INV/2025/41413,Vendor 4719 Pvt Ltd,27AAAAA7365A1Z4
G_004720,28046.00,2025-10-10,INV/2025/78434,Vendor 4720 Pvt Ltd,27AAAAA9197A1ZU
G_004721,59764.00,2025-06-03,INV/2025/40642,Vendor 4721 Pvt Ltd,27AAAAA6362A1Z9
G_004722,13615.00,2025-01-09,,Vendor 4722 Pvt Ltd,27AAAAA5620A1ZI
G_004723,66232.00,2025-09-04,INV/2025/85559,Vendor 4723 Pvt Ltd,27AAAAA4701A1ZM
G_004724,70522.00,2025-12-16,INV/2025/92708,Vendor 4724 Pvt Ltd,27AAAAA2344A1ZJ
G_004725,62892.00,2025-06-04,INV/2025/13518,Vendor 4725 Pvt Ltd,27AAAAA9141A1ZA
G_004726,10107.00,2025-09-16,INV/2025/89383,Vendor 4726 Pvt Ltd,27AAAAA7004A1ZK
G_004727,49106.00,2025-04-11,,Vendor 4727 Pvt Ltd,27AAAAA9423A1Z9
G_004728,70159.00,2025-02-10,INV/2025/46778,Vendor 4728 Pvt Ltd,27AAAAA6214A1ZI
G_004729,70612.00,2025-07-06,INV/2025/84584,Vendor 4729 Pvt Ltd,27AAAAA9638A1Z0
G_004730,45153.00,2025-11-15,INV/2025/82248,Vendor 4730 Pvt Ltd,27AAAAA6371A1Z8
G_004731,92621.00,2025-12-13,,Vendor 4731 Pvt Ltd,27AAAAA5973A1Z2
G_004732,43392.00,2025-07-04,INV/2025/69003,Vendor 4732 Pvt Ltd,
G_004733,45341.00,2025-11-14,INV/2025/24306,Vendor 4733 Pvt Ltd,27AAAAA8548A1Z1
G_004734,77117.00,2025-04-23,INV/2025/41769,VENDOR 4734 PVT LTD,27AAAAA2590A1ZB
G_004735,96089.00,2025-01-29,,Vendor 4735 Pvt Ltd,27AAAAA1672A1ZE
G_004736,50586.00,2025-04-07,INV/2025/34962,Vendor 4736 Pvt Ltd,27AAAAA5230A1ZK
G_004737,40962.00,2025-03-22,INV/2025/14473,Vendor 4737 Pvt Ltd Inc,27AAAAA3835A1ZD
G_004738,6918.00,2025-10-28,,Vendor 4738 Pvt Ltd,27AAAAA4967A1Z2
G_004739,41308.00,2025-03-21,,Vendor 4739 Pvt Ltd,27AAAAA9437A1Z3
G_004740,38860.00,2025-07-25,INV/2025/12550,Vendor 4740 Pvt Ltd,27AAAAA2427A1ZJ
G_004741,47606.00,2025-04-11,,Vendor 4741 Pvt Ltd,27AAAAA6838A1Z4
G_004742,24978.00,2025-01-31,INV/2025/41279,Vendor 4742 Pvt Ltd,27AAAAA1638A1ZG
G_004743,11627.00,2025-12-10,INV/2025/94350,Vendor 4743 Pvt Ltd,27AAAAA9729A1Z0
G_004744,47359.00,2025-11-11,INV/2025/72962,Vendor 4744 Pvt Ltd,27AAAAA7672A1Z2
G_004745,59949.00,2025-07-28,INV/2025/98179,Vendor 4745 Pvt Ltd,27AAAAA6004A1ZM
G_004746,15786.00,2025-10-13,,Vendor 4746 Pvt Ltd,27AAAAA5973A1Z2
G_004747,18628.00,2025-07-28,,Vendor 4747 Pvt Ltd,27AAAAA2610A1ZQ
G_004748,20114.00,2025-01-29,INV/2025/55653,Vendor 4748 Pvt Ltd,27AAAAA6590A1Z3
G_004749,3102.00,2025-08-03,,Vendor 4749 Pvt Ltd,27AAAAA2687A1Z5
G_004750,90542.00,2025-11-12,INV/2025/13226,Vendor 4750 Pvt Ltd,27AAAAA7234A1ZC
G_004751,83520.00,2025-03-09,INV/2025/21976,Vendor 4751 PVT LTD,27AAAAA9625A1Z5
G_004752,53118.00,2025-10-02,INV/2025/19532,Vendor 4752 Pvt Ltd,27AAAAA3023A1ZP
G_004753,20015.00,2025-12-18,INV/2025/11973,Vendor,27AAAAA3063A1ZH
G_004754,22447.00,2025-11-29,INV/2025/50942,Vendor 4754 Pvt Ltd,
G_004755,4094.00,2025-09-28,INV/2025/26369,Vendor,27AAAAA3392A1Z9
G_004756,97847.00,2025-01-02,INV/2025/2457,Vendor 4756 Pvt Ltd,27AAAAA2414A1ZO
G_004757,64623.00,2025-03-08,INV/2025/18389,Vendor,27AAAAA6762A1Z5
G_004758,20796.00,2025-03-16,INV/2025/4998,Vendor 4758 Pvt Ltd,27AAAAA4297A1Z3
G_004759,35139.00,2025-10-14,INV/2025/45512,vendor 4759 pvt ltd,27AAAAA8590A1ZZ
G_004760,73041.00,2025-08-26,INV/2025/17003,Vendor 4760 Pvt Ltd,27AAAAA4135A1ZI
G_004761,43966.00,2025-04-06,INV/2025/95007,Vendor 4761 Pvt Ltd,27AAAAA9384A1ZX
G_004762,92701.00,2025-03-17,,Vendor 4762 Pvt Ltd,27AAAAA1377A1ZC
G_004763,5856.00,2025-05-28,INV/2025/73406,Vendor 4763 Pvt Ltd,27AAAAA7227A1ZB
G_004764,68920.00,2025-01-07,INV/2025/55854,Vendor 4764 Pvt Ltd,27AAAAA3980A1Z7
G_004765,59233.00,2025-07-24,,Vendor 4765 Pvt Ltd,27AAAAA5317A1ZG
G_004766,94211.00,2025-10-24,INV/2025/4053,Vendor 4766 Pvt Ltd,27AAAAA1682A1ZC
G_004767,95609.00,2025-10-27,INV/2025/67199,Vendor 4767 Pvt Ltd,27AAAAA9235A1Z7
G_004768,26869.00,2025-01-19,,Vendor 4768 Pvt Ltd,27AAAAA5253A1ZD
G_004769,56646.00,2025-03-10,INV/2025/29908,Vendor,27AAAAA6806A1ZC
G_004770,58138.00,2025-07-15,INV/2025/46559,Vendor 4770 Pvt Ltd,27AAAAA9363A1Z2
G_004771,9808.00,2025-04-16,INV/2025/52033,Vendor 4771 Private Limited,27AAAAA4893A1Z1
G_004772,18194.00,2025-10-30,,Vendor 4772 Pvt Ltd,27AAAAA3096A1Z8
G_004773,72977.00,2025-07-15,,Vendor 4773 Pvt Ltd,27AAAAA4170A1ZF
G_004774,174632.00,2025-08-17,INV/2025/11438,Vendor 4774 Pvt Ltd,27AAAAA5539A1Z8
G_004775,54546.00,2025-06-18,INV/2025/16892,Vendor 4775 Pvt Ltd,27AAAAA1273A1ZH
G_004776,77021.00,2025-06-15,INV/2025/96663,Vendor 4776 Pvt Ltd,27AAAAA9536A1Z3
G_004777,40476.00,2025-02-07,INV/2025/78217,Vendor 4777 Pvt Ltd,27AAAAA5748A1Z5
G_004778,47507.00,2025-04-30,INV/2025/41321,Vendor 4778 Pvt Ltd,27AAAAA1782A1ZB
G_004779,12286.00,2025-07-29,INV/2025/63158,Vendor 4779 Pvt Ltd,27AAAAA6872A1Z2
G_004780,95613.00,2025-04-24,INV/2025/17527,Vendor,27AAAAA6429A1Z9
G_004781,67016.00,2025-09-22,INV/2025/53954,Vendor 4781 Pvt Ltd,
G_004782,49907.00,2025-12-19,INV/2025/87616,Vendor 4782 Pvt Ltd,27AAAAA6435A1ZB
G_004783,87070.00,2025-12-06,INV/2025/71096,None,27AAAAA7022A1ZI
G_004784,21695.00,2025-10-02,INV/2025/1211,Vendor 4784 Pvt Ltd,27AAAAA9610A1ZC
G_004785,49057.00,2025-04-18,INV/2025/6470,Vendor 4785 Pvt Ltd,27AAAAA5021A1ZN
G_004786,56080.00,2025-10-02,INV/2025/96353,Vendor 4786 Pvt Ltd,27AAAAA6617A1ZB
G_004787,63664.00,2025-07-29,INV/2025/84773,Vendor 4787 Pvt Ltd,27AAAAA7920A1ZB
G_004788,36609.00,2025-06-15,INV/2025/73307,Vendor 4788 Pvt Ltd,27AAAAA7540A1ZB
G_004789,75405.00,2025-06-16,INV/2025/76345,Vendor 4789 Pvt Ltd,27AAAAA5599A1ZW
G_004790,46946.00,2025-11-22,INV/2025/27301,Vendor 4790 Pvt Ltd,27AAAAA4785A1Z2
G_004791,89711.00,2025-12-30,INV/2025/44221,Vendor 4791 PVT LTD,27AAAAA6646A1Z6
G_004792,36084.00,2025-10-03,INV/2025/93869,Vendor 4792 Pvt Ltd,27AAAAA9004A1ZG
G_004793,92604.00,2025-11-22,,Vendor 4793 Pvt Ltd,27AAAAA2054A1ZK
G_004794,112538.00,2025-08-16,INV/2025/43366,Vendor 4794 Pvt Ltd,27AAAAA3563A1ZC
G_004795,55727.00,2025-05-12,INV/2025/44862,Vendor 4795 Pvt Ltd,27AAAAA9077A1ZZ
G_004796,41820.00,2025-02-06,INV/2025/47948,Vendor 4796 Pvt Ltd,27AAAAA6826A1Z8
G_004797,57850.00,2025-09-29,INV/2025/79492,Vendor 4797 Pvt Ltd,27AAAAA7607A1ZB
G_004798,6630.00,2025-10-17,INV/2025/28072,Vendor 4798 Pvt Ltd,27AAAAA1130A1ZT
G_004799,16196.00,2025-02-26,INV/2025/52904,Vendor 4799 Pvt Ltd,27AAAAA4009A1ZL
G_004800,75545.00,2025-09-01,INV/2025/86486,Vendor 4800 PVT LTD,27AAAAA6362A1Z9
G_004801,33296.00,2025-09-26,INV/2025/37800,Vendor 4801 Pvt Ltd,27AAAAA3368A1Z9
G_004802,62961.00,2025-07-15,INV/2025/54767,VENDOR 4802 PVT LTD,27AAAAA3742A1ZF
G_004803,57233.00,2025-12-02,INV/2025/91984,Vendor 4803 Pvt Ltd,27AAAAA5162A1ZD
G_004804,4503.00,2025-05-21,INV/2025/2062,Vendor 4804 Pvt Ltd,27AAAAA9292A1ZY
G_004805,9535.00,2025-06-20,INV/2025/29727,Vendor 4805 Pvt Ltd,27AAAAA1082A1ZI
G_004806,52415.00,2025-07-24,INV/2025/98893,Vendor 4806 Pvt Ltd,27AAAAA9634A1Z4
G_004807,34337.00,2025-05-20,,Vendor 4807 Pvt Ltd,27AAAAA6346A1Z9
G_004808,51604.00,2025-01-21,,Vendor 4808 Pvt Ltd,27AAAAA3527A1ZG
G_004809,98108.00,2025-07-26,INV/2025/83967,Vendor 4809 Pvt Ltd,27AAAAA5379A1Z2
G_004810,98323.00,2025-04-16,,Vendor 4810 Pvt Ltd,27AAAAA6451A1ZB
G_004811,81895.00,2025-10-21,INV/2025/9253,Vendor 4811 Pvt Ltd,27AAAAA5897A1ZV
G_004812,91694.00,2025-07-29,INV/2025/59254,Vendor 4812 Pvt Ltd,27AAAAA9695A1ZR
G_004813,47866.00,2025-01-22,,Vendor 4813 Pvt Ltd,27AAAAA9213A1ZD
G_004814,42171.00,2025-11-29,INV/2025/87030,Vendor 4814 Pvt Ltd,27AAAAA6855A1Z3
G_004815,88387.00,2025-09-12,INV/2025/60505,Vendor 4815 Pvt Ltd,27AAAAA1321A1ZS
G_004816,11810.00,2025-03-23,INV/2025/51630,Vendor 4816 Pvt Ltd,27AAAAA3273A1ZD
G_004817,52222.00,2025-09-02,INV/2025/85062,Vendor 4817 Pvt Ltd Inc,27AAAAA7074A1Z6
G_004818,58534.00,2025-10-15,INV/2025/80889,Vendor 4818 Pvt Ltd,27AAAAA1041A1ZR
G_004819,10872.00,2025-12-08,INV/2025/74738,Vendor 4819 Private Limited,27AAAAA6626A1ZA
G_004820,59879.00,2025-09-05,INV/2025/50105,Vendor 4820 Pvt Ltd,27AAAAA2059A1ZF
G_004821,39282.00,2025-02-19,INV/2025/41215,Vendor 4821 PVT LTD,27AAAAA5543A1ZC
G_004822,56388.00,2025-05-22,INV/2025/82253,VENDOR 4822 PVT LTD,27AAAAA2643A1ZH
G_004823,67910.00,2025-11-26,INV/2025/45085,Vendor,27AAAAA5006A1ZM
G_004824,114068.00,2025-06-29,INV/2025/50707,Vendor 4824 Pvt Ltd,27AAAAA8289A1ZV
G_004825,47502.00,2025-06-16,INV/2025/40713,Vendor 4825 Pvt Ltd,27AAAAA1307A1ZQ
G_004826,83808.00,2025-06-06,,Vendor 4826 Pvt Ltd,27AAAAA4444A1ZE
G_004827,86246.00,2025-09-10,INV/2025/14349,Vendor 4827 Pvt Ltd,27AAAAA8712A1ZB
G_004828,18563.00,2025-01-02,INV/2025/77318,Vendor 4828 Pvt Ltd,27AAAAA3862A1ZA
G_004829,63915.00,2025-07-27,INV/2025/91955,Vendor 4829 Pvt Ltd,27AAAAA1880A1ZC
G_004830,27691.00,2025-07-04,INV/2025/78822,Vendor 4830 Pvt Ltd,27AAAAA6665A1Z3
G_004831,87130.00,2025-01-25,INV/2025/15390,Vendor 4831 Pvt Ltd,27AAAAA1834A1ZI
G_004832,121400.00,2025-08-21,INV/2025/30978,Vendor 4832 Pvt Ltd,27AAAAA5133A1ZI
G_004833,86510.00,2025-05-15,INV/2025/91994,Vendor 4833 PVT LTD,27AAAAA2175A1ZE
G_004834,61480.00,2025-09-14,INV/2025/45140,Vendor 4834 Pvt Ltd,27AAAAA6984A1ZX
G_004835,35537.00,2025-11-28,INV/2025/96843,Vendor 4835 Pvt Ltd Inc,27AAAAA6613A1ZF
G_004836,43196.00,2025-11-29,INV/2025/50033,Vendor 4836 Pvt Ltd,27AAAAA9748A1ZX
G_004837,19976.00,2025-05-02,INV/2025/19948,Vendor 4837 Pvt Ltd Inc,27AAAAA6145A1ZC
G_004838,88462.00,2025-10-26,INV/2025/46090,Vendor 4838 Pvt Ltd,27AAAAA1289A1Z9
G_004839,47564.00,2025-09-14,INV/2025/13808,Vendor,27AAAAA8992A1ZT
G_004840,34505.00,2025-11-18,INV/2025/84922,Vendor 4840 Pvt Ltd,27AAAAA9698A1ZO
G_004841,62678.00,2025-04-20,INV/2025/98211,Vendor 4841 Pvt Ltd,27AAAAA3746A1ZB
G_004842,346.00,2025-06-03,INV/2025/3391,Vendor 4842 Pvt Ltd,27AAAAA8275A1Z1
G_004843,83148.00,2025-02-19,INV/2025/34355,Vendor 4843 Pvt Ltd,27AAAAA8284A1Z0
G_004844,38221.00,2025-03-05,INV/2025/73872,Vendor 4844 Pvt Ltd,27AAAAA5023A1ZL
G_004845,5570.00,2025-09-23,INV/2025/94437,Vendor 4845 Pvt Ltd,27AAAAA6571A1Z6
G_004846,93670.00,2025-07-26,INV/2025/5860,Vendor 4846 Pvt Ltd,27AAAAA7108A1ZF
G_004847,13308.00,2025-01-10,INV/2025/11201,Vendor 4847 Pvt Ltd,27AAAAA7361A1Z8
G_004848,86483.00,2025-01-21,INV/2025/14744,Vendor 4848 Pvt Ltd,27AAAAA1511A1ZS
G_004849,60394.00,2025-10-21,INV/2025/85699,Vendor 4849 Pvt Ltd,27AAAAA7278A1Z0
G_004850,56785.00,2025-12-25,INV/2025/79300,Vendor 4850 Pvt Ltd,27AAAAA9896A1ZO
G_004851,89216.00,2025-02-20,,Vendor 4851 Pvt Ltd,27AAAAA6141A1ZG
G_004852,75899.00,2025-05-02,INV/2025/88108,None,27AAAAA6982A1ZZ
G_004853,58449.00,2025-07-25,INV/2025/89716,Vendor 4853 Pvt Ltd,27AAAAA7950A1Z5
G_004854,63906.00,2025-05-03,,Vendor 4854 Pvt Ltd,27AAAAA8019A1ZB
G_004855,78002.00,2025-07-28,INV/2025/6960,Vendor 4855 Pvt Ltd,27AAAAA9637A1Z1
G_004856,70089.00,2025-10-03,INV/2025/29101,Vendor 4856 Pvt Ltd,27AAAAA3176A1ZB
G_004857,60618.00,2025-06-26,INV/2025/14955,Vendor 4857 Pvt Ltd,27AAAAA4500A1ZP
G_004858,6277.00,2025-11-06,,Vendor 4858 Pvt Ltd,27AAAAA4105A1ZO
G_004859,83363.00,2025-06-08,INV/2025/81541,Vendor 4859 Pvt Ltd,27AAAAA9069A1ZZ
G_004860,82420.00,2025-09-03,INV/2025/94358,Vendor 4860 Pvt Ltd,27AAAAA4686A1Z2
G_004861,91130.00,2025-05-18,,Vendor 4861 Pvt Ltd,27AAAAA2024A1ZQ
G_004862,87157.00,2025-01-27,INV/2025/60805,Vendor 4862 PVT LTD,27AAAAA1180A1ZJ
G_004863,47909.00,2025-10-15,INV/2025/21102,Vendor 4863 Pvt Ltd,27AAAAA8159A1Z2
G_004864,45019.00,2025-04-03,INV/2025/88738,Vendor 4864 Pvt Ltd,27AAAAA3852A1ZC
G_004865,77603.00,2025-05-16,INV/2025/93738,Vendor 4865 Pvt Ltd,27AAAAA8714A1Z9
G_004866,51262.00,2025-08-08,INV/2025/77450,Vendor 4866 Pvt Ltd,27AAAAA9570A1Z1
G_004867,25806.00,2025-03-27,INV/2025/10903,Vendor 4867 Pvt Ltd,27AAAAA3104A1ZR
G_004868,20949.00,2025-07-13,,Vendor 4868 Pvt Ltd,27AAAAA6280A1Z8
G_004869,74497.00,2025-03-17,INV/2025/44666,Vendor 4869 Pvt Ltd,
G_004870,59279.00,2025-05-16,INV/2025/83467,Vendor,27AAAAA6217A1ZF
G_004871,23806.00,2025-07-11,INV/2025/90973,Vendor 4871 Pvt Ltd,27AAAAA2251A1ZL
G_004872,90216.00,2025-09-30,,Vendor 4872 Pvt Ltd,27AAAAA2598A1Z3
G_004873,11284.00,2025-04-20,,Vendor 4873 Pvt Ltd,27AAAAA6613A1ZF
G_004874,90166.00,2025-06-23,INV/2025/19924,Vendor 4874 Pvt Ltd,27AAAAA1299A1Z7
G_004875,13242.00,2025-12-20,INV/2025/78740,Vendor 4875 Pvt Ltd,27AAAAA9845A1ZZ
G_004876,67338.00,2025-06-04,INV/2025/14070,Vendor 4876 Pvt Ltd Inc,27AAAAA8026A1ZC
G_004877,34201.00,2025-07-15,INV/2025/88917,Vendor 4877 Pvt Ltd,27AAAAA2315A1ZO
G_004878,34314.00,2025-12-05,INV/2025/69449,Vendor 4878 Pvt Ltd,27AAAAA2220A1ZS
G_004879,7920.00,2025-02-19,INV/2025/15587,Vendor 4879 Pvt Ltd,27AAAAA5373A1Z8
G_004880,51108.00,2025-01-06,INV/2025/26637,Vendor 4880 Pvt Ltd,27AAAAA4392A1Z7
G_004881,38252.00,2025-08-28,INV/2025/64295,Vendor 4881 Pvt Ltd,27AAAAA7469A1ZZ
G_004882,86791.00,2025-12-07,INV/2025/64329,Vendor 4882 Pvt Ltd,27AAAAA7910A1ZD
G_004883,61053.00,2025-07-13,INV/2025/19924,Vendor 4883 Pvt Ltd,27AAAAA4886A1Z0
G_004884,90414.00,2025-02-03,INV/2025/84428,Vendor 4884 Pvt Ltd,27AAAAA8909A1Z4
G_004885,19404.00,2025-01-22,INV/2025/37954,None,27AAAAA9175A1Z0
G_004886,86184.00,2025-06-03,INV/2025/14497,None,27AAAAA1808A1ZK
G_004887,29746.00,2025-12-10,INV/2025/22212,Vendor 4887 Pvt Ltd,27AAAAA1732A1ZL
G_004888,52608.00,2025-05-12,INV/2025/81577,Vendor 4888 Pvt Ltd,27AAAAA6382A1Z5
G_004889,105392.00,2025-01-19,INV/2025/43323,Vendor 4889 Pvt Ltd,27AAAAA2365A1ZE
G_004890,50812.00,2025-05-09,INV/2025/75596,Vendor 4890 Pvt Ltd,27AAAAA1334A1ZN
G_004891,84664.00,2025-01-08,INV/2025/31076,Vendor 4891 Pvt Ltd,27AAAAA8971A1ZY
G_004892,92527.00,2025-11-02,INV/2025/60064,Vendor 4892 Private Limited,27AAAAA2875A1Z7
G_004893,73323.00,2025-10-21,INV/2025/14086,Vendor 4893 Pvt Ltd,27AAAAA7123A1ZG
G_004894,76066.00,2025-07-20,,Vendor 4894 Pvt Ltd,27AAAAA3329A1ZG
G_004895,15548.00,2025-06-20,INV/2025/33322,Vendor 4895 Pvt Ltd,27AAAAA3869A1Z3
G_004896,95602.00,2025-03-12,,Vendor 4896 Pvt Ltd,27AAAAA7520A1ZF
G_004897,18528.00,2025-03-31,INV/2025/15821,Vendor 4897 Pvt Ltd,27AAAAA1056A1ZK
G_004898,72242.00,2025-12-29,INV/2025/67852,Vendor 4898 Pvt Ltd,27AAAAA1410A1ZU
G_004899,1471.00,2025-03-14,INV/2025/80099,Vendor 4899 Pvt Ltd,27AAAAA9427A1Z5
G_004900,71565.00,2025-04-29,INV/2025/66992,Vendor 4900 Pvt Ltd,27AAAAA2354A1ZH
G_004901,31467.00,2025-06-17,INV/2025/12070,Vendor 185 Pvt Ltd,27AAAAA8886A1ZS
G_004902,99128.00,2025-10-21,INV/2025/29530,Vendor 4902 Pvt Ltd,27AAAAA5156A1ZB
G_004903,96359.00,2025-02-11,INV/2025/40879,Vendor 4903 Pvt Ltd,27AAAAA3669A1Z5
G_004904,19831.00,2025-10-06,INV/2025/33052,Vendor 4904 Pvt Ltd,27AAAAA2448A1ZE
G_004905,134738.00,2025-11-22,INV/2025/77402,Vendor 4905 Pvt Ltd,27AAAAA7023A1ZH
G_004906,44516.00,2025-11-05,INV/2025/60479,Vendor 4906 Pvt Ltd,27AAAAA4613A1ZJ
G_004907,63792.00,2025-12-25,INV/2025/4516,Vendor 4907 Pvt Ltd,27AAAAA2334A1ZL
G_004908,59331.00,2025-01-30,INV/2025/76121,Vendor 4908 Pvt Ltd,27AAAAA9197A1ZU
G_004909,730.00,2025-06-18,,Vendor 4909 Pvt Ltd,27AAAAA7258A1Z4
G_004910,99815.00,2025-11-21,INV/2025/83732,Vendor 4910 Pvt Ltd Inc,27AAAAA4798A1ZX
G_004911,50586.00,2025-10-14,INV/2025/34930,Vendor 4911 Pvt Ltd,27AAAAA8343A1Z8
G_004912,60066.00,2025-08-26,INV/2025/88455,Vendor 4912 Pvt Ltd,27AAAAA7614A1ZC
G_004913,36775.00,2025-04-25,INV/2025/41653,Vendor 4913 Pvt Ltd,27AAAAA7353A1Z8
G_004914,88746.00,2025-11-22,INV/2025/88594,Vendor 4914 Pvt Ltd,
G_004915,99754.00,2025-05-02,INV/2025/6846,Vendor 4915 Pvt Ltd,27AAAAA8740A1Z7
G_004916,98196.00,2025-08-20,,Vendor 4916 Pvt Ltd,27AAAAA7884A1ZW
G_004917,44701.00,2025-03-01,INV/2025/1042,Vendor 4917 Pvt Ltd,27AAAAA5325A1ZG
G_004918,11520.00,2025-10-28,INV/2025/40776,Vendor 4918 Pvt Ltd,27AAAAA9738A1ZZ
G_004919,15444.00,2025-10-05,,Vendor 4919 Pvt Ltd,27AAAAA4558A1Z7
G_004920,38046.00,2025-03-25,INV/2025/64392,Vendor 4920 Pvt Ltd,27AAAAA6585A1Z0
G_004921,76085.00,2025-06-03,INV/2025/63563,Vendor 4921 Pvt Ltd,27AAAAA6896A1ZU
G_004922,6814.00,2025-09-05,INV/2025/76514,Vendor 4922 Pvt Ltd,27AAAAA2761A1ZE
G_004923,47556.00,2025-05-29,INV/2025/89291,Vendor 4923 Pvt Ltd,27AAAAA8365A1Z2
G_004924,74191.00,2025-08-22,INV/2025/20883,Vendor 4924 Pvt Ltd,27AAAAA9384A1ZX
G_004925,38902.00,2025-09-17,INV/2025/45283,Vendor 4925 Pvt Ltd,27AAAAA4442A1ZG
G_004926,99480.00,2025-04-15,INV/2025/77017,Vendor 4926 Pvt Ltd,27AAAAA1405A1ZR
G_004927,69361.00,2025-06-28,INV/2025/98208,Vendor 4927 Pvt Ltd,27AAAAA7229A1Z9
G_004928,94939.00,2025-10-30,INV/2025/96540,None,27AAAAA7208A1ZE
G_004929,8970.00,2025-04-22,INV/2025/69079,Vendor 4929 Pvt Ltd,27AAAAA7680A1Z2
G_004930,62538.00,2025-01-18,INV/2025/82893,Vendor 4930 Pvt Ltd,27AAAAA9976A1ZR
G_004931,57644.00,2025-11-02,INV/2025/50097,Vendor 4931 Pvt Ltd,27AAAAA8474A1Z0
G_004932,74745.00,2025-10-17,INV/2025/54250,Vendor 4932 Pvt Ltd,27AAAAA4360A1ZF
G_004933,77335.00,2025-04-05,INV/2025/98704,Vendor 4933 Pvt Ltd,
G_004934,7331.00,2025-08-13,,Vendor 4934 Pvt Ltd,27AAAAA2399A1Z4
G_004935,22696.00,2025-04-06,INV/2025/87597,Vendor 4935 Pvt Ltd,27AAAAA7872A1Z0
G_004936,37772.00,2025-04-14,INV/2025/22491,Vendor 4936 Pvt Ltd,27AAAAA3751A1ZE
G_004937,6900.00,2025-03-15,INV/2025/29268,Vendor 4937 PVT LTD,27AAAAA4962A1Z7
G_004938,3056.00,2025-07-25,,Vendor 4938 Pvt Ltd,27AAAAA7210A1ZK
G_004939,74286.00,2025-05-13,INV/2025/93762,Vendor 4939 Pvt Ltd,27AAAAA7190A1Z5
G_004940,80312.00,2025-06-26,INV/2025/86769,Vendor 4940 Pvt Ltd,27AAAAA7534A1Z9
G_004941,51452.00,2025-06-15,INV/2025/19425,Vendor 4941 Private Limited,27AAAAA9809A1Z3
G_004942,31877.00,2025-09-04,INV/2025/94769,Vendor 4942 Pvt Ltd,27AAAAA7267A1Z3
G_004943,33367.00,2025-09-29,INV/2025/73834,Vendor 4943 Pvt Ltd,27AAAAA5340A1ZH
G_004944,32266.00,2025-02-24,,Vendor 4944 Pvt Ltd,27AAAAA6581A1Z4
G_004945,1385.00,2025-05-12,INV/2025/22852,Vendor 4945 Pvt Ltd,27AAAAA9524A1Z7
G_004946,69490.00,2025-01-04,INV/2025/43465,Vendor 4946 Pvt Ltd,27AAAAA3345A1ZG
G_004947,17403.00,2025-07-06,INV/2025/44649,Vendor 4947 Pvt Ltd,27AAAAA7951A1Z4
G_004948,71449.00,2025-07-23,INV/2025/4593,Vendor 4948 Private Limited,27AAAAA8317A1ZA
G_004949,22222.00,2025-03-04,,Vendor 4949 Pvt Ltd,27AAAAA3130A1ZP
G_004950,12293.00,2025-11-15,,Vendor 4950 Pvt Ltd,27AAAAA1560A1ZJ
G_004951,27474.00,2025-10-31,INV/2025/76587,VENDOR 4951 PVT LTD,27AAAAA7794A1ZV
G_004952,63543.00,2025-03-23,INV/2025/69078,Vendor 4952 Pvt Ltd,27AAAAA9593A1ZU
G_004953,33077.00,2025-03-22,INV/2025/41594,None,27AAAAA2249A1ZF
G_004954,62213.00,2025-12-08,INV/2025/76685,Vendor 4954 Pvt Ltd,27AAAAA2853A1ZD
G_004955,2386.00,2025-05-01,INV/2025/26519,Vendor 4955 Pvt Ltd,27AAAAA7997A1ZQ
G_004956,688.00,2025-01-10,INV/2025/43491,Vendor 4956 Pvt Ltd,27AAAAA8716A1Z7
G_004957,64019.00,2025-06-09,INV/2025/45364,Vendor 4957 PVT LTD,27AAAAA9635A1Z3
G_004958,178746.00,2025-03-23,INV/2025/96764,Vendor 4958 Pvt Ltd,27AAAAA3410A1ZQ
G_004959,47397.00,2025-06-02,,Vendor 4959 Pvt Ltd,27AAAAA9013A1ZF
G_004960,69545.00,2025-09-13,INV/2025/82200,Vendor 4960 Pvt Ltd,27AAAAA5512A1ZJ
G_004961,7381.00,2025-05-18,INV/2025/54187,Vendor 4961 Pvt Ltd,27AAAAA2116A1ZP
G_004962,85327.00,2025-01-10,INV/2025/13802,Vendor 4962 Pvt Ltd,27AAAAA6235A1ZD
G_004963,33243.00,2025-05-22,INV/2025/23388,Vendor 4963 Pvt Ltd,27AAAAA7524A1ZB
G_004964,44881.00,2025-05-30,INV/2025/97330,None,27AAAAA9758A1ZV
G_004965,75186.00,2025-07-10,,Vendor 4965 Pvt Ltd,27AAAAA1219A1ZN
G_004966,90381.00,2025-10-12,INV/2025/29333,Vendor 4966 Pvt Ltd,27AAAAA4897A1ZX
G_004967,55968.00,2025-01-26,,Vendor 4967 Pvt Ltd,27AAAAA1171A1ZK
G_004968,30131.00,2025-03-10,INV/2025/53603,Vendor 4968 Pvt Ltd,27AAAAA3515A1ZK
G_004969,44958.00,2025-09-14,INV/2025/93234,Vendor 4969 Pvt Ltd,27AAAAA9708A1Z5
G_004970,25274.00,2025-07-06,INV/2025/6804,Vendor 4970 Pvt Ltd,27AAAAA1114A1ZT
G_004971,87827.00,2025-03-09,INV/2025/4631,Vendor 4971 Pvt Ltd Inc,27AAAAA8919A1Z2
G_004972,6158.00,2025-03-03,INV/2025/74708,Vendor 4972 Pvt Ltd,27AAAAA3141A1ZM
G_004973,33316.00,2025-05-02,INV/2025/30732,Vendor 4973 Pvt Ltd,27AAAAA6780A1Z3
G_004974,35312.00,2025-10-22,,Vendor 4974 Pvt Ltd,27AAAAA1061A1ZN
G_004975,66359.00,2025-03-24,,Vendor 4975 Pvt Ltd,27AAAAA6578A1ZZ
G_004976,42398.00,2025-03-05,INV/2025/11135,Vendor 4976 Pvt Ltd,27AAAAA7094A1Z2
G_004977,11015.00,2025-05-25,INV/2025/79845,Vendor 4977 Pvt Ltd,27AAAAA8268A1Z0
G_004978,43910.00,2025-08-24,INV/2025/40676,Vendor 4978 Private Limited,27AAAAA8645A1Z3
G_004979,24154.00,2025-06-03,INV/2025/74569,Vendor 4979 Pvt Ltd,
G_004980,50625.00,2025-03-08,INV/2025/46328,VENDOR 4980 PVT LTD,27AAAAA3596A1Z3
G_004981,90946.00,2025-02-05,INV/2025/24306,Vendor 4981 Pvt Ltd,27AAAAA4895A1ZZ
G_004982,190940.00,2025-08-19,INV/2025/31885,Vendor 4982 Pvt Ltd,27AAAAA8697A1ZR
G_004983,63016.00,2025-03-29,INV/2025/99500,Vendor 4983 Pvt Ltd,27AAAAA8554A1Z3
G_004984,25993.00,2025-11-19,,Vendor 4984 Pvt Ltd,27AAAAA6008A1ZI
G_004985,68112.00,2025-09-11,INV/2025/22599,None,27AAAAA8576A1ZX
G_004986,29118.00,2025-06-22,INV/2025/54228,Vendor 4986 Pvt Ltd,27AAAAA8807A1Z7
G_004987,88750.00,2025-11-28,INV/2025/6637,Vendor 4987 Pvt Ltd,
G_004988,35517.00,2025-10-01,INV/2025/85839,Vendor 4988 Pvt Ltd,27AAAAA4709A1ZE
G_004989,61821.00,2025-10-25,,Vendor 4989 Pvt Ltd,27AAAAA5800A1ZK
G_004990,74499.00,2025-05-27,INV/2025/2243,Vendor,27AAAAA1816A1ZK
G_004991,29991.00,2025-09-02,INV/2025/55421,Vendor 4991 Pvt Ltd,27AAAAA8912A1Z9
G_004992,50162.00,2025-12-22,INV/2025/91947,Vendor 4992 Pvt Ltd,27AAAAA5287A1Z3
G_004993,29043.00,2025-07-31,INV/2025/79590,Vendor 4993 Pvt Ltd,27AAAAA1541A1ZM
G_004994,94187.00,2025-05-18,,Vendor 4994 Pvt Ltd,27AAAAA2384A1ZB
G_004995,19539.00,2025-08-27,INV/2025/32683,Vendor 4995 Pvt Ltd,27AAAAA6440A1ZE
G_004996,24262.00,2025-04-04,INV/2025/52904,Vendor 4996 Pvt Ltd,27AAAAA8538A1Z3
G_004997,43125.00,2025-08-04,,Vendor 4997 Pvt Ltd,27AAAAA9050A1ZA
G_004998,83217.00,2025-02-03,INV/2025/69380,Vendor 4998 Pvt Ltd,27AAAAA1188A1ZB
G_004999,28598.00,2025-06-18,INV/2025/81061,vendor 4999 pvt ltd,27AAAAA4649A1Z7
G_005000,21541.00,2025-03-22,INV/2025/76393,Vendor 5000 PVT LTD,27AAAAA6016A1ZI
G_005001,80900.00,2025-08-02,INV/2025/90704,Vendor 5001 Pvt Ltd,27AAAAA6292A1Z4
G_005002,10902.00,2025-06-30,,Vendor 5002 Pvt Ltd,27AAAAA8809A1Z5
G_005003,21880.00,2025-08-09,INV/2025/22433,Vendor 5003 Pvt Ltd,27AAAAA3765A1Z8
G_005004,42626.00,2025-01-06,INV/2025/6597,Vendor 5004 Pvt Ltd,27AAAAA7597A1ZU
G_005005,92266.00,2025-11-22,INV/2025/8287,Vendor 5005 Pvt Ltd,27AAAAA1621A1ZP
G_005006,8954.00,2025-11-27,INV/2025/41863,Vendor 5006 Pvt Ltd,27AAAAA7661A1Z5
G_005007,32791.00,2025-12-28,INV/2025/43583,Vendor 5007 Pvt Ltd,27AAAAA9009A1ZB
G_005008,93737.00,2025-05-26,INV/2025/24073,Vendor 5008 Private Limited,27AAAAA1860A1ZG
G_005009,78572.00,2025-03-15,INV/2025/95911,Vendor 5009 Pvt Ltd,27AAAAA9072A1Z4
G_005010,35180.00,2025-10-20,INV/2025/30443,Vendor 5010 Pvt Ltd Inc,27AAAAA6958A1ZZ
G_005011,77102.00,2025-01-10,INV/2025/37330,Vendor 5011 Pvt Ltd,27AAAAA7557A1Z2
G_005012,90394.00,2025-06-27,INV/2025/23874,VENDOR 5012 PVT LTD,27AAAAA4001A1ZT
G_005013,59957.00,2025-04-12,INV/2025/33521,Vendor 5013 Pvt Ltd,
G_005014,32379.00,2025-01-11,INV/2025/64098,Vendor 5014 Pvt Ltd,27AAAAA4626A1ZE
G_005015,6715.00,2025-04-03,INV/2025/31146,Vendor 5015 Pvt Ltd,27AAAAA4411A1ZN
G_005016,20092.00,2025-05-31,,Vendor 5016 Pvt Ltd,27AAAAA3928A1ZB
G_005017,49161.00,2025-04-08,INV/2025/94661,Vendor 5017 Pvt Ltd,27AAAAA4960A1Z9
G_005018,42593.00,2025-02-07,INV/2025/53397,Vendor 5018 Pvt Ltd,27AAAAA1734A1ZJ
G_005019,42915.00,2025-02-19,INV/2025/4714,Vendor 5019 Pvt Ltd,27AAAAA3163A1ZG
G_005020,42602.00,2025-10-01,INV/2025/66359,Vendor 5020 Pvt Ltd,27AAAAA6840A1ZA
G_005021,83206.00,2025-12-24,INV/2025/7858,Vendor 5021 Pvt Ltd,27AAAAA5370A1ZB
G_005022,44780.00,2025-07-21,INV/2025/41048,Vendor 5022 Pvt Ltd,27AAAAA5901A1ZI
G_005023,48771.00,2025-07-10,INV/2025/12482,Vendor 5023 Pvt Ltd,27AAAAA3560A1ZF
G_005024,63842.00,2025-09-22,INV/2025/10878,None,27AAAAA1583A1ZC
G_005025,5788.00,2025-06-28,INV/2025/94781,Vendor 5025 Pvt Ltd,27AAAAA6656A1Z4
G_005026,99989.00,2025-02-05,INV/2025/81802,Vendor 5026 Pvt Ltd,27AAAAA5160A1ZF
G_005027,99249.00,2025-06-10,INV/2025/47916,Vendor 5027 Pvt Ltd,27AAAAA9146A1Z5
G_005028,56754.00,2025-04-29,,Vendor 5028 Pvt Ltd,27AAAAA7427A1Z9
G_005029,36494.00,2025-07-29,INV/2025/33247,Vendor 5029 Pvt Ltd,27AAAAA3153A1ZI
G_005030,97746.00,2025-07-30,INV/2025/18580,Vendor 5030 Pvt Ltd,27AAAAA9789A1ZO
G_005031,31222.00,2025-06-11,INV/2025/18225,Vendor 5031 Pvt Ltd,27AAAAA8087A1ZZ
G_005032,57223.00,2025-02-07,INV/2025/41981,Vendor 5032 Pvt Ltd,27AAAAA8507A1ZA
G_005033,79675.00,2025-10-15,INV/2025/87445,Vendor 5033 Pvt Ltd,27AAAAA6151A1ZE
G_005034,78172.00,2025-08-17,,Vendor 5034 Pvt Ltd,27AAAAA7881A1ZZ
G_005035,90897.00,2025-08-05,,Vendor 5035 Pvt Ltd,27AAAAA4535A1ZE
G_005036,14426.00,2025-01-23,,Vendor 5036 Pvt Ltd,27AAAAA1621A1ZP
G_005037,192280.00,2025-02-19,INV/2025/7560,Vendor 5037 Pvt Ltd,27AAAAA7841A1Z7
G_005038,68840.00,2025-09-14,INV/2025/74042,Vendor 5038 Pvt Ltd,27AAAAA9412A1ZC
G_005039,36937.00,2025-07-20,INV/2025/87041,Vendor 5039 Pvt Ltd,27AAAAA1626A1ZK
G_005040,15026.00,2025-07-28,INV/2025/67618,Vendor 5040 Pvt Ltd,27AAAAA9568A1ZV
G_005041,11712.00,2025-09-28,INV/2025/90791,Vendor 5041 Pvt Ltd,27AAAAA6772A1Z3
G_005042,46043.00,2025-11-18,INV/2025/5611,Vendor,27AAAAA1749A1ZC
G_005043,99551.00,2025-10-13,INV/2025/71294,Vendor 5043 Pvt Ltd,27AAAAA7557A1Z2
G_005044,1677.00,2025-09-03,INV/2025/21458,Vendor 5044 Pvt Ltd,27AAAAA1561A1ZI
G_005045,14814.00,2025-12-11,,Vendor 326 Pvt Ltd,27AAAAA8508A1Z9
G_005046,82973.00,2025-04-09,INV/2025/61044,Vendor 5046 Pvt Ltd,27AAAAA3528A1ZF
G_005047,122386.00,2025-09-22,INV/2025/30265,Vendor 5047 Pvt Ltd,27AAAAA1290A1ZG
G_005048,29190.00,2025-01-26,INV/2025/53473,VENDOR 5048 PVT LTD,27AAAAA9740A1Z5
G_005049,13631.00,2025-11-25,INV/2025/34463,Vendor 5049 Pvt Ltd,27AAAAA7082A1Z6
G_005050,26893.00,2025-07-30,,Vendor 5050 Pvt Ltd,27AAAAA9988A1ZN
G_005051,34629.00,2025-10-16,,Vendor 5051 Pvt Ltd,27AAAAA8877A1ZT
G_005052,94893.00,2025-08-02,INV/2025/59909,Vendor 5052 Pvt Ltd,27AAAAA9439A1Z1
G_005053,64511.00,2025-02-21,INV/2025/12010,Vendor 5053 Pvt Ltd,27AAAAA6531A1ZE
G_005054,92236.00,2025-12-09,INV/2025/80641,Vendor 5054 Pvt Ltd,27AAAAA1744A1ZH
G_005055,32729.00,2025-02-15,INV/2025/67031,Vendor 5055 Pvt Ltd,27AAAAA5975A1Z0
G_005056,27560.00,2025-10-29,INV/2025/20208,Vendor 5056 Pvt Ltd,27AAAAA8190A1Z3
G_005057,69470.00,2025-06-27,INV/2025/57167,Vendor 5057 Pvt Ltd,27AAAAA6726A1Z9
G_005058,61667.00,2025-12-27,INV/2025/63497,Vendor 5058 Pvt Ltd,27AAAAA4935A1ZA
G_005059,13131.00,2025-07-13,INV/2025/65897,Vendor,27AAAAA4277A1Z7
G_005060,54584.00,2025-02-25,INV/2025/49650,Vendor 5060 Pvt Ltd,27AAAAA3635A1ZF
G_005061,1753.00,2025-02-22,INV/2025/19818,Vendor 5061 Pvt Ltd,27AAAAA3518A1ZH
G_005062,38120.00,2025-06-22,INV/2025/43106,Vendor 5062 Pvt Ltd,27AAAAA7143A1ZC
G_005063,38869.00,2025-10-30,INV/2025/5109,vendor 5063 pvt ltd,27AAAAA6604A1ZG
G_005064,74552.00,2025-09-11,INV/2025/53620,Vendor 5064 PVT LTD,27AAAAA4420A1ZM
G_005065,17808.00,2025-06-08,INV/2025/50480,Vendor 5065 Pvt Ltd,27AAAAA8836A1Z2
G_005066,37075.00,2025-05-08,INV/2025/69963,Vendor 5066 Pvt Ltd,27AAAAA4312A1ZN
G_005067,4020.00,2025-10-25,INV/2025/11416,Vendor 5067 Pvt Ltd,27AAAAA1450A1ZM
G_005068,81162.00,2025-04-26,INV/2025/3327,Vendor 5068 Pvt Ltd,27AAAAA6033A1ZH
G_005069,14040.00,2025-08-13,INV/2025/75467,vendor 5069 pvt ltd,27AAAAA5554A1Z9
G_005070,54273.00,2025-07-18,INV/2025/21002,Vendor,27AAAAA5447A1Z9
G_005071,13178.00,2025-09-25,INV/2025/80381,Vendor 5071 Pvt Ltd,27AAAAA6885A1ZX
G_005072,43000.00,2025-11-20,INV/2025/53981,Vendor 5072 Pvt Ltd,27AAAAA8411A1ZF
G_005073,4996.00,2025-03-08,,Vendor 5073 Pvt Ltd,27AAAAA5092A1Z8
G_005074,50201.00,2025-08-28,,Vendor 5074 Pvt Ltd,27AAAAA7099A1ZX
G_005075,24276.00,2025-07-04,INV/2025/11330,VENDOR 5075 PVT LTD,27AAAAA2672A1ZC
G_005076,34492.00,2025-02-22,,Vendor 5076 Pvt Ltd,27AAAAA1712A1ZP
G_005077,1669.00,2025-06-22,INV/2025/10102,Vendor 5077 Pvt Ltd,27AAAAA9304A1ZD
G_005078,15141.00,2025-04-03,INV/2025/29509,Vendor,27AAAAA9884A1ZS
G_005079,36198.00,2025-09-06,INV/2025/84215,VENDOR 5079 PVT LTD,27AAAAA5815A1ZD
G_005080,54663.00,2025-02-12,INV/2025/43779,Vendor 5080 Pvt Ltd,27AAAAA4173A1ZC
G_005081,72406.00,2025-05-25,INV/2025/40681,Vendor 5081 Pvt Ltd,27AAAAA6291A1Z5
G_005082,34116.00,2025-12-22,INV/2025/73787,Vendor 5082 Pvt Ltd,27AAAAA3622A1ZK
G_005083,25186.00,2025-02-06,,Vendor 5083 Pvt Ltd,27AAAAA7437A1Z7
G_005084,39448.00,2025-07-07,INV/2025/6446,Vendor 5084 Pvt Ltd,27AAAAA2258A1ZE
G_005085,69963.00,2025-01-17,INV/2025/92154,Vendor 5085 Pvt Ltd,27AAAAA2800A1ZQ
G_005086,69292.00,2025-03-04,INV/2025/80204,Vendor 5086 Pvt Ltd,27AAAAA2995A1Z2
G_005087,11276.00,2025-01-13,INV/2025/35562,Vendor 5087 Pvt Ltd,27AAAAA7278A1Z0
G_005088,65814.00,2025-10-18,INV/2025/98564,Vendor 5088 Pvt Ltd,27AAAAA2515A1ZM
G_005089,96259.00,2025-06-11,,Vendor 5089 Pvt Ltd,27AAAAA3051A1ZL
G_005090,39916.00,2025-09-06,INV/2025/54635,vendor 5090 pvt ltd,27AAAAA3343A1ZI
G_005091,8408.00,2025-01-24,INV/2025/29894,Vendor 5091 Pvt Ltd,27AAAAA5742A1ZB
G_005092,99140.00,2025-02-05,INV/2025/68589,Vendor 5092 Pvt Ltd,27AAAAA4244A1ZG
G_005093,41001.00,2025-01-05,,Vendor 5093 Pvt Ltd,27AAAAA2696A1Z4
G_005094,20622.00,2025-06-11,INV/2025/84385,Vendor 5094 Pvt Ltd,27AAAAA4792A1Z3
G_005095,40695.00,2025-06-09,INV/2025/60039,Vendor 5095 Pvt Ltd,27AAAAA1036A1ZO
G_005096,75141.00,2025-05-21,INV/2025/7260,Vendor 5096 Pvt Ltd,
G_005097,86683.00,2025-09-15,INV/2025/61132,Vendor 5097 Private Limited,27AAAAA5848A1Z4
G_005098,34529.00,2025-07-01,INV/2025/52082,Vendor 5098 Pvt Ltd,27AAAAA2713A1ZM
G_005099,60094.00,2025-06-17,,Vendor 5099 Pvt Ltd,27AAAAA3498A1Z2
G_005100,59736.00,2025-05-18,INV/2025/4581,Vendor 5100 Pvt Ltd,27AAAAA1895A1Z5
G_005101,34902.00,2025-05-13,INV/2025/82033,VENDOR 5101 PVT LTD,27AAAAA8368A1ZZ
G_005102,59053.00,2025-01-02,,Vendor 5102 Pvt Ltd,27AAAAA9605A1Z9
G_005103,185802.00,2025-04-28,INV/2025/52535,Vendor 5103 Pvt Ltd,27AAAAA2745A1ZE
G_005104,82685.00,2025-07-27,INV/2025/40381,Vendor 5104 Pvt Ltd,27AAAAA4044A1ZI
G_005105,29480.00,2025-03-27,INV/2025/56918,Vendor 5105 Pvt Ltd,27AAAAA1277A1ZD
G_005106,92220.00,2025-11-27,INV/2025/73944,Vendor 5106 Pvt Ltd,27AAAAA2070A1ZK
G_005107,31745.00,2025-02-14,INV/2025/90842,Vendor 5107 Pvt Ltd,27AAAAA9746A1ZZ
G_005108,38808.00,2025-07-28,INV/2025/13402,Vendor 5108 Pvt Ltd,27AAAAA6444A1ZA
G_005109,51021.00,2025-05-28,INV/2025/3794,Vendor 5109 Pvt Ltd,27AAAAA1613A1ZP
G_005110,52529.00,2025-08-26,INV/2025/79570,Vendor 5110 Pvt Ltd,27AAAAA9536A1Z3
G_005111,77555.00,2025-05-20,INV/2025/67684,Vendor 5111 Pvt Ltd,27AAAAA9500A1ZF
G_005112,85248.00,2025-05-07,INV/2025/54121,Vendor 5112 Pvt Ltd,27AAAAA1877A1Z7
G_005113,61511.00,2025-01-03,INV/2025/99761,Vendor 5113 Pvt Ltd,27AAAAA8471A1Z3
G_005114,85800.00,2025-09-04,INV/2025/42051,Vendor 5114 Pvt Ltd Inc,27AAAAA4635A1ZD
G_005115,4946.00,2025-08-16,INV/2025/70180,Vendor 5115 Pvt Ltd,27AAAAA4309A1ZI
G_005116,58080.00,2025-02-24,INV/2025/76200,Vendor 5116 Pvt Ltd,27AAAAA2210A1ZU
G_005117,36542.00,2025-11-12,INV/2025/4096,Vendor 5117 Pvt Ltd,27AAAAA1598A1Z5
G_005118,38599.00,2025-02-14,INV/2025/47749,Vendor 5118 Pvt Ltd,27AAAAA5695A1ZZ
G_005119,36710.00,2025-04-27,INV/2025/31456,Vendor 5119 Pvt Ltd,27AAAAA8335A1Z8
G_005120,87078.00,2025-10-17,INV/2025/96736,Vendor 5120 Pvt Ltd,27AAAAA5964A1Z3
G_005121,49124.00,2025-03-24,INV/2025/30990,Vendor 5121 Private Limited,27AAAAA6610A1ZI
G_005122,27771.00,2025-04-30,INV/2025/48211,Vendor 5122 Pvt Ltd,27AAAAA1434A1ZM
G_005123,7361.00,2025-06-09,INV/2025/81896,VENDOR 479 PVT LTD,27AAAAA5279A1Z3
G_005124,82217.00,2025-07-26,INV/2025/46610,Vendor 5124 Pvt Ltd,27AAAAA7303A1ZI
G_005125,97053.00,2025-11-11,INV/2025/63602,Vendor,27AAAAA2829A1ZD
G_005126,56942.00,2025-10-18,INV/2025/40772,Vendor 5126 Pvt Ltd,27AAAAA8445A1Z5
G_005127,130042.00,2025-03-19,INV/2025/26700,Vendor 5127 Pvt Ltd,27AAAAA9299A1ZR
G_005128,49398.00,2025-06-18,INV/2025/87671,Vendor 5128 Pvt Ltd,27AAAAA9618A1Z4
G_005129,86457.00,2025-07-18,INV/2025/73536,Vendor 5129 Pvt Ltd,27AAAAA8850A1Z4
G_005130,31744.00,2025-05-21,INV/2025/76563,Vendor 5130 Pvt Ltd,27AAAAA2281A1ZF
G_005131,79917.00,2025-07-19,,Vendor 5131 Pvt Ltd,27AAAAA8890A1ZW
G_005132,47788.00,2025-10-14,INV/2025/85028,Vendor 5132 Pvt Ltd,27AAAAA6984A1ZX
G_005133,60721.00,2025-11-08,INV/2025/17422,Vendor 5133 Pvt Ltd,27AAAAA6233A1ZF
G_005134,17958.00,2025-06-23,INV/2025/4210,Vendor 5134 Pvt Ltd,27AAAAA7366A1Z3
G_005135,48726.00,2025-05-15,INV/2025/52530,Vendor 5135 Pvt Ltd,27AAAAA4079A1Z7
G_005136,91058.00,2025-11-02,INV/2025/59701,Vendor 5136 Pvt Ltd,27AAAAA9767A1ZU
G_005137,47367.00,2025-09-06,INV/2025/1642,Vendor 5137 Pvt Ltd,27AAAAA4888A1ZY
G_005138,124832.00,2025-12-23,INV/2025/13983,Vendor 5138 Pvt Ltd,27AAAAA3167A1ZC
G_005139,47563.00,2025-06-14,INV/2025/17533,None,27AAAAA3472A1ZC
G_005140,3226.00,2025-11-15,INV/2025/23758,Vendor 5140 Pvt Ltd,27AAAAA6394A1Z1
G_005141,87500.00,2025-02-11,INV/2025/15560,vendor 5141 pvt ltd,27AAAAA1784A1Z9
G_005142,55691.00,2025-02-07,INV/2025/55431,Vendor 5142 Pvt Ltd,27AAAAA6352A1ZB
G_005143,73742.00,2025-05-13,,Vendor 5143 Pvt Ltd,27AAAAA4154A1ZF
G_005144,10834.00,2025-03-13,,Vendor 5144 Pvt Ltd,27AAAAA9425A1Z7
G_005145,72981.00,2025-09-20,INV/2025/19341,Vendor 344 PVT LTD,27AAAAA2137A1ZK
G_005146,87395.00,2025-07-12,INV/2025/76099,None,27AAAAA5963A1Z4
G_005147,62761.00,2025-03-07,INV/2025/26774,Vendor 5147 PVT LTD,27AAAAA7633A1Z9
G_005148,87303.00,2025-05-15,INV/2025/70366,Vendor 5148 Pvt Ltd,27AAAAA5320A1ZL
G_005149,82425.00,2025-05-06,,Vendor 5149 Pvt Ltd,27AAAAA8638A1Z2
G_005150,41651.00,2025-08-03,INV/2025/10202,Vendor 5150 PVT LTD,27AAAAA6944A1Z5
G_005151,71789.00,2025-03-11,INV/2025/19311,Vendor 5151 Pvt Ltd,27AAAAA9688A1ZQ
G_005152,69079.00,2025-07-23,INV/2025/38673,Vendor 5152 Pvt Ltd,27AAAAA2337A1ZI
G_005153,3908.00,2025-03-21,INV/2025/25849,Vendor 5153 Pvt Ltd,27AAAAA4659A1Z5
G_005154,79732.00,2025-05-03,INV/2025/56516,Vendor 5154 Pvt Ltd Inc,27AAAAA8149A1Z4
G_005155,54341.00,2025-08-25,INV/2025/57956,Vendor 5155 Pvt Ltd,27AAAAA2083A1ZF
G_005156,29634.00,2025-10-23,INV/2025/88349,Vendor 5156 Pvt Ltd,27AAAAA3414A1ZM
G_005157,86422.00,2025-04-02,INV/2025/45995,Vendor 5157 Pvt Ltd,27AAAAA4737A1ZA
G_005158,83339.00,2025-07-25,,Vendor 5158 Pvt Ltd,27AAAAA3444A1ZG
G_005159,60536.00,2025-10-26,INV/2025/35083,VENDOR 5159 PVT LTD,27AAAAA4938A1Z7
G_005160,24544.00,2025-06-10,,Vendor 5160 Pvt Ltd,27AAAAA3710A1ZN
G_005161,33934.00,2025-06-04,INV/2025/90626,None,27AAAAA5214A1ZK
G_005162,92305.00,2025-10-05,INV/2025/58017,None,27AAAAA8032A1ZE
G_005163,9849.00,2025-06-08,INV/2025/30171,Vendor 5163 Pvt Ltd,27AAAAA2902A1ZN
G_005164,79398.00,2025-12-29,INV/2025/69123,Vendor 5164 Pvt Ltd,27AAAAA1398A1Z7
G_005165,22526.00,2025-06-20,INV/2025/42584,Vendor 5165 Pvt Ltd,27AAAAA8846A1Z0
G_005166,84026.00,2025-07-18,,Vendor 5166 Pvt Ltd,27AAAAA1914A1ZL
G_005167,62871.00,2025-11-09,INV/2025/7832,Vendor 5167 Pvt Ltd,27AAAAA9694A1ZS
G_005168,90291.00,2025-03-19,INV/2025/3072,Vendor 5168 Pvt Ltd,27AAAAA2605A1ZN
G_005169,61436.00,2025-03-28,INV/2025/16234,Vendor 5169 Pvt Ltd,27AAAAA4856A1Z6
G_005170,51908.00,2025-01-12,INV/2025/29359,Vendor 5170 Pvt Ltd,27AAAAA7501A1ZI
G_005171,9597.00,2025-10-02,INV/2025/1879,Vendor 5171 Pvt Ltd,27AAAAA5865A1Z3
G_005172,61495.00,2025-04-27,INV/2025/95566,Vendor 5172 Pvt Ltd,27AAAAA9023A1ZD
G_005173,78958.00,2025-07-03,,Vendor 5173 Pvt Ltd,27AAAAA4204A1ZO
G_005174,8940.00,2025-10-16,INV/2025/85344,Vendor 5174 Pvt Ltd,27AAAAA8396A1ZV
G_005175,9732.00,2025-02-02,INV/2025/63846,Vendor,27AAAAA2398A1Z5
G_005176,1653.00,2025-04-22,INV/2025/94124,Vendor 5176 PVT LTD,27AAAAA8471A1Z3
G_005177,85681.00,2025-08-26,INV/2025/57503,Vendor 5177 Pvt Ltd,27AAAAA7438A1Z6
G_005178,95819.00,2025-03-24,INV/2025/27907,Vendor 5178 Pvt Ltd,27AAAAA5778A1ZZ
G_005179,5731.00,2025-07-05,,Vendor 5179 Pvt Ltd,27AAAAA9897A1ZN
G_005180,91775.00,2025-03-16,,Vendor 5180 Pvt Ltd,27AAAAA9325A1Z8
G_005181,67114.00,2025-08-27,,Vendor 5181 Pvt Ltd,27AAAAA3282A1ZC
G_005182,14600.00,2025-01-21,INV/2025/62827,VENDOR 5182 PVT LTD,27AAAAA3806A1ZI
G_005183,22613.00,2025-11-22,INV/2025/58852,Vendor 5183 Pvt Ltd,27AAAAA2363A1ZG
G_005184,38190.00,2025-10-06,INV/2025/46735,Vendor 5184 Pvt Ltd,27AAAAA6785A1ZY
G_005185,8495.00,2025-11-12,INV/2025/59876,Vendor 68 Pvt Ltd,
G_005186,33311.00,2025-12-11,INV/2025/10090,Vendor 5186 Pvt Ltd,27AAAAA8699A1ZP
G_005187,80457.00,2025-12-24,INV/2025/57345,Vendor 5187 Pvt Ltd,27AAAAA9029A1Z7
G_005188,20680.00,2025-11-16,INV/2025/96861,Vendor 5188 Pvt Ltd,27AAAAA2084A1ZE
G_005189,2501.00,2025-07-06,INV/2025/11585,Vendor 5189 Pvt Ltd,27AAAAA1319A1ZM
G_005190,90361.00,2025-10-03,INV/2025/34545,Vendor 5190 Pvt Ltd,27AAAAA5973A1Z2
G_005191,90550.00,2025-01-25,INV/2025/2686,Vendor 5191 Pvt Ltd,27AAAAA4407A1ZJ
G_005192,17747.00,2025-03-08,INV/2025/32539,Vendor 5192 Pvt Ltd,27AAAAA8402A1ZG
G_005193,30366.00,2025-01-02,,Vendor 5193 Pvt Ltd,27AAAAA9666A1ZW
G_005194,83952.00,2025-05-21,,Vendor 5194 Pvt Ltd,27AAAAA3332A1ZL
G_005195,75377.00,2025-02-28,INV/2025/57982,Vendor 5195 Pvt Ltd,27AAAAA4353A1ZE
G_005196,79549.00,2025-02-27,INV/2025/55466,Vendor 5196 Pvt Ltd,27AAAAA1493A1ZB
G_005197,80344.00,2025-07-17,INV/2025/74158,Vendor 5197 Pvt Ltd,27AAAAA7984A1ZV
G_005198,32701.00,2025-04-16,INV/2025/1188,Vendor 5198 Pvt Ltd,27AAAAA1151A1ZO
G_005199,8524.00,2025-01-10,INV/2025/52057,Vendor 5199 Pvt Ltd,27AAAAA5140A1ZJ
G_005200,661.00,2025-01-16,INV/2025/90885,Vendor 5200 Pvt Ltd Inc,27AAAAA8607A1Z9
G_005201,72493.00,2025-01-15,INV/2025/14087,Vendor 5201 Pvt Ltd,27AAAAA6427A1ZB
G_005202,53474.00,2025-06-03,INV/2025/19704,Vendor,27AAAAA9024A1ZC
G_005203,67697.00,2025-01-02,INV/2025/77853,Vendor 5203 Pvt Ltd,27AAAAA3784A1Z5
G_005204,895.00,2025-06-12,INV/2025/3380,None,27AAAAA6876A1ZY
G_005205,13038.00,2025-04-10,INV/2025/17012,Vendor 5205 Pvt Ltd,27AAAAA7810A1ZE
G_005206,48921.00,2025-03-23,INV/2025/92505,Vendor 5206 Pvt Ltd,27AAAAA6429A1Z9
G_005207,42616.00,2025-09-15,INV/2025/72859,Vendor 5207 Pvt Ltd,27AAAAA1786A1Z7
G_005208,83456.00,2025-06-05,INV/2025/31803,Vendor 5208 Pvt Ltd,27AAAAA8291A1Z1
G_005209,91776.00,2026-01-01,INV/2025/41116,Vendor 5209 Pvt Ltd,27AAAAA1938A1ZD
G_005210,97899.00,2025-12-13,INV/2025/27014,Vendor 5210 Private Limited,27AAAAA6568A1Z1
G_005211,15279.00,2025-06-18,INV/2025/21861,Vendor 5211 Pvt Ltd,27AAAAA8133A1ZC
G_005212,58469.00,2025-12-27,INV/2025/72211,Vendor 5212 PVT LTD,27AAAAA8585A1ZW
G_005213,10907.00,2025-08-16,INV/2025/37223,Vendor 5213 Private Limited,27AAAAA4621A1ZJ
G_005214,33487.00,2025-07-03,,Vendor 5214 Pvt Ltd,27AAAAA1325A1ZO
G_005215,15531.00,2025-10-06,INV/2025/57592,Vendor 5215 Pvt Ltd,27AAAAA8715A1Z8
G_005216,17302.00,2025-04-02,,Vendor 5216 Pvt Ltd,27AAAAA6070A1ZC
G_005217,181638.00,2025-06-01,INV/2025/87605,Vendor 5217 Pvt Ltd,27AAAAA6381A1Z6
G_005218,96628.00,2025-06-30,INV/2025/74863,Vendor 5218 Pvt Ltd,27AAAAA6340A1ZF
G_005219,78688.00,2025-11-07,INV/2025/12568,Vendor 5219 Pvt Ltd,27AAAAA9125A1ZA
G_005220,77748.00,2025-10-08,INV/2025/30294,Vendor 5220 Pvt Ltd,27AAAAA8359A1Z0
G_005221,61407.00,2025-07-30,INV/2025/19716,Vendor 5221 Pvt Ltd,27AAAAA6428A1ZA
G_005222,11603.00,2025-07-19,INV/2025/1073,None,27AAAAA2705A1ZM
G_005223,74869.00,2025-08-26,INV/2025/6108,Vendor 5223 Pvt Ltd,27AAAAA9693A1ZT
G_005224,23894.00,2025-03-01,INV/2025/27883,Vendor 5224 Pvt Ltd,27AAAAA3750A1ZF
G_005225,8067.00,2025-01-04,INV/2025/68373,Vendor 5225 Pvt Ltd,27AAAAA7159A1Z4
G_005226,17126.00,2025-12-10,INV/2025/67530,VENDOR 5226 PVT LTD,27AAAAA2152A1ZL
G_005227,1021.00,2025-12-18,INV/2025/65991,Vendor 5227 Pvt Ltd,27AAAAA4723A1ZG
G_005228,98102.00,2025-05-07,INV/2025/96751,Vendor 5228 Pvt Ltd,
G_005229,61250.00,2025-02-23,,Vendor 5229 Pvt Ltd,27AAAAA3074A1ZE
G_005230,6475.00,2025-04-23,INV/2025/28688,Vendor,27AAAAA7454A1Z6
G_005231,88786.00,2025-06-30,INV/2025/20075,vendor 5231 pvt ltd,27AAAAA9504A1ZB
G_005232,52078.00,2025-09-20,INV/2025/86453,Vendor 5232 Pvt Ltd,27AAAAA9390A1ZZ
G_005233,30882.00,2025-10-22,INV/2025/62264,Vendor 5233 Pvt Ltd,27AAAAA5230A1ZK
G_005234,84647.00,2025-01-03,INV/2025/62638,Vendor 5234 Pvt Ltd,27AAAAA1140A1ZR
G_005235,36366.00,2025-06-10,INV/2025/61627,vendor 5235 pvt ltd,27AAAAA5869A1ZZ
G_005236,36420.00,2025-02-26,INV/2025/6664,Vendor 5236 Pvt Ltd,27AAAAA6074A1Z8
G_005237,97593.00,2025-08-07,INV/2025/18752,Vendor 5237 Pvt Ltd,27AAAAA3791A1Z6
G_005238,37430.00,2025-12-01,INV/2025/31442,Vendor 5238 Pvt Ltd,27AAAAA6625A1ZB
G_005239,74554.00,2025-02-25,INV/2025/91357,Vendor 5239 Pvt Ltd,27AAAAA6810A1ZG
G_005240,32800.00,2025-06-24,INV/2025/76987,VENDOR 5240 PVT LTD,27AAAAA5245A1ZD
G_005241,86546.00,2025-11-17,INV/2025/84470,Vendor 5241 Pvt Ltd,27AAAAA9449A1ZZ
G_005242,47793.00,2025-09-17,INV/2025/42186,Vendor 5242 Pvt Ltd,27AAAAA8031A1ZF
G_005243,43336.00,2025-08-02,,Vendor 5243 Pvt Ltd,27AAAAA9140A1ZB
G_005244,62614.00,2025-09-27,,Vendor 5244 Pvt Ltd,27AAAAA7199A1ZW
G_005245,88860.00,2025-01-20,INV/2025/65068,Vendor 5245 Pvt Ltd,
G_005246,85579.00,2025-12-10,INV/2025/13826,Vendor 5246 Pvt Ltd,
G_005247,12410.00,2025-12-18,,Vendor 5247 Pvt Ltd,27AAAAA7355A1Z6
G_005248,84237.00,2025-11-17,INV/2025/1342,Vendor 5248 Pvt Ltd,27AAAAA1418A1ZM
G_005249,76628.00,2025-03-22,INV/2025/20478,Vendor 5249 Pvt Ltd,27AAAAA7355A1Z6
G_005250,42245.00,2025-05-25,INV/2025/2789,Vendor 5250 Pvt Ltd,27AAAAA9209A1Z9
G_005251,17125.00,2025-10-11,INV/2025/44650,Vendor 5251 Private Limited,27AAAAA6571A1Z6
G_005252,11503.00,2025-03-12,INV/2025/90571,Vendor 5252 Pvt Ltd,27AAAAA3598A1Z1
G_005253,91110.00,2025-12-10,INV/2025/94183,Vendor 5253 Pvt Ltd,27AAAAA6137A1ZC
G_005254,20530.00,2025-05-15,INV/2025/78887,Vendor 5254 PVT LTD,27AAAAA8380A1Z3
G_005255,32300.00,2025-05-18,INV/2025/64186,Vendor 5255 Pvt Ltd,27AAAAA3096A1Z8
G_005256,4476.00,2025-10-27,INV/2025/32853,Vendor 5256 Pvt Ltd,27AAAAA6402A1ZK
G_005257,5592.00,2025-03-18,INV/2025/5816,Vendor 5257 Pvt Ltd,27AAAAA8397A1ZU
G_005258,9752.00,2025-04-10,,Vendor 5258 Pvt Ltd,27AAAAA5120A1ZN
G_005259,73973.00,2025-05-21,INV/2025/62617,Vendor 5259 Pvt Ltd,27AAAAA6905A1ZC
G_005260,86957.00,2025-11-02,,Vendor 5260 Pvt Ltd,27AAAAA5084A1Z8
G_005261,54950.00,2025-06-16,INV/2025/4888,Vendor 5261 Pvt Ltd,27AAAAA1233A1ZP
G_005262,22232.00,2025-03-18,INV/2025/71912,vendor 5262 pvt ltd,27AAAAA3520A1ZN
G_005263,47899.00,2025-07-17,INV/2025/39802,Vendor 5263 Pvt Ltd,27AAAAA1432A1ZO
G_005264,32649.00,2025-12-10,,Vendor 5264 Pvt Ltd,27AAAAA6778A1ZX
G_005265,44678.00,2025-10-25,INV/2025/44642,Vendor 5265 Pvt Ltd,27AAAAA6305A1ZI
G_005266,92596.00,2025-06-20,INV/2025/57191,Vendor 5266 Pvt Ltd,27AAAAA4477A1Z5
G_005267,79492.00,2025-12-11,,Vendor 5267 Pvt Ltd,27AAAAA9829A1ZZ
G_005268,64083.00,2025-07-29,INV/2025/26124,VENDOR 5268 PVT LTD,27AAAAA3242A1ZK
G_005269,4735.00,2025-01-15,INV/2025/69098,Vendor 5269 Pvt Ltd,27AAAAA7734A1Z7
G_005270,105138.00,2025-10-17,INV/2025/50418,Vendor 5270 Pvt Ltd,27AAAAA5000A1ZS
G_005271,73868.00,2025-01-09,,Vendor 5271 Pvt Ltd,27AAAAA7948A1ZZ
G_005272,74055.00,2025-08-16,,Vendor 5272 Pvt Ltd,27AAAAA2016A1ZQ
G_005273,13755.00,2025-08-23,INV/2025/80363,Vendor 5273 Pvt Ltd,27AAAAA7560A1Z7
G_005274,3213.00,2025-02-04,INV/2025/45664,Vendor 5274 PVT LTD,27AAAAA8573A1Z0
G_005275,76648.00,2025-04-17,INV/2025/34141,Vendor 5275 Pvt Ltd,27AAAAA4394A1Z5
G_005276,78629.00,2025-09-01,,Vendor 5276 Pvt Ltd,27AAAAA8150A1ZB
G_005277,72351.00,2025-11-29,INV/2025/26380,None,27AAAAA2210A1ZU
G_005278,77193.00,2025-11-22,INV/2025/10511,Vendor 5278 Pvt Ltd,27AAAAA4788A1ZZ
G_005279,14842.00,2025-01-02,INV/2025/45194,Vendor 5279 Pvt Ltd,27AAAAA3403A1ZP
G_005280,22819.00,2025-08-02,,Vendor 5280 Pvt Ltd,27AAAAA3615A1ZJ
G_005281,19147.00,2025-09-19,INV/2025/31562,Vendor,27AAAAA3063A1ZH
G_005282,59610.00,2025-01-28,INV/2025/42360,Vendor 5282 Pvt Ltd,27AAAAA3979A1Z0
G_005283,96482.00,2025-10-05,,Vendor 5283 Pvt Ltd,27AAAAA9044A1Z8
G_005284,19143.00,2025-02-01,INV/2025/53458,Vendor 5284 Pvt Ltd,27AAAAA9970A1ZX
G_005285,91024.00,2025-01-14,,Vendor 5285 Pvt Ltd,27AAAAA9495A1ZT
G_005286,38260.00,2025-05-13,INV/2025/55520,Vendor 5286 Pvt Ltd,27AAAAA1868A1Z8
G_005287,97178.00,2025-05-19,INV/2025/65365,Vendor 5287 Pvt Ltd,27AAAAA3250A1ZK
G_005288,90881.00,2025-01-10,INV/2025/85768,Vendor 5288 Pvt Ltd,27AAAAA7831A1Z9
G_005289,57766.00,2025-03-21,INV/2025/92065,None,27AAAAA5346A1ZB
G_005290,47520.00,2025-08-25,INV/2025/29510,Vendor 5290 Pvt Ltd,27AAAAA3898A1ZY
G_005291,61608.00,2025-09-11,,Vendor 5291 Pvt Ltd,27AAAAA5105A1ZM
G_005292,572.00,2025-12-23,INV/2025/92629,Vendor,27AAAAA8233A1ZB
G_005293,60150.00,2025-01-28,INV/2025/57882,Vendor 5293 Pvt Ltd,27AAAAA8669A1ZV
G_005294,65652.00,2025-11-07,,Vendor 5294 Pvt Ltd,27AAAAA9420A1ZC
G_005295,20424.00,2025-07-24,INV/2025/69478,Vendor 5295 Pvt Ltd,27AAAAA6018A1ZG
G_005296,38636.00,2025-07-25,INV/2025/91048,Vendor 5296 Pvt Ltd,27AAAAA9399A1ZQ
G_005297,15766.00,2025-08-13,INV/2025/4518,Vendor 5297 Pvt Ltd,27AAAAA5213A1ZL
G_005298,9869.00,2025-11-27,,Vendor 5298 Pvt Ltd,27AAAAA9072A1Z4
G_005299,95603.00,2025-07-23,INV/2025/72139,None,27AAAAA7343A1ZA
G_005300,49645.00,2025-06-06,,Vendor 5300 Pvt Ltd,27AAAAA7576A1ZZ
G_005301,83458.00,2025-02-02,INV/2025/19919,Vendor 5301 Pvt Ltd,27AAAAA7024A1ZG
G_005302,22932.00,2025-05-15,INV/2025/18502,Vendor 5302 Pvt Ltd Inc,27AAAAA3018A1ZM
G_005303,88213.00,2025-12-18,INV/2025/36396,Vendor 5303 Pvt Ltd,27AAAAA7112A1ZJ
G_005304,11207.00,2025-10-23,INV/2025/80158,Vendor 5304 Pvt Ltd,27AAAAA1295A1ZB
G_005305,72997.00,2025-01-11,INV/2025/69458,Vendor 5305 Pvt Ltd,27AAAAA5287A1Z3
G_005306,61871.00,2025-01-01,INV/2025/91720,vendor 5306 pvt ltd,27AAAAA2941A1ZG
G_005307,13570.00,2025-07-07,INV/2025/23354,Vendor 5307 Pvt Ltd,27AAAAA8960A1Z1
G_005308,95065.00,2025-01-29,INV/2025/62773,Vendor 5308 Pvt Ltd,27AAAAA4704A1ZJ
G_005309,75988.00,2025-07-10,INV/2025/96945,Vendor 5309 Pvt Ltd,27AAAAA9977A1ZQ
G_005310,85049.00,2025-05-31,INV/2025/55038,Vendor 5310 Pvt Ltd,27AAAAA3484A1Z8
G_005311,12104.00,2025-01-18,,Vendor 5311 Pvt Ltd,27AAAAA2103A1ZU
G_005312,6784.00,2025-02-24,INV/2025/66059,Vendor 5312 Pvt Ltd Inc,27AAAAA8683A1ZX
G_005313,1649.00,2025-07-10,INV/2025/7300,Vendor 5313 Pvt Ltd,27AAAAA3893A1Z3
G_005314,21526.00,2025-12-18,INV/2025/83145,Vendor 5314 Pvt Ltd,27AAAAA8758A1ZX
G_005315,4395.00,2025-02-11,,Vendor 5315 Pvt Ltd,27AAAAA3877A1Z3
G_005316,47872.00,2025-11-16,INV/2025/80042,Vendor 5316 Pvt Ltd,27AAAAA8711A1ZC
G_005317,83986.00,2025-04-28,INV/2025/79531,Vendor 5317 Pvt Ltd,27AAAAA6468A1Z2
G_005318,98163.00,2025-06-08,INV/2025/34345,Vendor 5318 Pvt Ltd,27AAAAA3479A1Z5
G_005319,87780.00,2025-11-29,INV/2025/22726,Vendor 5319 Pvt Ltd,27AAAAA5225A1ZH
G_005320,14911.00,2025-06-28,INV/2025/95214,Vendor 5320 Pvt Ltd,27AAAAA5656A1Z6
G_005321,12278.00,2025-04-07,INV/2025/32241,Vendor 5321 Pvt Ltd,27AAAAA7002A1ZM
G_005322,58314.00,2025-08-05,INV/2025/99512,Vendor 5322 Pvt Ltd,27AAAAA4764A1Z7
G_005323,99636.00,2025-10-01,INV/2025/16101,Vendor 5323 Pvt Ltd,27AAAAA8328A1Z7
G_005324,69593.00,2025-06-13,INV/2025/46023,Vendor 5324 Pvt Ltd,27AAAAA1078A1ZE
G_005325,39576.00,2025-11-03,INV/2025/87153,Vendor 5325 Pvt Ltd,27AAAAA8500A1ZH
G_005326,80758.00,2025-07-20,INV/2025/68660,Vendor 5326 Pvt Ltd Inc,27AAAAA5886A1ZY
G_005327,67668.00,2025-01-30,,Vendor 5327 Pvt Ltd,27AAAAA1571A1ZG
G_005328,105258.00,2025-03-29,INV/2025/38125,Vendor 5328 Pvt Ltd,27AAAAA9246A1Z4
G_005329,43445.00,2025-01-14,INV/2025/75047,VENDOR 5329 PVT LTD,27AAAAA5350A1ZF
G_005330,33973.00,2025-07-11,INV/2025/32914,Vendor 5330 Pvt Ltd,27AAAAA3992A1Z3
G_005331,12836.00,2025-03-01,INV/2025/12865,Vendor 5331 Private Limited,27AAAAA2790A1Z9
G_005332,48851.00,2025-12-21,,Vendor 5332 Pvt Ltd,27AAAAA9488A1ZS
G_005333,67166.00,2025-11-09,INV/2025/73601,vendor 5333 pvt ltd,27AAAAA7951A1Z4
G_005334,21850.00,2025-02-09,INV/2025/32819,Vendor 5334 Pvt Ltd,27AAAAA4643A1ZD
G_005335,65646.00,2025-12-07,INV/2025/28478,Vendor 5335 Pvt Ltd,27AAAAA2929A1ZC
G_005336,85406.00,2025-05-21,,Vendor 5336 Pvt Ltd,27AAAAA4253A1ZF
G_005337,20573.00,2025-03-17,,Vendor 5337 Pvt Ltd,27AAAAA1653A1ZH
G_005338,80866.00,2025-09-11,,Vendor 5338 Pvt Ltd,27AAAAA6671A1Z5
G_005339,38963.00,2025-10-07,INV/2025/22491,Vendor 5339 Pvt Ltd,
G_005340,71935.00,2025-02-22,INV/2025/95143,Vendor 5340 Private Limited,27AAAAA8934A1Z3
G_005341,61766.00,2025-12-16,INV/2025/34473,VENDOR 5341 PVT LTD,27AAAAA5618A1ZC
G_005342,50771.00,2025-01-03,INV/2025/39625,Vendor 5342 Pvt Ltd,27AAAAA5997A1ZU
G_005343,13691.00,2025-09-04,INV/2025/95510,Vendor 5343 Pvt Ltd Inc,27AAAAA8465A1Z1
G_005344,10664.00,2025-05-15,INV/2025/57332,Vendor 5344 Pvt Ltd,27AAAAA3953A1ZA
G_005345,70267.00,2025-01-25,INV/2025/36576,Vendor 5345 Pvt Ltd,27AAAAA6504A1ZH
G_005346,55651.00,2025-08-17,INV/2025/57080,VENDOR 5346 PVT LTD,27AAAAA3964A1Z7
G_005347,77390.00,2025-10-05,INV/2025/69778,Vendor 5347 Pvt Ltd,27AAAAA8454A1Z4
G_005348,36640.00,2025-06-18,INV/2025/68203,Vendor 5348 Pvt Ltd,27AAAAA5803A1ZH
G_005349,9179.00,2025-05-01,INV/2025/37390,Vendor 5349 Pvt Ltd,27AAAAA5831A1ZD
G_005350,94739.00,2025-10-25,,Vendor 5350 Pvt Ltd,27AAAAA3231A1ZN
G_005351,90704.00,2025-06-18,INV/2025/79914,Vendor 5351 Pvt Ltd,27AAAAA1053A1ZN
G_005352,87064.00,2025-02-02,INV/2025/92526,Vendor 5352 Pvt Ltd Inc,27AAAAA6453A1Z9
G_005353,67724.00,2025-11-05,INV/2025/4567,Vendor 5353 Pvt Ltd,27AAAAA5082A1ZA
G_005354,37631.00,2025-05-31,INV/2025/63720,Vendor,27AAAAA9650A1Z4
G_005355,53462.00,2025-03-02,,Vendor 5355 Pvt Ltd,27AAAAA6725A1ZA
G_005356,17940.00,2025-12-28,INV/2025/18342,Vendor 5356 Pvt Ltd,27AAAAA7587A1ZW
G_005357,3799.00,2025-12-03,INV/2025/55904,Vendor 5357 Pvt Ltd,27AAAAA8624A1Z8
G_005358,41528.00,2025-04-29,INV/2025/14387,Vendor 5358 Pvt Ltd,27AAAAA1495A1Z9
G_005359,59018.00,2025-11-22,INV/2025/40257,Vendor 5359 Pvt Ltd,27AAAAA3138A1ZH
G_005360,177196.00,2025-04-01,INV/2025/86271,Vendor 5360 Pvt Ltd,27AAAAA8208A1ZC
G_005361,83427.00,2025-11-29,INV/2025/22227,Vendor 5361 Pvt Ltd,27AAAAA7780A1Z1
G_005362,54937.00,2025-04-07,INV/2025/9208,Vendor 5362 Pvt Ltd,27AAAAA6769A1ZY
G_005363,71351.00,2025-12-24,INV/2025/2879,Vendor 5363 Pvt Ltd,27AAAAA4435A1ZF
G_005364,70824.00,2025-01-25,INV/2025/52785,Vendor 5364 Pvt Ltd,27AAAAA8999A1ZM
G_005365,45544.00,2025-11-15,INV/2025/67932,Vendor 5365 Pvt Ltd,27AAAAA5895A1ZX
G_005366,46453.00,2025-08-10,INV/2025/43743,Vendor 5366 Pvt Ltd,27AAAAA4795A1Z0
G_005367,21759.00,2025-11-18,INV/2025/73217,Vendor 5367 PVT LTD,27AAAAA1470A1ZI
G_005368,22560.00,2025-12-06,INV/2025/69591,Vendor 5368 Pvt Ltd,27AAAAA2245A1ZJ
G_005369,80506.00,2025-05-20,INV/2025/52132,vendor 5369 pvt ltd,27AAAAA6178A1Z3
G_005370,23116.00,2025-10-02,,Vendor 5370 Pvt Ltd,27AAAAA6081A1Z9
G_005371,37659.00,2025-08-18,INV/2025/5719,Vendor 5371 Pvt Ltd,27AAAAA9726A1Z3
G_005372,87898.00,2025-04-23,INV/2025/89409,Vendor 5372 Pvt Ltd,27AAAAA2298A1Z6
G_005373,24098.00,2025-03-27,INV/2025/28473,Vendor 5373 Pvt Ltd,27AAAAA8541A1Z8
G_005374,50121.00,2025-09-25,,Vendor 5374 Pvt Ltd,27AAAAA8087A1ZZ
G_005375,98269.00,2025-09-04,INV/2025/72452,Vendor 5375 Pvt Ltd,27AAAAA8250A1ZA
G_005376,92168.00,2025-12-06,INV/2025/45292,Vendor 5376 Pvt Ltd,27AAAAA9873A1ZV
G_005377,96934.00,2025-07-13,INV/2025/4808,Vendor 5377 Pvt Ltd,27AAAAA8581A1Z0
G_005378,58929.00,2025-10-15,INV/2025/30687,Vendor 5378 Pvt Ltd,27AAAAA2310A1ZT
G_005379,53406.00,2025-04-04,INV/2025/88272,None,27AAAAA1118A1ZP
G_005380,98979.00,2025-11-22,INV/2025/93305,Vendor 5380 Pvt Ltd,27AAAAA6684A1Z0
G_005381,22838.00,2025-04-09,INV/2025/86245,Vendor 5381 Pvt Ltd,27AAAAA7967A1ZW
G_005382,65598.00,2025-11-26,INV/2025/94564,Vendor 5382 Pvt Ltd,27AAAAA8420A1ZE
G_005383,69665.00,2025-07-02,INV/2025/93499,Vendor 5383 PVT LTD,27AAAAA6564A1Z5
G_005384,60692.00,2025-04-23,INV/2025/98709,None,27AAAAA3061A1ZJ
G_005385,117682.00,2025-01-12,INV/2025/41917,Vendor 5385 Pvt Ltd,27AAAAA6642A1ZA
G_005386,43493.00,2025-06-25,INV/2025/45269,Vendor 5386 Pvt Ltd,27AAAAA3496A1Z4
G_005387,75970.00,2025-08-19,INV/2025/61051,Vendor 5387 Pvt Ltd Inc,27AAAAA4652A1ZC
G_005388,62578.00,2025-10-13,,Vendor 5388 Pvt Ltd,27AAAAA7808A1Z8
G_005389,83675.00,2025-05-27,,Vendor 5389 Pvt Ltd,27AAAAA7903A1ZC
G_005390,51345.00,2025-06-25,INV/2025/50822,Vendor 5390 Pvt Ltd Inc,27AAAAA9644A1Z2
G_005391,67589.00,2025-12-10,INV/2025/35675,Vendor 5391 Pvt Ltd,27AAAAA5563A1Z8
G_005392,24664.00,2025-12-31,INV/2025/24372,Vendor 5392 Private Limited,27AAAAA4395A1Z4
G_005393,37248.00,2025-10-06,INV/2025/79943,Vendor 5393 Pvt Ltd,27AAAAA3671A1ZB
G_005394,3902.00,2025-01-06,INV/2025/87407,Vendor 5394 Pvt Ltd,
G_005395,41097.00,2025-10-26,INV/2025/78702,Vendor 5395 Pvt Ltd Inc,27AAAAA5288A1Z2
G_005396,36090.00,2025-01-17,INV/2025/64988,Vendor 5396 Pvt Ltd,27AAAAA7909A1Z6
G_005397,27143.00,2025-01-31,INV/2025/12159,Vendor 5397 Pvt Ltd,27AAAAA6292A1Z4
G_005398,32204.00,2025-10-22,INV/2025/68063,Vendor 5398 Pvt Ltd,27AAAAA4692A1Z4
G_005399,65478.00,2025-02-16,INV/2025/50272,Vendor 5399 Pvt Ltd,27AAAAA9266A1Z0
G_005400,55713.00,2025-10-09,INV/2025/82861,Vendor 5400 Pvt Ltd,27AAAAA6830A1ZC
G_005401,10021.00,2025-01-20,INV/2025/71888,Vendor 5401 Private Limited,27AAAAA9980A1ZV
G_005402,27193.00,2025-08-23,INV/2025/37726,Vendor 5402 Pvt Ltd,27AAAAA7614A1ZC
G_005403,83447.00,2025-12-02,INV/2025/59962,Vendor 5403 Pvt Ltd,27AAAAA3118A1ZL
G_005404,9390.00,2025-06-13,INV/2025/50934,Vendor 5404 Pvt Ltd,27AAAAA8549A1Z0
G_005405,60744.00,2025-12-23,INV/2025/77200,Vendor 5405 Pvt Ltd Inc,27AAAAA7030A1ZI
G_005406,44746.00,2025-10-18,INV/2025/45991,Vendor 5406 Pvt Ltd Inc,27AAAAA9104A1ZF
G_005407,45005.00,2025-06-15,INV/2025/86005,Vendor 5407 Pvt Ltd,27AAAAA1416A1ZO
G_005408,73912.00,2025-12-30,INV/2025/83777,Vendor 5408 Pvt Ltd,27AAAAA3195A1Z8
G_005409,47882.00,2025-05-27,INV/2025/10739,VENDOR 5409 PVT LTD,27AAAAA9420A1ZC
G_005410,180994.00,2025-06-10,INV/2025/18168,Vendor 5410 Pvt Ltd,27AAAAA3628A1ZE
G_005411,59492.00,2025-12-09,INV/2025/70414,VENDOR 5411 PVT LTD,27AAAAA2010A1ZW
G_005412,51789.00,2025-11-29,INV/2025/42069,Vendor 5412 Pvt Ltd,27AAAAA2217A1ZN
G_005413,12228.00,2025-06-03,INV/2025/50055,Vendor 5413 Pvt Ltd,27AAAAA4030A1ZO
G_005414,19621.00,2025-01-31,INV/2025/27805,Vendor 5414 Pvt Ltd,27AAAAA6237A1ZB
G_005415,124346.00,2025-11-19,INV/2025/51556,Vendor 5415 Pvt Ltd,27AAAAA3220A1ZQ
G_005416,67325.00,2025-10-08,INV/2025/19546,Vendor 5416 Pvt Ltd,27AAAAA1421A1ZR
G_005417,89649.00,2025-05-04,INV/2025/23584,Vendor 5417 Pvt Ltd,27AAAAA6937A1Z4
G_005418,75102.00,2025-01-05,INV/2025/97571,Vendor 5418 Pvt Ltd,27AAAAA5661A1Z9
G_005419,30712.00,2025-05-29,INV/2025/85408,Vendor 5419 Pvt Ltd,
G_005420,23172.00,2025-02-15,,Vendor 5420 Pvt Ltd,27AAAAA2478A1Z8
G_005421,46444.00,2025-09-02,INV/2025/75930,Vendor 5421 Pvt Ltd,27AAAAA3699A1ZZ
G_005422,37103.00,2025-09-02,,Vendor 5422 Pvt Ltd,27AAAAA1440A1ZO
G_005423,20267.00,2025-06-16,INV/2025/40647,Vendor 5423 Pvt Ltd,27AAAAA4877A1Z1
G_005424,30044.00,2025-04-15,INV/2025/40662,Vendor 5424 Pvt Ltd,27AAAAA2424A1ZM
G_005425,93167.00,2025-07-07,INV/2025/62995,Vendor 5425 Pvt Ltd,27AAAAA9230A1ZC
G_005426,90789.00,2025-04-01,INV/2025/61513,Vendor 5426 Pvt Ltd,27AAAAA8084A1Z2
G_005427,64793.00,2025-05-03,INV/2025/39057,Vendor 5427 Pvt Ltd,27AAAAA2908A1ZH
G_005428,162530.00,2025-02-14,INV/2025/92200,Vendor 5428 Pvt Ltd,27AAAAA3710A1ZN
G_005429,12193.00,2025-05-29,,Vendor 5429 Pvt Ltd,27AAAAA1646A1ZG
G_005430,81111.00,2025-09-27,INV/2025/79950,Vendor 5430 Pvt Ltd,27AAAAA3666A1Z8
G_005431,93345.00,2025-02-05,INV/2025/76811,Vendor 5431 Pvt Ltd,27AAAAA9655A1ZZ
G_005432,20780.00,2025-04-07,INV/2025/16337,Vendor 5432 Pvt Ltd,27AAAAA1591A1ZC
G_005433,88010.00,2025-04-22,INV/2025/26191,Vendor 5433 Pvt Ltd,27AAAAA2148A1ZH
G_005434,12433.00,2025-08-15,INV/2025/20871,Vendor 5434 Pvt Ltd,27AAAAA4389A1Z2
G_005435,64201.00,2025-01-28,,Vendor 5435 Pvt Ltd,27AAAAA7532A1ZB
G_005436,63572.00,2025-02-13,,Vendor 5436 Pvt Ltd,27AAAAA2133A1ZO
G_005437,73917.00,2025-02-17,INV/2025/82052,Vendor 5437 Pvt Ltd,27AAAAA9976A1ZR
G_005438,38184.00,2025-01-19,INV/2025/43081,Vendor 5438 Pvt Ltd,27AAAAA4918A1ZB
G_005439,3104.00,2025-05-08,,Vendor 5439 Pvt Ltd,27AAAAA3603A1ZN
G_005440,56442.00,2025-01-15,INV/2025/65630,Vendor 5440 Pvt Ltd,27AAAAA7027A1ZD
G_005441,51328.00,2025-06-26,INV/2025/8606,Vendor 5441 Pvt Ltd,27AAAAA6681A1Z3
G_005442,47037.00,2025-12-29,INV/2025/86592,Vendor 5442 Pvt Ltd,27AAAAA3514A1ZL
G_005443,99177.00,2025-04-17,INV/2025/16423,Vendor 5443 Pvt Ltd,27AAAAA7182A1Z5
G_005444,84312.00,2025-09-15,INV/2025/96432,Vendor 5444 Pvt Ltd,27AAAAA9150A1Z9
G_005445,41447.00,2025-12-20,INV/2025/99965,Vendor 5445 Pvt Ltd,27AAAAA1898A1Z2
G_005446,24736.00,2025-10-21,INV/2025/81222,Vendor 5446 Pvt Ltd,27AAAAA1507A1ZO
G_005447,55743.00,2025-07-24,INV/2025/61510,Vendor 5447 Pvt Ltd,27AAAAA1990A1Z9
G_005448,52868.00,2025-11-02,INV/2025/53022,Vendor 5448 Pvt Ltd,27AAAAA5602A1ZK
G_005449,32582.00,2025-04-22,INV/2025/91442,Vendor 5449 Pvt Ltd,27AAAAA3243A1ZJ
G_005450,97380.00,2025-12-15,INV/2025/42717,Vendor 5450 Private Limited,27AAAAA2771A1ZC
G_005451,8711.00,2025-05-21,INV/2025/86978,Vendor 5451 Pvt Ltd,27AAAAA9117A1ZA
G_005452,24034.00,2025-04-21,INV/2025/40091,Vendor 5452 Pvt Ltd,27AAAAA5090A1ZA
G_005453,44355.00,2025-10-01,INV/2025/65345,Vendor 5453 Pvt Ltd,27AAAAA7655A1Z3
G_005454,90997.00,2025-09-27,INV/2025/73359,Vendor 5454 Pvt Ltd,27AAAAA9875A1ZT
G_005455,32003.00,2025-08-28,INV/2025/44916,Vendor 5455 Private Limited,27AAAAA3803A1ZL
G_005456,24545.00,2025-03-14,,Vendor 5456 Pvt Ltd,27AAAAA9075A1Z1
G_005457,90861.00,2025-03-14,INV/2025/90901,Vendor 5457 Pvt Ltd,27AAAAA9875A1ZT
G_005458,46770.00,2025-06-11,INV/2025/15754,Vendor 5458 Pvt Ltd,27AAAAA5494A1Z2
G_005459,3236.00,2025-04-20,INV/2025/41739,Vendor 5459 PVT LTD,27AAAAA7894A1ZU
G_005460,56246.00,2025-09-11,INV/2025/72127,Vendor 5460 PVT LTD,27AAAAA4853A1Z9
G_005461,25718.00,2025-07-22,INV/2025/74740,Vendor 5461 Pvt Ltd,27AAAAA4940A1ZD
G_005462,33929.00,2025-12-22,INV/2025/31852,Vendor 5462 Pvt Ltd,27AAAAA1533A1ZM
G_005463,40889.00,2025-07-31,,Vendor 5463 Pvt Ltd,27AAAAA9501A1ZE
G_005464,96838.00,2025-09-03,INV/2025/94285,Vendor 5464 Pvt Ltd,27AAAAA8057A1Z5
G_005465,11678.00,2025-03-08,INV/2025/6058,Vendor 5465 Pvt Ltd,27AAAAA9046A1Z6
G_005466,45346.00,2025-03-28,INV/2025/76377,Vendor 5466 Pvt Ltd,27AAAAA6454A1Z8
G_005467,34198.00,2025-07-03,INV/2025/68290,Vendor 5467 Pvt Ltd,27AAAAA2996A1Z1
G_005468,98312.00,2025-05-18,INV/2025/34169,Vendor 5468 Pvt Ltd,27AAAAA2817A1ZH
G_005469,92732.00,2025-06-09,INV/2025/94236,Vendor 5469 Pvt Ltd,27AAAAA2847A1ZB
G_005470,9627.00,2025-08-01,INV/2025/71649,Vendor 5470 Pvt Ltd,27AAAAA2121A1ZS
G_005471,4169.00,2025-04-12,INV/2025/50158,Vendor 5471 Pvt Ltd,27AAAAA7335A1ZA
G_005472,52485.00,2025-01-12,INV/2025/44626,Vendor 5472 Pvt Ltd,27AAAAA3726A1ZF
G_005473,49787.00,2025-06-29,INV/2025/34843,Vendor 5473 Pvt Ltd,27AAAAA5417A1ZF
G_005474,49877.00,2025-09-17,INV/2025/99705,Vendor 5474 Pvt Ltd,27AAAAA5043A1ZH
G_005475,65613.00,2025-08-20,,Vendor 5475 Pvt Ltd,27AAAAA4792A1Z3
G_005476,38119.00,2025-12-13,INV/2025/36742,Vendor 5476 Pvt Ltd Inc,27AAAAA4250A1ZI
G_005477,74365.00,2025-07-01,INV/2025/89416,Vendor 5477 Pvt Ltd,27AAAAA6537A1Z8
G_005478,30360.00,2025-01-04,INV/2025/12302,Vendor 5478 Pvt Ltd,27AAAAA1145A1ZM
G_005479,20047.00,2025-09-12,,Vendor 5479 Pvt Ltd,27AAAAA3255A1ZF
G_005480,77045.00,2025-08-30,INV/2025/36003,vendor 5480 pvt ltd,27AAAAA7167A1Z4
G_005481,97585.00,2025-04-17,INV/2025/52193,Vendor 5481 Pvt Ltd,27AAAAA8291A1Z1
G_005482,76243.00,2025-06-16,INV/2025/90021,Vendor 5482 Private Limited,27AAAAA1906A1ZL
G_005483,34000.00,2025-01-16,INV/2025/94865,Vendor 5483 Private Limited,27AAAAA4173A1ZC
G_005484,4444.00,2025-10-06,INV/2025/15876,Vendor 5484 Pvt Ltd,27AAAAA6909A1Z8
G_005485,98878.00,2025-01-10,INV/2025/32529,Vendor 5485 Pvt Ltd,27AAAAA5253A1ZD
G_005486,73758.00,2025-05-20,,Vendor 5486 Pvt Ltd,27AAAAA5126A1ZH
G_005487,4546.00,2025-01-08,INV/2025/91574,Vendor 5487 Pvt Ltd,27AAAAA8592A1ZX
G_005488,93492.00,2025-12-05,INV/2025/76550,Vendor 5488 Pvt Ltd,27AAAAA6418A1ZC
G_005489,23855.00,2025-11-01,INV/2025/47582,Vendor 5489 Pvt Ltd,27AAAAA5995A1ZW
G_005490,56165.00,2025-10-22,INV/2025/44162,Vendor 5490 Pvt Ltd,27AAAAA7343A1ZA
G_005491,91236.00,2025-12-24,INV/2025/47363,Vendor 5491 Pvt Ltd,27AAAAA6616A1ZC
G_005492,1670.00,2025-02-27,,Vendor 5492 Pvt Ltd,27AAAAA1127A1ZO
G_005493,85081.00,2025-08-17,INV/2025/27829,Vendor 5493 Pvt Ltd,27AAAAA2095A1ZB
G_005494,91472.00,2025-06-13,INV/2025/77687,Vendor 5494 Pvt Ltd,27AAAAA5662A1Z8
G_005495,53747.00,2025-12-31,INV/2025/28899,None,27AAAAA2925A1ZG
G_005496,96081.00,2025-09-21,INV/2025/80434,Vendor 5496 Pvt Ltd,27AAAAA5562A1Z9
G_005497,7049.00,2025-02-16,INV/2025/59321,Vendor 5497 Pvt Ltd,27AAAAA1756A1ZD
G_005498,16542.00,2025-12-16,INV/2025/94336,vendor 5498 pvt ltd,27AAAAA2694A1Z6
G_005499,53189.00,2025-02-08,INV/2025/97687,Vendor 5499 Pvt Ltd,27AAAAA8347A1Z4
G_005500,73426.00,2025-05-25,INV/2025/12778,None,27AAAAA5943A1Z8
G_005501,82350.00,2026-01-01,INV/2025/46954,Vendor 5501 Pvt Ltd,27AAAAA5017A1ZJ
G_005502,26575.00,2025-11-24,INV/2025/28953,Vendor 5502 Pvt Ltd,27AAAAA9877A1ZR
G_005503,93546.00,2025-07-03,INV/2025/54134,VENDOR 5503 PVT LTD,27AAAAA8731A1Z8
G_005504,86547.00,2025-04-17,,Vendor 5504 Pvt Ltd,27AAAAA3042A1ZM
G_005505,49692.00,2025-05-21,INV/2025/84520,Vendor 5505 Pvt Ltd,27AAAAA6336A1ZB
G_005506,10951.00,2025-06-24,INV/2025/68849,vendor 5506 pvt ltd,27AAAAA2570A1ZF
G_005507,68871.00,2025-08-28,INV/2025/5917,VENDOR 5507 PVT LTD,27AAAAA2060A1ZM
G_005508,9667.00,2025-01-02,INV/2025/64916,Vendor 5508 Pvt Ltd,27AAAAA5548A1Z7
G_005509,10070.00,2025-06-03,INV/2025/53602,Vendor 5509 Pvt Ltd,27AAAAA2953A1ZC
G_005510,13609.00,2025-10-26,INV/2025/67170,Vendor 5510 Pvt Ltd,27AAAAA2338A1ZH
G_005511,47711.00,2025-06-05,INV/2025/23604,Vendor 5511 Pvt Ltd,27AAAAA8495A1ZV
G_005512,96001.00,2025-12-10,,Vendor 5512 Pvt Ltd,27AAAAA4487A1Z3
G_005513,93219.00,2025-04-05,INV/2025/32611,Vendor 5513 Pvt Ltd,27AAAAA6512A1ZH
G_005514,38424.00,2025-10-14,INV/2025/89433,Vendor 5514 Pvt Ltd,
G_005515,61540.00,2025-10-14,,Vendor 5515 Pvt Ltd,27AAAAA1925A1ZI
G_005516,31852.00,2025-03-30,,Vendor 5516 Pvt Ltd,27AAAAA6580A1Z5
G_005517,72268.00,2025-03-25,INV/2025/99953,Vendor 5517 Pvt Ltd,27AAAAA1504A1ZR
G_005518,80644.00,2025-07-29,INV/2025/88273,Vendor 5518 Pvt Ltd,27AAAAA1989A1Z2
G_005519,71028.00,2025-08-09,,Vendor 5519 Pvt Ltd,27AAAAA3431A1ZL
G_005520,28281.00,2025-10-20,,Vendor 5520 Pvt Ltd,27AAAAA9999A1ZK
G_005521,40396.00,2025-07-26,INV/2025/88639,Vendor 5521 Private Limited,27AAAAA7715A1ZA
G_005522,1918.00,2025-04-07,,Vendor 5522 Pvt Ltd,27AAAAA1019A1ZP
G_005523,58691.00,2025-01-24,INV/2025/33239,Vendor 5523 Pvt Ltd,27AAAAA1346A1ZJ
G_005524,165746.00,2025-09-20,INV/2025/99541,Vendor 5524 Pvt Ltd,27AAAAA9646A1Z0
G_005525,98595.00,2025-10-24,INV/2025/30464,Vendor 5525 Pvt Ltd,27AAAAA8121A1ZG
G_005526,74894.00,2025-09-21,INV/2025/31746,Vendor 5526 Pvt Ltd,27AAAAA1575A1ZC
G_005527,88231.00,2025-12-22,INV/2025/91644,Vendor 5527 Pvt Ltd,27AAAAA3532A1ZJ
G_005528,57805.00,2025-07-29,INV/2025/90668,Vendor 5528 Pvt Ltd,27AAAAA9860A1Z0
G_005529,62329.00,2025-05-27,,Vendor 5529 Pvt Ltd,27AAAAA1971A1ZC
G_005530,41605.00,2025-08-15,INV/2025/18462,Vendor 5530 Pvt Ltd,27AAAAA7471A1Z5
G_005531,11871.00,2025-11-03,INV/2025/67824,Vendor 5531 Pvt Ltd,27AAAAA5524A1ZF
G_005532,65427.00,2025-09-02,INV/2025/76680,Vendor 5532 Pvt Ltd,27AAAAA5447A1Z9
G_005533,51010.00,2025-06-07,INV/2025/44757,Vendor 5533 Pvt Ltd,27AAAAA1661A1ZH
G_005534,23634.00,2025-07-23,,Vendor 5534 Pvt Ltd,27AAAAA8167A1Z2
G_005535,16484.00,2025-07-19,,Vendor 5535 Pvt Ltd,27AAAAA4550A1ZF
G_005536,48756.00,2025-08-15,INV/2025/30187,Vendor 5536 Pvt Ltd,27AAAAA3815A1ZH
G_005537,60583.00,2025-05-13,INV/2025/6140,Vendor 5537 Pvt Ltd,27AAAAA1540A1ZN
G_005538,45035.00,2025-03-17,INV/2025/85842,Vendor 5538 Pvt Ltd,27AAAAA9436A1Z4
G_005539,48347.00,2025-03-04,INV/2025/17402,Vendor 5539 Pvt Ltd,27AAAAA8841A1Z5
G_005540,99722.00,2025-11-21,INV/2025/76334,Vendor 5540 Private Limited,27AAAAA8900A1ZD
G_005541,27617.00,2025-07-24,,Vendor 5541 Pvt Ltd,27AAAAA6868A1ZY
G_005542,25544.00,2025-03-11,INV/2025/65561,Vendor 5542 Pvt Ltd,27AAAAA4422A1ZK
G_005543,17076.00,2025-03-18,,Vendor 5543 Pvt Ltd,27AAAAA5224A1ZI
G_005544,68209.00,2025-04-29,INV/2025/61994,Vendor 5544 Pvt Ltd,27AAAAA3610A1ZO
G_005545,65281.00,2025-12-12,INV/2025/24162,Vendor 5545 Pvt Ltd,27AAAAA4589A1Z0
G_005546,13470.00,2025-01-19,INV/2025/31549,Vendor 5546 Pvt Ltd,
G_005547,1005.00,2025-10-06,INV/2025/91823,Vendor 5547 PVT LTD,27AAAAA1871A1ZD
G_005548,4560.00,2025-04-15,INV/2025/98394,Vendor 5548 Pvt Ltd,27AAAAA5112A1ZN
G_005549,30668.00,2025-04-11,INV/2025/90495,Vendor 5549 Pvt Ltd,27AAAAA4130A1ZN
G_005550,27696.00,2025-10-01,INV/2025/37822,Vendor 5550 Pvt Ltd,27AAAAA9431A1Z9
G_005551,16861.00,2025-07-04,INV/2025/85629,Vendor 5551 Pvt Ltd,27AAAAA2351A1ZK
G_005552,35408.00,2025-08-26,INV/2025/29720,Vendor 5552 Pvt Ltd,27AAAAA1207A1ZR
G_005553,98763.00,2025-12-18,INV/2025/89805,Vendor 5553 Pvt Ltd,27AAAAA7089A1ZZ
G_005554,70925.00,2025-01-09,INV/2025/86530,Vendor 5554 Pvt Ltd Inc,27AAAAA7318A1ZB
G_005555,40360.00,2025-06-04,INV/2025/96408,Vendor 5555 Pvt Ltd,27AAAAA7023A1ZH
G_005556,29257.00,2025-08-26,INV/2025/82359,Vendor,27AAAAA9837A1ZZ
G_005557,27134.00,2026-01-01,INV/2025/20066,Vendor,27AAAAA6295A1Z1
G_005558,68571.00,2025-09-29,INV/2025/48534,Vendor 5558 Pvt Ltd Inc,27AAAAA8023A1ZF
G_005559,69066.00,2025-10-12,INV/2025/28968,VENDOR 5559 PVT LTD,27AAAAA3175A1ZC
G_005560,80526.00,2025-11-07,,Vendor 5560 Pvt Ltd,27AAAAA8484A1ZY
G_005561,28633.00,2025-12-13,INV/2025/28685,Vendor 5561 Pvt Ltd,27AAAAA9484A1ZW
G_005562,21724.00,2025-02-18,INV/2025/78838,None,27AAAAA4899A1ZV
G_005563,45378.00,2025-07-05,INV/2025/11577,vendor 5563 pvt ltd,27AAAAA7891A1ZX
G_005564,1631.00,2025-07-22,INV/2025/58135,Vendor 5564 Pvt Ltd,27AAAAA6433A1ZD
G_005565,53157.00,2025-11-23,INV/2025/88961,Vendor 5565 Pvt Ltd,27AAAAA9585A1ZU
G_005566,64877.00,2025-08-02,INV/2025/62739,Vendor 5566 Pvt Ltd,27AAAAA5876A1Z0
G_005567,56272.00,2025-05-07,INV/2025/19654,Vendor 5567 Pvt Ltd Inc,27AAAAA9714A1Z7
G_005568,95876.00,2025-01-01,INV/2025/31292,Vendor 5568 PVT LTD,27AAAAA2458A1ZC
G_005569,50055.00,2025-03-28,INV/2025/21015,Vendor 5569 Pvt Ltd,27AAAAA8695A1ZT
G_005570,31821.00,2025-12-13,INV/2025/58903,Vendor 5570 Pvt Ltd,27AAAAA7560A1Z7
G_005571,29965.00,2025-11-02,INV/2025/80130,Vendor 5571 Pvt Ltd,27AAAAA7793A1ZW
G_005572,1046.00,2025-04-13,INV/2025/73919,Vendor 5572 Pvt Ltd Inc,27AAAAA5735A1ZA
G_005573,108926.00,2025-07-05,INV/2025/58079,Vendor 5573 Pvt Ltd,27AAAAA5685A1Z1
G_005574,7729.00,2025-09-20,INV/2025/65303,Vendor 5574 Pvt Ltd,27AAAAA8699A1ZP
G_005575,4314.00,2025-12-06,INV/2025/20198,Vendor 5575 Pvt Ltd,27AAAAA2491A1ZB
G_005576,88112.00,2025-07-12,INV/2025/30025,Vendor 5576 PVT LTD,27AAAAA7228A1ZA
G_005577,172378.00,2025-08-25,INV/2025/27855,Vendor 5577 Pvt Ltd,27AAAAA7398A1ZV
G_005578,37466.00,2025-09-16,INV/2025/60246,Vendor 5578 Pvt Ltd,27AAAAA4350A1ZH
G_005579,55947.00,2025-12-08,INV/2025/52306,Vendor 5579 Pvt Ltd,27AAAAA2070A1ZK
G_005580,4475.00,2025-11-05,INV/2025/2360,Vendor 5580 Pvt Ltd,27AAAAA3029A1ZJ
G_005581,94471.00,2025-01-12,INV/2025/99014,Vendor 5581 Pvt Ltd,27AAAAA7493A1ZZ
G_005582,54278.00,2025-06-08,,Vendor 5582 Pvt Ltd,27AAAAA3527A1ZG
G_005583,87193.00,2025-08-29,INV/2025/68383,Vendor 5583 Pvt Ltd,27AAAAA4239A1ZD
G_005584,24150.00,2025-09-05,INV/2025/57458,Vendor 5584 Pvt Ltd,27AAAAA5577A1Z2
G_005585,78673.00,2025-04-12,INV/2025/65965,Vendor 5585 Pvt Ltd,27AAAAA1380A1ZH
G_005586,83789.00,2025-10-14,INV/2025/15082,Vendor 5586 Pvt Ltd,27AAAAA6992A1ZX
G_005587,32464.00,2025-05-20,INV/2025/55849,Vendor 5587 Pvt Ltd,27AAAAA9041A1ZB
G_005588,33515.00,2025-09-10,INV/2025/28971,Vendor 5588 PVT LTD,27AAAAA5917A1ZA
G_005589,7565.00,2025-12-31,INV/2025/43674,Vendor 5589 Pvt Ltd,27AAAAA9996A1ZN
G_005590,86500.00,2025-06-19,INV/2025/51985,Vendor 5590 Pvt Ltd,27AAAAA1491A1ZD
G_005591,72599.00,2025-04-08,INV/2025/58999,Vendor 5591 Pvt Ltd Inc,27AAAAA2439A1ZF
G_005592,11971.00,2025-10-31,,Vendor 5592 Pvt Ltd,27AAAAA8250A1ZA
G_005593,58434.00,2025-05-21,INV/2025/33179,Vendor 5593 Pvt Ltd,27AAAAA7607A1ZB
G_005594,66076.00,2025-01-21,INV/2025/52782,Vendor 5594 Pvt Ltd,27AAAAA4511A1ZM
G_005595,31523.00,2025-01-24,,Vendor 5595 Pvt Ltd,27AAAAA3454A1ZE
G_005596,36855.00,2025-07-21,,Vendor 5596 Pvt Ltd,27AAAAA7388A1ZX
G_005597,39181.00,2025-04-29,INV/2025/47966,Vendor 5597 Pvt Ltd,27AAAAA4642A1ZE
G_005598,23274.00,2025-02-27,INV/2025/25466,Vendor 5598 Pvt Ltd,
G_005599,66213.00,2025-08-20,INV/2025/9322,Vendor 5599 Pvt Ltd,27AAAAA4852A1ZA
G_005600,43369.00,2025-06-08,INV/2025/55998,Vendor,27AAAAA4433A1ZH
G_005601,77092.00,2025-01-31,INV/2025/28779,Vendor 5601 Pvt Ltd,27AAAAA5909A1ZA
G_005602,60334.00,2025-08-09,,Vendor 5602 Pvt Ltd,27AAAAA5525A1ZE
G_005603,55940.00,2025-02-11,INV/2025/25413,Vendor 5603 Pvt Ltd,27AAAAA2342A1ZL
G_005604,99001.00,2025-05-02,INV/2025/96292,vendor 5604 pvt ltd,27AAAAA1725A1ZK
G_005605,92250.00,2025-10-10,INV/2025/54578,Vendor 5605 Pvt Ltd,27AAAAA6128A1ZD
G_005606,5658.00,2025-06-04,INV/2025/17072,Vendor 5606 Pvt Ltd,27AAAAA1727A1ZI
G_005607,28500.00,2025-07-10,INV/2025/18173,Vendor 5607 Pvt Ltd,27AAAAA7571A1Z4
G_005608,135366.00,2025-06-10,INV/2025/42373,Vendor 417 Pvt Ltd,27AAAAA5371A1ZA
G_005609,63266.00,2025-04-09,INV/2025/68981,Vendor 5609 Pvt Ltd,27AAAAA6549A1Z4
G_005610,9088.00,2025-04-05,INV/2025/39574,Vendor 5610 Pvt Ltd,
G_005611,12242.00,2025-07-11,INV/2025/74260,Vendor 5611 Pvt Ltd,27AAAAA9879A1ZP
G_005612,78446.00,2025-06-01,INV/2025/80637,VENDOR 5612 PVT LTD,27AAAAA2484A1ZA
G_005613,82081.00,2025-07-11,,Vendor 5613 Pvt Ltd,27AAAAA7572A1Z3
G_005614,88159.00,2025-10-31,INV/2025/30178,Vendor 5614 Pvt Ltd,
G_005615,65854.00,2025-08-10,INV/2025/87542,Vendor 5615 Pvt Ltd,27AAAAA2335A1ZK
G_005616,1603.00,2025-11-25,INV/2025/41788,Vendor 5616 PVT LTD,27AAAAA9786A1ZR
G_005617,92785.00,2025-03-25,INV/2025/99463,Vendor 5617 Pvt Ltd,
G_005618,2363.00,2025-09-09,INV/2025/93011,Vendor 5618 Pvt Ltd,27AAAAA6990A1ZZ
G_005619,77562.00,2025-04-23,INV/2025/28202,Vendor 5619 Pvt Ltd,27AAAAA4190A1ZB
G_005620,21490.00,2025-03-11,INV/2025/6516,None,27AAAAA6783A1Z0
G_005621,5519.00,2025-12-07,,Vendor 5621 Pvt Ltd,27AAAAA5344A1ZD
G_005622,88733.00,2025-02-07,INV/2025/62759,Vendor 5622 Pvt Ltd,27AAAAA8831A1Z7
G_005623,50609.00,2025-03-21,INV/2025/94893,Vendor 5623 Pvt Ltd,27AAAAA6714A1ZD
G_005624,52453.00,2025-02-24,INV/2025/9951,Vendor 5624 PVT LTD,27AAAAA7367A1Z2
G_005625,94578.00,2025-01-17,INV/2025/86153,Vendor 5625 Pvt Ltd,27AAAAA3151A1ZK
G_005626,77682.00,2025-07-09,INV/2025/10624,Vendor 5626 Pvt Ltd,27AAAAA7362A1Z7
G_005627,22122.00,2025-02-26,INV/2025/16450,Vendor 5627 Private Limited,27AAAAA2528A1ZH
G_005628,71146.00,2025-02-11,INV/2025/16917,Vendor 5628 PVT LTD,27AAAAA2039A1ZJ
G_005629,89169.00,2025-11-11,,Vendor 5629 Pvt Ltd,27AAAAA4768A1Z3
G_005630,42638.00,2025-07-02,,Vendor 5630 Pvt Ltd,27AAAAA3983A1Z4
G_005631,76227.00,2025-03-11,INV/2025/8807,Vendor 5631 Pvt Ltd,27AAAAA9115A1ZC
G_005632,37388.00,2025-12-06,INV/2025/45675,VENDOR 5632 PVT LTD,27AAAAA2884A1Z6
G_005633,91996.00,2025-11-06,INV/2025/14822,Vendor 5633 Pvt Ltd,
G_005634,74905.00,2025-07-27,INV/2025/72771,Vendor 5634 Pvt Ltd,27AAAAA2765A1ZA
G_005635,45159.00,2025-03-25,INV/2025/12672,Vendor 5635 Pvt Ltd,27AAAAA1505A1ZQ
G_005636,55437.00,2025-01-04,INV/2025/69008,Vendor 5636 Pvt Ltd,27AAAAA4557A1Z8
G_005637,90413.00,2025-10-13,INV/2025/2747,Vendor 5637 Pvt Ltd,27AAAAA2691A1Z9
G_005638,5670.00,2025-10-05,INV/2025/92942,Vendor 5638 Pvt Ltd,27AAAAA7669A1ZX
G_005639,33740.00,2025-01-20,INV/2025/73326,Vendor 5639 Pvt Ltd,27AAAAA6335A1ZC
G_005640,4010.00,2025-07-26,INV/2025/2514,None,27AAAAA6773A1Z2
G_005641,65832.00,2025-01-18,INV/2025/55259,Vendor 5641 Pvt Ltd,
G_005642,52315.00,2025-08-10,INV/2025/78872,vendor 5642 pvt ltd,27AAAAA6578A1ZZ
G_005643,45763.00,2025-10-20,INV/2025/86702,Vendor 5643 Pvt Ltd,27AAAAA9951A1Z0
G_005644,10346.00,2025-06-06,INV/2025/19753,vendor 5644 pvt ltd,27AAAAA5492A1Z4
G_005645,59646.00,2025-11-30,,Vendor 5645 Pvt Ltd,27AAAAA6883A1ZZ
G_005646,88505.00,2025-11-18,INV/2025/70947,Vendor 5646 Pvt Ltd,27AAAAA4121A1ZO
G_005647,79374.00,2025-02-13,INV/2025/79717,Vendor 5647 Pvt Ltd,27AAAAA2568A1Z9
G_005648,65029.00,2025-03-13,,Vendor 5648 Pvt Ltd,27AAAAA5680A1Z6
G_005649,38568.00,2025-12-11,INV/2025/94349,Vendor 5649 Pvt Ltd,27AAAAA8690A1ZY
G_005650,17762.00,2025-12-18,INV/2025/51779,Vendor 5650 Pvt Ltd,27AAAAA1234A1ZO
G_005651,11215.00,2025-03-03,INV/2025/52148,Vendor 5651 Pvt Ltd,27AAAAA7358A1Z3
G_005652,52401.00,2025-08-11,INV/2025/2032,Vendor 5652 Pvt Ltd,27AAAAA9849A1ZV
G_005653,52531.00,2025-10-08,,Vendor 5653 Pvt Ltd,27AAAAA5424A1ZG
G_005654,63423.00,2025-11-30,INV/2025/7025,Vendor 5654 Pvt Ltd,27AAAAA7767A1ZY
G_005655,65326.00,2025-09-09,INV/2025/90629,Vendor 5655 Pvt Ltd,27AAAAA3578A1Z5
G_005656,65274.00,2025-03-09,INV/2025/28037,Vendor 5656 Pvt Ltd,27AAAAA6962A1Z3
G_005657,19493.00,2025-05-21,,Vendor 5657 Pvt Ltd,27AAAAA6280A1Z8
G_005658,97456.00,2025-07-19,INV/2025/5436,Vendor 5658 Pvt Ltd,27AAAAA6596A1ZX
G_005659,81273.00,2025-06-08,INV/2025/79669,Vendor 5659 Pvt Ltd,27AAAAA9560A1Z3
G_005660,14255.00,2025-07-05,INV/2025/8414,Vendor 5660 Pvt Ltd,27AAAAA3945A1ZA
G_005661,96064.00,2025-04-27,INV/2025/44313,Vendor 5661 Pvt Ltd,27AAAAA6897A1ZT
G_005662,67606.00,2025-05-20,,Vendor 5662 Pvt Ltd,27AAAAA2950A1ZF
G_005663,37869.00,2025-12-06,INV/2025/20583,Vendor 5663 Pvt Ltd,27AAAAA4767A1Z4
G_005664,968.00,2025-11-06,,Vendor 5664 Pvt Ltd,27AAAAA3024A1ZO
G_005665,33935.00,2025-04-26,INV/2025/96097,Vendor 5665 Pvt Ltd,27AAAAA5437A1ZB
G_005666,36936.00,2025-01-16,,Vendor 5666 Pvt Ltd,27AAAAA2230A1ZQ
G_005667,34865.00,2025-12-22,INV/2025/26799,vendor 5667 pvt ltd,27AAAAA4644A1ZC
G_005668,77660.00,2025-10-06,INV/2025/20808,Vendor 5668 Pvt Ltd Inc,27AAAAA8892A1ZU
G_005669,12770.00,2025-02-28,,Vendor 5669 Pvt Ltd,27AAAAA3434A1ZI
G_005670,28544.00,2025-09-09,,Vendor 5670 Pvt Ltd,27AAAAA2519A1ZI
G_005671,10691.00,2025-09-15,INV/2025/15293,Vendor 5671 Private Limited,27AAAAA9471A1Z1
G_005672,19839.00,2025-06-09,,Vendor 5672 Pvt Ltd,27AAAAA7272A1Z6
G_005673,68168.00,2025-11-12,INV/2025/99935,Vendor 5673 Pvt Ltd,
G_005674,66151.00,2025-08-31,,Vendor 5674 Pvt Ltd,27AAAAA6924A1Z9
G_005675,16812.00,2025-08-02,INV/2025/28945,Vendor 5675 Pvt Ltd,27AAAAA6682A1Z2
G_005676,18936.00,2025-04-11,INV/2025/99171,Vendor 5676 Pvt Ltd,27AAAAA9735A1Z2
G_005677,40839.00,2025-06-01,INV/2025/99022,Vendor 5677 Pvt Ltd,27AAAAA6153A1ZC
G_005678,42952.00,2025-03-01,,Vendor 5678 Pvt Ltd,27AAAAA4319A1ZG
G_005679,72653.00,2025-01-13,INV/2025/44400,Vendor 5679 Pvt Ltd,27AAAAA4056A1ZE
G_005680,48010.00,2025-04-28,INV/2025/73616,Vendor 5680 Pvt Ltd,27AAAAA6511A1ZI
G_005681,1032.00,2025-05-15,INV/2025/58852,Vendor 5681 Pvt Ltd,27AAAAA3602A1ZO
G_005682,92976.00,2025-01-23,INV/2025/70766,Vendor 5682 Pvt Ltd,27AAAAA7207A1ZF
G_005683,39320.00,2025-06-14,INV/2025/93637,VENDOR 5683 PVT LTD,27AAAAA9112A1ZF
G_005684,7389.00,2025-11-17,INV/2025/62949,Vendor 5684 Pvt Ltd,27AAAAA3119A1ZK
G_005685,94050.00,2025-07-19,INV/2025/73803,Vendor 5685 Pvt Ltd,27AAAAA4524A1ZH
G_005686,98412.00,2025-12-30,INV/2025/18860,Vendor 5686 Pvt Ltd,27AAAAA7085A1Z3
G_005687,63114.00,2025-06-01,,Vendor 5687 Pvt Ltd,27AAAAA1564A1ZF
G_005688,28918.00,2025-01-02,INV/2025/84305,Vendor 5688 Pvt Ltd,27AAAAA7351A1ZA
G_005689,93384.00,2025-03-14,INV/2025/78447,Vendor 5689 Pvt Ltd,27AAAAA5688A1ZY
G_005690,92876.00,2025-08-25,INV/2025/41879,Vendor 5690 Pvt Ltd,27AAAAA6775A1Z0
G_005691,78108.00,2025-11-10,INV/2025/63760,Vendor 5691 Pvt Ltd,27AAAAA2132A1ZP
G_005692,29824.00,2025-04-27,,Vendor 5692 Pvt Ltd,27AAAAA6937A1Z4
G_005693,21678.00,2025-11-15,INV/2025/57640,Vendor 5693 Pvt Ltd,27AAAAA2511A1ZQ
G_005694,97920.00,2025-04-16,INV/2025/83992,Vendor 5694 Pvt Ltd,27AAAAA1748A1ZD
G_005695,95698.00,2025-12-31,INV/2025/72137,Vendor 5695 Pvt Ltd,27AAAAA9131A1ZC
G_005696,96262.00,2025-09-29,INV/2025/69615,None,27AAAAA2127A1ZM
G_005697,52983.00,2025-01-28,,Vendor 5697 Pvt Ltd,27AAAAA9384A1ZX
G_005698,15252.00,2025-07-07,INV/2025/76063,Vendor,27AAAAA3143A1ZK
G_005699,59913.00,2025-08-12,INV/2025/29782,Vendor,27AAAAA4561A1ZC
G_005700,27711.00,2025-04-20,INV/2025/16404,Vendor 5700 Pvt Ltd,27AAAAA1737A1ZG
G_005701,34708.00,2025-10-13,,Vendor 5701 Pvt Ltd,27AAAAA6267A1Z5
G_005702,59143.00,2025-04-16,INV/2025/90884,Vendor 5702 Pvt Ltd,27AAAAA5748A1Z5
G_005703,28718.00,2025-07-22,INV/2025/73820,Vendor 5703 Pvt Ltd,27AAAAA9607A1Z7
G_005704,33633.00,2025-01-04,INV/2025/61167,Vendor 5704 Pvt Ltd,27AAAAA9132A1ZB
G_005705,46401.00,2025-07-25,INV/2025/2641,Vendor 5705 Pvt Ltd,27AAAAA7735A1Z6
G_005706,94084.00,2025-03-13,,Vendor 5706 Pvt Ltd,27AAAAA7187A1Z0
G_005707,15847.00,2025-04-03,INV/2025/91104,Vendor 5707 PVT LTD,27AAAAA3533A1ZI
G_005708,66087.00,2025-08-01,INV/2025/71409,Vendor 5708 Pvt Ltd,27AAAAA4482A1Z8
G_005709,57819.00,2025-03-10,INV/2025/56923,Vendor 5709 Pvt Ltd,27AAAAA5285A1Z5
G_005710,25995.00,2025-01-06,INV/2025/40238,Vendor 5710 Pvt Ltd,27AAAAA4374A1Z9
G_005711,149600.00,2025-03-27,INV/2025/87803,Vendor 5711 Pvt Ltd,27AAAAA8059A1Z3
G_005712,4354.00,2025-05-20,INV/2025/72182,Vendor 5712 Pvt Ltd,27AAAAA7505A1ZE
G_005713,26626.00,2025-05-10,,Vendor 5713 Pvt Ltd,27AAAAA3977A1Z2
G_005714,68395.00,2025-05-22,,Vendor 5714 Pvt Ltd,27AAAAA6571A1Z6
G_005715,68369.00,2025-12-03,,Vendor 5715 Pvt Ltd,27AAAAA2842A1ZG
G_005716,12955.00,2025-03-20,INV/2025/35260,Vendor 5716 Pvt Ltd,27AAAAA6758A1Z1
G_005717,98320.00,2025-05-01,INV/2025/62300,Vendor 5717 Private Limited,27AAAAA7370A1Z7
G_005718,40330.00,2025-10-14,INV/2025/94103,Vendor 5718 Pvt Ltd,27AAAAA1310A1ZV
G_005719,12531.00,2025-02-12,INV/2025/91347,Vendor 5719 Pvt Ltd,27AAAAA9667A1ZV
G_005720,94946.00,2025-10-10,INV/2025/82975,Vendor 5720 Pvt Ltd,27AAAAA6728A1Z7
G_005721,81713.00,2025-05-07,INV/2025/66488,Vendor 5721 PVT LTD,27AAAAA2200A1ZW
G_005722,53854.00,2025-04-10,INV/2025/91354,Vendor 5722 Pvt Ltd,27AAAAA4417A1ZH
G_005723,64176.00,2025-07-24,INV/2025/61452,Vendor 5723 Pvt Ltd,27AAAAA3904A1ZJ
G_005724,48086.00,2025-10-18,INV/2025/28472,Vendor 5724 Pvt Ltd,27AAAAA8997A1ZO
G_005725,27444.00,2025-06-08,INV/2025/12704,Vendor 5725 Pvt Ltd,27AAAAA2178A1ZB
G_005726,153508.00,2025-06-27,INV/2025/29843,Vendor 5726 Pvt Ltd,27AAAAA2195A1ZA
G_005727,85605.00,2025-10-06,INV/2025/40030,Vendor 5727 Pvt Ltd,27AAAAA9973A1ZU
G_005728,25264.00,2025-04-13,INV/2025/80666,vendor 5728 pvt ltd,27AAAAA3134A1ZL
G_005729,15170.00,2025-07-06,INV/2025/4613,Vendor 5729 Pvt Ltd,27AAAAA7652A1Z6
G_005730,80026.00,2025-02-24,INV/2025/44818,Vendor 5730 Pvt Ltd,27AAAAA4669A1Z3
G_005731,37201.00,2025-04-04,INV/2025/99223,Vendor 5731 Pvt Ltd,27AAAAA6043A1ZF
G_005732,81164.00,2025-03-22,INV/2025/10776,Vendor 5732 Pvt Ltd,27AAAAA9182A1Z1
G_005733,11507.00,2025-01-02,INV/2025/96174,Vendor,27AAAAA1209A1ZP
G_005734,32879.00,2025-08-24,INV/2025/93279,Vendor 5734 Pvt Ltd Inc,27AAAAA7299A1ZV
G_005735,45008.00,2025-09-04,INV/2025/30382,Vendor 5735 Private Limited,27AAAAA2467A1ZB
G_005736,60627.00,2025-12-08,INV/2025/31299,Vendor 5736 Pvt Ltd,27AAAAA7240A1ZE
G_005737,76650.00,2025-12-12,INV/2025/52695,Vendor 5737 Pvt Ltd,27AAAAA1599A1Z4
G_005738,60140.00,2025-04-03,INV/2025/57668,Vendor 5738 Pvt Ltd,27AAAAA4173A1ZC
G_005739,47788.00,2025-09-18,INV/2025/51718,Vendor,27AAAAA1936A1ZF
G_005740,47688.00,2025-11-14,INV/2025/62469,Vendor 5740 Pvt Ltd,27AAAAA5373A1Z8
G_005741,47536.00,2025-12-16,INV/2025/59186,Vendor 5741 PVT LTD,27AAAAA6964A1Z1
G_005742,61298.00,2025-01-04,INV/2025/16537,Vendor 5742 Pvt Ltd,27AAAAA9010A1ZI
G_005743,61250.00,2025-12-13,INV/2025/66422,Vendor 5743 Pvt Ltd,27AAAAA2570A1ZF
G_005744,703.00,2025-10-28,INV/2025/56575,Vendor,27AAAAA7778A1ZV
G_005745,84097.00,2025-12-18,INV/2025/73128,Vendor 5745 Pvt Ltd,27AAAAA9782A1ZV
G_005746,45060.00,2025-12-11,INV/2025/80292,Vendor 5746 Pvt Ltd,27AAAAA9581A1ZY
G_005747,49711.00,2025-09-03,INV/2025/78484,Vendor 5747 Pvt Ltd,27AAAAA9207A1ZB
G_005748,53934.00,2025-05-21,,Vendor 5748 Pvt Ltd,27AAAAA4187A1Z6
G_005749,26414.00,2025-03-18,INV/2025/65225,Vendor 5749 Pvt Ltd,27AAAAA7269A1Z1
G_005750,46060.00,2025-11-01,INV/2025/52604,Vendor 5750 Pvt Ltd,
G_005751,58354.00,2025-12-02,INV/2025/98178,Vendor 5751 Pvt Ltd,27AAAAA9490A1ZY
G_005752,58114.00,2025-02-10,INV/2025/46727,Vendor 5752 Pvt Ltd,27AAAAA5343A1ZE
G_005753,36154.00,2025-08-15,,Vendor 5753 Pvt Ltd,27AAAAA4909A1ZC
G_005754,33285.00,2025-01-13,INV/2025/48781,Vendor 5754 Pvt Ltd,27AAAAA3125A1ZM
G_005755,73389.00,2025-05-20,INV/2025/90027,Vendor 5755 Pvt Ltd,
G_005756,84206.00,2025-11-16,INV/2025/34908,Vendor 5756 Pvt Ltd,27AAAAA4719A1ZC
G_005757,45896.00,2025-05-24,,Vendor 5757 Pvt Ltd,27AAAAA8224A1ZC
G_005758,68909.00,2025-01-04,INV/2025/50099,Vendor 5758 Pvt Ltd,27AAAAA8897A1ZP
G_005759,48842.00,2025-07-26,INV/2025/77067,Vendor 5759 Pvt Ltd,27AAAAA9743A1Z2
G_005760,32563.00,2025-07-28,INV/2025/79752,Vendor 5760 Pvt Ltd,27AAAAA2980A1Z9
G_005761,5722.00,2025-12-23,INV/2025/37267,Vendor 5761 Pvt Ltd,27AAAAA4627A1ZD
G_005762,36123.00,2025-02-14,INV/2025/47104,Vendor 5762 Pvt Ltd,27AAAAA1907A1ZK
G_005763,23257.00,2025-12-28,INV/2025/34759,Vendor 5763 Pvt Ltd,27AAAAA1751A1ZI
G_005764,53526.00,2025-07-04,INV/2025/68702,Vendor 5764 Pvt Ltd,27AAAAA3312A1ZP
G_005765,27097.00,2025-04-14,,Vendor 5765 Pvt Ltd,27AAAAA8075A1Z3
G_005766,35027.00,2025-12-21,,Vendor 5766 Pvt Ltd,27AAAAA7996A1ZR
G_005767,28727.00,2025-03-11,INV/2025/64660,Vendor 5767 Pvt Ltd,27AAAAA5057A1ZB
G_005768,34762.00,2025-02-27,INV/2025/44997,None,27AAAAA8774A1ZX
G_005769,9250.00,2025-01-28,INV/2025/12637,Vendor 5769 Pvt Ltd,27AAAAA5647A1Z7
G_005770,5987.00,2025-09-05,INV/2025/70903,Vendor 5770 Pvt Ltd,27AAAAA8146A1Z7
G_005771,15171.00,2025-07-20,,Vendor 5771 Pvt Ltd,27AAAAA6372A1Z7
G_005772,62460.00,2025-10-17,INV/2025/84079,Vendor 5772 Pvt Ltd,27AAAAA8560A1Z5
G_005773,2947.00,2025-08-07,INV/2025/12428,Vendor 5773 Pvt Ltd,27AAAAA4867A1Z3
G_005774,58713.00,2025-12-02,INV/2025/49654,Vendor 5774 Pvt Ltd,27AAAAA6266A1Z6
G_005775,77437.00,2025-04-18,INV/2025/45747,Vendor 5775 Pvt Ltd,27AAAAA9652A1Z2
G_005776,87745.00,2025-11-25,INV/2025/90949,Vendor 5776 Pvt Ltd,27AAAAA6635A1Z9
G_005777,3900.00,2025-07-26,INV/2025/70187,Vendor 5777 Pvt Ltd,27AAAAA8656A1Z0
G_005778,8024.00,2025-09-04,INV/2025/12166,vendor 5778 pvt ltd,27AAAAA8707A1Z8
G_005779,21061.00,2025-11-04,INV/2025/24898,Vendor 5779 Pvt Ltd,27AAAAA2961A1ZC
G_005780,28728.00,2025-10-19,INV/2025/15390,Vendor 5780 Pvt Ltd,27AAAAA2554A1ZF
G_005781,47799.00,2025-11-03,INV/2025/85490,Vendor 5781 Pvt Ltd Inc,27AAAAA5154A1ZD
G_005782,91835.00,2025-04-17,INV/2025/33566,Vendor 5782 Pvt Ltd,27AAAAA2678A1Z6
G_005783,1277.00,2025-06-21,INV/2025/91888,Vendor 5783 Private Limited,27AAAAA8305A1ZE
G_005784,99517.00,2025-01-23,INV/2025/83309,Vendor 5784 Pvt Ltd,27AAAAA6953A1Z4
G_005785,56109.00,2025-05-17,INV/2025/6351,Vendor 5785 Pvt Ltd,27AAAAA1490A1ZE
G_005786,26967.00,2025-10-03,INV/2025/90224,Vendor,27AAAAA9646A1Z0
G_005787,67246.00,2025-04-11,INV/2025/2393,Vendor 5787 Pvt Ltd,27AAAAA5405A1ZJ
G_005788,60712.00,2025-04-20,,Vendor 5788 Pvt Ltd,27AAAAA6755A1Z4
G_005789,90552.00,2025-12-14,,Vendor 5789 Pvt Ltd,27AAAAA5665A1Z5
G_005790,62910.00,2025-04-05,INV/2025/68380,Vendor 5790 Pvt Ltd,27AAAAA3118A1ZL
G_005791,59303.00,2025-10-11,INV/2025/67328,Vendor 5791 Pvt Ltd,27AAAAA2928A1ZD
G_005792,33697.00,2025-05-06,,Vendor 5792 Pvt Ltd,27AAAAA7389A1ZW
G_005793,42779.00,2025-11-16,INV/2025/66873,Vendor 5793 Pvt Ltd,
G_005794,72297.00,2025-10-15,INV/2025/87375,Vendor 5794 Pvt Ltd Inc,27AAAAA1682A1ZC
G_005795,3239.00,2025-04-13,,Vendor 5795 Pvt Ltd,27AAAAA4532A1ZH
G_005796,57209.00,2025-01-03,INV/2025/94486,Vendor 5796 Pvt Ltd,27AAAAA1886A1Z6
G_005797,20934.00,2025-04-16,INV/2025/86062,Vendor 5797 Pvt Ltd,27AAAAA6924A1Z9
G_005798,50051.00,2025-04-11,INV/2025/29697,Vendor 5798 Pvt Ltd,27AAAAA7589A1ZU
G_005799,32328.00,2025-07-03,INV/2025/53369,Vendor 5799 Pvt Ltd,27AAAAA3705A1ZK
G_005800,3947.00,2025-08-14,INV/2025/79281,Vendor 5800 Private Limited,27AAAAA5011A1ZP
G_005801,7980.00,2025-04-03,INV/2025/90472,Vendor 5801 Pvt Ltd,27AAAAA5508A1ZF
G_005802,15497.00,2025-03-16,INV/2025/83307,Vendor 5802 PVT LTD,27AAAAA1421A1ZR
G_005803,673.00,2025-01-12,INV/2025/39300,Vendor 5803 Pvt Ltd,27AAAAA6347A1Z8
G_005804,36908.00,2025-12-25,INV/2025/6109,Vendor 5804 Pvt Ltd,27AAAAA9711A1ZA
G_005805,16656.00,2025-01-29,INV/2025/40446,Vendor 5805 Private Limited,27AAAAA9473A1ZZ
G_005806,74367.00,2025-05-02,,Vendor 5806 Pvt Ltd,27AAAAA1533A1ZM
G_005807,37833.00,2025-12-29,INV/2025/59757,Vendor 5807 Pvt Ltd,27AAAAA9694A1ZS
G_005808,99254.00,2025-09-06,INV/2025/79643,Vendor 5808 Pvt Ltd,27AAAAA8265A1Z3
G_005809,98203.00,2025-03-18,INV/2025/36506,Vendor 5809 Pvt Ltd,27AAAAA6364A1Z7
G_005810,49218.00,2025-02-13,INV/2025/71226,Vendor 5810 Pvt Ltd,27AAAAA2719A1ZG
G_005811,67630.00,2025-03-12,,Vendor 5811 Pvt Ltd,27AAAAA4076A1ZA
G_005812,13006.00,2025-09-16,INV/2025/45996,Vendor 5812 Pvt Ltd,27AAAAA6816A1ZA
G_005813,179914.00,2025-08-03,INV/2025/70188,Vendor 5813 Pvt Ltd,27AAAAA8651A1Z5
G_005814,77661.00,2025-01-22,INV/2025/32939,Vendor 5814 Pvt Ltd,27AAAAA6545A1Z8
G_005815,95511.00,2025-11-14,INV/2025/44036,Vendor 5815 Pvt Ltd,27AAAAA9221A1ZD
G_005816,88600.00,2025-06-23,INV/2025/2952,Vendor 5816 Pvt Ltd,
G_005817,76803.00,2025-02-28,INV/2025/94453,Vendor 5817 Pvt Ltd,
G_005818,85874.00,2025-05-11,INV/2025/38762,Vendor 5818 Pvt Ltd,27AAAAA3231A1ZN
G_005819,43673.00,2025-01-14,,Vendor 5819 Pvt Ltd,27AAAAA4888A1ZY
G_005820,45538.00,2025-06-30,INV/2025/79818,None,27AAAAA6916A1Z9
G_005821,43699.00,2025-09-18,INV/2025/67948,Vendor 5821 Pvt Ltd,27AAAAA7033A1ZF
G_005822,87137.00,2025-03-20,INV/2025/59541,Vendor 5822 Pvt Ltd,27AAAAA3197A1Z6
G_005823,59347.00,2025-11-18,,Vendor 5823 Pvt Ltd,27AAAAA8324A1ZB
G_005824,48588.00,2025-05-26,INV/2025/93804,Vendor 5824 Pvt Ltd,27AAAAA3947A1Z8
G_005825,19549.00,2025-05-28,INV/2025/97555,None,27AAAAA8329A1Z6
G_005826,80800.00,2025-01-20,INV/2025/3231,Vendor 5826 Pvt Ltd,27AAAAA8699A1ZP
G_005827,47834.00,2025-11-04,INV/2025/38251,Vendor 5827 Pvt Ltd Inc,27AAAAA6422A1ZG
G_005828,60634.00,2025-05-16,INV/2025/95323,Vendor 5828 Pvt Ltd,27AAAAA7985A1ZU
G_005829,55382.00,2025-12-04,INV/2025/65039,Vendor 5829 Pvt Ltd,27AAAAA6585A1Z0
G_005830,45125.00,2025-01-16,INV/2025/23119,Vendor 5830 Pvt Ltd,27AAAAA4620A1ZK
G_005831,98662.00,2025-06-04,INV/2025/17243,Vendor 5831 Pvt Ltd,27AAAAA1341A1ZO
G_005832,19436.00,2025-12-14,INV/2025/64265,Vendor 5832 Pvt Ltd,27AAAAA9041A1ZB
G_005833,37196.00,2025-07-08,INV/2025/15834,Vendor 5833 PVT LTD,27AAAAA2028A1ZM
G_005834,83588.00,2025-01-26,INV/2025/8324,Vendor 5834 Pvt Ltd,27AAAAA9133A1ZA
G_005835,72934.00,2025-05-04,INV/2025/38983,Vendor 5835 Pvt Ltd,27AAAAA6511A1ZI
G_005836,47748.00,2025-08-11,,Vendor 5836 Pvt Ltd,27AAAAA6508A1ZD
G_005837,26778.00,2025-07-10,INV/2025/87248,Vendor 5837 Pvt Ltd,27AAAAA4517A1ZG
G_005838,54463.00,2025-09-18,INV/2025/8073,None,27AAAAA7793A1ZW
G_005839,39621.00,2025-10-25,INV/2025/13013,Vendor 5839 Pvt Ltd,27AAAAA1127A1ZO
G_005840,38596.00,2025-04-13,INV/2025/11414,Vendor 5840 Pvt Ltd,27AAAAA1832A1ZK
G_005841,89293.00,2025-08-30,INV/2025/74289,Vendor 5841 Pvt Ltd,27AAAAA6400A1ZM
G_005842,76524.00,2025-04-29,INV/2025/30237,Vendor 5842 Pvt Ltd,27AAAAA8484A1ZY
G_005843,80848.00,2025-12-16,,Vendor 5843 Pvt Ltd,27AAAAA1757A1ZC
G_005844,4824.00,2025-09-26,,Vendor 5844 Pvt Ltd,27AAAAA7885A1ZV
G_005845,71707.00,2025-06-29,INV/2025/85702,Vendor 5845 Private Limited,27AAAAA9293A1ZX
G_005846,72434.00,2025-04-11,INV/2025/79278,Vendor 5846 Pvt Ltd,27AAAAA7091A1Z5
G_005847,22803.00,2025-01-23,INV/2025/22202,Vendor 5847 Pvt Ltd,27AAAAA4352A1ZF
G_005848,90011.00,2025-12-14,INV/2025/97150,Vendor 5848 Pvt Ltd,27AAAAA4110A1ZR
G_005849,31949.00,2025-09-13,INV/2025/77996,Vendor 5849 Pvt Ltd,27AAAAA8101A1ZK
G_005850,71317.00,2025-10-14,INV/2025/84398,Vendor 5850 Pvt Ltd,27AAAAA4869A1Z1
G_005851,73447.00,2025-09-30,INV/2025/81601,Vendor 5851 Pvt Ltd,27AAAAA2028A1ZM
G_005852,136444.00,2025-02-20,INV/2025/99656,Vendor 5852 Pvt Ltd,27AAAAA8369A1ZY
G_005853,196212.00,2025-05-20,INV/2025/18709,Vendor 5853 Pvt Ltd,27AAAAA5070A1ZE
G_005854,24427.00,2025-05-31,INV/2025/25424,Vendor 5854 Pvt Ltd,27AAAAA2518A1ZJ
G_005855,19616.00,2025-07-31,INV/2025/41233,Vendor 5855 Pvt Ltd,27AAAAA5556A1Z7
G_005856,170132.00,2025-10-14,INV/2025/26444,Vendor 5856 Pvt Ltd,27AAAAA8587A1ZU
G_005857,53376.00,2025-05-03,INV/2025/58978,vendor 5857 pvt ltd,27AAAAA8112A1ZH
G_005858,89635.00,2025-12-21,INV/2025/73045,Vendor 5858 Pvt Ltd,27AAAAA2522A1ZN
G_005859,35833.00,2025-11-09,INV/2025/75249,Vendor 5859 Pvt Ltd,27AAAAA5953A1Z6
G_005860,87099.00,2025-02-15,,Vendor 5860 Pvt Ltd,27AAAAA8305A1ZE
G_005861,74684.00,2025-11-12,INV/2025/93161,Vendor 5861 Pvt Ltd,27AAAAA4559A1Z6
G_005862,43390.00,2025-08-12,INV/2025/53871,Vendor 5862 Pvt Ltd,27AAAAA6358A1Z5
G_005863,1441.00,2025-03-20,INV/2025/83130,Vendor 5863 Pvt Ltd,27AAAAA5573A1Z6
G_005864,72913.00,2025-10-17,INV/2025/50156,Vendor 5864 Pvt Ltd,27AAAAA1182A1ZH
G_005865,51280.00,2025-08-03,,Vendor 5865 Pvt Ltd,27AAAAA7366A1Z3
G_005866,86776.00,2025-10-03,INV/2025/24863,Vendor 5866 Pvt Ltd,
G_005867,87261.00,2025-11-29,,Vendor 5867 Pvt Ltd,27AAAAA4981A1Z4
G_005868,50393.00,2025-10-14,INV/2025/65309,Vendor 5868 Pvt Ltd,27AAAAA5362A1ZB
G_005869,61403.00,2025-04-17,INV/2025/31199,Vendor 5869 Pvt Ltd,27AAAAA4711A1ZK
G_005870,7078.00,2025-07-18,INV/2025/89537,Vendor 5870 Pvt Ltd,27AAAAA5421A1ZJ
G_005871,92747.00,2025-09-24,INV/2025/43831,Vendor 5871 Pvt Ltd,27AAAAA5928A1Z7
G_005872,43314.00,2025-06-17,INV/2025/77561,Vendor 5872 Pvt Ltd,27AAAAA5349A1Z8
G_005873,88675.00,2025-08-19,INV/2025/87847,Vendor 5873 Pvt Ltd,27AAAAA6333A1ZE
G_005874,60442.00,2025-09-15,INV/2025/51511,Vendor 5874 Private Limited,27AAAAA7092A1Z4
G_005875,44313.00,2025-02-04,INV/2025/97306,Vendor 5875 Pvt Ltd,27AAAAA6776A1ZZ
G_005876,85514.00,2025-08-06,INV/2025/35227,VENDOR 5876 PVT LTD,27AAAAA8847A1ZZ
G_005877,29485.00,2025-03-26,INV/2025/62196,Vendor 5877 Pvt Ltd,27AAAAA7786A1ZV
G_005878,57036.00,2025-07-01,,Vendor 5878 Pvt Ltd,27AAAAA5183A1Z8
G_005879,5645.00,2025-02-01,INV/2025/39251,Vendor 5879 Pvt Ltd,27AAAAA3909A1ZE
G_005880,56630.00,2025-08-15,INV/2025/33775,Vendor 5880 Pvt Ltd,27AAAAA9357A1Z0
G_005881,18094.00,2025-01-26,INV/2025/33710,Vendor 5881 Pvt Ltd,27AAAAA7040A1ZG
G_005882,75027.00,2025-09-28,INV/2025/46560,vendor 5882 pvt ltd,27AAAAA2518A1ZJ
G_005883,53688.00,2025-07-11,INV/2025/83227,Vendor 5883 Pvt Ltd,27AAAAA6575A1Z2
G_005884,41978.00,2025-01-26,INV/2025/72227,Vendor 5884 Pvt Ltd,27AAAAA9967A1ZS
G_005885,24430.00,2025-04-06,INV/2025/94005,None,27AAAAA4072A1ZE
G_005886,53938.00,2025-12-30,INV/2025/27845,Vendor 5886 Pvt Ltd,27AAAAA7935A1Z4
G_005887,36688.00,2025-03-07,INV/2025/28159,Vendor 5887 Pvt Ltd,27AAAAA1780A1ZD
G_005888,5415.00,2025-09-16,,Vendor 5888 Pvt Ltd,27AAAAA7589A1ZU
G_005889,5764.00,2025-01-20,INV/2025/48661,Vendor 5889 Pvt Ltd,27AAAAA9045A1Z7
G_005890,35131.00,2025-06-28,,Vendor 5890 Pvt Ltd,27AAAAA9662A1Z0
G_005891,76171.00,2025-07-28,INV/2025/48428,Vendor 5891 Private Limited,27AAAAA5841A1ZB
G_005892,62107.00,2025-01-10,INV/2025/93181,Vendor 5892 Pvt Ltd,27AAAAA3174A1ZD
G_005893,12641.00,2025-02-27,INV/2025/39001,Vendor 5893 Pvt Ltd,27AAAAA8032A1ZE
G_005894,25493.00,2025-01-23,,Vendor 5894 Pvt Ltd,27AAAAA9254A1Z4
G_005895,62901.00,2025-07-07,INV/2025/17187,Vendor 5895 Pvt Ltd,27AAAAA8929A1Z0
G_005896,78132.00,2025-03-20,INV/2025/19341,Vendor 5896 Pvt Ltd,27AAAAA1177A1ZE
G_005897,37783.00,2025-06-23,INV/2025/27367,Vendor 5897 Pvt Ltd,27AAAAA8323A1ZC
G_005898,5831.00,2025-05-26,INV/2025/33221,Vendor 5898 Pvt Ltd,27AAAAA3539A1ZC
G_005899,32725.00,2025-02-14,INV/2025/24542,Vendor 5899 Pvt Ltd,27AAAAA5620A1ZI
G_005900,5766.00,2025-03-31,INV/2025/30053,Vendor 5900 Pvt Ltd,27AAAAA7523A1ZC
G_005901,46735.00,2025-06-23,INV/2025/67871,Vendor 5901 Pvt Ltd,27AAAAA7780A1Z1
G_005902,59565.00,2025-06-16,INV/2025/44484,Vendor 5902 Pvt Ltd,27AAAAA5104A1ZN
G_005903,7196.00,2025-12-12,INV/2025/32713,Vendor 5903 Pvt Ltd,27AAAAA3274A1ZC
G_005904,18970.00,2025-08-21,INV/2025/95899,Vendor 5904 Pvt Ltd,27AAAAA1941A1ZI
G_005905,98184.00,2025-12-17,INV/2025/58229,Vendor 5905 Private Limited,27AAAAA6836A1Z6
G_005906,83878.00,2025-08-25,INV/2025/10963,Vendor 5906 Pvt Ltd,27AAAAA1044A1ZO
G_005907,12068.00,2025-07-16,,Vendor 5907 Pvt Ltd,27AAAAA9561A1Z2
G_005908,31678.00,2025-07-06,INV/2025/25592,Vendor 5908 PVT LTD,27AAAAA3952A1ZB
G_005909,2288.00,2025-11-19,INV/2025/49572,Vendor 5909 Pvt Ltd,27AAAAA4790A1Z5
G_005910,10834.00,2025-08-03,INV/2025/44364,Vendor 5910 Pvt Ltd,27AAAAA6237A1ZB
G_005911,76342.00,2025-06-01,INV/2025/25686,Vendor 5911 Pvt Ltd,27AAAAA8247A1Z5
G_005912,29879.00,2025-01-17,INV/2025/20386,Vendor 5912 Pvt Ltd,27AAAAA9650A1Z4
G_005913,54136.00,2025-09-28,INV/2025/44821,vendor 5913 pvt ltd,27AAAAA5342A1ZF
G_005914,75275.00,2025-01-13,INV/2025/19701,Vendor 5914 Pvt Ltd,27AAAAA2808A1ZI
G_005915,42435.00,2025-12-30,INV/2025/40948,Vendor 5915 Private Limited,27AAAAA2061A1ZL
G_005916,6640.00,2025-11-07,INV/2025/30013,Vendor 5916 Pvt Ltd,27AAAAA2614A1ZM
G_005917,94918.00,2025-05-07,,Vendor 5917 Pvt Ltd,27AAAAA6980A1Z1
G_005918,954.00,2025-06-11,INV/2025/64175,Vendor 5918 Pvt Ltd,27AAAAA4901A1ZK
G_005919,91923.00,2025-01-28,INV/2025/1379,VENDOR 5919 PVT LTD,27AAAAA8626A1Z6
G_005920,53265.00,2025-05-15,INV/2025/31577,Vendor 5920 Pvt Ltd,27AAAAA2958A1Z7
G_005921,12668.00,2025-08-25,INV/2025/2405,Vendor 5921 Pvt Ltd,
G_005922,48416.00,2025-06-24,INV/2025/93243,Vendor 5922 Pvt Ltd,27AAAAA2823A1ZJ
G_005923,27910.00,2025-11-18,INV/2025/75107,Vendor 5923 Pvt Ltd,27AAAAA4669A1Z3
G_005924,49135.00,2025-07-14,INV/2025/70361,Vendor 5924 Pvt Ltd,27AAAAA9832A1Z4
G_005925,49248.00,2025-01-19,INV/2025/47478,Vendor,27AAAAA8281A1Z3
G_005926,90463.00,2025-10-16,INV/2025/32323,Vendor 5926 Pvt Ltd,27AAAAA4878A1Z0
G_005927,89967.00,2025-06-27,INV/2025/95517,Vendor 5927 Pvt Ltd,27AAAAA1937A1ZE
G_005928,49700.00,2025-11-07,INV/2025/72853,Vendor 5928 Pvt Ltd,27AAAAA2375A1ZC
G_005929,64079.00,2025-10-29,,Vendor 5929 Pvt Ltd,27AAAAA2206A1ZQ
G_005930,3761.00,2025-09-23,INV/2025/79926,Vendor 5930 Pvt Ltd,27AAAAA9184A1ZZ
G_005931,46025.00,2025-12-27,INV/2025/95027,Vendor 5931 Pvt Ltd,27AAAAA6815A1ZB
G_005932,74933.00,2025-04-14,INV/2025/49314,Vendor 5932 Pvt Ltd,27AAAAA6473A1Z5
G_005933,48422.00,2025-01-04,INV/2025/76569,Vendor 5933 Pvt Ltd,27AAAAA7261A1Z9
G_005934,61569.00,2025-10-03,INV/2025/85938,Vendor 5934 Pvt Ltd,27AAAAA1202A1ZW
G_005935,59104.00,2025-02-26,INV/2025/77148,Vendor 5935 PVT LTD,27AAAAA3986A1Z1
G_005936,165764.00,2025-12-03,INV/2025/51203,Vendor 5936 Pvt Ltd,27AAAAA3108A1ZN
G_005937,67278.00,2025-01-11,INV/2025/97928,Vendor 5937 Pvt Ltd,27AAAAA8145A1Z8
G_005938,57248.00,2025-01-02,INV/2025/78022,VENDOR 5938 PVT LTD,27AAAAA4609A1ZF
G_005939,72942.00,2025-02-04,INV/2025/86679,Vendor 5939 Pvt Ltd,27AAAAA1057A1ZJ
G_005940,17917.00,2025-09-13,INV/2025/91478,Vendor 5940 Pvt Ltd,27AAAAA4216A1ZK
G_005941,45283.00,2025-12-09,INV/2025/88422,Vendor,27AAAAA1395A1ZA
G_005942,65080.00,2025-01-26,INV/2025/12092,Vendor 5942 Pvt Ltd,27AAAAA9043A1Z9
G_005943,91543.00,2025-07-17,INV/2025/67390,Vendor 5943 Pvt Ltd,27AAAAA3197A1Z6
G_005944,73915.00,2025-06-21,INV/2025/56941,None,27AAAAA2723A1ZK
G_005945,40196.00,2025-08-11,,Vendor 5945 Pvt Ltd,27AAAAA7573A1Z2
G_005946,78038.00,2025-07-05,INV/2025/52163,VENDOR 5946 PVT LTD,27AAAAA6209A1ZF
G_005947,19668.00,2025-01-19,,Vendor 5947 Pvt Ltd,27AAAAA3740A1ZH
G_005948,26924.00,2025-07-08,INV/2025/53595,Vendor 5948 Pvt Ltd,27AAAAA2968A1Z5
G_005949,37102.00,2025-09-29,INV/2025/88846,Vendor 5949 Pvt Ltd Inc,27AAAAA8529A1Z4
G_005950,46882.00,2025-02-24,INV/2025/56629,Vendor 5950 Pvt Ltd,27AAAAA9126A1Z9
G_005951,54634.00,2025-11-24,INV/2025/62981,Vendor 5951 Pvt Ltd,27AAAAA9600A1ZE
G_005952,95891.00,2025-02-27,INV/2025/65233,Vendor 5952 Pvt Ltd,27AAAAA3141A1ZM
G_005953,65521.00,2025-08-19,INV/2025/80588,Vendor 5953 Pvt Ltd,27AAAAA5622A1ZG
G_005954,85900.00,2025-10-09,INV/2025/41225,Vendor 5954 Pvt Ltd,27AAAAA6457A1Z5
G_005955,79321.00,2025-10-24,INV/2025/78365,Vendor 5955 Pvt Ltd,27AAAAA7334A1ZB
G_005956,19052.00,2025-01-19,INV/2025/11519,Vendor 5956 Private Limited,27AAAAA6745A1Z6
G_005957,55908.00,2025-11-24,INV/2025/76750,Vendor 5957 Pvt Ltd,27AAAAA5164A1ZB
G_005958,14771.00,2025-10-23,INV/2025/12671,VENDOR 5958 PVT LTD,27AAAAA9042A1ZA
G_005959,48539.00,2025-05-03,INV/2025/89898,Vendor 5959 Pvt Ltd,27AAAAA4454A1ZC
G_005960,72859.00,2025-09-02,INV/2025/73982,Vendor 5960 Pvt Ltd,27AAAAA5019A1ZH
G_005961,139232.00,2025-03-09,INV/2025/68580,Vendor 5961 Pvt Ltd,27AAAAA7444A1Z8
G_005962,30957.00,2025-06-18,INV/2025/44448,Vendor 5962 Pvt Ltd,27AAAAA4803A1ZJ
G_005963,17893.00,2025-11-03,INV/2025/89543,Vendor 5963 Pvt Ltd,27AAAAA1872A1ZC
G_005964,33337.00,2025-09-03,INV/2025/67083,Vendor 5964 Pvt Ltd,27AAAAA9043A1Z9
G_005965,52952.00,2025-10-30,INV/2025/88091,Vendor 5965 Pvt Ltd Inc,27AAAAA3582A1Z9
G_005966,59352.00,2025-04-29,,Vendor 5966 Pvt Ltd,27AAAAA3002A1ZU
G_005967,75991.00,2025-04-24,INV/2025/11840,Vendor 5967 Pvt Ltd,27AAAAA3251A1ZJ
G_005968,44093.00,2025-01-05,INV/2025/33020,Vendor 5968 Pvt Ltd Inc,27AAAAA8069A1Z1
G_005969,49058.00,2025-11-26,INV/2025/85983,Vendor 5969 Pvt Ltd,27AAAAA8198A1ZV
G_005970,181792.00,2025-12-05,INV/2025/65873,Vendor 5970 Pvt Ltd,27AAAAA8902A1ZB
G_005971,39507.00,2025-04-15,,Vendor 5971 Pvt Ltd,27AAAAA8515A1ZA
G_005972,39658.00,2025-11-25,INV/2025/42846,Vendor 5972 Pvt Ltd,27AAAAA4468A1Z6
G_005973,9105.00,2025-12-20,INV/2025/44309,Vendor 5973 Pvt Ltd,27AAAAA2253A1ZJ
G_005974,60318.00,2025-03-22,INV/2025/7575,VENDOR 5974 PVT LTD,27AAAAA3305A1ZO
G_005975,49977.00,2025-10-30,,Vendor 5975 Pvt Ltd,27AAAAA4081A1ZD
G_005976,54849.00,2025-04-06,INV/2025/81191,Vendor 5976 Pvt Ltd,27AAAAA6772A1Z3
G_005977,53438.00,2025-10-02,,Vendor 5977 Pvt Ltd,27AAAAA2645A1ZF
G_005978,68369.00,2025-10-02,INV/2025/42343,Vendor 5978 Pvt Ltd,27AAAAA1078A1ZE
G_005979,29962.00,2025-10-24,,Vendor 5979 Pvt Ltd,27AAAAA5460A1ZC
G_005980,8022.00,2025-02-04,INV/2025/3050,Vendor 5980 Pvt Ltd,27AAAAA2739A1ZC
G_005981,34236.00,2025-11-15,INV/2025/26290,Vendor 5981 Pvt Ltd,27AAAAA8765A1ZY
G_005982,15138.00,2025-01-01,,Vendor 5982 Pvt Ltd,27AAAAA3461A1ZF
G_005983,71625.00,2025-11-24,INV/2025/81603,Vendor 5983 Pvt Ltd,27AAAAA9272A1Z2
G_005984,28166.00,2025-03-21,INV/2025/83268,Vendor 5984 Pvt Ltd Inc,27AAAAA2861A1ZD
G_005985,55286.00,2025-09-28,INV/2025/41197,Vendor 5985 Pvt Ltd,27AAAAA6258A1Z6
G_005986,42691.00,2025-09-13,,Vendor 5986 Pvt Ltd,27AAAAA2460A1ZI
G_005987,51954.00,2025-01-28,INV/2025/85282,Vendor 5987 Pvt Ltd,27AAAAA7052A1ZC
G_005988,37624.00,2025-12-18,INV/2025/22151,Vendor 5988 Pvt Ltd,27AAAAA7750A1Z7
G_005989,42480.00,2025-05-26,,Vendor 5989 Pvt Ltd,27AAAAA6477A1Z1
G_005990,32558.00,2025-04-29,INV/2025/45785,Vendor 91 Pvt Ltd,27AAAAA4919A1ZA
G_005991,18985.00,2025-12-06,INV/2025/33762,Vendor 5991 Private Limited,27AAAAA3779A1Z2
G_005992,98502.00,2025-08-16,INV/2025/33259,Vendor 5992 PVT LTD,27AAAAA2365A1ZE
G_005993,8234.00,2025-11-16,INV/2025/45632,Vendor 5993 Pvt Ltd,27AAAAA1812A1ZO
G_005994,54772.00,2025-01-26,,Vendor 5994 Pvt Ltd,27AAAAA1829A1ZF
G_005995,6846.00,2025-08-15,,Vendor 5995 Pvt Ltd,27AAAAA2261A1ZJ
G_005996,24988.00,2025-06-22,INV/2025/18493,Vendor 5996 Pvt Ltd,27AAAAA7409A1ZB
G_005997,97121.00,2025-04-01,,Vendor 5997 Pvt Ltd,27AAAAA2399A1Z4
G_005998,64011.00,2025-06-23,INV/2025/53344,Vendor 5998 Pvt Ltd,27AAAAA2748A1ZB
G_005999,57263.00,2025-05-10,INV/2025/88091,Vendor 5999 Pvt Ltd,
G_006000,35464.00,2025-03-04,INV/2025/26132,Vendor 6000 Pvt Ltd,27AAAAA6501A1ZK
G_006001,47240.00,2025-01-07,INV/2025/19412,VENDOR 6001 PVT LTD,27AAAAA7423A1ZD
G_006002,43189.00,2025-08-09,INV/2025/92310,Vendor 6002 Pvt Ltd,27AAAAA2103A1ZU
G_006003,87522.00,2025-07-11,INV/2025/96292,Vendor 6003 Pvt Ltd,27AAAAA2620A1ZO
G_006004,92361.00,2025-06-18,INV/2025/24288,Vendor 6004 Pvt Ltd,27AAAAA1975A1Z8
G_006005,76763.00,2025-03-01,INV/2025/85295,vendor 6005 pvt ltd,27AAAAA2403A1ZR
G_006006,66131.00,2025-02-27,INV/2025/39036,Vendor 6006 Pvt Ltd,27AAAAA5429A1ZB
G_006007,28463.00,2025-09-20,INV/2025/48424,Vendor,27AAAAA2377A1ZA
G_006008,76185.00,2025-03-03,,Vendor 6008 Pvt Ltd,27AAAAA4105A1ZO
G_006009,849.00,2025-03-03,INV/2025/22271,Vendor 6009 Pvt Ltd,27AAAAA8376A1ZZ
G_006010,20042.00,2025-01-27,,Vendor 6010 Pvt Ltd,27AAAAA1703A1ZQ
G_006011,57226.00,2025-11-13,INV/2025/66954,VENDOR 6011 PVT LTD,27AAAAA6033A1ZH
G_006012,81920.00,2025-06-02,INV/2025/72271,Vendor 6012 Pvt Ltd,27AAAAA6963A1Z2
G_006013,24560.00,2025-11-04,INV/2025/17334,Vendor 6013 Pvt Ltd,27AAAAA8591A1ZY
G_006014,79617.00,2025-02-22,INV/2025/55570,Vendor 6014 Pvt Ltd,27AAAAA6356A1Z7
G_006015,82344.00,2025-04-08,INV/2025/20599,Vendor 6015 Pvt Ltd,27AAAAA3027A1ZL
G_006016,12994.00,2025-04-08,INV/2025/9078,Vendor 6016 PVT LTD,27AAAAA2558A1ZB
G_006017,52875.00,2025-10-01,,Vendor 6017 Pvt Ltd,27AAAAA6886A1ZW
G_006018,71291.00,2025-05-09,,Vendor 6018 Pvt Ltd,27AAAAA3998A1ZX
G_006019,95327.00,2025-05-09,INV/2025/52712,Vendor 6019 Pvt Ltd,27AAAAA3417A1ZJ
G_006020,82640.00,2025-05-05,INV/2025/21722,Vendor 6020 Pvt Ltd,27AAAAA2338A1ZH
G_006021,99396.00,2025-05-10,INV/2025/21830,Vendor 6021 Pvt Ltd,27AAAAA5045A1ZF
G_006022,58844.00,2025-08-31,INV/2025/51445,Vendor 6022 Pvt Ltd,27AAAAA1644A1ZI
G_006023,85534.00,2025-11-21,INV/2025/87653,None,27AAAAA4242A1ZI
G_006024,92942.00,2025-07-22,INV/2025/62573,Vendor 6024 Pvt Ltd,27AAAAA7989A1ZQ
G_006025,63905.00,2025-03-10,INV/2025/10835,Vendor 6025 Pvt Ltd,27AAAAA9179A1ZW
G_006026,38387.00,2025-12-19,INV/2025/7784,Vendor 6026 Pvt Ltd,27AAAAA3924A1ZF
G_006027,48645.00,2025-02-07,INV/2025/3447,None,27AAAAA1586A1Z9
G_006028,19058.00,2025-05-26,INV/2025/61548,Vendor 6028 Pvt Ltd,27AAAAA5530A1ZH
G_006029,76048.00,2025-02-03,INV/2025/58261,Vendor 6029 Pvt Ltd,27AAAAA6674A1Z2
G_006030,77894.00,2025-04-02,,Vendor 6030 Pvt Ltd,27AAAAA4397A1Z2
G_006031,76243.00,2025-10-10,INV/2025/42820,Vendor 6031 PVT LTD,27AAAAA4832A1ZE
G_006032,72364.00,2025-03-28,INV/2025/68015,Vendor,27AAAAA2694A1Z6
G_006033,60317.00,2025-10-09,INV/2025/86316,Vendor 6033 Pvt Ltd,27AAAAA3726A1ZF
G_006034,36039.00,2025-04-03,,Vendor 6034 Pvt Ltd,27AAAAA1650A1ZK
G_006035,85354.00,2025-04-29,INV/2025/11364,VENDOR 6035 PVT LTD,27AAAAA8481A1Z1
G_006036,9376.00,2025-02-11,INV/2025/96088,Vendor 6036 Pvt Ltd,27AAAAA4854A1Z8
G_006037,88503.00,2025-02-11,INV/2025/86301,Vendor 6037 Pvt Ltd,27AAAAA4065A1ZD
G_006038,94460.00,2025-01-30,INV/2025/46374,Vendor 6038 Pvt Ltd,27AAAAA8660A1Z4
G_006039,65061.00,2025-09-03,INV/2025/50146,Vendor 6039 Pvt Ltd,27AAAAA1054A1ZM
G_006040,74331.00,2025-05-25,INV/2025/87326,VENDOR 6040 PVT LTD,27AAAAA5874A1Z2
G_006041,26028.00,2025-06-27,INV/2025/60777,Vendor 6041 Pvt Ltd,27AAAAA7545A1Z6
G_006042,16516.00,2025-02-06,INV/2025/32153,Vendor 6042 Private Limited,27AAAAA7792A1ZX
G_006043,9662.00,2025-11-09,INV/2025/34712,vendor 6043 pvt ltd,27AAAAA6872A1Z2
G_006044,21449.00,2025-07-09,INV/2025/77375,Vendor 6044 Pvt Ltd,27AAAAA3806A1ZI
G_006045,92896.00,2025-01-18,INV/2025/98320,Vendor 6045 Pvt Ltd,27AAAAA4095A1Z7
G_006046,12717.00,2025-10-25,INV/2025/55194,Vendor 6046 Pvt Ltd,27AAAAA5819A1Z9
G_006047,98097.00,2025-12-27,INV/2025/14041,Vendor 6047 Pvt Ltd,27AAAAA2797A1Z2
G_006048,45008.00,2025-02-24,INV/2025/89149,Vendor 6048 Pvt Ltd,27AAAAA6056A1ZA
G_006049,30166.00,2025-07-25,INV/2025/47593,Vendor 6049 Pvt Ltd,27AAAAA8026A1ZC
G_006050,33105.00,2025-02-03,INV/2025/65387,Vendor 6050 Pvt Ltd,27AAAAA1498A1Z6
G_006051,18537.00,2025-05-02,INV/2025/35185,Vendor 6051 Pvt Ltd,27AAAAA3332A1ZL
G_006052,65941.00,2025-08-27,,Vendor 6052 Pvt Ltd,27AAAAA8976A1ZT
G_006053,28474.00,2025-11-21,INV/2025/72433,Vendor 6053 Pvt Ltd,27AAAAA3826A1ZE
G_006054,8374.00,2025-09-27,INV/2025/82538,VENDOR 6054 PVT LTD,27AAAAA8231A1ZD
G_006055,80732.00,2025-12-12,INV/2025/59080,Vendor 6055 Pvt Ltd,27AAAAA6788A1ZV
G_006056,15829.00,2025-02-06,INV/2025/22132,Vendor 6056 Pvt Ltd,27AAAAA3277A1Z9
G_006057,32103.00,2025-09-12,INV/2025/29502,Vendor 6057 Pvt Ltd,27AAAAA7932A1Z7
G_006058,31374.00,2025-02-23,,Vendor 6058 Pvt Ltd,27AAAAA4372A1ZB
G_006059,31654.00,2025-01-28,INV/2025/57621,Vendor 6059 Pvt Ltd,27AAAAA3653A1ZD
G_006060,88354.00,2025-01-14,INV/2025/4506,Vendor 6060 Pvt Ltd,27AAAAA5250A1ZG
G_006061,66873.00,2025-01-10,INV/2025/32910,Vendor 6061 Pvt Ltd,27AAAAA2565A1ZC
G_006062,88902.00,2025-01-20,INV/2025/6836,Vendor 6062 Pvt Ltd,27AAAAA2518A1ZJ
G_006063,10035.00,2025-12-28,INV/2025/34138,Vendor 6063 Pvt Ltd,27AAAAA5989A1ZU
G_006064,17757.00,2025-09-23,,Vendor 6064 Pvt Ltd,27AAAAA1746A1ZF
G_006065,69956.00,2025-08-17,INV/2025/85086,Vendor 6065 Pvt Ltd,27AAAAA8710A1ZD
G_006066,74532.00,2025-11-07,INV/2025/76227,Vendor 6066 Pvt Ltd,27AAAAA5612A1ZI
G_006067,27575.00,2025-12-07,,Vendor 6067 Pvt Ltd,27AAAAA1176A1ZF
G_006068,87170.00,2025-09-11,INV/2025/34529,Vendor 6068 Pvt Ltd,27AAAAA6101A1ZO
G_006069,17101.00,2025-02-23,INV/2025/6686,Vendor 6069 Pvt Ltd,27AAAAA6004A1ZM
G_006070,2827.00,2025-05-31,INV/2025/52786,Vendor 6070 Pvt Ltd,27AAAAA1737A1ZG
G_006071,14586.00,2025-04-13,INV/2025/16985,Vendor 6071 Pvt Ltd,27AAAAA5788A1ZX
G_006072,74971.00,2025-06-05,INV/2025/18453,Vendor 6072 Pvt Ltd,27AAAAA8458A1Z0
G_006073,89836.00,2025-12-15,INV/2025/17764,VENDOR 6073 PVT LTD,27AAAAA3404A1ZO
G_006074,99062.00,2025-12-21,INV/2025/61850,Vendor 6074 Pvt Ltd,27AAAAA7934A1Z5
G_006075,10160.00,2025-12-30,INV/2025/69515,Vendor 6075 Pvt Ltd,
G_006076,93857.00,2025-10-11,INV/2025/60500,Vendor 6076 Pvt Ltd,27AAAAA9139A1Z4
G_006077,48736.00,2025-02-02,INV/2025/29539,Vendor,27AAAAA8175A1Z2
G_006078,28029.00,2025-11-07,INV/2025/71391,Vendor 6078 Pvt Ltd,27AAAAA3110A1ZT
G_006079,80673.00,2025-08-22,INV/2025/85308,Vendor 6079 PVT LTD,27AAAAA4657A1Z7
G_006080,62562.00,2025-04-26,INV/2025/6090,Vendor 6080 Pvt Ltd,27AAAAA9301A1ZG
G_006081,41923.00,2025-06-24,INV/2025/97896,VENDOR 6081 PVT LTD,27AAAAA5143A1ZG
G_006082,84667.00,2025-08-22,INV/2025/95921,Vendor 6082 Pvt Ltd,27AAAAA2384A1ZB
G_006083,65456.00,2025-10-24,INV/2025/87156,Vendor 6083 Pvt Ltd,27AAAAA1501A1ZU
G_006084,32603.00,2025-11-17,INV/2025/84057,Vendor 6084 Pvt Ltd,27AAAAA1656A1ZE
G_006085,66946.00,2025-06-19,INV/2025/82240,Vendor 6085 Pvt Ltd,27AAAAA6226A1ZE
G_006086,83666.00,2025-06-16,INV/2025/32250,vendor 6086 pvt ltd,27AAAAA9836A1Z0
G_006087,36659.00,2025-06-06,INV/2025/79767,Vendor 6087 Pvt Ltd,27AAAAA6926A1Z7
G_006088,58827.00,2025-02-11,INV/2025/89378,Vendor 6088 Pvt Ltd Inc,27AAAAA3993A1Z2
G_006089,29971.00,2025-09-22,INV/2025/42158,Vendor 6089 Pvt Ltd,
G_006090,96946.00,2025-08-28,INV/2025/84215,Vendor 6090 Pvt Ltd,27AAAAA1893A1Z7
G_006091,73359.00,2025-12-03,INV/2025/37582,Vendor 6091 Pvt Ltd,27AAAAA8514A1ZB
G_006092,47160.00,2025-12-16,INV/2025/86050,Vendor 6092 Pvt Ltd,27AAAAA6674A1Z2
G_006093,88412.00,2025-06-13,INV/2025/35993,Vendor 6093 Pvt Ltd,27AAAAA4588A1Z1
G_006094,59105.00,2025-09-22,INV/2025/93826,Vendor,27AAAAA1590A1ZD
G_006095,68995.00,2025-10-03,,Vendor 6095 Pvt Ltd,27AAAAA9246A1Z4
G_006096,13974.00,2025-01-17,INV/2025/98028,Vendor 6096 Pvt Ltd,27AAAAA3218A1ZK
G_006097,36437.00,2025-01-12,INV/2025/82074,Vendor 6097 Pvt Ltd,27AAAAA1149A1ZI
G_006098,16457.00,2025-03-30,INV/2025/39672,Vendor 6098 Pvt Ltd,27AAAAA2114A1ZR
G_006099,87743.00,2025-09-09,INV/2025/71440,Vendor 6099 Pvt Ltd Inc,27AAAAA7013A1ZJ
G_006100,91071.00,2025-06-09,INV/2025/73345,Vendor 6100 Pvt Ltd,27AAAAA1376A1ZD
G_006101,54945.00,2025-05-12,INV/2025/36837,Vendor 6101 Pvt Ltd,27AAAAA9549A1ZY
G_006102,39502.00,2025-09-12,INV/2025/8771,VENDOR 6102 PVT LTD,27AAAAA5789A1ZW
G_006103,10869.00,2025-02-28,,Vendor 6103 Pvt Ltd,27AAAAA8700A1ZF
G_006104,1906.00,2025-04-29,INV/2025/32744,Vendor 6104 Pvt Ltd,27AAAAA8638A1Z2
G_006105,90924.00,2025-05-27,INV/2025/87456,Vendor 6105 Pvt Ltd,27AAAAA1770A1ZF
G_006106,60862.00,2025-05-06,INV/2025/18642,Vendor 6106 Pvt Ltd,27AAAAA1477A1ZB
G_006107,69582.00,2025-10-17,,Vendor 6107 Pvt Ltd,27AAAAA7932A1Z7
G_006108,157674.00,2025-12-14,INV/2025/8843,Vendor 6108 Pvt Ltd,27AAAAA5200A1ZQ
G_006109,67395.00,2025-02-21,INV/2025/61822,Vendor 6109 Pvt Ltd,27AAAAA4728A1ZB
G_006110,77417.00,2025-10-21,INV/2025/19708,Vendor 6110 Pvt Ltd,27AAAAA9195A1ZW
G_006111,37275.00,2025-08-28,INV/2025/3927,Vendor 6111 Pvt Ltd,27AAAAA3635A1ZF
G_006112,89240.00,2025-04-09,INV/2025/8757,Vendor 6112 Pvt Ltd,27AAAAA2724A1ZJ
G_006113,32220.00,2025-03-11,INV/2025/33435,Vendor 6113 Pvt Ltd,27AAAAA5725A1ZC
G_006114,90453.00,2025-07-14,INV/2025/49704,Vendor 6114 Pvt Ltd,27AAAAA6853A1Z5
G_006115,60880.00,2025-07-08,INV/2025/78945,Vendor 6115 Pvt Ltd,27AAAAA3720A1ZL
G_006116,2927.00,2025-05-06,INV/2025/36550,Vendor 6116 Pvt Ltd,27AAAAA1931A1ZK
G_006117,26027.00,2025-03-21,,Vendor 6117 Pvt Ltd,27AAAAA5436A1ZC
G_006118,38899.00,2025-01-15,INV/2025/91285,Vendor 6118 Pvt Ltd,27AAAAA8684A1ZW
G_006119,12081.00,2025-11-29,INV/2025/89048,Vendor 6119 Pvt Ltd,27AAAAA6164A1Z9
G_006120,33894.00,2025-02-25,INV/2025/84491,Vendor 6120 Pvt Ltd,27AAAAA6514A1ZF
G_006121,83996.00,2025-03-12,INV/2025/4639,Vendor 6121 Pvt Ltd,27AAAAA1442A1ZM
G_006122,96700.00,2025-07-25,INV/2025/86146,Vendor 6122 Private Limited,27AAAAA5060A1ZG
G_006123,16955.00,2025-04-01,,Vendor 6123 Pvt Ltd,27AAAAA6906A1ZB
G_006124,84868.00,2025-08-06,INV/2025/58375,Vendor 6124 PVT LTD,27AAAAA3686A1Z4
G_006125,26336.00,2025-10-14,INV/2025/35801,Vendor 6125 Pvt Ltd Inc,27AAAAA6988A1ZT
G_006126,16312.00,2025-07-29,,Vendor 6126 Pvt Ltd,27AAAAA2964A1Z9
G_006127,35508.00,2025-03-14,INV/2025/55144,Vendor 6127 Pvt Ltd,27AAAAA6096A1Z2
G_006128,82666.00,2025-04-18,INV/2025/58486,Vendor 6128 Pvt Ltd,27AAAAA6397A1ZY
G_006129,105444.00,2025-09-29,INV/2025/17679,Vendor 6129 Pvt Ltd,27AAAAA3526A1ZH
G_006130,35451.00,2025-11-10,INV/2025/77091,Vendor 6130 Pvt Ltd,
G_006131,25200.00,2025-03-10,INV/2025/26539,Vendor 6131 Pvt Ltd,27AAAAA3997A1ZY
G_006132,45688.00,2025-09-19,INV/2025/8335,vendor 6132 pvt ltd,27AAAAA4768A1Z3
G_006133,84620.00,2025-03-29,INV/2025/67582,Vendor 6133 Pvt Ltd Inc,27AAAAA6460A1ZA
G_006134,83076.00,2025-01-24,INV/2025/66152,Vendor 6134 Pvt Ltd,27AAAAA9123A1ZC
G_006135,55726.00,2025-07-04,INV/2025/34980,Vendor 6135 Pvt Ltd,27AAAAA8390A1Z1
G_006136,23803.00,2025-05-24,INV/2025/93241,Vendor 6136 Pvt Ltd,27AAAAA6867A1ZZ
G_006137,35944.00,2025-10-17,INV/2025/52186,Vendor 6137 Pvt Ltd,27AAAAA5673A1Z5
G_006138,40223.00,2025-08-07,INV/2025/38003,Vendor 6138 Pvt Ltd,27AAAAA1142A1ZP
G_006139,67082.00,2025-03-11,INV/2025/52140,Vendor 6139 Pvt Ltd,27AAAAA9717A1Z4
G_006140,47830.00,2025-07-06,INV/2025/28248,Vendor 6140 Pvt Ltd,27AAAAA8495A1ZV
G_006141,85504.00,2025-05-29,INV/2025/86619,Vendor 6141 Pvt Ltd,27AAAAA2649A1ZB
G_006142,33413.00,2025-01-13,INV/2025/62313,Vendor 6142 Pvt Ltd,27AAAAA1362A1ZJ
G_006143,95931.00,2025-04-12,INV/2025/80043,Vendor 6143 Pvt Ltd,27AAAAA6803A1ZF
G_006144,8022.00,2025-10-21,,Vendor 6144 Pvt Ltd,27AAAAA8112A1ZH
G_006145,82968.00,2025-05-10,INV/2025/62437,Vendor 6145 Pvt Ltd,27AAAAA3315A1ZM
G_006146,17935.00,2025-07-04,,Vendor 6146 Pvt Ltd,27AAAAA7506A1ZD
G_006147,38982.00,2025-04-14,INV/2025/17302,None,27AAAAA8813A1Z9
G_006148,48823.00,2025-01-31,INV/2025/86076,Vendor 6148 Pvt Ltd,
G_006149,32412.00,2025-12-12,INV/2025/84181,VENDOR 6149 PVT LTD,27AAAAA5868A1Z0
G_006150,20357.00,2025-08-24,INV/2025/73982,Vendor 6150 PVT LTD,27AAAAA5381A1Z8
G_006151,56117.00,2025-02-16,INV/2025/66454,Vendor 6151 Pvt Ltd Inc,27AAAAA4977A1Z0
G_006152,44156.00,2025-06-06,INV/2025/80232,Vendor 6152 Pvt Ltd Inc,27AAAAA5301A1ZO
G_006153,59923.00,2025-09-17,INV/2025/16201,Vendor 6153 Pvt Ltd,27AAAAA6800A1ZI
G_006154,64720.00,2025-12-30,INV/2025/38735,None,27AAAAA2789A1Z2
G_006155,57699.00,2025-02-24,INV/2025/70348,Vendor 6155 Pvt Ltd,27AAAAA3354A1ZF
G_006156,3202.00,2025-03-24,INV/2025/28954,Vendor 6156 PVT LTD,27AAAAA5585A1Z2
G_006157,62463.00,2025-07-18,INV/2025/14416,Vendor 6157 Pvt Ltd,27AAAAA3119A1ZK
G_006158,93225.00,2025-01-16,INV/2025/88335,Vendor 6158 Pvt Ltd,27AAAAA5433A1ZF
G_006159,44186.00,2025-12-06,INV/2025/49048,Vendor 6159 Pvt Ltd,27AAAAA7380A1Z5
G_006160,30430.00,2025-09-16,,Vendor 6160 Pvt Ltd,27AAAAA7189A1ZY
G_006161,958.00,2025-03-11,,Vendor 6161 Pvt Ltd,27AAAAA6737A1Z6
G_006162,5062.00,2025-09-02,INV/2025/86177,Vendor 6162 Pvt Ltd,27AAAAA3653A1ZD
G_006163,22343.00,2025-09-27,,Vendor 6163 Pvt Ltd,27AAAAA6841A1Z9
G_006164,64373.00,2025-09-04,INV/2025/36770,Vendor 6164 Pvt Ltd,27AAAAA7881A1ZZ
G_006165,91747.00,2025-05-16,,Vendor 6165 Pvt Ltd,27AAAAA6215A1ZH
G_006166,25465.00,2025-03-10,INV/2025/94775,Vendor 6166 Pvt Ltd,27AAAAA8484A1ZY
G_006167,97903.00,2025-10-24,INV/2025/25524,Vendor 6167 Pvt Ltd,27AAAAA7852A1Z4
G_006168,5482.00,2025-01-07,INV/2025/19081,Vendor 6168 Pvt Ltd,27AAAAA2961A1ZC
G_006169,8975.00,2025-05-12,,Vendor 6169 Pvt Ltd,27AAAAA3705A1ZK
G_006170,101220.00,2025-10-19,INV/2025/88357,Vendor 6170 Pvt Ltd,27AAAAA9551A1Z4
G_006171,28487.00,2025-09-12,INV/2025/9950,Vendor 6171 Pvt Ltd,27AAAAA6624A1ZC
G_006172,14701.00,2025-01-14,INV/2025/47674,Vendor 6172 Pvt Ltd,27AAAAA5073A1ZB
G_006173,8684.00,2025-10-12,INV/2025/60398,Vendor 6173 Pvt Ltd,27AAAAA4187A1Z6
G_006174,6881.00,2025-09-01,INV/2025/82618,Vendor 6174 Pvt Ltd,27AAAAA6920A1ZD
G_006175,29949.00,2025-02-23,INV/2025/18062,Vendor 6175 PVT LTD,27AAAAA8361A1Z6
G_006176,11324.00,2025-06-09,INV/2025/68789,Vendor 6176 Pvt Ltd,27AAAAA5508A1ZF
G_006177,89800.00,2025-12-20,INV/2025/60489,Vendor 6177 Pvt Ltd Inc,27AAAAA3619A1ZF
G_006178,68976.00,2025-03-18,INV/2025/54998,Vendor 6178 Private Limited,27AAAAA1439A1ZH
G_006179,19858.00,2025-03-30,INV/2025/4606,vendor 30 pvt ltd,27AAAAA8973A1ZW
G_006180,98820.00,2025-03-04,INV/2025/69478,None,27AAAAA3566A1Z9
G_006181,23691.00,2025-05-06,,Vendor 6181 Pvt Ltd,27AAAAA6688A1ZW
G_006182,5054.00,2025-03-09,INV/2025/31746,Vendor 6182 Pvt Ltd,27AAAAA7775A1ZY
G_006183,94679.00,2025-08-26,INV/2025/46977,Vendor 6183 Pvt Ltd,27AAAAA9455A1Z1
G_006184,26013.00,2025-03-27,INV/2025/26770,Vendor 6184 Pvt Ltd,27AAAAA1484A1ZC
G_006185,70672.00,2025-01-30,,Vendor 6185 Pvt Ltd,27AAAAA9614A1Z8
G_006186,8886.00,2025-08-27,INV/2025/45069,Vendor 6186 Pvt Ltd,27AAAAA5636A1ZA
G_006187,16059.00,2025-04-24,INV/2025/4148,Vendor 6187 Pvt Ltd,27AAAAA5582A1Z5
G_006188,55569.00,2025-09-10,INV/2025/86147,Vendor 6188 Pvt Ltd,27AAAAA9949A1ZU
G_006189,42638.00,2025-06-24,INV/2025/90492,Vendor 6189 Private Limited,27AAAAA8939A1ZY
G_006190,39901.00,2025-06-21,INV/2025/6648,Vendor 6190 Pvt Ltd,27AAAAA2588A1Z5
G_006191,23165.00,2025-05-08,INV/2025/52226,Vendor 6191 Pvt Ltd,27AAAAA8171A1Z6
G_006192,16868.00,2025-08-17,INV/2025/24328,Vendor 6192 Pvt Ltd Inc,27AAAAA7444A1Z8
G_006193,37853.00,2025-12-20,INV/2025/18607,Vendor 6193 Pvt Ltd,27AAAAA3045A1ZJ
G_006194,85468.00,2025-10-11,INV/2025/36440,Vendor 6194 Pvt Ltd,27AAAAA4702A1ZL
G_006195,52707.00,2025-03-16,INV/2025/14899,Vendor 6195 Pvt Ltd,27AAAAA5247A1ZB
G_006196,38883.00,2025-11-06,,Vendor 6196 Pvt Ltd,27AAAAA4168A1Z9
G_006197,55903.00,2025-07-13,INV/2025/59868,Vendor 6197 Pvt Ltd,27AAAAA2746A1ZD
G_006198,73977.00,2025-09-19,INV/2025/97439,Vendor 6198 Pvt Ltd,
G_006199,69948.00,2025-06-11,INV/2025/59526,Vendor 6199 Pvt Ltd,27AAAAA6896A1ZU
G_006200,7256.00,2025-07-22,INV/2025/85623,Vendor 6200 Pvt Ltd,27AAAAA3477A1Z7
G_006201,12112.00,2025-09-16,INV/2025/59667,vendor 6201 pvt ltd,27AAAAA5746A1Z7
G_006202,80204.00,2025-06-12,INV/2025/29393,Vendor 6202 Pvt Ltd,27AAAAA9814A1Z6
G_006203,36634.00,2025-10-22,,Vendor 6203 Pvt Ltd,27AAAAA3623A1ZJ
G_006204,46810.00,2025-12-13,INV/2025/88817,Vendor 6204 PVT LTD,27AAAAA5357A1Z8
G_006205,32454.00,2025-08-13,INV/2025/72641,Vendor 6205 Pvt Ltd,27AAAAA5238A1ZC
G_006206,5248.00,2025-09-05,INV/2025/83348,Vendor,27AAAAA5796A1ZX
G_006207,58697.00,2025-07-11,INV/2025/52630,Vendor 6207 Pvt Ltd,27AAAAA9338A1Z3
G_006208,99302.00,2025-01-26,INV/2025/29911,vendor 6208 pvt ltd,27AAAAA3286A1Z8
G_006209,44964.00,2025-09-12,INV/2025/16441,Vendor 6209 Pvt Ltd,27AAAAA4413A1ZL
G_006210,24294.00,2025-02-07,,Vendor 6210 Pvt Ltd,27AAAAA8926A1Z3
G_006211,44849.00,2025-08-23,INV/2025/87472,VENDOR 282 PVT LTD,27AAAAA4114A1ZN
G_006212,48258.00,2025-04-30,INV/2025/19594,Vendor 6212 Pvt Ltd,27AAAAA2886A1Z4
G_006213,2684.00,2025-01-04,INV/2025/77065,vendor 6213 pvt ltd,27AAAAA7236A1ZA
G_006214,64470.00,2025-10-03,INV/2025/28899,Vendor 6214 Pvt Ltd,27AAAAA6466A1Z4
G_006215,4140.00,2025-04-14,INV/2025/36214,Vendor 6215 Pvt Ltd,27AAAAA4367A1Z8
G_006216,83576.00,2025-07-27,INV/2025/45351,Vendor 6216 PVT LTD,27AAAAA5028A1ZG
G_006217,56943.00,2025-10-02,INV/2025/35991,vendor 6217 pvt ltd,27AAAAA6294A1Z2
G_006218,188976.00,2025-08-14,INV/2025/4619,Vendor 6218 Pvt Ltd,27AAAAA8271A1Z5
G_006219,65468.00,2025-05-20,INV/2025/50457,Vendor 6219 Pvt Ltd,27AAAAA1407A1ZP
G_006220,32543.00,2025-08-16,,Vendor 6220 Pvt Ltd,27AAAAA4925A1ZC
G_006221,95726.00,2025-12-05,,Vendor 6221 Pvt Ltd,27AAAAA2299A1Z5
G_006222,25917.00,2025-07-18,INV/2025/74376,Vendor 6222 Pvt Ltd,27AAAAA5648A1Z6
G_006223,31342.00,2025-09-15,INV/2025/93082,Vendor 6223 Pvt Ltd,27AAAAA7251A1ZB
G_006224,46995.00,2025-09-02,INV/2025/93782,Vendor 6224 Pvt Ltd,27AAAAA2299A1Z5
G_006225,96969.00,2025-06-16,,Vendor 6225 Pvt Ltd,27AAAAA1101A1ZY
G_006226,56340.00,2025-03-04,INV/2025/69619,Vendor 6226 Pvt Ltd,27AAAAA8161A1Z8
G_006227,40418.00,2025-02-04,INV/2025/36920,Vendor 6227 Pvt Ltd,27AAAAA9183A1Z0
G_006228,82382.00,2025-02-02,INV/2025/33858,Vendor 6228 Pvt Ltd,27AAAAA4831A1ZF
G_006229,65710.00,2025-08-29,INV/2025/23691,Vendor 6229 Pvt Ltd,27AAAAA9243A1Z7
G_006230,10868.00,2025-11-21,INV/2025/22106,Vendor 6230 Pvt Ltd,27AAAAA3818A1ZE
G_006231,20968.00,2025-03-04,INV/2025/42162,Vendor 6231 Private Limited,27AAAAA9587A1ZS
G_006232,27837.00,2025-03-12,INV/2025/87745,Vendor 6232 Pvt Ltd Inc,27AAAAA3013A1ZR
G_006233,33990.00,2025-06-29,INV/2025/56038,Vendor 6233 Pvt Ltd,27AAAAA9379A1ZU
G_006234,47728.00,2025-12-08,INV/2025/35854,Vendor 6234 Pvt Ltd,27AAAAA2164A1ZH
G_006235,51295.00,2025-01-04,INV/2025/39889,Vendor 6235 Pvt Ltd,27AAAAA7223A1ZF
G_006236,75693.00,2025-02-13,INV/2025/13940,Vendor 6236 Pvt Ltd,27AAAAA4779A1Z0
G_006237,48673.00,2025-08-14,INV/2025/86577,Vendor 6237 Pvt Ltd,27AAAAA6080A1ZA
G_006238,98644.00,2025-07-24,INV/2025/49816,Vendor 6238 Pvt Ltd,
G_006239,63100.00,2025-07-21,INV/2025/7143,Vendor 6239 PVT LTD,27AAAAA5123A1ZK
G_006240,84085.00,2025-03-13,INV/2025/77823,Vendor 6240 Pvt Ltd,27AAAAA6603A1ZH
G_006241,24354.00,2025-02-06,INV/2025/65357,Vendor 6241 Pvt Ltd,27AAAAA6253A1ZB
G_006242,68179.00,2025-09-11,INV/2025/70365,Vendor 6242 Pvt Ltd,27AAAAA9802A1ZA
G_006243,18920.00,2025-08-28,INV/2025/48263,Vendor 6243 Pvt Ltd,27AAAAA8989A1ZO
G_006244,748.00,2025-08-09,INV/2025/11093,VENDOR 6244 PVT LTD,27AAAAA3729A1ZC
G_006245,54384.00,2025-11-07,INV/2025/23304,VENDOR 6245 PVT LTD,27AAAAA1665A1ZD
G_006246,84688.00,2025-09-27,INV/2025/57596,Vendor 6246 Pvt Ltd,27AAAAA4803A1ZJ
G_006247,18409.00,2025-06-06,,Vendor 6247 Pvt Ltd,27AAAAA8847A1ZZ
G_006248,32311.00,2025-03-25,INV/2025/12497,Vendor 6248 Pvt Ltd,27AAAAA1613A1ZP
G_006249,71401.00,2025-12-23,,Vendor 6249 Pvt Ltd,27AAAAA2457A1ZD
G_006250,31795.00,2025-01-11,INV/2025/11352,Vendor 6250 Pvt Ltd,27AAAAA4916A1ZD
G_006251,34551.00,2025-12-09,INV/2025/3811,Vendor 6251 Pvt Ltd,27AAAAA9328A1Z5
G_006252,42486.00,2025-06-25,INV/2025/69559,Vendor 6252 Pvt Ltd,27AAAAA9712A1Z9
G_006253,46693.00,2025-03-20,INV/2025/75647,Vendor 6253 Pvt Ltd,27AAAAA5743A1ZA
G_006254,25378.00,2025-07-30,INV/2025/80772,Vendor 6254 Pvt Ltd,27AAAAA5529A1ZA
G_006255,92834.00,2025-09-25,INV/2025/28672,Vendor 6255 Pvt Ltd,27AAAAA8451A1Z7
G_006256,26277.00,2025-11-29,INV/2025/66755,Vendor 6256 Pvt Ltd,27AAAAA9949A1ZU
G_006257,43115.00,2025-06-28,,Vendor 6257 Pvt Ltd,27AAAAA4957A1Z4
G_006258,32532.00,2025-12-03,INV/2025/27651,Vendor 6258 Pvt Ltd,
G_006259,93238.00,2025-10-03,INV/2025/58326,Vendor 6259 Private Limited,27AAAAA6822A1ZC
G_006260,18563.00,2025-06-17,INV/2025/90458,Vendor 6260 Pvt Ltd,27AAAAA9747A1ZY
G_006261,78743.00,2025-11-11,INV/2025/99300,Vendor 6261 Private Limited,27AAAAA3009A1ZN
G_006262,16996.00,2025-05-16,,Vendor 6262 Pvt Ltd,27AAAAA8080A1Z6
G_006263,55268.00,2025-12-27,INV/2025/23035,Vendor,27AAAAA8709A1Z6
G_006264,37318.00,2025-03-12,INV/2025/57572,Vendor 6264 Pvt Ltd Inc,27AAAAA9792A1ZT
G_006265,77413.00,2025-08-23,INV/2025/26066,Vendor 6265 Pvt Ltd,27AAAAA8950A1Z3
G_006266,11956.00,2025-01-03,INV/2025/18185,None,27AAAAA1796A1Z5
G_006267,159246.00,2025-01-30,INV/2025/90086,Vendor 6267 Pvt Ltd,27AAAAA2262A1ZI
G_006268,1283.00,2025-04-07,,Vendor 6268 Pvt Ltd,27AAAAA3084A1ZC
G_006269,16956.00,2025-03-05,INV/2025/48884,VENDOR 6269 PVT LTD,27AAAAA2652A1ZG
G_006270,46216.00,2025-07-15,INV/2025/23481,Vendor 6270 Pvt Ltd,
G_006271,90359.00,2025-04-04,INV/2025/20726,Vendor 6271 Pvt Ltd,27AAAAA7833A1Z7
G_006272,107162.00,2025-04-22,INV/2025/83859,Vendor 6272 Pvt Ltd,27AAAAA7963A1Z0
G_006273,4880.00,2025-09-25,INV/2025/21402,Vendor 6273 Pvt Ltd,27AAAAA6780A1Z3
G_006274,16906.00,2025-06-15,INV/2025/32533,Vendor 6274 Private Limited,27AAAAA7279A1ZZ
G_006275,30904.00,2025-01-28,INV/2025/85306,Vendor 6275 Pvt Ltd,27AAAAA1237A1ZL
G_006276,37300.00,2025-02-03,INV/2025/89154,Vendor 6276 Pvt Ltd,27AAAAA9635A1Z3
G_006277,37204.00,2025-09-28,INV/2025/39997,Vendor 6277 Pvt Ltd,27AAAAA3312A1ZP
G_006278,64044.00,2025-05-24,INV/2025/49375,Vendor 6278 Pvt Ltd,27AAAAA1807A1ZL
G_006279,96765.00,2025-05-07,INV/2025/25129,None,27AAAAA4479A1Z3
G_006280,3303.00,2025-03-13,INV/2025/35733,Vendor 6280 Pvt Ltd,27AAAAA8628A1Z4
G_006281,11377.00,2025-01-13,INV/2025/82229,Vendor 6281 Pvt Ltd,27AAAAA4313A1ZM
G_006282,30982.00,2025-12-13,INV/2025/44063,Vendor 6282 Pvt Ltd,27AAAAA3849A1Z7
G_006283,62321.00,2025-11-19,INV/2025/85288,Vendor 6283 Pvt Ltd,27AAAAA9011A1ZH
G_006284,33818.00,2025-08-14,INV/2025/53145,Vendor 6284 Pvt Ltd,27AAAAA6622A1ZE
G_006285,62466.00,2025-04-26,INV/2025/45243,Vendor 6285 Pvt Ltd,27AAAAA6848A1Z2
G_006286,37861.00,2025-08-28,INV/2025/13756,Vendor 6286 Pvt Ltd,27AAAAA2748A1ZB
G_006287,13961.00,2025-06-23,INV/2025/90566,Vendor 6287 Pvt Ltd,27AAAAA8012A1ZI
G_006288,79689.00,2025-05-17,INV/2025/24492,Vendor 6288 Pvt Ltd,27AAAAA3089A1Z7
G_006289,9140.00,2025-06-27,,Vendor 6289 Pvt Ltd,27AAAAA3274A1ZC
G_006290,29274.00,2025-11-22,INV/2025/33710,Vendor,27AAAAA5172A1ZB
G_006291,80451.00,2025-11-26,INV/2025/44327,Vendor 6291 Pvt Ltd Inc,27AAAAA9840A1Z4
G_006292,24865.00,2025-04-21,,Vendor 6292 Pvt Ltd,27AAAAA8752A1Z3
G_006293,79139.00,2025-11-06,INV/2025/6688,Vendor 6293 Pvt Ltd,27AAAAA3156A1ZF
G_006294,19503.00,2025-08-15,INV/2025/46434,VENDOR 6294 PVT LTD,27AAAAA2796A1Z3
G_006295,41395.00,2025-08-25,,Vendor 6295 Pvt Ltd,27AAAAA6941A1Z8
G_006296,11146.00,2025-02-15,,Vendor 6296 Pvt Ltd,27AAAAA3961A1ZA
G_006297,4503.00,2025-12-28,,Vendor 6297 Pvt Ltd,27AAAAA3904A1ZJ
G_006298,78486.00,2025-02-15,INV/2025/7010,Vendor 6298 Pvt Ltd,27AAAAA6328A1ZB
G_006299,24949.00,2025-07-21,,Vendor 6299 Pvt Ltd,27AAAAA5119A1ZG
G_006300,65992.00,2025-04-18,INV/2025/22019,Vendor 6300 Pvt Ltd,27AAAAA5753A1Z8
G_006301,33245.00,2025-03-17,INV/2025/21487,vendor 6301 pvt ltd,27AAAAA2522A1ZN
G_006302,60837.00,2025-11-19,INV/2025/20693,Vendor 6302 Pvt Ltd,27AAAAA1923A1ZK
G_006303,52263.00,2025-09-14,INV/2025/32323,Vendor 6303 Pvt Ltd,27AAAAA8232A1ZC
G_006304,82308.00,2025-09-17,,Vendor 6304 Pvt Ltd,27AAAAA1769A1Z8
G_006305,14049.00,2025-01-29,,Vendor 6305 Pvt Ltd,27AAAAA8903A1ZA
G_006306,28679.00,2025-01-21,INV/2025/2869,Vendor 6306 Pvt Ltd,27AAAAA7097A1ZZ
G_006307,87341.00,2025-08-05,INV/2025/28748,Vendor 6307 PVT LTD,27AAAAA1982A1Z9
G_006308,84692.00,2025-09-01,,Vendor 6308 Pvt Ltd,27AAAAA7948A1ZZ
G_006309,72389.00,2025-07-31,INV/2025/16806,Vendor 6309 Pvt Ltd,27AAAAA7056A1Z8
G_006310,60723.00,2025-12-01,INV/2025/4645,Vendor 6310 Pvt Ltd,27AAAAA6063A1ZB
G_006311,83687.00,2025-04-21,INV/2025/29864,Vendor 6311 Pvt Ltd,27AAAAA7900A1ZF
G_006312,46461.00,2025-11-29,INV/2025/88838,Vendor 6312 Pvt Ltd,27AAAAA7202A1ZK
G_006313,17254.00,2025-06-21,INV/2025/39887,Vendor 6313 Pvt Ltd,27AAAAA5670A1Z8
G_006314,41074.00,2025-09-11,INV/2025/27740,Vendor 6314 Pvt Ltd,27AAAAA8627A1Z5
G_006315,135118.00,2025-07-07,INV/2025/15185,Vendor 6315 Pvt Ltd,27AAAAA2113A1ZS
G_006316,47151.00,2025-12-27,INV/2025/75228,Vendor 6316 Pvt Ltd,27AAAAA7334A1ZB
G_006317,108160.00,2025-01-07,INV/2025/6475,Vendor 6317 Pvt Ltd,27AAAAA6360A1ZB
G_006318,92551.00,2025-04-23,INV/2025/59681,Vendor 6318 Pvt Ltd,27AAAAA4746A1Z9
G_006319,96669.00,2025-05-20,INV/2025/68611,Vendor 6319 Pvt Ltd,27AAAAA7474A1Z2
G_006320,74018.00,2025-03-23,,Vendor 6320 Pvt Ltd,27AAAAA1142A1ZP
G_006321,96090.00,2025-05-16,INV/2025/45369,Vendor 6321 Pvt Ltd,27AAAAA2516A1ZL
G_006322,94516.00,2025-04-12,INV/2025/60396,Vendor 6322 PVT LTD,27AAAAA7033A1ZF
G_006323,6007.00,2025-05-20,INV/2025/10186,Vendor 6323 Pvt Ltd,27AAAAA7770A1Z3
G_006324,28149.00,2025-01-30,INV/2025/25233,Vendor,27AAAAA6028A1ZE
G_006325,29024.00,2025-09-07,INV/2025/21349,Vendor 6325 Pvt Ltd,27AAAAA2269A1ZB
G_006326,2215.00,2025-11-14,INV/2025/27255,Vendor 6326 Pvt Ltd,27AAAAA2996A1Z1
G_006327,88072.00,2025-04-08,INV/2025/80444,Vendor 6327 Pvt Ltd,27AAAAA6101A1ZO
G_006328,4417.00,2025-02-14,,Vendor 6328 Pvt Ltd,27AAAAA7050A1ZE
G_006329,74518.00,2025-07-21,INV/2025/18443,Vendor 6329 Private Limited,27AAAAA6007A1ZJ
G_006330,88818.00,2025-11-27,INV/2025/88505,Vendor 6330 Pvt Ltd Inc,27AAAAA8086A1Z0
G_006331,71635.00,2025-08-28,,Vendor 6331 Pvt Ltd,27AAAAA1891A1Z9
G_006332,98603.00,2025-09-13,INV/2025/53805,Vendor 6332 Pvt Ltd,27AAAAA5817A1ZB
G_006333,57549.00,2025-09-16,INV/2025/21424,Vendor 6333 Pvt Ltd,27AAAAA1824A1ZK
G_006334,49551.00,2025-11-08,INV/2025/41449,Vendor 6334 PVT LTD,27AAAAA7424A1ZC
G_006335,89229.00,2025-10-17,INV/2025/84071,Vendor 6335 Pvt Ltd,27AAAAA1079A1ZD
G_006336,20910.00,2025-12-16,INV/2025/98439,Vendor 6336 Pvt Ltd,27AAAAA9283A1ZZ
G_006337,42957.00,2025-06-21,INV/2025/76927,Vendor 6337 Pvt Ltd,27AAAAA9673A1ZX
G_006338,21749.00,2025-10-20,INV/2025/63485,Vendor 6338 Pvt Ltd,27AAAAA7998A1ZP
G_006339,27718.00,2025-03-15,INV/2025/43912,Vendor 6339 Pvt Ltd,27AAAAA3397A1Z4
G_006340,64436.00,2025-11-20,INV/2025/40868,Vendor 6340 Pvt Ltd,27AAAAA8992A1ZT
G_006341,62172.00,2025-01-29,INV/2025/96375,Vendor,27AAAAA3713A1ZK
G_006342,33302.00,2025-11-23,,Vendor 6342 Pvt Ltd,27AAAAA4947A1Z6
G_006343,52234.00,2025-02-23,INV/2025/7025,Vendor 6343 Pvt Ltd,27AAAAA7818A1Z6
G_006344,78677.00,2025-07-17,INV/2025/12394,Vendor,27AAAAA5886A1ZY
G_006345,22225.00,2025-09-15,INV/2025/72945,Vendor 6345 Pvt Ltd,27AAAAA7485A1ZZ
G_006346,91247.00,2025-09-25,,Vendor 6346 Pvt Ltd,27AAAAA9518A1Z5
G_006347,35730.00,2025-05-09,,Vendor 6347 Pvt Ltd,27AAAAA3775A1Z6
G_006348,98916.00,2025-05-06,,Vendor 6348 Pvt Ltd,27AAAAA1311A1ZU
G_006349,11029.00,2025-09-24,INV/2025/56999,Vendor 6349 Pvt Ltd Inc,27AAAAA6901A1ZG
G_006350,30187.00,2025-12-08,INV/2025/40281,Vendor 6350 Pvt Ltd,27AAAAA2420A1ZQ
G_006351,29965.00,2025-12-23,INV/2025/86953,Vendor 6351 Pvt Ltd,27AAAAA9851A1Z1
G_006352,71462.00,2025-01-15,INV/2025/16899,Vendor 6352 Pvt Ltd,27AAAAA5056A1ZC
G_006353,61561.00,2025-08-04,INV/2025/77757,Vendor 6353 Pvt Ltd,27AAAAA5388A1Z1
G_006354,64844.00,2025-09-10,,Vendor 6354 Pvt Ltd,27AAAAA4333A1ZI
G_006355,12035.00,2025-12-11,INV/2025/21676,Vendor 6355 Pvt Ltd,27AAAAA1038A1ZM
G_006356,50635.00,2025-04-21,INV/2025/13556,Vendor 6356 Pvt Ltd Inc,27AAAAA2257A1ZF
G_006357,82306.00,2025-03-20,INV/2025/32517,Vendor 6357 Pvt Ltd Inc,27AAAAA1096A1ZC
G_006358,25639.00,2025-05-05,INV/2025/52770,vendor 6358 pvt ltd,27AAAAA2199A1Z6
G_006359,38253.00,2025-01-03,INV/2025/78810,Vendor 6359 Private Limited,27AAAAA2090A1ZG
G_006360,24163.00,2025-05-06,INV/2025/17016,Vendor,27AAAAA1745A1ZG
G_006361,14832.00,2025-04-04,INV/2025/82582,Vendor 6361 Pvt Ltd,27AAAAA1572A1ZF
G_006362,12903.00,2025-12-06,INV/2025/60834,Vendor 6362 Pvt Ltd,27AAAAA5012A1ZO
G_006363,1122.00,2025-12-24,INV/2025/1747,vendor 6363 pvt ltd,27AAAAA1225A1ZP
G_006364,60775.00,2025-07-12,INV/2025/45925,Vendor 6364 Pvt Ltd,
G_006365,38638.00,2025-06-08,INV/2025/70415,Vendor 6365 Pvt Ltd,27AAAAA3853A1ZB
G_006366,63140.00,2025-02-28,,Vendor 6366 Pvt Ltd,27AAAAA9360A1Z5
G_006367,40004.00,2025-08-11,INV/2025/82108,Vendor 6367 Pvt Ltd,27AAAAA9074A1Z2
G_006368,93886.00,2025-12-20,INV/2025/73410,Vendor 6368 Pvt Ltd,27AAAAA1959A1Z8
G_006369,69966.00,2025-04-06,INV/2025/5348,Vendor 6369 Pvt Ltd,27AAAAA4889A1ZX
G_006370,1367.00,2025-10-07,INV/2025/96301,Vendor 6370 Pvt Ltd,27AAAAA9514A1Z9
G_006371,23525.00,2025-04-15,INV/2025/22984,Vendor 6371 Pvt Ltd,27AAAAA2868A1Z6
G_006372,3377.00,2025-07-11,,Vendor 6372 Pvt Ltd,27AAAAA1206A1ZS
G_006373,91574.00,2025-02-08,INV/2025/72615,Vendor 6373 Pvt Ltd,27AAAAA5346A1ZB
G_006374,24597.00,2025-12-31,INV/2025/60096,Vendor 6374 Pvt Ltd,27AAAAA6739A1Z4
G_006375,21599.00,2025-02-15,INV/2025/29867,Vendor 6375 Pvt Ltd,27AAAAA1703A1ZQ
G_006376,95198.00,2025-05-29,INV/2025/22708,vendor 6376 pvt ltd,27AAAAA6674A1Z2
G_006377,64863.00,2025-12-14,INV/2025/4482,Vendor 6377 Pvt Ltd,27AAAAA7328A1Z9
G_006378,58549.00,2025-09-16,INV/2025/15524,Vendor 6378 Pvt Ltd,27AAAAA7568A1ZZ
G_006379,194702.00,2025-10-02,INV/2025/54927,Vendor 6379 Pvt Ltd,27AAAAA8672A1Z0
G_006380,12663.00,2025-06-20,INV/2025/25746,None,27AAAAA6240A1ZG
G_006381,56764.00,2025-08-15,INV/2025/31652,Vendor 6381 Pvt Ltd,27AAAAA3773A1Z8
G_006382,11066.00,2025-09-05,INV/2025/90885,Vendor 6382 Pvt Ltd,
G_006383,37182.00,2025-12-11,INV/2025/2563,Vendor 6383 Pvt Ltd,27AAAAA1379A1ZA
G_006384,36932.00,2025-02-08,INV/2025/8949,Vendor 6384 Private Limited,27AAAAA9550A1Z5
G_006385,444.00,2025-09-28,INV/2025/35007,Vendor 6385 PVT LTD,27AAAAA6238A1ZA
G_006386,64245.00,2025-08-17,INV/2025/9163,Vendor 6386 Pvt Ltd,27AAAAA7764A1Z1
G_006387,57268.00,2025-08-20,INV/2025/80950,Vendor 6387 Pvt Ltd,27AAAAA5104A1ZN
G_006388,3205.00,2025-11-30,INV/2025/59917,Vendor 6388 Pvt Ltd,27AAAAA4722A1ZH
G_006389,44630.00,2025-09-19,INV/2025/31447,Vendor 6389 Pvt Ltd,27AAAAA1660A1ZI
G_006390,11137.00,2025-09-12,INV/2025/22419,Vendor 6390 Pvt Ltd,27AAAAA1127A1ZO
G_006391,31868.00,2025-03-12,INV/2025/72892,Vendor 6391 Pvt Ltd,27AAAAA8253A1Z7
G_006392,31066.00,2025-03-08,INV/2025/2426,Vendor 6392 Pvt Ltd,27AAAAA9964A1ZV
G_006393,8385.00,2025-04-09,INV/2025/34504,Vendor 6393 Pvt Ltd,27AAAAA3582A1Z9
G_006394,70113.00,2025-01-16,,Vendor 6394 Pvt Ltd,27AAAAA7280A1Z6
G_006395,3962.00,2025-04-02,INV/2025/40695,Vendor 6395 Pvt Ltd,27AAAAA6961A1Z4
G_006396,88497.00,2025-08-29,INV/2025/84628,Vendor 6396 Pvt Ltd,27AAAAA2083A1ZF
G_006397,94342.00,2025-02-15,INV/2025/61409,Vendor 6397 Pvt Ltd,27AAAAA2272A1ZG
G_006398,46190.00,2025-08-14,INV/2025/75283,Vendor 6398 Pvt Ltd,27AAAAA9859A1ZT
G_006399,25690.00,2025-11-19,INV/2025/87161,Vendor 6399 Pvt Ltd,27AAAAA7644A1Z6
G_006400,7441.00,2025-08-18,INV/2025/97767,Vendor 6400 Private Limited,27AAAAA5171A1ZC
G_006401,71275.00,2025-12-17,,Vendor 6401 Pvt Ltd,27AAAAA5878A1ZY
G_006402,15890.00,2025-10-23,,Vendor 6402 Pvt Ltd,27AAAAA9539A1Z0
G_006403,44044.00,2025-12-24,INV/2025/54329,Vendor 6403 Pvt Ltd,27AAAAA5495A1Z1
G_006404,57637.00,2025-08-02,INV/2025/10335,Vendor 6404 Pvt Ltd Inc,27AAAAA8614A1ZA
G_006405,96804.00,2025-01-15,INV/2025/13639,Vendor 6405 Pvt Ltd,27AAAAA7538A1Z5
G_006406,59062.00,2025-08-05,INV/2025/41163,Vendor 6406 Pvt Ltd,27AAAAA2549A1ZC
G_006407,61271.00,2025-01-21,,Vendor 6407 Pvt Ltd,27AAAAA8916A1Z5
G_006408,33075.00,2025-12-27,,Vendor 6408 Pvt Ltd,27AAAAA1068A1ZG
G_006409,21355.00,2025-08-14,INV/2025/61351,Vendor 6409 Pvt Ltd Inc,27AAAAA9270A1Z4
G_006410,7875.00,2025-11-13,INV/2025/47309,vendor 6410 pvt ltd,27AAAAA3437A1ZF
G_006411,35197.00,2025-09-26,INV/2025/74928,None,27AAAAA9718A1Z3
G_006412,65485.00,2025-03-31,,Vendor 6412 Pvt Ltd,27AAAAA9225A1Z9
G_006413,28275.00,2025-11-18,INV/2025/95994,Vendor 6413 Pvt Ltd,27AAAAA4115A1ZM
G_006414,21518.00,2025-12-25,INV/2025/34414,Vendor 6414 Pvt Ltd,27AAAAA1260A1ZM
G_006415,75509.00,2025-09-15,INV/2025/53544,Vendor 6415 PVT LTD,27AAAAA4976A1Z1
G_006416,40514.00,2025-07-16,INV/2025/38510,Vendor 6416 Pvt Ltd Inc,27AAAAA9659A1ZV
G_006417,32666.00,2025-10-27,INV/2025/74038,Vendor 6417 Pvt Ltd,27AAAAA8453A1Z5
G_006418,177680.00,2025-06-27,INV/2025/18153,Vendor 6418 Pvt Ltd,27AAAAA7437A1Z7
G_006419,86805.00,2025-08-21,INV/2025/54118,Vendor 6419 Pvt Ltd,27AAAAA7820A1ZC
G_006420,32727.00,2025-06-20,INV/2025/30589,Vendor 6420 Pvt Ltd,
G_006421,82776.00,2025-03-22,,Vendor 6421 Pvt Ltd,27AAAAA7396A1ZX
G_006422,32323.00,2025-05-19,INV/2025/8746,Vendor 6422 Pvt Ltd,27AAAAA4185A1Z8
G_006423,12141.00,2025-07-11,INV/2025/53213,Vendor 6423 Pvt Ltd Inc,27AAAAA3182A1ZD
G_006424,23306.00,2025-08-01,INV/2025/28758,Vendor 6424 Pvt Ltd,27AAAAA6625A1ZB
G_006425,73055.00,2025-08-03,,Vendor 6425 Pvt Ltd,27AAAAA9653A1Z1
G_006426,4314.00,2025-05-26,INV/2025/37167,Vendor 6426 Pvt Ltd,27AAAAA8526A1Z7
G_006427,97119.00,2025-12-01,INV/2025/41171,Vendor 6427 Pvt Ltd,27AAAAA2920A1ZL
G_006428,11116.00,2025-02-09,INV/2025/14795,Vendor 6428 Pvt Ltd,27AAAAA3413A1ZN
G_006429,38507.00,2025-10-18,INV/2025/44574,Vendor 6429 Pvt Ltd,27AAAAA5341A1ZG
G_006430,82909.00,2025-10-11,INV/2025/70661,Vendor 6430 Pvt Ltd,27AAAAA2327A1ZK
G_006431,49719.00,2025-05-02,INV/2025/67278,Vendor 6431 Pvt Ltd,27AAAAA5919A1Z8
G_006432,81894.00,2025-02-26,,Vendor 6432 Pvt Ltd,27AAAAA3644A1ZE
G_006433,84206.00,2025-11-09,,Vendor 6433 Pvt Ltd,27AAAAA9046A1Z6
G_006434,23435.00,2025-10-28,,Vendor 6434 Pvt Ltd,27AAAAA5723A1ZE
G_006435,33285.00,2025-08-14,INV/2025/96478,Vendor 6435 Pvt Ltd,27AAAAA3843A1ZD
G_006436,65091.00,2025-07-11,INV/2025/85560,Vendor 6436 Private Limited,27AAAAA9655A1ZZ
G_006437,8115.00,2025-08-26,INV/2025/42429,Vendor 6437 Pvt Ltd,27AAAAA2233A1ZN
G_006438,36532.00,2025-09-03,INV/2025/75558,Vendor 6438 Pvt Ltd,27AAAAA4608A1ZG
G_006439,6485.00,2025-06-23,INV/2025/62018,Vendor 6439 Pvt Ltd,
G_006440,10090.00,2025-01-14,INV/2025/95924,Vendor 6440 PVT LTD,27AAAAA4220A1ZO
G_006441,31375.00,2025-09-02,INV/2025/71133,None,27AAAAA5912A1ZF
G_006442,40540.00,2025-04-16,INV/2025/98619,Vendor 6442 Pvt Ltd,27AAAAA3752A1ZD
G_006443,35312.00,2025-11-20,INV/2025/55494,Vendor 6443 Pvt Ltd,27AAAAA2163A1ZI
G_006444,15072.00,2025-01-14,INV/2025/50495,Vendor 6444 Pvt Ltd,
G_006445,40668.00,2025-11-07,,Vendor 6445 Pvt Ltd,27AAAAA8305A1ZE
G_006446,68109.00,2025-09-09,,Vendor 6446 Pvt Ltd,27AAAAA2046A1ZK
G_006447,44424.00,2025-01-05,INV/2025/56671,Vendor 6447 Pvt Ltd,27AAAAA7320A1ZH
G_006448,11047.00,2025-06-29,INV/2025/77193,Vendor 6448 Pvt Ltd,27AAAAA8172A1Z5
G_006449,41837.00,2025-01-02,INV/2025/19191,Vendor 6449 Pvt Ltd,27AAAAA3698A1Z0
G_006450,33434.00,2025-01-27,,Vendor 6450 Pvt Ltd,27AAAAA1026A1ZQ
G_006451,54576.00,2025-09-19,INV/2025/30731,Vendor 6451 Private Limited,27AAAAA9865A1ZV
G_006452,72738.00,2025-07-20,INV/2025/11478,Vendor 6452 Pvt Ltd,27AAAAA1984A1Z7
G_006453,38813.00,2025-03-14,INV/2025/49749,Vendor 6453 Pvt Ltd,27AAAAA9978A1ZP
G_006454,50002.00,2025-11-13,INV/2025/80234,Vendor 6454 Pvt Ltd,
G_006455,21586.00,2025-01-17,INV/2025/9081,Vendor 6455 Pvt Ltd Inc,27AAAAA5280A1ZA
G_006456,17980.00,2025-05-12,INV/2025/52413,Vendor 6456 Pvt Ltd,27AAAAA5418A1ZE
G_006457,22327.00,2025-05-07,INV/2025/93478,Vendor 6457 Pvt Ltd,
G_006458,75966.00,2025-07-08,INV/2025/23237,None,27AAAAA6799A1ZS
G_006459,59994.00,2025-06-15,INV/2025/87467,Vendor 6459 Pvt Ltd,27AAAAA5477A1Z3
G_006460,92155.00,2025-11-08,INV/2025/67039,Vendor 6460 Pvt Ltd,27AAAAA9024A1ZC
G_006461,41307.00,2025-09-13,INV/2025/63634,vendor 6461 pvt ltd,27AAAAA6570A1Z7
G_006462,27490.00,2025-07-19,INV/2025/59140,Vendor 6462 Pvt Ltd,27AAAAA9759A1ZU
G_006463,5390.00,2025-07-08,INV/2025/77890,Vendor 6463 Pvt Ltd,27AAAAA2633A1ZJ
G_006464,27298.00,2025-06-12,INV/2025/1582,Vendor 6464 Pvt Ltd,27AAAAA9773A1ZW
G_006465,62166.00,2025-06-24,INV/2025/57839,Vendor 6465 Pvt Ltd,27AAAAA1912A1ZN
G_006466,81229.00,2025-11-20,INV/2025/51209,Vendor 6466 Pvt Ltd,27AAAAA7714A1ZB
G_006467,27818.00,2025-07-02,INV/2025/41272,Vendor,27AAAAA7867A1ZX
G_006468,42915.00,2025-02-11,INV/2025/23467,Vendor 6468 Pvt Ltd,27AAAAA8965A1ZW
G_006469,17077.00,2025-07-19,INV/2025/22652,Vendor,27AAAAA5767A1Z2
G_006470,13703.00,2025-09-27,,Vendor 6470 Pvt Ltd,27AAAAA5681A1Z5
G_006471,45350.00,2025-10-26,INV/2025/39455,Vendor 6471 Pvt Ltd,27AAAAA5545A1ZA
G_006472,42259.00,2025-07-27,INV/2025/49955,Vendor 6472 Pvt Ltd,27AAAAA4836A1ZA
G_006473,168210.00,2025-05-06,INV/2025/62686,Vendor 6473 Pvt Ltd,27AAAAA5528A1ZB
G_006474,5089.00,2025-08-17,,Vendor 6474 Pvt Ltd,27AAAAA6420A1ZI
G_006475,42402.00,2025-08-23,INV/2025/30295,Vendor 6475 Pvt Ltd,27AAAAA6939A1Z2
G_006476,95444.00,2025-03-21,INV/2025/44287,Vendor 6476 Pvt Ltd,27AAAAA6777A1ZY
G_006477,97679.00,2025-10-10,INV/2025/39068,Vendor 6477 Pvt Ltd,27AAAAA6422A1ZG
G_006478,10886.00,2025-12-04,INV/2025/65457,Vendor 6478 Pvt Ltd,
G_006479,77299.00,2025-11-21,INV/2025/23958,VENDOR 6479 PVT LTD,27AAAAA8869A1ZT
G_006480,43060.00,2025-03-24,INV/2025/28397,Vendor 6480 Pvt Ltd,27AAAAA8014A1ZG
G_006481,18739.00,2025-01-31,INV/2025/30369,Vendor 6481 Pvt Ltd Inc,27AAAAA1864A1ZC
G_006482,220.00,2025-01-31,INV/2025/74435,Vendor 6482 Pvt Ltd,27AAAAA8170A1Z7
G_006483,16995.00,2025-05-25,INV/2025/19809,Vendor 6483 Pvt Ltd,27AAAAA2345A1ZI
G_006484,42064.00,2025-04-24,INV/2025/92059,Vendor 6484 Private Limited,27AAAAA8696A1ZS
G_006485,88667.00,2025-11-08,INV/2025/64186,Vendor 6485 Pvt Ltd,27AAAAA4304A1ZN
G_006486,80712.00,2025-05-26,INV/2025/55687,Vendor 6486 Pvt Ltd,27AAAAA3638A1ZC
G_006487,98120.00,2025-03-27,INV/2025/3852,Vendor 6487 Pvt Ltd,27AAAAA8116A1ZD
G_006488,3038.00,2025-07-23,INV/2025/33252,Vendor 6488 Pvt Ltd,27AAAAA3305A1ZO
G_006489,9137.00,2025-09-27,INV/2025/79488,Vendor 6489 Pvt Ltd,27AAAAA2248A1ZG
G_006490,18964.00,2025-09-24,INV/2025/24535,Vendor 6490 Pvt Ltd Inc,27AAAAA8353A1Z6
G_006491,86477.00,2025-04-22,INV/2025/91641,Vendor 6491 Pvt Ltd Inc,27AAAAA4089A1Z5
G_006492,63140.00,2025-02-13,INV/2025/51409,Vendor 6492 Pvt Ltd,27AAAAA2080A1ZI
G_006493,8115.00,2025-09-16,INV/2025/49982,Vendor 6493 Pvt Ltd,27AAAAA4791A1Z4
G_006494,32841.00,2025-08-03,INV/2025/86549,Vendor 6494 Pvt Ltd,27AAAAA3961A1ZA
G_006495,11524.00,2025-04-24,,Vendor 6495 Pvt Ltd,27AAAAA4263A1ZD
G_006496,89773.00,2025-02-04,INV/2025/5117,Vendor,27AAAAA3594A1Z5
G_006497,65461.00,2025-08-23,INV/2025/61788,Vendor 6497 Pvt Ltd,27AAAAA7769A1ZW
G_006498,59887.00,2025-07-13,INV/2025/41783,Vendor 6498 Pvt Ltd,27AAAAA6604A1ZG
G_006499,27366.00,2025-05-09,INV/2025/67094,Vendor 6499 Pvt Ltd,27AAAAA1953A1ZE
G_006500,26583.00,2025-07-03,INV/2025/97872,Vendor 6500 Pvt Ltd,27AAAAA5097A1Z3
G_006501,81923.00,2025-04-15,INV/2025/76261,Vendor 6501 Pvt Ltd,27AAAAA7255A1Z7
G_006502,70533.00,2025-11-13,INV/2025/96890,Vendor 6502 Pvt Ltd,27AAAAA1807A1ZL
G_006503,27072.00,2025-07-06,INV/2025/89960,Vendor 6503 Pvt Ltd,27AAAAA2347A1ZG
G_006504,41375.00,2025-06-22,INV/2025/98873,Vendor 6504 Pvt Ltd,27AAAAA9520A1ZB
G_006505,2375.00,2025-08-10,INV/2025/19168,Vendor 6505 Pvt Ltd,27AAAAA7316A1ZD
G_006506,42021.00,2025-11-20,INV/2025/17160,Vendor 6506 Pvt Ltd,27AAAAA2738A1ZD
G_006507,57375.00,2025-03-22,,Vendor 6507 Pvt Ltd,27AAAAA8823A1Z7
G_006508,37541.00,2025-10-15,INV/2025/33071,Vendor 6508 Pvt Ltd,27AAAAA7882A1ZY
G_006509,32769.00,2025-01-28,INV/2025/23841,Vendor 6509 Private Limited,27AAAAA8431A1ZB
G_006510,62750.00,2025-03-28,INV/2025/46203,Vendor 6510 Pvt Ltd,27AAAAA6360A1ZB
G_006511,97162.00,2025-07-04,INV/2025/67485,Vendor,27AAAAA4750A1ZD
G_006512,21177.00,2025-07-11,INV/2025/72591,Vendor 6512 Pvt Ltd,27AAAAA2829A1ZD
G_006513,77660.00,2025-12-09,INV/2025/95152,Vendor 6513 Pvt Ltd Inc,27AAAAA2386A1Z9
G_006514,21840.00,2025-07-16,INV/2025/89958,Vendor 6514 Pvt Ltd,27AAAAA6869A1ZX
G_006515,41199.00,2025-07-21,,Vendor 6515 Pvt Ltd,27AAAAA5526A1ZD
G_006516,33054.00,2025-06-14,INV/2025/19924,Vendor 6516 Pvt Ltd,27AAAAA8087A1ZZ
G_006517,33893.00,2025-02-07,INV/2025/49549,Vendor 6517 Pvt Ltd,27AAAAA1494A1ZA
G_006518,49341.00,2025-09-11,INV/2025/71561,Vendor 6518 Pvt Ltd,27AAAAA9623A1Z7
G_006519,9160.00,2025-09-15,INV/2025/78060,Vendor 6519 Pvt Ltd,27AAAAA1152A1ZN
G_006520,6005.00,2025-03-05,INV/2025/90765,Vendor 6520 Pvt Ltd,27AAAAA6679A1ZX
G_006521,98222.00,2025-11-12,INV/2025/90007,Vendor 6521 Pvt Ltd,27AAAAA1712A1ZP
G_006522,5927.00,2025-03-07,INV/2025/66995,Vendor 6522 Private Limited,27AAAAA6631A1ZD
G_006523,87398.00,2025-02-09,INV/2025/61480,Vendor 6523 Pvt Ltd,27AAAAA6072A1ZA
G_006524,31729.00,2025-05-19,,Vendor 6524 Pvt Ltd,27AAAAA9114A1ZD
G_006525,13973.00,2025-07-31,INV/2025/13811,Vendor 6525 Pvt Ltd,27AAAAA5066A1ZA
G_006526,77092.00,2025-11-13,INV/2025/17712,Vendor 6526 Pvt Ltd,
G_006527,45981.00,2025-09-04,INV/2025/43416,Vendor 6527 Pvt Ltd,27AAAAA5728A1Z9
G_006528,93374.00,2025-12-08,,Vendor 6528 Pvt Ltd,27AAAAA9238A1Z4
G_006529,64310.00,2025-12-18,INV/2025/66814,Vendor 6529 Pvt Ltd,27AAAAA7547A1Z4
G_006530,89236.00,2025-01-27,,Vendor 6530 Pvt Ltd,27AAAAA6817A1Z9
G_006531,9307.00,2025-06-27,INV/2025/47998,Vendor 6531 Pvt Ltd,27AAAAA9324A1Z9
G_006532,88880.00,2025-08-02,,Vendor 6532 Pvt Ltd,27AAAAA7813A1ZB
G_006533,5755.00,2025-10-17,INV/2025/32393,Vendor 6533 Pvt Ltd,27AAAAA5940A1ZB
G_006534,32983.00,2025-07-28,INV/2025/84784,Vendor 6534 Pvt Ltd,27AAAAA7357A1Z4
G_006535,41202.00,2025-03-03,INV/2025/92174,Vendor 6535 Pvt Ltd,27AAAAA7070A1ZA
G_006536,28815.00,2025-04-17,INV/2025/77940,Vendor 6536 Pvt Ltd,27AAAAA2175A1ZE
G_006537,17362.00,2025-05-14,,Vendor 6537 Pvt Ltd,27AAAAA4069A1Z9
G_006538,51863.00,2025-11-07,INV/2025/53964,Vendor 6538 Pvt Ltd,27AAAAA7114A1ZH
G_006539,84148.00,2025-12-30,,Vendor 6539 Pvt Ltd,27AAAAA3380A1ZD
G_006540,73243.00,2025-12-25,INV/2025/51834,VENDOR 6540 PVT LTD,27AAAAA6110A1ZN
G_006541,74951.00,2025-09-17,INV/2025/83244,Vendor,27AAAAA8892A1ZU
G_006542,75027.00,2025-08-06,INV/2025/30421,Vendor 6542 Pvt Ltd,27AAAAA2397A1Z6
G_006543,34161.00,2025-12-29,INV/2025/27852,Vendor 6543 Pvt Ltd,27AAAAA1834A1ZI
G_006544,23750.00,2025-06-27,INV/2025/74845,Vendor 6544 Pvt Ltd,27AAAAA4001A1ZT
G_006545,15894.00,2025-03-10,INV/2025/64265,Vendor 6545 Pvt Ltd,27AAAAA1070A1ZM
G_006546,14596.00,2025-09-07,INV/2025/52177,Vendor 6546 Pvt Ltd,27AAAAA1163A1ZK
G_006547,74898.00,2025-09-15,INV/2025/56738,Vendor 6547 Pvt Ltd,27AAAAA2482A1ZC
G_006548,68803.00,2025-07-05,INV/2025/88471,Vendor 6548 Pvt Ltd,27AAAAA1278A1ZC
G_006549,55158.00,2025-03-18,INV/2025/23777,Vendor 6549 Pvt Ltd,27AAAAA1072A1ZK
G_006550,54780.00,2025-08-29,INV/2025/28011,Vendor 6550 Pvt Ltd Inc,27AAAAA6706A1ZD
G_006551,51426.00,2025-11-14,INV/2025/96867,Vendor 6551 Pvt Ltd,27AAAAA7122A1ZH
G_006552,81304.00,2025-02-03,INV/2025/1244,Vendor 6552 Pvt Ltd,27AAAAA9533A1Z6
G_006553,28554.00,2025-03-23,INV/2025/62443,Vendor 6553 Pvt Ltd,27AAAAA1578A1Z9
G_006554,40541.00,2025-09-26,INV/2025/23821,Vendor 6554 Pvt Ltd,27AAAAA3088A1Z8
G_006555,27234.00,2025-06-16,INV/2025/17688,Vendor 6555 PVT LTD,27AAAAA7241A1ZD
G_006556,10698.00,2025-03-01,INV/2025/73979,None,27AAAAA7769A1ZW
G_006557,70884.00,2025-01-02,INV/2025/91011,Vendor 6557 Pvt Ltd,
G_006558,66366.00,2025-12-08,,Vendor 6558 Pvt Ltd,27AAAAA6398A1ZX
G_006559,26297.00,2025-11-29,,Vendor 6559 Pvt Ltd,27AAAAA6486A1Z0
G_006560,86066.00,2025-03-25,INV/2025/66865,Vendor 6560 Pvt Ltd,27AAAAA2538A1ZF
G_006561,27506.00,2025-11-23,INV/2025/52289,Vendor 6561 Pvt Ltd,27AAAAA1491A1ZD
G_006562,85418.00,2025-11-12,INV/2025/40808,Vendor 6562 Pvt Ltd,27AAAAA7427A1Z9
G_006563,20857.00,2025-08-01,INV/2025/43777,Vendor 6563 Pvt Ltd Inc,27AAAAA5034A1ZI
G_006564,26452.00,2025-12-17,INV/2025/65400,vendor 6564 pvt ltd,27AAAAA4153A1ZG
G_006565,4145.00,2025-04-26,INV/2025/65299,Vendor 6565 Pvt Ltd,27AAAAA5556A1Z7
G_006566,87432.00,2025-02-25,INV/2025/87527,Vendor 6566 Pvt Ltd,27AAAAA4242A1ZI
G_006567,16633.00,2025-12-19,,Vendor 6567 Pvt Ltd,27AAAAA6618A1ZA
G_006568,12963.00,2025-10-26,INV/2025/83753,Vendor 6568 Pvt Ltd,27AAAAA8399A1ZS
G_006569,7245.00,2025-07-09,INV/2025/53796,VENDOR 6569 PVT LTD,27AAAAA5088A1Z4
G_006570,16589.00,2025-12-25,INV/2025/53168,Vendor 6570 Pvt Ltd,27AAAAA2098A1Z8
G_006571,71116.00,2025-11-06,INV/2025/10469,Vendor 6571 PVT LTD,27AAAAA5785A1Z0
G_006572,31289.00,2025-09-17,,Vendor 6572 Pvt Ltd,27AAAAA9279A1ZV
G_006573,43092.00,2025-03-03,INV/2025/37246,Vendor,27AAAAA2209A1ZN
G_006574,75380.00,2025-02-15,INV/2025/33255,Vendor 6574 Pvt Ltd,27AAAAA5394A1Z3
G_006575,57832.00,2025-07-31,INV/2025/46400,Vendor 6575 Pvt Ltd,27AAAAA6767A1Z0
G_006576,17647.00,2025-12-27,INV/2025/99418,Vendor 6576 Pvt Ltd,27AAAAA3728A1ZD
G_006577,86155.00,2025-05-18,,Vendor 6577 Pvt Ltd,27AAAAA6370A1Z9
G_006578,17275.00,2025-10-16,INV/2025/40966,Vendor 6578 Pvt Ltd Inc,27AAAAA1388A1Z9
G_006579,24965.00,2025-12-10,INV/2025/98606,Vendor 6579 Pvt Ltd,
G_006580,53746.00,2025-07-22,INV/2025/11069,Vendor 6580 Pvt Ltd,27AAAAA8868A1ZU
G_006581,45091.00,2025-11-17,INV/2025/45556,Vendor 6581 Pvt Ltd,27AAAAA8158A1Z3
G_006582,92772.00,2025-10-26,INV/2025/12849,VENDOR 6582 PVT LTD,27AAAAA1556A1ZF
G_006583,97724.00,2025-08-16,INV/2025/68576,Vendor 6583 Pvt Ltd,27AAAAA7558A1Z1
G_006584,99294.00,2025-10-30,INV/2025/25676,Vendor 6584 Pvt Ltd,27AAAAA6973A1Z0
G_006585,76013.00,2025-05-26,INV/2025/12398,Vendor 6585 Pvt Ltd,27AAAAA2917A1ZG
G_006586,100564.00,2025-02-24,INV/2025/74652,Vendor 6586 Pvt Ltd,27AAAAA7800A1ZG
G_006587,64682.00,2025-10-01,,Vendor 6587 Pvt Ltd,27AAAAA9700A1ZD
G_006588,87779.00,2025-03-13,,Vendor 6588 Pvt Ltd,27AAAAA1011A1ZX
G_006589,72265.00,2025-10-09,,Vendor 6589 Pvt Ltd,27AAAAA4517A1ZG
G_006590,52006.00,2025-09-02,,Vendor 6590 Pvt Ltd,27AAAAA7994A1ZT
G_006591,26228.00,2025-11-28,INV/2025/59169,Vendor 6591 Pvt Ltd,27AAAAA1285A1ZD
G_006592,29432.00,2025-07-12,INV/2025/48395,Vendor 6592 Pvt Ltd,27AAAAA9245A1Z5
G_006593,76030.00,2025-11-19,INV/2025/92294,Vendor 327 Pvt Ltd,27AAAAA2307A1ZO
G_006594,64375.00,2025-05-27,INV/2025/26400,Vendor,27AAAAA6340A1ZF
G_006595,34262.00,2025-07-20,INV/2025/60059,Vendor 6595 Pvt Ltd,27AAAAA6204A1ZK
G_006596,33032.00,2025-11-02,INV/2025/1738,vendor 6596 pvt ltd,27AAAAA7430A1ZE
G_006597,55898.00,2025-10-09,INV/2025/86695,vendor 6597 pvt ltd,27AAAAA5432A1ZG
G_006598,99066.00,2025-07-01,,Vendor 6598 Pvt Ltd,27AAAAA1820A1ZO
G_006599,7719.00,2025-03-24,INV/2025/44321,Vendor 6599 Pvt Ltd,27AAAAA3040A1ZO
G_006600,55467.00,2025-08-03,INV/2025/17748,Vendor 6600 Pvt Ltd,27AAAAA3885A1Z3
G_006601,6483.00,2025-12-18,INV/2025/5281,VENDOR 6601 PVT LTD,27AAAAA9329A1Z4
G_006602,11978.00,2025-05-31,INV/2025/51607,Vendor 6602 Pvt Ltd,27AAAAA1231A1ZR
G_006603,96217.00,2025-01-07,INV/2025/6358,Vendor 6603 Pvt Ltd,27AAAAA8648A1Z0
G_006604,4677.00,2025-08-19,INV/2025/28477,Vendor 6604 Pvt Ltd Inc,27AAAAA1910A1ZP
G_006605,99488.00,2025-12-30,INV/2025/31381,vendor 6605 pvt ltd,27AAAAA8225A1ZB
G_006606,52775.00,2025-10-21,INV/2025/31405,Vendor 6606 Pvt Ltd,
G_006607,13814.00,2025-04-18,INV/2025/15065,Vendor 6607 Pvt Ltd Inc,27AAAAA5526A1ZD
G_006608,65349.00,2025-02-04,INV/2025/69639,Vendor 6608 Pvt Ltd,27AAAAA7192A1Z3
G_006609,45995.00,2025-05-31,,Vendor 6609 Pvt Ltd,27AAAAA1217A1ZP
G_006610,85918.00,2025-12-30,INV/2025/23956,Vendor 6610 Pvt Ltd,27AAAAA5147A1ZC
G_006611,76505.00,2025-12-02,INV/2025/6485,Vendor 6611 Pvt Ltd,27AAAAA2418A1ZK
G_006612,98140.00,2025-01-08,INV/2025/76736,Vendor 6612 Pvt Ltd,27AAAAA5918A1Z9
G_006613,8364.00,2025-04-03,INV/2025/42092,VENDOR 6613 PVT LTD,27AAAAA5631A1ZF
G_006614,95612.00,2025-12-16,INV/2025/30919,Vendor 6614 Pvt Ltd,27AAAAA1595A1Z8
G_006615,89147.00,2025-08-03,INV/2025/62375,Vendor 6615 Pvt Ltd,27AAAAA8334A1Z9
G_006616,21768.00,2025-09-26,,Vendor 6616 Pvt Ltd,27AAAAA7344A1Z9
G_006617,26578.00,2025-06-08,INV/2025/3188,VENDOR 6617 PVT LTD,27AAAAA2163A1ZI
G_006618,72204.00,2025-04-22,INV/2025/70960,Vendor 6618 Pvt Ltd,27AAAAA8706A1Z9
G_006619,2898.00,2025-09-28,INV/2025/14096,Vendor,27AAAAA4185A1Z8
G_006620,83152.00,2025-11-16,INV/2025/90664,Vendor 6620 Pvt Ltd,
G_006621,31866.00,2025-09-19,,Vendor 6621 Pvt Ltd,27AAAAA7256A1Z6
G_006622,40590.00,2025-10-14,INV/2025/11465,Vendor 6622 Private Limited,27AAAAA6705A1ZE
G_006623,10281.00,2025-08-29,INV/2025/67762,Vendor 6623 Pvt Ltd,27AAAAA2727A1ZG
G_006624,53314.00,2025-08-20,INV/2025/65656,Vendor 6624 Pvt Ltd,27AAAAA8357A1Z2
G_006625,4473.00,2025-04-27,,Vendor 6625 Pvt Ltd,27AAAAA3208A1ZM
G_006626,41989.00,2025-08-13,INV/2025/36365,Vendor 6626 Pvt Ltd,27AAAAA8273A1Z3
G_006627,31324.00,2025-12-14,INV/2025/2695,Vendor 6627 Pvt Ltd,27AAAAA4042A1ZK
G_006628,64168.00,2025-09-29,INV/2025/64199,Vendor 6628 Pvt Ltd,27AAAAA8174A1Z3
G_006629,35002.00,2025-11-02,INV/2025/62885,Vendor 6629 PVT LTD,27AAAAA3781A1Z8
G_006630,98489.00,2025-08-27,INV/2025/9407,Vendor 6630 Pvt Ltd,27AAAAA6596A1ZX
G_006631,62572.00,2025-05-13,INV/2025/92490,Vendor 6631 Pvt Ltd,27AAAAA7786A1ZV
G_006632,41565.00,2025-04-28,INV/2025/60324,Vendor 6632 Pvt Ltd,27AAAAA6065A1Z9
G_006633,94363.00,2025-06-03,INV/2025/39950,None,27AAAAA8264A1Z4
G_006634,42454.00,2025-03-13,INV/2025/95411,Vendor 6634 Pvt Ltd,27AAAAA3395A1Z6
G_006635,92793.00,2025-02-27,INV/2025/69239,Vendor 6635 Pvt Ltd,27AAAAA1795A1Z6
G_006636,14808.00,2025-06-11,INV/2025/97444,Vendor 6636 Pvt Ltd,27AAAAA2687A1Z5
G_006637,71330.00,2025-06-26,INV/2025/10773,Vendor 6637 Pvt Ltd,27AAAAA4804A1ZI
G_006638,64907.00,2025-01-19,INV/2025/86066,Vendor 6638 Pvt Ltd,27AAAAA7888A1ZS
G_006639,1311.00,2025-11-08,INV/2025/72381,Vendor 6639 Pvt Ltd,27AAAAA9717A1Z4
G_006640,76500.00,2025-04-25,INV/2025/34970,Vendor 6640 Pvt Ltd,27AAAAA2109A1ZO
G_006641,99636.00,2025-09-06,INV/2025/42948,Vendor,27AAAAA3907A1ZG
G_006642,97952.00,2025-06-26,INV/2025/50390,Vendor 6642 Pvt Ltd,27AAAAA5902A1ZH
G_006643,70941.00,2025-10-23,INV/2025/20756,Vendor 6643 Pvt Ltd,27AAAAA4384A1Z7
G_006644,18241.00,2025-05-23,INV/2025/43077,Vendor 6644 Pvt Ltd,27AAAAA6891A1ZZ
G_006645,44303.00,2025-08-29,,Vendor 6645 Pvt Ltd,27AAAAA6190A1Z7
G_006646,25315.00,2025-10-02,INV/2025/72292,Vendor 6646 Pvt Ltd,27AAAAA7593A1ZY
G_006647,35403.00,2025-12-13,,Vendor 6647 Pvt Ltd,27AAAAA3722A1ZJ
G_006648,49584.00,2025-02-26,INV/2025/88175,vendor 6648 pvt ltd,27AAAAA2452A1ZI
G_006649,93850.00,2025-12-19,,Vendor 6649 Pvt Ltd,27AAAAA3632A1ZI
G_006650,96547.00,2025-05-09,INV/2025/64098,Vendor 6650 Pvt Ltd,27AAAAA8580A1Z1
G_006651,83015.00,2025-08-29,INV/2025/4222,Vendor 6651 Pvt Ltd,27AAAAA4532A1ZH
G_006652,123298.00,2025-10-14,INV/2025/59182,Vendor 6652 Pvt Ltd,27AAAAA5572A1Z7
G_006653,74916.00,2025-04-07,INV/2025/17102,Vendor 6653 Pvt Ltd,27AAAAA2572A1ZD
G_006654,11932.00,2025-12-31,,Vendor 6654 Pvt Ltd,27AAAAA5596A1ZZ
G_006655,67002.00,2025-12-23,,Vendor 6655 Pvt Ltd,27AAAAA3285A1Z9
G_006656,24404.00,2025-06-28,INV/2025/32542,Vendor 6656 Pvt Ltd Inc,27AAAAA7418A1ZA
G_006657,65871.00,2025-07-04,INV/2025/36989,Vendor 6657 Pvt Ltd,27AAAAA2553A1ZG
G_006658,80436.00,2025-03-26,INV/2025/42719,VENDOR 6658 PVT LTD,27AAAAA9833A1Z3
G_006659,11311.00,2025-05-14,INV/2025/1471,Vendor 6659 Pvt Ltd,27AAAAA4916A1ZD
G_006660,29546.00,2025-01-15,,Vendor 6660 Pvt Ltd,27AAAAA7591A1Z0
G_006661,56604.00,2025-09-01,INV/2025/26006,Vendor 6661 Pvt Ltd,27AAAAA3468A1Z8
G_006662,40516.00,2025-08-17,INV/2025/76965,Vendor 6662 Pvt Ltd,
G_006663,13241.00,2025-08-07,INV/2025/67026,Vendor,27AAAAA8258A1Z2
G_006664,25620.00,2025-03-17,INV/2025/97881,Vendor 6664 Pvt Ltd,27AAAAA2513A1ZO
G_006665,53548.00,2025-10-02,INV/2025/42121,Vendor 6665 Pvt Ltd,27AAAAA9845A1ZZ
G_006666,39166.00,2025-08-13,INV/2025/51672,Vendor 6666 Pvt Ltd,27AAAAA4445A1ZD
G_006667,23016.00,2025-04-18,INV/2025/3658,None,27AAAAA9818A1Z2
G_006668,46622.00,2025-09-24,INV/2025/79379,Vendor 6668 Pvt Ltd,27AAAAA8198A1ZV
G_006669,51602.00,2025-04-18,INV/2025/11228,Vendor 6669 Pvt Ltd,27AAAAA4497A1Z1
G_006670,50883.00,2025-01-22,INV/2025/14517,Vendor 6670 Pvt Ltd,27AAAAA5808A1ZC
G_006671,67490.00,2025-01-08,,Vendor 6671 Pvt Ltd,27AAAAA3494A1Z6
G_006672,40941.00,2025-11-08,INV/2025/7435,None,27AAAAA7639A1Z3
G_006673,36968.00,2025-10-20,INV/2025/11582,Vendor,27AAAAA9185A1ZY
G_006674,33408.00,2025-11-30,INV/2025/93715,Vendor 6674 Pvt Ltd,27AAAAA4924A1ZD
G_006675,60162.00,2025-02-18,INV/2025/9003,Vendor 6675 Pvt Ltd,27AAAAA1566A1ZD
G_006676,49297.00,2025-08-09,,Vendor 6676 Pvt Ltd,27AAAAA4848A1Z6
G_006677,36029.00,2025-07-05,INV/2025/42701,Vendor 6677 Pvt Ltd,27AAAAA9587A1ZS
G_006678,70016.00,2025-11-22,INV/2025/44422,Vendor 6678 Pvt Ltd,27AAAAA1043A1ZP
G_006679,20057.00,2025-03-25,INV/2025/76358,Vendor 6679 Pvt Ltd,27AAAAA7199A1ZW
G_006680,83180.00,2025-01-01,INV/2025/68036,Vendor 6680 Pvt Ltd,27AAAAA2705A1ZM
G_006681,50254.00,2025-08-01,INV/2025/98970,Vendor 6681 Pvt Ltd,27AAAAA1596A1Z7
G_006682,24041.00,2025-07-19,INV/2025/1803,Vendor 6682 Pvt Ltd,27AAAAA1985A1Z6
G_006683,58059.00,2025-05-15,INV/2025/81279,Vendor 6683 PVT LTD,27AAAAA2702A1ZP
G_006684,94348.00,2025-07-14,,Vendor 6684 Pvt Ltd,27AAAAA2735A1ZG
G_006685,54680.00,2025-07-19,INV/2025/83114,Vendor 6685 Pvt Ltd,27AAAAA1391A1ZE
G_006686,61787.00,2025-04-24,,Vendor 6686 Pvt Ltd,27AAAAA6233A1ZF
G_006687,23391.00,2025-12-16,INV/2025/36888,Vendor 6687 Pvt Ltd,27AAAAA1917A1ZI
G_006688,75104.00,2025-04-10,INV/2025/46422,Vendor 6688 Pvt Ltd,27AAAAA9598A1ZP
G_006689,60513.00,2025-02-09,INV/2025/9869,Vendor 6689 Private Limited,27AAAAA1229A1ZL
G_006690,80911.00,2025-09-22,INV/2025/50133,Vendor 6690 Pvt Ltd,27AAAAA3810A1ZM
G_006691,45458.00,2025-11-24,INV/2025/99176,Vendor 6691 Pvt Ltd,27AAAAA1418A1ZM
G_006692,12458.00,2025-05-10,INV/2025/71895,Vendor 6692 Pvt Ltd,27AAAAA8282A1Z2
G_006693,16098.00,2025-09-13,INV/2025/11561,Vendor 6693 Pvt Ltd,27AAAAA4263A1ZD
G_006694,46870.00,2025-05-11,INV/2025/97409,Vendor 6694 Pvt Ltd,27AAAAA3717A1ZG
G_006695,20627.00,2025-01-03,INV/2025/24580,vendor 6695 pvt ltd,27AAAAA3912A1ZJ
G_006696,46832.00,2025-12-01,INV/2025/24723,Vendor 6696 Pvt Ltd,27AAAAA2183A1ZE
G_006697,18278.00,2025-02-26,,Vendor 6697 Pvt Ltd,27AAAAA6803A1ZF
G_006698,20799.00,2025-08-02,INV/2025/80597,Vendor 6698 Pvt Ltd,27AAAAA2969A1Z4
G_006699,86080.00,2025-01-30,INV/2025/63551,Vendor 6699 Pvt Ltd,27AAAAA1745A1ZG
G_006700,30467.00,2025-11-04,INV/2025/39711,Vendor 6700 Pvt Ltd,27AAAAA2038A1ZK
G_006701,47991.00,2025-01-24,INV/2025/98238,Vendor 6701 Pvt Ltd,27AAAAA3765A1Z8
G_006702,31519.00,2025-10-15,INV/2025/31192,Vendor 6702 Pvt Ltd Inc,27AAAAA3489A1Z3
G_006703,63254.00,2025-11-25,INV/2025/52509,Vendor 6703 Pvt Ltd,27AAAAA4800A1ZM
G_006704,20333.00,2025-10-15,INV/2025/47709,Vendor 6704 Pvt Ltd,27AAAAA5358A1Z7
G_006705,68616.00,2025-07-30,INV/2025/84960,Vendor 6705 Pvt Ltd,27AAAAA1430A1ZQ
G_006706,85999.00,2025-05-06,INV/2025/17782,Vendor 6706 Private Limited,27AAAAA7741A1Z8
G_006707,43707.00,2025-01-30,INV/2025/99821,Vendor 6707 Pvt Ltd,
G_006708,86711.00,2025-02-24,INV/2025/44854,None,27AAAAA9119A1Z8
G_006709,27809.00,2025-08-27,INV/2025/64992,Vendor 6709 Pvt Ltd,27AAAAA3052A1ZK
G_006710,63447.00,2025-05-10,INV/2025/38871,Vendor 6710 Pvt Ltd,27AAAAA1851A1ZH
G_006711,74548.00,2025-02-24,INV/2025/91677,Vendor 6711 Pvt Ltd,27AAAAA4792A1Z3
G_006712,93719.00,2025-01-06,INV/2025/4874,Vendor 6712 Pvt Ltd,27AAAAA5119A1ZG
G_006713,69289.00,2025-12-14,INV/2025/67076,VENDOR 6713 PVT LTD,27AAAAA7463A1Z5
G_006714,98969.00,2025-04-17,INV/2025/63765,Vendor 6714 Pvt Ltd,27AAAAA8975A1ZU
G_006715,53165.00,2025-07-13,INV/2025/1643,Vendor 6715 Pvt Ltd,27AAAAA7199A1ZW
G_006716,95731.00,2025-01-30,,Vendor 6716 Pvt Ltd,27AAAAA7200A1ZM
G_006717,13670.00,2025-03-17,INV/2025/1875,VENDOR 6717 PVT LTD,27AAAAA5314A1ZJ
G_006718,77984.00,2025-04-18,INV/2025/66676,Vendor 223 Pvt Ltd Inc,27AAAAA2964A1Z9
G_006719,70024.00,2025-12-14,INV/2025/77759,Vendor 6719 Private Limited,27AAAAA3175A1ZC
G_006720,47943.00,2025-03-01,INV/2025/53711,Vendor 6720 Pvt Ltd,27AAAAA5047A1ZD
G_006721,63427.00,2025-08-14,INV/2025/49951,Vendor 6721 Pvt Ltd,27AAAAA6383A1Z4
G_006722,73584.00,2025-05-29,,Vendor 6722 Pvt Ltd,27AAAAA7860A1Z4
G_006723,56114.00,2025-04-11,INV/2025/53478,Vendor 6723 Pvt Ltd,27AAAAA2616A1ZK
G_006724,19691.00,2025-05-14,INV/2025/85872,Vendor 6724 PVT LTD,27AAAAA6162A1ZB
G_006725,50624.00,2025-05-18,INV/2025/21543,VENDOR 6725 PVT LTD,27AAAAA8986A1ZR
G_006726,1598.00,2025-04-18,INV/2025/82804,Vendor 6726 Pvt Ltd,27AAAAA4607A1ZH
G_006727,97158.00,2025-12-24,INV/2025/53052,Vendor 6727 Pvt Ltd,27AAAAA3222A1ZO
G_006728,24768.00,2025-04-03,INV/2025/79654,Vendor 6728 Pvt Ltd,
G_006729,92481.00,2025-01-16,INV/2025/13188,Vendor 6729 Pvt Ltd,27AAAAA5755A1Z6
G_006730,94446.00,2025-06-05,,Vendor 6730 Pvt Ltd,27AAAAA9009A1ZB
G_006731,26537.00,2025-12-11,INV/2025/86747,Vendor 6731 Pvt Ltd,27AAAAA9019A1Z9
G_006732,99826.00,2025-10-29,INV/2025/81734,Vendor 6732 Pvt Ltd,27AAAAA5513A1ZI
G_006733,70093.00,2025-02-04,INV/2025/80056,Vendor 6733 Pvt Ltd,27AAAAA8517A1Z8
G_006734,44191.00,2025-10-22,,Vendor 6734 Pvt Ltd,27AAAAA7379A1ZY
G_006735,12432.00,2025-01-17,INV/2025/87943,Vendor 6735 Pvt Ltd,27AAAAA7306A1ZF
G_006736,45073.00,2025-08-29,,Vendor 6736 Pvt Ltd,27AAAAA1347A1ZI
G_006737,6808.00,2025-09-23,INV/2025/98755,Vendor 6737 Pvt Ltd,27AAAAA2582A1ZB
G_006738,41226.00,2025-08-08,INV/2025/82906,Vendor 6738 PVT LTD,27AAAAA9141A1ZA
G_006739,13741.00,2025-12-17,INV/2025/66910,VENDOR 6739 PVT LTD,27AAAAA3646A1ZC
G_006740,9059.00,2025-12-13,INV/2025/95228,Vendor 6740 Pvt Ltd,27AAAAA8437A1Z5
G_006741,50851.00,2025-06-13,INV/2025/67361,Vendor 6741 Pvt Ltd,27AAAAA2652A1ZG
G_006742,40496.00,2025-02-05,INV/2025/16560,Vendor 6742 Pvt Ltd,27AAAAA5050A1ZI
G_006743,57726.00,2025-10-12,INV/2025/94569,Vendor 6743 Pvt Ltd,27AAAAA6436A1ZA
G_006744,19156.00,2025-07-17,INV/2025/43951,Vendor 6744 Pvt Ltd,
G_006745,72612.00,2025-03-15,INV/2025/77919,Vendor 6745 Pvt Ltd,27AAAAA9037A1Z7
G_006746,66801.00,2025-07-07,INV/2025/86003,Vendor 6746 Pvt Ltd,27AAAAA9749A1ZW
G_006747,81957.00,2025-07-27,INV/2025/4385,Vendor 6747 Pvt Ltd Inc,27AAAAA2048A1ZI
G_006748,88886.00,2025-10-14,,Vendor 6748 Pvt Ltd,27AAAAA6696A1ZW
G_006749,8188.00,2025-12-28,INV/2025/37451,Vendor 6749 Pvt Ltd,27AAAAA4717A1ZE
G_006750,16350.00,2025-09-29,INV/2025/43056,Vendor 6750 Pvt Ltd,27AAAAA4329A1ZE
G_006751,2957.00,2025-09-10,INV/2025/17155,Vendor 6751 Pvt Ltd,27AAAAA9094A1ZY
G_006752,33558.00,2025-10-08,,Vendor 6752 Pvt Ltd,27AAAAA5185A1Z6
G_006753,398.00,2025-01-03,INV/2025/8747,Vendor 6753 Pvt Ltd,27AAAAA6004A1ZM
G_006754,53878.00,2025-01-24,INV/2025/20529,Vendor 6754 Pvt Ltd,27AAAAA7055A1Z9
G_006755,6773.00,2025-08-05,,Vendor 6755 Pvt Ltd,27AAAAA3015A1ZP
G_006756,20928.00,2025-10-27,INV/2025/54886,Vendor 6756 PVT LTD,27AAAAA8967A1ZU
G_006757,86834.00,2025-06-19,INV/2025/99193,Vendor 6757 Pvt Ltd,27AAAAA9246A1Z4
G_006758,33998.00,2025-10-29,INV/2025/94216,Vendor 6758 Pvt Ltd,27AAAAA5380A1Z9
G_006759,49230.00,2025-02-28,,Vendor 6759 Pvt Ltd,27AAAAA3444A1ZG
G_006760,53976.00,2025-07-28,INV/2025/83715,Vendor 6760 Pvt Ltd,27AAAAA5519A1ZC
G_006761,133560.00,2025-08-25,INV/2025/74438,Vendor 6761 Pvt Ltd,27AAAAA7000A1ZO
G_006762,87502.00,2025-09-05,,Vendor 6762 Pvt Ltd,27AAAAA4987A1ZY
G_006763,24677.00,2025-10-28,INV/2025/98629,Vendor 6763 Pvt Ltd Inc,27AAAAA6285A1Z3
G_006764,56482.00,2025-12-21,INV/2025/65954,Vendor 6764 Pvt Ltd,27AAAAA1903A1ZO
G_006765,93780.00,2025-07-25,INV/2025/1265,Vendor 6765 Pvt Ltd,27AAAAA4195A1Z6
G_006766,91934.00,2025-01-11,INV/2025/34709,Vendor 6766 Pvt Ltd,27AAAAA4676A1Z4
G_006767,49516.00,2025-01-31,INV/2025/7126,Vendor 6767 Pvt Ltd,27AAAAA6737A1Z6
G_006768,53709.00,2025-12-16,INV/2025/53015,Vendor 6768 Pvt Ltd,27AAAAA3419A1ZH
G_006769,57485.00,2025-02-26,,Vendor 6769 Pvt Ltd,27AAAAA1009A1ZR
G_006770,13546.00,2025-08-13,INV/2025/57357,Vendor 6770 Pvt Ltd,27AAAAA8679A1ZT
G_006771,53896.00,2025-06-01,,Vendor 6771 Pvt Ltd,27AAAAA1151A1ZO
G_006772,90219.00,2025-05-31,INV/2025/28611,vendor 6772 pvt ltd,27AAAAA1385A1ZC
G_006773,60636.00,2025-07-23,,Vendor 6773 Pvt Ltd,27AAAAA7671A1Z3
G_006774,4641.00,2025-03-15,INV/2025/97762,Vendor 6774 Pvt Ltd,27AAAAA8182A1Z3
G_006775,52039.00,2025-11-24,INV/2025/31426,Vendor 6775 Pvt Ltd Inc,27AAAAA2177A1ZC
G_006776,35844.00,2025-09-05,INV/2025/17529,Vendor 6776 Pvt Ltd,27AAAAA7897A1ZR
G_006777,50425.00,2025-08-28,INV/2025/68157,Vendor 6777 Pvt Ltd,27AAAAA5632A1ZE
G_006778,57226.00,2025-11-14,INV/2025/3810,Vendor 6778 Pvt Ltd,27AAAAA4345A1ZE
G_006779,93164.00,2025-12-26,INV/2025/46995,Vendor 6779 Pvt Ltd,27AAAAA6247A1Z9
G_006780,8576.00,2025-05-02,INV/2025/34733,Vendor 6780 Pvt Ltd,27AAAAA7436A1Z8
G_006781,29779.00,2025-02-17,INV/2025/18703,Vendor 6781 Pvt Ltd,27AAAAA8721A1ZA
G_006782,93451.00,2025-08-10,INV/2025/51315,Vendor 6782 Pvt Ltd,27AAAAA1908A1ZJ
G_006783,37650.00,2025-12-02,INV/2025/1557,Vendor 6783 Pvt Ltd,27AAAAA6291A1Z5
G_006784,36500.00,2025-03-22,,Vendor 6784 Pvt Ltd,27AAAAA3928A1ZB
G_006785,74181.00,2025-05-23,INV/2025/30000,Vendor 6785 Pvt Ltd,27AAAAA7748A1Z1
G_006786,97802.00,2025-08-11,INV/2025/10604,Vendor 6786 Pvt Ltd,27AAAAA9201A1ZH
G_006787,72716.00,2025-02-04,,Vendor 6787 Pvt Ltd,27AAAAA6991A1ZY
G_006788,59486.00,2025-04-25,INV/2025/25483,Vendor 6788 Pvt Ltd,27AAAAA6454A1Z8
G_006789,73227.00,2025-12-01,INV/2025/74412,Vendor 6789 Pvt Ltd,27AAAAA8267A1Z1
G_006790,17582.00,2025-07-29,INV/2025/15445,Vendor 6790 Pvt Ltd,27AAAAA7099A1ZX
G_006791,96447.00,2025-06-28,INV/2025/88240,Vendor 6791 Pvt Ltd,27AAAAA1182A1ZH
G_006792,20604.00,2025-11-15,INV/2025/49952,Vendor 6792 Pvt Ltd,27AAAAA6966A1ZZ
G_006793,35087.00,2025-05-29,INV/2025/13138,Vendor 6793 Pvt Ltd,27AAAAA9072A1Z4
G_006794,77344.00,2025-08-11,INV/2025/86957,Vendor 6794 Pvt Ltd,27AAAAA9948A1ZV
G_006795,78310.00,2025-03-19,INV/2025/53319,Vendor 6795 Pvt Ltd,27AAAAA7506A1ZD
G_006796,50284.00,2025-11-28,INV/2025/25521,Vendor 6796 Pvt Ltd,27AAAAA1573A1ZE
G_006797,11554.00,2025-09-05,,Vendor 6797 Pvt Ltd,27AAAAA6999A1ZQ
G_006798,10003.00,2025-10-27,INV/2025/27313,Vendor 6798 Pvt Ltd,27AAAAA6951A1Z6
G_006799,28657.00,2025-02-04,INV/2025/23630,Vendor 6799 Pvt Ltd,27AAAAA6481A1Z5
G_006800,43908.00,2025-09-29,INV/2025/85720,Vendor 6800 Pvt Ltd,27AAAAA5115A1ZK
G_006801,55557.00,2025-12-19,INV/2025/21906,Vendor 6801 Pvt Ltd,27AAAAA9069A1ZZ
G_006802,11788.00,2025-07-23,INV/2025/37337,Vendor 6802 Private Limited,27AAAAA7830A1ZA
G_006803,44059.00,2025-05-08,INV/2025/20813,Vendor 6803 Pvt Ltd,27AAAAA5287A1Z3
G_006804,5228.00,2025-12-13,INV/2025/67854,Vendor 6804 Pvt Ltd,27AAAAA8367A1Z0
G_006805,35459.00,2025-09-28,INV/2025/91569,Vendor 6805 Pvt Ltd,27AAAAA2756A1ZB
G_006806,9576.00,2025-11-12,INV/2025/74186,Vendor 6806 Private Limited,27AAAAA8253A1Z7
G_006807,32377.00,2025-08-18,INV/2025/40589,None,27AAAAA5113A1ZM
G_006808,17894.00,2025-07-25,INV/2025/68544,Vendor 6808 Pvt Ltd,27AAAAA2956A1Z9
G_006809,1186.00,2025-01-08,,Vendor 6809 Pvt Ltd,27AAAAA5091A1Z9
G_006810,77795.00,2025-11-08,INV/2025/2562,Vendor 6810 Pvt Ltd,27AAAAA9877A1ZR
G_006811,5578.00,2025-10-07,INV/2025/16825,Vendor 6811 Pvt Ltd,27AAAAA9320A1ZD
G_006812,93475.00,2025-01-13,,Vendor 6812 Pvt Ltd,27AAAAA5630A1ZG
G_006813,91179.00,2025-01-25,INV/2025/45446,Vendor 6813 Pvt Ltd,27AAAAA2840A1ZI
G_006814,89662.00,2025-11-25,INV/2025/68923,Vendor 6814 Pvt Ltd,27AAAAA4626A1ZE
G_006815,166598.00,2025-04-05,INV/2025/14849,Vendor 6815 Pvt Ltd,27AAAAA1623A1ZN
G_006816,74600.00,2025-06-05,INV/2025/55790,Vendor 6816 Pvt Ltd,27AAAAA7796A1ZT
G_006817,21171.00,2025-05-29,,Vendor 6817 Pvt Ltd,27AAAAA2230A1ZQ
G_006818,18998.00,2025-09-16,INV/2025/16040,Vendor 6818 Pvt Ltd,27AAAAA5231A1ZJ
G_006819,74284.00,2025-09-26,INV/2025/25922,Vendor 6819 Pvt Ltd,27AAAAA6680A1Z4
G_006820,35158.00,2025-11-15,INV/2025/67748,Vendor 6820 Pvt Ltd,
G_006821,78588.00,2025-02-08,INV/2025/23565,Vendor 6821 Pvt Ltd,27AAAAA6259A1Z5
G_006822,163.00,2025-05-06,INV/2025/30372,Vendor 6822 Pvt Ltd,27AAAAA3435A1ZH
G_006823,48523.00,2025-08-02,INV/2025/91026,Vendor 6823 Pvt Ltd,27AAAAA8089A1ZX
G_006824,99585.00,2025-08-03,INV/2025/52215,Vendor 6824 Pvt Ltd,27AAAAA2965A1Z8
G_006825,82900.00,2025-02-19,INV/2025/28666,Vendor 6825 Pvt Ltd,27AAAAA9393A1ZW
G_006826,7615.00,2025-06-05,,Vendor 6826 Pvt Ltd,27AAAAA6658A1Z2
G_006827,38202.00,2025-11-29,INV/2025/14163,Vendor 6827 Pvt Ltd,27AAAAA7489A1ZV
G_006828,101286.00,2025-03-15,INV/2025/95910,Vendor 6828 Pvt Ltd,27AAAAA9656A1ZY
G_006829,16756.00,2025-04-26,INV/2025/4010,Vendor 6829 Pvt Ltd,27AAAAA3132A1ZN
G_006830,95450.00,2025-10-10,INV/2025/65120,Vendor 6830 Pvt Ltd,27AAAAA5443A1ZD
G_006831,54261.00,2025-02-20,INV/2025/29517,VENDOR 6831 PVT LTD,27AAAAA4053A1ZH
G_006832,64326.00,2025-05-09,INV/2025/43021,Vendor 6832 Private Limited,27AAAAA6948A1Z1
G_006833,90255.00,2025-06-15,INV/2025/67060,Vendor 6833 Pvt Ltd,27AAAAA1218A1ZO
G_006834,68005.00,2025-04-23,INV/2025/49364,Vendor 6834 Pvt Ltd,27AAAAA1592A1ZB
G_006835,18549.00,2025-12-12,INV/2025/84763,Vendor 6835 Pvt Ltd,27AAAAA5575A1Z4
G_006836,66939.00,2025-03-05,INV/2025/78268,Vendor 6836 Pvt Ltd,27AAAAA9941A1Z2
G_006837,48975.00,2025-07-15,INV/2025/81376,Vendor 6837 Pvt Ltd,27AAAAA7276A1Z2
G_006838,18721.00,2025-08-23,INV/2025/58093,Vendor 6838 PVT LTD,27AAAAA7795A1ZU
G_006839,31027.00,2025-02-12,INV/2025/23808,Vendor 6839 Pvt Ltd,27AAAAA9828A1Z0
G_006840,16191.00,2025-09-30,INV/2025/27982,VENDOR 6840 PVT LTD,27AAAAA5166A1Z9
G_006841,44561.00,2025-11-22,INV/2025/62643,Vendor 6841 Pvt Ltd,
G_006842,21202.00,2025-03-10,INV/2025/68360,Vendor 6842 Pvt Ltd,27AAAAA1536A1ZJ
G_006843,10673.00,2025-12-14,INV/2025/4504,Vendor 6843 Pvt Ltd,27AAAAA9145A1Z6
G_006844,2423.00,2025-03-10,INV/2025/99159,Vendor 6844 Pvt Ltd,27AAAAA6945A1Z4
G_006845,70312.00,2025-08-21,INV/2025/30256,Vendor 6845 Pvt Ltd,27AAAAA5690A1Z4
G_006846,91393.00,2025-05-07,INV/2025/82433,Vendor 6846 Pvt Ltd,27AAAAA5618A1ZC
G_006847,31338.00,2025-12-25,INV/2025/17213,Vendor 6847 Pvt Ltd,27AAAAA7995A1ZS
G_006848,55746.00,2025-08-05,INV/2025/84850,Vendor 6848 Pvt Ltd,27AAAAA1818A1ZI
G_006849,63285.00,2025-11-27,INV/2025/84197,Vendor 6849 Pvt Ltd,27AAAAA8711A1ZC
G_006850,10516.00,2025-12-05,INV/2025/9063,Vendor 6850 Pvt Ltd,27AAAAA2598A1Z3
G_006851,32910.00,2025-05-07,INV/2025/98213,Vendor 6851 Pvt Ltd,27AAAAA9344A1Z5
G_006852,2438.00,2025-02-13,INV/2025/85202,Vendor,27AAAAA7459A1Z1
G_006853,84556.00,2025-04-24,,Vendor 6853 Pvt Ltd,27AAAAA6665A1Z3
G_006854,18773.00,2025-03-10,INV/2025/43533,Vendor 6854 Pvt Ltd,27AAAAA5628A1ZA
G_006855,17654.00,2025-05-16,INV/2025/17796,Vendor 6855 Pvt Ltd,27AAAAA3124A1ZN
G_006856,59215.00,2025-04-03,INV/2025/60767,Vendor 6856 Pvt Ltd,27AAAAA8813A1Z9
G_006857,6378.00,2025-03-26,INV/2025/14978,VENDOR 6857 PVT LTD,27AAAAA6555A1Z6
G_006858,24571.00,2025-02-17,,Vendor 6858 Pvt Ltd,27AAAAA6640A1ZC
G_006859,56720.00,2025-01-18,INV/2025/30789,Vendor 6859 Pvt Ltd,27AAAAA6062A1ZC
G_006860,93358.00,2025-10-01,INV/2025/65118,VENDOR 6860 PVT LTD,27AAAAA7491A1Z1
G_006861,2172.00,2025-12-08,INV/2025/38402,Vendor 6861 Pvt Ltd,27AAAAA3889A1ZZ
G_006862,48401.00,2025-12-06,INV/2025/66925,Vendor 6862 Pvt Ltd,27AAAAA5040A1ZK
G_006863,50342.00,2025-10-23,,Vendor 6863 Pvt Ltd,27AAAAA1917A1ZI
G_006864,69073.00,2025-06-24,INV/2025/32633,Vendor 6864 Pvt Ltd,27AAAAA3910A1ZL
G_006865,41680.00,2025-06-08,INV/2025/54385,Vendor 6865 Pvt Ltd,27AAAAA3461A1ZF
G_006866,77702.00,2025-05-29,INV/2025/54937,Vendor 6866 Pvt Ltd,27AAAAA8769A1ZU
G_006867,68234.00,2025-10-19,INV/2025/68735,Vendor 6867 Pvt Ltd,27AAAAA2118A1ZN
G_006868,29568.00,2025-10-21,INV/2025/43672,Vendor 6868 Pvt Ltd Inc,27AAAAA2284A1ZC
G_006869,76878.00,2025-03-11,,Vendor 6869 Pvt Ltd,27AAAAA6374A1Z5
G_006870,98184.00,2025-08-13,INV/2025/23664,Vendor 6870 Pvt Ltd,27AAAAA6493A1Z1
G_006871,11553.00,2025-11-13,INV/2025/37802,Vendor 6871 Pvt Ltd,27AAAAA1846A1ZE
G_006872,18140.00,2025-07-25,INV/2025/89432,Vendor 6872 Pvt Ltd,27AAAAA7922A1Z9
G_006873,46378.00,2025-05-30,,Vendor 6873 Pvt Ltd,27AAAAA7210A1ZK
G_006874,74836.00,2025-02-13,INV/2025/93798,Vendor 6874 Pvt Ltd,27AAAAA8614A1ZA
G_006875,17813.00,2025-01-11,INV/2025/6766,vendor 6875 pvt ltd,27AAAAA3518A1ZH
G_006876,12868.00,2025-05-11,INV/2025/24318,Vendor,27AAAAA1494A1ZA
G_006877,51888.00,2025-04-04,INV/2025/42908,Vendor 6877 Pvt Ltd,27AAAAA1945A1ZE
G_006878,28426.00,2025-05-10,INV/2025/77374,Vendor 6878 Pvt Ltd,27AAAAA6573A1Z4
G_006879,58466.00,2025-02-20,INV/2025/83898,vendor 6879 pvt ltd,27AAAAA7513A1ZE
G_006880,87105.00,2025-09-19,INV/2025/2038,Vendor 6880 Pvt Ltd,27AAAAA1229A1ZL
G_006881,67581.00,2025-12-22,,Vendor 6881 Pvt Ltd,27AAAAA6784A1ZZ
G_006882,63508.00,2025-12-11,INV/2025/85031,Vendor 6882 Pvt Ltd,27AAAAA3858A1Z6
G_006883,55614.00,2025-06-28,INV/2025/93244,VENDOR 6883 PVT LTD,27AAAAA7456A1Z4
G_006884,26101.00,2025-01-23,INV/2025/46263,Vendor 6884 Pvt Ltd,27AAAAA9458A1ZY
G_006885,20453.00,2025-06-19,INV/2025/9381,Vendor 6885 Pvt Ltd,27AAAAA8614A1ZA
G_006886,27057.00,2025-05-01,INV/2025/43932,Vendor 6886 Pvt Ltd,27AAAAA5194A1Z5
G_006887,88640.00,2025-08-18,INV/2025/90108,Vendor 6887 Pvt Ltd,27AAAAA7113A1ZI
G_006888,189516.00,2025-03-08,INV/2025/51856,Vendor 6888 Pvt Ltd,27AAAAA5107A1ZK
G_006889,42393.00,2025-01-25,INV/2025/28107,Vendor 6889 Private Limited,27AAAAA8898A1ZO
G_006890,78646.00,2025-02-17,INV/2025/34654,Vendor 6890 Pvt Ltd,27AAAAA8169A1Z0
G_006891,82616.00,2025-12-18,INV/2025/83280,Vendor 6891 Pvt Ltd,27AAAAA2229A1ZJ
G_006892,11285.00,2025-12-05,INV/2025/76552,Vendor,27AAAAA7765A1Z0
G_006893,51616.00,2025-12-29,INV/2025/55041,Vendor,27AAAAA7460A1Z8
G_006894,62302.00,2025-03-19,INV/2025/99301,Vendor 6894 Pvt Ltd,27AAAAA5472A1Z8
G_006895,38088.00,2025-04-28,INV/2025/49267,Vendor 6895 Pvt Ltd,27AAAAA3789A1Z0
G_006896,96483.00,2025-01-26,INV/2025/29576,Vendor 6896 Pvt Ltd,27AAAAA5013A1ZN
G_006897,75180.00,2025-07-10,INV/2025/94733,Vendor 6897 Pvt Ltd,27AAAAA7338A1Z7
G_006898,58491.00,2025-07-14,INV/2025/65175,Vendor 6898 Pvt Ltd,27AAAAA9716A1Z5
G_006899,73531.00,2025-02-17,INV/2025/98795,Vendor 6899 Pvt Ltd,27AAAAA8775A1ZW
G_006900,90352.00,2025-04-25,INV/2025/86519,None,27AAAAA9562A1Z1
G_006901,35231.00,2025-08-01,INV/2025/99194,Vendor 6901 Private Limited,27AAAAA7324A1ZD
G_006902,11656.00,2025-05-14,INV/2025/80874,None,27AAAAA7207A1ZF
G_006903,87942.00,2025-05-02,INV/2025/15066,Vendor 6903 Pvt Ltd,27AAAAA7633A1Z9
G_006904,43844.00,2025-07-21,INV/2025/92492,Vendor 6904 Pvt Ltd,27AAAAA8231A1ZD
G_006905,76523.00,2025-06-13,INV/2025/9340,None,27AAAAA1626A1ZK
G_006906,28635.00,2025-01-09,INV/2025/9082,Vendor 6906 PVT LTD,27AAAAA7568A1ZZ
G_006907,7153.00,2025-07-03,INV/2025/89974,Vendor 6907 Pvt Ltd,27AAAAA2935A1ZE
G_006908,67001.00,2025-08-25,,Vendor 6908 Pvt Ltd,27AAAAA8296A1ZW
G_006909,39481.00,2025-09-14,INV/2025/15168,Vendor 6909 Pvt Ltd,27AAAAA1908A1ZJ
G_006910,197788.00,2025-04-11,INV/2025/91154,Vendor 6910 Pvt Ltd,27AAAAA6962A1Z3
G_006911,79313.00,2025-08-01,,Vendor 6911 Pvt Ltd,27AAAAA5036A1ZG
G_006912,78180.00,2025-06-12,INV/2025/77119,Vendor 6912 Pvt Ltd,27AAAAA3673A1Z9
G_006913,43961.00,2025-07-04,INV/2025/40085,VENDOR 6913 PVT LTD,27AAAAA2002A1ZW
G_006914,62254.00,2025-02-15,INV/2025/24874,VENDOR 6914 PVT LTD,27AAAAA1605A1ZP
G_006915,42784.00,2025-05-30,INV/2025/93248,None,27AAAAA2574A1ZB
G_006916,6604.00,2025-12-03,INV/2025/17684,Vendor 6916 PVT LTD,27AAAAA1155A1ZK
G_006917,27906.00,2025-03-07,INV/2025/52261,Vendor 6917 PVT LTD,27AAAAA2718A1ZH
G_006918,55241.00,2025-01-11,INV/2025/21526,Vendor 6918 Pvt Ltd,27AAAAA5289A1Z1
G_006919,70321.00,2025-05-28,INV/2025/10927,Vendor 6919 Pvt Ltd,27AAAAA9929A1ZY
G_006920,97335.00,2025-11-08,INV/2025/9834,Vendor 6920 PVT LTD,27AAAAA3218A1ZK
G_006921,16746.00,2025-10-30,INV/2025/47293,Vendor 6921 Pvt Ltd,27AAAAA7134A1ZD
G_006922,44139.00,2025-10-13,INV/2025/79647,Vendor 6922 Pvt Ltd,27AAAAA6973A1Z0
G_006923,47486.00,2025-03-08,INV/2025/91544,VENDOR 6923 PVT LTD,27AAAAA7039A1Z9
G_006924,57402.00,2025-04-10,INV/2025/1752,Vendor 6924 Pvt Ltd,27AAAAA1423A1ZP
G_006925,79838.00,2025-04-25,INV/2025/31872,Vendor 6925 Pvt Ltd,27AAAAA3905A1ZI
G_006926,69195.00,2025-11-10,INV/2025/66254,Vendor 6926 Pvt Ltd,27AAAAA8189A1ZW
G_006927,46073.00,2025-11-03,INV/2025/86055,Vendor 6927 Pvt Ltd,27AAAAA4176A1Z9
G_006928,53910.00,2025-09-27,INV/2025/88056,Vendor 6928 Pvt Ltd,27AAAAA3566A1Z9
G_006929,54148.00,2025-05-22,INV/2025/89590,Vendor 6929 Pvt Ltd,27AAAAA5359A1Z6
G_006930,136494.00,2025-05-06,INV/2025/14462,Vendor 6930 Pvt Ltd,27AAAAA3472A1ZC
G_006931,95254.00,2025-12-17,INV/2025/7459,Vendor 6931 Private Limited,27AAAAA6790A1Z1
G_006932,41530.00,2025-07-26,INV/2025/97997,Vendor 6932 Pvt Ltd,27AAAAA8867A1ZV
G_006933,98425.00,2025-01-14,INV/2025/98933,VENDOR 6933 PVT LTD,27AAAAA6744A1Z7
G_006934,42050.00,2025-09-29,INV/2025/2381,Vendor 6934 Pvt Ltd,27AAAAA1196A1ZB
G_006935,63864.00,2025-11-01,INV/2025/65464,Vendor 6935 Pvt Ltd,27AAAAA9184A1ZZ
G_006936,58628.00,2025-09-30,INV/2025/96665,Vendor,27AAAAA4475A1Z7
G_006937,83200.00,2025-06-01,INV/2025/51942,Vendor 6937 Pvt Ltd,27AAAAA7293A1Z1
G_006938,58324.00,2025-08-15,INV/2025/37241,Vendor 6938 Pvt Ltd,27AAAAA5920A1ZF
G_006939,151498.00,2025-03-17,INV/2025/21475,Vendor 6939 Pvt Ltd,27AAAAA8856A1ZY
G_006940,65897.00,2025-02-28,,Vendor 6940 Pvt Ltd,27AAAAA3789A1Z0
G_006941,28749.00,2025-09-06,INV/2025/39033,Vendor 6941 Pvt Ltd,27AAAAA3970A1Z9
G_006942,32196.00,2025-05-28,INV/2025/42054,Vendor 6942 Pvt Ltd,27AAAAA9171A1Z4
G_006943,78780.00,2025-05-29,INV/2025/2136,Vendor 6943 Pvt Ltd,27AAAAA2889A1Z1
G_006944,62128.00,2025-03-08,INV/2025/99507,Vendor 6944 Pvt Ltd,27AAAAA5136A1ZF
G_006945,21575.00,2025-11-01,INV/2025/10966,Vendor 6945 Pvt Ltd,27AAAAA7997A1ZQ
G_006946,59199.00,2025-05-01,INV/2025/54698,Vendor 6946 Pvt Ltd,27AAAAA8975A1ZU
G_006947,76200.00,2025-02-28,INV/2025/80494,Vendor,27AAAAA6195A1Z2
G_006948,94563.00,2025-04-29,INV/2025/51969,Vendor 6948 Pvt Ltd,27AAAAA8941A1Z4
G_006949,84712.00,2025-09-28,INV/2025/70095,Vendor 6949 Pvt Ltd,27AAAAA8228A1Z8
G_006950,66417.00,2025-11-01,INV/2025/90524,vendor 6950 pvt ltd,27AAAAA5906A1ZD
G_006951,30730.00,2025-05-06,INV/2025/15841,Vendor 6951 Pvt Ltd,27AAAAA8416A1ZA
G_006952,34695.00,2025-11-04,INV/2025/52157,Vendor 6952 Pvt Ltd,27AAAAA5299A1ZZ
G_006953,23835.00,2025-06-23,INV/2025/63769,Vendor 6953 Pvt Ltd,27AAAAA6245A1ZB
G_006954,31164.00,2025-08-13,INV/2025/84913,Vendor 6954 Pvt Ltd,27AAAAA5549A1Z6
G_006955,36035.00,2025-09-21,INV/2025/60651,Vendor 6955 Pvt Ltd,27AAAAA9316A1Z9
G_006956,162950.00,2025-02-11,INV/2025/72864,Vendor 6956 Pvt Ltd,27AAAAA2191A1ZE
G_006957,64689.00,2025-10-31,INV/2025/88662,Vendor 6957 PVT LTD,27AAAAA7116A1ZF
G_006958,156082.00,2025-01-21,INV/2025/84787,Vendor 6958 Pvt Ltd,27AAAAA4070A1ZG
G_006959,42003.00,2025-05-27,INV/2025/46964,Vendor 6959 Pvt Ltd,27AAAAA1201A1ZX
G_006960,37375.00,2025-01-17,INV/2025/43273,Vendor 6960 Pvt Ltd,27AAAAA6969A1ZW
G_006961,24335.00,2025-05-29,INV/2025/54575,Vendor 6961 Pvt Ltd,27AAAAA5962A1Z5
G_006962,13619.00,2025-03-10,INV/2025/25699,Vendor 6962 PVT LTD,27AAAAA8689A1ZR
G_006963,53370.00,2025-06-22,INV/2025/32030,Vendor 6963 Pvt Ltd,27AAAAA1906A1ZL
G_006964,93643.00,2025-07-08,,Vendor 6964 Pvt Ltd,27AAAAA4190A1ZB
G_006965,2739.00,2025-10-20,,Vendor 6965 Pvt Ltd,27AAAAA9875A1ZT
G_006966,95813.00,2025-12-27,INV/2025/16733,Vendor 6966 Private Limited,27AAAAA4045A1ZH
G_006967,82571.00,2025-06-16,INV/2025/83954,Vendor 6967 Pvt Ltd,27AAAAA9008A1ZC
G_006968,92054.00,2025-09-01,INV/2025/25948,Vendor 6968 Pvt Ltd,27AAAAA3396A1Z5
G_006969,6313.00,2025-10-29,INV/2025/62454,Vendor 6969 Pvt Ltd,27AAAAA5055A1ZD
G_006970,95092.00,2025-05-07,INV/2025/58323,Vendor 6970 Pvt Ltd,27AAAAA9184A1ZZ
G_006971,66061.00,2025-06-16,,Vendor 6971 Pvt Ltd,27AAAAA9168A1ZZ
G_006972,90030.00,2025-11-26,INV/2025/39317,Vendor 6972 Pvt Ltd,27AAAAA1905A1ZM
G_006973,58255.00,2025-12-27,INV/2025/19415,Vendor 6973 PVT LTD,27AAAAA1759A1ZA
G_006974,90050.00,2025-02-11,,Vendor 6974 Pvt Ltd,27AAAAA1445A1ZJ
G_006975,90505.00,2025-03-17,INV/2025/54052,Vendor 6975 Pvt Ltd,27AAAAA3981A1Z6
G_006976,45402.00,2025-05-29,INV/2025/51569,Vendor 6976 Pvt Ltd,27AAAAA3594A1Z5
G_006977,88011.00,2025-02-10,INV/2025/97709,Vendor 6977 Pvt Ltd,27AAAAA5985A1ZY
G_006978,60237.00,2025-08-15,INV/2025/42875,Vendor 6978 Pvt Ltd,27AAAAA2108A1ZP
G_006979,21673.00,2025-05-23,INV/2025/84559,Vendor 6979 Pvt Ltd,27AAAAA8246A1Z6
G_006980,87996.00,2025-01-18,INV/2025/67325,Vendor 6980 Pvt Ltd Inc,27AAAAA8542A1Z7
G_006981,93402.00,2025-06-11,INV/2025/27277,None,27AAAAA6395A1Z0
G_006982,51464.00,2025-06-23,INV/2025/82079,Vendor 100 PVT LTD,27AAAAA5573A1Z6
G_006983,162522.00,2025-07-09,INV/2025/5356,Vendor 6983 Pvt Ltd,27AAAAA4554A1ZB
G_006984,10857.00,2025-04-08,INV/2025/6956,Vendor 6984 Pvt Ltd,27AAAAA6721A1ZE
G_006985,8596.00,2025-03-07,INV/2025/71088,Vendor 6985 Pvt Ltd,27AAAAA3976A1Z3
G_006986,72555.00,2025-08-19,INV/2025/4682,Vendor 6986 Pvt Ltd,27AAAAA9531A1Z8
G_006987,59056.00,2025-10-19,INV/2025/73973,Vendor 6987 Pvt Ltd,27AAAAA4676A1Z4
G_006988,40755.00,2025-02-13,INV/2025/30189,Vendor 6988 Pvt Ltd,27AAAAA3795A1Z2
G_006989,55950.00,2025-12-19,INV/2025/26194,None,27AAAAA1041A1ZR
G_006990,69659.00,2025-04-21,INV/2025/5369,Vendor 6990 Pvt Ltd,27AAAAA7094A1Z2
G_006991,26863.00,2025-08-06,,Vendor 6991 Pvt Ltd,27AAAAA9222A1ZC
G_006992,26176.00,2025-10-02,INV/2025/52729,Vendor 6992 Pvt Ltd,27AAAAA3652A1ZE
G_006993,52409.00,2025-09-01,INV/2025/64012,Vendor 6993 Pvt Ltd,27AAAAA1752A1ZH
G_006994,58938.00,2025-05-05,,Vendor 6994 Pvt Ltd,27AAAAA6828A1Z6
G_006995,13270.00,2025-01-02,,Vendor 6995 Pvt Ltd,27AAAAA5761A1Z8
G_006996,63196.00,2025-12-04,INV/2025/18149,Vendor 6996 Pvt Ltd,27AAAAA8240A1ZC
G_006997,23540.00,2025-06-18,INV/2025/91235,Vendor 6997 Pvt Ltd,
G_006998,71943.00,2025-02-03,INV/2025/4380,Vendor 6998 Pvt Ltd Inc,27AAAAA9227A1Z7
G_006999,58761.00,2025-03-19,INV/2025/28686,Vendor 6999 Pvt Ltd,27AAAAA9660A1Z2
G_007000,62048.00,2025-11-19,INV/2025/20526,Vendor 7000 Pvt Ltd,27AAAAA6894A1ZW
G_007001,15060.00,2025-01-09,INV/2025/38520,Vendor 7001 Pvt Ltd,27AAAAA5720A1ZH
G_007002,96456.00,2025-06-05,INV/2025/77002,Vendor 7002 Pvt Ltd,27AAAAA8649A1ZZ
G_007003,68650.00,2025-12-10,INV/2025/16582,Vendor 7003 Pvt Ltd,27AAAAA1225A1ZP
G_007004,11370.00,2025-06-25,INV/2025/84258,Vendor 7004 Pvt Ltd,27AAAAA2877A1Z5
G_007005,11808.00,2025-04-29,INV/2025/85922,Vendor 7005 Pvt Ltd,27AAAAA8155A1Z6
G_007006,87074.00,2025-12-02,INV/2025/47700,Vendor 7006 Pvt Ltd,27AAAAA8216A1ZC
G_007007,44102.00,2025-10-10,INV/2025/40435,Vendor 7007 Pvt Ltd,27AAAAA6109A1ZG
G_007008,17155.00,2025-11-17,INV/2025/63594,Vendor 7008 Pvt Ltd,27AAAAA3257A1ZD
G_007009,85403.00,2025-07-16,INV/2025/41654,Vendor 7009 Pvt Ltd Inc,27AAAAA1608A1ZM
G_007010,114780.00,2025-11-29,INV/2025/46650,Vendor 7010 Pvt Ltd,27AAAAA6440A1ZE
G_007011,5438.00,2025-12-14,INV/2025/30525,Vendor 7011 Pvt Ltd,27AAAAA9293A1ZX
G_007012,38488.00,2025-09-07,,Vendor 7012 Pvt Ltd,27AAAAA7610A1ZG
G_007013,66945.00,2025-02-19,INV/2025/64506,Vendor 7013 Pvt Ltd,27AAAAA6328A1ZB
G_007014,45906.00,2025-02-03,,Vendor 7014 Pvt Ltd,27AAAAA4861A1Z9
G_007015,35770.00,2025-11-28,,Vendor 7015 Pvt Ltd,27AAAAA5270A1ZC
G_007016,52709.00,2025-12-26,INV/2025/33477,Vendor 7016 Private Limited,27AAAAA7667A1ZZ
G_007017,34159.00,2025-07-02,INV/2025/28750,vendor 7017 pvt ltd,27AAAAA1571A1ZG
G_007018,92044.00,2025-10-09,INV/2025/72268,Vendor 7018 Pvt Ltd,27AAAAA5476A1Z4
G_007019,13795.00,2025-06-04,INV/2025/2342,Vendor,27AAAAA6180A1Z9
G_007020,6775.00,2025-10-17,INV/2025/76962,Vendor,27AAAAA8168A1Z1
G_007021,1923.00,2025-10-30,,Vendor 7021 Pvt Ltd,27AAAAA9156A1Z3
G_007022,70001.00,2025-10-15,INV/2025/14454,Vendor 7022 Pvt Ltd,27AAAAA7656A1Z2
G_007023,38642.00,2025-07-14,INV/2025/80002,Vendor 7023 Pvt Ltd,27AAAAA9938A1ZX
G_007024,47919.00,2025-01-28,INV/2025/14257,Vendor 7024 Pvt Ltd,27AAAAA2571A1ZE
G_007025,50569.00,2025-03-20,INV/2025/49456,Vendor 7025 Pvt Ltd,27AAAAA7698A1ZS
G_007026,28809.00,2025-08-04,INV/2025/15156,Vendor 7026 Pvt Ltd,27AAAAA6720A1ZF
G_007027,59401.00,2025-07-22,INV/2025/23572,Vendor 7027 Pvt Ltd,27AAAAA9201A1ZH
G_007028,65396.00,2025-11-24,,Vendor 7028 Pvt Ltd,27AAAAA6810A1ZG
G_007029,4966.00,2025-10-12,INV/2025/8854,vendor 7029 pvt ltd,27AAAAA6961A1Z4
G_007030,15793.00,2025-08-27,INV/2025/31348,Vendor 7030 Private Limited,27AAAAA8394A1ZX
G_007031,12427.00,2025-08-06,,Vendor 7031 Pvt Ltd,27AAAAA9127A1Z8
G_007032,34841.00,2025-05-10,INV/2025/59693,Vendor 7032 Pvt Ltd,27AAAAA2351A1ZK
G_007033,34822.00,2025-05-15,INV/2025/14734,Vendor 7033 Pvt Ltd,27AAAAA1604A1ZQ
G_007034,45320.00,2025-12-16,INV/2025/87454,vendor 7034 pvt ltd,27AAAAA5651A1ZB
G_007035,96902.00,2025-11-02,INV/2025/38461,Vendor 7035 Pvt Ltd,27AAAAA7784A1ZX
G_007036,28830.00,2025-08-26,INV/2025/74099,Vendor 7036 Pvt Ltd,27AAAAA2876A1Z6
G_007037,56273.00,2025-03-11,INV/2025/3741,None,27AAAAA8947A1ZY
G_007038,58327.00,2025-05-07,INV/2025/78886,Vendor 7038 Pvt Ltd,27AAAAA4151A1ZI
G_007039,41054.00,2025-03-30,INV/2025/63288,Vendor 7039 Private Limited,27AAAAA3699A1ZZ
G_007040,36972.00,2025-12-04,INV/2025/89588,Vendor 7040 Pvt Ltd,27AAAAA8960A1Z1
G_007041,545.00,2025-03-29,INV/2025/58059,Vendor 7041 PVT LTD,27AAAAA5427A1ZD
G_007042,20405.00,2025-06-16,INV/2025/47297,Vendor 7042 Pvt Ltd,27AAAAA5627A1ZB
G_007043,18892.00,2025-08-09,INV/2025/95355,Vendor 7043 Pvt Ltd,27AAAAA4235A1ZH
G_007044,33632.00,2025-03-04,INV/2025/91168,Vendor 7044 Pvt Ltd,27AAAAA9738A1ZZ
G_007045,75550.00,2025-12-08,INV/2025/47081,Vendor 7045 Pvt Ltd,27AAAAA1145A1ZM
G_007046,18628.00,2025-09-04,INV/2025/45468,Vendor 7046 Pvt Ltd,27AAAAA6931A1ZA
G_007047,66070.00,2025-11-23,INV/2025/9094,Vendor 7047 Pvt Ltd Inc,27AAAAA9866A1ZU
G_007048,22634.00,2025-12-23,INV/2025/2735,Vendor 7048 Pvt Ltd,27AAAAA9611A1ZB
G_007049,51387.00,2025-04-07,INV/2025/27938,Vendor 7049 Pvt Ltd,27AAAAA3478A1Z6
G_007050,86158.00,2025-11-13,INV/2025/28773,Vendor 7050 Pvt Ltd,27AAAAA4020A1ZQ
G_007051,19950.00,2025-07-28,INV/2025/62585,Vendor 7051 Pvt Ltd,27AAAAA5067A1Z9
G_007052,53764.00,2025-03-06,INV/2025/59828,Vendor 7052 Pvt Ltd,27AAAAA3533A1ZI
G_007053,38297.00,2025-08-11,INV/2025/81531,Vendor 7053 Pvt Ltd,27AAAAA8192A1Z1
G_007054,16303.00,2025-10-25,INV/2025/84172,Vendor 7054 Pvt Ltd,
G_007055,168014.00,2025-12-28,INV/2025/61005,Vendor 7055 Pvt Ltd,27AAAAA8312A1ZF
G_007056,35291.00,2025-11-07,INV/2025/81029,Vendor 7056 Pvt Ltd,27AAAAA5743A1ZA
G_007057,64192.00,2025-06-27,,Vendor 7057 Pvt Ltd,27AAAAA7833A1Z7
G_007058,107382.00,2025-09-16,INV/2025/35161,Vendor 7058 Pvt Ltd,27AAAAA7607A1ZB
G_007059,30234.00,2025-07-27,INV/2025/86083,Vendor 7059 Pvt Ltd,27AAAAA6412A1ZI
G_007060,27525.00,2025-04-06,INV/2025/5161,Vendor 7060 Pvt Ltd,27AAAAA9214A1ZC
G_007061,14164.00,2025-09-05,INV/2025/60006,Vendor 7061 Pvt Ltd Inc,27AAAAA4381A1ZA
G_007062,27280.00,2025-10-11,INV/2025/90206,Vendor 7062 PVT LTD,27AAAAA1675A1ZB
G_007063,87229.00,2025-02-19,INV/2025/68120,Vendor 7063 Pvt Ltd,27AAAAA6224A1ZG
G_007064,70951.00,2025-01-06,INV/2025/21646,Vendor 7064 Pvt Ltd,27AAAAA5580A1Z7
G_007065,15728.00,2025-11-02,INV/2025/30108,None,27AAAAA1955A1ZC
G_007066,25521.00,2025-02-06,INV/2025/15463,Vendor 7066 Pvt Ltd,27AAAAA6986A1ZV
G_007067,73941.00,2025-09-05,,Vendor 7067 Pvt Ltd,27AAAAA4948A1Z5
G_007068,34190.00,2025-02-14,INV/2025/42618,Vendor 7068 Private Limited,27AAAAA5031A1ZL
G_007069,55976.00,2025-01-07,INV/2025/66550,Vendor 7069 Pvt Ltd,27AAAAA7186A1Z1
G_007070,46396.00,2025-01-31,INV/2025/38972,Vendor 7070 Pvt Ltd,27AAAAA7226A1ZC
G_007071,85692.00,2025-03-31,INV/2025/19815,Vendor 7071 Pvt Ltd,27AAAAA7723A1ZA
G_007072,19053.00,2025-06-22,INV/2025/14731,VENDOR 7072 PVT LTD,27AAAAA3159A1ZC
G_007073,55970.00,2025-11-25,,Vendor 7073 Pvt Ltd,27AAAAA3398A1Z3
G_007074,5750.00,2025-08-01,INV/2025/17432,Vendor 7074 Pvt Ltd,27AAAAA6527A1ZA
G_007075,10243.00,2025-06-15,INV/2025/63923,Vendor 7075 Pvt Ltd,
G_007076,51831.00,2025-03-11,INV/2025/93942,VENDOR 7076 PVT LTD,27AAAAA1289A1Z9
G_007077,84322.00,2025-07-01,,Vendor 7077 Pvt Ltd,27AAAAA8825A1Z5
G_007078,54940.00,2025-07-11,,Vendor 7078 Pvt Ltd,27AAAAA7482A1Z2
G_007079,51392.00,2025-10-13,,Vendor 7079 Pvt Ltd,27AAAAA2522A1ZN
G_007080,58102.00,2025-04-26,,Vendor 7080 Pvt Ltd,27AAAAA1687A1Z7
G_007081,10947.00,2025-05-24,INV/2025/99884,Vendor 7081 Pvt Ltd,27AAAAA8428A1Z6
G_007082,79106.00,2025-03-21,,Vendor 7082 Pvt Ltd,27AAAAA1164A1ZJ
G_007083,23310.00,2025-07-23,INV/2025/6185,Vendor 7083 Pvt Ltd,27AAAAA7408A1ZC
G_007084,64644.00,2025-05-27,INV/2025/68327,Vendor 7084 Pvt Ltd,
G_007085,93982.00,2025-10-01,INV/2025/70422,Vendor 7085 Private Limited,27AAAAA9575A1ZW
G_007086,30038.00,2025-09-30,,Vendor 7086 Pvt Ltd,27AAAAA8566A1ZZ
G_007087,78226.00,2025-04-17,INV/2025/23665,Vendor 7087 Pvt Ltd,27AAAAA3501A1ZQ
G_007088,43088.00,2025-05-12,INV/2025/5872,Vendor 7088 Pvt Ltd,27AAAAA3861A1ZB
G_007089,72277.00,2025-12-17,INV/2025/39763,Vendor 7089 Pvt Ltd,27AAAAA5076A1Z8
G_007090,30865.00,2025-11-25,INV/2025/12182,Vendor,27AAAAA5778A1ZZ
G_007091,78763.00,2025-05-18,INV/2025/60575,Vendor 7091 Private Limited,27AAAAA6914A1ZB
G_007092,96627.00,2025-05-19,INV/2025/99765,Vendor 7092 Pvt Ltd,27AAAAA3845A1ZB
G_007093,31843.00,2025-09-02,INV/2025/46925,Vendor 7093 Pvt Ltd,27AAAAA9572A1ZZ
G_007094,85077.00,2025-01-09,INV/2025/37718,Vendor 7094 Pvt Ltd,27AAAAA4997A1ZW
G_007095,5171.00,2025-01-07,INV/2025/98213,Vendor 7095 Pvt Ltd,27AAAAA6912A1ZD
G_007096,80981.00,2025-10-25,INV/2025/8105,Vendor 7096 Pvt Ltd,27AAAAA1513A1ZQ
G_007097,165388.00,2025-02-09,INV/2025/30756,Vendor 7097 Pvt Ltd,27AAAAA2556A1ZD
G_007098,37160.00,2025-04-09,INV/2025/28456,Vendor 7098 Pvt Ltd,27AAAAA1038A1ZM
G_007099,88354.00,2025-08-04,INV/2025/77111,Vendor 7099 Pvt Ltd,27AAAAA7140A1ZF
G_007100,11030.00,2025-06-09,INV/2025/54176,Vendor 7100 Pvt Ltd,27AAAAA1798A1Z3
G_007101,27467.00,2025-06-17,INV/2025/25325,Vendor 7101 Pvt Ltd,27AAAAA4275A1Z9
G_007102,22926.00,2025-07-16,INV/2025/8151,Vendor 7102 PVT LTD,27AAAAA3725A1ZG
G_007103,97519.00,2025-05-22,INV/2025/18098,Vendor 7103 Pvt Ltd,27AAAAA7352A1Z9
G_007104,15431.00,2025-07-14,INV/2025/13385,Vendor 7104 Pvt Ltd,27AAAAA4786A1Z1
G_007105,25043.00,2025-02-23,INV/2025/2022,Vendor 7105 Pvt Ltd,27AAAAA3558A1Z9
G_007106,15969.00,2025-11-05,INV/2025/77294,Vendor 7106 Pvt Ltd,27AAAAA8354A1Z5
G_007107,6155.00,2025-06-21,INV/2025/15435,vendor 7107 pvt ltd,27AAAAA5096A1Z4
G_007108,72724.00,2025-02-07,,Vendor 7108 Pvt Ltd,27AAAAA1472A1ZG
G_007109,54241.00,2025-08-14,INV/2025/31507,Vendor 7109 PVT LTD,27AAAAA6451A1ZB
G_007110,47915.00,2025-11-03,INV/2025/49376,Vendor 7110 Pvt Ltd,27AAAAA4700A1ZN
G_007111,47483.00,2025-04-04,INV/2025/35568,Vendor 7111 Pvt Ltd,27AAAAA4909A1ZC
G_007112,19770.00,2025-12-27,INV/2025/25342,Vendor 7112 Pvt Ltd,
G_007113,62875.00,2025-02-20,INV/2025/8120,Vendor 7113 Pvt Ltd,27AAAAA7166A1Z5
G_007114,2944.00,2025-03-28,INV/2025/39646,Vendor 7114 PVT LTD,27AAAAA7937A1Z2
G_007115,57811.00,2025-08-16,INV/2025/38689,Vendor 7115 Pvt Ltd,27AAAAA8303A1ZG
G_007116,48230.00,2025-08-30,INV/2025/12200,Vendor 7116 Pvt Ltd,27AAAAA1718A1ZJ
G_007117,93600.00,2025-09-11,INV/2025/90426,VENDOR 7117 PVT LTD,27AAAAA3105A1ZQ
G_007118,91076.00,2025-12-13,INV/2025/46596,Vendor 7118 Pvt Ltd,27AAAAA9080A1Z4
G_007119,69164.00,2025-08-26,INV/2025/69503,None,27AAAAA6175A1Z6
G_007120,52665.00,2025-10-11,INV/2025/33672,Vendor 7120 Pvt Ltd,27AAAAA2889A1Z1
G_007121,14953.00,2025-02-17,INV/2025/9741,Vendor 7121 Pvt Ltd,27AAAAA6197A1Z0
G_007122,20706.00,2025-05-30,INV/2025/92975,Vendor 7122 Pvt Ltd,27AAAAA6968A1ZX
G_007123,57719.00,2025-04-22,,Vendor 7123 Pvt Ltd,27AAAAA7823A1Z9
G_007124,9845.00,2025-08-29,INV/2025/94579,Vendor 7124 Pvt Ltd,27AAAAA8269A1ZZ
G_007125,89542.00,2025-07-29,INV/2025/53728,Vendor 7125 Pvt Ltd Inc,27AAAAA1008A1ZS
G_007126,85906.00,2025-01-28,INV/2025/72139,Vendor 7126 Pvt Ltd,27AAAAA6201A1ZN
G_007127,25273.00,2025-05-11,,Vendor 7127 Pvt Ltd,27AAAAA1080A1ZK
G_007128,64708.00,2025-07-26,INV/2025/12709,Vendor 7128 Pvt Ltd,27AAAAA2487A1Z7
G_007129,85329.00,2025-01-19,INV/2025/15857,Vendor 7129 Pvt Ltd,27AAAAA4379A1Z4
G_007130,69864.00,2025-04-24,INV/2025/12858,VENDOR 7130 PVT LTD,27AAAAA4493A1Z5
G_007131,59747.00,2025-03-25,,Vendor 7131 Pvt Ltd,27AAAAA2439A1ZF
G_007132,77056.00,2025-07-14,,Vendor 7132 Pvt Ltd,27AAAAA8702A1ZD
G_007133,4117.00,2025-02-02,INV/2025/75676,Vendor 7133 Pvt Ltd,27AAAAA1200A1ZY
G_007134,76422.00,2025-03-08,INV/2025/53272,Vendor 7134 Pvt Ltd,27AAAAA6196A1Z1
G_007135,38229.00,2025-02-08,INV/2025/17118,Vendor 7135 Pvt Ltd,27AAAAA3433A1ZJ
G_007136,90343.00,2025-03-30,,Vendor 7136 Pvt Ltd,27AAAAA5443A1ZD
G_007137,16104.00,2025-05-10,INV/2025/63000,Vendor 7137 Pvt Ltd,27AAAAA2142A1ZN
G_007138,57312.00,2025-03-15,,Vendor 7138 Pvt Ltd,27AAAAA7484A1Z0
G_007139,30092.00,2025-02-01,INV/2025/85439,Vendor 7139 Pvt Ltd,27AAAAA3079A1Z9
G_007140,16653.00,2025-02-07,INV/2025/11385,Vendor 7140 Pvt Ltd,27AAAAA5814A1ZE
G_007141,7284.00,2025-04-25,INV/2025/68963,Vendor 7141 Pvt Ltd,
G_007142,82401.00,2025-12-26,INV/2025/45294,Vendor 7142 PVT LTD,27AAAAA2602A1ZQ
G_007143,51337.00,2025-06-13,INV/2025/20249,Vendor 7143 Pvt Ltd,27AAAAA7923A1Z8
G_007144,55764.00,2025-05-12,INV/2025/43565,Vendor 7144 Pvt Ltd,27AAAAA5696A1ZY
G_007145,56875.00,2025-05-19,INV/2025/77085,Vendor 7145 Pvt Ltd,27AAAAA2614A1ZM
G_007146,84716.00,2025-05-28,INV/2025/14552,Vendor 7146 Pvt Ltd,27AAAAA6301A1ZM
G_007147,85724.00,2025-02-23,INV/2025/30329,Vendor 7147 Pvt Ltd Inc,27AAAAA8795A1ZS
G_007148,83034.00,2025-02-23,INV/2025/90600,Vendor 7148 Pvt Ltd,27AAAAA4966A1Z3
G_007149,83851.00,2025-09-05,INV/2025/71192,Vendor 7149 Pvt Ltd,27AAAAA1745A1ZG
G_007150,59458.00,2025-07-12,INV/2025/8014,Vendor 7150 Pvt Ltd,27AAAAA6263A1Z9
G_007151,29908.00,2025-01-08,INV/2025/36951,Vendor 7151 Pvt Ltd,27AAAAA9632A1Z6
G_007152,83819.00,2025-05-26,INV/2025/65022,Vendor 7152 Pvt Ltd,27AAAAA5559A1Z4
G_007153,35157.00,2025-12-26,INV/2025/30215,Vendor 7153 Pvt Ltd,27AAAAA4901A1ZK
G_007154,32685.00,2025-08-10,INV/2025/80034,Vendor 7154 Pvt Ltd,27AAAAA8680A1Z0
G_007155,65893.00,2025-07-04,INV/2025/21478,Vendor 7155 Pvt Ltd,27AAAAA4955A1Z6
G_007156,42012.00,2025-01-25,,Vendor 7156 Pvt Ltd,27AAAAA8924A1Z5
G_007157,62197.00,2025-01-10,,Vendor 7157 Pvt Ltd,27AAAAA4510A1ZN
G_007158,81545.00,2025-07-23,INV/2025/74008,Vendor,27AAAAA6365A1Z6
G_007159,96798.00,2025-11-14,INV/2025/47985,Vendor 7159 Pvt Ltd,27AAAAA1292A1ZE
G_007160,4361.00,2025-11-03,INV/2025/46888,Vendor 7160 Pvt Ltd,27AAAAA6804A1ZE
G_007161,8936.00,2025-09-29,INV/2025/35983,Vendor 7161 Pvt Ltd,27AAAAA9227A1Z7
G_007162,66334.00,2025-01-26,,Vendor 7162 Pvt Ltd,27AAAAA7524A1ZB
G_007163,37851.00,2025-02-09,,Vendor 7163 Pvt Ltd,27AAAAA3816A1ZG
G_007164,70822.00,2025-01-19,INV/2025/91439,Vendor 7164 Pvt Ltd,27AAAAA6674A1Z2
G_007165,23365.00,2025-09-07,INV/2025/68213,VENDOR 7165 PVT LTD,27AAAAA7246A1Z8
G_007166,96530.00,2025-12-02,INV/2025/8068,Vendor 7166 Pvt Ltd,27AAAAA9728A1Z1
G_007167,99994.00,2025-03-04,,Vendor 7167 Pvt Ltd,27AAAAA2458A1ZC
G_007168,76458.00,2025-06-20,INV/2025/79993,Vendor 7168 Pvt Ltd,27AAAAA8542A1Z7
G_007169,27581.00,2025-05-04,INV/2025/11657,Vendor 7169 Pvt Ltd,27AAAAA3624A1ZI
G_007170,18057.00,2025-06-27,INV/2025/1302,Vendor 7170 Pvt Ltd,
G_007171,99278.00,2025-08-08,INV/2025/17159,Vendor 7171 Pvt Ltd,27AAAAA6636A1Z8
G_007172,34336.00,2025-02-17,INV/2025/25835,Vendor 7172 Pvt Ltd,27AAAAA2902A1ZN
G_007173,24823.00,2025-03-15,INV/2025/27417,Vendor 7173 Pvt Ltd,27AAAAA9102A1ZH
G_007174,33442.00,2025-04-03,INV/2025/14268,Vendor 7174 Pvt Ltd Inc,27AAAAA9029A1Z7
G_007175,79949.00,2025-05-10,INV/2025/25266,Vendor 7175 Pvt Ltd,27AAAAA1194A1ZD
G_007176,34297.00,2025-02-27,INV/2025/49446,Vendor,27AAAAA8883A1ZV
G_007177,18905.00,2025-06-25,,Vendor 7177 Pvt Ltd,27AAAAA5710A1ZJ
G_007178,87012.00,2025-06-18,,Vendor 7178 Pvt Ltd,27AAAAA3227A1ZJ
G_007179,75424.00,2025-07-06,INV/2025/48040,vendor 7179 pvt ltd,27AAAAA1035A1ZP
G_007180,64898.00,2025-11-08,INV/2025/93554,Vendor,27AAAAA9055A1Z5
G_007181,64136.00,2025-04-18,INV/2025/61336,Vendor,27AAAAA3984A1Z3
G_007182,94689.00,2025-11-17,INV/2025/14047,Vendor 7182 Pvt Ltd,27AAAAA9529A1Z2
G_007183,16832.00,2025-10-26,INV/2025/20475,Vendor 7183 Pvt Ltd,27AAAAA2170A1ZJ
G_007184,86568.00,2025-11-22,INV/2025/10653,Vendor 7184 Pvt Ltd,27AAAAA2670A1ZE
G_007185,3951.00,2025-09-01,INV/2025/44014,Vendor 7185 Pvt Ltd,27AAAAA2751A1ZG
G_007186,23446.00,2025-05-14,,Vendor 7186 Pvt Ltd,27AAAAA1726A1ZJ
G_007187,37894.00,2025-12-31,,Vendor 7187 Pvt Ltd,27AAAAA9606A1Z8
G_007188,95688.00,2025-03-06,INV/2025/24771,Vendor 7188 Pvt Ltd,27AAAAA3284A1ZA
G_007189,73200.00,2025-09-05,INV/2025/33672,Vendor 7189 Pvt Ltd Inc,27AAAAA1546A1ZH
G_007190,7863.00,2025-10-22,INV/2025/40899,Vendor 7190 Pvt Ltd,27AAAAA8774A1ZX
G_007191,32678.00,2025-09-03,,Vendor 7191 Pvt Ltd,27AAAAA2717A1ZI
G_007192,68149.00,2025-04-16,INV/2025/63878,Vendor 7192 Private Limited,27AAAAA8202A1ZI
G_007193,55707.00,2025-10-11,INV/2025/25353,Vendor 7193 Pvt Ltd,27AAAAA2828A1ZE
G_007194,955.00,2025-11-13,INV/2025/79126,Vendor 7194 Pvt Ltd,27AAAAA9451A1Z5
G_007195,81966.00,2025-04-29,,Vendor 7195 Pvt Ltd,27AAAAA2748A1ZB
G_007196,35483.00,2026-01-01,INV/2025/79455,None,27AAAAA5941A1ZA
G_007197,70919.00,2025-01-02,INV/2025/26866,Vendor 7197 Pvt Ltd,27AAAAA5036A1ZG
G_007198,97149.00,2025-04-29,INV/2025/72267,Vendor 7198 Pvt Ltd,27AAAAA8170A1Z7
G_007199,58477.00,2025-02-01,INV/2025/88968,Vendor 7199 Pvt Ltd,27AAAAA4422A1ZK
G_007200,40234.00,2025-07-07,INV/2025/42046,Vendor 7200 Pvt Ltd,27AAAAA3769A1Z4
G_007201,2099.00,2025-01-08,,Vendor 7201 Pvt Ltd,27AAAAA8999A1ZM
G_007202,85298.00,2025-09-17,INV/2025/68998,Vendor 7202 Pvt Ltd,27AAAAA6274A1Z6
G_007203,72421.00,2025-02-21,INV/2025/88442,Vendor 7203 Pvt Ltd,27AAAAA5322A1ZJ
G_007204,74109.00,2025-11-30,INV/2025/98783,Vendor 7204 Pvt Ltd,27AAAAA3935A1ZC
G_007205,17962.00,2025-10-01,INV/2025/37743,Vendor 7205 Pvt Ltd,27AAAAA1949A1ZA
G_007206,44745.00,2025-09-21,INV/2025/64743,Vendor 7206 Pvt Ltd,27AAAAA3719A1ZE
G_007207,55958.00,2025-05-31,INV/2025/14148,Vendor 7207 Pvt Ltd,27AAAAA7080A1Z8
G_007208,28460.00,2025-01-18,INV/2025/59490,Vendor 7208 Pvt Ltd,27AAAAA4847A1Z7
G_007209,8076.00,2025-11-27,INV/2025/87835,Vendor 7209 PVT LTD,27AAAAA9084A1Z0
G_007210,11977.00,2025-02-21,INV/2025/76113,Vendor 7210 Pvt Ltd,27AAAAA4816A1ZE
G_007211,13777.00,2025-10-30,INV/2025/44566,Vendor 7211 Pvt Ltd,27AAAAA2528A1ZH
G_007212,64335.00,2025-04-16,INV/2025/96210,Vendor 7212 Pvt Ltd,27AAAAA5012A1ZO
G_007213,30294.00,2025-09-07,INV/2025/65604,Vendor,27AAAAA1935A1ZG
G_007214,63754.00,2025-10-20,INV/2025/83709,Vendor 7214 Private Limited,27AAAAA4521A1ZK
G_007215,76214.00,2025-03-12,,Vendor 7215 Pvt Ltd,27AAAAA9822A1Z6
G_007216,67911.00,2025-03-08,INV/2025/6909,Vendor 7216 Pvt Ltd,27AAAAA7079A1Z1
G_007217,24022.00,2025-05-19,,Vendor 7217 Pvt Ltd,27AAAAA7408A1ZC
G_007218,56670.00,2025-10-14,,Vendor 7218 Pvt Ltd,27AAAAA5891A1Z1
G_007219,42209.00,2025-02-01,,Vendor 7219 Pvt Ltd,27AAAAA6901A1ZG
G_007220,44046.00,2025-04-23,INV/2025/51408,Vendor 7220 Pvt Ltd,
G_007221,17058.00,2025-01-13,,Vendor 7221 Pvt Ltd,27AAAAA2960A1ZD
G_007222,81547.00,2025-06-26,INV/2025/63480,vendor 7222 pvt ltd,27AAAAA1560A1ZJ
G_007223,30791.00,2025-06-10,,Vendor 7223 Pvt Ltd,27AAAAA1371A1ZI
G_007224,26076.00,2025-10-19,INV/2025/80231,Vendor 7224 Pvt Ltd,27AAAAA9800A1ZC
G_007225,98070.00,2025-05-15,INV/2025/37395,Vendor 7225 Pvt Ltd,27AAAAA9840A1Z4
G_007226,97632.00,2025-12-23,INV/2025/95276,Vendor 7226 Private Limited,27AAAAA8318A1Z9
G_007227,34642.00,2025-05-31,INV/2025/25307,Vendor 7227 Pvt Ltd,27AAAAA8327A1Z8
G_007228,83441.00,2025-07-05,,Vendor 7228 Pvt Ltd,27AAAAA1909A1ZI
G_007229,55127.00,2025-09-05,INV/2025/37779,Vendor 7229 Pvt Ltd,27AAAAA6338A1Z9
G_007230,15441.00,2025-07-21,INV/2025/85671,Vendor 7230 Pvt Ltd,27AAAAA1794A1Z7
G_007231,4744.00,2025-01-13,INV/2025/10378,Vendor 7231 Pvt Ltd,27AAAAA4976A1Z1
G_007232,79686.00,2025-01-18,INV/2025/46759,Vendor 7232 Pvt Ltd,27AAAAA2285A1ZB
G_007233,2604.00,2025-10-20,INV/2025/10458,Vendor 7233 Pvt Ltd,
G_007234,47200.00,2025-06-08,INV/2025/69045,Vendor 7234 Pvt Ltd,27AAAAA8100A1ZL
G_007235,5369.00,2025-05-31,INV/2025/5903,Vendor 7235 Pvt Ltd,27AAAAA1222A1ZS
G_007236,47126.00,2025-05-09,INV/2025/82693,Vendor 7236 Pvt Ltd,27AAAAA5175A1Z8
G_007237,38856.00,2025-10-02,INV/2025/58766,Vendor 7237 Pvt Ltd,27AAAAA4457A1Z9
G_007238,37069.00,2025-10-10,INV/2025/77147,None,27AAAAA1310A1ZV
G_007239,17735.00,2025-06-11,INV/2025/59128,Vendor 7239 Pvt Ltd,27AAAAA7963A1Z0
G_007240,69613.00,2025-01-21,INV/2025/92315,Vendor 7240 Pvt Ltd,27AAAAA4152A1ZH
G_007241,11788.00,2025-09-17,INV/2025/15693,Vendor 7241 Pvt Ltd,27AAAAA2296A1Z8
G_007242,46355.00,2025-04-01,INV/2025/90294,Vendor 7242 Private Limited,27AAAAA7292A1Z2
G_007243,48352.00,2025-10-17,INV/2025/44240,Vendor 7243 Pvt Ltd Inc,27AAAAA2925A1ZG
G_007244,2923.00,2025-08-13,INV/2025/10258,Vendor 7244 Pvt Ltd,27AAAAA6541A1ZC
G_007245,63149.00,2025-09-05,INV/2025/95598,Vendor 7245 PVT LTD,27AAAAA5497A1ZZ
G_007246,82130.00,2025-01-21,,Vendor 7246 Pvt Ltd,27AAAAA2663A1ZD
G_007247,91927.00,2025-05-07,INV/2025/16943,Vendor,27AAAAA3560A1ZF
G_007248,47577.00,2025-06-07,INV/2025/50250,Vendor 7248 Pvt Ltd,27AAAAA3656A1ZA
G_007249,36546.00,2025-07-14,INV/2025/78819,Vendor 7249 Pvt Ltd,27AAAAA5792A1Z1
G_007250,79652.00,2025-04-03,INV/2025/33937,Vendor 7250 Private Limited,27AAAAA9275A1ZZ
G_007251,29975.00,2025-04-05,,Vendor 7251 Pvt Ltd,27AAAAA9884A1ZS
G_007252,31829.00,2025-08-16,INV/2025/83931,Vendor 7252 Pvt Ltd,27AAAAA2442A1ZK
G_007253,64733.00,2025-12-31,INV/2025/79079,Vendor 7253 Pvt Ltd,27AAAAA8496A1ZU
G_007254,75426.00,2025-02-17,,Vendor 7254 Pvt Ltd,27AAAAA6318A1ZD
G_007255,69603.00,2025-10-22,INV/2025/41075,Vendor 7255 Pvt Ltd,27AAAAA5904A1ZF
G_007256,50495.00,2025-06-23,INV/2025/72357,Vendor 338 Pvt Ltd,27AAAAA9835A1Z1
G_007257,169114.00,2025-05-29,INV/2025/74446,Vendor 7257 Pvt Ltd,27AAAAA3534A1ZH
G_007258,84512.00,2025-09-02,INV/2025/99558,Vendor 7258 Pvt Ltd,27AAAAA1299A1Z7
G_007259,54896.00,2025-05-11,INV/2025/75995,Vendor 7259 Pvt Ltd,27AAAAA8820A1ZA
G_007260,6035.00,2025-06-14,INV/2025/33536,Vendor 7260 Pvt Ltd,27AAAAA9702A1ZB
G_007261,73880.00,2025-02-21,INV/2025/71519,Vendor 7261 Pvt Ltd,27AAAAA2827A1ZF
G_007262,75027.00,2025-08-17,INV/2025/41188,Vendor 7262 Pvt Ltd,27AAAAA9818A1Z2
G_007263,111638.00,2025-12-22,INV/2025/53465,Vendor 7263 Pvt Ltd,27AAAAA8086A1Z0
G_007264,78925.00,2025-04-08,INV/2025/48812,Vendor 7264 Pvt Ltd,27AAAAA2974A1Z7
G_007265,44993.00,2025-10-23,INV/2025/87221,Vendor 7265 PVT LTD,27AAAAA3067A1ZD
G_007266,76039.00,2025-09-12,INV/2025/3031,Vendor 7266 Pvt Ltd Inc,27AAAAA8130A1ZF
G_007267,41854.00,2025-10-22,INV/2025/16306,Vendor 7267 Pvt Ltd,27AAAAA8331A1ZC
G_007268,96262.00,2025-04-19,INV/2025/97165,vendor 7268 pvt ltd,27AAAAA8144A1Z9
G_007269,63661.00,2025-01-24,INV/2025/87713,Vendor 7269 Pvt Ltd,27AAAAA7810A1ZE
G_007270,62682.00,2025-09-04,INV/2025/15546,Vendor 7270 Pvt Ltd,27AAAAA8296A1ZW
G_007271,61450.00,2025-01-29,,Vendor 7271 Pvt Ltd,27AAAAA8377A1ZY
G_007272,91484.00,2025-02-13,INV/2025/48182,Vendor 7272 Pvt Ltd,27AAAAA1299A1Z7
G_007273,4789.00,2025-11-24,INV/2025/82383,VENDOR 7273 PVT LTD,27AAAAA5623A1ZF
G_007274,17425.00,2025-07-09,,Vendor 7274 Pvt Ltd,27AAAAA6304A1ZJ
G_007275,35111.00,2025-10-09,INV/2025/36269,Vendor 7275 Pvt Ltd,27AAAAA5232A1ZI
G_007276,51267.00,2025-12-11,INV/2025/54739,Vendor 7276 Pvt Ltd,27AAAAA8756A1ZZ
G_007277,24183.00,2025-01-02,,Vendor 7277 Pvt Ltd,27AAAAA5448A1Z8
G_007278,28387.00,2025-01-06,INV/2025/90892,Vendor 7278 Pvt Ltd,27AAAAA6594A1ZZ
G_007279,34472.00,2025-09-28,INV/2025/82923,Vendor 7279 Pvt Ltd,27AAAAA8702A1ZD
G_007280,88213.00,2025-09-17,INV/2025/73916,Vendor 7280 Pvt Ltd,27AAAAA6357A1Z6
G_007281,20755.00,2025-11-27,INV/2025/56886,Vendor 7281 Pvt Ltd,27AAAAA7713A1ZC
G_007282,4179.00,2025-11-22,INV/2025/25562,Vendor 7282 Pvt Ltd,27AAAAA9852A1Z0
G_007283,71004.00,2025-03-30,,Vendor 7283 Pvt Ltd,27AAAAA5328A1ZD
G_007284,25861.00,2025-12-21,INV/2025/48232,Vendor 7284 Pvt Ltd,27AAAAA5677A1Z1
G_007285,13549.00,2025-08-10,INV/2025/47515,Vendor 7285 Pvt Ltd,27AAAAA7522A1ZD
G_007286,89328.00,2025-09-27,INV/2025/34560,Vendor 7286 Pvt Ltd,27AAAAA8651A1Z5
G_007287,37839.00,2025-10-16,INV/2025/9471,Vendor,27AAAAA7882A1ZY
G_007288,76376.00,2025-06-20,,Vendor 7288 Pvt Ltd,27AAAAA8017A1ZD
G_007289,45071.00,2025-11-07,INV/2025/24059,Vendor 7289 Pvt Ltd,27AAAAA3844A1ZC
G_007290,45802.00,2025-08-07,INV/2025/81353,Vendor 7290 Pvt Ltd,27AAAAA2211A1ZT
G_007291,18702.00,2025-04-17,INV/2025/8008,Vendor 7291 Pvt Ltd,27AAAAA9349A1Z0
G_007292,16796.00,2025-04-11,INV/2025/29279,Vendor 7292 Pvt Ltd,27AAAAA9583A1ZW
G_007293,18636.00,2025-04-17,INV/2025/63957,Vendor 7293 Pvt Ltd,27AAAAA1301A1ZW
G_007294,75363.00,2025-03-31,INV/2025/37530,Vendor 7294 Private Limited,27AAAAA8081A1Z5
G_007295,91418.00,2025-07-14,INV/2025/89177,Vendor 7295 Pvt Ltd Inc,27AAAAA2479A1Z7
G_007296,15564.00,2025-11-27,INV/2025/91998,Vendor 7296 Pvt Ltd,27AAAAA2930A1ZJ
G_007297,34551.00,2025-01-21,INV/2025/33411,Vendor 7297 Pvt Ltd,27AAAAA7889A1ZR
G_007298,72621.00,2025-08-25,,Vendor 7298 Pvt Ltd,27AAAAA3550A1ZH
G_007299,77448.00,2025-06-28,,Vendor 7299 Pvt Ltd,27AAAAA6852A1Z6
G_007300,24815.00,2025-04-29,INV/2025/74778,Vendor 7300 Pvt Ltd,
G_007301,79102.00,2025-07-17,INV/2025/57652,vendor 7301 pvt ltd,27AAAAA7020A1ZK
G_007302,28522.00,2025-10-21,INV/2025/39021,Vendor 7302 Pvt Ltd,
G_007303,46925.00,2025-12-13,,Vendor 7303 Pvt Ltd,27AAAAA8891A1ZV
G_007304,69555.00,2025-09-14,INV/2025/40309,Vendor 7304 Pvt Ltd,27AAAAA3605A1ZL
G_007305,31730.00,2025-06-06,INV/2025/83288,None,27AAAAA8853A1Z1
G_007306,1375.00,2025-04-02,INV/2025/59792,Vendor 7306 Pvt Ltd,27AAAAA4991A1Z2
G_007307,59599.00,2025-10-22,INV/2025/27784,Vendor 7307 Pvt Ltd,27AAAAA6861A1Z5
G_007308,46302.00,2025-04-12,INV/2025/21701,Vendor 7308 Pvt Ltd,27AAAAA6406A1ZG
G_007309,36527.00,2025-12-02,INV/2025/84058,Vendor 7309 Pvt Ltd,27AAAAA3386A1Z7
G_007310,32354.00,2025-12-20,INV/2025/62060,Vendor 7310 Pvt Ltd,27AAAAA9372A1Z1
G_007311,92820.00,2025-09-07,,Vendor 7311 Pvt Ltd,27AAAAA8559A1ZY
G_007312,74731.00,2025-05-18,INV/2025/78924,Vendor 7312 Pvt Ltd,27AAAAA9626A1Z4
G_007313,57273.00,2025-08-15,INV/2025/22724,Vendor,27AAAAA9627A1Z3
G_007314,50372.00,2025-11-12,INV/2025/11939,Vendor 7314 Pvt Ltd,27AAAAA9820A1Z8
G_007315,92500.00,2025-03-26,INV/2025/79224,Vendor 7315 Pvt Ltd,27AAAAA7216A1ZE
G_007316,41190.00,2025-04-04,INV/2025/99218,Vendor 7316 Pvt Ltd,27AAAAA7240A1ZE
G_007317,28988.00,2025-02-08,INV/2025/88257,Vendor 7317 PVT LTD,27AAAAA8963A1ZY
G_007318,34686.00,2025-02-09,,Vendor 7318 Pvt Ltd,27AAAAA1330A1ZR
G_007319,74388.00,2025-02-05,INV/2025/18648,None,27AAAAA2675A1Z9
G_007320,59920.00,2025-01-29,INV/2025/24597,Vendor 7320 Pvt Ltd,27AAAAA5071A1ZD
G_007321,38255.00,2025-11-14,INV/2025/52859,Vendor 7321 Pvt Ltd,27AAAAA2633A1ZJ
G_007322,10447.00,2025-10-26,INV/2025/28461,Vendor 7322 Pvt Ltd,27AAAAA1490A1ZE
G_007323,4078.00,2025-02-28,INV/2025/95276,Vendor 7323 Pvt Ltd,27AAAAA2301A1ZU
G_007324,58154.00,2025-04-26,INV/2025/13009,Vendor 7324 Pvt Ltd,27AAAAA1758A1ZB
G_007325,87142.00,2025-12-21,INV/2025/61446,Vendor 7325 Pvt Ltd,27AAAAA2074A1ZG
G_007326,47215.00,2025-08-01,INV/2025/4639,Vendor 7326 Pvt Ltd,
G_007327,92590.00,2025-12-25,INV/2025/59366,Vendor 7327 Pvt Ltd,27AAAAA2698A1Z2
G_007328,83149.00,2025-12-04,INV/2025/6805,Vendor 7328 Pvt Ltd,27AAAAA8881A1ZX
G_007329,12906.00,2025-12-05,INV/2025/38935,Vendor,27AAAAA1093A1ZF
G_007330,20978.00,2025-12-13,INV/2025/35219,Vendor 7330 Pvt Ltd,27AAAAA3589A1Z2
G_007331,68810.00,2025-07-15,INV/2025/44861,Vendor 39 Pvt Ltd,27AAAAA7304A1ZH
G_007332,52903.00,2025-01-28,,Vendor 7332 Pvt Ltd,27AAAAA7985A1ZU
G_007333,35600.00,2025-05-08,INV/2025/45746,Vendor 7333 Private Limited,27AAAAA2392A1ZB
G_007334,11040.00,2025-02-02,INV/2025/74021,Vendor 7334 Pvt Ltd,27AAAAA8716A1Z7
G_007335,44528.00,2025-01-27,,Vendor 7335 Pvt Ltd,27AAAAA5961A1Z6
G_007336,92863.00,2025-02-27,,Vendor 7336 Pvt Ltd,27AAAAA2147A1ZI
G_007337,7717.00,2025-03-19,INV/2025/64166,Vendor 7337 Pvt Ltd,27AAAAA7659A1ZZ
G_007338,99268.00,2025-09-11,INV/2025/64535,Vendor,27AAAAA5489A1ZZ
G_007339,33742.00,2025-09-15,INV/2025/44553,Vendor 7339 Pvt Ltd,27AAAAA6363A1Z8
G_007340,1178.00,2025-05-20,INV/2025/23169,Vendor 7340 Pvt Ltd,27AAAAA6733A1ZA
G_007341,99337.00,2025-01-30,INV/2025/51697,Vendor 7341 Pvt Ltd Inc,27AAAAA5275A1Z7
G_007342,54499.00,2025-02-26,INV/2025/96539,Vendor 7342 Pvt Ltd,27AAAAA9195A1ZW
G_007343,96926.00,2025-09-23,INV/2025/21887,Vendor 7343 Pvt Ltd,27AAAAA2734A1ZH
G_007344,39435.00,2025-10-15,INV/2025/74148,Vendor 7344 Pvt Ltd,27AAAAA1909A1ZI
G_007345,10014.00,2025-10-18,INV/2025/66433,None,27AAAAA1345A1ZK
G_007346,5610.00,2025-10-13,INV/2025/23335,Vendor 7346 Pvt Ltd,27AAAAA9029A1Z7
G_007347,42842.00,2025-01-24,INV/2025/35426,Vendor 7347 Pvt Ltd,27AAAAA7249A1Z5
G_007348,36668.00,2025-03-12,,Vendor 7348 Pvt Ltd,27AAAAA5898A1ZU
G_007349,98237.00,2025-07-27,INV/2025/65708,Vendor 7349 Pvt Ltd,27AAAAA3374A1ZB
G_007350,5818.00,2025-02-03,INV/2025/44044,Vendor 7350 Pvt Ltd,27AAAAA9385A1ZW
G_007351,53932.00,2025-09-19,,Vendor 7351 Pvt Ltd,27AAAAA3896A1Z0
G_007352,5736.00,2025-05-31,INV/2025/19740,Vendor 7352 Pvt Ltd,27AAAAA8278A1ZY
G_007353,15356.00,2025-05-31,,Vendor 7353 Pvt Ltd,27AAAAA9272A1Z2
G_007354,50189.00,2025-12-04,INV/2025/71644,Vendor 7354 Pvt Ltd,27AAAAA8295A1ZX
G_007355,56352.00,2025-10-01,,Vendor 7355 Pvt Ltd,27AAAAA1722A1ZN
G_007356,75699.00,2025-08-30,INV/2025/21206,Vendor 7356 PVT LTD,27AAAAA6897A1ZT
G_007357,51406.00,2025-07-30,INV/2025/97626,Vendor 7357 Pvt Ltd,27AAAAA8659A1ZX
G_007358,16025.00,2025-08-24,INV/2025/11949,Vendor 7358 Pvt Ltd,27AAAAA5121A1ZM
G_007359,56778.00,2025-01-08,INV/2025/11528,None,27AAAAA9098A1ZU
G_007360,93208.00,2025-10-02,INV/2025/1782,Vendor 7360 Pvt Ltd,27AAAAA2816A1ZI
G_007361,72661.00,2025-05-09,INV/2025/24464,Vendor 7361 Pvt Ltd Inc,27AAAAA8753A1Z2
G_007362,13554.00,2025-09-29,INV/2025/82937,Vendor 7362 Pvt Ltd,27AAAAA8156A1Z5
G_007363,56915.00,2025-08-08,INV/2025/64976,Vendor 7363 Pvt Ltd,27AAAAA1749A1ZC
G_007364,23283.00,2025-10-11,INV/2025/31481,Vendor 7364 Pvt Ltd,27AAAAA3610A1ZO
G_007365,27009.00,2025-01-06,INV/2025/84242,Vendor 7365 PVT LTD,27AAAAA5242A1ZG
G_007366,59406.00,2025-04-01,INV/2025/98690,Vendor 7366 Pvt Ltd,27AAAAA3595A1Z4
G_007367,25826.00,2025-08-05,,Vendor 7367 Pvt Ltd,27AAAAA4638A1ZA
G_007368,68765.00,2025-12-14,INV/2025/76527,Vendor 7368 Pvt Ltd,27AAAAA1891A1Z9
G_007369,45358.00,2025-10-31,INV/2025/77545,Vendor 7369 Pvt Ltd,
G_007370,77550.00,2025-10-01,INV/2025/71713,Vendor 7370 Pvt Ltd,27AAAAA7407A1ZD
G_007371,44958.00,2025-07-27,INV/2025/17915,Vendor 7371 Pvt Ltd,27AAAAA3706A1ZJ
G_007372,97484.00,2025-01-08,INV/2025/74315,Vendor 7372 PVT LTD,27AAAAA2573A1ZC
G_007373,9257.00,2025-07-26,INV/2025/86056,Vendor 7373 Pvt Ltd,27AAAAA1630A1ZO
G_007374,94245.00,2025-05-04,INV/2025/60988,Vendor 7374 Pvt Ltd,27AAAAA7524A1ZB
G_007375,81240.00,2025-06-30,INV/2025/82624,Vendor 7375 Pvt Ltd,27AAAAA6522A1ZF
G_007376,49749.00,2025-02-09,INV/2025/58094,Vendor 7376 Pvt Ltd,27AAAAA8178A1ZZ
G_007377,71100.00,2025-07-23,INV/2025/98807,Vendor 7377 Pvt Ltd,27AAAAA6688A1ZW
G_007378,17500.00,2025-07-04,,Vendor 7378 Pvt Ltd,27AAAAA1890A1ZA
G_007379,24742.00,2025-03-15,INV/2025/8944,Vendor 7379 PVT LTD,27AAAAA8998A1ZN
G_007380,47231.00,2025-01-24,,Vendor 7380 Pvt Ltd,27AAAAA5520A1ZJ
G_007381,80636.00,2025-05-18,INV/2025/3404,VENDOR 7381 PVT LTD,27AAAAA7344A1Z9
G_007382,26878.00,2025-11-29,INV/2025/74249,Vendor 7382 Pvt Ltd,27AAAAA8587A1ZU
G_007383,26326.00,2025-11-22,,Vendor 7383 Pvt Ltd,27AAAAA9778A1ZR
G_007384,83949.00,2025-01-03,INV/2025/58280,Vendor 7384 Pvt Ltd,27AAAAA1833A1ZJ
G_007385,75486.00,2025-05-04,INV/2025/94258,Vendor 7385 Pvt Ltd,27AAAAA9442A1Z6
G_007386,99251.00,2025-01-03,INV/2025/37261,Vendor 7386 Pvt Ltd,27AAAAA1447A1ZH
G_007387,85310.00,2026-01-01,INV/2025/55275,Vendor 7387 Pvt Ltd,27AAAAA6131A1ZI
G_007388,5100.00,2025-07-16,INV/2025/37165,None,27AAAAA9134A1Z9
G_007389,48985.00,2025-11-16,INV/2025/1696,Vendor 7389 Pvt Ltd,27AAAAA8705A1ZA
G_007390,83390.00,2025-06-11,INV/2025/98986,Vendor 7390 PVT LTD,27AAAAA1834A1ZI
G_007391,2034.00,2025-03-06,INV/2025/65038,VENDOR 7391 PVT LTD,27AAAAA8698A1ZQ
G_007392,55864.00,2025-05-15,INV/2025/49277,Vendor 7392 Pvt Ltd,27AAAAA8462A1Z4
G_007393,42127.00,2025-11-19,,Vendor 7393 Pvt Ltd,27AAAAA1782A1ZB
G_007394,43061.00,2025-09-09,INV/2025/44044,Vendor 7394 Pvt Ltd,27AAAAA9936A1ZZ
G_007395,66677.00,2025-01-01,INV/2025/72033,Vendor 7395 Pvt Ltd,27AAAAA9882A1ZU
G_007396,50275.00,2025-03-23,INV/2025/67915,Vendor 7396 Pvt Ltd,27AAAAA1399A1Z6
G_007397,58350.00,2025-03-25,INV/2025/46150,Vendor 7397 Pvt Ltd,27AAAAA1043A1ZP
G_007398,90994.00,2025-03-13,INV/2025/71286,Vendor 7398 Pvt Ltd,27AAAAA7069A1Z3
G_007399,7451.00,2025-03-01,INV/2025/25711,Vendor 7399 Pvt Ltd,27AAAAA7058A1Z6
G_007400,12141.00,2025-08-13,INV/2025/73464,vendor 7400 pvt ltd,27AAAAA2320A1ZR
G_007401,1864.00,2025-07-05,INV/2025/17001,Vendor 7401 Pvt Ltd,27AAAAA6661A1Z7
G_007402,69646.00,2025-11-22,INV/2025/36026,Vendor 7402 Pvt Ltd,27AAAAA2972A1Z9
G_007403,38044.00,2025-02-22,INV/2025/17669,Vendor 7403 Pvt Ltd,27AAAAA2516A1ZL
G_007404,64667.00,2025-05-13,,Vendor 7404 Pvt Ltd,27AAAAA1053A1ZN
G_007405,8979.00,2025-06-19,INV/2025/57075,None,27AAAAA7122A1ZH
G_007406,62073.00,2025-07-28,INV/2025/92771,None,27AAAAA3523A1ZK
G_007407,58829.00,2025-04-26,INV/2025/67968,Vendor 7407 Pvt Ltd,27AAAAA5345A1ZC
G_007408,74463.00,2025-03-19,INV/2025/89393,Vendor 7408 Pvt Ltd,27AAAAA1688A1Z6
G_007409,49314.00,2025-01-27,INV/2025/49099,Vendor 7409 Pvt Ltd,27AAAAA1793A1Z8
G_007410,57632.00,2025-02-11,INV/2025/20491,Vendor 7410 Pvt Ltd,27AAAAA1743A1ZI
G_007411,26784.00,2025-09-02,INV/2025/27893,Vendor 7411 Pvt Ltd Inc,27AAAAA3016A1ZO
G_007412,84665.00,2025-06-10,,Vendor 7412 Pvt Ltd,27AAAAA3243A1ZJ
G_007413,56494.00,2025-07-19,INV/2025/76838,Vendor 7413 Pvt Ltd,27AAAAA4634A1ZE
G_007414,27305.00,2025-08-07,INV/2025/46867,Vendor 7414 PVT LTD,27AAAAA5873A1Z3
G_007415,96993.00,2025-06-11,,Vendor 7415 Pvt Ltd,27AAAAA6017A1ZH
G_007416,48968.00,2025-08-04,INV/2025/73341,Vendor 7416 Pvt Ltd,27AAAAA5586A1Z1
G_007417,28736.00,2025-05-31,INV/2025/51000,Vendor 7417 Pvt Ltd,27AAAAA6236A1ZC
G_007418,70106.00,2025-08-18,INV/2025/81919,Vendor,27AAAAA2766A1Z9
G_007419,31538.00,2025-12-11,INV/2025/7077,Vendor 7419 Pvt Ltd,27AAAAA4739A1Z8
G_007420,27650.00,2025-05-04,INV/2025/30100,VENDOR 7420 PVT LTD,27AAAAA3550A1ZH
G_007421,13684.00,2025-12-05,INV/2025/75710,Vendor 7421 Pvt Ltd,27AAAAA4920A1ZH
G_007422,3652.00,2025-11-09,INV/2025/96195,Vendor 7422 Pvt Ltd,27AAAAA6314A1ZH
G_007423,6556.00,2025-06-08,INV/2025/33133,Vendor 7423 Pvt Ltd,27AAAAA1094A1ZE
G_007424,56295.00,2025-09-21,INV/2025/40742,Vendor 7424 Pvt Ltd,27AAAAA7218A1ZC
G_007425,51047.00,2025-01-22,INV/2025/97760,Vendor 7425 Pvt Ltd,27AAAAA3503A1ZO
G_007426,79526.00,2025-08-03,INV/2025/56918,Vendor 7426 Pvt Ltd,27AAAAA9294A1ZW
G_007427,26990.00,2025-09-06,INV/2025/26366,None,27AAAAA6847A1Z3
G_007428,19398.00,2025-04-14,,Vendor 7428 Pvt Ltd,27AAAAA9615A1Z7
G_007429,7944.00,2025-02-17,INV/2025/80784,Vendor 7429 Pvt Ltd,27AAAAA8543A1Z6
G_007430,65634.00,2025-01-26,INV/2025/83693,Vendor 7430 Pvt Ltd Inc,27AAAAA8604A1ZC
G_007431,18267.00,2025-02-23,INV/2025/1416,vendor 7431 pvt ltd,27AAAAA7490A1Z2
G_007432,24757.00,2025-07-26,INV/2025/61344,vendor 7432 pvt ltd,27AAAAA7783A1ZY
G_007433,55624.00,2025-10-06,INV/2025/76232,Vendor 7433 Pvt Ltd,27AAAAA2114A1ZR
G_007434,66186.00,2025-12-15,INV/2025/69626,Vendor 7434 Pvt Ltd,27AAAAA7536A1Z7
G_007435,77170.00,2025-01-25,INV/2025/41839,Vendor 7435 Pvt Ltd,27AAAAA8968A1ZT
G_007436,49570.00,2025-06-15,,Vendor 7436 Pvt Ltd,27AAAAA5362A1ZB
G_007437,88916.00,2025-08-19,INV/2025/79221,Vendor 7437 Pvt Ltd,27AAAAA2230A1ZQ
G_007438,174742.00,2025-11-09,INV/2025/80907,Vendor 7438 Pvt Ltd,27AAAAA2652A1ZG
G_007439,16262.00,2025-01-22,INV/2025/74087,Vendor 7439 Pvt Ltd,27AAAAA4554A1ZB
G_007440,81076.00,2025-10-07,,Vendor 7440 Pvt Ltd,27AAAAA1071A1ZL
G_007441,59875.00,2025-10-10,INV/2025/76171,Vendor 7441 Pvt Ltd,27AAAAA9695A1ZR
G_007442,70090.00,2025-05-07,INV/2025/26217,Vendor 7442 Pvt Ltd,27AAAAA5451A1ZD
G_007443,70772.00,2025-07-13,INV/2025/91708,Vendor 7443 Pvt Ltd,27AAAAA6215A1ZH
G_007444,50810.00,2025-01-31,INV/2025/24959,Vendor 7444 Pvt Ltd,27AAAAA3219A1ZJ
G_007445,180486.00,2025-01-16,INV/2025/56359,Vendor 7445 Pvt Ltd,27AAAAA9263A1Z3
G_007446,42066.00,2025-11-24,,Vendor 7446 Pvt Ltd,27AAAAA1919A1ZG
G_007447,29272.00,2025-11-24,INV/2025/4184,vendor 7447 pvt ltd,27AAAAA5975A1Z0
G_007448,58444.00,2025-09-26,,Vendor 7448 Pvt Ltd,27AAAAA4467A1Z7
G_007449,92641.00,2025-05-04,INV/2025/58516,Vendor 7449 Pvt Ltd,27AAAAA6479A1ZZ
G_007450,69240.00,2025-09-12,INV/2025/4030,Vendor 7450 Pvt Ltd,27AAAAA9616A1Z6
G_007451,42047.00,2025-09-07,,Vendor 7451 Pvt Ltd,27AAAAA6466A1Z4
G_007452,26351.00,2026-01-01,INV/2025/11200,Vendor 7452 Pvt Ltd,27AAAAA8202A1ZI
G_007453,62755.00,2025-12-09,INV/2025/45331,Vendor 7453 Pvt Ltd,27AAAAA2956A1Z9
G_007454,77983.00,2025-11-05,,Vendor 7454 Pvt Ltd,27AAAAA8872A1ZY
G_007455,14676.00,2025-09-12,INV/2025/72384,Vendor 7455 Pvt Ltd,27AAAAA4217A1ZJ
G_007456,46218.00,2025-11-29,INV/2025/81826,Vendor 7456 Pvt Ltd,27AAAAA1639A1ZF
G_007457,69289.00,2025-06-08,,Vendor 7457 Pvt Ltd,27AAAAA1524A1ZN
G_007458,93814.00,2025-07-25,,Vendor 7458 Pvt Ltd,27AAAAA5493A1Z3
G_007459,58062.00,2025-08-18,INV/2025/39574,Vendor 7459 Pvt Ltd,27AAAAA6440A1ZE
G_007460,78729.00,2025-11-11,INV/2025/92484,Vendor 7460 Pvt Ltd,27AAAAA2914A1ZJ
G_007461,45050.00,2025-11-20,INV/2025/17412,Vendor 7461 Pvt Ltd,27AAAAA8003A1ZJ
G_007462,19720.00,2025-05-15,INV/2025/44791,Vendor,27AAAAA5926A1Z9
G_007463,80071.00,2025-04-02,INV/2025/76045,Vendor,27AAAAA3859A1Z5
G_007464,61989.00,2025-11-12,INV/2025/36560,Vendor 7464 Pvt Ltd,27AAAAA7881A1ZZ
G_007465,41313.00,2025-05-14,INV/2025/14659,Vendor 7465 Pvt Ltd,27AAAAA2620A1ZO
G_007466,73119.00,2025-07-28,INV/2025/88938,Vendor 7466 PVT LTD,27AAAAA4823A1ZF
G_007467,53386.00,2025-10-02,INV/2025/88347,Vendor 7467 Pvt Ltd,27AAAAA3211A1ZR
G_007468,84890.00,2025-05-10,INV/2025/56470,vendor 7468 pvt ltd,27AAAAA6867A1ZZ
G_007469,56556.00,2025-02-14,INV/2025/8916,Vendor 7469 Pvt Ltd,27AAAAA7754A1Z3
G_007470,35317.00,2025-11-25,INV/2025/73697,Vendor 7470 Pvt Ltd,27AAAAA9146A1Z5
G_007471,128810.00,2025-11-30,INV/2025/11381,Vendor 7471 Pvt Ltd,27AAAAA4289A1Z3
G_007472,19191.00,2025-09-04,INV/2025/31384,Vendor 7472 Private Limited,27AAAAA7724A1Z9
G_007473,6953.00,2025-02-09,INV/2025/20483,Vendor 7473 Pvt Ltd,27AAAAA5675A1Z3
G_007474,76838.00,2025-08-11,INV/2025/10891,Vendor 7474 Pvt Ltd,27AAAAA1595A1Z8
G_007475,932.00,2025-01-25,INV/2025/79288,Vendor 7475 Pvt Ltd,27AAAAA2369A1ZA
G_007476,40588.00,2025-06-23,,Vendor 7476 Pvt Ltd,27AAAAA6293A1Z3
G_007477,12694.00,2025-08-31,,Vendor 7477 Pvt Ltd,27AAAAA1895A1Z5
G_007478,85889.00,2025-09-09,INV/2025/96312,Vendor 7478 Pvt Ltd,27AAAAA3134A1ZL
G_007479,656.00,2025-11-28,INV/2025/42260,Vendor 7479 Pvt Ltd,27AAAAA3560A1ZF
G_007480,87290.00,2025-12-12,INV/2025/73079,Vendor,27AAAAA6568A1Z1
G_007481,7505.00,2025-09-13,INV/2025/26990,Vendor 7481 Pvt Ltd,27AAAAA4235A1ZH
G_007482,49057.00,2025-07-24,,Vendor 7482 Pvt Ltd,27AAAAA7501A1ZI
G_007483,7848.00,2025-11-18,INV/2025/70758,Vendor,27AAAAA8330A1ZD
G_007484,15559.00,2025-09-11,INV/2025/13216,Vendor 7484 Pvt Ltd,27AAAAA2076A1ZE
G_007485,83898.00,2025-03-17,INV/2025/47871,Vendor 7485 Pvt Ltd,27AAAAA1015A1ZT
G_007486,23187.00,2025-03-17,,Vendor 7486 Pvt Ltd,27AAAAA5419A1ZD
G_007487,32238.00,2025-06-08,INV/2025/76406,None,27AAAAA5214A1ZK
G_007488,18469.00,2025-08-09,INV/2025/89303,Vendor 7488 Pvt Ltd Inc,27AAAAA6544A1Z9
G_007489,25326.00,2025-05-26,,Vendor 7489 Pvt Ltd,27AAAAA6240A1ZG
G_007490,10524.00,2025-02-11,INV/2025/54903,Vendor 7490 Pvt Ltd,27AAAAA5315A1ZI
G_007491,25299.00,2025-10-09,INV/2025/71449,Vendor 7491 Pvt Ltd,27AAAAA6773A1Z2
G_007492,41574.00,2025-10-16,INV/2025/97832,Vendor 7492 Pvt Ltd,27AAAAA9086A1ZY
G_007493,88325.00,2025-06-26,INV/2025/43355,Vendor 7493 Pvt Ltd,27AAAAA2142A1ZN
G_007494,96799.00,2025-03-26,INV/2025/30938,Vendor 7494 Pvt Ltd,27AAAAA9673A1ZX
G_007495,35984.00,2025-04-29,,Vendor 7495 Pvt Ltd,27AAAAA7543A1Z8
G_007496,79149.00,2025-09-11,INV/2025/61028,Vendor 7496 Pvt Ltd,27AAAAA3193A1ZA
G_007497,29972.00,2025-03-16,INV/2025/78744,Vendor 7497 Pvt Ltd,27AAAAA4723A1ZG
G_007498,130980.00,2025-12-21,INV/2025/85351,Vendor 7498 Pvt Ltd,27AAAAA8021A1ZH
G_007499,59661.00,2025-03-08,INV/2025/35318,None,27AAAAA8740A1Z7
G_007500,162822.00,2025-09-04,INV/2025/20705,Vendor 7500 Pvt Ltd,27AAAAA5488A1Z0
G_007501,86803.00,2025-06-01,INV/2025/14470,Vendor 7501 Private Limited,27AAAAA4458A1Z8
G_007502,2955.00,2025-01-17,INV/2025/79176,VENDOR 7502 PVT LTD,27AAAAA2220A1ZS
G_007503,80526.00,2025-09-18,INV/2025/22632,Vendor 7503 PVT LTD,27AAAAA3846A1ZA
G_007504,17288.00,2025-03-04,INV/2025/17865,Vendor,27AAAAA5254A1ZC
G_007505,79325.00,2025-08-29,,Vendor 7505 Pvt Ltd,27AAAAA6712A1ZF
G_007506,37348.00,2025-09-22,INV/2025/78612,Vendor 7506 Pvt Ltd,27AAAAA3948A1Z7
G_007507,61647.00,2025-10-16,INV/2025/76101,Vendor 7507 Pvt Ltd Inc,27AAAAA6959A1ZY
G_007508,97536.00,2025-05-14,INV/2025/30962,Vendor 7508 Pvt Ltd,27AAAAA9663A1ZZ
G_007509,46011.00,2025-03-01,INV/2025/86282,Vendor 7509 Pvt Ltd,27AAAAA7207A1ZF
G_007510,26914.00,2025-05-16,INV/2025/37075,Vendor 7510 Pvt Ltd,27AAAAA5699A1ZV
G_007511,67485.00,2025-01-11,,Vendor 7511 Pvt Ltd,27AAAAA1439A1ZH
G_007512,77553.00,2025-06-18,INV/2025/80999,Vendor 7512 PVT LTD,27AAAAA4921A1ZG
G_007513,70862.00,2025-12-02,,Vendor 7513 Pvt Ltd,27AAAAA8369A1ZY
G_007514,27529.00,2025-12-20,INV/2025/96451,Vendor 7514 Pvt Ltd,27AAAAA3679A1Z3
G_007515,9454.00,2025-04-04,INV/2025/52570,Vendor 7515 Pvt Ltd,27AAAAA2650A1ZI
G_007516,10419.00,2025-06-13,INV/2025/34558,Vendor 7516 Pvt Ltd,27AAAAA9370A1Z3
G_007517,76596.00,2025-04-22,INV/2025/61869,Vendor,27AAAAA9277A1ZX
G_007518,48586.00,2025-01-15,INV/2025/59189,Vendor 7518 Pvt Ltd,27AAAAA1954A1ZD
G_007519,83784.00,2025-07-25,INV/2025/18058,Vendor 7519 Pvt Ltd,27AAAAA1327A1ZM
G_007520,106280.00,2025-04-02,INV/2025/34471,Vendor 7520 Pvt Ltd,27AAAAA8270A1Z6
G_007521,17139.00,2025-08-07,INV/2025/44871,Vendor 7521 Pvt Ltd,27AAAAA4312A1ZN
G_007522,79577.00,2025-09-26,INV/2025/7891,Vendor 393 Pvt Ltd,27AAAAA9238A1Z4
G_007523,67395.00,2025-11-15,INV/2025/98320,Vendor 7523 Pvt Ltd,27AAAAA9472A1Z0
G_007524,21475.00,2025-12-25,INV/2025/86428,Vendor 7524 Pvt Ltd,27AAAAA6387A1Z0
G_007525,25680.00,2025-07-19,INV/2025/75149,Vendor 7525 Pvt Ltd,
G_007526,35188.00,2025-02-25,INV/2025/89979,Vendor 7526 Pvt Ltd,
G_007527,47590.00,2025-08-20,,Vendor 7527 Pvt Ltd,27AAAAA9305A1ZC
G_007528,52498.00,2025-03-17,INV/2025/98303,Vendor 7528 Private Limited,27AAAAA3712A1ZL
G_007529,13818.00,2025-06-11,INV/2025/80072,Vendor 7529 Pvt Ltd,27AAAAA6765A1Z2
G_007530,58601.00,2025-10-06,,Vendor 7530 Pvt Ltd,27AAAAA5654A1Z8
G_007531,84350.00,2025-06-19,INV/2025/97282,Vendor 7531 Pvt Ltd,27AAAAA6916A1Z9
G_007532,84982.00,2025-08-17,,Vendor 7532 Pvt Ltd,27AAAAA2157A1ZG
G_007533,84136.00,2025-06-02,INV/2025/65894,Vendor 7533 Pvt Ltd,27AAAAA4492A1Z6
G_007534,80874.00,2025-08-05,INV/2025/99230,Vendor 7534 Pvt Ltd,27AAAAA2041A1ZP
G_007535,82734.00,2025-01-26,INV/2025/19677,Vendor 7535 Pvt Ltd,27AAAAA6910A1ZF
G_007536,5780.00,2025-03-29,INV/2025/66367,Vendor 7536 Pvt Ltd Inc,27AAAAA1334A1ZN
G_007537,68493.00,2025-12-10,INV/2025/61825,Vendor 7537 Pvt Ltd,27AAAAA6845A1Z5
G_007538,16514.00,2025-06-16,INV/2025/30793,vendor 61 pvt ltd,27AAAAA3143A1ZK
G_007539,25434.00,2025-02-18,INV/2025/81486,Vendor 7539 Pvt Ltd,27AAAAA7910A1ZD
G_007540,50310.00,2025-11-03,INV/2025/28288,Vendor 7540 Pvt Ltd,27AAAAA9125A1ZA
G_007541,93019.00,2025-09-12,INV/2025/38615,None,27AAAAA3748A1Z9
G_007542,23560.00,2025-07-22,INV/2025/68582,Vendor,27AAAAA4068A1ZA
G_007543,10154.00,2025-06-28,INV/2025/22432,None,27AAAAA2455A1ZF
G_007544,64587.00,2025-03-10,INV/2025/87026,Vendor 7544 Pvt Ltd,27AAAAA9831A1Z5
G_007545,96163.00,2025-02-19,,Vendor 7545 Pvt Ltd,27AAAAA4159A1ZA
G_007546,15178.00,2025-10-31,INV/2025/93599,vendor 7546 pvt ltd,27AAAAA5385A1Z4
G_007547,23143.00,2025-11-21,INV/2025/35432,VENDOR 7547 PVT LTD,27AAAAA7297A1ZX
G_007548,64739.00,2025-08-17,INV/2025/88141,Vendor 7548 Pvt Ltd,27AAAAA3311A1ZQ
G_007549,87362.00,2025-11-22,INV/2025/55267,Vendor 7549 Private Limited,27AAAAA4744A1ZB
G_007550,42107.00,2025-12-12,,Vendor 7550 Pvt Ltd,27AAAAA1963A1ZC
G_007551,84813.00,2025-03-02,,Vendor 7551 Pvt Ltd,27AAAAA2452A1ZI
G_007552,57058.00,2025-08-20,,Vendor 7552 Pvt Ltd,27AAAAA9704A1Z9
G_007553,35999.00,2025-05-23,INV/2025/98231,Vendor 7553 Pvt Ltd,27AAAAA2727A1ZG
G_007554,162530.00,2025-07-28,INV/2025/53746,Vendor 7554 Pvt Ltd,27AAAAA2264A1ZG
G_007555,94462.00,2025-06-20,INV/2025/8155,Vendor 7555 Pvt Ltd,27AAAAA2511A1ZQ
G_007556,232.00,2025-04-05,INV/2025/52407,Vendor 7556 Pvt Ltd Inc,27AAAAA2329A1ZI
G_007557,60581.00,2025-07-09,INV/2025/55952,Vendor 7557 Pvt Ltd,
G_007558,95292.00,2025-08-23,INV/2025/26241,Vendor 7558 Pvt Ltd,27AAAAA7468A1Z0
G_007559,11056.00,2025-01-31,INV/2025/45244,Vendor 7559 Pvt Ltd,27AAAAA5929A1Z6
G_007560,98707.00,2025-03-19,INV/2025/32628,Vendor 7560 Pvt Ltd,27AAAAA1344A1ZL
G_007561,55966.00,2025-12-26,INV/2025/25355,Vendor 7561 Pvt Ltd,27AAAAA5865A1Z3
G_007562,54909.00,2025-02-20,,Vendor 7562 Pvt Ltd,27AAAAA1383A1ZE
G_007563,28900.00,2025-01-07,INV/2025/43202,Vendor 7563 Pvt Ltd,27AAAAA8583A1ZY
G_007564,21715.00,2025-10-06,INV/2025/79172,Vendor 7564 Pvt Ltd,27AAAAA5855A1Z5
G_007565,9314.00,2025-11-22,INV/2025/55769,Vendor 7565 Pvt Ltd,27AAAAA9653A1Z1
G_007566,14705.00,2025-06-30,INV/2025/8361,Vendor 7566 Pvt Ltd,27AAAAA7190A1Z5
G_007567,56700.00,2025-07-23,INV/2025/16958,Vendor 7567 Pvt Ltd,27AAAAA1827A1ZH
G_007568,60345.00,2025-01-30,INV/2025/44471,Vendor 7568 Pvt Ltd Inc,27AAAAA8101A1ZK
G_007569,86203.00,2025-10-21,,Vendor 7569 Pvt Ltd,27AAAAA8538A1Z3
G_007570,88538.00,2025-04-14,INV/2025/14619,Vendor 7570 Pvt Ltd Inc,27AAAAA8057A1Z5
G_007571,74511.00,2025-11-15,INV/2025/51756,VENDOR 7571 PVT LTD,27AAAAA1528A1ZJ
G_007572,9173.00,2025-03-18,INV/2025/20605,VENDOR 7572 PVT LTD,27AAAAA7884A1ZW
G_007573,87856.00,2025-09-08,INV/2025/71917,vendor 7573 pvt ltd,27AAAAA9406A1ZA
G_007574,66742.00,2025-09-16,INV/2025/21071,Vendor 7574 Pvt Ltd,27AAAAA9833A1Z3
G_007575,163180.00,2025-07-26,INV/2025/70603,Vendor 7575 Pvt Ltd,27AAAAA6705A1ZE
G_007576,58688.00,2025-05-10,INV/2025/66827,Vendor 7576 Pvt Ltd,27AAAAA3899A1ZX
G_007577,4786.00,2025-10-19,INV/2025/94458,Vendor 7577 Pvt Ltd,27AAAAA1200A1ZY
G_007578,64079.00,2025-06-20,,Vendor 7578 Pvt Ltd,27AAAAA5216A1ZI
G_007579,99858.00,2025-04-21,INV/2025/51416,Vendor 7579 Pvt Ltd,27AAAAA4185A1Z8
G_007580,8703.00,2025-06-17,INV/2025/51050,Vendor 7580 Pvt Ltd,27AAAAA2439A1ZF
G_007581,36410.00,2025-01-10,INV/2025/71215,Vendor 7581 Pvt Ltd,27AAAAA2083A1ZF
G_007582,98710.00,2025-07-27,,Vendor 7582 Pvt Ltd,27AAAAA5813A1ZF
G_007583,84079.00,2025-05-03,INV/2025/59901,Vendor 7583 Pvt Ltd,27AAAAA2950A1ZF
G_007584,74535.00,2025-05-23,INV/2025/88832,vendor 7584 pvt ltd,27AAAAA1916A1ZJ
G_007585,86694.00,2025-02-24,,Vendor 7585 Pvt Ltd,27AAAAA4549A1Z8
G_007586,61597.00,2025-10-03,INV/2025/12245,Vendor 7586 Pvt Ltd,27AAAAA4863A1Z7
G_007587,95770.00,2025-02-24,INV/2025/68195,Vendor 7587 Pvt Ltd,27AAAAA2027A1ZN
G_007588,3551.00,2025-05-22,INV/2025/58684,Vendor 7588 Pvt Ltd Inc,27AAAAA1383A1ZE
G_007589,36986.00,2025-11-03,INV/2025/35304,Vendor 7589 Pvt Ltd,27AAAAA6001A1ZP
G_007590,8607.00,2025-06-18,INV/2025/13876,Vendor 7590 PVT LTD,27AAAAA9951A1Z0
G_007591,64916.00,2025-10-14,,Vendor 7591 Pvt Ltd,27AAAAA3551A1ZG
G_007592,81659.00,2025-12-18,INV/2025/22041,Vendor 7592 Pvt Ltd,27AAAAA2190A1ZF
G_007593,2866.00,2025-11-16,INV/2025/66605,Vendor 7593 Pvt Ltd,27AAAAA1818A1ZI
G_007594,9617.00,2025-05-30,,Vendor 7594 Pvt Ltd,27AAAAA9562A1Z1
G_007595,94801.00,2025-07-19,INV/2025/13585,Vendor 7595 Pvt Ltd,27AAAAA7990A1ZX
G_007596,79964.00,2025-05-23,,Vendor 7596 Pvt Ltd,27AAAAA3492A1Z8
G_007597,6673.00,2025-10-13,INV/2025/4905,Vendor 7597 Pvt Ltd,27AAAAA8680A1Z0
G_007598,72762.00,2025-03-20,,Vendor 7598 Pvt Ltd,27AAAAA6646A1Z6
G_007599,63607.00,2025-12-31,INV/2025/90674,vendor 7599 pvt ltd,27AAAAA8858A1ZW
G_007600,23252.00,2025-05-26,INV/2025/1886,Vendor 7600 Pvt Ltd,27AAAAA8932A1Z5
G_007601,96012.00,2025-02-03,INV/2025/98834,Vendor 7601 Pvt Ltd,27AAAAA2368A1ZB
G_007602,77364.00,2025-10-13,INV/2025/80804,Vendor 7602 Pvt Ltd,27AAAAA6694A1ZY
G_007603,80155.00,2025-06-05,,Vendor 7603 Pvt Ltd,27AAAAA6080A1ZA
G_007604,80056.00,2025-05-19,,Vendor 7604 Pvt Ltd,27AAAAA2647A1ZD
G_007605,27870.00,2025-04-03,INV/2025/48565,Vendor 7605 Pvt Ltd,27AAAAA9291A1ZZ
G_007606,1413.00,2025-03-11,INV/2025/53889,Vendor 7606 Pvt Ltd,27AAAAA2355A1ZG
G_007607,19095.00,2025-08-15,INV/2025/99554,Vendor 7607 Pvt Ltd,27AAAAA3193A1ZA
G_007608,69765.00,2025-06-17,INV/2025/76661,Vendor 7608 Pvt Ltd,27AAAAA1898A1Z2
G_007609,66442.00,2025-03-30,INV/2025/31774,vendor 7609 pvt ltd,27AAAAA7924A1Z7
G_007610,34692.00,2025-04-12,INV/2025/91980,Vendor 7610 Pvt Ltd,27AAAAA7074A1Z6
G_007611,12080.00,2025-05-04,INV/2025/69496,Vendor 7611 Private Limited,27AAAAA3979A1Z0
G_007612,62659.00,2025-07-27,INV/2025/79908,Vendor 7612 Pvt Ltd,27AAAAA6552A1Z9
G_007613,13555.00,2025-04-18,INV/2025/82600,Vendor 7613 Pvt Ltd Inc,27AAAAA7072A1Z8
G_007614,20690.00,2025-04-15,INV/2025/62676,Vendor 7614 Pvt Ltd,27AAAAA5070A1ZE
G_007615,80026.00,2025-09-11,INV/2025/32747,Vendor 7615 Pvt Ltd,27AAAAA4534A1ZF
G_007616,42013.00,2025-03-18,,Vendor 7616 Pvt Ltd,27AAAAA3733A1ZG
G_007617,30866.00,2025-05-09,INV/2025/92575,Vendor 7617 Pvt Ltd,27AAAAA5567A1Z4
G_007618,97376.00,2025-09-05,,Vendor 7618 Pvt Ltd,27AAAAA6725A1ZA
G_007619,21829.00,2025-10-10,INV/2025/1850,Vendor 7619 Pvt Ltd,27AAAAA8162A1Z7
G_007620,5182.00,2025-01-07,INV/2025/56091,Vendor 7620 Pvt Ltd,27AAAAA7124A1ZF
G_007621,94528.00,2025-09-25,,Vendor 7621 Pvt Ltd,27AAAAA6342A1ZD
G_007622,22472.00,2025-11-10,INV/2025/39352,Vendor 7622 Pvt Ltd,27AAAAA9495A1ZT
G_007623,20971.00,2025-09-23,INV/2025/50681,Vendor 7623 Pvt Ltd,27AAAAA9864A1ZW
G_007624,57861.00,2025-04-03,INV/2025/76568,Vendor 7624 Pvt Ltd,27AAAAA9545A1Z2
G_007625,3153.00,2025-08-08,INV/2025/99654,Vendor 7625 Pvt Ltd,27AAAAA8402A1ZG
G_007626,60790.00,2025-04-22,INV/2025/50876,Vendor 7626 Pvt Ltd,27AAAAA9300A1ZH
G_007627,70681.00,2025-03-10,INV/2025/89662,Vendor 7627 Pvt Ltd,27AAAAA6768A1ZZ
G_007628,92732.00,2025-12-07,,Vendor 7628 Pvt Ltd,27AAAAA4323A1ZK
G_007629,2732.00,2025-02-02,INV/2025/12056,Vendor 7629 Pvt Ltd,27AAAAA7115A1ZG
G_007630,98045.00,2025-01-13,INV/2025/29184,Vendor 7630 Pvt Ltd,
G_007631,116546.00,2025-09-02,INV/2025/45232,Vendor 7631 Pvt Ltd,27AAAAA5679A1ZZ
G_007632,27827.00,2025-09-07,INV/2025/12763,Vendor 7632 Pvt Ltd,27AAAAA7904A1ZB
G_007633,62036.00,2025-01-05,INV/2025/69814,Vendor 7633 Pvt Ltd,27AAAAA9800A1ZC
G_007634,32628.00,2025-09-17,INV/2025/25158,VENDOR 7634 PVT LTD,27AAAAA6452A1ZA
G_007635,23147.00,2025-12-27,INV/2025/20665,None,27AAAAA2232A1ZO
G_007636,86732.00,2025-08-20,INV/2025/91168,Vendor 7636 Pvt Ltd,27AAAAA7395A1ZY
G_007637,99670.00,2025-07-19,INV/2025/36367,Vendor 7637 Pvt Ltd,27AAAAA3597A1Z2
G_007638,20375.00,2025-03-28,INV/2025/21079,Vendor 7638 Pvt Ltd,27AAAAA7282A1Z4
G_007639,36882.00,2025-07-28,INV/2025/34605,None,27AAAAA4367A1Z8
G_007640,16093.00,2025-04-18,INV/2025/68869,Vendor 7640 Pvt Ltd,27AAAAA7334A1ZB
G_007641,5914.00,2025-08-10,INV/2025/75750,vendor 7641 pvt ltd,27AAAAA7161A1ZA
G_007642,44647.00,2025-02-08,,Vendor 7642 Pvt Ltd,27AAAAA5308A1ZH
G_007643,26272.00,2025-09-23,INV/2025/95429,Vendor 7643 Pvt Ltd,27AAAAA9671A1ZZ
G_007644,19197.00,2025-10-26,,Vendor 7644 Pvt Ltd,27AAAAA7244A1ZA
G_007645,91066.00,2025-04-05,INV/2025/64536,vendor 7645 pvt ltd,27AAAAA6015A1ZJ
G_007646,98430.00,2025-01-30,INV/2025/33173,Vendor 7646 Pvt Ltd,27AAAAA2733A1ZI
G_007647,47324.00,2025-07-12,INV/2025/79446,Vendor 7647 Pvt Ltd,27AAAAA1204A1ZU
G_007648,23195.00,2025-06-11,INV/2025/83123,Vendor 7648 Pvt Ltd,27AAAAA7802A1ZE
G_007649,9709.00,2025-03-13,INV/2025/29083,Vendor 7649 Pvt Ltd,27AAAAA5916A1ZB
G_007650,80638.00,2025-10-26,INV/2025/89488,Vendor 7650 Pvt Ltd,27AAAAA9950A1Z1
G_007651,135052.00,2025-09-23,INV/2025/51279,Vendor 7651 Pvt Ltd,27AAAAA9985A1ZQ
G_007652,60444.00,2025-02-20,INV/2025/38007,Vendor 7652 PVT LTD,27AAAAA1059A1ZH
G_007653,92373.00,2025-07-24,INV/2025/4364,Vendor 7653 Pvt Ltd,27AAAAA4347A1ZC
G_007654,3946.00,2025-09-17,INV/2025/86216,Vendor 7654 Pvt Ltd,27AAAAA9377A1ZW
G_007655,37613.00,2025-05-14,INV/2025/36650,Vendor 7655 Pvt Ltd,27AAAAA9283A1ZZ
G_007656,14901.00,2025-04-12,INV/2025/23778,Vendor 7656 Pvt Ltd,27AAAAA3200A1ZU
G_007657,65083.00,2025-08-02,,Vendor 7657 Pvt Ltd,27AAAAA9099A1ZT
G_007658,9623.00,2025-10-28,INV/2025/10951,VENDOR 7658 PVT LTD,27AAAAA4664A1Z8
G_007659,30631.00,2025-09-20,INV/2025/39933,Vendor 7659 Private Limited,27AAAAA5987A1ZW
G_007660,74810.00,2025-09-07,,Vendor 7660 Pvt Ltd,27AAAAA8683A1ZX
G_007661,23244.00,2025-03-02,INV/2025/73787,Vendor 7661 Pvt Ltd,27AAAAA5283A1Z7
G_007662,8712.00,2025-09-27,INV/2025/98894,Vendor 7662 Pvt Ltd,27AAAAA1539A1ZG
G_007663,93606.00,2025-12-21,INV/2025/30936,Vendor 7663 Pvt Ltd,27AAAAA2499A1Z3
G_007664,46867.00,2025-11-13,INV/2025/91669,Vendor 7664 Pvt Ltd,27AAAAA7331A1ZE
G_007665,7605.00,2025-03-09,INV/2025/90920,Vendor 7665 Pvt Ltd,27AAAAA4558A1Z7
G_007666,69284.00,2025-02-28,INV/2025/59690,Vendor 7666 Pvt Ltd,27AAAAA9017A1ZB
G_007667,18522.00,2025-09-10,INV/2025/42250,VENDOR 7667 PVT LTD,27AAAAA5005A1ZN
G_007668,69969.00,2025-06-12,INV/2025/81089,Vendor 7668 Pvt Ltd,27AAAAA4582A1Z7
G_007669,15350.00,2025-07-15,INV/2025/46097,Vendor 7669 Pvt Ltd,27AAAAA5287A1Z3
G_007670,11821.00,2025-10-11,INV/2025/75242,Vendor 7670 Pvt Ltd,27AAAAA7492A1Z0
G_007671,12796.00,2025-01-22,,Vendor 7671 Pvt Ltd,27AAAAA4690A1Z6
G_007672,79001.00,2025-12-04,INV/2025/24707,Vendor 7672 Pvt Ltd,27AAAAA8531A1ZA
G_007673,20560.00,2025-04-10,INV/2025/72200,Vendor 7673 Private Limited,27AAAAA3783A1Z6
G_007674,4292.00,2025-04-01,,Vendor 7674 Pvt Ltd,27AAAAA8352A1Z7
G_007675,78317.00,2025-06-09,INV/2025/1640,Vendor 7675 Pvt Ltd,27AAAAA2490A1ZC
G_007676,50977.00,2025-11-12,INV/2025/51792,Vendor 7676 Pvt Ltd,27AAAAA5542A1ZD
G_007677,4799.00,2025-08-27,INV/2025/65924,Vendor 7677 Pvt Ltd,27AAAAA7602A1ZG
G_007678,83038.00,2025-05-25,INV/2025/48770,Vendor 7678 Pvt Ltd,27AAAAA1595A1Z8
G_007679,56972.00,2025-04-15,INV/2025/91425,Vendor 7679 Pvt Ltd Inc,27AAAAA1117A1ZQ
G_007680,47603.00,2025-01-14,,Vendor 7680 Pvt Ltd,27AAAAA4388A1Z3
G_007681,17407.00,2025-06-16,INV/2025/9943,Vendor 7681 Pvt Ltd,27AAAAA7901A1ZE
G_007682,49627.00,2025-03-03,INV/2025/64615,Vendor 7682 Pvt Ltd,27AAAAA5458A1Z6
G_007683,87333.00,2025-02-08,,Vendor 7683 Pvt Ltd,27AAAAA6950A1Z7
G_007684,86283.00,2025-03-06,INV/2025/4842,Vendor,27AAAAA4626A1ZE
G_007685,38558.00,2025-01-01,INV/2025/63620,Vendor 7685 Pvt Ltd,27AAAAA3454A1ZE
G_007686,44398.00,2025-10-18,INV/2025/83806,Vendor,27AAAAA4301A1ZQ
G_007687,73955.00,2025-01-26,INV/2025/30136,Vendor 7687 Pvt Ltd,27AAAAA4874A1Z4
G_007688,63082.00,2025-05-23,INV/2025/27294,Vendor 7688 Pvt Ltd,27AAAAA6929A1Z4
G_007689,66208.00,2025-01-10,INV/2025/93087,Vendor 7689 Pvt Ltd,27AAAAA6244A1ZC
G_007690,13465.00,2025-07-20,INV/2025/19561,Vendor,27AAAAA5889A1ZV
G_007691,93602.00,2025-06-08,INV/2025/57429,vendor 7691 pvt ltd,27AAAAA2515A1ZM
G_007692,47642.00,2025-01-03,INV/2025/3331,Vendor 7692 Pvt Ltd,27AAAAA7411A1ZH
G_007693,47384.00,2025-09-19,INV/2025/94927,vendor 7693 pvt ltd,27AAAAA7064A1Z8
G_007694,97472.00,2025-05-28,INV/2025/85257,Vendor 7694 Pvt Ltd,27AAAAA7365A1Z4
G_007695,84720.00,2025-11-03,INV/2025/3786,Vendor 7695 Pvt Ltd,27AAAAA2729A1ZE
G_007696,49291.00,2025-06-28,INV/2025/14783,VENDOR 7696 PVT LTD,27AAAAA2555A1ZE
G_007697,53311.00,2025-01-09,INV/2025/78835,Vendor 7697 Pvt Ltd,27AAAAA1114A1ZT
G_007698,4339.00,2025-08-22,INV/2025/46029,Vendor 7698 Pvt Ltd,27AAAAA6718A1Z9
G_007699,51202.00,2025-08-25,INV/2025/63018,None,27AAAAA3646A1ZC
G_007700,12439.00,2025-07-20,INV/2025/85869,Vendor 7700 Pvt Ltd,27AAAAA7573A1Z2
G_007701,164640.00,2025-05-26,INV/2025/26726,Vendor 7701 Pvt Ltd,27AAAAA9441A1Z7
G_007702,97548.00,2025-11-22,INV/2025/74151,Vendor 7702 Pvt Ltd,
G_007703,1431.00,2025-03-14,INV/2025/1458,Vendor 7703 Pvt Ltd,27AAAAA3697A1Z1
G_007704,10629.00,2025-01-16,INV/2025/30801,Vendor 7704 Pvt Ltd,27AAAAA8965A1ZW
G_007705,37365.00,2025-09-07,INV/2025/50361,Vendor 7705 Pvt Ltd,27AAAAA4727A1ZC
G_007706,94810.00,2025-12-30,INV/2025/98807,Vendor 7706 Pvt Ltd,27AAAAA3337A1ZG
G_007707,38823.00,2025-06-22,INV/2025/29558,Vendor 7707 Pvt Ltd,27AAAAA8173A1Z4
G_007708,46647.00,2025-01-08,,Vendor 7708 Pvt Ltd,27AAAAA7032A1ZG
G_007709,56006.00,2025-10-26,INV/2025/46887,Vendor 7709 Pvt Ltd,27AAAAA1302A1ZV
G_007710,55769.00,2025-05-11,INV/2025/18725,Vendor 7710 Pvt Ltd,
G_007711,54210.00,2025-11-19,INV/2025/13168,Vendor 7711 Pvt Ltd,27AAAAA4328A1ZF
G_007712,74220.00,2025-09-24,INV/2025/21904,Vendor 7712 Pvt Ltd,27AAAAA1406A1ZQ
G_007713,15360.00,2025-05-16,INV/2025/94030,Vendor 7713 Pvt Ltd,27AAAAA9544A1Z3
G_007714,19874.00,2025-04-12,INV/2025/55832,Vendor 7714 Pvt Ltd,27AAAAA1675A1ZB
G_007715,7865.00,2025-08-08,INV/2025/2671,Vendor 7715 Pvt Ltd,27AAAAA9060A1Z8
G_007716,42436.00,2025-04-14,INV/2025/87604,Vendor 7716 PVT LTD,27AAAAA6498A1ZW
G_007717,59096.00,2025-08-04,,Vendor 7717 Pvt Ltd,27AAAAA2528A1ZH
G_007718,39312.00,2025-02-05,INV/2025/65459,Vendor 7718 Pvt Ltd,27AAAAA6675A1Z1
G_007719,51004.00,2025-05-07,INV/2025/59868,Vendor 7719 Pvt Ltd Inc,27AAAAA2576A1Z9
G_007720,72775.00,2025-03-26,INV/2025/73575,Vendor 7720 Pvt Ltd,27AAAAA5393A1Z4
G_007721,27793.00,2025-11-09,INV/2025/98372,Vendor 7721 Pvt Ltd,27AAAAA4345A1ZE
G_007722,3547.00,2025-10-06,INV/2025/22447,Vendor 7722 Pvt Ltd,27AAAAA6799A1ZS
G_007723,18006.00,2025-02-01,INV/2025/51170,Vendor 7723 Pvt Ltd,27AAAAA2787A1Z4
G_007724,62950.00,2025-07-12,INV/2025/35041,Vendor 7724 Pvt Ltd,27AAAAA7697A1ZT
G_007725,22326.00,2025-06-19,INV/2025/7257,Vendor 7725 Pvt Ltd Inc,27AAAAA7265A1Z5
G_007726,170270.00,2025-06-06,INV/2025/33481,Vendor 7726 Pvt Ltd,27AAAAA2273A1ZF
G_007727,46785.00,2025-08-28,,Vendor 7727 Pvt Ltd,27AAAAA3543A1ZG
G_007728,67555.00,2025-08-10,INV/2025/16703,Vendor 7728 Pvt Ltd,27AAAAA3795A1Z2
G_007729,14133.00,2025-05-09,INV/2025/32249,None,27AAAAA6487A1ZZ
G_007730,18575.00,2025-01-06,INV/2025/33258,Vendor 7730 Pvt Ltd,27AAAAA6465A1Z5
G_007731,99876.00,2025-07-29,INV/2025/45216,Vendor 7731 Pvt Ltd,27AAAAA3001A1ZV
G_007732,4729.00,2025-06-28,INV/2025/25336,Vendor 7732 PVT LTD,27AAAAA9668A1ZU
G_007733,44515.00,2025-04-10,,Vendor 7733 Pvt Ltd,27AAAAA1699A1Z3
G_007734,96300.00,2025-12-10,INV/2025/71945,Vendor 7734 Pvt Ltd,27AAAAA1245A1ZL
G_007735,76092.00,2025-01-10,INV/2025/14710,Vendor 7735 Pvt Ltd,27AAAAA9639A1ZZ
G_007736,77756.00,2025-03-14,INV/2025/92233,Vendor 7736 Private Limited,27AAAAA7583A1Z0
G_007737,96366.00,2025-01-09,INV/2025/44041,Vendor 7737 Pvt Ltd,27AAAAA3015A1ZP
G_007738,75943.00,2025-08-23,INV/2025/5588,Vendor,27AAAAA2663A1ZD
G_007739,45758.00,2025-12-28,INV/2025/37352,Vendor 7739 Pvt Ltd,27AAAAA6022A1ZK
G_007740,40654.00,2025-05-07,INV/2025/67825,Vendor 7740 Pvt Ltd,27AAAAA2906A1ZJ
G_007741,72491.00,2025-11-26,INV/2025/41001,Vendor 7741 Pvt Ltd,27AAAAA4395A1Z4
G_007742,97763.00,2025-07-10,INV/2025/55152,Vendor 7742 Pvt Ltd,27AAAAA6200A1ZO
G_007743,82011.00,2025-03-25,INV/2025/74819,Vendor 7743 Pvt Ltd,27AAAAA8566A1ZZ
G_007744,21604.00,2025-09-01,INV/2025/29631,Vendor 7744 Pvt Ltd,27AAAAA4712A1ZJ
G_007745,64197.00,2025-01-22,INV/2025/25989,vendor 7745 pvt ltd,27AAAAA4741A1ZE
G_007746,85780.00,2025-07-29,INV/2025/54149,Vendor 7746 Pvt Ltd,27AAAAA1660A1ZI
G_007747,8343.00,2025-12-17,INV/2025/31614,Vendor 7747 Pvt Ltd,27AAAAA5350A1ZF
G_007748,52158.00,2025-09-23,,Vendor 7748 Pvt Ltd,27AAAAA8345A1Z6
G_007749,58290.00,2025-07-16,INV/2025/92117,vendor 7749 pvt ltd,27AAAAA9306A1ZB
G_007750,4476.00,2025-07-01,INV/2025/95499,VENDOR 7750 PVT LTD,27AAAAA8068A1Z2
G_007751,21090.00,2025-12-15,INV/2025/36130,Vendor 7751 Pvt Ltd,27AAAAA1121A1ZU
G_007752,57959.00,2025-05-09,INV/2025/96536,Vendor,27AAAAA4937A1Z8
G_007753,8931.00,2025-04-22,INV/2025/10862,Vendor 7753 Pvt Ltd Inc,27AAAAA1741A1ZK
G_007754,24799.00,2025-06-26,INV/2025/89337,Vendor 7754 Pvt Ltd,27AAAAA2229A1ZJ
G_007755,98353.00,2025-10-15,INV/2025/19728,Vendor 7755 Pvt Ltd,27AAAAA8167A1Z2
G_007756,60559.00,2025-07-15,INV/2025/23357,Vendor 7756 Pvt Ltd,27AAAAA5701A1ZK
G_007757,70705.00,2025-09-04,INV/2025/99318,Vendor 7757 Pvt Ltd,27AAAAA8557A1Z0
G_007758,36875.00,2025-06-15,INV/2025/46742,Vendor 7758 Pvt Ltd,27AAAAA2983A1Z6
G_007759,17032.00,2025-11-30,INV/2025/13807,Vendor 7759 Pvt Ltd,27AAAAA4178A1Z7
G_007760,53121.00,2025-07-26,INV/2025/31329,Vendor 7760 Pvt Ltd,27AAAAA3885A1Z3
G_007761,71591.00,2025-11-28,,Vendor 7761 Pvt Ltd,27AAAAA1226A1ZO
G_007762,25573.00,2025-01-24,INV/2025/17328,Vendor 7762 Pvt Ltd,27AAAAA9991A1ZS
G_007763,66566.00,2025-02-23,INV/2025/54031,Vendor 7763 Pvt Ltd,27AAAAA8764A1ZZ
G_007764,69505.00,2025-01-25,INV/2025/89843,Vendor 7764 Pvt Ltd,27AAAAA9504A1ZB
G_007765,98542.00,2025-12-10,INV/2025/18020,Vendor 7765 Pvt Ltd,27AAAAA1618A1ZK
G_007766,72942.00,2025-09-27,INV/2025/23344,Vendor 7766 Pvt Ltd,27AAAAA4024A1ZM
G_007767,90864.00,2025-07-13,,Vendor 7767 Pvt Ltd,27AAAAA5297A1Z1
G_007768,28612.00,2025-08-11,INV/2025/27426,Vendor 7768 Pvt Ltd,27AAAAA8495A1ZV
G_007769,67769.00,2025-02-13,INV/2025/25901,Vendor 7769 Pvt Ltd,27AAAAA2534A1ZJ
G_007770,77364.00,2025-04-14,INV/2025/69170,Vendor 7770 Pvt Ltd,27AAAAA3485A1Z7
G_007771,531.00,2025-11-25,INV/2025/69767,Vendor 7771 Pvt Ltd,27AAAAA4755A1Z8
G_007772,52770.00,2025-05-27,INV/2025/65236,Vendor 7772 Pvt Ltd,27AAAAA2325A1ZM
G_007773,25998.00,2025-10-15,,Vendor 7773 Pvt Ltd,27AAAAA8819A1Z3
G_007774,26768.00,2025-04-30,INV/2025/96428,Vendor 7774 Pvt Ltd,27AAAAA2568A1Z9
G_007775,83416.00,2025-09-07,INV/2025/92172,Vendor 7775 Pvt Ltd,27AAAAA3643A1ZF
G_007776,27303.00,2025-12-04,INV/2025/76974,Vendor 7776 Pvt Ltd,27AAAAA6658A1Z2
G_007777,32746.00,2025-01-18,INV/2025/23925,Vendor 7777 Pvt Ltd,27AAAAA9764A1ZX
G_007778,53589.00,2025-01-27,INV/2025/86414,Vendor 7778 Pvt Ltd,27AAAAA2039A1ZJ
G_007779,95254.00,2025-08-31,INV/2025/69302,Vendor 7779 Pvt Ltd,27AAAAA2190A1ZF
G_007780,64733.00,2025-06-08,,Vendor 7780 Pvt Ltd,27AAAAA9370A1Z3
G_007781,90660.00,2025-12-18,INV/2025/33882,Vendor 7781 Private Limited,27AAAAA7777A1ZW
G_007782,32629.00,2025-10-28,INV/2025/12544,Vendor 355 Pvt Ltd,27AAAAA9279A1ZV
G_007783,69710.00,2025-09-19,INV/2025/88713,Vendor 7783 Pvt Ltd,27AAAAA3844A1ZC
G_007784,78970.00,2025-11-28,INV/2025/71785,Vendor 7784 Pvt Ltd,27AAAAA4627A1ZD
G_007785,99299.00,2025-01-30,,Vendor 7785 Pvt Ltd,27AAAAA4658A1Z6
G_007786,58825.00,2025-11-27,INV/2025/68750,Vendor 7786 Pvt Ltd,27AAAAA4011A1ZR
G_007787,32858.00,2025-10-31,INV/2025/42510,Vendor 7787 Pvt Ltd,27AAAAA6707A1ZC
G_007788,95667.00,2025-03-18,,Vendor 7788 Pvt Ltd,27AAAAA9463A1Z1
G_007789,57597.00,2025-03-27,INV/2025/83881,Vendor 7789 Pvt Ltd,27AAAAA1700A1ZT
G_007790,89113.00,2025-02-13,INV/2025/45651,Vendor 7790 Pvt Ltd,27AAAAA2624A1ZK
G_007791,30403.00,2025-01-27,INV/2025/92097,Vendor 7791 Pvt Ltd,27AAAAA3609A1ZH
G_007792,89120.00,2025-10-22,INV/2025/37626,Vendor 7792 Pvt Ltd,27AAAAA2057A1ZH
G_007793,36400.00,2025-12-27,INV/2025/11152,Vendor 7793 Pvt Ltd,
G_007794,38747.00,2025-08-13,,Vendor 7794 Pvt Ltd,27AAAAA5183A1Z8
G_007795,4970.00,2025-10-15,INV/2025/27417,Vendor 7795 Pvt Ltd,27AAAAA3596A1Z3
G_007796,66132.00,2025-06-18,INV/2025/53781,Vendor 7796 Pvt Ltd,27AAAAA6039A1ZB
G_007797,84844.00,2025-10-12,INV/2025/56801,Vendor 7797 Pvt Ltd,27AAAAA9921A1Z6
G_007798,59357.00,2025-08-24,INV/2025/54376,Vendor 7798 Pvt Ltd,27AAAAA3128A1ZJ
G_007799,80213.00,2025-11-29,INV/2025/90991,Vendor 7799 Pvt Ltd,27AAAAA4084A1ZA
G_007800,53530.00,2025-10-13,,Vendor 7800 Pvt Ltd,27AAAAA4935A1ZA
G_007801,62295.00,2025-05-30,INV/2025/10758,VENDOR 7801 PVT LTD,27AAAAA6893A1ZX
G_007802,54522.00,2025-07-27,INV/2025/93846,Vendor 7802 Pvt Ltd,27AAAAA4593A1Z4
G_007803,54689.00,2025-02-13,INV/2025/67479,Vendor 7803 Pvt Ltd,27AAAAA7087A1Z1
G_007804,59460.00,2025-09-04,INV/2025/94647,Vendor 7804 Pvt Ltd,27AAAAA8894A1ZS
G_007805,90276.00,2025-11-09,,Vendor 7805 Pvt Ltd,27AAAAA3262A1ZG
G_007806,9761.00,2025-10-02,,Vendor 7806 Pvt Ltd,27AAAAA7782A1ZZ
G_007807,57746.00,2025-05-30,INV/2025/41901,VENDOR 7807 PVT LTD,27AAAAA4143A1ZI
G_007808,99529.00,2025-11-14,INV/2025/50457,Vendor 7808 Pvt Ltd,27AAAAA4114A1ZN
G_007809,42619.00,2025-01-03,INV/2025/24909,Vendor 7809 Pvt Ltd,27AAAAA5374A1Z7
G_007810,84042.00,2025-02-01,INV/2025/21369,Vendor 7810 Pvt Ltd,27AAAAA9135A1Z8
G_007811,45566.00,2025-11-13,INV/2025/44629,Vendor 7811 Pvt Ltd,27AAAAA9471A1Z1
G_007812,52261.00,2025-02-25,INV/2025/95802,Vendor 7812 Pvt Ltd,27AAAAA2173A1ZG
G_007813,27405.00,2025-03-24,INV/2025/78214,Vendor 7813 Pvt Ltd,27AAAAA7734A1Z7
G_007814,95289.00,2025-01-16,INV/2025/40848,Vendor 7814 Pvt Ltd,27AAAAA9321A1ZC
G_007815,57384.00,2025-11-09,,Vendor 7815 Pvt Ltd,27AAAAA3568A1Z7
G_007816,41888.00,2025-06-13,INV/2025/16744,Vendor 7816 Pvt Ltd,27AAAAA7149A1Z6
G_007817,80672.00,2025-10-31,,Vendor 7817 Pvt Ltd,27AAAAA2665A1ZB
G_007818,95176.00,2025-09-15,INV/2025/28129,Vendor 253 PVT LTD,27AAAAA8618A1Z6
G_007819,16864.00,2025-11-15,INV/2025/40844,Vendor 7819 Pvt Ltd,27AAAAA4848A1Z6
G_007820,77177.00,2025-05-29,INV/2025/24804,Vendor 7820 Pvt Ltd,27AAAAA7015A1ZH
G_007821,49052.00,2025-08-18,INV/2025/48768,Vendor 7821 Pvt Ltd,27AAAAA7611A1ZF
G_007822,49648.00,2025-04-19,INV/2025/84178,Vendor 7822 Pvt Ltd,27AAAAA9543A1Z4
G_007823,89948.00,2025-12-08,INV/2025/65934,None,27AAAAA1176A1ZF
G_007824,7875.00,2025-06-22,INV/2025/42228,Vendor 174 Pvt Ltd,27AAAAA1887A1Z5
G_007825,15277.00,2025-01-27,INV/2025/76005,Vendor 7825 Pvt Ltd,27AAAAA5650A1ZC
G_007826,49845.00,2025-03-01,,Vendor 7826 Pvt Ltd,27AAAAA8071A1Z7
G_007827,86606.00,2025-06-25,,Vendor 7827 Pvt Ltd,27AAAAA2095A1ZB
G_007828,2832.00,2025-12-21,INV/2025/22564,Vendor 7828 Pvt Ltd,27AAAAA7649A1Z1
G_007829,78851.00,2025-08-26,INV/2025/93062,VENDOR 7829 PVT LTD,27AAAAA7170A1Z9
G_007830,30265.00,2025-12-20,,Vendor 7830 Pvt Ltd,27AAAAA4488A1Z2
G_007831,60153.00,2025-06-20,INV/2025/48440,Vendor 7831 Pvt Ltd,27AAAAA6376A1Z3
G_007832,73054.00,2025-04-08,INV/2025/36169,Vendor 7832 Pvt Ltd,27AAAAA7299A1ZV
G_007833,30963.00,2025-09-26,INV/2025/72637,Vendor 7833 Pvt Ltd,27AAAAA4184A1Z9
G_007834,154440.00,2025-07-24,INV/2025/50435,Vendor 7834 Pvt Ltd,27AAAAA8130A1ZF
G_007835,67457.00,2025-08-27,INV/2025/42972,Vendor 7835 Private Limited,27AAAAA2889A1Z1
G_007836,83910.00,2025-01-11,INV/2025/26292,Vendor 7836 Pvt Ltd,27AAAAA5737A1Z8
G_007837,69101.00,2025-08-16,INV/2025/35091,Vendor 7837 Pvt Ltd,27AAAAA6010A1ZO
G_007838,15951.00,2025-10-16,,Vendor 7838 Pvt Ltd,27AAAAA7395A1ZY
G_007839,20831.00,2025-12-02,,Vendor 7839 Pvt Ltd,27AAAAA3698A1Z0
G_007840,78829.00,2025-11-28,INV/2025/91157,Vendor 7840 Pvt Ltd,27AAAAA1360A1ZL
G_007841,90082.00,2025-03-25,INV/2025/12110,Vendor 7841 Pvt Ltd,27AAAAA2149A1ZG
G_007842,43400.00,2025-08-14,INV/2025/80515,Vendor 7842 Private Limited,27AAAAA6300A1ZN
G_007843,24418.00,2025-06-25,INV/2025/53569,Vendor 7843 Pvt Ltd,27AAAAA8789A1ZQ
G_007844,17286.00,2025-05-08,INV/2025/8523,Vendor 7844 Pvt Ltd,27AAAAA8948A1ZX
G_007845,45773.00,2025-08-17,,Vendor 7845 Pvt Ltd,27AAAAA7866A1ZY
G_007846,84949.00,2025-12-15,INV/2025/49534,Vendor 7846 Pvt Ltd,27AAAAA2207A1ZP
G_007847,13081.00,2025-05-01,INV/2025/53289,Vendor 7847 Pvt Ltd,27AAAAA5666A1Z4
G_007848,63881.00,2025-11-07,INV/2025/48352,Vendor 7848 Pvt Ltd,
G_007849,94408.00,2025-03-09,,Vendor 7849 Pvt Ltd,27AAAAA3107A1ZO
G_007850,61430.00,2025-02-10,INV/2025/78247,Vendor 7850 Pvt Ltd,27AAAAA4573A1Z8
G_007851,76465.00,2025-03-02,INV/2025/18325,Vendor 7851 Pvt Ltd,27AAAAA8398A1ZT
G_007852,34699.00,2025-12-10,,Vendor 7852 Pvt Ltd,27AAAAA6480A1Z6
G_007853,39177.00,2025-04-15,,Vendor 7853 Pvt Ltd,27AAAAA5551A1ZC
G_007854,77171.00,2025-08-17,INV/2025/53911,Vendor 7854 Private Limited,27AAAAA7177A1Z2
G_007855,101618.00,2025-09-07,INV/2025/36328,Vendor 7855 Pvt Ltd,27AAAAA7367A1Z2
G_007856,158146.00,2025-01-05,INV/2025/69073,Vendor 7856 Pvt Ltd,27AAAAA7403A1ZH
G_007857,39030.00,2025-03-04,INV/2025/71678,Vendor 7857 Pvt Ltd Inc,27AAAAA2289A1Z7
G_007858,80041.00,2025-01-28,INV/2025/91046,Vendor 7858 Pvt Ltd,27AAAAA5674A1Z4
G_007859,36647.00,2025-04-06,INV/2025/61036,Vendor 7859 Pvt Ltd,27AAAAA8642A1Z6
G_007860,35842.00,2025-06-25,INV/2025/96203,Vendor 7860 Pvt Ltd,27AAAAA5917A1ZA
G_007861,8083.00,2025-11-05,INV/2025/44784,Vendor 7861 Pvt Ltd,27AAAAA2044A1ZM
G_007862,72138.00,2025-09-01,,Vendor 7862 Pvt Ltd,27AAAAA3672A1ZA
G_007863,80531.00,2025-05-06,INV/2025/81078,Vendor 7863 Pvt Ltd,27AAAAA2480A1ZE
G_007864,31456.00,2025-08-18,INV/2025/72583,Vendor 7864 Pvt Ltd,27AAAAA1119A1ZO
G_007865,30035.00,2025-06-10,INV/2025/55251,VENDOR 7865 PVT LTD,27AAAAA1507A1ZO
G_007866,88700.00,2025-01-10,INV/2025/74377,Vendor 7866 Pvt Ltd Inc,27AAAAA2886A1Z4
G_007867,60268.00,2025-01-01,INV/2025/95316,Vendor 7867 Pvt Ltd,27AAAAA8869A1ZT
G_007868,75560.00,2025-12-01,INV/2025/89125,None,27AAAAA4135A1ZI
G_007869,42345.00,2025-07-21,INV/2025/60224,Vendor 7869 Pvt Ltd,
G_007870,90751.00,2025-06-05,INV/2025/89670,Vendor 7870 Pvt Ltd,
G_007871,63327.00,2025-02-04,INV/2025/68996,Vendor 7871 Pvt Ltd,27AAAAA8851A1Z3
G_007872,96414.00,2025-09-28,INV/2025/54891,Vendor 7872 Pvt Ltd,27AAAAA8203A1ZH
G_007873,73725.00,2025-07-20,INV/2025/28214,Vendor 7873 Pvt Ltd,27AAAAA4710A1ZL
G_007874,18766.00,2025-07-29,INV/2025/18016,Vendor 7874 Pvt Ltd,27AAAAA4242A1ZI
G_007875,55330.00,2025-06-05,INV/2025/4568,Vendor,27AAAAA9449A1ZZ
G_007876,74420.00,2025-09-07,INV/2025/60311,Vendor 7876 Pvt Ltd,27AAAAA5535A1ZC
G_007877,39020.00,2025-05-18,INV/2025/33564,Vendor 7877 Pvt Ltd,
G_007878,13624.00,2025-03-09,INV/2025/15278,Vendor,27AAAAA5706A1ZF
G_007879,171156.00,2025-01-17,INV/2025/10995,Vendor 7879 Pvt Ltd,27AAAAA9861A1ZZ
G_007880,66642.00,2025-03-25,INV/2025/70813,Vendor 7880 Pvt Ltd,27AAAAA5172A1ZB
G_007881,2561.00,2025-07-01,,Vendor 7881 Pvt Ltd,27AAAAA3668A1Z6
G_007882,83066.00,2025-07-01,INV/2025/53348,VENDOR 7882 PVT LTD,27AAAAA5732A1ZD
G_007883,5126.00,2025-02-10,INV/2025/79788,Vendor 7883 Pvt Ltd,27AAAAA1646A1ZG
G_007884,41536.00,2025-03-10,INV/2025/40382,Vendor 7884 Pvt Ltd,27AAAAA2465A1ZD
G_007885,41159.00,2025-11-23,INV/2025/60791,Vendor 7885 Pvt Ltd,27AAAAA3012A1ZS
G_007886,60677.00,2025-08-05,INV/2025/68799,Vendor 7886 Pvt Ltd,27AAAAA3382A1ZB
G_007887,63063.00,2025-08-18,,Vendor 7887 Pvt Ltd,27AAAAA3859A1Z5
G_007888,31755.00,2025-04-26,INV/2025/32329,Vendor 7888 Pvt Ltd,27AAAAA6090A1Z8
G_007889,12378.00,2025-10-10,INV/2025/36094,Vendor 7889 Pvt Ltd,27AAAAA1326A1ZN
G_007890,49672.00,2025-02-12,,Vendor 7890 Pvt Ltd,27AAAAA7451A1Z9
G_007891,75504.00,2025-07-06,INV/2025/7953,Vendor 7891 Pvt Ltd,27AAAAA3871A1Z9
G_007892,70175.00,2025-06-07,INV/2025/9257,Vendor,27AAAAA2274A1ZE
G_007893,83781.00,2025-07-28,INV/2025/49313,Vendor 7893 Pvt Ltd,27AAAAA8012A1ZI
G_007894,36989.00,2025-08-08,INV/2025/99011,Vendor 7894 Pvt Ltd,27AAAAA6931A1ZA
G_007895,28986.00,2025-10-05,INV/2025/37758,Vendor 7895 Pvt Ltd,27AAAAA2008A1ZQ
G_007896,34219.00,2025-06-04,INV/2025/89456,Vendor 7896 Pvt Ltd,27AAAAA8136A1Z9
G_007897,81056.00,2025-03-30,,Vendor 7897 Pvt Ltd,27AAAAA9405A1ZB
G_007898,39431.00,2025-12-14,INV/2025/28545,Vendor 7898 Pvt Ltd,
G_007899,47428.00,2025-06-25,INV/2025/83521,Vendor 7899 Pvt Ltd,27AAAAA5295A1Z3
G_007900,87702.00,2025-08-05,INV/2025/99034,Vendor,27AAAAA9731A1Z6
G_007901,11196.00,2025-05-08,INV/2025/67425,Vendor 7901 Pvt Ltd,27AAAAA9375A1ZY
G_007902,19332.00,2025-05-06,INV/2025/97858,Vendor 7902 Pvt Ltd,27AAAAA6457A1Z5
G_007903,81159.00,2025-02-15,,Vendor 7903 Pvt Ltd,27AAAAA5476A1Z4
G_007904,91693.00,2025-10-02,INV/2025/19160,Vendor 7904 Private Limited,27AAAAA7132A1ZF
G_007905,35415.00,2025-08-02,INV/2025/94377,Vendor 7905 Pvt Ltd,27AAAAA6165A1Z8
G_007906,80948.00,2025-01-12,INV/2025/87752,Vendor,27AAAAA7578A1ZX
G_007907,77677.00,2025-08-21,INV/2025/29642,Vendor 7907 PVT LTD,27AAAAA6714A1ZD
G_007908,30513.00,2025-03-02,INV/2025/42365,Vendor,27AAAAA1017A1ZR
G_007909,35681.00,2025-03-07,INV/2025/72702,Vendor 7909 Pvt Ltd,27AAAAA5100A1ZR
G_007910,16238.00,2025-10-27,INV/2025/22614,Vendor 7910 Pvt Ltd,27AAAAA1276A1ZE
G_007911,6369.00,2025-08-30,INV/2025/74426,Vendor 7911 Pvt Ltd,27AAAAA6815A1ZB
G_007912,89824.00,2025-04-07,INV/2025/77261,Vendor 7912 Pvt Ltd,27AAAAA6607A1ZD
G_007913,83202.00,2025-11-20,,Vendor 7913 Pvt Ltd,27AAAAA5449A1Z7
G_007914,51004.00,2025-03-14,,Vendor 7914 Pvt Ltd,27AAAAA3606A1ZK
G_007915,92749.00,2025-06-27,,Vendor 7915 Pvt Ltd,27AAAAA7024A1ZG
G_007916,39622.00,2025-11-07,INV/2025/66251,Vendor 7916 Pvt Ltd,27AAAAA9273A1Z1
G_007917,71713.00,2025-12-21,INV/2025/29788,Vendor 7917 Pvt Ltd,
G_007918,27300.00,2025-02-06,INV/2025/4864,Vendor 7918 Pvt Ltd Inc,27AAAAA5739A1Z6
G_007919,132472.00,2025-09-18,INV/2025/47332,Vendor 7919 Pvt Ltd,27AAAAA9839A1ZX
G_007920,69482.00,2025-01-08,INV/2025/89978,Vendor 7920 Pvt Ltd,27AAAAA3950A1ZD
G_007921,31852.00,2025-11-06,INV/2025/59418,Vendor 7921 Private Limited,27AAAAA9351A1Z6
G_007922,73612.00,2025-11-05,INV/2025/74722,Vendor 7922 Pvt Ltd,27AAAAA2166A1ZF
G_007923,38426.00,2025-07-26,INV/2025/84235,Vendor 7923 Private Limited,27AAAAA9562A1Z1
G_007924,44857.00,2025-08-03,INV/2025/21626,vendor 7924 pvt ltd,27AAAAA5789A1ZW
G_007925,564.00,2025-04-18,INV/2025/21518,Vendor 7925 Pvt Ltd,27AAAAA8663A1Z1
G_007926,58722.00,2025-07-02,INV/2025/69210,Vendor 7926 Pvt Ltd,27AAAAA9316A1Z9
G_007927,87201.00,2025-03-09,INV/2025/5529,Vendor 7927 Pvt Ltd,27AAAAA1522A1ZP
G_007928,12164.00,2025-05-10,INV/2025/53479,Vendor 7928 Pvt Ltd,27AAAAA3078A1ZA
G_007929,37787.00,2025-04-17,INV/2025/77154,Vendor 7929 Pvt Ltd,27AAAAA8581A1Z0
G_007930,69957.00,2025-05-09,,Vendor 7930 Pvt Ltd,27AAAAA5254A1ZC
G_007931,5530.00,2025-03-18,INV/2025/40042,Vendor 7931 Pvt Ltd Inc,27AAAAA3748A1Z9
G_007932,1807.00,2025-12-16,INV/2025/63608,Vendor 7932 Pvt Ltd,27AAAAA5405A1ZJ
G_007933,10678.00,2025-10-05,INV/2025/86553,vendor 7933 pvt ltd,27AAAAA8926A1Z3
G_007934,7692.00,2025-04-11,INV/2025/53109,Vendor 34 Pvt Ltd,27AAAAA8019A1ZB
G_007935,96434.00,2025-07-22,INV/2025/82052,Vendor 7935 Pvt Ltd,27AAAAA3053A1ZJ
G_007936,83805.00,2025-07-20,INV/2025/55409,Vendor 7936 Pvt Ltd Inc,27AAAAA2352A1ZJ
G_007937,64156.00,2025-12-22,INV/2025/76122,Vendor 7937 Pvt Ltd,27AAAAA1478A1ZA
G_007938,55189.00,2025-07-07,,Vendor 7938 Pvt Ltd,27AAAAA6597A1ZW
G_007939,32601.00,2025-02-24,,Vendor 7939 Pvt Ltd,27AAAAA9908A1Z3
G_007940,1598.00,2025-11-30,INV/2025/1677,Vendor 7940 Pvt Ltd,27AAAAA4158A1ZB
G_007941,29093.00,2025-04-02,INV/2025/12872,Vendor 7941 Pvt Ltd,27AAAAA9599A1ZO
G_007942,7887.00,2025-09-10,INV/2025/39693,Vendor 7942 Pvt Ltd,27AAAAA1765A1ZC
G_007943,93337.00,2025-12-23,INV/2025/36100,Vendor 7943 Pvt Ltd,27AAAAA7185A1Z2
G_007944,3272.00,2025-06-01,INV/2025/20446,vendor 7944 pvt ltd,27AAAAA7189A1ZY
G_007945,64421.00,2025-03-13,INV/2025/28821,Vendor 7945 Pvt Ltd,27AAAAA7517A1ZA
G_007946,97025.00,2025-05-10,INV/2025/37801,Vendor 7946 Pvt Ltd,27AAAAA7258A1Z4
G_007947,51670.00,2025-02-01,INV/2025/57368,Vendor 7947 Pvt Ltd,27AAAAA1790A1ZB
G_007948,59492.00,2025-09-28,,Vendor 7948 Pvt Ltd,27AAAAA9051A1Z9
G_007949,16123.00,2025-10-06,INV/2025/16450,Vendor 7949 Pvt Ltd,27AAAAA5188A1Z3
G_007950,66131.00,2025-12-05,INV/2025/34713,Vendor 7950 Pvt Ltd,27AAAAA1416A1ZO
G_007951,94471.00,2025-01-24,INV/2025/96212,Vendor 7951 Pvt Ltd,27AAAAA9733A1Z4
G_007952,96418.00,2025-06-26,INV/2025/52210,Vendor 7952 Pvt Ltd,27AAAAA1998A1Z1
G_007953,97119.00,2025-06-19,INV/2025/71693,Vendor,27AAAAA8021A1ZH
G_007954,77768.00,2025-01-11,INV/2025/30527,Vendor 7954 Pvt Ltd,27AAAAA8555A1Z2
G_007955,83099.00,2025-10-29,INV/2025/99350,Vendor 7955 Pvt Ltd,27AAAAA6246A1ZA
G_007956,5634.00,2025-10-26,INV/2025/82001,Vendor 7956 Pvt Ltd,27AAAAA2361A1ZI
G_007957,69471.00,2025-05-25,INV/2025/71770,Vendor 7957 Pvt Ltd,27AAAAA8914A1Z7
G_007958,70622.00,2025-01-03,INV/2025/38881,Vendor 7958 Pvt Ltd,27AAAAA1704A1ZP
G_007959,27891.00,2025-01-13,INV/2025/35568,VENDOR 7959 PVT LTD,27AAAAA5334A1ZF
G_007960,4330.00,2025-01-02,INV/2025/4074,Vendor 7960 Pvt Ltd,27AAAAA8585A1ZW
G_007961,45911.00,2025-06-22,INV/2025/35326,Vendor 7961 Pvt Ltd,27AAAAA8677A1ZV
G_007962,38191.00,2025-12-31,,Vendor 7962 Pvt Ltd,27AAAAA8113A1ZG
G_007963,44860.00,2025-02-11,INV/2025/14644,Vendor 7963 Pvt Ltd,27AAAAA3285A1Z9
G_007964,7007.00,2025-04-09,INV/2025/46738,Vendor 7964 Private Limited,27AAAAA4314A1ZL
G_007965,50993.00,2025-04-26,INV/2025/90804,Vendor 7965 Pvt Ltd,27AAAAA3871A1Z9
G_007966,98231.00,2025-05-13,,Vendor 7966 Pvt Ltd,27AAAAA1867A1Z9
G_007967,140516.00,2025-12-20,INV/2025/68570,Vendor 7967 Pvt Ltd,27AAAAA1213A1ZT
G_007968,48247.00,2025-09-15,INV/2025/3712,Vendor 7968 Pvt Ltd,27AAAAA3724A1ZH
G_007969,7974.00,2025-07-23,INV/2025/42754,None,27AAAAA4795A1Z0
G_007970,16729.00,2025-02-17,INV/2025/14097,Vendor 7970 Pvt Ltd,27AAAAA8925A1Z4
G_007971,67802.00,2025-02-24,INV/2025/1103,Vendor 7971 Private Limited,27AAAAA7630A1ZC
G_007972,54569.00,2025-08-08,,Vendor 7972 Pvt Ltd,27AAAAA8436A1Z6
G_007973,20054.00,2025-08-03,INV/2025/64438,Vendor 7973 Pvt Ltd,27AAAAA6469A1Z1
G_007974,19254.00,2025-01-07,INV/2025/60244,Vendor 7974 Pvt Ltd,27AAAAA2876A1Z6
G_007975,84612.00,2025-08-10,INV/2025/36925,Vendor 7975 Pvt Ltd,27AAAAA9617A1Z5
G_007976,13318.00,2025-05-29,,Vendor 7976 Pvt Ltd,27AAAAA6032A1ZI
G_007977,56163.00,2025-10-09,INV/2025/75615,Vendor 7977 Pvt Ltd,27AAAAA6093A1Z5
G_007978,24444.00,2025-06-25,INV/2025/23596,Vendor 7978 Pvt Ltd,27AAAAA5781A1Z4
G_007979,70665.00,2025-10-26,INV/2025/75664,Vendor,27AAAAA7223A1ZF
G_007980,89296.00,2025-10-21,INV/2025/50011,Vendor 7980 Pvt Ltd,27AAAAA4622A1ZI
G_007981,4557.00,2025-04-25,INV/2025/96046,Vendor 7981 Pvt Ltd,27AAAAA7320A1ZH
G_007982,86160.00,2025-09-03,INV/2025/97940,Vendor 7982 Pvt Ltd,27AAAAA1278A1ZC
G_007983,93486.00,2025-11-27,INV/2025/9096,None,27AAAAA6782A1Z1
G_007984,46125.00,2025-11-26,INV/2025/13792,Vendor,27AAAAA2256A1ZG
G_007985,18559.00,2025-04-25,INV/2025/8596,Vendor,27AAAAA4645A1ZB
G_007986,44243.00,2025-10-30,INV/2025/55862,Vendor 7986 Pvt Ltd,27AAAAA3473A1ZB
G_007987,90106.00,2025-12-17,,Vendor 7987 Pvt Ltd,27AAAAA6645A1Z7
G_007988,38269.00,2025-02-16,INV/2025/52582,Vendor 7988 Pvt Ltd,27AAAAA9275A1ZZ
G_007989,114076.00,2025-04-05,INV/2025/72767,Vendor 7989 Pvt Ltd,27AAAAA1283A1ZF
G_007990,52214.00,2025-01-28,INV/2025/87722,Vendor 7990 Pvt Ltd,
G_007991,7700.00,2025-06-29,INV/2025/11990,Vendor 7991 PVT LTD,27AAAAA9767A1ZU
G_007992,36028.00,2025-10-18,INV/2025/27847,Vendor 7992 Pvt Ltd,27AAAAA4277A1Z7
G_007993,8126.00,2025-12-21,INV/2025/69459,Vendor 7993 Pvt Ltd,27AAAAA9641A1Z5
G_007994,37373.00,2025-09-07,INV/2025/20001,Vendor 7994 Pvt Ltd,27AAAAA5076A1Z8
G_007995,92352.00,2025-08-06,INV/2025/61786,Vendor 7995 Pvt Ltd,27AAAAA2541A1ZK
G_007996,64426.00,2025-05-29,INV/2025/32642,Vendor 7996 Pvt Ltd,27AAAAA9794A1ZR
G_007997,39607.00,2025-03-08,INV/2025/79997,Vendor 7997 PVT LTD,27AAAAA9188A1ZV
G_007998,95699.00,2025-06-04,INV/2025/69484,Vendor 7998 Pvt Ltd,27AAAAA4870A1Z8
G_007999,76606.00,2025-06-21,INV/2025/14663,Vendor 7999 Pvt Ltd,27AAAAA3822A1ZI
G_008000,73039.00,2025-06-09,INV/2025/46671,Vendor 8000 Pvt Ltd,27AAAAA1663A1ZF
G_008001,18431.00,2025-08-13,,Vendor 8001 Pvt Ltd,27AAAAA7187A1Z0
G_008002,44352.00,2025-09-24,INV/2025/13606,Vendor 8002 Pvt Ltd,27AAAAA4067A1ZB
G_008003,51657.00,2025-07-26,INV/2025/30221,Vendor 8003 Pvt Ltd,27AAAAA8617A1Z7
G_008004,81741.00,2025-08-15,INV/2025/98292,Vendor 8004 Pvt Ltd,27AAAAA2708A1ZJ
G_008005,55848.00,2025-06-24,INV/2025/94719,Vendor 8005 Pvt Ltd,27AAAAA8661A1Z3
G_008006,52651.00,2025-11-09,INV/2025/53574,Vendor 8006 Pvt Ltd Inc,27AAAAA5970A1Z5
G_008007,54130.00,2025-10-31,INV/2025/24328,Vendor 8007 Pvt Ltd,27AAAAA2881A1Z9
G_008008,13772.00,2025-05-07,INV/2025/49701,Vendor 8008 PVT LTD,27AAAAA8559A1ZY
G_008009,43052.00,2025-05-14,INV/2025/85200,Vendor 8009 Pvt Ltd,27AAAAA5867A1Z1
G_008010,1031.00,2025-11-17,INV/2025/4015,Vendor 8010 Pvt Ltd,27AAAAA6359A1Z4
G_008011,89615.00,2025-06-20,INV/2025/93959,Vendor 8011 Private Limited,27AAAAA5256A1ZA
G_008012,41047.00,2025-10-01,INV/2025/61244,Vendor 8012 Private Limited,27AAAAA7873A1ZZ
G_008013,15690.00,2025-04-02,INV/2025/60786,Vendor 8013 Pvt Ltd,27AAAAA5091A1Z9
G_008014,25856.00,2025-06-29,INV/2025/80514,Vendor 8014 Pvt Ltd,27AAAAA4848A1Z6
G_008015,33670.00,2025-07-05,INV/2025/17619,Vendor 8015 Pvt Ltd,27AAAAA3089A1Z7
G_008016,70453.00,2025-03-02,,Vendor 8016 Pvt Ltd,27AAAAA9865A1ZV
G_008017,32647.00,2025-06-08,INV/2025/15140,Vendor 8017 Pvt Ltd,27AAAAA6973A1Z0
G_008018,40916.00,2025-07-28,INV/2025/14976,Vendor 8018 Pvt Ltd,27AAAAA2789A1Z2
G_008019,38491.00,2025-12-11,,Vendor 8019 Pvt Ltd,27AAAAA2635A1ZH
G_008020,82590.00,2025-03-28,INV/2025/76625,vendor 8020 pvt ltd,27AAAAA2302A1ZT
G_008021,68228.00,2025-05-09,INV/2025/37927,vendor 8021 pvt ltd,27AAAAA6134A1ZF
G_008022,17751.00,2025-08-23,INV/2025/63236,Vendor 8022 Pvt Ltd,27AAAAA2622A1ZM
G_008023,91497.00,2025-02-23,INV/2025/43164,Vendor 8023 Pvt Ltd,27AAAAA9025A1ZB
G_008024,25611.00,2025-11-05,INV/2025/1589,Vendor 8024 Pvt Ltd,27AAAAA8387A1ZW
G_008025,74800.00,2025-05-10,,Vendor 8025 Pvt Ltd,27AAAAA8986A1ZR
G_008026,99281.00,2025-10-03,INV/2025/79001,Vendor 98 Pvt Ltd,27AAAAA4811A1ZJ
G_008027,34365.00,2025-02-19,INV/2025/80301,Vendor,27AAAAA7592A1ZZ
G_008028,4417.00,2025-03-21,INV/2025/92034,Vendor,27AAAAA5840A1ZC
G_008029,16713.00,2025-08-01,INV/2025/84880,Vendor 8029 Pvt Ltd,27AAAAA6274A1Z6
G_008030,68870.00,2025-01-08,INV/2025/23098,Vendor 8030 Pvt Ltd,27AAAAA3121A1ZQ
G_008031,55121.00,2025-04-02,INV/2025/55270,Vendor 8031 Pvt Ltd,27AAAAA6246A1ZA
G_008032,47948.00,2025-10-24,INV/2025/72270,Vendor 8032 Pvt Ltd,27AAAAA1133A1ZQ
G_008033,72413.00,2025-09-19,INV/2025/2770,Vendor 8033 Pvt Ltd,27AAAAA9612A1ZA
G_008034,43639.00,2025-04-10,INV/2025/60777,VENDOR 8034 PVT LTD,27AAAAA1007A1ZT
G_008035,96590.00,2025-09-03,INV/2025/83526,Vendor 8035 Pvt Ltd,27AAAAA9583A1ZW
G_008036,6799.00,2025-04-08,INV/2025/2321,Vendor 8036 Pvt Ltd,27AAAAA3532A1ZJ
G_008037,16588.00,2025-08-06,INV/2025/75855,Vendor 8037 Pvt Ltd,27AAAAA9886A1ZQ
G_008038,49705.00,2025-11-28,INV/2025/52326,Vendor 8038 Pvt Ltd,27AAAAA8657A1ZZ
G_008039,45765.00,2025-12-23,,Vendor 8039 Pvt Ltd,27AAAAA2132A1ZP
G_008040,58471.00,2025-01-02,,Vendor 8040 Pvt Ltd,27AAAAA1974A1Z9
G_008041,81318.00,2025-12-06,INV/2025/22844,Vendor 8041 Pvt Ltd,
G_008042,86896.00,2025-10-14,INV/2025/54595,Vendor 8042 Pvt Ltd,27AAAAA3534A1ZH
G_008043,40255.00,2025-10-26,INV/2025/22953,Vendor 8043 Pvt Ltd,27AAAAA4894A1Z0
G_008044,63975.00,2025-11-27,INV/2025/86853,Vendor 8044 Pvt Ltd,27AAAAA9857A1ZV
G_008045,14096.00,2025-11-09,INV/2025/19454,Vendor 8045 Pvt Ltd,27AAAAA2449A1ZD
G_008046,47710.00,2025-09-26,INV/2025/67080,Vendor 8046 Pvt Ltd,27AAAAA6889A1ZT
G_008047,67662.00,2025-11-29,INV/2025/29975,Vendor 8047 Pvt Ltd,27AAAAA3433A1ZJ
G_008048,79920.00,2025-02-19,INV/2025/57973,Vendor 8048 Pvt Ltd,27AAAAA9448A1Z0
G_008049,42197.00,2025-10-12,INV/2025/64995,Vendor 8049 Pvt Ltd,27AAAAA6736A1Z7
G_008050,77041.00,2025-07-29,INV/2025/12310,Vendor 8050 Pvt Ltd,27AAAAA3450A1ZI
G_008051,88771.00,2025-11-09,INV/2025/40014,Vendor 8051 Pvt Ltd,27AAAAA1935A1ZG
G_008052,82310.00,2025-12-04,INV/2025/21555,Vendor 8052 PVT LTD,27AAAAA6369A1Z2
G_008053,80727.00,2025-12-16,INV/2025/96760,Vendor 8053 Pvt Ltd Inc,27AAAAA9323A1ZA
G_008054,71063.00,2025-02-11,INV/2025/10310,VENDOR 8054 PVT LTD,27AAAAA5313A1ZK
G_008055,82194.00,2025-03-24,INV/2025/68282,Vendor 8055 Pvt Ltd,27AAAAA8753A1Z2
G_008056,70359.00,2025-09-05,INV/2025/36448,Vendor 8056 Private Limited,27AAAAA5929A1Z6
G_008057,55266.00,2025-04-05,,Vendor 8057 Pvt Ltd,27AAAAA3855A1Z9
G_008058,45528.00,2025-10-04,,Vendor 8058 Pvt Ltd,27AAAAA7518A1Z9
G_008059,2905.00,2025-01-29,INV/2025/74065,Vendor 8059 Private Limited,27AAAAA4037A1ZH
G_008060,10629.00,2025-10-19,INV/2025/66239,Vendor 8060 Pvt Ltd,27AAAAA1338A1ZJ
G_008061,58605.00,2025-06-14,INV/2025/90864,Vendor 8061 Pvt Ltd,27AAAAA6272A1Z8
G_008062,86752.00,2025-06-26,INV/2025/92422,Vendor 8062 Pvt Ltd,27AAAAA3111A1ZS
G_008063,92139.00,2025-12-19,INV/2025/72727,Vendor 8063 Pvt Ltd,27AAAAA1401A1ZV
G_008064,288.00,2025-02-23,INV/2025/45493,VENDOR 8064 PVT LTD,27AAAAA1217A1ZP
G_008065,49931.00,2025-03-20,INV/2025/36808,Vendor 8065 Pvt Ltd,27AAAAA4458A1Z8
G_008066,63472.00,2025-12-14,INV/2025/5872,Vendor 8066 Pvt Ltd,27AAAAA5676A1Z2
G_008067,15316.00,2025-10-20,INV/2025/91782,Vendor 8067 Pvt Ltd,27AAAAA6651A1Z9
G_008068,18316.00,2025-06-07,INV/2025/92017,Vendor 8068 Pvt Ltd,27AAAAA8347A1Z4
G_008069,62102.00,2025-12-19,,Vendor 8069 Pvt Ltd,27AAAAA6890A1Z0
G_008070,62910.00,2025-09-06,INV/2025/38859,Vendor 8070 Pvt Ltd,27AAAAA9727A1Z2
G_008071,90041.00,2025-09-30,INV/2025/28869,Vendor 8071 Pvt Ltd,27AAAAA1890A1ZA
G_008072,79165.00,2025-01-16,INV/2025/81998,Vendor 8072 Pvt Ltd,27AAAAA9791A1ZU
G_008073,4943.00,2025-12-20,INV/2025/55731,Vendor 8073 Pvt Ltd,27AAAAA1930A1ZL
G_008074,82354.00,2025-12-12,INV/2025/11551,None,27AAAAA6036A1ZE
G_008075,6071.00,2025-12-14,INV/2025/21182,Vendor 8075 Pvt Ltd,27AAAAA3205A1ZP
G_008076,45220.00,2025-08-22,INV/2025/33662,Vendor 8076 Pvt Ltd,27AAAAA8810A1ZC
G_008077,72879.00,2025-12-01,INV/2025/99422,Vendor 8077 Pvt Ltd,27AAAAA8089A1ZX
G_008078,49664.00,2025-06-26,INV/2025/59893,Vendor 8078 Pvt Ltd,27AAAAA8867A1ZV
G_008079,43597.00,2025-09-18,INV/2025/55214,Vendor,27AAAAA3273A1ZD
G_008080,3307.00,2025-08-07,INV/2025/51399,Vendor 8080 Pvt Ltd,27AAAAA6899A1ZR
G_008081,68931.00,2025-03-27,INV/2025/87224,Vendor 8081 Pvt Ltd,27AAAAA8814A1Z8
G_008082,62093.00,2025-02-27,INV/2025/30381,Vendor 8082 Pvt Ltd,27AAAAA9358A1ZZ
G_008083,46283.00,2025-05-14,INV/2025/54111,Vendor 8083 Pvt Ltd Inc,27AAAAA6626A1ZA
G_008084,37549.00,2025-08-16,INV/2025/82488,Vendor 8084 PVT LTD,27AAAAA4910A1ZJ
G_008085,37607.00,2025-05-28,INV/2025/60653,Vendor 8085 Pvt Ltd,27AAAAA9334A1Z7
G_008086,48842.00,2025-01-19,INV/2025/44114,Vendor,27AAAAA6101A1ZO
G_008087,63326.00,2025-01-21,INV/2025/57020,Vendor 8087 Pvt Ltd Inc,27AAAAA4208A1ZK
G_008088,68594.00,2025-02-23,INV/2025/78403,Vendor 8088 Pvt Ltd,27AAAAA2075A1ZF
G_008089,84633.00,2025-08-14,INV/2025/48706,Vendor 8089 Pvt Ltd Inc,27AAAAA9762A1ZZ
G_008090,21534.00,2025-04-02,INV/2025/76348,Vendor 8090 Private Limited,27AAAAA5577A1Z2
G_008091,84993.00,2025-03-19,INV/2025/38855,Vendor 8091 Pvt Ltd,27AAAAA5032A1ZK
G_008092,60657.00,2025-02-14,INV/2025/11614,None,27AAAAA8540A1Z9
G_008093,57966.00,2025-12-23,INV/2025/61395,Vendor 8093 Pvt Ltd,27AAAAA7183A1Z4
G_008094,6863.00,2025-05-16,INV/2025/72500,Vendor 8094 Private Limited,27AAAAA7209A1ZD
G_008095,43595.00,2025-11-06,INV/2025/21348,Vendor 8095 Pvt Ltd,27AAAAA9515A1Z8
G_008096,89813.00,2025-08-01,INV/2025/76162,Vendor 8096 Pvt Ltd,27AAAAA4659A1Z5
G_008097,83444.00,2025-06-06,INV/2025/63909,Vendor 8097 Pvt Ltd,27AAAAA4366A1Z9
G_008098,76423.00,2025-04-19,INV/2025/94759,Vendor 8098 Private Limited,27AAAAA9736A1Z1
G_008099,91930.00,2025-09-27,INV/2025/88202,Vendor 8099 Pvt Ltd,27AAAAA2485A1Z9
G_008100,95412.00,2025-06-11,INV/2025/69616,VENDOR 8100 PVT LTD,27AAAAA6031A1ZJ
G_008101,81143.00,2025-08-01,INV/2025/84162,Vendor 8101 Pvt Ltd,27AAAAA2331A1ZO
G_008102,148150.00,2025-01-19,INV/2025/84911,Vendor 8102 Pvt Ltd,27AAAAA8324A1ZB
G_008103,17685.00,2025-08-03,INV/2025/3600,Vendor 8103 Pvt Ltd,27AAAAA2061A1ZL
G_008104,39315.00,2025-02-01,,Vendor 8104 Pvt Ltd,27AAAAA9029A1Z7
G_008105,98731.00,2025-06-04,INV/2025/45041,VENDOR 8105 PVT LTD,27AAAAA9708A1Z5
G_008106,55603.00,2025-10-21,INV/2025/43073,Vendor 8106 Pvt Ltd,27AAAAA8238A1Z6
G_008107,84036.00,2025-03-29,INV/2025/55494,Vendor 8107 PVT LTD,27AAAAA2541A1ZK
G_008108,31789.00,2025-08-19,INV/2025/28486,Vendor 8108 Pvt Ltd,27AAAAA9493A1ZV
G_008109,45785.00,2025-10-25,INV/2025/41245,Vendor 8109 Pvt Ltd,27AAAAA4961A1Z8
G_008110,43063.00,2025-10-26,INV/2025/94952,Vendor 8110 Pvt Ltd,27AAAAA5287A1Z3
G_008111,90937.00,2025-09-22,,Vendor 8111 Pvt Ltd,27AAAAA7058A1Z6
G_008112,41945.00,2025-09-13,,Vendor 8112 Pvt Ltd,27AAAAA6693A1ZZ
G_008113,91779.00,2025-08-27,INV/2025/36388,Vendor 8113 Pvt Ltd,27AAAAA3935A1ZC
G_008114,78340.00,2025-03-06,INV/2025/68413,Vendor 8114 Pvt Ltd,27AAAAA9123A1ZC
G_008115,27039.00,2025-02-21,INV/2025/61905,Vendor 8115 Pvt Ltd,27AAAAA3520A1ZN
G_008116,17101.00,2025-09-26,INV/2025/98466,Vendor 8116 Pvt Ltd,27AAAAA1545A1ZI
G_008117,82848.00,2025-09-06,INV/2025/51838,Vendor 8117 Pvt Ltd,27AAAAA1047A1ZL
G_008118,27314.00,2025-05-24,INV/2025/90092,Vendor 8118 Pvt Ltd,27AAAAA4405A1ZL
G_008119,27370.00,2025-05-06,INV/2025/95969,Vendor 8119 Pvt Ltd,27AAAAA7149A1Z6
G_008120,83765.00,2025-04-02,INV/2025/78649,Vendor 8120 Pvt Ltd,
G_008121,43455.00,2025-03-19,INV/2025/13404,Vendor 8121 Pvt Ltd,27AAAAA3802A1ZM
G_008122,35356.00,2025-12-14,,Vendor 8122 Pvt Ltd,27AAAAA2444A1ZI
G_008123,12593.00,2025-09-01,INV/2025/18131,vendor 8123 pvt ltd,27AAAAA6750A1Z9
G_008124,96106.00,2025-01-23,INV/2025/35503,Vendor 8124 Pvt Ltd,27AAAAA9312A1ZD
G_008125,22313.00,2025-07-18,INV/2025/7722,None,27AAAAA6958A1ZZ
G_008126,43852.00,2025-05-28,INV/2025/86870,Vendor 8126 Pvt Ltd,27AAAAA5027A1ZH
G_008127,4757.00,2025-06-13,,Vendor 8127 Pvt Ltd,27AAAAA5202A1ZO
G_008128,6058.00,2025-07-27,,Vendor 8128 Pvt Ltd,27AAAAA4885A1Z1
G_008129,659.00,2025-05-17,INV/2025/48916,VENDOR 8129 PVT LTD,27AAAAA1278A1ZC
G_008130,83272.00,2025-03-26,INV/2025/26732,Vendor 8130 Pvt Ltd,27AAAAA6960A1Z5
G_008131,98667.00,2025-07-11,INV/2025/55896,vendor 8131 pvt ltd,27AAAAA1585A1ZA
G_008132,48070.00,2025-07-03,INV/2025/53670,Vendor 8132 Pvt Ltd,27AAAAA6479A1ZZ
G_008133,69019.00,2025-03-20,INV/2025/73947,Vendor 8133 Pvt Ltd,27AAAAA2037A1ZL
G_008134,39039.00,2025-09-29,INV/2025/52058,Vendor 8134 Private Limited,27AAAAA8188A1ZX
G_008135,94023.00,2025-07-04,INV/2025/65006,Vendor 8135 Pvt Ltd,27AAAAA6656A1Z4
G_008136,68863.00,2025-01-02,INV/2025/61404,vendor 8136 pvt ltd,27AAAAA4316A1ZJ
G_008137,82631.00,2025-07-18,INV/2025/1127,Vendor 8137 Pvt Ltd Inc,27AAAAA7652A1Z6
G_008138,59862.00,2025-07-09,INV/2025/4437,Vendor 8138 Pvt Ltd,27AAAAA5126A1ZH
G_008139,43766.00,2025-07-31,INV/2025/90051,Vendor 8139 Pvt Ltd,27AAAAA6295A1Z1
G_008140,84710.00,2025-07-23,INV/2025/43346,Vendor,27AAAAA1637A1ZH
G_008141,98237.00,2025-12-31,INV/2025/94398,Vendor 8141 Pvt Ltd,27AAAAA9140A1ZB
G_008142,23913.00,2025-01-22,INV/2025/34037,Vendor 8142 Pvt Ltd,27AAAAA5742A1ZB
G_008143,90565.00,2025-02-02,INV/2025/76255,Vendor 8143 Pvt Ltd,27AAAAA4917A1ZC
G_008144,73986.00,2025-08-29,INV/2025/14202,Vendor 8144 Pvt Ltd,27AAAAA8038A1Z8
G_008145,77660.00,2025-02-10,INV/2025/89035,Vendor 8145 Pvt Ltd,27AAAAA6568A1Z1
G_008146,6576.00,2025-03-20,INV/2025/72773,Vendor 8146 Pvt Ltd,27AAAAA3408A1ZK
G_008147,28450.00,2025-03-22,INV/2025/73584,Vendor 8147 Pvt Ltd,27AAAAA3366A1ZB
G_008148,70864.00,2025-01-02,INV/2025/94817,Vendor 8148 Pvt Ltd,27AAAAA2976A1Z5
G_008149,17974.00,2025-03-16,INV/2025/35242,Vendor 8149 Pvt Ltd,27AAAAA5881A1Z3
G_008150,19585.00,2025-04-29,INV/2025/91616,Vendor 8150 Pvt Ltd,27AAAAA1366A1ZF
G_008151,3669.00,2025-02-19,INV/2025/25992,Vendor 8151 Pvt Ltd,27AAAAA1247A1ZJ
G_008152,71478.00,2025-12-04,INV/2025/89090,Vendor 8152 Pvt Ltd,27AAAAA3806A1ZI
G_008153,8144.00,2025-11-25,INV/2025/77814,Vendor 8153 Pvt Ltd,
G_008154,44094.00,2025-04-28,INV/2025/22207,Vendor,27AAAAA4822A1ZG
G_008155,53950.00,2025-04-05,INV/2025/78120,Vendor 8155 Pvt Ltd,27AAAAA8941A1Z4
G_008156,36118.00,2025-07-28,INV/2025/97371,Vendor 8156 Pvt Ltd,27AAAAA9510A1ZD
G_008157,70532.00,2025-11-02,INV/2025/60546,Vendor 8157 Pvt Ltd,27AAAAA1917A1ZI
G_008158,49378.00,2025-02-05,INV/2025/37054,Vendor 8158 Pvt Ltd,27AAAAA4531A1ZI
G_008159,5309.00,2025-11-02,INV/2025/8045,Vendor 8159 Pvt Ltd,27AAAAA8617A1Z7
G_008160,49477.00,2025-01-29,INV/2025/17889,Vendor 8160 Pvt Ltd,27AAAAA4890A1Z4
G_008161,94644.00,2025-06-21,INV/2025/56452,Vendor 8161 Pvt Ltd,27AAAAA2998A1ZZ
G_008162,9125.00,2025-09-08,,Vendor 8162 Pvt Ltd,27AAAAA7904A1ZB
G_008163,24612.00,2025-10-28,INV/2025/20081,Vendor 8163 Pvt Ltd,27AAAAA8034A1ZC
G_008164,75097.00,2025-08-29,INV/2025/93758,Vendor 8164 Pvt Ltd,27AAAAA9932A1Z3
G_008165,95295.00,2025-04-04,INV/2025/91598,Vendor 8165 Pvt Ltd,27AAAAA9911A1Z8
G_008166,8492.00,2025-05-24,INV/2025/57646,Vendor 8166 Pvt Ltd,27AAAAA3559A1Z8
G_008167,21152.00,2025-09-29,INV/2025/30240,Vendor 8167 Pvt Ltd,27AAAAA4048A1ZE
G_008168,25901.00,2025-09-14,INV/2025/43654,Vendor 8168 Pvt Ltd,27AAAAA2355A1ZG
G_008169,78925.00,2025-01-15,INV/2025/51434,Vendor 8169 Pvt Ltd,27AAAAA6535A1ZA
G_008170,5653.00,2025-12-18,,Vendor 8170 Pvt Ltd,27AAAAA5772A1Z5
G_008171,40928.00,2025-06-23,INV/2025/22024,Vendor 8171 Pvt Ltd,27AAAAA3814A1ZI
G_008172,48554.00,2025-07-18,INV/2025/59035,VENDOR 8172 PVT LTD,27AAAAA5122A1ZL
G_008173,75503.00,2025-12-28,,Vendor 8173 Pvt Ltd,27AAAAA4612A1ZK
G_008174,4635.00,2025-05-24,,Vendor 8174 Pvt Ltd,27AAAAA6709A1ZA
G_008175,25870.00,2025-11-26,INV/2025/61172,Vendor 8175 Pvt Ltd,27AAAAA4099A1Z3
G_008176,44927.00,2025-10-11,,Vendor 8176 Pvt Ltd,27AAAAA4223A1ZL
G_008177,93905.00,2025-09-25,INV/2025/59560,VENDOR 8177 PVT LTD,27AAAAA4395A1Z4
G_008178,95961.00,2025-11-09,INV/2025/3835,Vendor 8178 Pvt Ltd,27AAAAA2305A1ZQ
G_008179,44700.00,2025-10-15,INV/2025/64205,Vendor 8179 Pvt Ltd,27AAAAA5390A1Z7
G_008180,91760.00,2025-04-05,INV/2025/46267,Vendor 8180 Pvt Ltd,27AAAAA4686A1Z2
G_008181,1936.00,2025-01-03,INV/2025/64183,Vendor 8181 Pvt Ltd,27AAAAA4130A1ZN
G_008182,73179.00,2025-08-12,INV/2025/80036,Vendor 8182 Pvt Ltd,
G_008183,37472.00,2025-08-27,INV/2025/95253,Vendor 8183 Pvt Ltd Inc,27AAAAA8477A1ZX
G_008184,70684.00,2025-10-08,INV/2025/33717,Vendor 8184 Pvt Ltd,27AAAAA2605A1ZN
G_008185,11036.00,2025-10-12,INV/2025/84627,Vendor 8185 Pvt Ltd,27AAAAA6948A1Z1
G_008186,60141.00,2025-12-05,INV/2025/1088,Vendor 8186 Pvt Ltd,27AAAAA3283A1ZB
G_008187,83349.00,2025-12-09,INV/2025/93640,Vendor 8187 Pvt Ltd,27AAAAA7045A1ZB
G_008188,97879.00,2025-12-08,,Vendor 8188 Pvt Ltd,27AAAAA2811A1ZN
G_008189,96944.00,2025-07-30,INV/2025/24322,Vendor 8189 Private Limited,27AAAAA6817A1Z9
G_008190,58518.00,2025-08-04,INV/2025/85522,None,27AAAAA7687A1ZV
G_008191,6568.00,2025-06-10,INV/2025/75504,Vendor 8191 Pvt Ltd,27AAAAA5346A1ZB
G_008192,26364.00,2025-08-06,INV/2025/35948,Vendor 8192 Pvt Ltd,27AAAAA5069A1Z7
G_008193,99679.00,2025-04-12,INV/2025/94735,Vendor 8193 Pvt Ltd,27AAAAA6323A1ZG
G_008194,95319.00,2025-04-26,,Vendor 8194 Pvt Ltd,27AAAAA5434A1ZE
G_008195,29021.00,2025-06-02,INV/2025/8688,None,27AAAAA5832A1ZC
G_008196,62812.00,2025-02-06,INV/2025/46249,Vendor 8196 Pvt Ltd,27AAAAA4403A1ZN
G_008197,25012.00,2025-03-03,INV/2025/6637,Vendor 8197 Pvt Ltd Inc,27AAAAA5366A1Z7
G_008198,70026.00,2025-05-07,,Vendor 8198 Pvt Ltd,27AAAAA7738A1Z3
G_008199,31658.00,2025-02-09,,Vendor 8199 Pvt Ltd,27AAAAA6982A1ZZ
G_008200,21521.00,2025-07-25,INV/2025/37128,Vendor 8200 Pvt Ltd Inc,27AAAAA6954A1Z3
G_008201,8192.00,2025-08-11,INV/2025/58451,vendor 8201 pvt ltd,27AAAAA8594A1ZV
G_008202,21507.00,2025-09-17,INV/2025/55208,None,27AAAAA5617A1ZD
G_008203,86482.00,2025-01-16,INV/2025/61319,vendor 8203 pvt ltd,27AAAAA8646A1Z2
G_008204,96197.00,2025-01-19,INV/2025/15304,Vendor 8204 Pvt Ltd,27AAAAA2133A1ZO
G_008205,68743.00,2025-01-05,INV/2025/49748,Vendor 8205 Pvt Ltd,27AAAAA5751A1ZA
G_008206,13834.00,2025-02-27,INV/2025/97847,Vendor 8206 Pvt Ltd Inc,27AAAAA3110A1ZT
G_008207,3444.00,2025-05-24,INV/2025/34577,None,27AAAAA1323A1ZQ
G_008208,57682.00,2025-03-28,INV/2025/92571,Vendor 8208 Pvt Ltd,27AAAAA2011A1ZV
G_008209,74813.00,2025-03-30,INV/2025/5032,Vendor 8209 Pvt Ltd,27AAAAA5807A1ZD
G_008210,93546.00,2025-08-01,INV/2025/38901,Vendor 8210 Pvt Ltd,27AAAAA1266A1ZG
G_008211,9718.00,2025-01-31,INV/2025/61086,Vendor 8211 Pvt Ltd,27AAAAA3131A1ZO
G_008212,9935.00,2025-01-15,INV/2025/46615,Vendor 8212 Pvt Ltd,27AAAAA4390A1Z9
G_008213,47866.00,2025-09-25,INV/2025/68313,Vendor 8213 Pvt Ltd,27AAAAA2444A1ZI
G_008214,54528.00,2025-01-08,INV/2025/57446,Vendor 8214 Pvt Ltd,27AAAAA7341A1ZC
G_008215,35132.00,2025-03-01,INV/2025/35718,Vendor 8215 Pvt Ltd Inc,27AAAAA2896A1Z2
G_008216,52940.00,2025-01-11,INV/2025/75292,Vendor 8216 Pvt Ltd,27AAAAA6441A1ZD
G_008217,60108.00,2025-08-31,INV/2025/7783,Vendor 8217 Private Limited,27AAAAA3155A1ZG
G_008218,70863.00,2025-07-18,INV/2025/16054,Vendor 8218 Pvt Ltd,27AAAAA4773A1Z6
G_008219,10490.00,2025-12-30,INV/2025/57941,Vendor 8219 Pvt Ltd,27AAAAA2924A1ZH
G_008220,33661.00,2025-04-17,INV/2025/99488,Vendor 8220 Pvt Ltd,27AAAAA2576A1Z9
G_008221,4787.00,2025-07-21,INV/2025/14767,Vendor,27AAAAA2832A1ZI
G_008222,82911.00,2025-05-11,,Vendor 8222 Pvt Ltd,27AAAAA1170A1ZL
G_008223,45681.00,2025-04-21,INV/2025/16923,Vendor 8223 Pvt Ltd,27AAAAA4277A1Z7
G_008224,24596.00,2025-03-16,INV/2025/1903,Vendor 8224 Pvt Ltd,27AAAAA2218A1ZM
G_008225,71631.00,2025-11-28,INV/2025/41131,Vendor 8225 Pvt Ltd,27AAAAA1521A1ZQ
G_008226,39505.00,2025-01-11,INV/2025/72931,vendor 8226 pvt ltd,27AAAAA3896A1Z0
G_008227,88475.00,2025-10-31,INV/2025/17820,Vendor 8227 Pvt Ltd,27AAAAA8020A1ZI
G_008228,53513.00,2025-01-20,INV/2025/13993,VENDOR 8228 PVT LTD,27AAAAA4846A1Z8
G_008229,9848.00,2025-10-30,,Vendor 8229 Pvt Ltd,27AAAAA4892A1Z2
G_008230,7822.00,2025-01-14,INV/2025/78998,VENDOR 8230 PVT LTD,27AAAAA5405A1ZJ
G_008231,92806.00,2025-02-26,INV/2025/77969,Vendor 8231 Pvt Ltd,27AAAAA8400A1ZI
G_008232,67778.00,2025-09-24,,Vendor 8232 Pvt Ltd,27AAAAA4026A1ZK
G_008233,44065.00,2025-12-30,,Vendor 8233 Pvt Ltd,27AAAAA2259A1ZD
G_008234,46754.00,2025-05-16,INV/2025/84351,Vendor 8234 Pvt Ltd,27AAAAA3457A1ZB
G_008235,19583.00,2025-07-27,INV/2025/56885,Vendor 8235 Pvt Ltd,27AAAAA1720A1ZP
G_008236,69901.00,2025-12-30,INV/2025/57818,None,27AAAAA4978A1ZZ
G_008237,36598.00,2025-10-08,,Vendor 8237 Pvt Ltd,27AAAAA8165A1Z4
G_008238,45042.00,2025-10-17,INV/2025/84957,Vendor 8238 Pvt Ltd,27AAAAA2148A1ZH
G_008239,24875.00,2025-01-10,INV/2025/97459,Vendor 8239 Pvt Ltd,27AAAAA5441A1ZF
G_008240,30715.00,2025-12-06,INV/2025/51516,Vendor 8240 Pvt Ltd,27AAAAA9464A1Z0
G_008241,64740.00,2025-01-02,INV/2025/67935,Vendor 8241 PVT LTD,27AAAAA1189A1ZA
G_008242,66070.00,2025-11-09,INV/2025/30240,Vendor 8242 Private Limited,27AAAAA1881A1ZB
G_008243,25134.00,2025-02-19,INV/2025/47591,Vendor 8243 Pvt Ltd,27AAAAA4587A1Z2
G_008244,88158.00,2025-05-08,INV/2025/57658,Vendor 8244 Pvt Ltd,27AAAAA3953A1ZA
G_008245,84370.00,2025-03-25,INV/2025/3117,Vendor 8245 Pvt Ltd,27AAAAA7346A1Z7
G_008246,77384.00,2025-06-16,INV/2025/97141,Vendor 8246 Pvt Ltd,27AAAAA3474A1ZA
G_008247,7695.00,2025-12-16,,Vendor 8247 Pvt Ltd,27AAAAA7572A1Z3
G_008248,14564.00,2025-02-14,INV/2025/3608,Vendor 8248 Private Limited,27AAAAA7934A1Z5
G_008249,97392.00,2025-10-18,INV/2025/24662,vendor 8249 pvt ltd,27AAAAA1441A1ZN
G_008250,51360.00,2025-09-05,INV/2025/29357,Vendor 8250 Pvt Ltd,27AAAAA8823A1Z7
G_008251,27203.00,2025-04-22,INV/2025/77443,Vendor 8251 Pvt Ltd Inc,27AAAAA4744A1ZB
G_008252,92139.00,2025-07-27,,Vendor 8252 Pvt Ltd,27AAAAA7406A1ZE
G_008253,46528.00,2025-01-11,INV/2025/69960,vendor 8253 pvt ltd,27AAAAA6576A1Z1
G_008254,89068.00,2025-11-08,INV/2025/7991,Vendor 8254 Private Limited,27AAAAA1797A1Z4
G_008255,94756.00,2025-01-25,INV/2025/91681,Vendor 8255 Pvt Ltd,27AAAAA4060A1ZI
G_008256,48697.00,2025-08-09,INV/2025/39665,Vendor 8256 Pvt Ltd,27AAAAA6758A1Z1
G_008257,8951.00,2025-03-06,INV/2025/35242,Vendor 8257 Pvt Ltd,27AAAAA5717A1ZC
G_008258,48832.00,2025-01-07,INV/2025/92641,Vendor 8258 Pvt Ltd,27AAAAA1789A1Z4
G_008259,57800.00,2025-07-24,INV/2025/13086,None,27AAAAA1693A1Z9
G_008260,97352.00,2025-06-08,,Vendor 8260 Pvt Ltd,27AAAAA2795A1Z4
G_008261,68503.00,2025-05-15,INV/2025/80942,Vendor 8261 Pvt Ltd,27AAAAA9082A1Z2
G_008262,59071.00,2025-08-15,INV/2025/37579,vendor 8262 pvt ltd,27AAAAA2534A1ZJ
G_008263,62783.00,2025-08-11,INV/2025/58525,Vendor 8263 Pvt Ltd,27AAAAA2948A1Z9
G_008264,36679.00,2025-04-07,INV/2025/65711,Vendor 8264 Pvt Ltd,27AAAAA1665A1ZD
G_008265,43668.00,2025-08-17,INV/2025/47453,vendor 8265 pvt ltd,27AAAAA2723A1ZK
G_008266,81469.00,2025-06-14,INV/2025/7873,Vendor 8266 Pvt Ltd,27AAAAA3905A1ZI
G_008267,26030.00,2025-10-26,INV/2025/8718,Vendor 8267 Pvt Ltd,27AAAAA1586A1Z9
G_008268,58047.00,2025-07-04,INV/2025/52856,Vendor 8268 Pvt Ltd,27AAAAA8034A1ZC
G_008269,42697.00,2025-02-08,INV/2025/42350,Vendor 8269 Pvt Ltd,27AAAAA4332A1ZJ
G_008270,37384.00,2025-04-14,,Vendor 8270 Pvt Ltd,27AAAAA9090A1Z2
G_008271,13817.00,2025-03-29,INV/2025/8434,Vendor 8271 Pvt Ltd,27AAAAA9488A1ZS
G_008272,27295.00,2025-09-10,INV/2025/71749,Vendor 8272 Pvt Ltd,27AAAAA1422A1ZQ
G_008273,83201.00,2025-03-15,INV/2025/1723,None,27AAAAA5889A1ZV
G_008274,53186.00,2025-01-05,INV/2025/79286,Vendor 8274 Private Limited,27AAAAA2586A1Z7
G_008275,64202.00,2025-12-27,INV/2025/69190,None,27AAAAA6693A1ZZ
G_008276,52343.00,2025-02-13,INV/2025/74728,Vendor 8276 Pvt Ltd,27AAAAA7562A1Z5
G_008277,41050.00,2025-05-17,INV/2025/79541,Vendor 8277 Pvt Ltd,27AAAAA5271A1ZB
G_008278,97729.00,2025-12-10,,Vendor 8278 Pvt Ltd,27AAAAA5733A1ZC
G_008279,57007.00,2025-11-28,INV/2025/19521,Vendor 8279 Pvt Ltd,27AAAAA2227A1ZL
G_008280,90515.00,2025-08-16,INV/2025/18332,Vendor 8280 Pvt Ltd,27AAAAA8638A1Z2
G_008281,85059.00,2025-01-20,INV/2025/23200,Vendor 8281 Pvt Ltd,27AAAAA5400A1ZO
G_008282,85256.00,2025-06-04,INV/2025/55036,Vendor 8282 Pvt Ltd,27AAAAA9572A1ZZ
G_008283,12030.00,2025-12-29,INV/2025/70520,Vendor,27AAAAA3328A1ZH
G_008284,32890.00,2025-11-16,,Vendor 8284 Pvt Ltd,27AAAAA7565A1Z2
G_008285,36069.00,2025-06-30,,Vendor 8285 Pvt Ltd,27AAAAA8369A1ZY
G_008286,5690.00,2025-04-01,INV/2025/31576,VENDOR 8286 PVT LTD,27AAAAA9720A1Z9
G_008287,83854.00,2025-06-05,INV/2025/40801,Vendor 8287 Pvt Ltd,27AAAAA2380A1ZF
G_008288,87869.00,2025-12-13,,Vendor 8288 Pvt Ltd,27AAAAA4679A1Z1
G_008289,81427.00,2025-02-01,INV/2025/68120,Vendor 8289 Pvt Ltd,27AAAAA1606A1ZO
G_008290,79116.00,2025-06-06,INV/2025/59037,Vendor 8290 Pvt Ltd,27AAAAA8665A1ZZ
G_008291,93859.00,2025-04-22,INV/2025/86711,Vendor 8291 Pvt Ltd,27AAAAA9661A1Z1
G_008292,1807.00,2025-03-23,,Vendor 8292 Pvt Ltd,27AAAAA1262A1ZK
G_008293,70514.00,2025-06-25,INV/2025/21587,Vendor 8293 Pvt Ltd,27AAAAA2284A1ZC
G_008294,14696.00,2025-08-07,INV/2025/65479,Vendor 8294 Pvt Ltd,27AAAAA3615A1ZJ
G_008295,79861.00,2025-07-29,INV/2025/6796,Vendor 267 Pvt Ltd,27AAAAA8612A1ZC
G_008296,41694.00,2025-09-16,INV/2025/82485,Vendor 8296 Pvt Ltd,27AAAAA7999A1ZO
G_008297,17065.00,2025-07-09,INV/2025/56252,Vendor 8297 Pvt Ltd,27AAAAA6086A1Z4
G_008298,146158.00,2025-06-18,INV/2025/33839,Vendor 8298 Pvt Ltd,27AAAAA4580A1Z9
G_008299,94720.00,2025-05-31,INV/2025/83051,Vendor 8299 Pvt Ltd,27AAAAA5924A1ZB
G_008300,25481.00,2025-09-27,INV/2025/27016,Vendor 8300 Pvt Ltd,27AAAAA7543A1Z8
G_008301,79093.00,2025-01-12,INV/2025/69573,Vendor 8301 Pvt Ltd,27AAAAA7390A1Z3
G_008302,51388.00,2025-01-23,INV/2025/19015,Vendor,27AAAAA9700A1ZD
G_008303,24127.00,2025-12-18,INV/2025/73862,Vendor 8303 Pvt Ltd,27AAAAA4688A1Z0
G_008304,3004.00,2025-09-03,INV/2025/3182,Vendor 8304 Pvt Ltd,27AAAAA4299A1Z1
G_008305,162196.00,2025-01-22,INV/2025/39205,Vendor 8305 Pvt Ltd,27AAAAA2710A1ZP
G_008306,10022.00,2025-07-03,INV/2025/9141,None,27AAAAA1374A1ZF
G_008307,31393.00,2025-05-22,INV/2025/42776,Vendor 8307 Pvt Ltd,27AAAAA4701A1ZM
G_008308,79123.00,2025-11-27,INV/2025/98500,Vendor 8308 Pvt Ltd,27AAAAA3440A1ZK
G_008309,133356.00,2025-04-17,INV/2025/27122,Vendor 8309 Pvt Ltd,27AAAAA2424A1ZM
G_008310,98766.00,2025-12-29,INV/2025/41313,Vendor 8310 Pvt Ltd,27AAAAA9051A1Z9
G_008311,40537.00,2025-04-24,INV/2025/69991,Vendor 8311 Pvt Ltd,27AAAAA4276A1Z8
G_008312,85344.00,2025-12-31,INV/2025/8274,Vendor 8312 Pvt Ltd,27AAAAA1975A1Z8
G_008313,43739.00,2025-06-21,INV/2025/1076,Vendor 8313 Pvt Ltd,27AAAAA8314A1ZD
G_008314,63560.00,2025-11-23,,Vendor 8314 Pvt Ltd,27AAAAA6221A1ZJ
G_008315,85599.00,2025-04-23,,Vendor 8315 Pvt Ltd,27AAAAA1977A1Z6
G_008316,9007.00,2025-05-18,,Vendor 8316 Pvt Ltd,27AAAAA7374A1Z3
G_008317,46800.00,2025-02-17,INV/2025/57957,Vendor 8317 Pvt Ltd,27AAAAA2385A1ZA
G_008318,93001.00,2025-02-02,INV/2025/85051,Vendor 8318 Pvt Ltd,27AAAAA7811A1ZD
G_008319,91778.00,2025-05-16,INV/2025/86535,Vendor 8319 Pvt Ltd,27AAAAA3560A1ZF
G_008320,9955.00,2025-08-16,INV/2025/70139,Vendor 8320 Pvt Ltd,27AAAAA6603A1ZH
G_008321,97693.00,2025-09-11,INV/2025/63137,Vendor 8321 Pvt Ltd,27AAAAA6925A1Z8
G_008322,34235.00,2025-07-20,INV/2025/4864,Vendor 8322 Pvt Ltd,27AAAAA2119A1ZM
G_008323,78148.00,2025-07-13,INV/2025/41183,Vendor 8323 Pvt Ltd,27AAAAA2408A1ZM
G_008324,95574.00,2025-10-29,INV/2025/21327,Vendor 8324 Pvt Ltd,27AAAAA2006A1ZS
G_008325,88817.00,2025-06-18,INV/2025/79710,Vendor,27AAAAA4313A1ZM
G_008326,68294.00,2025-05-08,INV/2025/83034,Vendor 8326 Pvt Ltd,
G_008327,43155.00,2025-05-14,INV/2025/1019,Vendor 8327 Pvt Ltd,27AAAAA7265A1Z5
G_008328,99964.00,2025-03-04,INV/2025/38109,Vendor 8328 Pvt Ltd,27AAAAA8718A1Z5
G_008329,71646.00,2025-12-04,INV/2025/1853,Vendor 8329 Pvt Ltd,27AAAAA8400A1ZI
G_008330,46771.00,2025-11-27,,Vendor 8330 Pvt Ltd,27AAAAA7850A1Z6
G_008331,87607.00,2025-07-12,INV/2025/63741,Vendor 8331 Pvt Ltd,27AAAAA4649A1Z7
G_008332,99930.00,2025-05-09,INV/2025/45702,Vendor 8332 Pvt Ltd Inc,27AAAAA7059A1Z5
G_008333,153330.00,2025-11-21,INV/2025/67868,Vendor 8333 Pvt Ltd,27AAAAA5996A1ZV
G_008334,47449.00,2025-11-14,INV/2025/47927,Vendor 8334 Pvt Ltd,27AAAAA8355A1Z4
G_008335,82463.00,2025-03-28,INV/2025/24750,None,27AAAAA5888A1ZW
G_008336,4507.00,2025-06-19,,Vendor 8336 Pvt Ltd,27AAAAA8176A1Z1
G_008337,47030.00,2025-09-16,INV/2025/93891,VENDOR 8337 PVT LTD,27AAAAA7516A1ZB
G_008338,9021.00,2025-10-15,INV/2025/96493,Vendor,27AAAAA1183A1ZG
G_008339,58594.00,2025-02-01,,Vendor 8339 Pvt Ltd,27AAAAA3693A1Z5
G_008340,94824.00,2025-03-17,INV/2025/69087,Vendor 8340 Pvt Ltd,27AAAAA6425A1ZD
G_008341,90488.00,2025-09-23,INV/2025/31584,Vendor 8341 Pvt Ltd,27AAAAA6786A1ZX
G_008342,29553.00,2025-01-13,INV/2025/18229,Vendor 8342 Pvt Ltd,
G_008343,72073.00,2025-06-12,INV/2025/41728,Vendor 8343 Pvt Ltd,27AAAAA4933A1ZC
G_008344,8054.00,2025-03-21,,Vendor 8344 Pvt Ltd,27AAAAA5592A1Z3
G_008345,1071.00,2025-06-04,INV/2025/92603,Vendor 8345 Pvt Ltd,27AAAAA9775A1ZU
G_008346,70782.00,2025-12-31,INV/2025/60163,Vendor 8346 Pvt Ltd,27AAAAA1766A1ZB
G_008347,86236.00,2025-03-31,INV/2025/64915,Vendor 8347 Pvt Ltd,27AAAAA5176A1Z7
G_008348,13679.00,2025-02-27,INV/2025/47000,Vendor 8348 Pvt Ltd,27AAAAA8624A1Z8
G_008349,70487.00,2025-02-13,,Vendor 8349 Pvt Ltd,27AAAAA8871A1ZZ
G_008350,20659.00,2025-02-03,INV/2025/98065,Vendor 8350 Pvt Ltd,27AAAAA7613A1ZD
G_008351,11346.00,2025-05-01,INV/2025/98262,Vendor,27AAAAA8761A1Z2
G_008352,2728.00,2025-12-24,,Vendor 8352 Pvt Ltd,27AAAAA5780A1Z5
G_008353,52240.00,2025-08-06,,Vendor 8353 Pvt Ltd,27AAAAA2922A1ZJ
G_008354,22331.00,2025-06-09,INV/2025/98875,Vendor,27AAAAA7950A1Z5
G_008355,68615.00,2025-10-23,INV/2025/85285,Vendor 8355 Pvt Ltd,27AAAAA9938A1ZX
G_008356,96641.00,2025-02-08,INV/2025/66825,Vendor 8356 Pvt Ltd,27AAAAA3822A1ZI
G_008357,16609.00,2025-05-12,INV/2025/65754,Vendor 8357 Pvt Ltd,27AAAAA3971A1Z8
G_008358,57766.00,2025-01-22,INV/2025/91039,Vendor 8358 Pvt Ltd,27AAAAA7940A1Z7
G_008359,12158.00,2025-11-23,INV/2025/36084,VENDOR 8359 PVT LTD,27AAAAA8260A1Z8
G_008360,43875.00,2025-08-22,INV/2025/71356,Vendor 8360 Pvt Ltd,27AAAAA3309A1ZK
G_008361,19935.00,2025-11-02,INV/2025/66897,Vendor 8361 Pvt Ltd,27AAAAA6168A1Z5
G_008362,38415.00,2025-02-05,INV/2025/30190,Vendor 8362 Pvt Ltd,27AAAAA4098A1Z4
G_008363,37580.00,2025-09-02,,Vendor 8363 Pvt Ltd,27AAAAA3106A1ZP
G_008364,67981.00,2025-04-06,,Vendor 8364 Pvt Ltd,27AAAAA6155A1ZA
G_008365,22284.00,2025-08-16,INV/2025/13068,Vendor 8365 Pvt Ltd,27AAAAA6459A1Z3
G_008366,57088.00,2025-08-22,INV/2025/62886,vendor 8366 pvt ltd,27AAAAA1426A1ZM
G_008367,27563.00,2025-02-19,,Vendor 8367 Pvt Ltd,27AAAAA2916A1ZH
G_008368,72653.00,2025-04-11,INV/2025/26318,Vendor 8368 Pvt Ltd,27AAAAA4994A1ZZ
G_008369,42356.00,2025-01-05,,Vendor 8369 Pvt Ltd,27AAAAA6714A1ZD
G_008370,96145.00,2025-02-15,INV/2025/5333,Vendor 8370 Pvt Ltd,27AAAAA3864A1Z8
G_008371,91602.00,2025-07-26,INV/2025/60133,Vendor 8371 Pvt Ltd,27AAAAA5913A1ZE
G_008372,38403.00,2025-10-24,INV/2025/78170,Vendor 8372 Pvt Ltd Inc,27AAAAA2130A1ZR
G_008373,61864.00,2025-01-22,INV/2025/31470,Vendor 8373 Pvt Ltd,27AAAAA8356A1Z3
G_008374,47335.00,2025-08-08,INV/2025/70842,Vendor 8374 PVT LTD,27AAAAA1030A1ZU
G_008375,24559.00,2025-01-22,,Vendor 8375 Pvt Ltd,27AAAAA4214A1ZM
G_008376,43321.00,2025-06-06,INV/2025/49614,Vendor 8376 Pvt Ltd,27AAAAA4545A1ZC
G_008377,52011.00,2025-08-30,INV/2025/81750,vendor 8377 pvt ltd,27AAAAA4161A1ZG
G_008378,57371.00,2025-09-14,INV/2025/57830,Vendor 8378 Pvt Ltd,27AAAAA4775A1Z4
G_008379,87794.00,2025-06-09,INV/2025/95287,Vendor 8379 Pvt Ltd,27AAAAA5920A1ZF
G_008380,4079.00,2025-12-05,,Vendor 8380 Pvt Ltd,27AAAAA2918A1ZF
G_008381,54168.00,2025-08-18,INV/2025/26281,vendor 8381 pvt ltd,27AAAAA3167A1ZC
G_008382,36112.00,2025-03-13,INV/2025/77095,Vendor 8382 Pvt Ltd,27AAAAA1377A1ZC
G_008383,99235.00,2025-02-09,INV/2025/12741,Vendor 8383 PVT LTD,27AAAAA3296A1Z6
G_008384,27949.00,2025-11-25,INV/2025/83666,Vendor 8384 Pvt Ltd,27AAAAA5303A1ZM
G_008385,71074.00,2025-03-28,INV/2025/8832,vendor 8385 pvt ltd,27AAAAA8918A1Z3
G_008386,17714.00,2025-03-02,INV/2025/13373,Vendor 8386 Pvt Ltd,27AAAAA8866A1ZW
G_008387,19895.00,2025-10-31,INV/2025/81634,VENDOR 8387 PVT LTD,27AAAAA9382A1ZZ
G_008388,27686.00,2025-07-08,INV/2025/1338,Vendor 8388 Pvt Ltd,27AAAAA1670A1ZG
G_008389,81584.00,2025-06-28,INV/2025/40068,Vendor 8389 Pvt Ltd,27AAAAA7021A1ZJ
G_008390,73344.00,2025-02-01,INV/2025/95779,Vendor,27AAAAA8120A1ZH
G_008391,5096.00,2025-06-08,,Vendor 8391 Pvt Ltd,27AAAAA4890A1Z4
G_008392,89511.00,2025-12-23,,Vendor 8392 Pvt Ltd,27AAAAA6353A1ZA
G_008393,91947.00,2025-04-13,INV/2025/16532,Vendor 8393 Pvt Ltd,
G_008394,54663.00,2025-01-01,INV/2025/47887,Vendor 8394 Pvt Ltd,27AAAAA4936A1Z9
G_008395,96486.00,2025-02-25,,Vendor 8395 Pvt Ltd,27AAAAA2677A1Z7
G_008396,81292.00,2025-11-20,INV/2025/97880,VENDOR 8396 PVT LTD,27AAAAA6445A1Z9
G_008397,99528.00,2025-12-16,INV/2025/63125,Vendor 8397 Private Limited,27AAAAA2343A1ZK
G_008398,79040.00,2025-02-04,INV/2025/31794,Vendor 8398 Pvt Ltd,27AAAAA1773A1ZC
G_008399,41649.00,2025-12-25,INV/2025/75577,Vendor 8399 Pvt Ltd,27AAAAA7820A1ZC
G_008400,75328.00,2025-06-04,INV/2025/72045,None,27AAAAA7039A1Z9
G_008401,9868.00,2025-08-04,INV/2025/69136,Vendor 8401 Pvt Ltd,27AAAAA1447A1ZH
G_008402,86821.00,2025-04-21,INV/2025/98241,Vendor 8402 Pvt Ltd,27AAAAA6575A1Z2
G_008403,27652.00,2025-11-08,INV/2025/40240,Vendor 8403 Pvt Ltd,27AAAAA5783A1Z2
G_008404,85981.00,2025-05-17,INV/2025/80660,Vendor 8404 Pvt Ltd,27AAAAA4204A1ZO
G_008405,76566.00,2025-07-31,,Vendor 8405 Pvt Ltd,27AAAAA1048A1ZK
G_008406,26505.00,2025-11-19,INV/2025/4797,Vendor 8406 Pvt Ltd,27AAAAA6484A1Z2
G_008407,56729.00,2025-03-30,INV/2025/41404,VENDOR 8407 PVT LTD,27AAAAA6634A1ZA
G_008408,2385.00,2025-06-03,INV/2025/79110,Vendor 8408 Pvt Ltd,27AAAAA9839A1ZX
G_008409,72368.00,2025-12-25,INV/2025/44314,Vendor 8409 Pvt Ltd,27AAAAA5526A1ZD
G_008410,89643.00,2025-07-27,INV/2025/75733,Vendor 8410 Pvt Ltd,27AAAAA2593A1Z8
G_008411,83805.00,2025-08-19,,Vendor 8411 Pvt Ltd,27AAAAA6455A1Z7
G_008412,84011.00,2025-10-17,INV/2025/27850,Vendor 8412 Pvt Ltd,27AAAAA2319A1ZK
G_008413,30830.00,2025-09-20,INV/2025/85403,Vendor 8413 Pvt Ltd,27AAAAA1024A1ZS
G_008414,65323.00,2025-08-14,INV/2025/91075,Vendor 8414 Pvt Ltd,27AAAAA7559A1Z0
G_008415,20438.00,2025-02-07,,Vendor 8415 Pvt Ltd,27AAAAA6902A1ZF
G_008416,49741.00,2025-09-29,INV/2025/94866,Vendor 8416 Pvt Ltd,27AAAAA9262A1Z4
G_008417,79543.00,2025-05-14,INV/2025/19927,Vendor 8417 Private Limited,27AAAAA4098A1Z4
G_008418,88822.00,2025-12-05,INV/2025/70610,Vendor 8418 PVT LTD,27AAAAA9434A1Z6
G_008419,83255.00,2025-06-16,INV/2025/64447,Vendor 8419 PVT LTD,27AAAAA9844A1Z0
G_008420,6009.00,2025-04-09,INV/2025/63686,Vendor 8420 Pvt Ltd,27AAAAA9918A1Z1
G_008421,98603.00,2025-02-12,INV/2025/21107,Vendor 8421 Pvt Ltd,27AAAAA4377A1Z6
G_008422,74400.00,2025-11-25,INV/2025/91148,Vendor 8422 Pvt Ltd,27AAAAA7709A1Z8
G_008423,59988.00,2025-05-10,INV/2025/69223,Vendor 8423 Pvt Ltd,27AAAAA2008A1ZQ
G_008424,33699.00,2025-01-12,INV/2025/95739,vendor 8424 pvt ltd,27AAAAA4094A1Z8
G_008425,3936.00,2025-06-13,INV/2025/8509,Vendor 8425 Pvt Ltd,27AAAAA5485A1Z3
G_008426,9925.00,2025-09-11,INV/2025/5388,Vendor 8426 Pvt Ltd,27AAAAA7328A1Z9
G_008427,46999.00,2025-06-05,INV/2025/96440,vendor 8427 pvt ltd,27AAAAA9432A1Z8
G_008428,89493.00,2025-04-09,INV/2025/88220,Vendor 8428 Pvt Ltd,27AAAAA3214A1ZO
G_008429,95144.00,2025-10-26,INV/2025/38279,Vendor 8429 PVT LTD,27AAAAA1137A1ZM
G_008430,91813.00,2025-10-20,INV/2025/51487,Vendor 8430 Pvt Ltd,27AAAAA5079A1Z5
G_008431,10365.00,2025-05-20,INV/2025/36249,Vendor 8431 Pvt Ltd,27AAAAA8067A1Z3
G_008432,58485.00,2025-02-01,,Vendor 8432 Pvt Ltd,27AAAAA9881A1ZV
G_008433,86783.00,2025-03-08,INV/2025/16880,Vendor 8433 Pvt Ltd,27AAAAA4125A1ZK
G_008434,65144.00,2025-08-09,INV/2025/15364,Vendor 8434 Pvt Ltd,27AAAAA2767A1Z8
G_008435,67616.00,2025-04-30,INV/2025/21650,Vendor 8435 Pvt Ltd,27AAAAA6044A1ZE
G_008436,98332.00,2025-06-25,,Vendor 8436 Pvt Ltd,27AAAAA7655A1Z3
G_008437,17364.00,2025-03-05,INV/2025/51857,Vendor 8437 Pvt Ltd,27AAAAA5891A1Z1
G_008438,341.00,2025-02-09,INV/2025/9425,Vendor 8438 Pvt Ltd,27AAAAA1988A1Z3
G_008439,16164.00,2025-08-03,INV/2025/60605,Vendor,27AAAAA1375A1ZE
G_008440,82104.00,2025-07-19,INV/2025/86267,Vendor 8440 Pvt Ltd,27AAAAA7040A1ZG
G_008441,71973.00,2025-11-28,INV/2025/26186,Vendor 8441 Pvt Ltd,27AAAAA4627A1ZD
G_008442,31668.00,2025-06-07,INV/2025/37903,Vendor 8442 Pvt Ltd,27AAAAA5807A1ZD
G_008443,3065.00,2025-09-07,INV/2025/35581,vendor 8443 pvt ltd,27AAAAA9278A1ZW
G_008444,67266.00,2025-12-12,INV/2025/96733,vendor 8444 pvt ltd,27AAAAA4272A1ZC
G_008445,1071.00,2025-11-11,,Vendor 8445 Pvt Ltd,27AAAAA7016A1ZG
G_008446,57246.00,2025-10-06,INV/2025/31334,Vendor 8446 Pvt Ltd,27AAAAA2125A1ZO
G_008447,64565.00,2025-04-02,INV/2025/12243,Vendor 8447 Pvt Ltd,27AAAAA8300A1ZJ
G_008448,61292.00,2025-05-27,,Vendor 8448 Pvt Ltd,27AAAAA4031A1ZN
G_008449,153030.00,2025-02-10,INV/2025/46852,Vendor 8449 Pvt Ltd,27AAAAA7106A1ZH
G_008450,49006.00,2025-06-23,INV/2025/45060,Vendor 8450 Pvt Ltd,27AAAAA2377A1ZA
G_008451,94233.00,2025-07-08,INV/2025/22950,Vendor 8451 Pvt Ltd Inc,27AAAAA6853A1Z5
G_008452,18523.00,2025-03-12,INV/2025/13586,Vendor 8452 Pvt Ltd,27AAAAA6200A1ZO
G_008453,18653.00,2025-05-16,INV/2025/69746,Vendor 8453 Pvt Ltd,27AAAAA6005A1ZL
G_008454,74355.00,2025-10-01,INV/2025/8827,Vendor 8454 Private Limited,27AAAAA3811A1ZL
G_008455,84451.00,2025-08-23,INV/2025/23588,Vendor 8455 Pvt Ltd,27AAAAA2246A1ZI
G_008456,94339.00,2025-05-15,INV/2025/20085,Vendor 8456 Pvt Ltd,27AAAAA4997A1ZW
G_008457,67693.00,2025-02-26,INV/2025/33011,Vendor 8457 Pvt Ltd,27AAAAA9038A1Z6
G_008458,18081.00,2025-07-10,INV/2025/30771,Vendor 8458 Pvt Ltd,27AAAAA7221A1ZH
G_008459,36882.00,2025-02-03,INV/2025/29784,Vendor 8459 Pvt Ltd,27AAAAA3269A1Z9
G_008460,8739.00,2025-05-25,INV/2025/56612,Vendor 8460 Pvt Ltd,27AAAAA4455A1ZB
G_008461,37061.00,2025-05-08,INV/2025/61944,VENDOR 8461 PVT LTD,27AAAAA2370A1ZH
G_008462,48768.00,2025-06-21,,Vendor 8462 Pvt Ltd,27AAAAA1455A1ZH
G_008463,62807.00,2025-08-31,,Vendor 8463 Pvt Ltd,27AAAAA3181A1ZE
G_008464,97157.00,2025-06-06,INV/2025/74841,Vendor 8464 Pvt Ltd,27AAAAA1869A1Z7
G_008465,80391.00,2025-10-26,,Vendor 8465 Pvt Ltd,27AAAAA8750A1Z5
G_008466,46176.00,2025-07-26,INV/2025/89061,vendor 8466 pvt ltd,27AAAAA4011A1ZR
G_008467,8441.00,2025-04-19,INV/2025/46568,Vendor 8467 Pvt Ltd,27AAAAA2275A1ZD
G_008468,38105.00,2025-11-13,INV/2025/82600,Vendor 8468 Pvt Ltd,27AAAAA8118A1ZB
G_008469,92708.00,2025-07-26,INV/2025/25903,Vendor 8469 Pvt Ltd,27AAAAA8327A1Z8
G_008470,5350.00,2025-08-15,,Vendor 8470 Pvt Ltd,27AAAAA1430A1ZQ
G_008471,65518.00,2025-06-10,INV/2025/7255,None,27AAAAA5631A1ZF
G_008472,16895.00,2025-01-24,INV/2025/13471,Vendor 8472 Pvt Ltd,27AAAAA4014A1ZO
G_008473,1176.00,2025-05-25,INV/2025/19663,Vendor 8473 Pvt Ltd,27AAAAA8923A1Z6
G_008474,30963.00,2025-11-29,,Vendor 8474 Pvt Ltd,27AAAAA4660A1ZC
G_008475,40016.00,2025-04-29,INV/2025/28812,Vendor 8475 Pvt Ltd,27AAAAA2404A1ZQ
G_008476,56641.00,2025-07-27,,Vendor 8476 Pvt Ltd,27AAAAA2218A1ZM
G_008477,40391.00,2025-12-14,,Vendor 8477 Pvt Ltd,27AAAAA8727A1Z4
G_008478,5299.00,2025-09-07,INV/2025/16004,Vendor 8478 Pvt Ltd,27AAAAA8971A1ZY
G_008479,9005.00,2025-02-26,INV/2025/16427,Vendor 8479 Pvt Ltd,27AAAAA6414A1ZG
G_008480,16927.00,2025-05-03,INV/2025/77401,Vendor 8480 Pvt Ltd,27AAAAA8432A1ZA
G_008481,42300.00,2025-11-28,,Vendor 8481 Pvt Ltd,27AAAAA2924A1ZH
G_008482,23924.00,2025-07-25,INV/2025/40508,Vendor 8482 Pvt Ltd,27AAAAA1171A1ZK
G_008483,189966.00,2025-06-04,INV/2025/45422,Vendor 8483 Pvt Ltd,27AAAAA3912A1ZJ
G_008484,97193.00,2025-10-25,INV/2025/28065,Vendor 8484 Pvt Ltd,27AAAAA7165A1Z6
G_008485,84897.00,2025-10-10,INV/2025/66125,Vendor 8485 Pvt Ltd,27AAAAA8564A1Z1
G_008486,46889.00,2025-11-27,INV/2025/91926,Vendor 8486 Pvt Ltd,27AAAAA1377A1ZC
G_008487,69386.00,2025-05-13,INV/2025/83854,Vendor 8487 Pvt Ltd,27AAAAA9154A1Z5
G_008488,192428.00,2025-09-07,INV/2025/35136,Vendor 8488 Pvt Ltd,27AAAAA3558A1Z9
G_008489,30385.00,2025-08-15,INV/2025/80617,Vendor 8489 Pvt Ltd,27AAAAA8008A1ZE
G_008490,81348.00,2025-10-03,INV/2025/53067,Vendor 8490 Pvt Ltd,27AAAAA5695A1ZZ
G_008491,68785.00,2025-02-08,INV/2025/54361,Vendor 8491 Pvt Ltd,27AAAAA9823A1Z5
G_008492,94058.00,2025-08-14,INV/2025/85491,Vendor 8492 Pvt Ltd,27AAAAA9024A1ZC
G_008493,37878.00,2025-10-29,INV/2025/55738,Vendor 8493 Pvt Ltd,27AAAAA8596A1ZT
G_008494,49238.00,2025-12-25,INV/2025/17439,Vendor 8494 Pvt Ltd,27AAAAA5778A1ZZ
G_008495,84276.00,2025-11-21,INV/2025/84897,Vendor 8495 Pvt Ltd,27AAAAA4970A1Z7
G_008496,13804.00,2025-06-12,INV/2025/55446,Vendor 8496 Pvt Ltd,27AAAAA9519A1Z4
G_008497,28099.00,2025-06-21,INV/2025/37344,None,27AAAAA2980A1Z9
G_008498,86853.00,2025-08-13,INV/2025/79272,Vendor 8498 Pvt Ltd,27AAAAA6628A1Z8
G_008499,78891.00,2025-02-01,,Vendor 8499 Pvt Ltd,27AAAAA8541A1Z8
G_008500,82794.00,2025-11-24,INV/2025/49926,Vendor 8500 Pvt Ltd,27AAAAA6058A1Z8
G_008501,9437.00,2025-09-06,INV/2025/26669,Vendor 8501 Pvt Ltd,27AAAAA1322A1ZR
G_008502,19938.00,2025-08-30,,Vendor 8502 Pvt Ltd,27AAAAA2709A1ZI
G_008503,83765.00,2025-04-04,INV/2025/76327,Vendor 8503 Pvt Ltd Inc,27AAAAA2776A1Z7
G_008504,33960.00,2025-01-27,INV/2025/49067,Vendor 8504 Pvt Ltd,27AAAAA3083A1ZD
G_008505,42897.00,2025-02-23,INV/2025/66282,Vendor 8505 Pvt Ltd,27AAAAA3663A1ZB
G_008506,56601.00,2025-06-14,,Vendor 8506 Pvt Ltd,27AAAAA6819A1Z7
G_008507,99622.00,2025-05-19,INV/2025/29315,Vendor 8507 Pvt Ltd,27AAAAA3550A1ZH
G_008508,20275.00,2025-01-13,INV/2025/25226,Vendor 8508 Pvt Ltd,27AAAAA3215A1ZN
G_008509,54939.00,2025-05-30,INV/2025/75820,Vendor 8509 Pvt Ltd,27AAAAA1057A1ZJ
G_008510,44724.00,2025-03-22,INV/2025/94594,Vendor 8510 Pvt Ltd,27AAAAA7160A1ZB
G_008511,95019.00,2025-05-23,INV/2025/68311,Vendor 8511 Pvt Ltd,27AAAAA2750A1ZH
G_008512,59267.00,2025-04-29,INV/2025/58556,Vendor 8512 Pvt Ltd,27AAAAA7737A1Z4
G_008513,21175.00,2025-03-02,INV/2025/97306,Vendor,27AAAAA4909A1ZC
G_008514,23611.00,2025-01-31,INV/2025/50084,Vendor 8514 Pvt Ltd,27AAAAA4196A1Z5
G_008515,74591.00,2025-07-18,INV/2025/83361,Vendor 8515 Pvt Ltd,27AAAAA7503A1ZG
G_008516,71011.00,2025-09-24,INV/2025/34216,Vendor 8516 Pvt Ltd,27AAAAA6501A1ZK
G_008517,52125.00,2025-05-09,,Vendor 8517 Pvt Ltd,27AAAAA4562A1ZB
G_008518,4457.00,2025-12-13,INV/2025/23366,Vendor 8518 Pvt Ltd,27AAAAA1446A1ZI
G_008519,53041.00,2025-01-18,INV/2025/39990,Vendor 8519 Pvt Ltd,27AAAAA9055A1Z5
G_008520,32206.00,2025-04-06,INV/2025/13660,Vendor 8520 Pvt Ltd,27AAAAA8639A1Z1
G_008521,62067.00,2025-10-30,,Vendor 8521 Pvt Ltd,27AAAAA7165A1Z6
G_008522,68652.00,2025-08-09,INV/2025/47353,Vendor 8522 Pvt Ltd,27AAAAA6526A1ZB
G_008523,35552.00,2025-04-02,INV/2025/24526,Vendor 8523 Pvt Ltd,27AAAAA4470A1ZC
G_008524,28541.00,2025-02-10,INV/2025/90760,Vendor 8524 Pvt Ltd,27AAAAA5698A1ZW
G_008525,21853.00,2025-03-15,INV/2025/74578,Vendor 8525 Pvt Ltd,27AAAAA3758A1Z7
G_008526,66510.00,2025-10-18,INV/2025/26228,Vendor 8526 Pvt Ltd,27AAAAA6447A1Z7
G_008527,95470.00,2025-07-23,INV/2025/5322,Vendor 8527 Pvt Ltd,27AAAAA9859A1ZT
G_008528,87614.00,2025-09-29,,Vendor 8528 Pvt Ltd,27AAAAA8719A1Z4
G_008529,7617.00,2025-03-02,INV/2025/14609,Vendor 8529 Pvt Ltd,27AAAAA9453A1Z3
G_008530,22660.00,2025-12-18,INV/2025/77091,Vendor 8530 Pvt Ltd,27AAAAA6735A1Z8
G_008531,47824.00,2025-03-26,INV/2025/20391,Vendor 8531 Pvt Ltd,27AAAAA4645A1ZB
G_008532,35457.00,2025-05-27,INV/2025/69718,Vendor 8532 Pvt Ltd,27AAAAA4967A1Z2
G_008533,36624.00,2025-10-09,INV/2025/90294,VENDOR 8533 PVT LTD,27AAAAA5324A1ZH
G_008534,36635.00,2025-02-26,INV/2025/94442,Vendor 8534 Pvt Ltd,27AAAAA1567A1ZC
G_008535,42682.00,2025-11-20,INV/2025/41762,Vendor 8535 Pvt Ltd,27AAAAA7003A1ZL
G_008536,86435.00,2025-10-29,INV/2025/75816,Vendor 8536 Pvt Ltd,27AAAAA4217A1ZJ
G_008537,175924.00,2025-07-15,INV/2025/11144,Vendor 8537 Pvt Ltd,27AAAAA5879A1ZX
G_008538,40977.00,2025-08-31,INV/2025/88738,Vendor 8538 Pvt Ltd,27AAAAA1570A1ZH
G_008539,86869.00,2025-11-29,,Vendor 8539 Pvt Ltd,27AAAAA8000A1ZM
G_008540,77039.00,2025-01-23,INV/2025/35758,Vendor 8540 Pvt Ltd,27AAAAA2352A1ZJ
G_008541,21983.00,2025-11-13,INV/2025/87538,Vendor 8541 Pvt Ltd,27AAAAA1542A1ZL
G_008542,43373.00,2025-01-06,INV/2025/27946,Vendor 8542 Pvt Ltd,27AAAAA1538A1ZH
G_008543,31251.00,2025-08-19,,Vendor 8543 Pvt Ltd,27AAAAA3758A1Z7
G_008544,42763.00,2025-07-23,INV/2025/2259,Vendor 8544 Pvt Ltd,27AAAAA5399A1ZY
G_008545,11427.00,2025-02-13,INV/2025/77696,Vendor,27AAAAA6853A1Z5
G_008546,96051.00,2025-05-01,,Vendor 8546 Pvt Ltd,27AAAAA7437A1Z7
G_008547,79425.00,2025-02-06,INV/2025/16120,Vendor 8547 Pvt Ltd,27AAAAA8949A1ZW
G_008548,15049.00,2025-04-03,INV/2025/46565,Vendor 8548 PVT LTD,27AAAAA6517A1ZC
G_008549,76347.00,2025-02-09,INV/2025/54139,Vendor 8549 PVT LTD,27AAAAA3925A1ZE
G_008550,79651.00,2025-03-14,INV/2025/46632,Vendor 8550 Pvt Ltd,27AAAAA3142A1ZL
G_008551,43399.00,2025-09-02,INV/2025/52152,Vendor 8551 Pvt Ltd,27AAAAA8259A1Z1
G_008552,21306.00,2025-03-23,INV/2025/88803,Vendor 8552 Pvt Ltd,27AAAAA8939A1ZY
G_008553,68362.00,2025-09-24,INV/2025/31874,Vendor 8553 Pvt Ltd,27AAAAA6964A1Z1
G_008554,30888.00,2025-12-06,INV/2025/38045,Vendor 8554 Pvt Ltd,27AAAAA4543A1ZE
G_008555,61953.00,2025-09-19,INV/2025/29592,Vendor 8555 Pvt Ltd,27AAAAA4186A1Z7
G_008556,83267.00,2025-10-23,,Vendor 8556 Pvt Ltd,27AAAAA6761A1Z6
G_008557,50240.00,2025-11-26,INV/2025/68851,Vendor 8557 Pvt Ltd,27AAAAA7648A1Z2
G_008558,77280.00,2025-07-09,INV/2025/55667,Vendor 8558 Pvt Ltd,27AAAAA8886A1ZS
G_008559,24533.00,2025-03-15,,Vendor 8559 Pvt Ltd,27AAAAA1810A1ZQ
G_008560,90791.00,2025-07-29,INV/2025/87378,Vendor 8560 Pvt Ltd,27AAAAA1093A1ZF
G_008561,30883.00,2025-04-24,INV/2025/60323,Vendor 8561 Pvt Ltd,27AAAAA2826A1ZG
G_008562,37938.00,2025-08-19,INV/2025/24140,Vendor 8562 Pvt Ltd,27AAAAA8737A1Z2
G_008563,82788.00,2025-03-15,INV/2025/90815,Vendor 8563 Pvt Ltd,27AAAAA3874A1Z6
G_008564,81640.00,2025-05-23,INV/2025/75786,Vendor 8564 Pvt Ltd,27AAAAA9246A1Z4
G_008565,97280.00,2025-03-06,INV/2025/81051,Vendor 8565 Pvt Ltd,27AAAAA7825A1Z7
G_008566,51902.00,2025-10-21,INV/2025/67946,Vendor 8566 Pvt Ltd,27AAAAA5039A1ZD
G_008567,178206.00,2025-08-30,INV/2025/23788,Vendor 8567 Pvt Ltd,27AAAAA1487A1Z9
G_008568,80279.00,2025-09-15,INV/2025/14738,vendor 8568 pvt ltd,27AAAAA6662A1Z6
G_008569,87235.00,2025-09-14,INV/2025/4336,VENDOR 8569 PVT LTD,27AAAAA2233A1ZN
G_008570,78717.00,2025-10-01,INV/2025/74571,Vendor 8570 Pvt Ltd,27AAAAA1504A1ZR
G_008571,51747.00,2025-04-01,INV/2025/58355,Vendor 8571 Pvt Ltd,27AAAAA4786A1Z1
G_008572,43263.00,2025-03-07,INV/2025/25337,Vendor 8572 Pvt Ltd,27AAAAA5950A1Z9
G_008573,102358.00,2025-09-08,INV/2025/31483,Vendor 8573 Pvt Ltd,27AAAAA3229A1ZH
G_008574,23620.00,2025-04-05,INV/2025/20359,Vendor 8574 Pvt Ltd,27AAAAA8935A1Z2
G_008575,31309.00,2025-03-16,INV/2025/42954,Vendor 8575 Pvt Ltd,27AAAAA6706A1ZD
G_008576,24466.00,2025-10-18,INV/2025/59011,Vendor 8576 Pvt Ltd,27AAAAA4073A1ZD
G_008577,44435.00,2025-12-26,INV/2025/9977,Vendor 8577 Pvt Ltd,27AAAAA7465A1Z3
G_008578,38919.00,2025-10-31,,Vendor 8578 Pvt Ltd,27AAAAA3842A1ZE
G_008579,55949.00,2025-01-03,,Vendor 8579 Pvt Ltd,27AAAAA7967A1ZW
G_008580,19621.00,2025-11-25,INV/2025/76361,Vendor 8580 Pvt Ltd,27AAAAA6303A1ZK
G_008581,8711.00,2025-12-15,INV/2025/13255,Vendor 8581 PVT LTD,27AAAAA8846A1Z0
G_008582,86391.00,2025-01-02,INV/2025/60437,Vendor 8582 Pvt Ltd,27AAAAA3205A1ZP
G_008583,76508.00,2025-12-30,INV/2025/12438,Vendor,27AAAAA2944A1ZD
G_008584,7206.00,2025-07-30,INV/2025/29483,Vendor 8584 Pvt Ltd,27AAAAA6979A1ZU
G_008585,44693.00,2025-02-02,INV/2025/50573,Vendor 8585 Pvt Ltd,27AAAAA9332A1Z9
G_008586,85140.00,2025-07-04,INV/2025/47556,None,27AAAAA7889A1ZR
G_008587,54161.00,2025-10-27,INV/2025/59041,Vendor 8587 Pvt Ltd,27AAAAA7211A1ZJ
G_008588,25962.00,2025-07-13,,Vendor 8588 Pvt Ltd,27AAAAA3259A1ZB
G_008589,90052.00,2025-02-23,INV/2025/38921,Vendor 8589 Pvt Ltd,27AAAAA6692A1Z0
G_008590,25934.00,2025-12-15,,Vendor 8590 Pvt Ltd,27AAAAA5406A1ZI
G_008591,54900.00,2025-03-21,INV/2025/57338,Vendor 8591 Pvt Ltd,27AAAAA2697A1Z3
G_008592,35696.00,2025-12-29,INV/2025/36836,Vendor 8592 Pvt Ltd,27AAAAA8690A1ZY
G_008593,89193.00,2025-06-04,,Vendor 8593 Pvt Ltd,27AAAAA4046A1ZG
G_008594,25239.00,2025-09-20,INV/2025/13143,None,27AAAAA8857A1ZX
G_008595,30584.00,2025-05-12,INV/2025/59164,Vendor 8595 Pvt Ltd,27AAAAA1462A1ZI
G_008596,4196.00,2025-12-05,INV/2025/24154,Vendor 8596 Pvt Ltd Inc,27AAAAA2653A1ZF
G_008597,2032.00,2025-09-17,INV/2025/97408,Vendor 8597 Pvt Ltd,27AAAAA6356A1Z7
G_008598,3297.00,2025-06-02,INV/2025/42166,Vendor 8598 Pvt Ltd,27AAAAA2656A1ZC
G_008599,28619.00,2025-06-12,INV/2025/86221,Vendor 8599 Pvt Ltd,27AAAAA2434A1ZK
G_008600,29613.00,2025-02-03,INV/2025/92327,Vendor 8600 Pvt Ltd,27AAAAA5829A1Z7
G_008601,50002.00,2025-04-28,INV/2025/26637,Vendor 8601 Pvt Ltd,27AAAAA2056A1ZI
G_008602,34240.00,2025-04-19,,Vendor 8602 Pvt Ltd,27AAAAA6873A1Z1
G_008603,42521.00,2025-06-04,INV/2025/15123,Vendor 8603 Pvt Ltd,27AAAAA3725A1ZG
G_008604,90452.00,2025-12-12,INV/2025/20282,Vendor 8604 Pvt Ltd,27AAAAA3305A1ZO
G_008605,74760.00,2025-11-27,,Vendor 8605 Pvt Ltd,27AAAAA3178A1Z9
G_008606,22870.00,2025-09-20,INV/2025/40798,Vendor 8606 Pvt Ltd,27AAAAA1680A1ZE
G_008607,150382.00,2025-12-18,INV/2025/14104,Vendor 8607 Pvt Ltd,27AAAAA7842A1Z6
G_008608,56096.00,2025-04-01,,Vendor 8608 Pvt Ltd,27AAAAA2397A1Z6
G_008609,14095.00,2025-06-04,INV/2025/43237,Vendor 8609 Pvt Ltd,27AAAAA4202A1ZQ
G_008610,26354.00,2025-04-22,,Vendor 8610 Pvt Ltd,27AAAAA2635A1ZH
G_008611,54399.00,2025-08-27,INV/2025/91745,Vendor 8611 Pvt Ltd,27AAAAA4654A1ZA
G_008612,13268.00,2025-08-08,INV/2025/2421,Vendor 8612 Pvt Ltd,27AAAAA8062A1Z8
G_008613,178968.00,2025-01-11,INV/2025/64451,Vendor 8613 Pvt Ltd,27AAAAA8416A1ZA
G_008614,61654.00,2025-02-10,INV/2025/17653,Vendor 8614 Pvt Ltd,27AAAAA7267A1Z3
G_008615,54836.00,2025-11-07,,Vendor 8615 Pvt Ltd,27AAAAA1066A1ZI
G_008616,10337.00,2025-03-31,INV/2025/15158,Vendor 8616 Pvt Ltd,27AAAAA4921A1ZG
G_008617,153.00,2025-12-06,INV/2025/91107,Vendor 8617 Pvt Ltd,27AAAAA5957A1Z2
G_008618,77967.00,2025-08-07,,Vendor 8618 Pvt Ltd,27AAAAA3300A1ZT
G_008619,11774.00,2025-10-11,INV/2025/57365,Vendor 8619 Pvt Ltd,27AAAAA5470A1ZA
G_008620,84623.00,2025-07-13,INV/2025/59168,vendor 8620 pvt ltd,27AAAAA2732A1ZJ
G_008621,90572.00,2025-05-13,,Vendor 8621 Pvt Ltd,27AAAAA7309A1ZC
G_008622,79730.00,2025-03-15,INV/2025/84648,Vendor 8622 Pvt Ltd,27AAAAA2917A1ZG
G_008623,59483.00,2025-06-21,INV/2025/43756,Vendor 8623 Pvt Ltd,27AAAAA2977A1Z4
G_008624,14805.00,2025-06-01,INV/2025/93537,Vendor 8624 Pvt Ltd,27AAAAA8118A1ZB
G_008625,6504.00,2025-04-27,,Vendor 8625 Pvt Ltd,27AAAAA5454A1ZA
G_008626,62590.00,2025-06-22,INV/2025/37876,Vendor 8626 Pvt Ltd,27AAAAA7203A1ZJ
G_008627,76367.00,2025-05-31,INV/2025/12667,Vendor 8627 Pvt Ltd,27AAAAA1940A1ZJ
G_008628,80907.00,2025-06-30,INV/2025/52421,Vendor 8628 Pvt Ltd,27AAAAA2012A1ZU
G_008629,28682.00,2025-09-18,INV/2025/44265,Vendor 8629 PVT LTD,27AAAAA1921A1ZM
G_008630,24485.00,2025-04-08,,Vendor 8630 Pvt Ltd,27AAAAA9566A1ZX
G_008631,63826.00,2025-09-20,,Vendor 8631 Pvt Ltd,27AAAAA8004A1ZI
G_008632,47146.00,2025-10-02,INV/2025/92656,Vendor 8632 Pvt Ltd Inc,27AAAAA4320A1ZN
G_008633,79591.00,2025-08-26,INV/2025/62097,Vendor 8633 Pvt Ltd,27AAAAA2770A1ZD
G_008634,51455.00,2025-12-27,INV/2025/87182,Vendor 8634 PVT LTD,27AAAAA9385A1ZW
G_008635,29798.00,2025-09-07,INV/2025/91743,Vendor 8635 Pvt Ltd,27AAAAA5419A1ZD
G_008636,65975.00,2025-09-12,INV/2025/13707,Vendor 8636 Pvt Ltd,27AAAAA3893A1Z3
G_008637,48716.00,2025-04-19,INV/2025/84482,Vendor 8637 Pvt Ltd,27AAAAA8163A1Z6
G_008638,25694.00,2025-11-07,,Vendor 8638 Pvt Ltd,27AAAAA6686A1ZY
G_008639,87325.00,2025-10-18,INV/2025/69337,VENDOR 8639 PVT LTD,27AAAAA7963A1Z0
G_008640,79649.00,2025-05-15,INV/2025/71532,Vendor 8640 Pvt Ltd,27AAAAA3104A1ZR
G_008641,79626.00,2025-10-21,INV/2025/96815,Vendor 8641 Pvt Ltd,27AAAAA2001A1ZX
G_008642,42733.00,2025-12-22,INV/2025/83296,Vendor 8642 Pvt Ltd,27AAAAA6464A1Z6
G_008643,91956.00,2025-11-12,,Vendor 8643 Pvt Ltd,27AAAAA4348A1ZB
G_008644,34612.00,2025-03-23,INV/2025/10335,Vendor 8644 Pvt Ltd,27AAAAA2944A1ZD
G_008645,76094.00,2025-07-25,INV/2025/61635,Vendor 8645 Pvt Ltd,27AAAAA3336A1ZH
G_008646,64931.00,2025-05-14,INV/2025/5324,Vendor 8646 Pvt Ltd,27AAAAA6910A1ZF
G_008647,20925.00,2025-12-09,INV/2025/91672,Vendor 8647 Pvt Ltd,27AAAAA7062A1ZA
G_008648,26453.00,2025-07-08,,Vendor 8648 Pvt Ltd,27AAAAA1323A1ZQ
G_008649,6652.00,2025-08-20,,Vendor 8649 Pvt Ltd,27AAAAA4792A1Z3
G_008650,42104.00,2025-02-09,INV/2025/88438,VENDOR 8650 PVT LTD,27AAAAA9003A1ZH
G_008651,13005.00,2025-11-15,INV/2025/38086,Vendor 8651 Pvt Ltd,27AAAAA6793A1ZY
G_008652,36864.00,2025-07-28,INV/2025/14440,Vendor 8652 Pvt Ltd,27AAAAA4743A1ZC
G_008653,93441.00,2025-02-02,INV/2025/66408,Vendor 8653 Pvt Ltd,27AAAAA2938A1ZB
G_008654,18339.00,2025-01-27,INV/2025/78009,Vendor 8654 Pvt Ltd,27AAAAA3482A1ZA
G_008655,81126.00,2025-01-15,INV/2025/1573,Vendor 8655 Pvt Ltd,27AAAAA4450A1ZG
G_008656,8491.00,2025-02-17,INV/2025/40826,Vendor 8656 Pvt Ltd,27AAAAA1733A1ZK
G_008657,23232.00,2025-11-12,INV/2025/75998,Vendor 8657 Pvt Ltd,27AAAAA8303A1ZG
G_008658,42305.00,2025-03-06,INV/2025/32540,Vendor 8658 Pvt Ltd,27AAAAA7064A1Z8
G_008659,33189.00,2025-11-10,INV/2025/65819,Vendor 8659 Pvt Ltd,27AAAAA1457A1ZF
G_008660,41165.00,2025-07-12,INV/2025/72327,Vendor 8660 Pvt Ltd,27AAAAA5799A1ZU
G_008661,30494.00,2025-04-11,INV/2025/28621,Vendor 8661 Pvt Ltd,27AAAAA9913A1Z6
G_008662,45011.00,2025-02-03,,Vendor 8662 Pvt Ltd,27AAAAA7789A1ZS
G_008663,73690.00,2025-04-13,INV/2025/7955,Vendor 8663 Pvt Ltd Inc,27AAAAA5767A1Z2
G_008664,15502.00,2025-08-05,INV/2025/7427,Vendor 8664 Pvt Ltd,27AAAAA1674A1ZC
G_008665,86801.00,2025-05-15,INV/2025/77238,Vendor 8665 Pvt Ltd,27AAAAA5172A1ZB
G_008666,38197.00,2025-03-02,INV/2025/64612,vendor 8666 pvt ltd,27AAAAA4982A1Z3
G_008667,26824.00,2025-05-26,INV/2025/95148,Vendor 8667 PVT LTD,27AAAAA4185A1Z8
G_008668,99466.00,2025-12-27,INV/2025/60491,Vendor 8668 Pvt Ltd,27AAAAA1695A1Z7
G_008669,13190.00,2025-11-17,INV/2025/70640,Vendor 8669 Pvt Ltd,27AAAAA3488A1Z4
G_008670,56963.00,2025-12-07,INV/2025/25687,Vendor 8670 PVT LTD,27AAAAA1276A1ZE
G_008671,60564.00,2025-11-22,INV/2025/88268,vendor 8671 pvt ltd,27AAAAA7163A1Z8
G_008672,71406.00,2025-02-01,,Vendor 8672 Pvt Ltd,27AAAAA1446A1ZI
G_008673,73121.00,2025-05-04,,Vendor 8673 Pvt Ltd,27AAAAA9874A1ZU
G_008674,88672.00,2025-03-13,INV/2025/88835,Vendor 8674 Pvt Ltd,27AAAAA1102A1ZX
G_008675,46985.00,2025-08-05,INV/2025/41581,Vendor 8675 Pvt Ltd,27AAAAA4928A1Z9
G_008676,79493.00,2025-12-02,INV/2025/90338,Vendor 8676 Pvt Ltd,27AAAAA2138A1ZJ
G_008677,91059.00,2025-04-05,INV/2025/69599,Vendor 8677 Pvt Ltd,27AAAAA8395A1ZW
G_008678,21404.00,2025-06-06,INV/2025/3183,Vendor 8678 PVT LTD,27AAAAA7424A1ZC
G_008679,81758.00,2025-03-15,INV/2025/8547,Vendor 8679 Pvt Ltd,27AAAAA5299A1ZZ
G_008680,81763.00,2025-02-08,INV/2025/35255,Vendor 8680 Pvt Ltd,27AAAAA6652A1Z8
G_008681,85938.00,2025-04-08,INV/2025/82539,None,27AAAAA1386A1ZB
G_008682,49423.00,2025-11-12,INV/2025/32657,Vendor 8682 PVT LTD,27AAAAA9539A1Z0
G_008683,3318.00,2025-07-16,INV/2025/95099,Vendor 8683 Pvt Ltd,27AAAAA2468A1ZA
G_008684,24258.00,2025-08-16,,Vendor 8684 Pvt Ltd,27AAAAA9514A1Z9
G_008685,99848.00,2025-06-01,INV/2025/71810,None,27AAAAA4545A1ZC
G_008686,75660.00,2025-07-19,INV/2025/52276,VENDOR 8686 PVT LTD,27AAAAA5914A1ZD
G_008687,73151.00,2025-07-05,INV/2025/72806,Vendor 8687 Pvt Ltd,27AAAAA4857A1Z5
G_008688,3667.00,2025-02-07,INV/2025/1211,Vendor 8688 Private Limited,27AAAAA3988A1ZZ
G_008689,178078.00,2025-06-08,INV/2025/40680,Vendor 8689 Pvt Ltd,27AAAAA6966A1ZZ
G_008690,612.00,2025-08-17,INV/2025/36523,Vendor 8690 Pvt Ltd,27AAAAA3313A1ZO
G_008691,1924.00,2025-04-07,INV/2025/89935,Vendor 8691 Pvt Ltd,27AAAAA8638A1Z2
G_008692,59903.00,2025-06-18,INV/2025/81654,Vendor 8692 PVT LTD,27AAAAA8406A1ZC
G_008693,98169.00,2025-11-18,,Vendor 8693 Pvt Ltd,27AAAAA5114A1ZL
G_008694,3514.00,2025-04-17,INV/2025/24061,Vendor 8694 Pvt Ltd,27AAAAA2219A1ZL
G_008695,30187.00,2025-11-24,INV/2025/64803,Vendor 8695 Pvt Ltd,27AAAAA1855A1ZD
G_008696,19784.00,2025-11-02,INV/2025/60491,Vendor 8696 Pvt Ltd,27AAAAA1897A1Z3
G_008697,42925.00,2025-07-02,INV/2025/15997,Vendor 8697 Pvt Ltd,27AAAAA8340A1ZB
G_008698,84458.00,2025-01-29,INV/2025/65732,Vendor 8698 Pvt Ltd,27AAAAA1914A1ZL
G_008699,27344.00,2025-12-26,INV/2025/4027,Vendor 8699 Pvt Ltd,27AAAAA4466A1Z8
G_008700,56384.00,2025-08-12,INV/2025/70800,Vendor 8700 PVT LTD,27AAAAA7342A1ZB
G_008701,64207.00,2025-05-27,INV/2025/55774,Vendor 8701 Pvt Ltd,27AAAAA3690A1Z8
G_008702,39801.00,2025-07-06,,Vendor 8702 Pvt Ltd,27AAAAA4507A1ZI
G_008703,83853.00,2025-11-15,,Vendor 8703 Pvt Ltd,27AAAAA3901A1ZM
G_008704,21021.00,2025-02-02,,Vendor 8704 Pvt Ltd,27AAAAA7516A1ZB
G_008705,78515.00,2025-01-17,,Vendor 8705 Pvt Ltd,27AAAAA6343A1ZC
G_008706,9941.00,2025-06-02,INV/2025/66333,Vendor 8706 Pvt Ltd,27AAAAA5865A1Z3
G_008707,56145.00,2025-04-11,INV/2025/99996,Vendor 8707 Pvt Ltd,27AAAAA8192A1Z1
G_008708,45825.00,2025-08-02,INV/2025/39287,Vendor 8708 Pvt Ltd,27AAAAA3873A1Z7
G_008709,65335.00,2025-08-12,INV/2025/55747,vendor 8709 pvt ltd,27AAAAA6107A1ZI
G_008710,63814.00,2025-01-03,INV/2025/43147,Vendor 8710 Pvt Ltd,27AAAAA9137A1Z6
G_008711,6949.00,2025-07-22,INV/2025/61812,None,27AAAAA6985A1ZW
G_008712,44285.00,2025-02-04,INV/2025/14033,Vendor 8712 Pvt Ltd,27AAAAA5588A1ZZ
G_008713,80872.00,2025-03-12,INV/2025/44434,Vendor 8713 Pvt Ltd,27AAAAA6128A1ZD
G_008714,21817.00,2025-08-06,INV/2025/35385,Vendor 8714 Pvt Ltd,27AAAAA6085A1Z5
G_008715,6180.00,2025-10-07,INV/2025/7174,Vendor 8715 Pvt Ltd,27AAAAA6850A1Z8
G_008716,90883.00,2025-11-18,INV/2025/52084,Vendor 8716 Pvt Ltd,27AAAAA1110A1ZX
G_008717,66230.00,2025-07-10,INV/2025/5150,Vendor 8717 Pvt Ltd,27AAAAA4007A1ZN
G_008718,43385.00,2025-01-01,INV/2025/83528,Vendor 8718 Private Limited,27AAAAA8613A1ZB
G_008719,23760.00,2025-06-21,INV/2025/23908,Vendor 8719 Pvt Ltd,27AAAAA3587A1Z4
G_008720,73641.00,2025-01-07,INV/2025/23879,vendor 8720 pvt ltd,27AAAAA4673A1Z7
G_008721,91842.00,2025-07-15,,Vendor 8721 Pvt Ltd,27AAAAA5349A1Z8
G_008722,94332.00,2025-02-19,INV/2025/39488,Vendor 8722 Pvt Ltd Inc,27AAAAA6311A1ZK
G_008723,82681.00,2025-02-16,INV/2025/42302,Vendor 8723 PVT LTD,27AAAAA8721A1ZA
G_008724,36249.00,2025-07-09,INV/2025/99801,Vendor 8724 Pvt Ltd,
G_008725,41144.00,2025-04-25,,Vendor 8725 Pvt Ltd,27AAAAA9948A1ZV
G_008726,86706.00,2025-05-31,INV/2025/75774,None,27AAAAA9195A1ZW
G_008727,56887.00,2025-10-30,INV/2025/46540,Vendor 8727 Pvt Ltd,27AAAAA2090A1ZG
G_008728,37726.00,2025-03-10,INV/2025/73105,Vendor 8728 Pvt Ltd,27AAAAA6566A1Z3
G_008729,1019.00,2025-10-20,INV/2025/91833,Vendor 8729 Pvt Ltd,27AAAAA3125A1ZM
G_008730,87573.00,2025-06-04,INV/2025/99836,Vendor 8730 PVT LTD,27AAAAA9135A1Z8
G_008731,10528.00,2025-05-28,INV/2025/80591,Vendor 8731 Pvt Ltd,27AAAAA3007A1ZP
G_008732,148188.00,2025-10-05,INV/2025/80974,Vendor 8732 Pvt Ltd,27AAAAA1417A1ZN
G_008733,37040.00,2025-12-11,INV/2025/99481,Vendor 8733 Pvt Ltd,27AAAAA1047A1ZL
G_008734,81161.00,2025-12-02,,Vendor 8734 Pvt Ltd,27AAAAA2671A1ZD
G_008735,3769.00,2025-12-27,INV/2025/48467,Vendor 8735 Pvt Ltd Inc,27AAAAA2009A1ZP
G_008736,34404.00,2025-12-11,INV/2025/39123,Vendor 8736 Pvt Ltd,27AAAAA4406A1ZK
G_008737,11766.00,2025-01-09,INV/2025/94858,Vendor 8737 Pvt Ltd,27AAAAA3753A1ZC
G_008738,38688.00,2025-02-15,INV/2025/68328,Vendor 8738 Pvt Ltd,27AAAAA9338A1Z3
G_008739,42113.00,2025-05-19,INV/2025/75746,Vendor 8739 Pvt Ltd,27AAAAA7669A1ZX
G_008740,22915.00,2025-06-16,INV/2025/44116,Vendor 8740 Pvt Ltd,27AAAAA8257A1Z3
G_008741,43955.00,2025-03-03,INV/2025/80458,Vendor 8741 Pvt Ltd,27AAAAA2956A1Z9
G_008742,58786.00,2025-08-27,,Vendor 8742 Pvt Ltd,27AAAAA7056A1Z8
G_008743,86262.00,2025-01-16,INV/2025/90360,Vendor 8743 Pvt Ltd,27AAAAA7210A1ZK
G_008744,77034.00,2025-05-22,INV/2025/15777,Vendor 8744 Pvt Ltd,27AAAAA7942A1Z5
G_008745,45244.00,2025-10-05,INV/2025/35413,Vendor 8745 Pvt Ltd,27AAAAA2647A1ZD
G_008746,47289.00,2025-10-29,INV/2025/48774,Vendor 8746 PVT LTD,27AAAAA6130A1ZJ
G_008747,90955.00,2025-07-29,INV/2025/77418,Vendor 8747 PVT LTD,27AAAAA2009A1ZP
G_008748,78618.00,2025-12-03,INV/2025/15472,Vendor 8748 Pvt Ltd,27AAAAA5125A1ZI
G_008749,2832.00,2025-09-26,INV/2025/85541,Vendor 8749 Pvt Ltd,27AAAAA8126A1ZB
G_008750,1511.00,2025-03-28,INV/2025/94276,Vendor 8750 Pvt Ltd,27AAAAA1318A1ZN
G_008751,3655.00,2025-11-16,INV/2025/34924,Vendor 8751 Pvt Ltd,27AAAAA3252A1ZI
G_008752,76585.00,2025-02-26,,Vendor 8752 Pvt Ltd,27AAAAA7287A1ZZ
G_008753,78861.00,2025-05-14,INV/2025/26516,vendor 8753 pvt ltd,27AAAAA5274A1Z8
G_008754,26906.00,2025-09-02,INV/2025/47992,VENDOR 8754 PVT LTD,27AAAAA4283A1Z9
G_008755,77728.00,2025-12-21,INV/2025/12144,Vendor 8755 Pvt Ltd,27AAAAA5400A1ZO
G_008756,92733.00,2025-09-28,,Vendor 8756 Pvt Ltd,27AAAAA8758A1ZX
G_008757,11708.00,2025-11-19,INV/2025/87810,vendor 8757 pvt ltd,27AAAAA9451A1Z5
G_008758,189168.00,2025-04-29,INV/2025/31624,Vendor 8758 Pvt Ltd,27AAAAA2965A1Z8
G_008759,27423.00,2025-04-14,INV/2025/13289,Vendor 8759 Pvt Ltd,27AAAAA3618A1ZG
G_008760,82609.00,2025-08-15,INV/2025/2632,None,27AAAAA2335A1ZK
G_008761,64283.00,2025-09-15,INV/2025/64590,Vendor 8761 Pvt Ltd,27AAAAA3368A1Z9
G_008762,63710.00,2025-11-12,INV/2025/85656,Vendor 8762 Pvt Ltd,27AAAAA9354A1Z3
G_008763,25263.00,2025-12-12,INV/2025/23566,Vendor 8763 Pvt Ltd,27AAAAA2123A1ZQ
G_008764,18674.00,2025-04-03,INV/2025/8101,Vendor 8764 Pvt Ltd,27AAAAA9314A1ZB
G_008765,41788.00,2025-02-27,INV/2025/80131,Vendor 8765 Pvt Ltd,27AAAAA4919A1ZA
G_008766,54545.00,2025-05-11,INV/2025/77825,Vendor 8766 Pvt Ltd,27AAAAA2607A1ZL
G_008767,38230.00,2025-03-14,,Vendor 8767 Pvt Ltd,27AAAAA1563A1ZG
G_008768,2047.00,2025-12-27,INV/2025/83837,Vendor 8768 Pvt Ltd,27AAAAA1279A1ZB
G_008769,36143.00,2025-02-19,INV/2025/66347,Vendor 8769 Pvt Ltd,27AAAAA3180A1ZF
G_008770,82258.00,2025-02-18,INV/2025/32268,Vendor 8770 Pvt Ltd,27AAAAA4656A1Z8
G_008771,33843.00,2025-01-18,,Vendor 8771 Pvt Ltd,27AAAAA4434A1ZG
G_008772,96943.00,2025-12-08,INV/2025/62996,Vendor 8772 Pvt Ltd Inc,27AAAAA6593A1Z0
G_008773,65375.00,2025-04-25,INV/2025/30224,Vendor 8773 Pvt Ltd,27AAAAA2488A1Z6
G_008774,30592.00,2025-07-29,INV/2025/66645,Vendor 8774 Pvt Ltd,27AAAAA2887A1Z3
G_008775,82435.00,2025-06-21,INV/2025/21441,vendor 8775 pvt ltd,27AAAAA2338A1ZH
G_008776,72587.00,2025-07-08,INV/2025/38716,Vendor 8776 Pvt Ltd,27AAAAA7855A1Z1
G_008777,59303.00,2025-01-05,INV/2025/84083,Vendor 8777 Pvt Ltd,27AAAAA7313A1ZG
G_008778,18044.00,2025-02-24,INV/2025/18395,Vendor 8778 Pvt Ltd,27AAAAA9423A1Z9
G_008779,56815.00,2025-05-26,INV/2025/95245,Vendor 8779 Pvt Ltd Inc,27AAAAA7184A1Z3
G_008780,51070.00,2025-03-20,INV/2025/76371,Vendor 8780 Pvt Ltd,27AAAAA4491A1Z7
G_008781,94963.00,2025-06-20,INV/2025/6744,Vendor 8781 Private Limited,27AAAAA5017A1ZJ
G_008782,33692.00,2025-11-07,INV/2025/50411,vendor 8782 pvt ltd,27AAAAA5437A1ZB
G_008783,3646.00,2025-10-30,INV/2025/18378,Vendor 8783 Pvt Ltd,27AAAAA9628A1Z2
G_008784,46757.00,2025-05-20,,Vendor 8784 Pvt Ltd,27AAAAA5203A1ZN
G_008785,18554.00,2025-06-30,INV/2025/39632,Vendor 8785 Pvt Ltd,27AAAAA8195A1ZY
G_008786,37960.00,2025-09-08,INV/2025/33860,Vendor 8786 Pvt Ltd,27AAAAA1902A1ZP
G_008787,58789.00,2025-07-04,INV/2025/54991,Vendor 8787 Pvt Ltd,27AAAAA2765A1ZA
G_008788,34556.00,2025-07-16,INV/2025/43672,Vendor 8788 Pvt Ltd,27AAAAA1031A1ZT
G_008789,40098.00,2025-08-04,INV/2025/91933,Vendor 8789 Pvt Ltd,27AAAAA9467A1ZX
G_008790,96994.00,2025-06-12,INV/2025/21978,Vendor 8790 Pvt Ltd,27AAAAA5790A1Z3
G_008791,99217.00,2025-09-19,INV/2025/71010,Vendor,27AAAAA9382A1ZZ
G_008792,2351.00,2025-10-14,INV/2025/81003,Vendor 8792 Pvt Ltd,27AAAAA6210A1ZM
G_008793,10875.00,2025-09-01,INV/2025/74151,Vendor 8793 Pvt Ltd,27AAAAA4903A1ZI
G_008794,29435.00,2025-08-12,INV/2025/93131,Vendor,27AAAAA2604A1ZO
G_008795,28777.00,2025-11-12,INV/2025/29135,Vendor 8795 Pvt Ltd,27AAAAA9633A1Z5
G_008796,98194.00,2025-08-14,INV/2025/97706,Vendor 8796 Pvt Ltd,27AAAAA3170A1ZH
G_008797,21494.00,2025-05-12,INV/2025/16150,Vendor 8797 Pvt Ltd,27AAAAA3483A1Z9
G_008798,94023.00,2025-04-15,INV/2025/70082,Vendor 8798 Pvt Ltd Inc,27AAAAA1024A1ZS
G_008799,37845.00,2025-09-01,INV/2025/19015,Vendor 8799 Pvt Ltd,27AAAAA4048A1ZE
G_008800,19267.00,2025-01-23,INV/2025/59267,Vendor 8800 Pvt Ltd,27AAAAA8459A1ZZ
G_008801,45390.00,2025-04-21,INV/2025/63587,Vendor 8801 Pvt Ltd,27AAAAA8913A1Z8
G_008802,31060.00,2025-03-24,INV/2025/31767,VENDOR 8802 PVT LTD,27AAAAA8038A1Z8
G_008803,59875.00,2025-04-18,,Vendor 8803 Pvt Ltd,27AAAAA9020A1ZG
G_008804,69696.00,2025-06-24,INV/2025/70395,Vendor 8804 Pvt Ltd,27AAAAA1010A1ZY
G_008805,46811.00,2025-12-16,,Vendor 8805 Pvt Ltd,27AAAAA6991A1ZY
G_008806,29770.00,2025-03-23,INV/2025/12483,Vendor 8806 Pvt Ltd Inc,27AAAAA7800A1ZG
G_008807,13219.00,2025-02-01,INV/2025/73977,None,27AAAAA7054A1ZA
G_008808,93161.00,2025-12-09,INV/2025/13232,Vendor 8808 Private Limited,27AAAAA9452A1Z4
G_008809,23869.00,2025-10-15,INV/2025/16742,Vendor 8809 Pvt Ltd,27AAAAA5428A1ZC
G_008810,37495.00,2025-03-11,INV/2025/85217,Vendor 8810 Pvt Ltd,27AAAAA4852A1ZA
G_008811,86348.00,2025-10-29,INV/2025/98675,Vendor 8811 Pvt Ltd Inc,27AAAAA4284A1Z8
G_008812,25720.00,2025-04-07,INV/2025/38197,Vendor,27AAAAA6057A1Z9
G_008813,16827.00,2025-11-17,INV/2025/2649,Vendor 8813 Pvt Ltd,27AAAAA8287A1ZX
G_008814,24380.00,2025-05-30,INV/2025/20440,Vendor 8814 Pvt Ltd,27AAAAA4534A1ZF
G_008815,3300.00,2025-11-10,INV/2025/85569,Vendor 8815 Pvt Ltd,27AAAAA1523A1ZO
G_008816,29587.00,2025-02-27,INV/2025/50306,Vendor 8816 Pvt Ltd,27AAAAA8529A1Z4
G_008817,598.00,2025-12-03,INV/2025/68603,vendor 8817 pvt ltd,27AAAAA4725A1ZE
G_008818,40179.00,2025-05-11,INV/2025/63930,None,27AAAAA3796A1Z1
G_008819,63793.00,2025-03-02,INV/2025/18742,Vendor 8819 Pvt Ltd,27AAAAA1465A1ZF
G_008820,65080.00,2025-11-14,,Vendor 8820 Pvt Ltd,27AAAAA6993A1ZW
G_008821,6633.00,2025-03-17,,Vendor 8821 Pvt Ltd,27AAAAA2279A1Z9
G_008822,172964.00,2025-04-02,INV/2025/62703,Vendor 8822 Pvt Ltd,27AAAAA9243A1Z7
G_008823,23231.00,2025-01-20,INV/2025/58757,Vendor 8823 Pvt Ltd,27AAAAA6897A1ZT
G_008824,46717.00,2025-03-15,INV/2025/71835,Vendor 8824 Pvt Ltd,27AAAAA2263A1ZH
G_008825,64719.00,2025-09-17,INV/2025/76531,Vendor 8825 Pvt Ltd,27AAAAA8594A1ZV
G_008826,7485.00,2025-02-24,INV/2025/71105,Vendor 8826 Pvt Ltd,27AAAAA6870A1Z4
G_008827,2831.00,2025-03-15,INV/2025/62180,Vendor 8827 Pvt Ltd,27AAAAA5862A1Z6
G_008828,29233.00,2025-02-19,INV/2025/51982,Vendor 8828 Pvt Ltd,27AAAAA3071A1ZH
G_008829,12172.00,2025-01-13,INV/2025/5407,Vendor 8829 Pvt Ltd,27AAAAA7027A1ZD
G_008830,98456.00,2025-10-03,INV/2025/46719,Vendor 8830 Pvt Ltd,27AAAAA7733A1Z8
G_008831,84366.00,2025-05-02,INV/2025/72917,Vendor 8831 Pvt Ltd,27AAAAA8778A1ZT
G_008832,97760.00,2025-12-21,INV/2025/72668,Vendor 8832 Pvt Ltd,27AAAAA2492A1ZA
G_008833,9869.00,2025-07-18,,Vendor 8833 Pvt Ltd,27AAAAA9239A1Z3
G_008834,22911.00,2025-10-31,INV/2025/11195,Vendor 8834 PVT LTD,27AAAAA2755A1ZC
G_008835,17676.00,2025-06-19,INV/2025/15838,Vendor 8835 Pvt Ltd,27AAAAA8775A1ZW
G_008836,4201.00,2025-04-16,INV/2025/99908,Vendor 8836 Pvt Ltd,27AAAAA9540A1Z7
G_008837,57858.00,2025-01-13,INV/2025/48569,Vendor 8837 Pvt Ltd,27AAAAA4808A1ZE
G_008838,73106.00,2025-03-31,INV/2025/89668,Vendor 8838 Pvt Ltd,27AAAAA5830A1ZE
G_008839,75565.00,2025-03-23,INV/2025/43730,Vendor 8839 Pvt Ltd,27AAAAA3497A1Z3
G_008840,44227.00,2025-12-27,INV/2025/89133,Vendor 8840 Pvt Ltd,27AAAAA7444A1Z8
G_008841,56788.00,2025-11-05,INV/2025/13090,Vendor 8841 Pvt Ltd,27AAAAA2259A1ZD
G_008842,27140.00,2025-07-17,INV/2025/45345,Vendor 8842 Pvt Ltd,27AAAAA1877A1Z7
G_008843,20882.00,2025-04-15,INV/2025/58798,Vendor 8843 Pvt Ltd,27AAAAA5622A1ZG
G_008844,55693.00,2025-08-20,INV/2025/51328,Vendor 8844 Pvt Ltd,27AAAAA8159A1Z2
G_008845,51197.00,2025-02-07,INV/2025/65619,Vendor 8845 Pvt Ltd,27AAAAA8894A1ZS
G_008846,36471.00,2025-07-02,INV/2025/99514,Vendor 8846 Pvt Ltd,27AAAAA1194A1ZD
G_008847,38667.00,2025-03-29,INV/2025/91712,Vendor 8847 Pvt Ltd,27AAAAA3339A1ZE
G_008848,34273.00,2025-03-17,INV/2025/49001,Vendor 8848 Pvt Ltd,27AAAAA7992A1ZV
G_008849,49309.00,2025-05-20,INV/2025/31069,Vendor 8849 Pvt Ltd,27AAAAA1861A1ZF
G_008850,5343.00,2025-12-22,INV/2025/85778,Vendor 8850 Pvt Ltd,27AAAAA7523A1ZC
G_008851,81674.00,2025-09-06,INV/2025/30113,Vendor 8851 Pvt Ltd,27AAAAA9381A1Z0
G_008852,45710.00,2025-07-14,INV/2025/45986,Vendor 8852 Pvt Ltd,27AAAAA3012A1ZS
G_008853,48730.00,2025-02-17,INV/2025/13565,Vendor 8853 Pvt Ltd,27AAAAA7070A1ZA
G_008854,36794.00,2025-04-04,INV/2025/34432,Vendor 8854 Pvt Ltd,27AAAAA6209A1ZF
G_008855,28106.00,2025-11-24,INV/2025/61989,None,27AAAAA5278A1Z4
G_008856,54611.00,2025-10-08,INV/2025/4506,VENDOR 8856 PVT LTD,27AAAAA9596A1ZR
G_008857,94245.00,2025-07-09,,Vendor 8857 Pvt Ltd,27AAAAA9639A1ZZ
G_008858,56088.00,2025-05-14,INV/2025/43033,Vendor 8858 Pvt Ltd,27AAAAA4676A1Z4
G_008859,80437.00,2025-08-18,INV/2025/76295,None,27AAAAA7112A1ZJ
G_008860,17530.00,2025-06-28,INV/2025/97161,Vendor 8860 Pvt Ltd,27AAAAA5258A1Z8
G_008861,95942.00,2025-06-05,INV/2025/28917,Vendor 8861 Pvt Ltd,27AAAAA1947A1ZC
G_008862,42910.00,2025-07-26,INV/2025/68519,Vendor 8862 Pvt Ltd,27AAAAA8822A1Z8
G_008863,43065.00,2025-02-01,,Vendor 8863 Pvt Ltd,27AAAAA9650A1Z4
G_008864,63172.00,2025-04-03,INV/2025/42607,Vendor 8864 Pvt Ltd,27AAAAA8063A1Z7
G_008865,43819.00,2025-09-29,INV/2025/1747,Vendor,27AAAAA2752A1ZF
G_008866,88529.00,2025-11-01,INV/2025/35280,Vendor 8866 Pvt Ltd,27AAAAA9559A1ZW
G_008867,89140.00,2025-03-23,INV/2025/38146,Vendor 8867 Pvt Ltd,27AAAAA4644A1ZC
G_008868,60938.00,2025-06-22,INV/2025/23423,Vendor 8868 Pvt Ltd,27AAAAA3528A1ZF
G_008869,2412.00,2025-03-17,INV/2025/96444,Vendor 8869 Pvt Ltd,27AAAAA1332A1ZP
G_008870,25073.00,2025-06-12,INV/2025/10665,Vendor 8870 Pvt Ltd,
G_008871,7386.00,2025-07-07,INV/2025/27726,Vendor 8871 Pvt Ltd,27AAAAA5025A1ZJ
G_008872,89753.00,2025-11-20,INV/2025/3638,Vendor 8872 Pvt Ltd,27AAAAA4625A1ZF
G_008873,35960.00,2025-02-25,,Vendor 8873 Pvt Ltd,27AAAAA7674A1Z0
G_008874,9403.00,2025-12-03,INV/2025/8516,Vendor 8874 Pvt Ltd,27AAAAA5734A1ZB
G_008875,1963.00,2025-07-18,INV/2025/75486,Vendor 8875 Pvt Ltd,27AAAAA9693A1ZT
G_008876,77618.00,2025-05-17,INV/2025/6217,Vendor 8876 Pvt Ltd,27AAAAA9590A1ZX
G_008877,24951.00,2025-01-18,INV/2025/99359,Vendor 8877 Pvt Ltd,27AAAAA2271A1ZH
G_008878,81247.00,2025-08-24,INV/2025/14283,Vendor,27AAAAA1458A1ZE
G_008879,72438.00,2025-08-27,INV/2025/63402,Vendor 8879 Pvt Ltd,27AAAAA1935A1ZG
G_008880,54645.00,2025-10-20,INV/2025/19768,Vendor 8880 Pvt Ltd,27AAAAA2729A1ZE
G_008881,40670.00,2025-07-31,INV/2025/7200,Vendor 8881 Pvt Ltd,27AAAAA9033A1ZB
G_008882,83627.00,2025-11-08,INV/2025/86434,Vendor 8882 Pvt Ltd,27AAAAA1844A1ZG
G_008883,7315.00,2025-02-02,INV/2025/68323,Vendor 352 Pvt Ltd,27AAAAA7396A1ZX
G_008884,50074.00,2025-02-06,INV/2025/72326,Vendor 8884 Pvt Ltd,27AAAAA7524A1ZB
G_008885,44498.00,2025-05-05,INV/2025/60476,Vendor 8885 Pvt Ltd,27AAAAA9628A1Z2
G_008886,13239.00,2025-01-04,INV/2025/20617,Vendor 8886 Pvt Ltd,27AAAAA1338A1ZJ
G_008887,73448.00,2025-04-22,INV/2025/81484,Vendor 8887 Pvt Ltd,27AAAAA7484A1Z0
G_008888,16076.00,2025-02-09,,Vendor 8888 Pvt Ltd,27AAAAA1585A1ZA
G_008889,35307.00,2025-10-29,INV/2025/15667,Vendor 8889 Pvt Ltd,27AAAAA4210A1ZQ
G_008890,57295.00,2025-11-12,,Vendor 8890 Pvt Ltd,27AAAAA8589A1ZS
G_008891,14502.00,2025-05-25,INV/2025/81461,Vendor 8891 Pvt Ltd,27AAAAA1649A1ZD
G_008892,30164.00,2025-04-02,INV/2025/74222,Vendor 8892 Pvt Ltd,27AAAAA7972A1ZZ
G_008893,148944.00,2025-07-15,INV/2025/34723,Vendor 8893 Pvt Ltd,27AAAAA2836A1ZE
G_008894,66536.00,2025-11-20,INV/2025/51612,Vendor 8894 Pvt Ltd,27AAAAA6396A1ZZ
G_008895,8346.00,2025-09-06,,Vendor 8895 Pvt Ltd,27AAAAA2778A1Z5
G_008896,33285.00,2025-06-04,INV/2025/78996,Vendor 8896 Pvt Ltd,27AAAAA6353A1ZA
G_008897,92651.00,2025-05-22,INV/2025/97838,Vendor 8897 Pvt Ltd,27AAAAA3573A1ZA
G_008898,87049.00,2025-03-14,INV/2025/43676,Vendor 8898 Pvt Ltd,27AAAAA9599A1ZO
G_008899,45357.00,2025-11-13,INV/2025/44081,Vendor 8899 Pvt Ltd,27AAAAA8644A1Z4
G_008900,18667.00,2025-05-09,INV/2025/86307,Vendor 8900 Pvt Ltd,27AAAAA5823A1ZD
G_008901,23619.00,2025-04-27,INV/2025/16121,vendor 8901 pvt ltd,27AAAAA7140A1ZF
G_008902,58116.00,2025-09-12,INV/2025/17377,Vendor 8902 Pvt Ltd,
G_008903,2280.00,2025-07-25,INV/2025/12809,VENDOR 8903 PVT LTD,27AAAAA3532A1ZJ
G_008904,1981.00,2025-05-01,INV/2025/14876,Vendor 8904 Pvt Ltd,27AAAAA3134A1ZL
G_008905,36809.00,2025-06-07,,Vendor 8905 Pvt Ltd,27AAAAA8573A1Z0
G_008906,72797.00,2025-01-06,,Vendor 8906 Pvt Ltd,27AAAAA9014A1ZE
G_008907,39327.00,2025-11-10,INV/2025/57675,Vendor 8907 Pvt Ltd,27AAAAA1719A1ZI
G_008908,54812.00,2025-07-20,INV/2025/59866,Vendor 8908 Pvt Ltd,27AAAAA7335A1ZA
G_008909,83038.00,2025-03-22,INV/2025/93937,Vendor,27AAAAA1518A1ZL
G_008910,80046.00,2025-11-03,,Vendor 8910 Pvt Ltd,27AAAAA6109A1ZG
G_008911,93786.00,2025-09-10,,Vendor 8911 Pvt Ltd,27AAAAA5210A1ZO
G_008912,33789.00,2025-06-14,INV/2025/84617,Vendor 8912 Pvt Ltd Inc,27AAAAA6368A1Z3
G_008913,45212.00,2025-08-28,INV/2025/61531,Vendor 8913 Pvt Ltd,27AAAAA7668A1ZY
G_008914,14683.00,2025-06-26,INV/2025/26889,Vendor 8914 Pvt Ltd,27AAAAA8376A1ZZ
G_008915,83410.00,2025-03-31,,Vendor 8915 Pvt Ltd,27AAAAA4471A1ZB
G_008916,19240.00,2025-03-30,INV/2025/62399,Vendor 8916 Pvt Ltd,27AAAAA4522A1ZJ
G_008917,82881.00,2025-05-29,INV/2025/17789,Vendor 8917 Pvt Ltd,27AAAAA9753A1Z0
G_008918,56244.00,2025-12-19,INV/2025/41023,Vendor 8918 Pvt Ltd,27AAAAA5745A1Z8
G_008919,24886.00,2025-01-16,INV/2025/95382,Vendor 8919 Pvt Ltd,27AAAAA1960A1ZF
G_008920,30728.00,2025-07-16,INV/2025/55488,Vendor 8920 Pvt Ltd,27AAAAA5919A1Z8
G_008921,47168.00,2025-04-14,,Vendor 8921 Pvt Ltd,27AAAAA5815A1ZD
G_008922,17985.00,2025-05-08,INV/2025/41063,Vendor 8922 Pvt Ltd,27AAAAA4523A1ZI
G_008923,50903.00,2025-08-02,INV/2025/68462,Vendor 8923 Pvt Ltd,
G_008924,157136.00,2025-08-01,INV/2025/48820,Vendor 8924 Pvt Ltd,27AAAAA9582A1ZX
G_008925,87202.00,2025-01-03,INV/2025/29977,Vendor 8925 Pvt Ltd,
G_008926,83403.00,2025-08-27,INV/2025/84732,Vendor 103 Pvt Ltd,27AAAAA3591A1Z8
G_008927,47997.00,2025-12-11,INV/2025/60891,Vendor 8927 Pvt Ltd,27AAAAA2277A1ZB
G_008928,11784.00,2025-02-28,INV/2025/11352,Vendor 8928 Pvt Ltd,27AAAAA6090A1Z8
G_008929,83554.00,2025-07-14,INV/2025/21154,Vendor 8929 Pvt Ltd,27AAAAA2768A1Z7
G_008930,21131.00,2025-10-08,INV/2025/10608,Vendor 8930 Pvt Ltd,27AAAAA5478A1Z2
G_008931,44387.00,2025-01-20,INV/2025/76609,Vendor 8931 Pvt Ltd,27AAAAA7635A1Z7
G_008932,83669.00,2025-07-06,INV/2025/3972,Vendor 8932 Pvt Ltd,27AAAAA8348A1Z3
G_008933,15929.00,2025-07-09,INV/2025/9435,Vendor 8933 Pvt Ltd,27AAAAA3246A1ZG
G_008934,8242.00,2025-01-16,INV/2025/85471,Vendor 8934 Pvt Ltd Inc,27AAAAA2515A1ZM
G_008935,4752.00,2025-03-13,INV/2025/61218,Vendor 8935 Pvt Ltd,27AAAAA1247A1ZJ
G_008936,88879.00,2025-07-12,INV/2025/45026,Vendor 8936 Pvt Ltd,27AAAAA1231A1ZR
G_008937,84411.00,2025-07-31,INV/2025/83379,Vendor 8937 Pvt Ltd,27AAAAA8314A1ZD
G_008938,22792.00,2025-07-15,,Vendor 8938 Pvt Ltd,27AAAAA9620A1ZA
G_008939,54780.00,2025-04-26,INV/2025/92091,Vendor 8939 Private Limited,27AAAAA8295A1ZX
G_008940,97958.00,2025-02-01,INV/2025/61134,Vendor 8940 Pvt Ltd,27AAAAA2296A1Z8
G_008941,62456.00,2025-02-10,INV/2025/37217,Vendor 8941 Pvt Ltd,27AAAAA9240A1ZA
G_008942,56706.00,2025-05-30,INV/2025/18567,Vendor 8942 Private Limited,27AAAAA4046A1ZG
G_008943,95852.00,2025-07-15,INV/2025/15682,Vendor 8943 Pvt Ltd,27AAAAA5215A1ZJ
G_008944,95495.00,2025-09-17,INV/2025/98777,Vendor 8944 Pvt Ltd,27AAAAA4305A1ZM
G_008945,90608.00,2025-10-04,INV/2025/96192,Vendor 8945 Pvt Ltd Inc,27AAAAA3201A1ZT
G_008946,46730.00,2025-09-30,INV/2025/38275,Vendor 8946 Pvt Ltd Inc,27AAAAA1837A1ZF
G_008947,128274.00,2025-06-22,INV/2025/18508,Vendor 8947 Pvt Ltd,27AAAAA5797A1ZW
G_008948,85518.00,2025-06-06,INV/2025/44742,Vendor 8948 Pvt Ltd,27AAAAA9899A1ZL
G_008949,44647.00,2025-06-26,INV/2025/91693,Vendor 8949 Pvt Ltd,27AAAAA5714A1ZF
G_008950,19941.00,2025-03-04,INV/2025/3795,Vendor 8950 Pvt Ltd,27AAAAA5580A1Z7
G_008951,15625.00,2025-02-26,INV/2025/63026,Vendor 8951 Pvt Ltd,27AAAAA7544A1Z7
G_008952,97654.00,2025-04-17,INV/2025/75169,Vendor 8952 Pvt Ltd,27AAAAA5583A1Z4
G_008953,92304.00,2025-11-14,INV/2025/72616,Vendor 8953 Pvt Ltd,27AAAAA8211A1ZH
G_008954,78029.00,2025-04-01,INV/2025/29174,Vendor 8954 Pvt Ltd,27AAAAA8063A1Z7
G_008955,191822.00,2025-01-05,INV/2025/5263,Vendor 8955 Pvt Ltd,27AAAAA4952A1Z9
G_008956,96861.00,2025-06-29,INV/2025/26602,None,27AAAAA6675A1Z1
G_008957,52569.00,2025-12-21,INV/2025/28019,Vendor 8957 Pvt Ltd,27AAAAA7049A1Z7
G_008958,13929.00,2025-03-31,INV/2025/48028,Vendor 8958 Pvt Ltd,27AAAAA4574A1Z7
G_008959,4287.00,2025-03-04,,Vendor 8959 Pvt Ltd,27AAAAA9019A1Z9
G_008960,8293.00,2025-08-16,INV/2025/47013,Vendor 8960 Pvt Ltd,27AAAAA2916A1ZH
G_008961,47920.00,2025-10-13,INV/2025/26705,Vendor 8961 Pvt Ltd,27AAAAA4379A1Z4
G_008962,16396.00,2025-06-22,INV/2025/12343,Vendor 8962 Pvt Ltd,27AAAAA3889A1ZZ
G_008963,28972.00,2025-10-11,,Vendor 8963 Pvt Ltd,27AAAAA6103A1ZM
G_008964,9070.00,2025-04-29,,Vendor 8964 Pvt Ltd,27AAAAA8497A1ZT
G_008965,45783.00,2025-12-23,INV/2025/88693,VENDOR 8965 PVT LTD,27AAAAA4534A1ZF
G_008966,45950.00,2025-05-23,,Vendor 8966 Pvt Ltd,27AAAAA1924A1ZJ
G_008967,43459.00,2025-08-10,INV/2025/21846,Vendor 8967 Pvt Ltd,27AAAAA3852A1ZC
G_008968,26197.00,2025-12-11,,Vendor 8968 Pvt Ltd,27AAAAA5597A1ZY
G_008969,125.00,2025-11-26,INV/2025/79573,VENDOR 8969 PVT LTD,27AAAAA3526A1ZH
G_008970,86766.00,2025-12-27,INV/2025/63343,Vendor 8970 PVT LTD,27AAAAA9741A1Z4
G_008971,63199.00,2025-06-19,INV/2025/14487,Vendor 8971 Pvt Ltd,27AAAAA8735A1Z4
G_008972,18026.00,2025-01-25,INV/2025/91832,None,27AAAAA8204A1ZG
G_008973,4835.00,2025-07-16,INV/2025/50217,Vendor 8973 Private Limited,27AAAAA6795A1ZW
G_008974,96151.00,2025-10-07,,Vendor 8974 Pvt Ltd,27AAAAA3104A1ZR
G_008975,43305.00,2025-10-17,INV/2025/37082,Vendor 8975 Pvt Ltd,27AAAAA9486A1ZU
G_008976,27030.00,2025-02-20,INV/2025/11983,Vendor 8976 Pvt Ltd,27AAAAA4876A1Z2
G_008977,41743.00,2025-06-09,INV/2025/4733,Vendor 8977 Pvt Ltd,27AAAAA9878A1ZQ
G_008978,13126.00,2025-09-23,INV/2025/6411,Vendor 8978 Pvt Ltd,27AAAAA3050A1ZM
G_008979,93916.00,2025-05-06,,Vendor 8979 Pvt Ltd,27AAAAA1160A1ZN
G_008980,89850.00,2025-07-09,INV/2025/97954,Vendor 8980 Pvt Ltd,27AAAAA4782A1Z5
G_008981,19054.00,2025-11-01,INV/2025/87399,Vendor 8981 Pvt Ltd,27AAAAA3813A1ZJ
G_008982,12325.00,2025-04-13,,Vendor 8982 Pvt Ltd,27AAAAA7536A1Z7
G_008983,81380.00,2025-09-21,INV/2025/58381,Vendor 8983 Pvt Ltd,27AAAAA4939A1Z6
G_008984,37996.00,2025-12-15,,Vendor 8984 Pvt Ltd,27AAAAA9374A1ZZ
G_008985,3986.00,2025-01-03,INV/2025/61844,None,27AAAAA4257A1ZB
G_008986,96842.00,2025-09-08,,Vendor 8986 Pvt Ltd,27AAAAA8384A1ZZ
G_008987,55164.00,2025-06-27,INV/2025/14143,Vendor 8987 Private Limited,27AAAAA5808A1ZC
G_008988,99422.00,2025-03-31,INV/2025/49088,Vendor 8988 Pvt Ltd,27AAAAA4287A1Z5
G_008989,92609.00,2025-08-10,INV/2025/26801,Vendor 8989 Pvt Ltd,27AAAAA4968A1Z1
G_008990,60829.00,2025-12-19,INV/2025/67276,Vendor 8990 Pvt Ltd,27AAAAA1913A1ZM
G_008991,24589.00,2025-06-22,INV/2025/4044,Vendor 8991 Pvt Ltd,27AAAAA1956A1ZB
G_008992,56035.00,2025-01-23,INV/2025/51666,vendor 8992 pvt ltd,27AAAAA8007A1ZF
G_008993,47420.00,2025-12-31,INV/2025/20396,Vendor 8993 Pvt Ltd,27AAAAA9447A1Z1
G_008994,67326.00,2025-11-12,INV/2025/54707,Vendor 8994 Pvt Ltd,27AAAAA7895A1ZT
G_008995,17918.00,2025-07-17,INV/2025/34376,Vendor 8995 Pvt Ltd,27AAAAA4427A1ZF
G_008996,8503.00,2025-04-03,INV/2025/89144,Vendor 8996 Pvt Ltd,27AAAAA5254A1ZC
G_008997,25723.00,2025-10-19,INV/2025/58141,VENDOR 8997 PVT LTD,27AAAAA5259A1Z7
G_008998,76523.00,2025-07-18,INV/2025/7564,Vendor 8998 Pvt Ltd,27AAAAA6215A1ZH
G_008999,1113.00,2025-09-20,INV/2025/64998,Vendor 8999 Pvt Ltd,27AAAAA3545A1ZE
G_009000,72373.00,2025-03-04,INV/2025/78649,Vendor 9000 Pvt Ltd,27AAAAA9702A1ZB
G_009001,62589.00,2025-02-11,INV/2025/75237,Vendor 9001 Pvt Ltd,27AAAAA3377A1Z8
G_009002,73373.00,2025-02-24,INV/2025/81000,VENDOR 9002 PVT LTD,27AAAAA4610A1ZM
G_009003,43677.00,2025-01-02,INV/2025/13756,Vendor 9003 Pvt Ltd,
G_009004,59947.00,2025-08-04,INV/2025/98578,Vendor 9004 Pvt Ltd,27AAAAA6931A1ZA
G_009005,56597.00,2025-12-31,INV/2025/58610,Vendor 9005 Pvt Ltd Inc,27AAAAA9518A1Z5
G_009006,54035.00,2025-03-09,INV/2025/41135,Vendor 9006 Private Limited,27AAAAA3066A1ZE
G_009007,80666.00,2025-04-26,INV/2025/23027,None,27AAAAA9492A1ZW
G_009008,57310.00,2025-06-22,INV/2025/99233,Vendor 9008 Pvt Ltd,27AAAAA7614A1ZC
G_009009,10283.00,2025-04-16,INV/2025/11937,Vendor 9009 Pvt Ltd,
G_009010,74726.00,2025-05-06,INV/2025/16167,Vendor 9010 Pvt Ltd,27AAAAA5745A1Z8
G_009011,88753.00,2025-08-07,INV/2025/24903,Vendor 9011 Pvt Ltd,27AAAAA9010A1ZI
G_009012,55553.00,2025-12-04,INV/2025/49482,Vendor 9012 Pvt Ltd,27AAAAA9058A1Z2
G_009013,42107.00,2025-08-12,,Vendor 9013 Pvt Ltd,27AAAAA3089A1Z7
G_009014,14550.00,2025-07-16,INV/2025/29114,Vendor,27AAAAA6530A1ZF
G_009015,43316.00,2025-05-09,INV/2025/71097,Vendor,27AAAAA2566A1ZB
G_009016,96839.00,2025-04-10,INV/2025/38660,Vendor 9016 Pvt Ltd,27AAAAA2523A1ZM
G_009017,24719.00,2025-04-14,INV/2025/38126,Vendor 9017 Pvt Ltd,27AAAAA1384A1ZD
G_009018,77793.00,2025-08-01,,Vendor 9018 Pvt Ltd,27AAAAA6098A1Z0
G_009019,39621.00,2025-11-27,INV/2025/98635,Vendor 9019 Pvt Ltd,27AAAAA8304A1ZF
G_009020,93011.00,2025-05-10,INV/2025/71627,Vendor 9020 Pvt Ltd,27AAAAA5990A1Z1
G_009021,28630.00,2025-11-11,INV/2025/74102,Vendor 9021 Private Limited,27AAAAA9002A1ZI
G_009022,42826.00,2025-09-19,,Vendor 9022 Pvt Ltd,27AAAAA6405A1ZH
G_009023,5341.00,2025-06-29,INV/2025/8613,Vendor 9023 Pvt Ltd,27AAAAA5579A1Z0
G_009024,27362.00,2025-06-08,INV/2025/88207,Vendor 9024 Pvt Ltd,27AAAAA2086A1ZC
G_009025,42464.00,2025-12-21,INV/2025/55804,Vendor,27AAAAA7812A1ZC
G_009026,71601.00,2025-09-09,INV/2025/35929,Vendor 9026 Pvt Ltd,27AAAAA4590A1Z7
G_009027,30046.00,2025-06-07,INV/2025/12374,Vendor 9027 Pvt Ltd,27AAAAA2281A1ZF
G_009028,91337.00,2025-11-24,INV/2025/33624,Vendor 9028 Pvt Ltd,27AAAAA9497A1ZR
G_009029,55665.00,2025-07-08,INV/2025/61126,Vendor 9029 Pvt Ltd,27AAAAA8299A1ZT
G_009030,48162.00,2025-08-04,,Vendor 9030 Pvt Ltd,27AAAAA7265A1Z5
G_009031,65483.00,2025-11-20,,Vendor 9031 Pvt Ltd,27AAAAA7897A1ZR
G_009032,28149.00,2025-07-12,,Vendor 9032 Pvt Ltd,27AAAAA4819A1ZB
G_009033,40914.00,2025-02-18,,Vendor 9033 Pvt Ltd,27AAAAA5193A1Z6
G_009034,26704.00,2025-10-27,,Vendor 9034 Pvt Ltd,27AAAAA5127A1ZG
G_009035,68227.00,2025-04-06,INV/2025/93355,Vendor 9035 Pvt Ltd,27AAAAA2834A1ZG
G_009036,4710.00,2025-11-15,INV/2025/97434,Vendor 9036 Pvt Ltd,27AAAAA5511A1ZK
G_009037,24109.00,2025-09-02,INV/2025/97469,Vendor,27AAAAA9374A1ZZ
G_009038,7044.00,2025-04-19,INV/2025/11450,Vendor,27AAAAA3215A1ZN
G_009039,57193.00,2025-12-26,INV/2025/48138,Vendor 9039 Pvt Ltd,27AAAAA5611A1ZJ
G_009040,62344.00,2025-09-18,INV/2025/67612,Vendor 9040 Pvt Ltd,27AAAAA5370A1ZB
G_009041,69037.00,2025-10-09,,Vendor 9041 Pvt Ltd,27AAAAA8651A1Z5
G_009042,82115.00,2025-12-27,INV/2025/96069,Vendor 9042 Pvt Ltd,27AAAAA9201A1ZH
G_009043,61080.00,2025-12-25,INV/2025/77149,Vendor 9043 Pvt Ltd,27AAAAA6824A1ZA
G_009044,60144.00,2025-11-05,INV/2025/39496,Vendor 9044 Pvt Ltd,27AAAAA2418A1ZK
G_009045,49327.00,2025-10-29,,Vendor 9045 Pvt Ltd,27AAAAA1887A1Z5
G_009046,83804.00,2025-10-20,INV/2025/47445,Vendor 9046 Pvt Ltd,27AAAAA4691A1Z5
G_009047,17519.00,2025-09-10,INV/2025/88898,Vendor,27AAAAA4345A1ZE
G_009048,71140.00,2025-12-05,INV/2025/80487,Vendor 9048 Pvt Ltd Inc,27AAAAA7973A1ZY
G_009049,30112.00,2025-04-06,,Vendor 9049 Pvt Ltd,27AAAAA1342A1ZN
G_009050,6614.00,2025-06-12,INV/2025/19325,Vendor 9050 Pvt Ltd,27AAAAA4740A1ZF
G_009051,5255.00,2025-08-15,INV/2025/54346,Vendor 9051 Pvt Ltd,27AAAAA3759A1Z6
G_009052,28411.00,2025-06-22,INV/2025/24302,Vendor 9052 Pvt Ltd,27AAAAA7120A1ZJ
G_009053,32699.00,2025-12-31,INV/2025/83633,Vendor 9053 Pvt Ltd,27AAAAA1869A1Z7
G_009054,70871.00,2025-05-19,INV/2025/83917,Vendor 9054 PVT LTD,27AAAAA1496A1Z8
G_009055,7143.00,2025-06-04,INV/2025/42594,Vendor 9055 Pvt Ltd,27AAAAA8829A1Z1
G_009056,58324.00,2025-07-23,INV/2025/10156,Vendor 9056 Pvt Ltd,27AAAAA9892A1ZS
G_009057,53993.00,2025-09-09,INV/2025/50381,Vendor 9057 Pvt Ltd,27AAAAA8350A1Z9
G_009058,44044.00,2025-06-03,INV/2025/83709,Vendor 9058 Pvt Ltd,27AAAAA4213A1ZN
G_009059,94636.00,2025-04-27,INV/2025/16793,Vendor 9059 Pvt Ltd,27AAAAA5599A1ZW
G_009060,82273.00,2025-04-08,,Vendor 9060 Pvt Ltd,27AAAAA9390A1ZZ
G_009061,32215.00,2025-02-03,,Vendor 9061 Pvt Ltd,27AAAAA6942A1Z7
G_009062,68231.00,2025-06-19,,Vendor 9062 Pvt Ltd,27AAAAA1522A1ZP
G_009063,23086.00,2025-05-24,,Vendor 9063 Pvt Ltd,27AAAAA1483A1ZD
G_009064,53112.00,2025-05-09,,Vendor 9064 Pvt Ltd,27AAAAA4521A1ZK
G_009065,28638.00,2025-02-09,INV/2025/27811,Vendor 9065 Pvt Ltd,27AAAAA5067A1Z9
G_009066,8305.00,2025-05-30,INV/2025/83087,Vendor 9066 Pvt Ltd,27AAAAA6100A1ZP
G_009067,103360.00,2025-03-25,INV/2025/10811,Vendor 9067 Pvt Ltd,27AAAAA8902A1ZB
G_009068,95464.00,2025-03-14,INV/2025/85120,Vendor 9068 Private Limited,27AAAAA5822A1ZE
G_009069,64982.00,2025-03-11,,Vendor 9069 Pvt Ltd,27AAAAA2697A1Z3
G_009070,10704.00,2025-12-29,,Vendor 9070 Pvt Ltd,27AAAAA3185A1ZA
G_009071,2693.00,2025-09-09,INV/2025/90634,Vendor 9071 PVT LTD,27AAAAA6522A1ZF
G_009072,35995.00,2025-12-18,INV/2025/8912,vendor 9072 pvt ltd,27AAAAA3355A1ZE
G_009073,10624.00,2025-11-15,INV/2025/56016,vendor 9073 pvt ltd,27AAAAA7381A1Z4
G_009074,51502.00,2025-03-29,INV/2025/64101,Vendor 9074 Pvt Ltd,27AAAAA7494A1ZY
G_009075,55689.00,2025-06-12,INV/2025/91455,vendor 9075 pvt ltd,27AAAAA1844A1ZG
G_009076,57231.00,2025-03-25,INV/2025/29072,Vendor 9076 Pvt Ltd,27AAAAA9313A1ZC
G_009077,60719.00,2025-02-19,,Vendor 9077 Pvt Ltd,27AAAAA8349A1Z2
G_009078,8729.00,2025-10-22,INV/2025/78428,Vendor 9078 PVT LTD,27AAAAA3915A1ZG
G_009079,64674.00,2025-07-14,INV/2025/95543,Vendor 9079 Pvt Ltd,27AAAAA2415A1ZN
G_009080,83584.00,2025-01-06,INV/2025/1189,Vendor 9080 Pvt Ltd,27AAAAA9019A1Z9
G_009081,21179.00,2025-05-22,INV/2025/41119,Vendor 9081 Pvt Ltd,27AAAAA7945A1Z2
G_009082,25784.00,2025-01-01,,Vendor 9082 Pvt Ltd,27AAAAA5754A1Z7
G_009083,65240.00,2025-09-14,INV/2025/84509,Vendor 9083 Pvt Ltd,27AAAAA9930A1Z5
G_009084,55626.00,2025-06-24,INV/2025/74929,Vendor 9084 Pvt Ltd,27AAAAA5699A1ZV
G_009085,108886.00,2025-10-05,INV/2025/85611,Vendor 9085 Pvt Ltd,27AAAAA9855A1ZX
G_009086,63875.00,2025-12-23,INV/2025/36617,Vendor 9086 PVT LTD,27AAAAA9375A1ZY
G_009087,27562.00,2025-10-25,INV/2025/19509,Vendor 9087 Pvt Ltd,27AAAAA1126A1ZP
G_009088,65794.00,2025-08-30,INV/2025/4359,Vendor 9088 PVT LTD,27AAAAA7597A1ZU
G_009089,96816.00,2025-09-09,INV/2025/70638,Vendor 9089 Pvt Ltd,27AAAAA7097A1ZZ
G_009090,63553.00,2025-12-28,,Vendor 9090 Pvt Ltd,27AAAAA6368A1Z3
G_009091,657.00,2025-10-24,INV/2025/19784,Vendor 9091 Pvt Ltd,27AAAAA4512A1ZL
G_009092,26985.00,2025-01-10,INV/2025/67226,Vendor 9092 Pvt Ltd,27AAAAA5716A1ZD
G_009093,45452.00,2025-08-24,INV/2025/49580,Vendor 9093 Pvt Ltd,27AAAAA3839A1Z9
G_009094,110710.00,2025-07-21,INV/2025/41096,Vendor 9094 Pvt Ltd,27AAAAA3680A1ZA
G_009095,75072.00,2025-05-24,INV/2025/42313,Vendor 9095 Pvt Ltd,27AAAAA1049A1ZJ
G_009096,30564.00,2025-02-20,INV/2025/38548,Vendor 9096 Pvt Ltd,27AAAAA8266A1Z2
G_009097,23341.00,2025-03-16,INV/2025/87204,Vendor 9097 Pvt Ltd,27AAAAA7912A1ZB
G_009098,26502.00,2025-10-12,INV/2025/20951,Vendor 9098 Pvt Ltd,
G_009099,8077.00,2025-01-26,INV/2025/19938,Vendor 9099 Pvt Ltd,27AAAAA2151A1ZM
G_009100,88832.00,2025-08-08,INV/2025/36761,Vendor 9100 Pvt Ltd,27AAAAA9653A1Z1
G_009101,78457.00,2025-11-05,INV/2025/52005,VENDOR 9101 PVT LTD,27AAAAA4920A1ZH
G_009102,99171.00,2025-11-10,INV/2025/27616,Vendor 9102 Pvt Ltd,27AAAAA4667A1Z5
G_009103,69172.00,2025-08-17,INV/2025/57304,Vendor 9103 PVT LTD,27AAAAA4209A1ZJ
G_009104,68520.00,2025-10-25,INV/2025/70379,Vendor 9104 Pvt Ltd,27AAAAA7529A1Z6
G_009105,27676.00,2025-10-13,INV/2025/95361,Vendor 9105 Pvt Ltd,27AAAAA8330A1ZD
G_009106,45790.00,2025-04-03,INV/2025/98357,Vendor 9106 Pvt Ltd,27AAAAA7207A1ZF
G_009107,83328.00,2025-11-05,INV/2025/94171,Vendor 9107 PVT LTD,27AAAAA9047A1Z5
G_009108,30619.00,2025-11-20,INV/2025/48174,Vendor 9108 Pvt Ltd,27AAAAA9036A1Z8
G_009109,3385.00,2025-07-12,INV/2025/68687,Vendor 9109 Pvt Ltd,27AAAAA9565A1ZY
G_009110,4095.00,2025-12-08,,Vendor 9110 Pvt Ltd,27AAAAA7617A1Z9
G_009111,77990.00,2025-11-12,INV/2025/95987,Vendor 9111 Pvt Ltd,27AAAAA3891A1Z5
G_009112,20280.00,2025-03-20,INV/2025/54520,Vendor,27AAAAA8597A1ZS
G_009113,7515.00,2025-08-19,INV/2025/53973,Vendor 9113 Pvt Ltd,27AAAAA2444A1ZI
G_009114,70655.00,2025-07-31,INV/2025/59083,Vendor 9114 PVT LTD,27AAAAA8279A1ZX
G_009115,9961.00,2025-09-30,,Vendor 9115 Pvt Ltd,27AAAAA8899A1ZN
G_009116,34803.00,2025-08-09,,Vendor 9116 Pvt Ltd,27AAAAA8173A1Z4
G_009117,28569.00,2025-01-17,INV/2025/48389,Vendor 9117 Pvt Ltd,27AAAAA4730A1ZH
G_009118,87739.00,2025-08-06,,Vendor 9118 Pvt Ltd,27AAAAA1702A1ZR
G_009119,7352.00,2025-12-30,INV/2025/31852,Vendor 9119 Pvt Ltd,27AAAAA2922A1ZJ
G_009120,65386.00,2025-04-07,INV/2025/52056,Vendor 9120 Pvt Ltd,27AAAAA8737A1Z2
G_009121,79484.00,2025-02-26,INV/2025/81492,Vendor,27AAAAA5485A1Z3
G_009122,27818.00,2025-03-14,INV/2025/77063,Vendor 9122 Pvt Ltd,27AAAAA2328A1ZJ
G_009123,62038.00,2025-04-04,INV/2025/35656,Vendor 9123 Pvt Ltd,27AAAAA6969A1ZW
G_009124,62464.00,2025-03-17,INV/2025/53001,VENDOR 9124 PVT LTD,27AAAAA6705A1ZE
G_009125,61058.00,2025-03-13,,Vendor 9125 Pvt Ltd,27AAAAA1184A1ZF
G_009126,66700.00,2025-11-28,INV/2025/94329,VENDOR 9126 PVT LTD,27AAAAA4712A1ZJ
G_009127,3641.00,2025-10-24,INV/2025/82515,Vendor 9127 Pvt Ltd,
G_009128,182984.00,2025-05-18,INV/2025/85524,Vendor 9128 Pvt Ltd,27AAAAA3638A1ZC
G_009129,8592.00,2025-05-17,INV/2025/81785,Vendor 9129 Pvt Ltd,27AAAAA6353A1ZA
G_009130,98095.00,2025-04-25,INV/2025/46185,Vendor 9130 Pvt Ltd,27AAAAA8654A1Z2
G_009131,42251.00,2025-05-01,INV/2025/51030,Vendor 9131 Pvt Ltd,
G_009132,63974.00,2025-09-13,,Vendor 9132 Pvt Ltd,27AAAAA2007A1ZR
G_009133,59937.00,2025-03-14,INV/2025/20595,Vendor 9133 Pvt Ltd,27AAAAA8284A1Z0
G_009134,49759.00,2025-12-12,INV/2025/12085,Vendor 9134 Pvt Ltd,27AAAAA6037A1ZD
G_009135,1473.00,2025-03-17,INV/2025/66113,Vendor 9135 Pvt Ltd,27AAAAA1559A1ZC
G_009136,97375.00,2025-01-31,INV/2025/63423,Vendor 9136 Pvt Ltd,
G_009137,90916.00,2025-08-12,INV/2025/91936,None,27AAAAA8706A1Z9
G_009138,41935.00,2025-02-25,INV/2025/34049,Vendor 9138 Pvt Ltd,27AAAAA1634A1ZK
G_009139,85176.00,2025-11-01,INV/2025/89800,Vendor 9139 Pvt Ltd,27AAAAA7182A1Z5
G_009140,9323.00,2025-03-21,INV/2025/5912,Vendor 9140 Pvt Ltd,27AAAAA9449A1ZZ
G_009141,3415.00,2025-07-26,,Vendor 9141 Pvt Ltd,27AAAAA1895A1Z5
G_009142,45710.00,2025-07-07,,Vendor 9142 Pvt Ltd,27AAAAA2325A1ZM
G_009143,76832.00,2025-12-05,,Vendor 9143 Pvt Ltd,27AAAAA4588A1Z1
G_009144,41888.00,2025-07-02,INV/2025/58164,Vendor 9144 Pvt Ltd,27AAAAA5196A1Z3
G_009145,12671.00,2025-06-05,,Vendor 9145 Pvt Ltd,27AAAAA3083A1ZD
G_009146,36752.00,2025-02-12,INV/2025/25842,None,27AAAAA6064A1ZA
G_009147,86077.00,2025-02-13,INV/2025/59618,Vendor 9147 Pvt Ltd,27AAAAA7121A1ZI
G_009148,6888.00,2025-05-03,INV/2025/73303,Vendor 9148 Pvt Ltd,27AAAAA4417A1ZH
G_009149,77072.00,2025-01-22,INV/2025/64127,Vendor 9149 Pvt Ltd,27AAAAA6359A1Z4
G_009150,78446.00,2025-07-09,INV/2025/93848,Vendor 9150 Pvt Ltd,27AAAAA8132A1ZD
G_009151,107994.00,2025-02-27,INV/2025/86300,Vendor 9151 Pvt Ltd,27AAAAA4418A1ZG
G_009152,38277.00,2025-01-22,INV/2025/93396,Vendor 9152 Pvt Ltd,
G_009153,3359.00,2025-12-18,INV/2025/50251,VENDOR 9153 PVT LTD,27AAAAA4125A1ZK
G_009154,19140.00,2025-02-05,INV/2025/37096,Vendor 9154 Pvt Ltd,27AAAAA9689A1ZP
G_009155,76515.00,2025-11-05,,Vendor 9155 Pvt Ltd,27AAAAA9510A1ZD
G_009156,75635.00,2025-05-01,INV/2025/1975,Vendor 9156 Pvt Ltd,27AAAAA9279A1ZV
G_009157,19040.00,2025-02-08,INV/2025/66858,Vendor 9157 Pvt Ltd,27AAAAA6908A1Z9
G_009158,73452.00,2025-04-08,INV/2025/98523,Vendor 9158 Pvt Ltd,27AAAAA1855A1ZD
G_009159,7097.00,2025-05-15,INV/2025/92972,Vendor 9159 Pvt Ltd,27AAAAA7691A1ZZ
G_009160,42822.00,2025-05-15,,Vendor 9160 Pvt Ltd,27AAAAA7898A1ZQ
G_009161,35796.00,2025-01-08,,Vendor 9161 Pvt Ltd,27AAAAA5453A1ZB
G_009162,46395.00,2025-06-07,INV/2025/61169,Vendor 9162 Pvt Ltd,27AAAAA8010A1ZK
G_009163,84178.00,2025-01-27,,Vendor 9163 Pvt Ltd,27AAAAA9185A1ZY
G_009164,40215.00,2025-09-29,INV/2025/62856,Vendor 9164 Pvt Ltd,27AAAAA8493A1ZX
G_009165,29596.00,2025-01-15,INV/2025/96257,Vendor 9165 Pvt Ltd,27AAAAA3509A1ZI
G_009166,76700.00,2025-11-29,INV/2025/41466,Vendor 9166 Pvt Ltd,27AAAAA1111A1ZW
G_009167,47379.00,2025-01-06,INV/2025/13764,Vendor 9167 Pvt Ltd,27AAAAA2770A1ZD
G_009168,43947.00,2025-01-27,INV/2025/55663,Vendor 9168 Pvt Ltd,27AAAAA4623A1ZH
G_009169,56823.00,2025-01-29,INV/2025/48196,Vendor 9169 Pvt Ltd,27AAAAA7162A1Z9
G_009170,67120.00,2025-07-04,INV/2025/85399,Vendor 9170 Pvt Ltd,27AAAAA1341A1ZO
G_009171,63630.00,2025-10-03,INV/2025/76299,Vendor 9171 Pvt Ltd,27AAAAA6403A1ZJ
G_009172,76598.00,2025-02-19,INV/2025/79884,Vendor 9172 Pvt Ltd,27AAAAA5073A1ZB
G_009173,20018.00,2025-10-18,INV/2025/78801,Vendor 9173 Pvt Ltd,27AAAAA8563A1Z2
G_009174,21864.00,2025-12-22,INV/2025/75255,Vendor 9174 Pvt Ltd,27AAAAA3497A1Z3
G_009175,77758.00,2025-03-05,INV/2025/4526,Vendor 9175 Pvt Ltd,27AAAAA1299A1Z7
G_009176,65254.00,2025-02-06,INV/2025/41433,Vendor 9176 Pvt Ltd,27AAAAA5456A1Z8
G_009177,22164.00,2025-02-11,INV/2025/14200,Vendor 9177 Pvt Ltd,27AAAAA4733A1ZE
G_009178,17240.00,2025-08-12,INV/2025/85939,Vendor 9178 Pvt Ltd,27AAAAA1805A1ZN
G_009179,63664.00,2025-08-19,,Vendor 9179 Pvt Ltd,27AAAAA4842A1ZC
G_009180,28831.00,2025-05-08,INV/2025/1974,VENDOR 9180 PVT LTD,27AAAAA2786A1Z5
G_009181,48595.00,2025-03-25,INV/2025/33753,Vendor 9181 Pvt Ltd,27AAAAA5311A1ZM
G_009182,27269.00,2025-06-08,INV/2025/51577,Vendor 9182 Pvt Ltd,27AAAAA1214A1ZS
G_009183,67598.00,2025-08-15,INV/2025/35638,None,27AAAAA3960A1ZB
G_009184,52975.00,2025-10-10,INV/2025/52470,Vendor 9184 Pvt Ltd,27AAAAA6241A1ZF
G_009185,72687.00,2025-01-21,INV/2025/5112,Vendor 9185 Pvt Ltd,27AAAAA6466A1Z4
G_009186,91791.00,2025-04-21,INV/2025/72365,Vendor 9186 Pvt Ltd,27AAAAA6729A1Z6
G_009187,7064.00,2025-02-17,INV/2025/42152,Vendor 9187 Pvt Ltd,27AAAAA7102A1ZL
G_009188,59614.00,2025-10-04,INV/2025/14963,Vendor 9188 Private Limited,27AAAAA6456A1Z6
G_009189,81495.00,2025-12-31,INV/2025/36879,vendor 9189 pvt ltd,27AAAAA8439A1Z3
G_009190,69634.00,2025-09-24,INV/2025/16002,Vendor 9190 Pvt Ltd,27AAAAA5621A1ZH
G_009191,38761.00,2025-05-19,INV/2025/57057,Vendor 9191 Pvt Ltd,27AAAAA2870A1ZC
G_009192,33200.00,2025-02-26,INV/2025/60525,Vendor 9192 Pvt Ltd,27AAAAA6588A1ZX
G_009193,47737.00,2025-08-01,,Vendor 427 Pvt Ltd,27AAAAA4139A1ZE
G_009194,72620.00,2025-07-05,,Vendor 9194 Pvt Ltd,27AAAAA9787A1ZQ
G_009195,30894.00,2025-11-21,INV/2025/90781,Vendor 9195 Pvt Ltd,27AAAAA6448A1Z6
G_009196,55878.00,2025-08-10,INV/2025/48261,Vendor 9196 Pvt Ltd Inc,27AAAAA9131A1ZC
G_009197,22209.00,2025-12-06,INV/2025/30967,Vendor 9197 Pvt Ltd,27AAAAA1746A1ZF
G_009198,30638.00,2025-10-15,INV/2025/14406,Vendor 9198 Pvt Ltd,27AAAAA7245A1Z9
G_009199,66995.00,2025-06-08,INV/2025/81465,VENDOR 9199 PVT LTD,27AAAAA5413A1ZJ
G_009200,41001.00,2025-07-17,INV/2025/21993,Vendor 9200 PVT LTD,27AAAAA2584A1Z9
G_009201,70550.00,2025-01-31,INV/2025/87403,Vendor 9201 Pvt Ltd,27AAAAA6491A1Z3
G_009202,86379.00,2025-07-04,INV/2025/11756,Vendor 9202 Private Limited,27AAAAA2420A1ZQ
G_009203,45386.00,2025-08-09,INV/2025/15900,Vendor 9203 Pvt Ltd,
G_009204,63689.00,2025-09-17,INV/2025/38949,Vendor 9204 Pvt Ltd,27AAAAA3684A1Z6
G_009205,75812.00,2025-04-09,INV/2025/59407,Vendor 9205 Pvt Ltd,27AAAAA8475A1ZZ
G_009206,63353.00,2025-07-14,INV/2025/10980,None,27AAAAA2806A1ZK
G_009207,22403.00,2025-06-27,INV/2025/69451,vendor 9207 pvt ltd,27AAAAA3629A1ZD
G_009208,86807.00,2025-04-11,INV/2025/16744,Vendor 9208 Pvt Ltd,27AAAAA5478A1Z2
G_009209,91354.00,2025-12-15,INV/2025/90234,Vendor 9209 Pvt Ltd,27AAAAA6146A1ZB
G_009210,40397.00,2025-08-17,INV/2025/36896,Vendor 9210 Pvt Ltd,27AAAAA8330A1ZD
G_009211,19955.00,2025-10-22,INV/2025/83373,Vendor 9211 Pvt Ltd,27AAAAA8809A1Z5
G_009212,53489.00,2025-06-24,INV/2025/58578,Vendor 9212 Pvt Ltd,27AAAAA6688A1ZW
G_009213,50545.00,2025-03-05,,Vendor 9213 Pvt Ltd,27AAAAA1910A1ZP
G_009214,19673.00,2025-06-18,INV/2025/17295,Vendor 9214 Pvt Ltd,27AAAAA5301A1ZO
G_009215,34270.00,2025-06-20,INV/2025/42055,Vendor 9215 Pvt Ltd,27AAAAA6181A1Z8
G_009216,38031.00,2025-02-23,,Vendor 9216 Pvt Ltd,27AAAAA3065A1ZF
G_009217,31150.00,2025-06-09,INV/2025/72716,Vendor 9217 Pvt Ltd,27AAAAA8077A1Z1
G_009218,11520.00,2025-12-10,INV/2025/60168,Vendor 9218 Pvt Ltd,27AAAAA7978A1ZT
G_009219,33119.00,2025-11-07,INV/2025/16375,Vendor 9219 Pvt Ltd,27AAAAA7236A1ZA
G_009220,64620.00,2025-12-19,INV/2025/46815,Vendor 9220 Pvt Ltd,27AAAAA6888A1ZU
G_009221,36287.00,2025-08-11,INV/2025/89235,Vendor 9221 Pvt Ltd,27AAAAA2566A1ZB
G_009222,10139.00,2025-06-29,INV/2025/63132,Vendor 9222 Pvt Ltd,27AAAAA5895A1ZX
G_009223,35506.00,2025-01-04,INV/2025/95874,Vendor 9223 PVT LTD,27AAAAA9482A1ZY
G_009224,66531.00,2025-02-05,INV/2025/3044,Vendor,27AAAAA9051A1Z9
G_009225,63266.00,2025-11-25,INV/2025/14386,Vendor 9225 Pvt Ltd Inc,27AAAAA7133A1ZE
G_009226,40945.00,2025-10-26,INV/2025/47980,Vendor 9226 Pvt Ltd,27AAAAA2665A1ZB
G_009227,42946.00,2025-09-30,INV/2025/25828,None,27AAAAA6884A1ZY
G_009228,4855.00,2025-08-28,INV/2025/23916,Vendor,27AAAAA9995A1ZO
G_009229,6602.00,2025-10-01,INV/2025/34717,Vendor 9229 Pvt Ltd,27AAAAA9478A1ZU
G_009230,50250.00,2025-10-04,INV/2025/41754,None,27AAAAA2123A1ZQ
G_009231,25708.00,2025-11-30,INV/2025/4040,Vendor 9231 Pvt Ltd,
G_009232,40959.00,2025-07-17,INV/2025/37106,Vendor 9232 Pvt Ltd,27AAAAA1286A1ZC
G_009233,998.00,2025-07-13,INV/2025/89023,Vendor 11 Pvt Ltd,27AAAAA3088A1Z8
G_009234,88452.00,2025-11-09,INV/2025/81566,Vendor 9234 Pvt Ltd,27AAAAA3037A1ZJ
G_009235,62936.00,2025-04-29,INV/2025/28656,Vendor 9235 Pvt Ltd,27AAAAA9409A1Z7
G_009236,31447.00,2026-01-01,INV/2025/19180,Vendor 9236 Pvt Ltd,27AAAAA3725A1ZG
G_009237,29195.00,2025-08-07,,Vendor 9237 Pvt Ltd,27AAAAA9130A1ZD
G_009238,19255.00,2025-11-29,,Vendor 9238 Pvt Ltd,27AAAAA4400A1ZQ
G_009239,34226.00,2025-08-26,INV/2025/31647,Vendor 9239 Pvt Ltd,27AAAAA1787A1Z6
G_009240,21635.00,2025-08-03,,Vendor 9240 Pvt Ltd,27AAAAA3307A1ZM
G_009241,6971.00,2025-06-26,,Vendor 9241 Pvt Ltd,27AAAAA4375A1Z8
G_009242,40106.00,2025-07-09,INV/2025/13654,Vendor 9242 Pvt Ltd,27AAAAA4110A1ZR
G_009243,38894.00,2025-03-16,INV/2025/56156,Vendor 9243 Pvt Ltd,27AAAAA8116A1ZD
G_009244,93818.00,2025-01-14,INV/2025/80962,vendor 9244 pvt ltd,27AAAAA2014A1ZS
G_009245,33557.00,2025-01-06,INV/2025/92836,Vendor 9245 Pvt Ltd,27AAAAA8652A1Z4
G_009246,15101.00,2025-07-18,INV/2025/39136,Vendor 9246 Pvt Ltd,27AAAAA4970A1Z7
G_009247,92008.00,2025-04-13,INV/2025/57912,Vendor 9247 Pvt Ltd,27AAAAA2458A1ZC
G_009248,84105.00,2025-03-22,INV/2025/92506,Vendor 9248 Pvt Ltd,27AAAAA1809A1ZJ
G_009249,56201.00,2025-01-21,INV/2025/6524,Vendor 9249 Pvt Ltd,27AAAAA3839A1Z9
G_009250,22022.00,2025-04-07,INV/2025/69242,Vendor 9250 Pvt Ltd,27AAAAA4000A1ZU
G_009251,79951.00,2025-11-12,INV/2025/25592,VENDOR 9251 PVT LTD,27AAAAA8577A1ZW
G_009252,48240.00,2025-10-15,INV/2025/75086,Vendor 9252 Pvt Ltd,27AAAAA5925A1ZA
G_009253,36633.00,2025-09-06,INV/2025/43215,Vendor 9253 Pvt Ltd,27AAAAA8906A1Z7
G_009254,60186.00,2025-07-01,INV/2025/53186,Vendor 9254 Pvt Ltd,27AAAAA8294A1ZY
G_009255,67351.00,2025-12-11,INV/2025/81992,Vendor,27AAAAA9436A1Z4
G_009256,56219.00,2025-09-09,INV/2025/54456,Vendor 9256 Pvt Ltd,27AAAAA4082A1ZC
G_009257,27648.00,2025-02-11,INV/2025/97363,Vendor 9257 Pvt Ltd,27AAAAA1954A1ZD
G_009258,64526.00,2025-04-25,INV/2025/85411,Vendor 9258 Pvt Ltd,27AAAAA2169A1ZC
G_009259,27654.00,2025-11-25,INV/2025/90166,Vendor 9259 Pvt Ltd,27AAAAA6839A1Z3
G_009260,28212.00,2025-06-21,INV/2025/38817,None,27AAAAA9377A1ZW
G_009261,37919.00,2025-10-16,INV/2025/67385,vendor 9261 pvt ltd,27AAAAA8439A1Z3
G_009262,68302.00,2025-04-13,INV/2025/74652,Vendor 9262 Pvt Ltd Inc,27AAAAA7962A1Z1
G_009263,28297.00,2025-01-19,,Vendor 9263 Pvt Ltd,27AAAAA5691A1Z3
G_009264,99130.00,2025-06-23,,Vendor 9264 Pvt Ltd,27AAAAA5077A1Z7
G_009265,25750.00,2025-12-15,INV/2025/38555,Vendor 9265 Pvt Ltd,27AAAAA9031A1ZD
G_009266,69905.00,2025-10-21,INV/2025/84928,vendor 9266 pvt ltd,27AAAAA8086A1Z0
G_009267,98249.00,2025-05-11,INV/2025/62632,Vendor 9267 Pvt Ltd,27AAAAA3484A1Z8
G_009268,54523.00,2025-02-23,INV/2025/3252,vendor 9268 pvt ltd,27AAAAA6257A1Z7
G_009269,28062.00,2025-01-11,INV/2025/22277,Vendor 9269 Pvt Ltd,27AAAAA1637A1ZH
G_009270,27579.00,2025-10-26,,Vendor 9270 Pvt Ltd,27AAAAA3291A1ZB
G_009271,54825.00,2025-11-02,INV/2025/68112,Vendor 9271 Pvt Ltd,27AAAAA2581A1ZC
G_009272,34095.00,2025-02-20,,Vendor 9272 Pvt Ltd,27AAAAA6817A1Z9
G_009273,30335.00,2025-11-18,INV/2025/18440,Vendor 9273 Pvt Ltd,27AAAAA7705A1ZC
G_009274,15014.00,2025-06-01,INV/2025/35613,Vendor 9274 Pvt Ltd,27AAAAA3090A1ZE
G_009275,44150.00,2025-11-27,INV/2025/5764,Vendor 9275 Pvt Ltd,27AAAAA2743A1ZG
G_009276,64128.00,2025-10-06,INV/2025/58749,Vendor 9276 Pvt Ltd,27AAAAA7435A1Z9
G_009277,10382.00,2025-12-14,INV/2025/17339,None,27AAAAA1528A1ZJ
G_009278,23510.00,2025-08-05,INV/2025/71350,Vendor 9278 Pvt Ltd,27AAAAA4408A1ZI
G_009279,92671.00,2025-12-18,INV/2025/52543,Vendor 9279 Pvt Ltd,27AAAAA3865A1Z7
G_009280,54432.00,2025-11-09,INV/2025/90191,Vendor 9280 Pvt Ltd,27AAAAA5402A1ZM
G_009281,96581.00,2025-10-16,INV/2025/93497,Vendor 9281 Pvt Ltd,27AAAAA7338A1Z7
G_009282,58352.00,2025-02-12,INV/2025/75392,Vendor 9282 Pvt Ltd,27AAAAA6590A1Z3
G_009283,13232.00,2025-07-01,INV/2025/39441,Vendor 9283 Pvt Ltd,27AAAAA9981A1ZU
G_009284,57383.00,2025-11-24,INV/2025/22186,Vendor 9284 Private Limited,27AAAAA8688A1ZS
G_009285,43318.00,2025-08-08,INV/2025/38248,Vendor 9285 Pvt Ltd,27AAAAA4526A1ZF
G_009286,4012.00,2025-11-15,INV/2025/81210,Vendor 9286 Pvt Ltd,27AAAAA4812A1ZI
G_009287,78704.00,2025-07-11,INV/2025/2631,Vendor 9287 Pvt Ltd,27AAAAA2282A1ZE
G_009288,74677.00,2025-07-20,INV/2025/75645,VENDOR 9288 PVT LTD,27AAAAA9117A1ZA
G_009289,14286.00,2025-10-19,INV/2025/85682,Vendor 9289 Pvt Ltd,27AAAAA9595A1ZS
G_009290,73757.00,2025-12-16,INV/2025/61309,Vendor 9290 Pvt Ltd,27AAAAA5757A1Z4
G_009291,86533.00,2025-02-12,INV/2025/79462,Vendor 9291 Private Limited,27AAAAA4841A1ZD
G_009292,12033.00,2025-07-05,INV/2025/45151,Vendor 9292 Pvt Ltd,27AAAAA5736A1Z9
G_009293,68219.00,2025-07-22,,Vendor 9293 Pvt Ltd,27AAAAA6355A1Z8
G_009294,43777.00,2025-04-15,INV/2025/27568,Vendor 9294 Pvt Ltd,27AAAAA4452A1ZE
G_009295,66251.00,2025-10-31,INV/2025/80237,Vendor 9295 Pvt Ltd,27AAAAA3139A1ZG
G_009296,56822.00,2025-09-30,INV/2025/49362,Vendor 9296 Pvt Ltd,
G_009297,11751.00,2025-07-17,,Vendor 9297 Pvt Ltd,27AAAAA2140A1ZP
G_009298,46570.00,2025-02-13,INV/2025/40937,Vendor 9298 Pvt Ltd,27AAAAA7637A1Z5
G_009299,192628.00,2025-07-06,INV/2025/90707,Vendor 9299 Pvt Ltd,27AAAAA7595A1ZW
G_009300,46455.00,2025-08-13,INV/2025/65916,Vendor 9300 Pvt Ltd,27AAAAA6569A1Z0
G_009301,89272.00,2025-01-29,INV/2025/87659,Vendor 9301 Pvt Ltd,27AAAAA4357A1ZA
G_009302,73136.00,2025-11-19,,Vendor 9302 Pvt Ltd,27AAAAA1679A1Z7
G_009303,50306.00,2025-11-09,INV/2025/60161,Vendor 9303 Pvt Ltd Inc,27AAAAA9978A1ZP
G_009304,26813.00,2025-05-11,INV/2025/22116,Vendor 9304 Pvt Ltd,27AAAAA5905A1ZE
G_009305,43802.00,2025-03-27,INV/2025/98227,Vendor 9305 Pvt Ltd,27AAAAA5530A1ZH
G_009306,56885.00,2025-01-24,INV/2025/56608,Vendor 9306 Pvt Ltd,27AAAAA9981A1ZU
G_009307,99268.00,2025-11-16,INV/2025/68132,Vendor 9307 Pvt Ltd,27AAAAA1080A1ZK
G_009308,6358.00,2025-12-01,,Vendor 9308 Pvt Ltd,27AAAAA5465A1Z7
G_009309,41646.00,2025-03-05,INV/2025/40581,Vendor 9309 Pvt Ltd,27AAAAA2891A1Z7
G_009310,73284.00,2025-06-28,INV/2025/2869,vendor 9310 pvt ltd,27AAAAA1976A1Z7
G_009311,125818.00,2025-11-19,INV/2025/36750,Vendor 9311 Pvt Ltd,27AAAAA5362A1ZB
G_009312,54447.00,2025-05-11,,Vendor 9312 Pvt Ltd,27AAAAA4590A1Z7
G_009313,39842.00,2025-08-20,INV/2025/18780,Vendor 9313 Pvt Ltd,27AAAAA7749A1Z0
G_009314,91766.00,2025-10-22,,Vendor 9314 Pvt Ltd,27AAAAA4591A1Z6
G_009315,78704.00,2025-07-23,INV/2025/2718,Vendor 9315 Pvt Ltd,27AAAAA1428A1ZK
G_009316,59547.00,2025-05-25,INV/2025/93777,Vendor 9316 PVT LTD,27AAAAA2370A1ZH
G_009317,74968.00,2025-12-25,INV/2025/92987,Vendor 9317 Pvt Ltd,
G_009318,98596.00,2025-11-17,INV/2025/25345,Vendor 9318 Pvt Ltd,27AAAAA6528A1Z9
G_009319,66044.00,2025-04-01,INV/2025/3511,VENDOR 9319 PVT LTD,27AAAAA8086A1Z0
G_009320,43574.00,2025-03-20,INV/2025/41194,Vendor 9320 Pvt Ltd,27AAAAA2672A1ZC
G_009321,21014.00,2025-10-02,INV/2025/6128,Vendor,27AAAAA5254A1ZC
G_009322,199914.00,2025-08-28,INV/2025/77928,Vendor 4 Pvt Ltd,27AAAAA4450A1ZG
G_009323,13405.00,2025-12-18,INV/2025/42701,Vendor 9323 Private Limited,27AAAAA6864A1Z2
G_009324,30998.00,2025-03-02,INV/2025/58653,Vendor 9324 Pvt Ltd,27AAAAA4493A1Z5
G_009325,26812.00,2025-05-03,INV/2025/66386,Vendor 9325 Private Limited,27AAAAA6739A1Z4
G_009326,40519.00,2025-11-28,INV/2025/31889,Vendor 9326 Pvt Ltd,27AAAAA1842A1ZI
G_009327,72235.00,2025-08-24,INV/2025/24602,Vendor 9327 Pvt Ltd,27AAAAA6662A1Z6
G_009328,4750.00,2025-12-17,INV/2025/16055,Vendor 9328 Pvt Ltd,27AAAAA3266A1ZC
G_009329,1069.00,2025-04-13,INV/2025/25426,Vendor 9329 Pvt Ltd,27AAAAA1406A1ZQ
G_009330,35700.00,2025-08-16,,Vendor 9330 Pvt Ltd,27AAAAA7811A1ZD
G_009331,9268.00,2025-02-21,INV/2025/47764,Vendor 9331 Pvt Ltd,27AAAAA4864A1Z6
G_009332,160156.00,2025-05-29,INV/2025/71698,Vendor 9332 Pvt Ltd,27AAAAA4715A1ZG
G_009333,86084.00,2025-08-10,INV/2025/26886,Vendor 9333 Pvt Ltd,27AAAAA7754A1Z3
G_009334,2409.00,2025-10-31,INV/2025/81595,Vendor 9334 Pvt Ltd,27AAAAA4477A1Z5
G_009335,90725.00,2025-10-19,INV/2025/16400,Vendor 9335 Pvt Ltd,27AAAAA6098A1Z0
G_009336,84063.00,2025-06-25,,Vendor 9336 Pvt Ltd,27AAAAA7241A1ZD
G_009337,65129.00,2025-02-15,INV/2025/28152,Vendor 9337 Pvt Ltd,27AAAAA8079A1ZZ
G_009338,43183.00,2025-02-12,,Vendor 9338 Pvt Ltd,27AAAAA4207A1ZL
G_009339,67607.00,2025-11-24,INV/2025/18782,Vendor 9339 Pvt Ltd,27AAAAA4010A1ZS
G_009340,40574.00,2025-09-19,INV/2025/87500,Vendor 9340 Pvt Ltd,27AAAAA4544A1ZD
G_009341,160720.00,2025-10-18,INV/2025/28751,Vendor 9341 Pvt Ltd,27AAAAA8321A1ZE
G_009342,59878.00,2025-06-11,INV/2025/73060,Vendor 9342 Pvt Ltd,27AAAAA8178A1ZZ
G_009343,23205.00,2025-03-03,INV/2025/88690,Vendor 9343 Private Limited,27AAAAA6677A1ZZ
G_009344,38661.00,2025-01-04,INV/2025/57782,Vendor 9344 Pvt Ltd,27AAAAA7349A1Z4
G_009345,42497.00,2025-05-24,INV/2025/6362,Vendor 9345 Pvt Ltd,27AAAAA2250A1ZM
G_009346,66034.00,2025-04-15,,Vendor 9346 Pvt Ltd,27AAAAA8540A1Z9
G_009347,2005.00,2025-02-24,INV/2025/53413,Vendor 9347 Pvt Ltd,27AAAAA6472A1Z6
G_009348,24947.00,2025-11-30,INV/2025/36303,Vendor 9348 Pvt Ltd Inc,27AAAAA1342A1ZN
G_009349,88673.00,2025-06-27,INV/2025/17432,Vendor 9349 Pvt Ltd,27AAAAA1270A1ZK
G_009350,26446.00,2025-07-31,INV/2025/40005,Vendor 9350 Pvt Ltd,27AAAAA7502A1ZH
G_009351,24675.00,2025-07-27,INV/2025/35275,Vendor 9351 Pvt Ltd Inc,27AAAAA2214A1ZQ
G_009352,54911.00,2025-09-18,,Vendor 9352 Pvt Ltd,27AAAAA8969A1ZS
G_009353,62852.00,2025-12-04,INV/2025/41078,Vendor 9353 Pvt Ltd,27AAAAA8102A1ZJ
G_009354,50746.00,2025-11-02,INV/2025/68347,Vendor 9354 Pvt Ltd,27AAAAA4046A1ZG
G_009355,90660.00,2025-04-30,INV/2025/28017,Vendor 9355 Pvt Ltd,27AAAAA2458A1ZC
G_009356,12503.00,2025-08-20,INV/2025/1152,Vendor 9356 Pvt Ltd,27AAAAA3209A1ZL
G_009357,15910.00,2025-11-05,INV/2025/75274,Vendor 9357 Pvt Ltd,27AAAAA8929A1Z0
G_009358,81769.00,2025-02-18,INV/2025/71787,Vendor 9358 Pvt Ltd,27AAAAA5638A1Z8
G_009359,46589.00,2025-08-05,,Vendor 9359 Pvt Ltd,27AAAAA8531A1ZA
G_009360,71497.00,2025-05-25,,Vendor 9360 Pvt Ltd,27AAAAA4421A1ZL
G_009361,52309.00,2025-01-15,INV/2025/55883,Vendor 9361 PVT LTD,27AAAAA3461A1ZF
G_009362,60186.00,2025-10-17,INV/2025/42076,Vendor 9362 Pvt Ltd,27AAAAA9220A1ZE
G_009363,74235.00,2025-07-14,INV/2025/51139,Vendor 9363 Pvt Ltd,27AAAAA1176A1ZF
G_009364,162898.00,2025-04-08,INV/2025/21712,Vendor 9364 Pvt Ltd,27AAAAA3780A1Z9
G_009365,71818.00,2025-09-16,INV/2025/44907,Vendor 9365 Pvt Ltd,27AAAAA1753A1ZG
G_009366,7288.00,2025-12-27,INV/2025/30173,Vendor 9366 Pvt Ltd,27AAAAA4133A1ZK
G_009367,96662.00,2025-02-06,INV/2025/11269,Vendor 9367 Pvt Ltd,27AAAAA8907A1Z6
G_009368,3313.00,2025-11-29,,Vendor 9368 Pvt Ltd,27AAAAA4482A1Z8
G_009369,167560.00,2025-10-21,INV/2025/44326,Vendor 9369 Pvt Ltd,27AAAAA6941A1Z8
G_009370,77765.00,2025-11-17,,Vendor 9370 Pvt Ltd,27AAAAA3282A1ZC
G_009371,19390.00,2025-04-11,INV/2025/6991,Vendor 9371 Pvt Ltd,27AAAAA3497A1Z3
G_009372,29275.00,2025-04-25,INV/2025/76542,vendor 9372 pvt ltd,27AAAAA3459A1Z9
G_009373,91685.00,2025-03-03,INV/2025/32600,VENDOR 9373 PVT LTD,27AAAAA2729A1ZE
G_009374,32035.00,2025-10-05,INV/2025/87691,Vendor 9374 Pvt Ltd,27AAAAA8693A1ZV
G_009375,51220.00,2025-08-13,INV/2025/70920,Vendor 9375 Pvt Ltd,27AAAAA1125A1ZQ
G_009376,48000.00,2025-03-08,INV/2025/78746,Vendor 9376 Pvt Ltd,27AAAAA5801A1ZJ
G_009377,43227.00,2025-02-23,INV/2025/40923,Vendor 9377 Pvt Ltd,27AAAAA7686A1ZW
G_009378,49488.00,2025-06-23,INV/2025/61228,Vendor 9378 Pvt Ltd,27AAAAA9339A1Z2
G_009379,20445.00,2025-01-12,INV/2025/51085,Vendor 9379 Pvt Ltd Inc,27AAAAA7601A1ZH
G_009380,74290.00,2025-11-11,INV/2025/83082,Vendor 9380 Pvt Ltd,27AAAAA5894A1ZY
G_009381,18610.00,2025-01-26,INV/2025/23698,Vendor 9381 Pvt Ltd,
G_009382,99610.00,2025-01-03,INV/2025/68858,Vendor 9382 Pvt Ltd,27AAAAA1165A1ZI
G_009383,76778.00,2025-03-03,,Vendor 9383 Pvt Ltd,27AAAAA4579A1Z2
G_009384,99032.00,2025-02-08,,Vendor 9384 Pvt Ltd,27AAAAA2903A1ZM
G_009385,32760.00,2025-04-10,INV/2025/3771,Vendor 9385 Private Limited,27AAAAA7720A1ZD
G_009386,75002.00,2025-06-23,,Vendor 9386 Pvt Ltd,27AAAAA5580A1Z7
G_009387,57905.00,2025-02-19,INV/2025/78410,Vendor 9387 Pvt Ltd,27AAAAA3798A1ZZ
G_009388,18723.00,2025-12-28,INV/2025/69168,Vendor 9388 Pvt Ltd,27AAAAA1097A1ZB
G_009389,14711.00,2025-07-29,INV/2025/12333,VENDOR 9389 PVT LTD,27AAAAA5320A1ZL
G_009390,23545.00,2025-05-20,INV/2025/8630,VENDOR 9390 PVT LTD,27AAAAA7692A1ZY
G_009391,85923.00,2025-11-30,INV/2025/57078,Vendor 9391 Pvt Ltd,27AAAAA2878A1Z4
G_009392,25765.00,2025-09-08,,Vendor 9392 Pvt Ltd,27AAAAA2700A1ZR
G_009393,93413.00,2025-12-07,INV/2025/39568,Vendor 9393 Pvt Ltd,27AAAAA8909A1Z4
G_009394,20905.00,2025-03-31,,Vendor 9394 Pvt Ltd,27AAAAA7732A1Z9
G_009395,16113.00,2025-06-17,INV/2025/17859,Vendor 9395 Pvt Ltd,27AAAAA5386A1Z3
G_009396,27669.00,2025-09-27,INV/2025/46865,Vendor 9396 Pvt Ltd,27AAAAA9750A1Z3
G_009397,64727.00,2025-09-22,,Vendor 9397 Pvt Ltd,27AAAAA6158A1Z7
G_009398,36543.00,2026-01-01,INV/2025/57849,Vendor 9398 Pvt Ltd,27AAAAA5634A1ZC
G_009399,14044.00,2025-04-08,INV/2025/23361,VENDOR 9399 PVT LTD,27AAAAA8845A1Z1
G_009400,7813.00,2025-04-02,INV/2025/80159,Vendor 9400 Pvt Ltd Inc,27AAAAA2646A1ZE
G_009401,89903.00,2025-03-03,INV/2025/13903,VENDOR 9401 PVT LTD,27AAAAA6585A1Z0
G_009402,7070.00,2025-02-18,INV/2025/38386,Vendor 9402 Pvt Ltd,27AAAAA2978A1Z3
G_009403,65730.00,2025-06-22,INV/2025/84079,Vendor 9403 Pvt Ltd,27AAAAA7073A1Z7
G_009404,155436.00,2025-01-08,INV/2025/13763,Vendor 9404 Pvt Ltd,27AAAAA9359A1ZY
G_009405,90965.00,2025-05-05,INV/2025/45118,Vendor 9405 Pvt Ltd,27AAAAA3303A1ZQ
G_009406,65004.00,2025-07-15,INV/2025/52801,Vendor 9406 Pvt Ltd,27AAAAA7539A1Z4
G_009407,73628.00,2025-10-26,INV/2025/24602,Vendor 9407 Pvt Ltd,27AAAAA7505A1ZE
G_009408,123022.00,2025-09-20,INV/2025/90969,Vendor 9408 Pvt Ltd,27AAAAA5499A1ZX
G_009409,69802.00,2025-04-28,INV/2025/41261,Vendor 9409 Pvt Ltd,27AAAAA4256A1ZC
G_009410,45724.00,2025-02-15,INV/2025/2654,None,27AAAAA1748A1ZD
G_009411,62270.00,2025-04-30,,Vendor 9411 Pvt Ltd,27AAAAA5186A1Z5
G_009412,67884.00,2025-03-26,INV/2025/13368,Vendor 9412 Pvt Ltd,27AAAAA4027A1ZJ
G_009413,67100.00,2025-03-30,INV/2025/41769,None,27AAAAA5883A1Z1
G_009414,96826.00,2025-04-30,INV/2025/3740,Vendor 9414 Pvt Ltd,27AAAAA5929A1Z6
G_009415,74429.00,2025-08-26,INV/2025/70799,Vendor 9415 Pvt Ltd Inc,27AAAAA7255A1Z7
G_009416,73843.00,2025-07-31,INV/2025/29975,Vendor 9416 Pvt Ltd,27AAAAA6368A1Z3
G_009417,99810.00,2025-01-11,INV/2025/12984,Vendor,27AAAAA1257A1ZH
G_009418,32441.00,2025-05-22,INV/2025/48146,Vendor 9418 Pvt Ltd,27AAAAA4704A1ZJ
G_009419,11803.00,2025-12-08,INV/2025/12357,Vendor 9419 Pvt Ltd,27AAAAA6964A1Z1
G_009420,58203.00,2025-07-19,INV/2025/52143,Vendor 9420 Pvt Ltd,27AAAAA1431A1ZP
G_009421,28056.00,2025-07-18,INV/2025/90820,Vendor 359 Pvt Ltd,27AAAAA8612A1ZC
G_009422,40838.00,2025-12-20,INV/2025/71578,Vendor 9422 PVT LTD,27AAAAA7779A1ZU
G_009423,78653.00,2025-09-25,INV/2025/65061,Vendor 9423 Pvt Ltd,27AAAAA1507A1ZO
G_009424,9387.00,2025-09-20,INV/2025/14840,VENDOR 9424 PVT LTD,27AAAAA9573A1ZY
G_009425,29764.00,2025-05-24,,Vendor 9425 Pvt Ltd,27AAAAA3288A1Z6
G_009426,57762.00,2025-03-14,INV/2025/41512,Vendor 9426 Pvt Ltd,27AAAAA7060A1ZC
G_009427,29255.00,2025-10-20,,Vendor 9427 Pvt Ltd,27AAAAA2358A1ZD
G_009428,20116.00,2025-01-14,,Vendor 9428 Pvt Ltd,27AAAAA7614A1ZC
G_009429,86740.00,2025-05-20,INV/2025/77574,Vendor 9429 Pvt Ltd Inc,27AAAAA1124A1ZR
G_009430,96517.00,2025-12-25,,Vendor 9430 Pvt Ltd,27AAAAA8816A1Z6
G_009431,8296.00,2025-08-13,INV/2025/8326,Vendor,27AAAAA1468A1ZC
G_009432,49369.00,2025-05-05,INV/2025/58393,Vendor 9432 Pvt Ltd,27AAAAA9634A1Z4
G_009433,72814.00,2025-10-22,INV/2025/29240,Vendor 9433 Pvt Ltd,
G_009434,80080.00,2025-09-04,INV/2025/6163,Vendor 9434 Pvt Ltd,27AAAAA1835A1ZH
G_009435,20931.00,2025-08-02,INV/2025/42632,Vendor 9435 Pvt Ltd,27AAAAA2447A1ZF
G_009436,13316.00,2025-12-15,INV/2025/57149,Vendor 9436 Pvt Ltd,27AAAAA5559A1Z4
G_009437,25136.00,2025-06-21,INV/2025/61081,Vendor 9437 Pvt Ltd,27AAAAA8496A1ZU
G_009438,18495.00,2025-01-20,INV/2025/65769,Vendor 9438 Pvt Ltd,27AAAAA2947A1ZA
G_009439,90878.00,2025-06-22,INV/2025/83051,VENDOR 9439 PVT LTD,27AAAAA1289A1Z9
G_009440,74768.00,2025-08-05,INV/2025/65295,None,27AAAAA7016A1ZG
G_009441,24010.00,2025-07-05,,Vendor 9441 Pvt Ltd,27AAAAA7705A1ZC
G_009442,55285.00,2025-02-10,INV/2025/46801,Vendor 9442 Pvt Ltd,27AAAAA8543A1Z6
G_009443,49360.00,2025-06-27,INV/2025/80613,Vendor 9443 Pvt Ltd,27AAAAA4893A1Z1
G_009444,67696.00,2025-08-02,INV/2025/9595,vendor 9444 pvt ltd,27AAAAA1772A1ZD
G_009445,97149.00,2025-04-08,INV/2025/99545,Vendor 9445 Pvt Ltd,27AAAAA9462A1Z2
G_009446,19113.00,2025-03-24,INV/2025/78682,vendor 9446 pvt ltd,27AAAAA5591A1Z4
G_009447,49074.00,2025-04-22,INV/2025/18141,Vendor 9447 Pvt Ltd,27AAAAA1054A1ZM
G_009448,28804.00,2025-10-26,INV/2025/72320,Vendor 9448 PVT LTD,27AAAAA4939A1Z6
G_009449,36874.00,2025-01-04,INV/2025/7217,Vendor 9449 Pvt Ltd,27AAAAA1224A1ZQ
G_009450,45279.00,2025-10-11,INV/2025/41537,Vendor 9450 Pvt Ltd,
G_009451,13998.00,2025-06-05,,Vendor 9451 Pvt Ltd,27AAAAA1260A1ZM
G_009452,19505.00,2025-06-30,INV/2025/59996,Vendor 9452 Private Limited,27AAAAA1006A1ZU
G_009453,80144.00,2025-06-16,INV/2025/81030,Vendor 9453 Pvt Ltd,27AAAAA1760A1ZH
G_009454,96497.00,2025-11-05,INV/2025/74875,Vendor 9454 Pvt Ltd,27AAAAA8552A1Z5
G_009455,158700.00,2025-02-04,INV/2025/78972,Vendor 9455 Pvt Ltd,27AAAAA7470A1Z6
G_009456,68478.00,2025-08-04,INV/2025/35959,VENDOR 9456 PVT LTD,27AAAAA4160A1ZH
G_009457,53651.00,2025-10-28,INV/2025/55350,Vendor 9457 Pvt Ltd,27AAAAA3180A1ZF
G_009458,58436.00,2025-12-10,,Vendor 9458 Pvt Ltd,27AAAAA7370A1Z7
G_009459,41817.00,2025-04-05,INV/2025/79345,Vendor 9459 Pvt Ltd,27AAAAA8498A1ZS
G_009460,88350.00,2025-04-03,INV/2025/91300,Vendor 9460 Pvt Ltd,27AAAAA5901A1ZI
G_009461,92809.00,2025-10-04,INV/2025/83905,VENDOR 9461 PVT LTD,27AAAAA5457A1Z7
G_009462,88129.00,2025-11-22,INV/2025/35705,Vendor 9462 Pvt Ltd,27AAAAA2440A1ZM
G_009463,21576.00,2025-08-16,INV/2025/99598,Vendor 9463 Pvt Ltd,27AAAAA1625A1ZL
G_009464,44382.00,2025-06-23,INV/2025/6366,Vendor 9464 Pvt Ltd,27AAAAA8741A1Z6
G_009465,140256.00,2025-02-11,INV/2025/72234,Vendor 9465 Pvt Ltd,27AAAAA5838A1Z6
G_009466,69943.00,2025-12-04,INV/2025/51522,Vendor 9466 Pvt Ltd,27AAAAA9792A1ZT
G_009467,3374.00,2025-02-21,,Vendor 9467 Pvt Ltd,27AAAAA7029A1ZB
G_009468,68985.00,2025-08-25,INV/2025/9157,Vendor 9468 Pvt Ltd,27AAAAA4291A1Z9
G_009469,39265.00,2025-03-28,INV/2025/3877,Vendor 9469 Pvt Ltd,27AAAAA2322A1ZP
G_009470,40687.00,2025-04-19,,Vendor 9470 Pvt Ltd,27AAAAA9813A1Z7
G_009471,87099.00,2025-02-08,INV/2025/41719,Vendor 9471 Pvt Ltd,27AAAAA9942A1Z1
G_009472,62327.00,2025-09-30,INV/2025/58339,Vendor 9472 PVT LTD,27AAAAA6111A1ZM
G_009473,98742.00,2025-04-05,INV/2025/29267,Vendor 9473 Pvt Ltd,27AAAAA8209A1ZB
G_009474,30587.00,2025-01-25,INV/2025/66739,Vendor 9474 Private Limited,27AAAAA4723A1ZG
G_009475,38991.00,2025-06-08,INV/2025/53005,Vendor 9475 Pvt Ltd Inc,27AAAAA6218A1ZE
G_009476,99878.00,2025-04-02,,Vendor 9476 Pvt Ltd,27AAAAA5079A1Z5
G_009477,77939.00,2025-06-14,,Vendor 9477 Pvt Ltd,27AAAAA1688A1Z6
G_009478,13433.00,2025-09-07,INV/2025/61358,Vendor 9478 Pvt Ltd,
G_009479,74322.00,2025-01-02,INV/2025/76090,vendor 9479 pvt ltd,27AAAAA8737A1Z2
G_009480,36659.00,2025-07-23,INV/2025/59447,Vendor 9480 Pvt Ltd,27AAAAA9207A1ZB
G_009481,15579.00,2025-02-17,INV/2025/99612,Vendor 9481 Pvt Ltd,27AAAAA7098A1ZY
G_009482,53048.00,2025-03-25,INV/2025/42748,Vendor 9482 Pvt Ltd,27AAAAA6752A1Z7
G_009483,7538.00,2025-11-17,INV/2025/78998,Vendor 9483 Pvt Ltd,27AAAAA2129A1ZK
G_009484,59558.00,2025-10-30,INV/2025/93140,Vendor 9484 Pvt Ltd,27AAAAA6676A1Z0
G_009485,33760.00,2025-06-02,INV/2025/36937,Vendor 9485 Pvt Ltd,27AAAAA1897A1Z3
G_009486,89218.00,2025-05-02,,Vendor 9486 Pvt Ltd,27AAAAA7262A1Z8
G_009487,20597.00,2025-09-12,INV/2025/49884,Vendor 9487 Pvt Ltd,27AAAAA8353A1Z6
G_009488,2949.00,2025-03-25,INV/2025/15891,Vendor 9488 Pvt Ltd,27AAAAA4070A1ZG
G_009489,73679.00,2025-04-19,INV/2025/74983,Vendor 9489 Pvt Ltd,27AAAAA3930A1ZH
G_009490,97654.00,2025-04-27,INV/2025/85157,Vendor 9490 Pvt Ltd,27AAAAA2925A1ZG
G_009491,87268.00,2025-08-22,INV/2025/25213,Vendor 9491 Pvt Ltd,27AAAAA1473A1ZF
G_009492,96022.00,2025-05-23,,Vendor 9492 Pvt Ltd,27AAAAA3501A1ZQ
G_009493,29909.00,2025-11-28,,Vendor 9493 Pvt Ltd,27AAAAA3306A1ZN
G_009494,55208.00,2025-09-09,INV/2025/63371,Vendor 9494 Pvt Ltd Inc,27AAAAA6990A1ZZ
G_009495,71572.00,2025-06-16,INV/2025/27804,Vendor 9495 Pvt Ltd,27AAAAA5809A1ZB
G_009496,54962.00,2025-11-29,INV/2025/74603,VENDOR 9496 PVT LTD,27AAAAA3559A1Z8
G_009497,57943.00,2025-07-03,,Vendor 9497 Pvt Ltd,27AAAAA8974A1ZV
G_009498,45256.00,2025-09-29,INV/2025/45402,Vendor,27AAAAA8163A1Z6
G_009499,78658.00,2025-07-07,INV/2025/12502,Vendor 9499 Pvt Ltd,27AAAAA7463A1Z5
G_009500,74525.00,2025-05-04,INV/2025/35781,Vendor 9500 Pvt Ltd,27AAAAA8347A1Z4
G_009501,12053.00,2025-07-24,INV/2025/46334,Vendor 9501 Pvt Ltd,27AAAAA6950A1Z7
G_009502,27336.00,2025-06-17,INV/2025/15138,Vendor 9502 Pvt Ltd,27AAAAA9036A1Z8
G_009503,51651.00,2025-05-04,,Vendor 9503 Pvt Ltd,27AAAAA9688A1ZQ
G_009504,73472.00,2025-09-02,INV/2025/88181,Vendor 9504 Pvt Ltd,27AAAAA5663A1Z7
G_009505,25899.00,2025-10-27,INV/2025/59428,Vendor 9505 Private Limited,27AAAAA7677A1ZX
G_009506,25431.00,2025-02-04,INV/2025/69665,None,27AAAAA1298A1Z8
G_009507,65282.00,2025-09-07,,Vendor 9507 Pvt Ltd,27AAAAA3933A1ZE
G_009508,175144.00,2025-10-04,INV/2025/67259,Vendor 9508 Pvt Ltd,27AAAAA7714A1ZB
G_009509,95838.00,2025-03-31,INV/2025/2200,Vendor 9509 Pvt Ltd,27AAAAA5632A1ZE
G_009510,61791.00,2025-10-01,INV/2025/39801,Vendor 9510 Pvt Ltd,27AAAAA6315A1ZG
G_009511,53217.00,2025-04-18,INV/2025/35323,Vendor 9511 Pvt Ltd,27AAAAA2141A1ZO
G_009512,41779.00,2025-02-28,INV/2025/46369,Vendor 9512 Pvt Ltd,27AAAAA7630A1ZC
G_009513,9504.00,2025-12-13,INV/2025/31597,Vendor 9513 Pvt Ltd,27AAAAA5801A1ZJ
G_009514,163652.00,2025-01-25,INV/2025/70683,Vendor 9514 Pvt Ltd,27AAAAA8934A1Z3
G_009515,41378.00,2025-02-25,INV/2025/84755,Vendor 9515 Pvt Ltd,27AAAAA7999A1ZO
G_009516,27064.00,2025-09-11,INV/2025/2845,Vendor 9516 Pvt Ltd,27AAAAA1869A1Z7
G_009517,60801.00,2025-01-19,,Vendor 9517 Pvt Ltd,27AAAAA7795A1ZU
G_009518,48543.00,2025-12-21,INV/2025/22621,Vendor 9518 Pvt Ltd,27AAAAA6484A1Z2
G_009519,34567.00,2025-07-17,INV/2025/50028,Vendor 9519 Pvt Ltd,27AAAAA3190A1ZD
G_009520,94244.00,2025-09-06,INV/2025/74562,Vendor 9520 Pvt Ltd,27AAAAA6919A1Z6
G_009521,41671.00,2025-02-28,INV/2025/50727,Vendor 9521 PVT LTD,27AAAAA4205A1ZN
G_009522,20954.00,2025-08-26,INV/2025/94926,Vendor 9522 Pvt Ltd,27AAAAA3947A1Z8
G_009523,65699.00,2025-01-26,INV/2025/8846,Vendor 9523 Pvt Ltd,27AAAAA2322A1ZP
G_009524,13698.00,2025-01-17,INV/2025/95347,Vendor 9524 Pvt Ltd,27AAAAA9500A1ZF
G_009525,43729.00,2025-07-04,INV/2025/59543,Vendor 9525 PVT LTD,27AAAAA6161A1ZC
G_009526,19718.00,2025-10-14,INV/2025/24654,Vendor 9526 Pvt Ltd,27AAAAA4548A1Z9
G_009527,16797.00,2025-12-06,,Vendor 9527 Pvt Ltd,27AAAAA4084A1ZA
G_009528,54611.00,2025-07-19,INV/2025/77041,Vendor 9528 Pvt Ltd,
G_009529,47066.00,2025-10-28,INV/2025/68235,VENDOR 9529 PVT LTD,27AAAAA5079A1Z5
G_009530,98913.00,2025-09-12,INV/2025/28042,Vendor 9530 Pvt Ltd,27AAAAA9453A1Z3
G_009531,41472.00,2025-09-19,INV/2025/36766,Vendor 9531 Pvt Ltd,27AAAAA8424A1ZA
G_009532,61210.00,2025-01-28,INV/2025/82936,Vendor 9532 Pvt Ltd,27AAAAA4105A1ZO
G_009533,80073.00,2025-09-26,INV/2025/37256,Vendor 9533 Pvt Ltd,27AAAAA7428A1Z8
G_009534,78991.00,2025-02-01,INV/2025/50755,Vendor 9534 Pvt Ltd,27AAAAA1476A1ZC
G_009535,61359.00,2025-09-26,,Vendor 9535 Pvt Ltd,27AAAAA5864A1Z4
G_009536,55896.00,2025-05-29,INV/2025/54147,Vendor 9536 Pvt Ltd,27AAAAA3409A1ZJ
G_009537,23359.00,2025-05-18,INV/2025/36115,Vendor 9537 Pvt Ltd,27AAAAA9187A1ZW
G_009538,10861.00,2025-03-14,INV/2025/96403,Vendor 9538 Pvt Ltd Inc,27AAAAA4973A1Z4
G_009539,76019.00,2025-03-30,INV/2025/61100,Vendor 9539 Pvt Ltd,27AAAAA1702A1ZR
G_009540,77287.00,2025-09-22,INV/2025/13064,Vendor 9540 PVT LTD,27AAAAA1725A1ZK
G_009541,98652.00,2025-02-07,INV/2025/45726,Vendor 9541 PVT LTD,27AAAAA3976A1Z3
G_009542,46493.00,2025-02-10,INV/2025/28552,Vendor 9542 Pvt Ltd,27AAAAA9319A1Z6
G_009543,38196.00,2025-02-25,INV/2025/94726,Vendor 9543 Pvt Ltd,27AAAAA6319A1ZC
G_009544,128270.00,2025-01-05,INV/2025/1160,Vendor 9544 Pvt Ltd,27AAAAA4767A1Z4
G_009545,48831.00,2025-02-09,INV/2025/81542,Vendor 9545 Pvt Ltd,27AAAAA8800A1ZE
G_009546,20864.00,2025-08-09,INV/2025/4484,Vendor 9546 Pvt Ltd,27AAAAA3882A1Z6
G_009547,66878.00,2025-05-27,INV/2025/32435,Vendor 9547 Pvt Ltd,27AAAAA8606A1ZA
G_009548,69822.00,2025-06-08,INV/2025/56340,Vendor 9548 Pvt Ltd,27AAAAA5203A1ZN
G_009549,8208.00,2025-04-17,INV/2025/19393,Vendor 9549 Pvt Ltd,27AAAAA2271A1ZH
G_009550,67712.00,2025-05-05,INV/2025/59535,Vendor 9550 Pvt Ltd,27AAAAA6799A1ZS
G_009551,98009.00,2025-07-02,INV/2025/72825,Vendor 9551 Pvt Ltd,27AAAAA1903A1ZO
G_009552,97569.00,2025-05-23,INV/2025/45731,VENDOR 9552 PVT LTD,27AAAAA7927A1Z4
G_009553,18266.00,2025-05-19,INV/2025/28005,Vendor 9553 Pvt Ltd,27AAAAA3433A1ZJ
G_009554,19663.00,2025-07-02,,Vendor 9554 Pvt Ltd,27AAAAA2309A1ZM
G_009555,25717.00,2025-11-12,INV/2025/23072,Vendor 9555 Private Limited,27AAAAA9514A1Z9
G_009556,35127.00,2025-02-26,,Vendor 9556 Pvt Ltd,27AAAAA2957A1Z8
G_009557,2818.00,2025-12-06,INV/2025/55075,Vendor 9557 Pvt Ltd,27AAAAA8657A1ZZ
G_009558,162670.00,2025-12-27,INV/2025/89428,Vendor 9558 Pvt Ltd,27AAAAA9162A1Z5
G_009559,39438.00,2025-05-10,INV/2025/94438,Vendor 9559 Pvt Ltd,27AAAAA8682A1ZY
G_009560,9196.00,2025-02-22,INV/2025/31219,Vendor 9560 Pvt Ltd,27AAAAA7802A1ZE
G_009561,27741.00,2025-03-01,INV/2025/89313,Vendor 9561 Pvt Ltd,27AAAAA8970A1ZZ
G_009562,38855.00,2025-06-12,INV/2025/79824,Vendor 9562 Pvt Ltd,27AAAAA7343A1ZA
G_009563,56123.00,2025-09-28,INV/2025/38580,Vendor 9563 Pvt Ltd,27AAAAA5583A1Z4
G_009564,1746.00,2025-10-21,INV/2025/2908,Vendor 9564 Pvt Ltd,27AAAAA2630A1ZM
G_009565,66084.00,2025-12-31,INV/2025/63420,Vendor 9565 Pvt Ltd,27AAAAA6651A1Z9
G_009566,91202.00,2025-08-31,INV/2025/46871,Vendor 9566 Pvt Ltd,27AAAAA4071A1ZF
G_009567,79521.00,2025-03-21,INV/2025/51969,Vendor 9567 Pvt Ltd,27AAAAA2162A1ZJ
G_009568,45548.00,2025-05-01,INV/2025/73062,Vendor 9568 Pvt Ltd,27AAAAA1109A1ZQ
G_009569,71842.00,2025-01-16,INV/2025/65043,Vendor 9569 Pvt Ltd,27AAAAA9458A1ZY
G_009570,74694.00,2025-09-10,INV/2025/6486,Vendor 9570 Pvt Ltd,27AAAAA6039A1ZB
G_009571,75965.00,2025-12-30,INV/2025/82329,Vendor 9571 Pvt Ltd,27AAAAA6126A1ZF
G_009572,73919.00,2025-07-27,INV/2025/87904,Vendor 9572 Pvt Ltd Inc,27AAAAA2916A1ZH
G_009573,45384.00,2025-07-31,INV/2025/19814,Vendor 9573 Pvt Ltd,27AAAAA4926A1ZB
G_009574,22665.00,2025-02-07,,Vendor 9574 Pvt Ltd,27AAAAA1436A1ZK
G_009575,61912.00,2025-01-03,INV/2025/90977,Vendor 9575 Pvt Ltd,27AAAAA9335A1Z6
G_009576,18450.00,2025-04-02,,Vendor 275 Pvt Ltd,27AAAAA4848A1Z6
G_009577,98377.00,2025-03-27,INV/2025/6572,Vendor 9577 PVT LTD,27AAAAA3150A1ZL
G_009578,50363.00,2025-01-26,INV/2025/70355,Vendor 9578 Private Limited,27AAAAA6887A1ZV
G_009579,9390.00,2025-08-17,INV/2025/16274,Vendor 9579 Pvt Ltd,27AAAAA2509A1ZK
G_009580,23870.00,2025-05-15,INV/2025/62051,Vendor 9580 Pvt Ltd,
G_009581,16061.00,2025-09-07,INV/2025/26094,None,27AAAAA2632A1ZK
G_009582,7739.00,2025-07-26,INV/2025/68488,vendor 9582 pvt ltd,27AAAAA6311A1ZK
G_009583,94074.00,2025-08-08,INV/2025/6076,Vendor 9583 Pvt Ltd,27AAAAA8570A1Z3
G_009584,15975.00,2025-08-06,INV/2025/3607,Vendor 9584 Pvt Ltd,27AAAAA4225A1ZJ
G_009585,20249.00,2025-12-19,,Vendor 9585 Pvt Ltd,27AAAAA1871A1ZD
G_009586,26215.00,2025-03-06,INV/2025/98254,Vendor 9586 Pvt Ltd,27AAAAA7453A1Z7
G_009587,90645.00,2025-12-22,INV/2025/89121,Vendor 9587 Pvt Ltd,27AAAAA1996A1Z3
G_009588,11636.00,2025-12-05,INV/2025/57028,Vendor 9588 Pvt Ltd Inc,27AAAAA5511A1ZK
G_009589,56627.00,2025-06-03,INV/2025/51015,Vendor,27AAAAA6143A1ZE
G_009590,54066.00,2025-11-11,INV/2025/16742,Vendor 9590 Pvt Ltd,27AAAAA5167A1Z8
G_009591,1195.00,2025-01-09,,Vendor 9591 Pvt Ltd,27AAAAA5997A1ZU
G_009592,27851.00,2025-08-16,INV/2025/35484,Vendor 9592 Pvt Ltd,27AAAAA2797A1Z2
G_009593,96001.00,2025-02-19,INV/2025/3259,Vendor 9593 Pvt Ltd,27AAAAA9013A1ZF
G_009594,23751.00,2025-03-17,INV/2025/43613,Vendor 9594 Pvt Ltd,
G_009595,58710.00,2025-09-04,INV/2025/57033,Vendor 9595 Pvt Ltd,27AAAAA4653A1ZB
G_009596,27504.00,2025-05-01,INV/2025/36202,Vendor 9596 Pvt Ltd,27AAAAA3314A1ZN
G_009597,15646.00,2025-08-30,INV/2025/65724,Vendor 9597 Pvt Ltd,27AAAAA5521A1ZI
G_009598,57390.00,2025-02-10,INV/2025/6544,Vendor 9598 Private Limited,27AAAAA7906A1Z9
G_009599,78540.00,2025-02-14,INV/2025/17066,Vendor,27AAAAA6758A1Z1
G_009600,65580.00,2025-11-08,INV/2025/99586,Vendor 9600 Pvt Ltd,27AAAAA5393A1Z4
G_009601,39602.00,2025-09-18,INV/2025/88125,Vendor 9601 Pvt Ltd Inc,27AAAAA4376A1Z7
G_009602,77280.00,2025-11-25,INV/2025/89486,Vendor 9602 Pvt Ltd,27AAAAA7467A1Z1
G_009603,11397.00,2025-06-13,INV/2025/92660,Vendor 9603 Pvt Ltd,27AAAAA4691A1Z5
G_009604,6370.00,2025-11-29,INV/2025/3472,Vendor 9604 Pvt Ltd Inc,27AAAAA9613A1Z9
G_009605,60514.00,2025-06-18,,Vendor 9605 Pvt Ltd,27AAAAA6545A1Z8
G_009606,29377.00,2025-10-10,,Vendor 9606 Pvt Ltd,27AAAAA9338A1Z3
G_009607,36914.00,2025-05-21,INV/2025/34570,Vendor 9607 Pvt Ltd,27AAAAA9806A1Z6
G_009608,2266.00,2025-02-23,INV/2025/88506,Vendor 9608 Pvt Ltd,27AAAAA6237A1ZB
G_009609,66494.00,2025-07-07,,Vendor 9609 Pvt Ltd,27AAAAA5006A1ZM
G_009610,72079.00,2025-06-08,INV/2025/24195,Vendor 9610 PVT LTD,27AAAAA2788A1Z3
G_009611,42459.00,2025-08-21,INV/2025/7020,Vendor 9611 Pvt Ltd,27AAAAA5584A1Z3
G_009612,32816.00,2025-04-28,INV/2025/64852,Vendor 9612 Private Limited,27AAAAA8353A1Z6
G_009613,25343.00,2025-07-25,INV/2025/6796,Vendor 9613 Pvt Ltd,27AAAAA6920A1ZD
G_009614,10968.00,2025-04-05,INV/2025/62994,Vendor 9614 Private Limited,27AAAAA8969A1ZS
G_009615,20520.00,2025-07-18,INV/2025/22630,Vendor,27AAAAA9749A1ZW
G_009616,190856.00,2025-11-03,INV/2025/80360,Vendor 9616 Pvt Ltd,27AAAAA7855A1Z1
G_009617,39510.00,2025-03-01,INV/2025/67248,Vendor 9617 Pvt Ltd,27AAAAA1361A1ZK
G_009618,80148.00,2025-07-04,INV/2025/51360,Vendor 9618 Pvt Ltd,27AAAAA1175A1ZG
G_009619,96702.00,2025-10-12,INV/2025/25493,Vendor 9619 PVT LTD,27AAAAA2391A1ZC
G_009620,63121.00,2025-06-10,INV/2025/66884,Vendor 9620 Pvt Ltd,27AAAAA1285A1ZD
G_009621,3030.00,2025-10-27,INV/2025/65624,Vendor 9621 Pvt Ltd,27AAAAA4890A1Z4
G_009622,26082.00,2025-02-27,INV/2025/35321,Vendor 9622 PVT LTD,27AAAAA7183A1Z4
G_009623,75973.00,2025-02-18,INV/2025/68634,Vendor 9623 Private Limited,27AAAAA7685A1ZX
G_009624,84875.00,2025-07-22,INV/2025/72495,Vendor 9624 Pvt Ltd,27AAAAA6239A1Z9
G_009625,86552.00,2025-05-21,,Vendor 9625 Pvt Ltd,27AAAAA6196A1Z1
G_009626,22715.00,2025-01-15,INV/2025/55532,Vendor 9626 Pvt Ltd,
G_009627,44446.00,2025-06-25,INV/2025/70298,Vendor 9627 Pvt Ltd,27AAAAA3509A1ZI
G_009628,140368.00,2025-01-31,INV/2025/88014,Vendor 9628 Pvt Ltd,27AAAAA6729A1Z6
G_009629,164404.00,2025-05-06,INV/2025/34287,Vendor 9629 Pvt Ltd,27AAAAA7647A1Z3
G_009630,66547.00,2025-09-23,INV/2025/46611,Vendor 9630 Pvt Ltd,27AAAAA9951A1Z0
G_009631,79789.00,2025-04-06,INV/2025/58757,Vendor 9631 Pvt Ltd,27AAAAA2399A1Z4
G_009632,66432.00,2025-04-18,INV/2025/38821,Vendor 9632 Pvt Ltd,27AAAAA8249A1Z3
G_009633,18146.00,2025-09-14,,Vendor 9633 Pvt Ltd,27AAAAA4078A1Z8
G_009634,11375.00,2025-09-09,INV/2025/60233,Vendor 9634 Private Limited,27AAAAA8763A1Z0
G_009635,5796.00,2025-03-31,,Vendor 9635 Pvt Ltd,27AAAAA5661A1Z9
G_009636,57346.00,2025-02-03,INV/2025/66287,Vendor 9636 Pvt Ltd,27AAAAA4584A1Z5
G_009637,13926.00,2025-08-31,INV/2025/83133,VENDOR 9637 PVT LTD,27AAAAA5287A1Z3
G_009638,855.00,2025-01-10,INV/2025/9148,Vendor 9638 Pvt Ltd,27AAAAA9658A1ZW
G_009639,29940.00,2025-05-03,INV/2025/8730,Vendor 9639 Pvt Ltd,
G_009640,36313.00,2025-10-08,INV/2025/78171,Vendor 9640 Pvt Ltd,27AAAAA2924A1ZH
G_009641,12375.00,2025-05-07,INV/2025/85218,Vendor 9641 Private Limited,27AAAAA2305A1ZQ
G_009642,152300.00,2025-03-18,INV/2025/62088,Vendor 9642 Pvt Ltd,27AAAAA2278A1ZA
G_009643,84654.00,2025-08-18,INV/2025/94150,Vendor 9643 Pvt Ltd,27AAAAA5092A1Z8
G_009644,9995.00,2025-09-23,,Vendor 9644 Pvt Ltd,27AAAAA7183A1Z4
G_009645,55973.00,2025-10-15,,Vendor 9645 Pvt Ltd,27AAAAA6083A1Z7
G_009646,97663.00,2025-04-11,,Vendor 9646 Pvt Ltd,27AAAAA9934A1Z1
G_009647,40675.00,2025-09-07,,Vendor 9647 Pvt Ltd,27AAAAA8260A1Z8
G_009648,76614.00,2025-09-21,INV/2025/61474,Vendor 9648 Pvt Ltd,27AAAAA2708A1ZJ
G_009649,67065.00,2025-04-25,,Vendor 9649 Pvt Ltd,27AAAAA1244A1ZM
G_009650,45653.00,2025-08-05,INV/2025/16897,VENDOR 9650 PVT LTD,27AAAAA7158A1Z5
G_009651,71331.00,2025-02-06,INV/2025/18775,Vendor 9651 Pvt Ltd,27AAAAA7202A1ZK
G_009652,50567.00,2025-10-21,,Vendor 9652 Pvt Ltd,27AAAAA2936A1ZD
G_009653,59477.00,2025-12-12,INV/2025/4514,VENDOR 9653 PVT LTD,27AAAAA8496A1ZU
G_009654,91330.00,2025-07-12,INV/2025/47542,Vendor 9654 Pvt Ltd,27AAAAA7952A1Z3
G_009655,70751.00,2025-08-06,INV/2025/49648,Vendor 9655 Pvt Ltd,27AAAAA6238A1ZA
G_009656,64383.00,2025-08-11,INV/2025/64229,Vendor 9656 Pvt Ltd,27AAAAA8601A1ZF
G_009657,2154.00,2025-01-21,INV/2025/61603,Vendor 9657 Pvt Ltd,27AAAAA9306A1ZB
G_009658,68844.00,2025-03-10,INV/2025/26184,Vendor 9658 PVT LTD,27AAAAA7741A1Z8
G_009659,29457.00,2025-10-17,INV/2025/32300,Vendor 9659 Pvt Ltd,27AAAAA4850A1ZC
G_009660,87169.00,2025-03-31,INV/2025/57885,Vendor 9660 Pvt Ltd,27AAAAA2529A1ZG
G_009661,58924.00,2025-01-27,INV/2025/59557,Vendor 9661 Pvt Ltd,27AAAAA6535A1ZA
G_009662,68754.00,2025-07-26,INV/2025/1395,Vendor 9662 Pvt Ltd,27AAAAA7030A1ZI
G_009663,27639.00,2025-03-11,INV/2025/9743,Vendor 9663 Pvt Ltd,27AAAAA8535A1Z6
G_009664,57616.00,2025-12-15,INV/2025/74460,None,27AAAAA7615A1ZB
G_009665,4146.00,2025-03-26,INV/2025/94618,Vendor 9665 Pvt Ltd,27AAAAA9606A1Z8
G_009666,43834.00,2025-09-13,INV/2025/53212,Vendor 9666 PVT LTD,27AAAAA6677A1ZZ
G_009667,70548.00,2025-04-21,INV/2025/66295,Vendor 9667 Pvt Ltd,27AAAAA2121A1ZS
G_009668,54813.00,2025-03-07,INV/2025/25697,vendor 9668 pvt ltd,27AAAAA1166A1ZH
G_009669,29571.00,2025-06-06,INV/2025/39483,VENDOR 9669 PVT LTD,27AAAAA5620A1ZI
G_009670,59623.00,2025-01-02,INV/2025/84645,Vendor 9670 Pvt Ltd Inc,27AAAAA6083A1Z7
G_009671,128122.00,2025-03-05,INV/2025/15654,Vendor 9671 Pvt Ltd,27AAAAA7504A1ZF
G_009672,82837.00,2025-06-11,INV/2025/77774,Vendor 9672 Pvt Ltd,27AAAAA9657A1ZX
G_009673,49076.00,2025-01-25,INV/2025/81869,Vendor 9673 Pvt Ltd,27AAAAA7922A1Z9
G_009674,165648.00,2025-12-23,INV/2025/91978,Vendor 9674 Pvt Ltd,27AAAAA3314A1ZN
G_009675,66350.00,2025-11-07,INV/2025/50733,Vendor 9675 Pvt Ltd,27AAAAA1177A1ZE
G_009676,11027.00,2026-01-01,INV/2025/33321,Vendor 9676 Pvt Ltd,27AAAAA1930A1ZL
G_009677,55654.00,2025-08-18,INV/2025/9108,Vendor 9677 Pvt Ltd,27AAAAA7523A1ZC
G_009678,67053.00,2025-08-27,INV/2025/16567,Vendor 9678 Pvt Ltd,27AAAAA2255A1ZH
G_009679,93922.00,2025-11-09,INV/2025/76008,Vendor 9679 Pvt Ltd,27AAAAA1738A1ZF
G_009680,67695.00,2025-11-08,,Vendor 9680 Pvt Ltd,27AAAAA2286A1ZA
G_009681,22706.00,2025-02-10,INV/2025/32757,Vendor 9681 Pvt Ltd,27AAAAA3455A1ZD
G_009682,4340.00,2025-06-10,INV/2025/5580,Vendor 9682 Pvt Ltd,27AAAAA7514A1ZD
G_009683,83198.00,2025-02-16,INV/2025/63086,Vendor 9683 Pvt Ltd,27AAAAA2785A1Z6
G_009684,92733.00,2025-05-12,INV/2025/12533,Vendor 9684 Pvt Ltd,27AAAAA8904A1Z9
G_009685,47838.00,2025-06-03,INV/2025/43947,Vendor 9685 Pvt Ltd,27AAAAA6659A1Z1
G_009686,27158.00,2025-06-24,INV/2025/48733,Vendor,27AAAAA5052A1ZG
G_009687,97879.00,2025-11-14,INV/2025/12419,Vendor 9687 Pvt Ltd,27AAAAA5942A1Z9
G_009688,3181.00,2025-12-20,INV/2025/26742,Vendor 9688 Pvt Ltd,27AAAAA4168A1Z9
G_009689,93814.00,2025-06-07,INV/2025/67711,Vendor 9689 Pvt Ltd,27AAAAA7751A1Z6
G_009690,38708.00,2025-05-15,INV/2025/28366,Vendor 9690 Pvt Ltd,27AAAAA8314A1ZD
G_009691,85489.00,2025-01-01,,Vendor 9691 Pvt Ltd,27AAAAA6194A1Z3
G_009692,30378.00,2025-07-23,INV/2025/35032,Vendor 9692 Pvt Ltd,27AAAAA6994A1ZV
G_009693,80491.00,2025-08-07,INV/2025/82961,Vendor 9693 Pvt Ltd,27AAAAA8129A1Z8
G_009694,27358.00,2025-05-16,INV/2025/9454,Vendor 9694 Pvt Ltd,27AAAAA2623A1ZL
G_009695,36205.00,2025-10-08,INV/2025/57780,Vendor 9695 Pvt Ltd,27AAAAA5489A1ZZ
G_009696,28421.00,2025-06-27,INV/2025/4212,vendor 9696 pvt ltd,27AAAAA6183A1Z6
G_009697,96421.00,2025-02-08,INV/2025/69253,Vendor 9697 Pvt Ltd,27AAAAA6753A1Z6
G_009698,27449.00,2025-11-03,INV/2025/21108,Vendor 9698 Pvt Ltd Inc,27AAAAA7203A1ZJ
G_009699,47808.00,2025-02-20,INV/2025/27798,Vendor 9699 Pvt Ltd,27AAAAA7619A1Z7
G_009700,4627.00,2025-06-03,INV/2025/82032,Vendor 9700 Private Limited,27AAAAA1805A1ZN
G_009701,36835.00,2025-05-01,INV/2025/68691,Vendor 9701 Pvt Ltd,27AAAAA8033A1ZD
G_009702,96160.00,2025-11-09,INV/2025/74520,Vendor 9702 Pvt Ltd,27AAAAA1423A1ZP
G_009703,47596.00,2025-01-25,INV/2025/80387,Vendor 9703 Pvt Ltd,27AAAAA1281A1ZH
G_009704,31444.00,2025-10-18,INV/2025/89623,Vendor 9704 Pvt Ltd,27AAAAA4461A1ZD
G_009705,16756.00,2025-06-12,,Vendor 9705 Pvt Ltd,27AAAAA7406A1ZE
G_009706,47458.00,2025-09-08,INV/2025/98883,Vendor 9706 Pvt Ltd,27AAAAA8020A1ZI
G_009707,92937.00,2025-05-31,INV/2025/76221,Vendor 9707 Pvt Ltd,27AAAAA3766A1Z7
G_009708,440.00,2025-01-14,INV/2025/57047,Vendor 9708 Pvt Ltd,27AAAAA4471A1ZB
G_009709,14868.00,2025-09-20,,Vendor 9709 Pvt Ltd,27AAAAA9716A1Z5
G_009710,35260.00,2025-07-06,INV/2025/16196,Vendor 9710 Pvt Ltd,27AAAAA3784A1Z5
G_009711,59101.00,2025-07-24,INV/2025/17036,VENDOR 9711 PVT LTD,27AAAAA9086A1ZY
G_009712,81386.00,2025-02-13,INV/2025/13437,Vendor 9712 Pvt Ltd,27AAAAA9051A1Z9
G_009713,31183.00,2025-04-27,INV/2025/93164,Vendor 9713 Pvt Ltd,27AAAAA3446A1ZE
G_009714,47466.00,2025-04-16,,Vendor 9714 Pvt Ltd,27AAAAA4433A1ZH
G_009715,22063.00,2025-12-31,INV/2025/99879,Vendor,27AAAAA8074A1Z4
G_009716,46505.00,2025-12-24,INV/2025/84057,Vendor 9716 Pvt Ltd,27AAAAA6097A1Z1
G_009717,75402.00,2025-05-10,INV/2025/14569,Vendor 9717 Pvt Ltd,27AAAAA1459A1ZD
G_009718,11904.00,2025-08-08,INV/2025/73169,Vendor 9718 Pvt Ltd,27AAAAA9133A1ZA
G_009719,22801.00,2025-02-09,INV/2025/71275,Vendor 9719 Pvt Ltd Inc,27AAAAA9818A1Z2
G_009720,21208.00,2025-02-19,INV/2025/53452,Vendor 9720 Pvt Ltd,27AAAAA9968A1ZR
G_009721,612.00,2025-04-19,INV/2025/69574,Vendor 9721 Pvt Ltd,27AAAAA8998A1ZN
G_009722,30336.00,2025-03-14,INV/2025/94931,Vendor 9722 Pvt Ltd,27AAAAA8195A1ZY
G_009723,33156.00,2025-03-23,INV/2025/57727,Vendor 9723 Pvt Ltd,27AAAAA3263A1ZF
G_009724,51577.00,2025-09-20,INV/2025/98795,Vendor 9724 Pvt Ltd,27AAAAA4519A1ZE
G_009725,38583.00,2025-06-25,,Vendor 9725 Pvt Ltd,27AAAAA2704A1ZN
G_009726,36815.00,2025-09-02,INV/2025/46504,Vendor 9726 Pvt Ltd Inc,27AAAAA9871A1ZX
G_009727,91404.00,2025-02-16,INV/2025/59036,Vendor 9727 Pvt Ltd,27AAAAA5637A1Z9
G_009728,10318.00,2025-01-02,INV/2025/46112,Vendor 9728 Pvt Ltd,27AAAAA5404A1ZK
G_009729,50786.00,2025-12-20,INV/2025/43171,Vendor 9729 Pvt Ltd,27AAAAA1550A1ZL
G_009730,75994.00,2025-05-07,INV/2025/83845,Vendor 9730 Pvt Ltd,27AAAAA3893A1Z3
G_009731,86968.00,2025-10-03,INV/2025/99932,Vendor 9731 Pvt Ltd,27AAAAA5401A1ZN
G_009732,75696.00,2025-10-28,INV/2025/49371,Vendor 9732 Pvt Ltd,27AAAAA2944A1ZD
G_009733,63384.00,2025-06-12,INV/2025/35581,Vendor 9733 Pvt Ltd,27AAAAA8365A1Z2
G_009734,97603.00,2025-06-14,INV/2025/88661,Vendor 9734 Pvt Ltd,27AAAAA2980A1Z9
G_009735,23421.00,2025-06-27,INV/2025/94482,Vendor 9735 Pvt Ltd,27AAAAA7938A1Z1
G_009736,24636.00,2025-01-14,INV/2025/40420,Vendor 9736 Pvt Ltd,27AAAAA3839A1Z9
G_009737,16472.00,2025-05-13,,Vendor 9737 Pvt Ltd,27AAAAA8267A1Z1
G_009738,21728.00,2025-05-25,INV/2025/68894,Vendor 9738 Pvt Ltd,27AAAAA8797A1ZQ
G_009739,15455.00,2025-06-28,,Vendor 9739 Pvt Ltd,27AAAAA8039A1Z7
G_009740,861.00,2025-06-15,INV/2025/99497,Vendor 9740 Pvt Ltd,27AAAAA4894A1Z0
G_009741,73457.00,2025-01-25,INV/2025/67678,Vendor 9741 Pvt Ltd,27AAAAA1841A1ZJ
G_009742,665.00,2025-11-01,INV/2025/66737,Vendor 9742 PVT LTD,27AAAAA9228A1Z6
G_009743,76157.00,2025-03-08,INV/2025/47716,Vendor 9743 Pvt Ltd,27AAAAA1589A1Z6
G_009744,19000.00,2025-04-11,INV/2025/84258,Vendor 9744 Pvt Ltd,27AAAAA5485A1Z3
G_009745,27832.00,2025-01-26,INV/2025/96650,Vendor 9745 Pvt Ltd,27AAAAA2343A1ZK
G_009746,77102.00,2025-10-25,INV/2025/2472,Vendor 9746 Pvt Ltd,27AAAAA3141A1ZM
G_009747,88254.00,2025-03-27,INV/2025/23200,Vendor 9747 Pvt Ltd,27AAAAA1253A1ZL
G_009748,47432.00,2025-08-26,,Vendor 9748 Pvt Ltd,27AAAAA3231A1ZN
G_009749,137938.00,2025-05-07,INV/2025/44641,Vendor 9749 Pvt Ltd,27AAAAA9396A1ZT
G_009750,27845.00,2025-03-28,INV/2025/57519,Vendor 9750 Pvt Ltd,27AAAAA5106A1ZL
G_009751,6544.00,2025-10-10,,Vendor 9751 Pvt Ltd,27AAAAA5909A1ZA
G_009752,1745.00,2025-04-30,INV/2025/64067,Vendor 9752 Pvt Ltd,27AAAAA1526A1ZL
G_009753,6551.00,2025-07-14,INV/2025/72053,Vendor 9753 Pvt Ltd,27AAAAA6687A1ZX
G_009754,66456.00,2025-09-19,INV/2025/74667,Vendor 9754 Pvt Ltd,27AAAAA1221A1ZT
G_009755,71056.00,2025-06-17,,Vendor 9755 Pvt Ltd,27AAAAA1818A1ZI
G_009756,18488.00,2025-11-27,INV/2025/67876,Vendor 9756 Pvt Ltd,27AAAAA4060A1ZI
G_009757,2922.00,2025-10-21,INV/2025/77464,Vendor,27AAAAA1744A1ZH
G_009758,75839.00,2025-05-24,INV/2025/15364,Vendor 9758 Pvt Ltd,27AAAAA5747A1Z6
G_009759,76476.00,2025-02-01,INV/2025/31763,Vendor 9759 Pvt Ltd,27AAAAA7115A1ZG
G_009760,94558.00,2025-09-08,INV/2025/33519,Vendor 9760 Pvt Ltd,27AAAAA9205A1ZD
G_009761,99038.00,2025-02-24,INV/2025/20135,Vendor 9761 Pvt Ltd,27AAAAA1350A1ZN
G_009762,36706.00,2025-09-24,INV/2025/91384,Vendor 9762 Pvt Ltd,27AAAAA9292A1ZY
G_009763,74073.00,2025-12-17,INV/2025/91139,Vendor 9763 Pvt Ltd,27AAAAA3216A1ZM
G_009764,82506.00,2025-09-09,INV/2025/10752,Vendor 9764 Pvt Ltd,27AAAAA7985A1ZU
G_009765,96066.00,2025-10-18,INV/2025/91424,Vendor 9765 Pvt Ltd,27AAAAA4016A1ZM
G_009766,63657.00,2025-02-11,INV/2025/77221,Vendor 9766 Pvt Ltd,27AAAAA6308A1ZF
G_009767,6865.00,2025-01-23,,Vendor 9767 Pvt Ltd,27AAAAA9137A1Z6
G_009768,97318.00,2025-11-26,INV/2025/93374,Vendor 9768 Pvt Ltd,27AAAAA2367A1ZC
G_009769,52740.00,2025-04-25,INV/2025/46787,Vendor 9769 Private Limited,27AAAAA4587A1Z2
G_009770,23632.00,2025-04-14,INV/2025/35826,Vendor 9770 Pvt Ltd,27AAAAA8703A1ZC
G_009771,48970.00,2025-06-14,,Vendor 9771 Pvt Ltd,27AAAAA2419A1ZJ
G_009772,55211.00,2025-05-07,,Vendor 9772 Pvt Ltd,27AAAAA8108A1ZD
G_009773,71137.00,2025-08-27,INV/2025/8401,Vendor 9773 Pvt Ltd,27AAAAA4624A1ZG
G_009774,19207.00,2025-03-01,INV/2025/15735,Vendor 9774 Pvt Ltd,
G_009775,80293.00,2025-05-12,INV/2025/79303,Vendor 9775 Pvt Ltd,27AAAAA6537A1Z8
G_009776,42730.00,2025-12-10,INV/2025/77108,Vendor 9776 Pvt Ltd,27AAAAA7330A1ZF
G_009777,51731.00,2025-12-01,INV/2025/52116,Vendor 9777 Pvt Ltd,27AAAAA4813A1ZH
G_009778,58664.00,2025-02-15,INV/2025/29574,Vendor 9778 Pvt Ltd,27AAAAA5564A1Z7
G_009779,91843.00,2025-02-17,INV/2025/75294,Vendor 9779 Private Limited,27AAAAA1010A1ZY
G_009780,53821.00,2025-05-07,INV/2025/73775,Vendor 9780 Pvt Ltd,27AAAAA1078A1ZE
G_009781,30928.00,2025-03-23,INV/2025/51389,Vendor 9781 Pvt Ltd,27AAAAA5446A1ZA
G_009782,10624.00,2025-12-08,INV/2025/68350,vendor 9782 pvt ltd,27AAAAA6148A1Z9
G_009783,65712.00,2025-12-01,INV/2025/88021,Vendor 9783 Pvt Ltd,27AAAAA8980A1ZX
G_009784,78496.00,2025-02-27,INV/2025/46397,Vendor 9784 Pvt Ltd,27AAAAA8374A1Z1
G_009785,84177.00,2025-04-20,INV/2025/36352,Vendor 9785 Pvt Ltd,27AAAAA1668A1ZA
G_009786,78019.00,2025-04-15,,Vendor 9786 Pvt Ltd,27AAAAA9746A1ZZ
G_009787,6575.00,2025-09-26,INV/2025/7119,Vendor 9787 Private Limited,27AAAAA5469A1Z3
G_009788,54678.00,2025-10-28,INV/2025/43712,Vendor 9788 Pvt Ltd,27AAAAA1094A1ZE
G_009789,92049.00,2025-04-21,,Vendor 9789 Pvt Ltd,27AAAAA9778A1ZR
G_009790,11340.00,2025-07-23,INV/2025/62687,None,27AAAAA4123A1ZM
G_009791,37856.00,2025-01-09,INV/2025/92748,Vendor 9791 Pvt Ltd,27AAAAA7304A1ZH
G_009792,481.00,2025-06-22,INV/2025/74914,Vendor 9792 Pvt Ltd,
G_009793,36549.00,2025-01-11,INV/2025/68619,Vendor 9793 Pvt Ltd,27AAAAA8055A1Z7
G_009794,7621.00,2025-10-22,INV/2025/14704,Vendor 9794 Pvt Ltd,27AAAAA2806A1ZK
G_009795,2414.00,2025-06-16,INV/2025/80339,Vendor 9795 Pvt Ltd,27AAAAA2604A1ZO
G_009796,50234.00,2025-06-18,INV/2025/29198,Vendor 9796 Pvt Ltd,27AAAAA9852A1Z0
G_009797,93527.00,2025-09-30,INV/2025/26650,Vendor 9797 Private Limited,27AAAAA6855A1Z3
G_009798,50591.00,2025-06-20,,Vendor 9798 Pvt Ltd,27AAAAA8120A1ZH
G_009799,121368.00,2025-09-19,INV/2025/14893,Vendor 9799 Pvt Ltd,27AAAAA5190A1Z9
G_009800,67466.00,2025-03-05,INV/2025/1947,Vendor 9800 Pvt Ltd,27AAAAA9983A1ZS
G_009801,92510.00,2025-11-18,INV/2025/89031,Vendor 9801 Pvt Ltd,27AAAAA7158A1Z5
G_009802,5318.00,2025-11-18,INV/2025/29565,Vendor 9802 Pvt Ltd,27AAAAA8607A1Z9
G_009803,15916.00,2025-08-26,INV/2025/97807,Vendor 9803 Pvt Ltd,27AAAAA9605A1Z9
G_009804,42968.00,2025-06-21,INV/2025/70610,Vendor 9804 Private Limited,27AAAAA3831A1ZH
G_009805,21781.00,2025-08-14,INV/2025/61734,Vendor 9805 Pvt Ltd,27AAAAA2905A1ZK
G_009806,71602.00,2025-01-16,,Vendor 9806 Pvt Ltd,27AAAAA2562A1ZF
G_009807,16721.00,2025-05-15,INV/2025/51991,Vendor 9807 Pvt Ltd,27AAAAA6096A1Z2
G_009808,8108.00,2025-05-11,,Vendor 9808 Pvt Ltd,27AAAAA1318A1ZN
G_009809,79826.00,2025-08-16,INV/2025/54909,Vendor 9809 Pvt Ltd,27AAAAA6655A1Z5
G_009810,33736.00,2025-06-02,INV/2025/46883,None,27AAAAA6547A1Z6
G_009811,11598.00,2025-11-01,INV/2025/52242,Vendor 9811 Pvt Ltd,27AAAAA6781A1Z2
G_009812,8844.00,2025-12-04,INV/2025/93231,Vendor 9812 Pvt Ltd,27AAAAA1292A1ZE
G_009813,43973.00,2025-06-05,INV/2025/85524,Vendor 9813 Pvt Ltd,27AAAAA1351A1ZM
G_009814,22377.00,2025-11-29,,Vendor 9814 Pvt Ltd,27AAAAA7926A1Z5
G_009815,55281.00,2025-06-28,INV/2025/33265,None,27AAAAA2794A1Z5
G_009816,76392.00,2025-12-11,INV/2025/7311,Vendor 9816 Pvt Ltd,27AAAAA4556A1Z9
G_009817,63809.00,2025-07-02,INV/2025/92956,Vendor 9817 Pvt Ltd,27AAAAA7591A1Z0
G_009818,23920.00,2025-01-08,INV/2025/32537,Vendor 9818 Pvt Ltd,27AAAAA5874A1Z2
G_009819,63121.00,2025-10-29,INV/2025/78820,Vendor 9819 Pvt Ltd,27AAAAA6255A1Z9
G_009820,73161.00,2025-02-03,,Vendor 9820 Pvt Ltd,27AAAAA6687A1ZX
G_009821,62070.00,2025-08-13,INV/2025/73176,Vendor 9821 Pvt Ltd,27AAAAA1956A1ZB
G_009822,88654.00,2025-11-16,INV/2025/56248,Vendor 9822 Pvt Ltd,27AAAAA1698A1Z4
G_009823,19272.00,2025-08-24,INV/2025/16697,Vendor 9823 Pvt Ltd,27AAAAA3278A1Z8
G_009824,47040.00,2025-04-03,INV/2025/55987,Vendor 9824 Pvt Ltd,27AAAAA4750A1ZD
G_009825,22827.00,2025-08-02,INV/2025/45998,Vendor 9825 Pvt Ltd,27AAAAA8330A1ZD
G_009826,16768.00,2025-08-11,INV/2025/13922,Vendor 9826 Pvt Ltd,27AAAAA4342A1ZH
G_009827,17997.00,2025-08-20,INV/2025/1713,Vendor 9827 Pvt Ltd,27AAAAA5259A1Z7
G_009828,28128.00,2025-04-14,INV/2025/85687,Vendor 9828 Pvt Ltd,27AAAAA3097A1Z7
G_009829,6854.00,2025-03-27,,Vendor 9829 Pvt Ltd,27AAAAA1941A1ZI
G_009830,36199.00,2025-07-24,INV/2025/62740,Vendor 9830 Pvt Ltd,27AAAAA1705A1ZO
G_009831,94264.00,2025-07-10,INV/2025/29846,Vendor 9831 Pvt Ltd,27AAAAA9921A1Z6
G_009832,53001.00,2025-06-01,INV/2025/92366,Vendor 9832 Pvt Ltd Inc,27AAAAA6572A1Z5
G_009833,96883.00,2025-10-12,INV/2025/61390,Vendor 9833 Pvt Ltd,27AAAAA3911A1ZK
G_009834,34000.00,2025-10-05,INV/2025/32037,Vendor 9834 Pvt Ltd,27AAAAA9340A1Z9
G_009835,14617.00,2025-06-26,INV/2025/20675,Vendor 9835 Pvt Ltd,
G_009836,47790.00,2025-09-24,INV/2025/62186,Vendor 9836 Pvt Ltd,27AAAAA5151A1ZG
G_009837,94295.00,2025-01-25,,Vendor 9837 Pvt Ltd,27AAAAA4428A1ZE
G_009838,99474.00,2025-10-10,INV/2025/94443,Vendor 9838 Pvt Ltd,27AAAAA8111A1ZI
G_009839,11068.00,2025-12-25,INV/2025/44831,Vendor 262 Pvt Ltd,27AAAAA2084A1ZE
G_009840,17643.00,2025-07-08,INV/2025/14163,Vendor 9840 Pvt Ltd,27AAAAA2435A1ZJ
G_009841,90854.00,2025-04-10,INV/2025/39058,Vendor 9841 Pvt Ltd,27AAAAA4120A1ZP
G_009842,75472.00,2026-01-01,INV/2025/10487,Vendor 9842 Pvt Ltd Inc,27AAAAA8686A1ZU
G_009843,82609.00,2025-07-07,,Vendor 9843 Pvt Ltd,27AAAAA6601A1ZJ
G_009844,19831.00,2025-06-26,INV/2025/27428,Vendor 9844 Pvt Ltd,27AAAAA7173A1Z6
G_009845,63736.00,2025-03-04,INV/2025/99277,Vendor 9845 Pvt Ltd,27AAAAA2678A1Z6
G_009846,90535.00,2025-09-03,INV/2025/91696,Vendor 9846 Pvt Ltd,27AAAAA7009A1ZF
G_009847,44767.00,2025-07-14,,Vendor 9847 Pvt Ltd,27AAAAA8280A1Z4
G_009848,27387.00,2025-01-03,,Vendor 9848 Pvt Ltd,27AAAAA3829A1ZB
G_009849,17016.00,2025-04-29,INV/2025/59995,Vendor 9849 Pvt Ltd,27AAAAA3920A1ZJ
G_009850,59966.00,2025-04-22,INV/2025/87778,Vendor 9850 Pvt Ltd,27AAAAA6097A1Z1
G_009851,11172.00,2025-11-03,INV/2025/82601,vendor 9851 pvt ltd,27AAAAA6826A1Z8
G_009852,8758.00,2025-02-05,INV/2025/42514,Vendor 9852 Pvt Ltd,27AAAAA2072A1ZI
G_009853,58024.00,2025-01-05,,Vendor 9853 Pvt Ltd,27AAAAA3649A1Z9
G_009854,55369.00,2025-08-30,INV/2025/57225,Vendor 9854 PVT LTD,27AAAAA1910A1ZP
G_009855,95480.00,2025-02-17,,Vendor 9855 Pvt Ltd,27AAAAA2910A1ZN
G_009856,9951.00,2025-01-21,INV/2025/11196,Vendor 9856 Pvt Ltd,27AAAAA5023A1ZL
G_009857,89363.00,2025-05-15,INV/2025/52427,Vendor 9857 Pvt Ltd,27AAAAA1505A1ZQ
G_009858,85073.00,2025-01-24,INV/2025/41807,None,27AAAAA4046A1ZG
G_009859,70202.00,2025-07-25,INV/2025/94069,Vendor 9859 Pvt Ltd,27AAAAA7841A1Z7
G_009860,78372.00,2025-07-03,INV/2025/28598,Vendor 9860 Pvt Ltd,27AAAAA9983A1ZS
G_009861,60311.00,2025-12-28,INV/2025/70376,Vendor 9861 Pvt Ltd,27AAAAA3219A1ZJ
G_009862,96807.00,2025-11-04,INV/2025/2069,Vendor 9862 Pvt Ltd,27AAAAA3992A1Z3
G_009863,40404.00,2025-05-18,INV/2025/70311,None,27AAAAA3971A1Z8
G_009864,53737.00,2025-11-03,INV/2025/96041,Vendor 9864 Pvt Ltd,27AAAAA9056A1Z4
G_009865,41316.00,2025-06-09,INV/2025/28962,VENDOR 9865 PVT LTD,27AAAAA7535A1Z8
G_009866,33696.00,2025-08-05,INV/2025/31937,Vendor 9866 Pvt Ltd,27AAAAA2638A1ZE
G_009867,44992.00,2025-12-17,INV/2025/31993,Vendor 9867 Pvt Ltd,27AAAAA5840A1ZC
G_009868,10091.00,2025-07-27,INV/2025/5464,Vendor 9868 Pvt Ltd,27AAAAA2078A1ZC
G_009869,89320.00,2025-03-03,INV/2025/74140,Vendor 9869 Pvt Ltd,27AAAAA9915A1Z4
G_009870,89101.00,2025-05-19,INV/2025/84146,Vendor 9870 Pvt Ltd Inc,27AAAAA5367A1Z6
G_009871,70337.00,2025-06-05,INV/2025/69846,Vendor 9871 Pvt Ltd,27AAAAA5949A1Z2
G_009872,39580.00,2025-06-18,INV/2025/11535,Vendor 9872 PVT LTD,27AAAAA6085A1Z5
G_009873,60848.00,2025-03-13,INV/2025/82348,Vendor 9873 Pvt Ltd,27AAAAA7028A1ZC
G_009874,62968.00,2025-02-02,INV/2025/29759,Vendor 9874 Pvt Ltd,27AAAAA1908A1ZJ
G_009875,30811.00,2025-10-01,INV/2025/17993,Vendor 9875 Pvt Ltd,27AAAAA5420A1ZK
G_009876,15208.00,2025-03-09,INV/2025/28729,Vendor 9876 Pvt Ltd,27AAAAA7497A1ZV
G_009877,44016.00,2025-10-20,INV/2025/15652,Vendor 9877 Pvt Ltd,27AAAAA1171A1ZK
G_009878,57955.00,2025-11-23,INV/2025/88452,Vendor 9878 Pvt Ltd,27AAAAA8677A1ZV
G_009879,73714.00,2025-01-14,,Vendor 9879 Pvt Ltd,27AAAAA8550A1Z7
G_009880,33566.00,2025-07-24,INV/2025/74309,Vendor 9880 Pvt Ltd,27AAAAA4503A1ZM
G_009881,45144.00,2025-04-19,INV/2025/74815,Vendor 9881 Pvt Ltd,27AAAAA8845A1Z1
G_009882,72059.00,2025-03-22,,Vendor 9882 Pvt Ltd,27AAAAA4117A1ZK
G_009883,66957.00,2025-04-18,INV/2025/95811,Vendor 9883 Pvt Ltd,27AAAAA2373A1ZE
G_009884,39865.00,2025-09-30,,Vendor 9884 Pvt Ltd,27AAAAA9197A1ZU
G_009885,4924.00,2025-07-20,INV/2025/67772,Vendor 9885 Pvt Ltd,27AAAAA6951A1Z6
G_009886,34850.00,2025-08-01,INV/2025/18447,Vendor 9886 Pvt Ltd,27AAAAA2419A1ZJ
G_009887,83278.00,2025-07-28,INV/2025/22107,Vendor 9887 Pvt Ltd,27AAAAA7476A1Z0
G_009888,21341.00,2025-12-12,,Vendor 9888 Pvt Ltd,27AAAAA7433A1ZB
G_009889,66343.00,2025-03-05,INV/2025/40979,Vendor 9889 Pvt Ltd,27AAAAA4769A1Z2
G_009890,11016.00,2025-12-30,INV/2025/36199,Vendor,27AAAAA6749A1Z2
G_009891,9234.00,2025-06-01,INV/2025/35025,Vendor 9891 Pvt Ltd,27AAAAA1573A1ZE
G_009892,34389.00,2025-06-14,INV/2025/43510,Vendor 9892 Pvt Ltd,27AAAAA9914A1Z5
G_009893,16498.00,2025-12-02,INV/2025/19648,Vendor 9893 Pvt Ltd,27AAAAA2462A1ZG
G_009894,84909.00,2025-09-15,INV/2025/39918,Vendor 9894 PVT LTD,27AAAAA9539A1Z0
G_009895,47009.00,2025-11-07,INV/2025/33118,Vendor 9895 Pvt Ltd,27AAAAA1879A1Z5
G_009896,3219.00,2025-10-17,INV/2025/92934,Vendor 9896 Pvt Ltd,27AAAAA4837A1Z9
G_009897,186912.00,2025-01-21,INV/2025/22616,Vendor 9897 Pvt Ltd,27AAAAA3482A1ZA
G_009898,56031.00,2025-07-28,INV/2025/78610,Vendor 9898 Pvt Ltd,27AAAAA9188A1ZV
G_009899,69633.00,2025-04-14,INV/2025/92323,VENDOR 9899 PVT LTD,27AAAAA7616A1ZA
G_009900,58868.00,2025-05-29,INV/2025/8912,Vendor 9900 Private Limited,27AAAAA7697A1ZT
G_009901,64028.00,2025-04-24,INV/2025/43957,Vendor 9901 Pvt Ltd Inc,27AAAAA8878A1ZS
G_009902,24385.00,2025-07-07,INV/2025/88258,Vendor 9902 Pvt Ltd,27AAAAA1298A1Z8
G_009903,11995.00,2025-04-22,INV/2025/48742,Vendor 9903 Pvt Ltd,27AAAAA3312A1ZP
G_009904,21306.00,2025-06-23,INV/2025/30064,Vendor 9904 Pvt Ltd,27AAAAA2936A1ZD
G_009905,95633.00,2025-05-13,INV/2025/51965,Vendor 9905 Pvt Ltd,27AAAAA8072A1Z6
G_009906,55961.00,2025-09-01,INV/2025/84188,Vendor 9906 Pvt Ltd,27AAAAA2008A1ZQ
G_009907,3097.00,2025-04-18,INV/2025/83553,Vendor 9907 Pvt Ltd,27AAAAA5759A1Z2
G_009908,31530.00,2025-02-07,INV/2025/82207,Vendor 9908 Pvt Ltd,27AAAAA4006A1ZO
G_009909,23764.00,2025-01-10,INV/2025/46482,Vendor 9909 Pvt Ltd,27AAAAA9090A1Z2
G_009910,26630.00,2025-07-23,INV/2025/97473,Vendor 9910 Pvt Ltd,27AAAAA3666A1Z8
G_009911,46210.00,2025-06-12,INV/2025/1104,Vendor 9911 Pvt Ltd,27AAAAA6314A1ZH
G_009912,48254.00,2025-01-08,,Vendor 9912 Pvt Ltd,27AAAAA5671A1Z7
G_009913,7149.00,2025-08-25,INV/2025/21837,Vendor 9913 Pvt Ltd,27AAAAA7419A1Z9
G_009914,75889.00,2025-10-23,,Vendor 9914 Pvt Ltd,27AAAAA5619A1ZB
G_009915,83235.00,2025-10-14,INV/2025/96793,Vendor 9915 Pvt Ltd,27AAAAA9717A1Z4
G_009916,2005.00,2025-02-20,INV/2025/5081,Vendor 9916 Pvt Ltd,27AAAAA9657A1ZX
G_009917,69599.00,2025-06-26,,Vendor 9917 Pvt Ltd,27AAAAA3949A1Z6
G_009918,41258.00,2025-03-31,INV/2025/87539,Vendor 9918 Pvt Ltd,27AAAAA1524A1ZN
G_009919,33469.00,2025-02-18,INV/2025/57645,Vendor 9919 Pvt Ltd,
G_009920,2441.00,2025-08-24,INV/2025/84621,Vendor 9920 Pvt Ltd,27AAAAA8293A1ZZ
G_009921,3936.00,2025-01-24,,Vendor 9921 Pvt Ltd,27AAAAA3282A1ZC
G_009922,7039.00,2025-04-04,INV/2025/86174,None,27AAAAA6726A1Z9
G_009923,74827.00,2025-11-11,INV/2025/30726,Vendor,27AAAAA8250A1ZA
G_009924,11020.00,2025-01-25,INV/2025/35417,VENDOR 9924 PVT LTD,27AAAAA9398A1ZR
G_009925,78424.00,2025-01-13,INV/2025/98145,Vendor 9925 Pvt Ltd,27AAAAA6702A1ZH
G_009926,72993.00,2025-08-17,INV/2025/69513,Vendor 9926 Pvt Ltd,27AAAAA5848A1Z4
G_009927,40378.00,2025-09-13,INV/2025/14691,Vendor 9927 Pvt Ltd,27AAAAA2716A1ZJ
G_009928,121558.00,2025-09-07,INV/2025/76547,Vendor 9928 Pvt Ltd,27AAAAA9490A1ZY
G_009929,80037.00,2025-10-29,INV/2025/22049,Vendor 9929 Pvt Ltd,27AAAAA7563A1Z4
G_009930,59882.00,2025-11-20,INV/2025/77325,Vendor 9930 Pvt Ltd,27AAAAA4269A1Z7
G_009931,37056.00,2025-12-12,INV/2025/2807,Vendor 9931 Pvt Ltd,27AAAAA9577A1ZU
G_009932,90490.00,2025-05-01,INV/2025/31114,Vendor 9932 Pvt Ltd,27AAAAA7615A1ZB
G_009933,61827.00,2025-11-25,INV/2025/79167,Vendor 9933 Pvt Ltd,27AAAAA6076A1Z6
G_009934,171764.00,2025-10-23,INV/2025/25375,Vendor 9934 Pvt Ltd,27AAAAA6151A1ZE
G_009935,49914.00,2025-09-09,INV/2025/60863,Vendor 9935 Pvt Ltd,27AAAAA8655A1Z1
G_009936,116750.00,2025-05-24,INV/2025/54493,Vendor 9936 Pvt Ltd,27AAAAA4965A1Z4
G_009937,55040.00,2025-04-16,INV/2025/90636,Vendor 9937 Pvt Ltd,27AAAAA6628A1Z8
G_009938,52144.00,2025-02-04,,Vendor 9938 Pvt Ltd,27AAAAA4875A1Z3
G_009939,67985.00,2025-07-08,INV/2025/78025,Vendor 9939 Pvt Ltd,
G_009940,64877.00,2025-03-02,INV/2025/57397,Vendor 9940 Pvt Ltd Inc,27AAAAA2161A1ZK
G_009941,41323.00,2025-07-28,INV/2025/84636,Vendor 9941 Pvt Ltd,27AAAAA3685A1Z5
G_009942,22813.00,2025-06-16,INV/2025/12508,Vendor 9942 Pvt Ltd,27AAAAA4342A1ZH
G_009943,21796.00,2025-12-03,INV/2025/73964,vendor 9943 pvt ltd,27AAAAA1443A1ZL
G_009944,75022.00,2025-12-08,INV/2025/9863,Vendor 9944 Pvt Ltd,27AAAAA5389A1Z0
G_009945,97293.00,2025-03-08,INV/2025/6956,Vendor 9945 Pvt Ltd,
G_009946,33943.00,2025-12-25,INV/2025/74413,Vendor 9946 Pvt Ltd,27AAAAA8658A1ZY
G_009947,74635.00,2025-08-12,,Vendor 9947 Pvt Ltd,27AAAAA8783A1ZW
G_009948,17068.00,2025-04-07,INV/2025/66621,Vendor 9948 Pvt Ltd,27AAAAA5490A1Z6
G_009949,33857.00,2025-06-14,INV/2025/91894,Vendor 9949 Pvt Ltd Inc,27AAAAA3831A1ZH
G_009950,98342.00,2025-01-05,,Vendor 9950 Pvt Ltd,27AAAAA8828A1Z2
G_009951,76733.00,2025-04-03,INV/2025/61469,None,27AAAAA1707A1ZM
G_009952,96078.00,2025-04-09,INV/2025/54703,Vendor 9952 PVT LTD,27AAAAA5410A1ZM
G_009953,88816.00,2025-06-08,INV/2025/89990,Vendor 9953 Pvt Ltd,27AAAAA3923A1ZG
G_009954,81957.00,2025-02-25,INV/2025/83482,Vendor 9954 Pvt Ltd,27AAAAA7327A1ZA
G_009955,52330.00,2025-07-27,INV/2025/58196,Vendor 9955 PVT LTD,27AAAAA5787A1ZY
G_009956,63511.00,2025-12-24,INV/2025/23840,Vendor 9956 PVT LTD,27AAAAA1024A1ZS
G_009957,91953.00,2025-03-01,,Vendor 9957 Pvt Ltd,27AAAAA4858A1Z4
G_009958,66785.00,2025-07-30,INV/2025/91739,Vendor 9958 Pvt Ltd,27AAAAA1417A1ZN
G_009959,99046.00,2025-05-22,INV/2025/46928,Vendor 9959 Pvt Ltd,27AAAAA5957A1Z2
G_009960,6233.00,2025-10-09,INV/2025/23595,vendor 9960 pvt ltd,27AAAAA6896A1ZU
G_009961,134836.00,2025-06-14,INV/2025/52037,Vendor 9961 Pvt Ltd,27AAAAA4295A1Z5
G_009962,73123.00,2025-06-05,INV/2025/37503,Vendor 9962 Pvt Ltd,27AAAAA3267A1ZB
G_009963,67934.00,2025-04-13,INV/2025/56036,vendor 9963 pvt ltd,27AAAAA8384A1ZZ
G_009964,81095.00,2025-06-01,INV/2025/15259,vendor 9964 pvt ltd,27AAAAA5520A1ZJ
G_009965,78673.00,2025-01-29,INV/2025/35599,Vendor 9965 Pvt Ltd,27AAAAA8500A1ZH
G_009966,30828.00,2025-09-09,INV/2025/83966,Vendor,27AAAAA6672A1Z4
G_009967,99639.00,2025-08-09,,Vendor 9967 Pvt Ltd,27AAAAA1293A1ZD
G_009968,32753.00,2025-12-16,INV/2025/68839,Vendor 9968 Pvt Ltd,27AAAAA3116A1ZN
G_009969,1907.00,2025-12-16,INV/2025/84425,Vendor 9969 Pvt Ltd,27AAAAA1266A1ZG
G_009970,110626.00,2025-11-23,INV/2025/64140,Vendor 9970 Pvt Ltd,27AAAAA1140A1ZR
G_009971,41264.00,2025-11-20,INV/2025/42093,Vendor 9971 Pvt Ltd,27AAAAA7912A1ZB
G_009972,23821.00,2025-03-29,INV/2025/16852,Vendor 9972 Pvt Ltd,27AAAAA3445A1ZF
G_009973,81815.00,2025-01-11,INV/2025/27843,Vendor 9973 Pvt Ltd,27AAAAA7532A1ZB
G_009974,22975.00,2025-03-18,INV/2025/30837,Vendor 9974 Pvt Ltd,27AAAAA4556A1Z9
G_009975,34053.00,2025-03-12,INV/2025/36117,Vendor 9975 Pvt Ltd,27AAAAA5996A1ZV
G_009976,7689.00,2025-09-22,INV/2025/29085,vendor 9976 pvt ltd,27AAAAA7421A1ZF
G_009977,99379.00,2025-10-06,INV/2025/77560,Vendor 9977 Pvt Ltd Inc,27AAAAA5166A1Z9
G_009978,87978.00,2025-03-26,INV/2025/29129,Vendor 9978 PVT LTD,27AAAAA3732A1ZH
G_009979,190852.00,2025-06-04,INV/2025/56702,Vendor 9979 Pvt Ltd,27AAAAA9226A1Z8
G_009980,21454.00,2025-01-24,INV/2025/67626,Vendor 9980 Pvt Ltd,27AAAAA8286A1ZY
G_009981,14639.00,2025-05-03,INV/2025/85301,Vendor 9981 Pvt Ltd,27AAAAA3403A1ZP
G_009982,93905.00,2025-12-15,INV/2025/24405,Vendor 9982 Pvt Ltd,27AAAAA6210A1ZM
G_009983,39673.00,2025-05-12,INV/2025/59536,Vendor 9983 Pvt Ltd,27AAAAA6852A1Z6
G_009984,34720.00,2025-09-22,,Vendor 9984 Pvt Ltd,27AAAAA1840A1ZK
G_009985,34620.00,2025-05-11,,Vendor 9985 Pvt Ltd,27AAAAA9067A1Z1
G_009986,26398.00,2025-01-17,INV/2025/29623,Vendor 9986 Pvt Ltd,27AAAAA8412A1ZE
G_009987,85002.00,2025-01-27,INV/2025/69768,Vendor 9987 Pvt Ltd,27AAAAA6975A1ZY
G_009988,29239.00,2025-03-16,INV/2025/97235,Vendor 9988 Pvt Ltd,27AAAAA5404A1ZK
G_009989,52549.00,2025-12-04,INV/2025/1580,Vendor 9989 Pvt Ltd,
G_009990,64000.00,2025-05-05,INV/2025/57978,Vendor 9990 Pvt Ltd,27AAAAA8448A1Z2
G_009991,46726.00,2025-10-25,INV/2025/69001,Vendor 9991 Pvt Ltd,27AAAAA9318A1Z7
G_009992,95414.00,2025-06-12,INV/2025/62316,Vendor 9992 Pvt Ltd,27AAAAA6445A1Z9
G_009993,27870.00,2025-09-13,,Vendor 9993 Pvt Ltd,27AAAAA9217A1Z9
G_009994,94914.00,2025-10-31,INV/2025/39144,Vendor 9994 Pvt Ltd,27AAAAA9751A1Z2
G_009995,178206.00,2025-08-23,INV/2025/50783,Vendor 9995 Pvt Ltd,27AAAAA5742A1ZB
G_009996,15802.00,2025-03-20,INV/2025/98404,Vendor 9996 Private Limited,27AAAAA9593A1ZU
G_009997,20382.00,2025-05-24,INV/2025/71904,Vendor 9997 Pvt Ltd,27AAAAA7566A1Z1
G_009998,20845.00,2025-03-23,INV/2025/35364,None,27AAAAA6786A1ZX
G_009999,15283.00,2025-08-19,INV/2025/94930,Vendor 9999 Pvt Ltd,27AAAAA7990A1ZX
