packet_id,label,mutation_type,severity,pr_vendor,gst_vendor,pr_ref,gst_ref,pr_amount,gst_amount,pr_date,gst_date,pr_gstin,gst_gstin
pkt-0,FUZZY_MATCH,date_shift,medium,Supplier LLC 0,Supplier LLC 0,INV-10000,INV-10000,32007.4,32007.4,2023-01-24,2023-01-22,27AAAAA1000A1Z5,27AAAAA1000A1Z5
pkt-1,NO_MATCH,different_entity,high,Supplier Inc 1,Different Supplier Inc,INV-10001,INV-10001,7062.94,7062.94,2023-02-22,2023-02-22,27AAAAA1001A1Z5,27BBBBB1234B1Z5
pkt-2,FUZZY_MATCH,date_shift,medium,Supplier Corp 2,Supplier Corp 2,INV-10002,INV-10002,21153.9,21153.9,2023-01-03,2023-01-06,27AAAAA1002A1Z5,27AAAAA1002A1Z5
pkt-3,FUZZY_MATCH,date_shift,medium,Supplier Ltd 3,Supplier Ltd 3,INV-10003,INV-10003,30140.73,30140.73,2023-09-07,2023-09-09,27AAAAA1003A1Z5,27AAAAA1003A1Z5
pkt-4,EXACT_MATCH,none,none,Supplier Corp 4,Supplier Corp 4,INV-10004,INV-10004,29504.36,29504.36,2023-01-25,2023-01-25,27AAAAA1004A1Z5,27AAAAA1004A1Z5
pkt-5,NO_MATCH,invalid_gstin_suffix,high,Supplier Corp 5,Supplier Corp 5,INV-10005,INV-10005,21188.46,21188.46,2023-05-05,2023-05-05,27AAAAA1005A1Z5,27AAAAA1005A1ZX
pkt-6,NO_MATCH,invalid_gstin_suffix,high,Supplier LLC 6,Supplier LLC 6,INV-10006,INV-10006,5200.29,5200.29,2023-07-04,2023-07-04,27AAAAA1006A1Z5,27AAAAA1006A1ZX
pkt-7,CONTRADICTION,major_amount_diff,high,Supplier Ltd 7,Supplier Ltd 7,INV-10007,INV-10007,30225.93,60451.860,2023-01-24,2023-01-24,27AAAAA1007A1Z5,27AAAAA1007A1Z5
pkt-8,EXACT_MATCH,none,none,Supplier LLC 8,Supplier LLC 8,INV-10008,INV-10008,6328.83,6328.83,2023-07-03,2023-07-03,27AAAAA1008A1Z5,27AAAAA1008A1Z5
pkt-9,EXACT_MATCH,none,none,Supplier Corp 9,Supplier Corp 9,INV-10009,INV-10009,30964.14,30964.14,2023-06-19,2023-06-19,27AAAAA1009A1Z5,27AAAAA1009A1Z5
pkt-10,FUZZY_MATCH,string_distance,low,Supplier LLC 10,Suplier LLC 10,INV-10010,INV10010,3570.8,3570.8,2023-11-08,2023-11-08,27AAAAA1010A1Z5,27AAAAA1010A1Z5
pkt-11,NO_MATCH,missing_record,high,Supplier LLC 11,,INV-10011,,42780.35,,2023-02-13,,27AAAAA1011A1Z5,
pkt-12,NO_MATCH,invalid_gstin_suffix,high,Supplier LLC 12,Supplier LLC 12,INV-10012,INV-10012,31820.65,31820.65,2023-06-06,2023-06-06,27AAAAA1012A1Z5,27AAAAA1012A1ZX
pkt-13,NO_MATCH,different_entity,high,Supplier Inc 13,Different Supplier Inc,INV-10013,INV-10013,10554.4,10554.4,2023-05-23,2023-05-23,27AAAAA1013A1Z5,27BBBBB1234B1Z5
pkt-14,FUZZY_MATCH,ocr_artifacts,medium,Supplier Corp 14,Supplier Corp 14,INV-10014,INV-IOOI4,31785.42,31785.43,2023-09-24,2023-09-24,27AAAAA1014A1Z5,27AAAAA1014A1Z5
pkt-15,EXACT_MATCH,none,none,Supplier Corp 15,Supplier Corp 15,INV-10015,INV-10015,23166.78,23166.78,2023-05-21,2023-05-21,27AAAAA1015A1Z5,27AAAAA1015A1Z5
pkt-16,NO_MATCH,invalid_gstin_suffix,high,Supplier Inc 16,Supplier Inc 16,INV-10016,INV-10016,16281.71,16281.71,2023-01-08,2023-01-08,27AAAAA1016A1Z5,27AAAAA1016A1ZX
pkt-17,FUZZY_MATCH,date_shift,medium,Supplier LLC 17,Supplier LLC 17,INV-10017,INV-10017,20118.12,20118.12,2023-02-07,2023-02-12,27AAAAA1017A1Z5,27AAAAA1017A1Z5
pkt-18,FUZZY_MATCH,minor_amount_diff,low,Supplier Corp 18,Supplier Corp 18,INV-10018,INV-10018,25011.64,25012.14,2023-11-15,2023-11-15,27AAAAA1018A1Z5,27AAAAA1018A1Z5
pkt-19,EXACT_MATCH,none,none,Supplier LLC 19,Supplier LLC 19,INV-10019,INV-10019,12406.71,12406.71,2023-09-18,2023-09-18,27AAAAA1019A1Z5,27AAAAA1019A1Z5
pkt-20,FUZZY_MATCH,date_shift,medium,Supplier LLC 20,Supplier LLC 20,INV-10020,INV-10020,29270.84,29270.84,2023-10-13,2023-10-10,27AAAAA1020A1Z5,27AAAAA1020A1Z5
pkt-21,FUZZY_MATCH,string_distance,low,Supplier Inc 21,Suplier Inc 21,INV-10021,INV10021,25525.36,25525.36,2023-02-25,2023-02-25,27AAAAA1021A1Z5,27AAAAA1021A1Z5
pkt-22,NO_MATCH,different_entity,high,Supplier Ltd 22,Different Supplier Inc,INV-10022,INV-10022,7726.78,7726.78,2023-03-26,2023-03-26,27AAAAA1022A1Z5,27BBBBB1234B1Z5
pkt-23,CONTRADICTION,major_amount_diff,high,Supplier Ltd 23,Supplier Ltd 23,INV-10023,INV-10023,3270.03,6540.060,2023-07-20,2023-07-20,27AAAAA1023A1Z5,27AAAAA1023A1Z5
pkt-24,EXACT_MATCH,none,none,Supplier Inc 24,Supplier Inc 24,INV-10024,INV-10024,12645.56,12645.56,2023-09-28,2023-09-28,27AAAAA1024A1Z5,27AAAAA1024A1Z5
pkt-25,EXACT_MATCH,none,none,Supplier LLC 25,Supplier LLC 25,INV-10025,INV-10025,36064.02,36064.02,2023-11-18,2023-11-18,27AAAAA1025A1Z5,27AAAAA1025A1Z5
pkt-26,NO_MATCH,missing_record,high,Supplier Corp 26,,INV-10026,,17074.76,,2023-05-14,,27AAAAA1026A1Z5,
pkt-27,CONTRADICTION,major_amount_diff,high,Supplier LLC 27,Supplier LLC 27,INV-10027,INV-10027,261.94,523.880,2023-12-24,2023-12-24,27AAAAA1027A1Z5,27AAAAA1027A1Z5
pkt-28,EXACT_MATCH,none,none,Supplier LLC 28,Supplier LLC 28,INV-10028,INV-10028,38121.91,38121.91,2023-09-04,2023-09-04,27AAAAA1028A1Z5,27AAAAA1028A1Z5
pkt-29,FUZZY_MATCH,ocr_artifacts,medium,Supplier LLC 29,Supplier LLC 29,INV-10029,INV-IOO29,25432.38,25432.39,2023-04-05,2023-04-05,27AAAAA1029A1Z5,27AAAAA1029A1Z5
pkt-30,NO_MATCH,missing_record,high,Supplier LLC 30,,INV-10030,,27015.01,,2023-09-01,,27AAAAA1030A1Z5,
pkt-31,FUZZY_MATCH,date_shift,medium,Supplier LLC 31,Supplier LLC 31,INV-10031,INV-10031,1071.89,1071.89,2023-06-27,2023-06-22,27AAAAA1031A1Z5,27AAAAA1031A1Z5
pkt-32,EXACT_MATCH,none,none,Supplier Inc 32,Supplier Inc 32,INV-10032,INV-10032,12119.49,12119.49,2023-10-03,2023-10-03,27AAAAA1032A1Z5,27AAAAA1032A1Z5
pkt-33,FUZZY_MATCH,ocr_artifacts,medium,Supplier Corp 33,Supplier Corp 33,INV-10033,INV-IOO33,24350.92,24350.93,2023-02-25,2023-02-25,27AAAAA1033A1Z5,27AAAAA1033A1Z5
pkt-34,CONTRADICTION,major_amount_diff,high,Supplier LLC 34,Supplier LLC 34,INV-10034,INV-10034,33021.57,66043.140,2023-09-06,2023-09-06,27AAAAA1034A1Z5,27AAAAA1034A1Z5
pkt-35,EXACT_MATCH,none,none,Supplier Corp 35,Supplier Corp 35,INV-10035,INV-10035,43634.41,43634.41,2023-07-07,2023-07-07,27AAAAA1035A1Z5,27AAAAA1035A1Z5
pkt-36,NO_MATCH,missing_record,high,Supplier LLC 36,,INV-10036,,15654.64,,2023-11-21,,27AAAAA1036A1Z5,
pkt-37,FUZZY_MATCH,date_shift,medium,Supplier Corp 37,Supplier Corp 37,INV-10037,INV-10037,44990.74,44990.74,2023-08-04,2023-07-31,27AAAAA1037A1Z5,27AAAAA1037A1Z5
pkt-38,NO_MATCH,different_entity,high,Supplier Corp 38,Different Supplier Inc,INV-10038,INV-10038,16970.47,16970.47,2023-10-18,2023-10-18,27AAAAA1038A1Z5,27BBBBB1234B1Z5
pkt-39,FUZZY_MATCH,date_shift,medium,Supplier Inc 39,Supplier Inc 39,INV-10039,INV-10039,11088.85,11088.85,2023-02-23,2023-02-19,27AAAAA1039A1Z5,27AAAAA1039A1Z5
pkt-40,FUZZY_MATCH,minor_amount_diff,low,Supplier Corp 40,Supplier Corp 40,INV-10040,INV-10040,45280.46,45282.96,2023-06-03,2023-06-03,27AAAAA1040A1Z5,27AAAAA1040A1Z5
pkt-41,FUZZY_MATCH,date_shift,medium,Supplier Ltd 41,Supplier Ltd 41,INV-10041,INV-10041,10790.42,10790.42,2023-03-24,2023-03-26,27AAAAA1041A1Z5,27AAAAA1041A1Z5
pkt-42,EXACT_MATCH,none,none,Supplier Inc 42,Supplier Inc 42,INV-10042,INV-10042,40394.1,40394.1,2023-04-04,2023-04-04,27AAAAA1042A1Z5,27AAAAA1042A1Z5
pkt-43,EXACT_MATCH,none,none,Supplier Ltd 43,Supplier Ltd 43,INV-10043,INV-10043,21609.45,21609.45,2023-07-14,2023-07-14,27AAAAA1043A1Z5,27AAAAA1043A1Z5
pkt-44,EXACT_MATCH,none,none,Supplier Inc 44,Supplier Inc 44,INV-10044,INV-10044,2803.14,2803.14,2023-11-21,2023-11-21,27AAAAA1044A1Z5,27AAAAA1044A1Z5
pkt-45,FUZZY_MATCH,date_shift,medium,Supplier Inc 45,Supplier Inc 45,INV-10045,INV-10045,20190.8,20190.8,2023-06-26,2023-06-24,27AAAAA1045A1Z5,27AAAAA1045A1Z5
pkt-46,FUZZY_MATCH,ocr_artifacts,medium,Supplier Ltd 46,Supplier Ltd 46,INV-10046,INV-IOO46,9591.42,9591.43,2023-08-05,2023-08-05,27AAAAA1046A1Z5,27AAAAA1046A1Z5
pkt-47,NO_MATCH,missing_record,high,Supplier Inc 47,,INV-10047,,13999.4,,2023-04-28,,27AAAAA1047A1Z5,
pkt-48,EXACT_MATCH,none,none,Supplier Inc 48,Supplier Inc 48,INV-10048,INV-10048,40420.31,40420.31,2023-09-04,2023-09-04,27AAAAA1048A1Z5,27AAAAA1048A1Z5
pkt-49,FUZZY_MATCH,ocr_artifacts,medium,Supplier Corp 49,Supplier Corp 49,INV-10049,INV-IOO49,49964.2,49964.21,2023-01-03,2023-01-03,27AAAAA1049A1Z5,27AAAAA1049A1Z5
pkt-50,EXACT_MATCH,none,none,Supplier Ltd 50,Supplier Ltd 50,INV-10050,INV-10050,20380.06,20380.06,2023-08-07,2023-08-07,27AAAAA1050A1Z5,27AAAAA1050A1Z5
pkt-51,NO_MATCH,missing_record,high,Supplier LLC 51,,INV-10051,,8315.39,,2023-01-13,,27AAAAA1051A1Z5,
pkt-52,FUZZY_MATCH,ocr_artifacts,medium,Supplier Ltd 52,Supplier Ltd 52,INV-10052,INV-IOO52,14333.94,14333.95,2023-12-24,2023-12-24,27AAAAA1052A1Z5,27AAAAA1052A1Z5
pkt-53,EXACT_MATCH,none,none,Supplier Inc 53,Supplier Inc 53,INV-10053,INV-10053,9575.9,9575.9,2023-04-02,2023-04-02,27AAAAA1053A1Z5,27AAAAA1053A1Z5
pkt-54,CONTRADICTION,major_amount_diff,high,Supplier Ltd 54,Supplier Ltd 54,INV-10054,INV-10054,15748.88,31497.760,2023-01-19,2023-01-19,27AAAAA1054A1Z5,27AAAAA1054A1Z5
pkt-55,CONTRADICTION,major_amount_diff,high,Supplier Inc 55,Supplier Inc 55,INV-10055,INV-10055,45977.42,91954.840,2023-09-06,2023-09-06,27AAAAA1055A1Z5,27AAAAA1055A1Z5
pkt-56,EXACT_MATCH,none,none,Supplier Inc 56,Supplier Inc 56,INV-10056,INV-10056,4097.56,4097.56,2023-03-03,2023-03-03,27AAAAA1056A1Z5,27AAAAA1056A1Z5
pkt-57,NO_MATCH,different_entity,high,Supplier Corp 57,Different Supplier Inc,INV-10057,INV-10057,43104.78,43104.78,2023-07-04,2023-07-04,27AAAAA1057A1Z5,27BBBBB1234B1Z5
pkt-58,EXACT_MATCH,none,none,Supplier Ltd 58,Supplier Ltd 58,INV-10058,INV-10058,29766.51,29766.51,2023-10-03,2023-10-03,27AAAAA1058A1Z5,27AAAAA1058A1Z5
pkt-59,FUZZY_MATCH,date_shift,medium,Supplier LLC 59,Supplier LLC 59,INV-10059,INV-10059,29225.25,29225.25,2023-09-11,2023-09-16,27AAAAA1059A1Z5,27AAAAA1059A1Z5
pkt-60,FUZZY_MATCH,ocr_artifacts,medium,Supplier Ltd 60,Supplier Ltd 60,INV-10060,INV-IOO6O,35837.97,35837.98,2023-04-09,2023-04-09,27AAAAA1060A1Z5,27AAAAA1060A1Z5
pkt-61,FUZZY_MATCH,string_distance,low,Supplier LLC 61,Suplier LLC 61,INV-10061,INV10061,33617.34,33617.34,2023-05-15,2023-05-15,27AAAAA1061A1Z5,27AAAAA1061A1Z5
pkt-62,FUZZY_MATCH,string_distance,low,Supplier Inc 62,Suplier Inc 62,INV-10062,INV10062,564.84,564.84,2023-10-19,2023-10-19,27AAAAA1062A1Z5,27AAAAA1062A1Z5
pkt-63,NO_MATCH,invalid_gstin_suffix,high,Supplier Corp 63,Supplier Corp 63,INV-10063,INV-10063,26927.96,26927.96,2023-09-09,2023-09-09,27AAAAA1063A1Z5,27AAAAA1063A1ZX
pkt-64,FUZZY_MATCH,ocr_artifacts,medium,Supplier LLC 64,Supplier LLC 64,INV-10064,INV-IOO64,44055.12,44055.13,2023-04-12,2023-04-12,27AAAAA1064A1Z5,27AAAAA1064A1Z5
pkt-65,NO_MATCH,different_entity,high,Supplier LLC 65,Different Supplier Inc,INV-10065,INV-10065,21965.41,21965.41,2023-09-23,2023-09-23,27AAAAA1065A1Z5,27BBBBB1234B1Z5
pkt-66,EXACT_MATCH,none,none,Supplier Inc 66,Supplier Inc 66,INV-10066,INV-10066,49194.28,49194.28,2023-11-17,2023-11-17,27AAAAA1066A1Z5,27AAAAA1066A1Z5
pkt-67,FUZZY_MATCH,ocr_artifacts,medium,Supplier Inc 67,Supplier Inc 67,INV-10067,INV-IOO67,40873.5,40873.51,2023-05-22,2023-05-22,27AAAAA1067A1Z5,27AAAAA1067A1Z5
pkt-68,FUZZY_MATCH,minor_amount_diff,low,Supplier Corp 68,Supplier Corp 68,INV-10068,INV-10068,13296.85,13297.85,2023-02-24,2023-02-24,27AAAAA1068A1Z5,27AAAAA1068A1Z5
pkt-69,EXACT_MATCH,none,none,Supplier Corp 69,Supplier Corp 69,INV-10069,INV-10069,30281.01,30281.01,2023-12-11,2023-12-11,27AAAAA1069A1Z5,27AAAAA1069A1Z5
pkt-70,FUZZY_MATCH,minor_amount_diff,low,Supplier Ltd 70,Supplier Ltd 70,INV-10070,INV-10070,31748.47,31747.47,2023-05-17,2023-05-17,27AAAAA1070A1Z5,27AAAAA1070A1Z5
pkt-71,EXACT_MATCH,none,none,Supplier LLC 71,Supplier LLC 71,INV-10071,INV-10071,4705.69,4705.69,2023-07-27,2023-07-27,27AAAAA1071A1Z5,27AAAAA1071A1Z5
pkt-72,FUZZY_MATCH,ocr_artifacts,medium,Supplier LLC 72,Supplier LLC 72,INV-10072,INV-IOO72,276.93,276.94,2023-03-21,2023-03-21,27AAAAA1072A1Z5,27AAAAA1072A1Z5
pkt-73,CONTRADICTION,major_amount_diff,high,Supplier Ltd 73,Supplier Ltd 73,INV-10073,INV-10073,37087.42,74174.840,2023-09-23,2023-09-23,27AAAAA1073A1Z5,27AAAAA1073A1Z5
pkt-74,CONTRADICTION,major_amount_diff,high,Supplier Corp 74,Supplier Corp 74,INV-10074,INV-10074,582.52,1165.040,2023-02-23,2023-02-23,27AAAAA1074A1Z5,27AAAAA1074A1Z5
pkt-75,EXACT_MATCH,none,none,Supplier Corp 75,Supplier Corp 75,INV-10075,INV-10075,1897.8,1897.8,2023-06-19,2023-06-19,27AAAAA1075A1Z5,27AAAAA1075A1Z5
pkt-76,NO_MATCH,invalid_gstin_suffix,high,Supplier Inc 76,Supplier Inc 76,INV-10076,INV-10076,6459.53,6459.53,2023-05-12,2023-05-12,27AAAAA1076A1Z5,27AAAAA1076A1ZX
pkt-77,NO_MATCH,invalid_gstin_suffix,high,Supplier Inc 77,Supplier Inc 77,INV-10077,INV-10077,10582.82,10582.82,2023-04-22,2023-04-22,27AAAAA1077A1Z5,27AAAAA1077A1ZX
pkt-78,FUZZY_MATCH,date_shift,medium,Supplier Corp 78,Supplier Corp 78,INV-10078,INV-10078,39027.8,39027.8,2023-07-20,2023-07-17,27AAAAA1078A1Z5,27AAAAA1078A1Z5
pkt-79,FUZZY_MATCH,ocr_artifacts,medium,Supplier Inc 79,Supplier Inc 79,INV-10079,INV-IOO79,48812.68,48812.69,2023-03-14,2023-03-14,27AAAAA1079A1Z5,27AAAAA1079A1Z5
pkt-80,EXACT_MATCH,none,none,Supplier Ltd 80,Supplier Ltd 80,INV-10080,INV-10080,36854.57,36854.57,2023-06-26,2023-06-26,27AAAAA1080A1Z5,27AAAAA1080A1Z5
pkt-81,EXACT_MATCH,none,none,Supplier Corp 81,Supplier Corp 81,INV-10081,INV-10081,43216.8,43216.8,2023-04-09,2023-04-09,27AAAAA1081A1Z5,27AAAAA1081A1Z5
pkt-82,FUZZY_MATCH,date_shift,medium,Supplier Ltd 82,Supplier Ltd 82,INV-10082,INV-10082,5493.97,5493.97,2023-01-28,2023-01-26,27AAAAA1082A1Z5,27AAAAA1082A1Z5
pkt-83,FUZZY_MATCH,date_shift,medium,Supplier LLC 83,Supplier LLC 83,INV-10083,INV-10083,40847.67,40847.67,2023-08-12,2023-08-10,27AAAAA1083A1Z5,27AAAAA1083A1Z5
pkt-84,FUZZY_MATCH,minor_amount_diff,low,Supplier LLC 84,Supplier LLC 84,INV-10084,INV-10084,1280.86,1279.86,2023-04-13,2023-04-13,27AAAAA1084A1Z5,27AAAAA1084A1Z5
pkt-85,EXACT_MATCH,none,none,Supplier Ltd 85,Supplier Ltd 85,INV-10085,INV-10085,48347.77,48347.77,2023-05-12,2023-05-12,27AAAAA1085A1Z5,27AAAAA1085A1Z5
pkt-86,FUZZY_MATCH,string_distance,low,Supplier Inc 86,Suplier Inc 86,INV-10086,INV10086,49059.37,49059.37,2023-09-11,2023-09-11,27AAAAA1086A1Z5,27AAAAA1086A1Z5
pkt-87,EXACT_MATCH,none,none,Supplier LLC 87,Supplier LLC 87,INV-10087,INV-10087,43864.22,43864.22,2023-05-06,2023-05-06,27AAAAA1087A1Z5,27AAAAA1087A1Z5
pkt-88,EXACT_MATCH,none,none,Supplier LLC 88,Supplier LLC 88,INV-10088,INV-10088,5509.29,5509.29,2023-07-12,2023-07-12,27AAAAA1088A1Z5,27AAAAA1088A1Z5
pkt-89,NO_MATCH,different_entity,high,Supplier Ltd 89,Different Supplier Inc,INV-10089,INV-10089,30349.82,30349.82,2023-09-04,2023-09-04,27AAAAA1089A1Z5,27BBBBB1234B1Z5
pkt-90,EXACT_MATCH,none,none,Supplier Ltd 90,Supplier Ltd 90,INV-10090,INV-10090,9584.93,9584.93,2023-01-23,2023-01-23,27AAAAA1090A1Z5,27AAAAA1090A1Z5
pkt-91,NO_MATCH,invalid_gstin_suffix,high,Supplier Corp 91,Supplier Corp 91,INV-10091,INV-10091,26044.03,26044.03,2023-09-22,2023-09-22,27AAAAA1091A1Z5,27AAAAA1091A1ZX
pkt-92,EXACT_MATCH,none,none,Supplier LLC 92,Supplier LLC 92,INV-10092,INV-10092,21621.74,21621.74,2023-11-11,2023-11-11,27AAAAA1092A1Z5,27AAAAA1092A1Z5
pkt-93,EXACT_MATCH,none,none,Supplier LLC 93,Supplier LLC 93,INV-10093,INV-10093,42415.96,42415.96,2023-12-10,2023-12-10,27AAAAA1093A1Z5,27AAAAA1093A1Z5
pkt-94,CONTRADICTION,major_amount_diff,high,Supplier LLC 94,Supplier LLC 94,INV-10094,INV-10094,20478.81,40957.620,2023-07-23,2023-07-23,27AAAAA1094A1Z5,27AAAAA1094A1Z5
pkt-95,EXACT_MATCH,none,none,Supplier Ltd 95,Supplier Ltd 95,INV-10095,INV-10095,6451.66,6451.66,2023-07-22,2023-07-22,27AAAAA1095A1Z5,27AAAAA1095A1Z5
pkt-96,EXACT_MATCH,none,none,Supplier LLC 96,Supplier LLC 96,INV-10096,INV-10096,37431.91,37431.91,2023-03-20,2023-03-20,27AAAAA1096A1Z5,27AAAAA1096A1Z5
pkt-97,FUZZY_MATCH,date_shift,medium,Supplier LLC 97,Supplier LLC 97,INV-10097,INV-10097,27442.07,27442.07,2023-01-10,2023-01-11,27AAAAA1097A1Z5,27AAAAA1097A1Z5
pkt-98,NO_MATCH,missing_record,high,Supplier LLC 98,,INV-10098,,39309.37,,2023-10-21,,27AAAAA1098A1Z5,
pkt-99,EXACT_MATCH,none,none,Supplier Ltd 99,Supplier Ltd 99,INV-10099,INV-10099,22145.12,22145.12,2023-11-07,2023-11-07,27AAAAA1099A1Z5,27AAAAA1099A1Z5
pkt-100,FUZZY_MATCH,string_distance,low,Supplier LLC 100,Suplier LLC 100,INV-10100,INV10100,8567.6,8567.6,2023-02-10,2023-02-10,27AAAAA1100A1Z5,27AAAAA1100A1Z5
pkt-101,FUZZY_MATCH,date_shift,medium,Supplier LLC 101,Supplier LLC 101,INV-10101,INV-10101,40939.33,40939.33,2023-04-22,2023-04-20,27AAAAA1101A1Z5,27AAAAA1101A1Z5
pkt-102,NO_MATCH,different_entity,high,Supplier Ltd 102,Different Supplier Inc,INV-10102,INV-10102,7452.96,7452.96,2023-01-08,2023-01-08,27AAAAA1102A1Z5,27BBBBB1234B1Z5
pkt-103,EXACT_MATCH,none,none,Supplier Ltd 103,Supplier Ltd 103,INV-10103,INV-10103,42501.91,42501.91,2023-02-15,2023-02-15,27AAAAA1103A1Z5,27AAAAA1103A1Z5
pkt-104,NO_MATCH,missing_record,high,Supplier Ltd 104,,INV-10104,,28825.98,,2023-12-23,,27AAAAA1104A1Z5,
pkt-105,FUZZY_MATCH,string_distance,low,Supplier Inc 105,Suplier Inc 105,INV-10105,INV10105,20042.68,20042.68,2023-03-21,2023-03-21,27AAAAA1105A1Z5,27AAAAA1105A1Z5
pkt-106,EXACT_MATCH,none,none,Supplier Ltd 106,Supplier Ltd 106,INV-10106,INV-10106,38943.18,38943.18,2023-04-06,2023-04-06,27AAAAA1106A1Z5,27AAAAA1106A1Z5
pkt-107,NO_MATCH,missing_record,high,Supplier Corp 107,,INV-10107,,27914.55,,2023-02-15,,27AAAAA1107A1Z5,
pkt-108,NO_MATCH,missing_record,high,Supplier LLC 108,,INV-10108,,33412.13,,2023-09-20,,27AAAAA1108A1Z5,
pkt-109,CONTRADICTION,major_amount_diff,high,Supplier Ltd 109,Supplier Ltd 109,INV-10109,INV-10109,30671.35,61342.700,2023-12-17,2023-12-17,27AAAAA1109A1Z5,27AAAAA1109A1Z5
pkt-110,NO_MATCH,missing_record,high,Supplier Ltd 110,,INV-10110,,22351.09,,2023-03-24,,27AAAAA1110A1Z5,
pkt-111,CONTRADICTION,major_amount_diff,high,Supplier LLC 111,Supplier LLC 111,INV-10111,INV-10111,13033.66,26067.320,2023-04-27,2023-04-27,27AAAAA1111A1Z5,27AAAAA1111A1Z5
pkt-112,FUZZY_MATCH,string_distance,low,Supplier Ltd 112,Suplier Ltd 112,INV-10112,INV10112,24281.39,24281.39,2023-04-09,2023-04-09,27AAAAA1112A1Z5,27AAAAA1112A1Z5
pkt-113,NO_MATCH,invalid_gstin_suffix,high,Supplier LLC 113,Supplier LLC 113,INV-10113,INV-10113,35705.89,35705.89,2023-04-09,2023-04-09,27AAAAA1113A1Z5,27AAAAA1113A1ZX
pkt-114,FUZZY_MATCH,date_shift,medium,Supplier Corp 114,Supplier Corp 114,INV-10114,INV-10114,44662.04,44662.04,2023-02-05,2023-02-06,27AAAAA1114A1Z5,27AAAAA1114A1Z5
pkt-115,EXACT_MATCH,none,none,Supplier Inc 115,Supplier Inc 115,INV-10115,INV-10115,34728.1,34728.1,2023-12-07,2023-12-07,27AAAAA1115A1Z5,27AAAAA1115A1Z5
pkt-116,EXACT_MATCH,none,none,Supplier Ltd 116,Supplier Ltd 116,INV-10116,INV-10116,20439.21,20439.21,2023-09-15,2023-09-15,27AAAAA1116A1Z5,27AAAAA1116A1Z5
pkt-117,NO_MATCH,different_entity,high,Supplier Inc 117,Different Supplier Inc,INV-10117,INV-10117,10421.04,10421.04,2023-07-13,2023-07-13,27AAAAA1117A1Z5,27BBBBB1234B1Z5
pkt-118,EXACT_MATCH,none,none,Supplier LLC 118,Supplier LLC 118,INV-10118,INV-10118,19081.01,19081.01,2023-01-12,2023-01-12,27AAAAA1118A1Z5,27AAAAA1118A1Z5
pkt-119,NO_MATCH,missing_record,high,Supplier Corp 119,,INV-10119,,42687.05,,2023-07-18,,27AAAAA1119A1Z5,
pkt-120,EXACT_MATCH,none,none,Supplier Inc 120,Supplier Inc 120,INV-10120,INV-10120,11049.14,11049.14,2023-07-16,2023-07-16,27AAAAA1120A1Z5,27AAAAA1120A1Z5
pkt-121,EXACT_MATCH,none,none,Supplier Ltd 121,Supplier Ltd 121,INV-10121,INV-10121,16872.86,16872.86,2023-11-26,2023-11-26,27AAAAA1121A1Z5,27AAAAA1121A1Z5
pkt-122,EXACT_MATCH,none,none,Supplier Inc 122,Supplier Inc 122,INV-10122,INV-10122,8335.73,8335.73,2023-08-05,2023-08-05,27AAAAA1122A1Z5,27AAAAA1122A1Z5
pkt-123,EXACT_MATCH,none,none,Supplier Inc 123,Supplier Inc 123,INV-10123,INV-10123,29635.45,29635.45,2023-11-01,2023-11-01,27AAAAA1123A1Z5,27AAAAA1123A1Z5
pkt-124,FUZZY_MATCH,minor_amount_diff,low,Supplier Inc 124,Supplier Inc 124,INV-10124,INV-10124,21487.78,21490.28,2023-08-06,2023-08-06,27AAAAA1124A1Z5,27AAAAA1124A1Z5
pkt-125,EXACT_MATCH,none,none,Supplier LLC 125,Supplier LLC 125,INV-10125,INV-10125,16434.9,16434.9,2023-08-11,2023-08-11,27AAAAA1125A1Z5,27AAAAA1125A1Z5
pkt-126,NO_MATCH,missing_record,high,Supplier Inc 126,,INV-10126,,13985.01,,2023-07-09,,27AAAAA1126A1Z5,
pkt-127,FUZZY_MATCH,date_shift,medium,Supplier LLC 127,Supplier LLC 127,INV-10127,INV-10127,1067.23,1067.23,2023-09-02,2023-09-07,27AAAAA1127A1Z5,27AAAAA1127A1Z5
pkt-128,FUZZY_MATCH,date_shift,medium,Supplier Inc 128,Supplier Inc 128,INV-10128,INV-10128,3524.06,3524.06,2023-11-02,2023-10-31,27AAAAA1128A1Z5,27AAAAA1128A1Z5
pkt-129,FUZZY_MATCH,ocr_artifacts,medium,Supplier Corp 129,Supplier Corp 129,INV-10129,INV-IOI29,41977.52,41977.53,2023-10-05,2023-10-05,27AAAAA1129A1Z5,27AAAAA1129A1Z5
pkt-130,NO_MATCH,missing_record,high,Supplier Corp 130,,INV-10130,,23730.7,,2023-02-19,,27AAAAA1130A1Z5,
pkt-131,FUZZY_MATCH,ocr_artifacts,medium,Supplier Inc 131,Supplier Inc 131,INV-10131,INV-IOI3I,35003.3,35003.31,2023-06-06,2023-06-06,27AAAAA1131A1Z5,27AAAAA1131A1Z5
pkt-132,FUZZY_MATCH,minor_amount_diff,low,Supplier Inc 132,Supplier Inc 132,INV-10132,INV-10132,48239.57,48242.07,2023-02-19,2023-02-19,27AAAAA1132A1Z5,27AAAAA1132A1Z5
pkt-133,NO_MATCH,different_entity,high,Supplier Inc 133,Different Supplier Inc,INV-10133,INV-10133,19893.06,19893.06,2023-12-07,2023-12-07,27AAAAA1133A1Z5,27BBBBB1234B1Z5
pkt-134,EXACT_MATCH,none,none,Supplier Inc 134,Supplier Inc 134,INV-10134,INV-10134,34561.66,34561.66,2023-11-08,2023-11-08,27AAAAA1134A1Z5,27AAAAA1134A1Z5
pkt-135,NO_MATCH,different_entity,high,Supplier Inc 135,Different Supplier Inc,INV-10135,INV-10135,38646.8,38646.8,2023-11-20,2023-11-20,27AAAAA1135A1Z5,27BBBBB1234B1Z5
pkt-136,EXACT_MATCH,none,none,Supplier Ltd 136,Supplier Ltd 136,INV-10136,INV-10136,39153.5,39153.5,2023-06-18,2023-06-18,27AAAAA1136A1Z5,27AAAAA1136A1Z5
pkt-137,EXACT_MATCH,none,none,Supplier LLC 137,Supplier LLC 137,INV-10137,INV-10137,18591.49,18591.49,2023-09-21,2023-09-21,27AAAAA1137A1Z5,27AAAAA1137A1Z5
pkt-138,NO_MATCH,invalid_gstin_suffix,high,Supplier Ltd 138,Supplier Ltd 138,INV-10138,INV-10138,42493.82,42493.82,2023-08-04,2023-08-04,27AAAAA1138A1Z5,27AAAAA1138A1ZX
pkt-139,EXACT_MATCH,none,none,Supplier Corp 139,Supplier Corp 139,INV-10139,INV-10139,31815.7,31815.7,2023-08-23,2023-08-23,27AAAAA1139A1Z5,27AAAAA1139A1Z5
pkt-140,NO_MATCH,different_entity,high,Supplier LLC 140,Different Supplier Inc,INV-10140,INV-10140,8889.23,8889.23,2023-09-21,2023-09-21,27AAAAA1140A1Z5,27BBBBB1234B1Z5
pkt-141,NO_MATCH,missing_record,high,Supplier Ltd 141,,INV-10141,,40429.14,,2023-09-25,,27AAAAA1141A1Z5,
pkt-142,NO_MATCH,invalid_gstin_suffix,high,Supplier LLC 142,Supplier LLC 142,INV-10142,INV-10142,21835.17,21835.17,2023-12-19,2023-12-19,27AAAAA1142A1Z5,27AAAAA1142A1ZX
pkt-143,FUZZY_MATCH,date_shift,medium,Supplier Ltd 143,Supplier Ltd 143,INV-10143,INV-10143,42600.49,42600.49,2023-02-09,2023-02-11,27AAAAA1143A1Z5,27AAAAA1143A1Z5
pkt-144,EXACT_MATCH,none,none,Supplier LLC 144,Supplier LLC 144,INV-10144,INV-10144,28535.5,28535.5,2023-11-13,2023-11-13,27AAAAA1144A1Z5,27AAAAA1144A1Z5
pkt-145,FUZZY_MATCH,date_shift,medium,Supplier Ltd 145,Supplier Ltd 145,INV-10145,INV-10145,24765.89,24765.89,2023-06-06,2023-06-06,27AAAAA1145A1Z5,27AAAAA1145A1Z5
pkt-146,CONTRADICTION,major_amount_diff,high,Supplier LLC 146,Supplier LLC 146,INV-10146,INV-10146,39911.83,79823.660,2023-06-09,2023-06-09,27AAAAA1146A1Z5,27AAAAA1146A1Z5
pkt-147,EXACT_MATCH,none,none,Supplier Corp 147,Supplier Corp 147,INV-10147,INV-10147,606.54,606.54,2023-04-03,2023-04-03,27AAAAA1147A1Z5,27AAAAA1147A1Z5
pkt-148,EXACT_MATCH,none,none,Supplier Corp 148,Supplier Corp 148,INV-10148,INV-10148,20380.76,20380.76,2023-09-25,2023-09-25,27AAAAA1148A1Z5,27AAAAA1148A1Z5
pkt-149,EXACT_MATCH,none,none,Supplier Ltd 149,Supplier Ltd 149,INV-10149,INV-10149,23857.05,23857.05,2023-12-16,2023-12-16,27AAAAA1149A1Z5,27AAAAA1149A1Z5
pkt-150,FUZZY_MATCH,minor_amount_diff,low,Supplier Corp 150,Supplier Corp 150,INV-10150,INV-10150,4743.36,4744.36,2023-04-13,2023-04-13,27AAAAA1150A1Z5,27AAAAA1150A1Z5
pkt-151,EXACT_MATCH,none,none,Supplier Ltd 151,Supplier Ltd 151,INV-10151,INV-10151,23715.7,23715.7,2023-09-12,2023-09-12,27AAAAA1151A1Z5,27AAAAA1151A1Z5
pkt-152,FUZZY_MATCH,minor_amount_diff,low,Supplier Ltd 152,Supplier Ltd 152,INV-10152,INV-10152,27564.38,27565.38,2023-06-23,2023-06-23,27AAAAA1152A1Z5,27AAAAA1152A1Z5
pkt-153,NO_MATCH,invalid_gstin_suffix,high,Supplier Corp 153,Supplier Corp 153,INV-10153,INV-10153,12645.04,12645.04,2023-02-24,2023-02-24,27AAAAA1153A1Z5,27AAAAA1153A1ZX
pkt-154,FUZZY_MATCH,date_shift,medium,Supplier Corp 154,Supplier Corp 154,INV-10154,INV-10154,6065.78,6065.78,2023-09-25,2023-09-23,27AAAAA1154A1Z5,27AAAAA1154A1Z5
pkt-155,FUZZY_MATCH,string_distance,low,Supplier LLC 155,Suplier LLC 155,INV-10155,INV10155,36956.37,36956.37,2023-05-24,2023-05-24,27AAAAA1155A1Z5,27AAAAA1155A1Z5
pkt-156,FUZZY_MATCH,ocr_artifacts,medium,Supplier LLC 156,Supplier LLC 156,INV-10156,INV-IOI56,41648.16,41648.17,2023-05-08,2023-05-08,27AAAAA1156A1Z5,27AAAAA1156A1Z5
pkt-157,FUZZY_MATCH,minor_amount_diff,low,Supplier Corp 157,Supplier Corp 157,INV-10157,INV-10157,15183.15,15182.15,2023-12-18,2023-12-18,27AAAAA1157A1Z5,27AAAAA1157A1Z5
pkt-158,EXACT_MATCH,none,none,Supplier Corp 158,Supplier Corp 158,INV-10158,INV-10158,48717.32,48717.32,2023-09-10,2023-09-10,27AAAAA1158A1Z5,27AAAAA1158A1Z5
pkt-159,NO_MATCH,different_entity,high,Supplier Inc 159,Different Supplier Inc,INV-10159,INV-10159,43436.21,43436.21,2023-08-04,2023-08-04,27AAAAA1159A1Z5,27BBBBB1234B1Z5
pkt-160,FUZZY_MATCH,ocr_artifacts,medium,Supplier LLC 160,Supplier LLC 160,INV-10160,INV-IOI6O,14288.53,14288.54,2023-08-15,2023-08-15,27AAAAA1160A1Z5,27AAAAA1160A1Z5
pkt-161,FUZZY_MATCH,string_distance,low,Supplier Ltd 161,Suplier Ltd 161,INV-10161,INV10161,48278.33,48278.33,2023-05-28,2023-05-28,27AAAAA1161A1Z5,27AAAAA1161A1Z5
pkt-162,NO_MATCH,different_entity,high,Supplier Inc 162,Different Supplier Inc,INV-10162,INV-10162,41123.57,41123.57,2023-07-16,2023-07-16,27AAAAA1162A1Z5,27BBBBB1234B1Z5
pkt-163,NO_MATCH,different_entity,high,Supplier Corp 163,Different Supplier Inc,INV-10163,INV-10163,31509.34,31509.34,2023-01-05,2023-01-05,27AAAAA1163A1Z5,27BBBBB1234B1Z5
pkt-164,CONTRADICTION,major_amount_diff,high,Supplier Inc 164,Supplier Inc 164,INV-10164,INV-10164,47461.37,94922.740,2023-02-08,2023-02-08,27AAAAA1164A1Z5,27AAAAA1164A1Z5
pkt-165,CONTRADICTION,major_amount_diff,high,Supplier Corp 165,Supplier Corp 165,INV-10165,INV-10165,38245.73,76491.460,2023-10-20,2023-10-20,27AAAAA1165A1Z5,27AAAAA1165A1Z5
pkt-166,FUZZY_MATCH,minor_amount_diff,low,Supplier Ltd 166,Supplier Ltd 166,INV-10166,INV-10166,19080.86,19079.86,2023-08-10,2023-08-10,27AAAAA1166A1Z5,27AAAAA1166A1Z5
pkt-167,EXACT_MATCH,none,none,Supplier Corp 167,Supplier Corp 167,INV-10167,INV-10167,30520.58,30520.58,2023-12-04,2023-12-04,27AAAAA1167A1Z5,27AAAAA1167A1Z5
pkt-168,FUZZY_MATCH,date_shift,medium,Supplier Corp 168,Supplier Corp 168,INV-10168,INV-10168,10630.16,10630.16,2023-11-03,2023-10-31,27AAAAA1168A1Z5,27AAAAA1168A1Z5
pkt-169,NO_MATCH,missing_record,high,Supplier Ltd 169,,INV-10169,,27644.41,,2023-03-01,,27AAAAA1169A1Z5,
pkt-170,FUZZY_MATCH,date_shift,medium,Supplier Inc 170,Supplier Inc 170,INV-10170,INV-10170,34499.62,34499.62,2023-08-10,2023-08-09,27AAAAA1170A1Z5,27AAAAA1170A1Z5
pkt-171,FUZZY_MATCH,string_distance,low,Supplier Ltd 171,Suplier Ltd 171,INV-10171,INV10171,35377.1,35377.1,2023-12-28,2023-12-28,27AAAAA1171A1Z5,27AAAAA1171A1Z5
pkt-172,EXACT_MATCH,none,none,Supplier Corp 172,Supplier Corp 172,INV-10172,INV-10172,34400.51,34400.51,2023-05-26,2023-05-26,27AAAAA1172A1Z5,27AAAAA1172A1Z5
pkt-173,FUZZY_MATCH,minor_amount_diff,low,Supplier Corp 173,Supplier Corp 173,INV-10173,INV-10173,5827.34,5827.84,2023-04-21,2023-04-21,27AAAAA1173A1Z5,27AAAAA1173A1Z5
pkt-174,NO_MATCH,different_entity,high,Supplier LLC 174,Different Supplier Inc,INV-10174,INV-10174,3663.35,3663.35,2023-03-26,2023-03-26,27AAAAA1174A1Z5,27BBBBB1234B1Z5
pkt-175,FUZZY_MATCH,string_distance,low,Supplier Ltd 175,Suplier Ltd 175,INV-10175,INV10175,37472.99,37472.99,2023-10-10,2023-10-10,27AAAAA1175A1Z5,27AAAAA1175A1Z5
pkt-176,FUZZY_MATCH,minor_amount_diff,low,Supplier Ltd 176,Supplier Ltd 176,INV-10176,INV-10176,23488.03,23490.53,2023-05-23,2023-05-23,27AAAAA1176A1Z5,27AAAAA1176A1Z5
pkt-177,EXACT_MATCH,none,none,Supplier Ltd 177,Supplier Ltd 177,INV-10177,INV-10177,21944.17,21944.17,2023-10-02,2023-10-02,27AAAAA1177A1Z5,27AAAAA1177A1Z5
pkt-178,FUZZY_MATCH,date_shift,medium,Supplier Inc 178,Supplier Inc 178,INV-10178,INV-10178,16183.85,16183.85,2023-05-01,2023-05-06,27AAAAA1178A1Z5,27AAAAA1178A1Z5
pkt-179,EXACT_MATCH,none,none,Supplier Inc 179,Supplier Inc 179,INV-10179,INV-10179,41814.33,41814.33,2023-10-19,2023-10-19,27AAAAA1179A1Z5,27AAAAA1179A1Z5
pkt-180,NO_MATCH,missing_record,high,Supplier Corp 180,,INV-10180,,41088.92,,2023-10-02,,27AAAAA1180A1Z5,
pkt-181,NO_MATCH,different_entity,high,Supplier Corp 181,Different Supplier Inc,INV-10181,INV-10181,25996.3,25996.3,2023-08-09,2023-08-09,27AAAAA1181A1Z5,27BBBBB1234B1Z5
pkt-182,NO_MATCH,invalid_gstin_suffix,high,Supplier Ltd 182,Supplier Ltd 182,INV-10182,INV-10182,21850.66,21850.66,2023-08-03,2023-08-03,27AAAAA1182A1Z5,27AAAAA1182A1ZX
pkt-183,FUZZY_MATCH,ocr_artifacts,medium,Supplier Inc 183,Supplier Inc 183,INV-10183,INV-IOI83,20476.57,20476.58,2023-06-22,2023-06-22,27AAAAA1183A1Z5,27AAAAA1183A1Z5
pkt-184,EXACT_MATCH,none,none,Supplier LLC 184,Supplier LLC 184,INV-10184,INV-10184,16557.2,16557.2,2023-12-16,2023-12-16,27AAAAA1184A1Z5,27AAAAA1184A1Z5
pkt-185,FUZZY_MATCH,string_distance,low,Supplier Ltd 185,Suplier Ltd 185,INV-10185,INV10185,47265.16,47265.16,2023-09-02,2023-09-02,27AAAAA1185A1Z5,27AAAAA1185A1Z5
pkt-186,CONTRADICTION,major_amount_diff,high,Supplier Ltd 186,Supplier Ltd 186,INV-10186,INV-10186,15794.41,31588.820,2023-06-04,2023-06-04,27AAAAA1186A1Z5,27AAAAA1186A1Z5
pkt-187,EXACT_MATCH,none,none,Supplier Ltd 187,Supplier Ltd 187,INV-10187,INV-10187,41263.87,41263.87,2023-01-22,2023-01-22,27AAAAA1187A1Z5,27AAAAA1187A1Z5
pkt-188,EXACT_MATCH,none,none,Supplier Ltd 188,Supplier Ltd 188,INV-10188,INV-10188,2804.78,2804.78,2023-09-12,2023-09-12,27AAAAA1188A1Z5,27AAAAA1188A1Z5
pkt-189,CONTRADICTION,major_amount_diff,high,Supplier LLC 189,Supplier LLC 189,INV-10189,INV-10189,22157.84,44315.680,2023-01-07,2023-01-07,27AAAAA1189A1Z5,27AAAAA1189A1Z5
pkt-190,FUZZY_MATCH,string_distance,low,Supplier Ltd 190,Suplier Ltd 190,INV-10190,INV10190,6637.56,6637.56,2023-05-15,2023-05-15,27AAAAA1190A1Z5,27AAAAA1190A1Z5
pkt-191,EXACT_MATCH,none,none,Supplier Corp 191,Supplier Corp 191,INV-10191,INV-10191,1540.59,1540.59,2023-11-20,2023-11-20,27AAAAA1191A1Z5,27AAAAA1191A1Z5
pkt-192,FUZZY_MATCH,string_distance,low,Supplier Ltd 192,Suplier Ltd 192,INV-10192,INV10192,8003.07,8003.07,2023-09-01,2023-09-01,27AAAAA1192A1Z5,27AAAAA1192A1Z5
pkt-193,EXACT_MATCH,none,none,Supplier Inc 193,Supplier Inc 193,INV-10193,INV-10193,11312.56,11312.56,2023-02-15,2023-02-15,27AAAAA1193A1Z5,27AAAAA1193A1Z5
pkt-194,CONTRADICTION,major_amount_diff,high,Supplier LLC 194,Supplier LLC 194,INV-10194,INV-10194,41623.94,83247.880,2023-08-23,2023-08-23,27AAAAA1194A1Z5,27AAAAA1194A1Z5
pkt-195,NO_MATCH,missing_record,high,Supplier Ltd 195,,INV-10195,,35300.04,,2023-07-27,,27AAAAA1195A1Z5,
pkt-196,FUZZY_MATCH,date_shift,medium,Supplier Ltd 196,Supplier Ltd 196,INV-10196,INV-10196,12262.17,12262.17,2023-09-05,2023-09-09,27AAAAA1196A1Z5,27AAAAA1196A1Z5
pkt-197,FUZZY_MATCH,minor_amount_diff,low,Supplier Inc 197,Supplier Inc 197,INV-10197,INV-10197,25461.22,25463.72,2023-03-28,2023-03-28,27AAAAA1197A1Z5,27AAAAA1197A1Z5
pkt-198,FUZZY_MATCH,minor_amount_diff,low,Supplier Inc 198,Supplier Inc 198,INV-10198,INV-10198,17059.77,17060.77,2023-09-09,2023-09-09,27AAAAA1198A1Z5,27AAAAA1198A1Z5
pkt-199,FUZZY_MATCH,ocr_artifacts,medium,Supplier Ltd 199,Supplier Ltd 199,INV-10199,INV-IOI99,41890.05,41890.06,2023-10-22,2023-10-22,27AAAAA1199A1Z5,27AAAAA1199A1Z5
pkt-200,CONTRADICTION,major_amount_diff,high,Supplier LLC 200,Supplier LLC 200,INV-10200,INV-10200,22382.71,44765.420,2023-08-12,2023-08-12,27AAAAA1200A1Z5,27AAAAA1200A1Z5
pkt-201,FUZZY_MATCH,date_shift,medium,Supplier LLC 201,Supplier LLC 201,INV-10201,INV-10201,38167.35,38167.35,2023-07-15,2023-07-13,27AAAAA1201A1Z5,27AAAAA1201A1Z5
pkt-202,EXACT_MATCH,none,none,Supplier Ltd 202,Supplier Ltd 202,INV-10202,INV-10202,28632.7,28632.7,2023-04-28,2023-04-28,27AAAAA1202A1Z5,27AAAAA1202A1Z5
pkt-203,EXACT_MATCH,none,none,Supplier Ltd 203,Supplier Ltd 203,INV-10203,INV-10203,15977.0,15977.0,2023-08-23,2023-08-23,27AAAAA1203A1Z5,27AAAAA1203A1Z5
pkt-204,EXACT_MATCH,none,none,Supplier Ltd 204,Supplier Ltd 204,INV-10204,INV-10204,49421.86,49421.86,2023-11-05,2023-11-05,27AAAAA1204A1Z5,27AAAAA1204A1Z5
pkt-205,NO_MATCH,missing_record,high,Supplier Inc 205,,INV-10205,,6399.69,,2023-10-11,,27AAAAA1205A1Z5,
pkt-206,EXACT_MATCH,none,none,Supplier Corp 206,Supplier Corp 206,INV-10206,INV-10206,5075.61,5075.61,2023-08-01,2023-08-01,27AAAAA1206A1Z5,27AAAAA1206A1Z5
pkt-207,FUZZY_MATCH,minor_amount_diff,low,Supplier Ltd 207,Supplier Ltd 207,INV-10207,INV-10207,43559.56,43560.56,2023-03-03,2023-03-03,27AAAAA1207A1Z5,27AAAAA1207A1Z5
pkt-208,NO_MATCH,invalid_gstin_suffix,high,Supplier Inc 208,Supplier Inc 208,INV-10208,INV-10208,31200.64,31200.64,2023-07-21,2023-07-21,27AAAAA1208A1Z5,27AAAAA1208A1ZX
pkt-209,EXACT_MATCH,none,none,Supplier LLC 209,Supplier LLC 209,INV-10209,INV-10209,42631.83,42631.83,2023-09-13,2023-09-13,27AAAAA1209A1Z5,27AAAAA1209A1Z5
pkt-210,NO_MATCH,different_entity,high,Supplier Inc 210,Different Supplier Inc,INV-10210,INV-10210,35964.0,35964.0,2023-08-28,2023-08-28,27AAAAA1210A1Z5,27BBBBB1234B1Z5
pkt-211,FUZZY_MATCH,date_shift,medium,Supplier LLC 211,Supplier LLC 211,INV-10211,INV-10211,3514.2,3514.2,2023-11-22,2023-11-18,27AAAAA1211A1Z5,27AAAAA1211A1Z5
pkt-212,NO_MATCH,missing_record,high,Supplier Inc 212,,INV-10212,,21755.18,,2023-02-25,,27AAAAA1212A1Z5,
pkt-213,NO_MATCH,invalid_gstin_suffix,high,Supplier Inc 213,Supplier Inc 213,INV-10213,INV-10213,8401.6,8401.6,2023-05-01,2023-05-01,27AAAAA1213A1Z5,27AAAAA1213A1ZX
pkt-214,EXACT_MATCH,none,none,Supplier LLC 214,Supplier LLC 214,INV-10214,INV-10214,39827.56,39827.56,2023-05-12,2023-05-12,27AAAAA1214A1Z5,27AAAAA1214A1Z5
pkt-215,FUZZY_MATCH,ocr_artifacts,medium,Supplier Corp 215,Supplier Corp 215,INV-10215,INV-IO2I5,7363.93,7363.94,2023-09-14,2023-09-14,27AAAAA1215A1Z5,27AAAAA1215A1Z5
pkt-216,NO_MATCH,different_entity,high,Supplier Ltd 216,Different Supplier Inc,INV-10216,INV-10216,8835.96,8835.96,2023-10-28,2023-10-28,27AAAAA1216A1Z5,27BBBBB1234B1Z5
pkt-217,FUZZY_MATCH,date_shift,medium,Supplier Corp 217,Supplier Corp 217,INV-10217,INV-10217,34188.42,34188.42,2023-08-19,2023-08-21,27AAAAA1217A1Z5,27AAAAA1217A1Z5
pkt-218,NO_MATCH,missing_record,high,Supplier Inc 218,,INV-10218,,31931.44,,2023-08-09,,27AAAAA1218A1Z5,
pkt-219,FUZZY_MATCH,string_distance,low,Supplier Corp 219,Suplier Corp 219,INV-10219,INV10219,45070.35,45070.35,2023-11-18,2023-11-18,27AAAAA1219A1Z5,27AAAAA1219A1Z5
pkt-220,EXACT_MATCH,none,none,Supplier LLC 220,Supplier LLC 220,INV-10220,INV-10220,22142.32,22142.32,2023-06-19,2023-06-19,27AAAAA1220A1Z5,27AAAAA1220A1Z5
pkt-221,FUZZY_MATCH,minor_amount_diff,low,Supplier Ltd 221,Supplier Ltd 221,INV-10221,INV-10221,48105.25,48105.75,2023-12-09,2023-12-09,27AAAAA1221A1Z5,27AAAAA1221A1Z5
pkt-222,EXACT_MATCH,none,none,Supplier Corp 222,Supplier Corp 222,INV-10222,INV-10222,49968.74,49968.74,2023-08-04,2023-08-04,27AAAAA1222A1Z5,27AAAAA1222A1Z5
pkt-223,EXACT_MATCH,none,none,Supplier LLC 223,Supplier LLC 223,INV-10223,INV-10223,28638.94,28638.94,2023-10-10,2023-10-10,27AAAAA1223A1Z5,27AAAAA1223A1Z5
pkt-224,EXACT_MATCH,none,none,Supplier LLC 224,Supplier LLC 224,INV-10224,INV-10224,48899.43,48899.43,2023-11-13,2023-11-13,27AAAAA1224A1Z5,27AAAAA1224A1Z5
pkt-225,NO_MATCH,different_entity,high,Supplier Inc 225,Different Supplier Inc,INV-10225,INV-10225,28339.86,28339.86,2023-11-25,2023-11-25,27AAAAA1225A1Z5,27BBBBB1234B1Z5
pkt-226,NO_MATCH,different_entity,high,Supplier Corp 226,Different Supplier Inc,INV-10226,INV-10226,37284.09,37284.09,2023-05-25,2023-05-25,27AAAAA1226A1Z5,27BBBBB1234B1Z5
pkt-227,NO_MATCH,different_entity,high,Supplier Corp 227,Different Supplier Inc,INV-10227,INV-10227,40116.4,40116.4,2023-04-21,2023-04-21,27AAAAA1227A1Z5,27BBBBB1234B1Z5
pkt-228,EXACT_MATCH,none,none,Supplier Corp 228,Supplier Corp 228,INV-10228,INV-10228,12606.28,12606.28,2023-12-25,2023-12-25,27AAAAA1228A1Z5,27AAAAA1228A1Z5
pkt-229,FUZZY_MATCH,minor_amount_diff,low,Supplier Inc 229,Supplier Inc 229,INV-10229,INV-10229,4948.48,4950.98,2023-11-21,2023-11-21,27AAAAA1229A1Z5,27AAAAA1229A1Z5
pkt-230,FUZZY_MATCH,string_distance,low,Supplier Corp 230,Suplier Corp 230,INV-10230,INV10230,1764.89,1764.89,2023-06-24,2023-06-24,27AAAAA1230A1Z5,27AAAAA1230A1Z5
pkt-231,FUZZY_MATCH,ocr_artifacts,medium,Supplier Ltd 231,Supplier Ltd 231,INV-10231,INV-IO23I,45490.43,45490.44,2023-06-24,2023-06-24,27AAAAA1231A1Z5,27AAAAA1231A1Z5
pkt-232,FUZZY_MATCH,ocr_artifacts,medium,Supplier LLC 232,Supplier LLC 232,INV-10232,INV-IO232,10119.66,10119.67,2023-09-12,2023-09-12,27AAAAA1232A1Z5,27AAAAA1232A1Z5
pkt-233,EXACT_MATCH,none,none,Supplier LLC 233,Supplier LLC 233,INV-10233,INV-10233,12922.81,12922.81,2023-08-26,2023-08-26,27AAAAA1233A1Z5,27AAAAA1233A1Z5
pkt-234,FUZZY_MATCH,ocr_artifacts,medium,Supplier Inc 234,Supplier Inc 234,INV-10234,INV-IO234,43532.81,43532.82,2023-02-15,2023-02-15,27AAAAA1234A1Z5,27AAAAA1234A1Z5
pkt-235,CONTRADICTION,major_amount_diff,high,Supplier Ltd 235,Supplier Ltd 235,INV-10235,INV-10235,37732.16,75464.320,2023-04-28,2023-04-28,27AAAAA1235A1Z5,27AAAAA1235A1Z5
pkt-236,CONTRADICTION,major_amount_diff,high,Supplier LLC 236,Supplier LLC 236,INV-10236,INV-10236,18352.17,36704.340,2023-07-01,2023-07-01,27AAAAA1236A1Z5,27AAAAA1236A1Z5
pkt-237,NO_MATCH,different_entity,high,Supplier LLC 237,Different Supplier Inc,INV-10237,INV-10237,6267.08,6267.08,2023-06-22,2023-06-22,27AAAAA1237A1Z5,27BBBBB1234B1Z5
pkt-238,EXACT_MATCH,none,none,Supplier Inc 238,Supplier Inc 238,INV-10238,INV-10238,19113.17,19113.17,2023-11-12,2023-11-12,27AAAAA1238A1Z5,27AAAAA1238A1Z5
pkt-239,NO_MATCH,different_entity,high,Supplier LLC 239,Different Supplier Inc,INV-10239,INV-10239,11767.71,11767.71,2023-01-20,2023-01-20,27AAAAA1239A1Z5,27BBBBB1234B1Z5
pkt-240,EXACT_MATCH,none,none,Supplier Ltd 240,Supplier Ltd 240,INV-10240,INV-10240,11146.22,11146.22,2023-02-21,2023-02-21,27AAAAA1240A1Z5,27AAAAA1240A1Z5
pkt-241,EXACT_MATCH,none,none,Supplier Corp 241,Supplier Corp 241,INV-10241,INV-10241,15179.29,15179.29,2023-07-04,2023-07-04,27AAAAA1241A1Z5,27AAAAA1241A1Z5
pkt-242,FUZZY_MATCH,string_distance,low,Supplier Inc 242,Suplier Inc 242,INV-10242,INV10242,47318.45,47318.45,2023-05-16,2023-05-16,27AAAAA1242A1Z5,27AAAAA1242A1Z5
pkt-243,NO_MATCH,missing_record,high,Supplier Ltd 243,,INV-10243,,11816.52,,2023-09-05,,27AAAAA1243A1Z5,
pkt-244,NO_MATCH,different_entity,high,Supplier Ltd 244,Different Supplier Inc,INV-10244,INV-10244,18613.47,18613.47,2023-12-23,2023-12-23,27AAAAA1244A1Z5,27BBBBB1234B1Z5
pkt-245,NO_MATCH,missing_record,high,Supplier Inc 245,,INV-10245,,37139.22,,2023-03-14,,27AAAAA1245A1Z5,
pkt-246,FUZZY_MATCH,date_shift,medium,Supplier LLC 246,Supplier LLC 246,INV-10246,INV-10246,30821.05,30821.05,2023-05-02,2023-05-04,27AAAAA1246A1Z5,27AAAAA1246A1Z5
pkt-247,FUZZY_MATCH,string_distance,low,Supplier LLC 247,Suplier LLC 247,INV-10247,INV10247,22290.32,22290.32,2023-04-28,2023-04-28,27AAAAA1247A1Z5,27AAAAA1247A1Z5
pkt-248,EXACT_MATCH,none,none,Supplier LLC 248,Supplier LLC 248,INV-10248,INV-10248,49048.29,49048.29,2023-06-18,2023-06-18,27AAAAA1248A1Z5,27AAAAA1248A1Z5
pkt-249,FUZZY_MATCH,string_distance,low,Supplier Ltd 249,Suplier Ltd 249,INV-10249,INV10249,19967.17,19967.17,2023-04-04,2023-04-04,27AAAAA1249A1Z5,27AAAAA1249A1Z5
pkt-250,EXACT_MATCH,none,none,Supplier Inc 250,Supplier Inc 250,INV-10250,INV-10250,33172.16,33172.16,2023-11-21,2023-11-21,27AAAAA1250A1Z5,27AAAAA1250A1Z5
pkt-251,FUZZY_MATCH,string_distance,low,Supplier Corp 251,Suplier Corp 251,INV-10251,INV10251,39361.05,39361.05,2023-04-05,2023-04-05,27AAAAA1251A1Z5,27AAAAA1251A1Z5
pkt-252,FUZZY_MATCH,date_shift,medium,Supplier Corp 252,Supplier Corp 252,INV-10252,INV-10252,41507.91,41507.91,2023-09-07,2023-09-07,27AAAAA1252A1Z5,27AAAAA1252A1Z5
pkt-253,FUZZY_MATCH,ocr_artifacts,medium,Supplier LLC 253,Supplier LLC 253,INV-10253,INV-IO253,38740.99,38741.00,2023-10-01,2023-10-01,27AAAAA1253A1Z5,27AAAAA1253A1Z5
pkt-254,FUZZY_MATCH,string_distance,low,Supplier Corp 254,Suplier Corp 254,INV-10254,INV10254,49377.61,49377.61,2023-09-09,2023-09-09,27AAAAA1254A1Z5,27AAAAA1254A1Z5
pkt-255,NO_MATCH,invalid_gstin_suffix,high,Supplier Inc 255,Supplier Inc 255,INV-10255,INV-10255,33086.78,33086.78,2023-01-05,2023-01-05,27AAAAA1255A1Z5,27AAAAA1255A1ZX
pkt-256,EXACT_MATCH,none,none,Supplier LLC 256,Supplier LLC 256,INV-10256,INV-10256,39520.23,39520.23,2023-04-19,2023-04-19,27AAAAA1256A1Z5,27AAAAA1256A1Z5
pkt-257,CONTRADICTION,major_amount_diff,high,Supplier Ltd 257,Supplier Ltd 257,INV-10257,INV-10257,8794.89,17589.780,2023-01-05,2023-01-05,27AAAAA1257A1Z5,27AAAAA1257A1Z5
pkt-258,NO_MATCH,invalid_gstin_suffix,high,Supplier Ltd 258,Supplier Ltd 258,INV-10258,INV-10258,5771.1,5771.1,2023-02-16,2023-02-16,27AAAAA1258A1Z5,27AAAAA1258A1ZX
pkt-259,NO_MATCH,different_entity,high,Supplier Corp 259,Different Supplier Inc,INV-10259,INV-10259,25710.57,25710.57,2023-02-15,2023-02-15,27AAAAA1259A1Z5,27BBBBB1234B1Z5
pkt-260,NO_MATCH,missing_record,high,Supplier LLC 260,,INV-10260,,2263.92,,2023-11-17,,27AAAAA1260A1Z5,
pkt-261,EXACT_MATCH,none,none,Supplier Ltd 261,Supplier Ltd 261,INV-10261,INV-10261,32202.7,32202.7,2023-01-02,2023-01-02,27AAAAA1261A1Z5,27AAAAA1261A1Z5
pkt-262,FUZZY_MATCH,string_distance,low,Supplier Ltd 262,Suplier Ltd 262,INV-10262,INV10262,21371.05,21371.05,2023-02-16,2023-02-16,27AAAAA1262A1Z5,27AAAAA1262A1Z5
pkt-263,FUZZY_MATCH,string_distance,low,Supplier Corp 263,Suplier Corp 263,INV-10263,INV10263,44973.41,44973.41,2023-06-20,2023-06-20,27AAAAA1263A1Z5,27AAAAA1263A1Z5
pkt-264,EXACT_MATCH,none,none,Supplier LLC 264,Supplier LLC 264,INV-10264,INV-10264,6396.96,6396.96,2023-10-21,2023-10-21,27AAAAA1264A1Z5,27AAAAA1264A1Z5
pkt-265,CONTRADICTION,major_amount_diff,high,Supplier Ltd 265,Supplier Ltd 265,INV-10265,INV-10265,49731.93,99463.860,2023-09-10,2023-09-10,27AAAAA1265A1Z5,27AAAAA1265A1Z5
pkt-266,EXACT_MATCH,none,none,Supplier Inc 266,Supplier Inc 266,INV-10266,INV-10266,30310.8,30310.8,2023-02-26,2023-02-26,27AAAAA1266A1Z5,27AAAAA1266A1Z5
pkt-267,EXACT_MATCH,none,none,Supplier Corp 267,Supplier Corp 267,INV-10267,INV-10267,32580.74,32580.74,2023-09-24,2023-09-24,27AAAAA1267A1Z5,27AAAAA1267A1Z5
pkt-268,NO_MATCH,missing_record,high,Supplier LLC 268,,INV-10268,,22632.59,,2023-04-14,,27AAAAA1268A1Z5,
pkt-269,EXACT_MATCH,none,none,Supplier LLC 269,Supplier LLC 269,INV-10269,INV-10269,19996.64,19996.64,2023-12-04,2023-12-04,27AAAAA1269A1Z5,27AAAAA1269A1Z5
pkt-270,EXACT_MATCH,none,none,Supplier Corp 270,Supplier Corp 270,INV-10270,INV-10270,15694.93,15694.93,2023-05-12,2023-05-12,27AAAAA1270A1Z5,27AAAAA1270A1Z5
pkt-271,FUZZY_MATCH,string_distance,low,Supplier Inc 271,Suplier Inc 271,INV-10271,INV10271,46156.95,46156.95,2023-02-03,2023-02-03,27AAAAA1271A1Z5,27AAAAA1271A1Z5
pkt-272,FUZZY_MATCH,ocr_artifacts,medium,Supplier LLC 272,Supplier LLC 272,INV-10272,INV-IO272,21650.64,21650.65,2023-12-24,2023-12-24,27AAAAA1272A1Z5,27AAAAA1272A1Z5
pkt-273,EXACT_MATCH,none,none,Supplier LLC 273,Supplier LLC 273,INV-10273,INV-10273,27862.9,27862.9,2023-10-18,2023-10-18,27AAAAA1273A1Z5,27AAAAA1273A1Z5
pkt-274,EXACT_MATCH,none,none,Supplier Ltd 274,Supplier Ltd 274,INV-10274,INV-10274,6199.34,6199.34,2023-06-28,2023-06-28,27AAAAA1274A1Z5,27AAAAA1274A1Z5
pkt-275,NO_MATCH,invalid_gstin_suffix,high,Supplier LLC 275,Supplier LLC 275,INV-10275,INV-10275,2667.16,2667.16,2023-05-20,2023-05-20,27AAAAA1275A1Z5,27AAAAA1275A1ZX
pkt-276,EXACT_MATCH,none,none,Supplier Corp 276,Supplier Corp 276,INV-10276,INV-10276,5269.67,5269.67,2023-09-07,2023-09-07,27AAAAA1276A1Z5,27AAAAA1276A1Z5
pkt-277,FUZZY_MATCH,string_distance,low,Supplier LLC 277,Suplier LLC 277,INV-10277,INV10277,24161.25,24161.25,2023-02-12,2023-02-12,27AAAAA1277A1Z5,27AAAAA1277A1Z5
pkt-278,CONTRADICTION,major_amount_diff,high,Supplier Ltd 278,Supplier Ltd 278,INV-10278,INV-10278,38154.02,76308.040,2023-10-08,2023-10-08,27AAAAA1278A1Z5,27AAAAA1278A1Z5
pkt-279,NO_MATCH,different_entity,high,Supplier Inc 279,Different Supplier Inc,INV-10279,INV-10279,48729.88,48729.88,2023-10-20,2023-10-20,27AAAAA1279A1Z5,27BBBBB1234B1Z5
pkt-280,FUZZY_MATCH,ocr_artifacts,medium,Supplier Inc 280,Supplier Inc 280,INV-10280,INV-IO28O,46461.31,46461.32,2023-12-09,2023-12-09,27AAAAA1280A1Z5,27AAAAA1280A1Z5
pkt-281,EXACT_MATCH,none,none,Supplier LLC 281,Supplier LLC 281,INV-10281,INV-10281,13736.19,13736.19,2023-05-11,2023-05-11,27AAAAA1281A1Z5,27AAAAA1281A1Z5
pkt-282,FUZZY_MATCH,string_distance,low,Supplier Ltd 282,Suplier Ltd 282,INV-10282,INV10282,9152.14,9152.14,2023-03-19,2023-03-19,27AAAAA1282A1Z5,27AAAAA1282A1Z5
pkt-283,EXACT_MATCH,none,none,Supplier Inc 283,Supplier Inc 283,INV-10283,INV-10283,7179.55,7179.55,2023-11-01,2023-11-01,27AAAAA1283A1Z5,27AAAAA1283A1Z5
pkt-284,NO_MATCH,invalid_gstin_suffix,high,Supplier Ltd 284,Supplier Ltd 284,INV-10284,INV-10284,26571.09,26571.09,2023-07-14,2023-07-14,27AAAAA1284A1Z5,27AAAAA1284A1ZX
pkt-285,NO_MATCH,different_entity,high,Supplier LLC 285,Different Supplier Inc,INV-10285,INV-10285,7954.72,7954.72,2023-05-24,2023-05-24,27AAAAA1285A1Z5,27BBBBB1234B1Z5
pkt-286,NO_MATCH,different_entity,high,Supplier Corp 286,Different Supplier Inc,INV-10286,INV-10286,29851.57,29851.57,2023-01-05,2023-01-05,27AAAAA1286A1Z5,27BBBBB1234B1Z5
pkt-287,EXACT_MATCH,none,none,Supplier Ltd 287,Supplier Ltd 287,INV-10287,INV-10287,2583.15,2583.15,2023-02-09,2023-02-09,27AAAAA1287A1Z5,27AAAAA1287A1Z5
pkt-288,FUZZY_MATCH,minor_amount_diff,low,Supplier Ltd 288,Supplier Ltd 288,INV-10288,INV-10288,21258.34,21258.84,2023-10-15,2023-10-15,27AAAAA1288A1Z5,27AAAAA1288A1Z5
pkt-289,FUZZY_MATCH,string_distance,low,Supplier Ltd 289,Suplier Ltd 289,INV-10289,INV10289,37771.66,37771.66,2023-02-12,2023-02-12,27AAAAA1289A1Z5,27AAAAA1289A1Z5
pkt-290,CONTRADICTION,major_amount_diff,high,Supplier Ltd 290,Supplier Ltd 290,INV-10290,INV-10290,14234.0,28468.00,2023-11-19,2023-11-19,27AAAAA1290A1Z5,27AAAAA1290A1Z5
pkt-291,NO_MATCH,different_entity,high,Supplier Ltd 291,Different Supplier Inc,INV-10291,INV-10291,33389.91,33389.91,2023-01-08,2023-01-08,27AAAAA1291A1Z5,27BBBBB1234B1Z5
pkt-292,FUZZY_MATCH,ocr_artifacts,medium,Supplier Corp 292,Supplier Corp 292,INV-10292,INV-IO292,2833.62,2833.63,2023-04-10,2023-04-10,27AAAAA1292A1Z5,27AAAAA1292A1Z5
pkt-293,EXACT_MATCH,none,none,Supplier Inc 293,Supplier Inc 293,INV-10293,INV-10293,38231.63,38231.63,2023-05-11,2023-05-11,27AAAAA1293A1Z5,27AAAAA1293A1Z5
pkt-294,EXACT_MATCH,none,none,Supplier Corp 294,Supplier Corp 294,INV-10294,INV-10294,24919.53,24919.53,2023-07-06,2023-07-06,27AAAAA1294A1Z5,27AAAAA1294A1Z5
pkt-295,FUZZY_MATCH,string_distance,low,Supplier LLC 295,Suplier LLC 295,INV-10295,INV10295,26675.86,26675.86,2023-04-17,2023-04-17,27AAAAA1295A1Z5,27AAAAA1295A1Z5
pkt-296,EXACT_MATCH,none,none,Supplier Ltd 296,Supplier Ltd 296,INV-10296,INV-10296,19913.85,19913.85,2023-12-02,2023-12-02,27AAAAA1296A1Z5,27AAAAA1296A1Z5
pkt-297,NO_MATCH,different_entity,high,Supplier LLC 297,Different Supplier Inc,INV-10297,INV-10297,23041.74,23041.74,2023-02-28,2023-02-28,27AAAAA1297A1Z5,27BBBBB1234B1Z5
pkt-298,FUZZY_MATCH,minor_amount_diff,low,Supplier Ltd 298,Supplier Ltd 298,INV-10298,INV-10298,21521.29,21520.29,2023-07-23,2023-07-23,27AAAAA1298A1Z5,27AAAAA1298A1Z5
pkt-299,EXACT_MATCH,none,none,Supplier Ltd 299,Supplier Ltd 299,INV-10299,INV-10299,20311.11,20311.11,2023-06-06,2023-06-06,27AAAAA1299A1Z5,27AAAAA1299A1Z5
pkt-300,FUZZY_MATCH,date_shift,medium,Supplier Inc 300,Supplier Inc 300,INV-10300,INV-10300,45996.51,45996.51,2023-02-14,2023-02-15,27AAAAA1300A1Z5,27AAAAA1300A1Z5
pkt-301,FUZZY_MATCH,minor_amount_diff,low,Supplier Ltd 301,Supplier Ltd 301,INV-10301,INV-10301,29484.68,29485.68,2023-09-03,2023-09-03,27AAAAA1301A1Z5,27AAAAA1301A1Z5
pkt-302,CONTRADICTION,major_amount_diff,high,Supplier Inc 302,Supplier Inc 302,INV-10302,INV-10302,11156.45,22312.900,2023-03-03,2023-03-03,27AAAAA1302A1Z5,27AAAAA1302A1Z5
pkt-303,FUZZY_MATCH,date_shift,medium,Supplier Corp 303,Supplier Corp 303,INV-10303,INV-10303,25546.61,25546.61,2023-06-12,2023-06-08,27AAAAA1303A1Z5,27AAAAA1303A1Z5
pkt-304,EXACT_MATCH,none,none,Supplier Corp 304,Supplier Corp 304,INV-10304,INV-10304,7407.57,7407.57,2023-04-06,2023-04-06,27AAAAA1304A1Z5,27AAAAA1304A1Z5
pkt-305,NO_MATCH,different_entity,high,Supplier Ltd 305,Different Supplier Inc,INV-10305,INV-10305,3860.13,3860.13,2023-11-16,2023-11-16,27AAAAA1305A1Z5,27BBBBB1234B1Z5
pkt-306,EXACT_MATCH,none,none,Supplier LLC 306,Supplier LLC 306,INV-10306,INV-10306,38017.87,38017.87,2023-08-22,2023-08-22,27AAAAA1306A1Z5,27AAAAA1306A1Z5
pkt-307,NO_MATCH,missing_record,high,Supplier Ltd 307,,INV-10307,,15875.33,,2023-08-03,,27AAAAA1307A1Z5,
pkt-308,NO_MATCH,invalid_gstin_suffix,high,Supplier Inc 308,Supplier Inc 308,INV-10308,INV-10308,31606.12,31606.12,2023-05-19,2023-05-19,27AAAAA1308A1Z5,27AAAAA1308A1ZX
pkt-309,EXACT_MATCH,none,none,Supplier Ltd 309,Supplier Ltd 309,INV-10309,INV-10309,25416.11,25416.11,2023-05-15,2023-05-15,27AAAAA1309A1Z5,27AAAAA1309A1Z5
pkt-310,NO_MATCH,different_entity,high,Supplier Inc 310,Different Supplier Inc,INV-10310,INV-10310,2938.81,2938.81,2023-05-03,2023-05-03,27AAAAA1310A1Z5,27BBBBB1234B1Z5
pkt-311,NO_MATCH,missing_record,high,Supplier Inc 311,,INV-10311,,29744.58,,2023-07-15,,27AAAAA1311A1Z5,
pkt-312,NO_MATCH,invalid_gstin_suffix,high,Supplier Corp 312,Supplier Corp 312,INV-10312,INV-10312,45461.59,45461.59,2023-10-21,2023-10-21,27AAAAA1312A1Z5,27AAAAA1312A1ZX
pkt-313,NO_MATCH,missing_record,high,Supplier Inc 313,,INV-10313,,30289.79,,2023-09-05,,27AAAAA1313A1Z5,
pkt-314,CONTRADICTION,major_amount_diff,high,Supplier Inc 314,Supplier Inc 314,INV-10314,INV-10314,5264.74,10529.480,2023-06-23,2023-06-23,27AAAAA1314A1Z5,27AAAAA1314A1Z5
pkt-315,NO_MATCH,missing_record,high,Supplier Ltd 315,,INV-10315,,32341.74,,2023-01-08,,27AAAAA1315A1Z5,
pkt-316,NO_MATCH,invalid_gstin_suffix,high,Supplier LLC 316,Supplier LLC 316,INV-10316,INV-10316,26251.02,26251.02,2023-10-06,2023-10-06,27AAAAA1316A1Z5,27AAAAA1316A1ZX
pkt-317,EXACT_MATCH,none,none,Supplier LLC 317,Supplier LLC 317,INV-10317,INV-10317,45905.05,45905.05,2023-07-14,2023-07-14,27AAAAA1317A1Z5,27AAAAA1317A1Z5
pkt-318,FUZZY_MATCH,string_distance,low,Supplier LLC 318,Suplier LLC 318,INV-10318,INV10318,29934.5,29934.5,2023-11-21,2023-11-21,27AAAAA1318A1Z5,27AAAAA1318A1Z5
pkt-319,FUZZY_MATCH,minor_amount_diff,low,Supplier Ltd 319,Supplier Ltd 319,INV-10319,INV-10319,16551.57,16552.57,2023-09-22,2023-09-22,27AAAAA1319A1Z5,27AAAAA1319A1Z5
pkt-320,NO_MATCH,invalid_gstin_suffix,high,Supplier Corp 320,Supplier Corp 320,INV-10320,INV-10320,36214.31,36214.31,2023-11-20,2023-11-20,27AAAAA1320A1Z5,27AAAAA1320A1ZX
pkt-321,FUZZY_MATCH,minor_amount_diff,low,Supplier LLC 321,Supplier LLC 321,INV-10321,INV-10321,4166.95,4169.45,2023-11-05,2023-11-05,27AAAAA1321A1Z5,27AAAAA1321A1Z5
pkt-322,CONTRADICTION,major_amount_diff,high,Supplier LLC 322,Supplier LLC 322,INV-10322,INV-10322,6534.69,13069.380,2023-12-03,2023-12-03,27AAAAA1322A1Z5,27AAAAA1322A1Z5
pkt-323,EXACT_MATCH,none,none,Supplier Corp 323,Supplier Corp 323,INV-10323,INV-10323,18896.3,18896.3,2023-06-27,2023-06-27,27AAAAA1323A1Z5,27AAAAA1323A1Z5
pkt-324,EXACT_MATCH,none,none,Supplier Inc 324,Supplier Inc 324,INV-10324,INV-10324,35171.26,35171.26,2023-12-22,2023-12-22,27AAAAA1324A1Z5,27AAAAA1324A1Z5
pkt-325,NO_MATCH,invalid_gstin_suffix,high,Supplier Inc 325,Supplier Inc 325,INV-10325,INV-10325,33555.76,33555.76,2023-09-12,2023-09-12,27AAAAA1325A1Z5,27AAAAA1325A1ZX
pkt-326,FUZZY_MATCH,date_shift,medium,Supplier Ltd 326,Supplier Ltd 326,INV-10326,INV-10326,15512.42,15512.42,2023-04-11,2023-04-09,27AAAAA1326A1Z5,27AAAAA1326A1Z5
pkt-327,FUZZY_MATCH,string_distance,low,Supplier LLC 327,Suplier LLC 327,INV-10327,INV10327,49998.83,49998.83,2023-03-03,2023-03-03,27AAAAA1327A1Z5,27AAAAA1327A1Z5
pkt-328,EXACT_MATCH,none,none,Supplier Inc 328,Supplier Inc 328,INV-10328,INV-10328,25433.72,25433.72,2023-09-27,2023-09-27,27AAAAA1328A1Z5,27AAAAA1328A1Z5
pkt-329,FUZZY_MATCH,ocr_artifacts,medium,Supplier Ltd 329,Supplier Ltd 329,INV-10329,INV-IO329,16904.54,16904.55,2023-10-05,2023-10-05,27AAAAA1329A1Z5,27AAAAA1329A1Z5
pkt-330,EXACT_MATCH,none,none,Supplier Corp 330,Supplier Corp 330,INV-10330,INV-10330,8196.14,8196.14,2023-12-25,2023-12-25,27AAAAA1330A1Z5,27AAAAA1330A1Z5
pkt-331,NO_MATCH,missing_record,high,Supplier Corp 331,,INV-10331,,21939.9,,2023-07-12,,27AAAAA1331A1Z5,
pkt-332,FUZZY_MATCH,date_shift,medium,Supplier Ltd 332,Supplier Ltd 332,INV-10332,INV-10332,30568.71,30568.71,2023-12-26,2023-12-29,27AAAAA1332A1Z5,27AAAAA1332A1Z5
pkt-333,NO_MATCH,invalid_gstin_suffix,high,Supplier Corp 333,Supplier Corp 333,INV-10333,INV-10333,12034.51,12034.51,2023-08-27,2023-08-27,27AAAAA1333A1Z5,27AAAAA1333A1ZX
pkt-334,FUZZY_MATCH,minor_amount_diff,low,Supplier Ltd 334,Supplier Ltd 334,INV-10334,INV-10334,33947.51,33950.01,2023-10-15,2023-10-15,27AAAAA1334A1Z5,27AAAAA1334A1Z5
pkt-335,NO_MATCH,different_entity,high,Supplier Corp 335,Different Supplier Inc,INV-10335,INV-10335,25195.04,25195.04,2023-07-06,2023-07-06,27AAAAA1335A1Z5,27BBBBB1234B1Z5
pkt-336,NO_MATCH,invalid_gstin_suffix,high,Supplier Ltd 336,Supplier Ltd 336,INV-10336,INV-10336,7006.09,7006.09,2023-05-02,2023-05-02,27AAAAA1336A1Z5,27AAAAA1336A1ZX
pkt-337,FUZZY_MATCH,minor_amount_diff,low,Supplier Inc 337,Supplier Inc 337,INV-10337,INV-10337,27771.58,27770.58,2023-02-23,2023-02-23,27AAAAA1337A1Z5,27AAAAA1337A1Z5
pkt-338,EXACT_MATCH,none,none,Supplier Corp 338,Supplier Corp 338,INV-10338,INV-10338,38179.53,38179.53,2023-05-15,2023-05-15,27AAAAA1338A1Z5,27AAAAA1338A1Z5
pkt-339,NO_MATCH,invalid_gstin_suffix,high,Supplier Ltd 339,Supplier Ltd 339,INV-10339,INV-10339,4676.51,4676.51,2023-04-27,2023-04-27,27AAAAA1339A1Z5,27AAAAA1339A1ZX
pkt-340,CONTRADICTION,major_amount_diff,high,Supplier Ltd 340,Supplier Ltd 340,INV-10340,INV-10340,46530.55,93061.100,2023-07-02,2023-07-02,27AAAAA1340A1Z5,27AAAAA1340A1Z5
pkt-341,FUZZY_MATCH,date_shift,medium,Supplier LLC 341,Supplier LLC 341,INV-10341,INV-10341,18760.68,18760.68,2023-07-03,2023-06-28,27AAAAA1341A1Z5,27AAAAA1341A1Z5
pkt-342,FUZZY_MATCH,ocr_artifacts,medium,Supplier LLC 342,Supplier LLC 342,INV-10342,INV-IO342,16002.38,16002.39,2023-02-27,2023-02-27,27AAAAA1342A1Z5,27AAAAA1342A1Z5
pkt-343,EXACT_MATCH,none,none,Supplier Ltd 343,Supplier Ltd 343,INV-10343,INV-10343,6966.22,6966.22,2023-05-27,2023-05-27,27AAAAA1343A1Z5,27AAAAA1343A1Z5
pkt-344,NO_MATCH,different_entity,high,Supplier Ltd 344,Different Supplier Inc,INV-10344,INV-10344,41572.41,41572.41,2023-12-16,2023-12-16,27AAAAA1344A1Z5,27BBBBB1234B1Z5
pkt-345,FUZZY_MATCH,date_shift,medium,Supplier LLC 345,Supplier LLC 345,INV-10345,INV-10345,362.03,362.03,2023-02-01,2023-01-29,27AAAAA1345A1Z5,27AAAAA1345A1Z5
pkt-346,FUZZY_MATCH,string_distance,low,Supplier Ltd 346,Suplier Ltd 346,INV-10346,INV10346,27485.33,27485.33,2023-12-20,2023-12-20,27AAAAA1346A1Z5,27AAAAA1346A1Z5
pkt-347,EXACT_MATCH,none,none,Supplier Inc 347,Supplier Inc 347,INV-10347,INV-10347,38831.01,38831.01,2023-04-10,2023-04-10,27AAAAA1347A1Z5,27AAAAA1347A1Z5
pkt-348,FUZZY_MATCH,string_distance,low,Supplier Ltd 348,Suplier Ltd 348,INV-10348,INV10348,11998.13,11998.13,2023-11-26,2023-11-26,27AAAAA1348A1Z5,27AAAAA1348A1Z5
pkt-349,EXACT_MATCH,none,none,Supplier Inc 349,Supplier Inc 349,INV-10349,INV-10349,5631.81,5631.81,2023-08-20,2023-08-20,27AAAAA1349A1Z5,27AAAAA1349A1Z5
pkt-350,FUZZY_MATCH,minor_amount_diff,low,Supplier Corp 350,Supplier Corp 350,INV-10350,INV-10350,25817.25,25819.75,2023-04-23,2023-04-23,27AAAAA1350A1Z5,27AAAAA1350A1Z5
pkt-351,FUZZY_MATCH,ocr_artifacts,medium,Supplier Ltd 351,Supplier Ltd 351,INV-10351,INV-IO35I,178.06,178.07,2023-06-08,2023-06-08,27AAAAA1351A1Z5,27AAAAA1351A1Z5
pkt-352,FUZZY_MATCH,string_distance,low,Supplier LLC 352,Suplier LLC 352,INV-10352,INV10352,33252.13,33252.13,2023-02-17,2023-02-17,27AAAAA1352A1Z5,27AAAAA1352A1Z5
pkt-353,EXACT_MATCH,none,none,Supplier Inc 353,Supplier Inc 353,INV-10353,INV-10353,47674.84,47674.84,2023-09-17,2023-09-17,27AAAAA1353A1Z5,27AAAAA1353A1Z5
pkt-354,NO_MATCH,invalid_gstin_suffix,high,Supplier Ltd 354,Supplier Ltd 354,INV-10354,INV-10354,43679.24,43679.24,2023-01-21,2023-01-21,27AAAAA1354A1Z5,27AAAAA1354A1ZX
pkt-355,NO_MATCH,invalid_gstin_suffix,high,Supplier Inc 355,Supplier Inc 355,INV-10355,INV-10355,12757.15,12757.15,2023-01-12,2023-01-12,27AAAAA1355A1Z5,27AAAAA1355A1ZX
pkt-356,NO_MATCH,different_entity,high,Supplier Inc 356,Different Supplier Inc,INV-10356,INV-10356,12132.18,12132.18,2023-11-21,2023-11-21,27AAAAA1356A1Z5,27BBBBB1234B1Z5
pkt-357,NO_MATCH,invalid_gstin_suffix,high,Supplier Inc 357,Supplier Inc 357,INV-10357,INV-10357,36785.83,36785.83,2023-06-05,2023-06-05,27AAAAA1357A1Z5,27AAAAA1357A1ZX
pkt-358,EXACT_MATCH,none,none,Supplier Ltd 358,Supplier Ltd 358,INV-10358,INV-10358,27346.09,27346.09,2023-11-06,2023-11-06,27AAAAA1358A1Z5,27AAAAA1358A1Z5
pkt-359,FUZZY_MATCH,string_distance,low,Supplier Corp 359,Suplier Corp 359,INV-10359,INV10359,23978.71,23978.71,2023-03-26,2023-03-26,27AAAAA1359A1Z5,27AAAAA1359A1Z5
pkt-360,FUZZY_MATCH,date_shift,medium,Supplier LLC 360,Supplier LLC 360,INV-10360,INV-10360,35830.65,35830.65,2023-08-02,2023-07-28,27AAAAA1360A1Z5,27AAAAA1360A1Z5
pkt-361,CONTRADICTION,major_amount_diff,high,Supplier LLC 361,Supplier LLC 361,INV-10361,INV-10361,39576.35,79152.700,2023-01-11,2023-01-11,27AAAAA1361A1Z5,27AAAAA1361A1Z5
pkt-362,EXACT_MATCH,none,none,Supplier LLC 362,Supplier LLC 362,INV-10362,INV-10362,19971.38,19971.38,2023-09-16,2023-09-16,27AAAAA1362A1Z5,27AAAAA1362A1Z5
pkt-363,EXACT_MATCH,none,none,Supplier LLC 363,Supplier LLC 363,INV-10363,INV-10363,37689.22,37689.22,2023-04-10,2023-04-10,27AAAAA1363A1Z5,27AAAAA1363A1Z5
pkt-364,NO_MATCH,invalid_gstin_suffix,high,Supplier Inc 364,Supplier Inc 364,INV-10364,INV-10364,43303.33,43303.33,2023-06-09,2023-06-09,27AAAAA1364A1Z5,27AAAAA1364A1ZX
pkt-365,EXACT_MATCH,none,none,Supplier Ltd 365,Supplier Ltd 365,INV-10365,INV-10365,21903.87,21903.87,2023-07-24,2023-07-24,27AAAAA1365A1Z5,27AAAAA1365A1Z5
pkt-366,NO_MATCH,invalid_gstin_suffix,high,Supplier Ltd 366,Supplier Ltd 366,INV-10366,INV-10366,17017.93,17017.93,2023-03-16,2023-03-16,27AAAAA1366A1Z5,27AAAAA1366A1ZX
pkt-367,EXACT_MATCH,none,none,Supplier Inc 367,Supplier Inc 367,INV-10367,INV-10367,46223.09,46223.09,2023-09-09,2023-09-09,27AAAAA1367A1Z5,27AAAAA1367A1Z5
pkt-368,CONTRADICTION,major_amount_diff,high,Supplier Corp 368,Supplier Corp 368,INV-10368,INV-10368,21282.53,42565.060,2023-07-20,2023-07-20,27AAAAA1368A1Z5,27AAAAA1368A1Z5
pkt-369,EXACT_MATCH,none,none,Supplier LLC 369,Supplier LLC 369,INV-10369,INV-10369,14758.94,14758.94,2023-02-03,2023-02-03,27AAAAA1369A1Z5,27AAAAA1369A1Z5
pkt-370,FUZZY_MATCH,ocr_artifacts,medium,Supplier Ltd 370,Supplier Ltd 370,INV-10370,INV-IO37O,14852.43,14852.44,2023-08-20,2023-08-20,27AAAAA1370A1Z5,27AAAAA1370A1Z5
pkt-371,EXACT_MATCH,none,none,Supplier Inc 371,Supplier Inc 371,INV-10371,INV-10371,34519.26,34519.26,2023-06-15,2023-06-15,27AAAAA1371A1Z5,27AAAAA1371A1Z5
pkt-372,FUZZY_MATCH,minor_amount_diff,low,Supplier Ltd 372,Supplier Ltd 372,INV-10372,INV-10372,43514.86,43513.86,2023-06-20,2023-06-20,27AAAAA1372A1Z5,27AAAAA1372A1Z5
pkt-373,CONTRADICTION,major_amount_diff,high,Supplier LLC 373,Supplier LLC 373,INV-10373,INV-10373,3844.55,7689.100,2023-11-13,2023-11-13,27AAAAA1373A1Z5,27AAAAA1373A1Z5
pkt-374,FUZZY_MATCH,ocr_artifacts,medium,Supplier Inc 374,Supplier Inc 374,INV-10374,INV-IO374,40074.69,40074.70,2023-11-06,2023-11-06,27AAAAA1374A1Z5,27AAAAA1374A1Z5
pkt-375,EXACT_MATCH,none,none,Supplier Ltd 375,Supplier Ltd 375,INV-10375,INV-10375,42448.6,42448.6,2023-11-26,2023-11-26,27AAAAA1375A1Z5,27AAAAA1375A1Z5
pkt-376,NO_MATCH,invalid_gstin_suffix,high,Supplier LLC 376,Supplier LLC 376,INV-10376,INV-10376,6398.88,6398.88,2023-04-25,2023-04-25,27AAAAA1376A1Z5,27AAAAA1376A1ZX
pkt-377,EXACT_MATCH,none,none,Supplier Corp 377,Supplier Corp 377,INV-10377,INV-10377,19204.43,19204.43,2023-10-02,2023-10-02,27AAAAA1377A1Z5,27AAAAA1377A1Z5
pkt-378,FUZZY_MATCH,string_distance,low,Supplier Ltd 378,Suplier Ltd 378,INV-10378,INV10378,22551.14,22551.14,2023-06-12,2023-06-12,27AAAAA1378A1Z5,27AAAAA1378A1Z5
pkt-379,NO_MATCH,invalid_gstin_suffix,high,Supplier Ltd 379,Supplier Ltd 379,INV-10379,INV-10379,28738.7,28738.7,2023-09-12,2023-09-12,27AAAAA1379A1Z5,27AAAAA1379A1ZX
pkt-380,EXACT_MATCH,none,none,Supplier Inc 380,Supplier Inc 380,INV-10380,INV-10380,32513.08,32513.08,2023-04-04,2023-04-04,27AAAAA1380A1Z5,27AAAAA1380A1Z5
pkt-381,FUZZY_MATCH,minor_amount_diff,low,Supplier Inc 381,Supplier Inc 381,INV-10381,INV-10381,9383.8,9384.80,2023-09-13,2023-09-13,27AAAAA1381A1Z5,27AAAAA1381A1Z5
pkt-382,EXACT_MATCH,none,none,Supplier LLC 382,Supplier LLC 382,INV-10382,INV-10382,35231.49,35231.49,2023-04-20,2023-04-20,27AAAAA1382A1Z5,27AAAAA1382A1Z5
pkt-383,FUZZY_MATCH,ocr_artifacts,medium,Supplier Inc 383,Supplier Inc 383,INV-10383,INV-IO383,45832.3,45832.31,2023-08-07,2023-08-07,27AAAAA1383A1Z5,27AAAAA1383A1Z5
pkt-384,FUZZY_MATCH,string_distance,low,Supplier Ltd 384,Suplier Ltd 384,INV-10384,INV10384,42656.03,42656.03,2023-08-06,2023-08-06,27AAAAA1384A1Z5,27AAAAA1384A1Z5
pkt-385,EXACT_MATCH,none,none,Supplier LLC 385,Supplier LLC 385,INV-10385,INV-10385,40544.61,40544.61,2023-06-22,2023-06-22,27AAAAA1385A1Z5,27AAAAA1385A1Z5
pkt-386,FUZZY_MATCH,ocr_artifacts,medium,Supplier LLC 386,Supplier LLC 386,INV-10386,INV-IO386,3340.46,3340.47,2023-09-10,2023-09-10,27AAAAA1386A1Z5,27AAAAA1386A1Z5
pkt-387,NO_MATCH,invalid_gstin_suffix,high,Supplier Corp 387,Supplier Corp 387,INV-10387,INV-10387,35619.27,35619.27,2023-12-21,2023-12-21,27AAAAA1387A1Z5,27AAAAA1387A1ZX
pkt-388,FUZZY_MATCH,date_shift,medium,Supplier Corp 388,Supplier Corp 388,INV-10388,INV-10388,25486.91,25486.91,2023-02-07,2023-02-09,27AAAAA1388A1Z5,27AAAAA1388A1Z5
pkt-389,NO_MATCH,missing_record,high,Supplier LLC 389,,INV-10389,,1411.57,,2023-09-19,,27AAAAA1389A1Z5,
pkt-390,FUZZY_MATCH,string_distance,low,Supplier Inc 390,Suplier Inc 390,INV-10390,INV10390,40202.72,40202.72,2023-09-05,2023-09-05,27AAAAA1390A1Z5,27AAAAA1390A1Z5
pkt-391,CONTRADICTION,major_amount_diff,high,Supplier Ltd 391,Supplier Ltd 391,INV-10391,INV-10391,15533.61,31067.220,2023-12-24,2023-12-24,27AAAAA1391A1Z5,27AAAAA1391A1Z5
pkt-392,FUZZY_MATCH,ocr_artifacts,medium,Supplier Inc 392,Supplier Inc 392,INV-10392,INV-IO392,20598.68,20598.69,2023-07-27,2023-07-27,27AAAAA1392A1Z5,27AAAAA1392A1Z5
pkt-393,NO_MATCH,missing_record,high,Supplier Ltd 393,,INV-10393,,48621.75,,2023-11-03,,27AAAAA1393A1Z5,
pkt-394,FUZZY_MATCH,ocr_artifacts,medium,Supplier Corp 394,Supplier Corp 394,INV-10394,INV-IO394,34037.44,34037.45,2023-06-05,2023-06-05,27AAAAA1394A1Z5,27AAAAA1394A1Z5
pkt-395,CONTRADICTION,major_amount_diff,high,Supplier Inc 395,Supplier Inc 395,INV-10395,INV-10395,21687.65,43375.300,2023-01-27,2023-01-27,27AAAAA1395A1Z5,27AAAAA1395A1Z5
pkt-396,EXACT_MATCH,none,none,Supplier LLC 396,Supplier LLC 396,INV-10396,INV-10396,7735.47,7735.47,2023-03-06,2023-03-06,27AAAAA1396A1Z5,27AAAAA1396A1Z5
pkt-397,FUZZY_MATCH,minor_amount_diff,low,Supplier Inc 397,Supplier Inc 397,INV-10397,INV-10397,11350.97,11351.47,2023-09-10,2023-09-10,27AAAAA1397A1Z5,27AAAAA1397A1Z5
pkt-398,EXACT_MATCH,none,none,Supplier Corp 398,Supplier Corp 398,INV-10398,INV-10398,31789.35,31789.35,2023-09-09,2023-09-09,27AAAAA1398A1Z5,27AAAAA1398A1Z5
pkt-399,NO_MATCH,different_entity,high,Supplier Corp 399,Different Supplier Inc,INV-10399,INV-10399,15210.95,15210.95,2023-09-03,2023-09-03,27AAAAA1399A1Z5,27BBBBB1234B1Z5
pkt-400,NO_MATCH,different_entity,high,Supplier LLC 400,Different Supplier Inc,INV-10400,INV-10400,47086.19,47086.19,2023-03-06,2023-03-06,27AAAAA1400A1Z5,27BBBBB1234B1Z5
pkt-401,EXACT_MATCH,none,none,Supplier Inc 401,Supplier Inc 401,INV-10401,INV-10401,2155.6,2155.6,2023-01-03,2023-01-03,27AAAAA1401A1Z5,27AAAAA1401A1Z5
pkt-402,NO_MATCH,different_entity,high,Supplier Corp 402,Different Supplier Inc,INV-10402,INV-10402,38574.02,38574.02,2023-05-21,2023-05-21,27AAAAA1402A1Z5,27BBBBB1234B1Z5
pkt-403,EXACT_MATCH,none,none,Supplier Ltd 403,Supplier Ltd 403,INV-10403,INV-10403,20887.68,20887.68,2023-11-01,2023-11-01,27AAAAA1403A1Z5,27AAAAA1403A1Z5
pkt-404,FUZZY_MATCH,date_shift,medium,Supplier Ltd 404,Supplier Ltd 404,INV-10404,INV-10404,27324.32,27324.32,2023-11-10,2023-11-15,27AAAAA1404A1Z5,27AAAAA1404A1Z5
pkt-405,FUZZY_MATCH,ocr_artifacts,medium,Supplier Inc 405,Supplier Inc 405,INV-10405,INV-IO4O5,20364.02,20364.03,2023-08-03,2023-08-03,27AAAAA1405A1Z5,27AAAAA1405A1Z5
pkt-406,NO_MATCH,invalid_gstin_suffix,high,Supplier Corp 406,Supplier Corp 406,INV-10406,INV-10406,22036.31,22036.31,2023-08-15,2023-08-15,27AAAAA1406A1Z5,27AAAAA1406A1ZX
pkt-407,EXACT_MATCH,none,none,Supplier LLC 407,Supplier LLC 407,INV-10407,INV-10407,30372.35,30372.35,2023-06-28,2023-06-28,27AAAAA1407A1Z5,27AAAAA1407A1Z5
pkt-408,NO_MATCH,invalid_gstin_suffix,high,Supplier Corp 408,Supplier Corp 408,INV-10408,INV-10408,49402.37,49402.37,2023-06-13,2023-06-13,27AAAAA1408A1Z5,27AAAAA1408A1ZX
pkt-409,NO_MATCH,missing_record,high,Supplier Corp 409,,INV-10409,,25797.51,,2023-02-11,,27AAAAA1409A1Z5,
pkt-410,FUZZY_MATCH,string_distance,low,Supplier Corp 410,Suplier Corp 410,INV-10410,INV10410,6213.84,6213.84,2023-08-08,2023-08-08,27AAAAA1410A1Z5,27AAAAA1410A1Z5
pkt-411,FUZZY_MATCH,date_shift,medium,Supplier Ltd 411,Supplier Ltd 411,INV-10411,INV-10411,2625.2,2625.2,2023-07-28,2023-07-25,27AAAAA1411A1Z5,27AAAAA1411A1Z5
pkt-412,FUZZY_MATCH,date_shift,medium,Supplier LLC 412,Supplier LLC 412,INV-10412,INV-10412,40692.54,40692.54,2023-10-24,2023-10-21,27AAAAA1412A1Z5,27AAAAA1412A1Z5
pkt-413,FUZZY_MATCH,minor_amount_diff,low,Supplier Ltd 413,Supplier Ltd 413,INV-10413,INV-10413,24963.45,24965.95,2023-09-15,2023-09-15,27AAAAA1413A1Z5,27AAAAA1413A1Z5
pkt-414,FUZZY_MATCH,date_shift,medium,Supplier Ltd 414,Supplier Ltd 414,INV-10414,INV-10414,1256.5,1256.5,2023-07-17,2023-07-15,27AAAAA1414A1Z5,27AAAAA1414A1Z5
pkt-415,NO_MATCH,missing_record,high,Supplier LLC 415,,INV-10415,,29208.87,,2023-01-02,,27AAAAA1415A1Z5,
pkt-416,FUZZY_MATCH,minor_amount_diff,low,Supplier Ltd 416,Supplier Ltd 416,INV-10416,INV-10416,29916.19,29915.19,2023-11-22,2023-11-22,27AAAAA1416A1Z5,27AAAAA1416A1Z5
pkt-417,EXACT_MATCH,none,none,Supplier LLC 417,Supplier LLC 417,INV-10417,INV-10417,42373.9,42373.9,2023-07-05,2023-07-05,27AAAAA1417A1Z5,27AAAAA1417A1Z5
pkt-418,EXACT_MATCH,none,none,Supplier Inc 418,Supplier Inc 418,INV-10418,INV-10418,18352.3,18352.3,2023-07-12,2023-07-12,27AAAAA1418A1Z5,27AAAAA1418A1Z5
pkt-419,CONTRADICTION,major_amount_diff,high,Supplier LLC 419,Supplier LLC 419,INV-10419,INV-10419,2652.77,5305.540,2023-09-07,2023-09-07,27AAAAA1419A1Z5,27AAAAA1419A1Z5
pkt-420,CONTRADICTION,major_amount_diff,high,Supplier Ltd 420,Supplier Ltd 420,INV-10420,INV-10420,14501.22,29002.440,2023-07-17,2023-07-17,27AAAAA1420A1Z5,27AAAAA1420A1Z5
pkt-421,FUZZY_MATCH,ocr_artifacts,medium,Supplier Inc 421,Supplier Inc 421,INV-10421,INV-IO42I,14058.06,14058.07,2023-10-22,2023-10-22,27AAAAA1421A1Z5,27AAAAA1421A1Z5
pkt-422,CONTRADICTION,major_amount_diff,high,Supplier LLC 422,Supplier LLC 422,INV-10422,INV-10422,48756.63,97513.260,2023-07-12,2023-07-12,27AAAAA1422A1Z5,27AAAAA1422A1Z5
pkt-423,CONTRADICTION,major_amount_diff,high,Supplier Ltd 423,Supplier Ltd 423,INV-10423,INV-10423,46953.53,93907.060,2023-03-07,2023-03-07,27AAAAA1423A1Z5,27AAAAA1423A1Z5
pkt-424,NO_MATCH,missing_record,high,Supplier LLC 424,,INV-10424,,2108.72,,2023-01-05,,27AAAAA1424A1Z5,
pkt-425,NO_MATCH,invalid_gstin_suffix,high,Supplier Corp 425,Supplier Corp 425,INV-10425,INV-10425,26014.7,26014.7,2023-03-20,2023-03-20,27AAAAA1425A1Z5,27AAAAA1425A1ZX
pkt-426,NO_MATCH,different_entity,high,Supplier Ltd 426,Different Supplier Inc,INV-10426,INV-10426,46575.3,46575.3,2023-06-06,2023-06-06,27AAAAA1426A1Z5,27BBBBB1234B1Z5
pkt-427,CONTRADICTION,major_amount_diff,high,Supplier LLC 427,Supplier LLC 427,INV-10427,INV-10427,36992.04,73984.080,2023-05-19,2023-05-19,27AAAAA1427A1Z5,27AAAAA1427A1Z5
pkt-428,NO_MATCH,missing_record,high,Supplier LLC 428,,INV-10428,,41431.64,,2023-09-16,,27AAAAA1428A1Z5,
pkt-429,EXACT_MATCH,none,none,Supplier Inc 429,Supplier Inc 429,INV-10429,INV-10429,40805.87,40805.87,2023-06-11,2023-06-11,27AAAAA1429A1Z5,27AAAAA1429A1Z5
pkt-430,NO_MATCH,different_entity,high,Supplier Inc 430,Different Supplier Inc,INV-10430,INV-10430,29226.74,29226.74,2023-12-28,2023-12-28,27AAAAA1430A1Z5,27BBBBB1234B1Z5
pkt-431,EXACT_MATCH,none,none,Supplier Corp 431,Supplier Corp 431,INV-10431,INV-10431,23782.05,23782.05,2023-11-26,2023-11-26,27AAAAA1431A1Z5,27AAAAA1431A1Z5
pkt-432,FUZZY_MATCH,ocr_artifacts,medium,Supplier Ltd 432,Supplier Ltd 432,INV-10432,INV-IO432,2662.62,2662.63,2023-08-06,2023-08-06,27AAAAA1432A1Z5,27AAAAA1432A1Z5
pkt-433,FUZZY_MATCH,date_shift,medium,Supplier Inc 433,Supplier Inc 433,INV-10433,INV-10433,41100.9,41100.9,2023-04-02,2023-03-28,27AAAAA1433A1Z5,27AAAAA1433A1Z5
pkt-434,EXACT_MATCH,none,none,Supplier Ltd 434,Supplier Ltd 434,INV-10434,INV-10434,22107.82,22107.82,2023-07-05,2023-07-05,27AAAAA1434A1Z5,27AAAAA1434A1Z5
pkt-435,EXACT_MATCH,none,none,Supplier Ltd 435,Supplier Ltd 435,INV-10435,INV-10435,10274.19,10274.19,2023-09-25,2023-09-25,27AAAAA1435A1Z5,27AAAAA1435A1Z5
pkt-436,CONTRADICTION,major_amount_diff,high,Supplier Corp 436,Supplier Corp 436,INV-10436,INV-10436,36397.36,72794.720,2023-12-05,2023-12-05,27AAAAA1436A1Z5,27AAAAA1436A1Z5
pkt-437,NO_MATCH,invalid_gstin_suffix,high,Supplier Ltd 437,Supplier Ltd 437,INV-10437,INV-10437,16319.97,16319.97,2023-11-16,2023-11-16,27AAAAA1437A1Z5,27AAAAA1437A1ZX
pkt-438,CONTRADICTION,major_amount_diff,high,Supplier LLC 438,Supplier LLC 438,INV-10438,INV-10438,47838.61,95677.220,2023-08-18,2023-08-18,27AAAAA1438A1Z5,27AAAAA1438A1Z5
pkt-439,NO_MATCH,different_entity,high,Supplier LLC 439,Different Supplier Inc,INV-10439,INV-10439,17778.92,17778.92,2023-12-22,2023-12-22,27AAAAA1439A1Z5,27BBBBB1234B1Z5
pkt-440,FUZZY_MATCH,date_shift,medium,Supplier LLC 440,Supplier LLC 440,INV-10440,INV-10440,24260.59,24260.59,2023-04-09,2023-04-08,27AAAAA1440A1Z5,27AAAAA1440A1Z5
pkt-441,NO_MATCH,invalid_gstin_suffix,high,Supplier Ltd 441,Supplier Ltd 441,INV-10441,INV-10441,38581.6,38581.6,2023-12-07,2023-12-07,27AAAAA1441A1Z5,27AAAAA1441A1ZX
pkt-442,FUZZY_MATCH,minor_amount_diff,low,Supplier LLC 442,Supplier LLC 442,INV-10442,INV-10442,24042.19,24041.19,2023-09-26,2023-09-26,27AAAAA1442A1Z5,27AAAAA1442A1Z5
pkt-443,NO_MATCH,invalid_gstin_suffix,high,Supplier Ltd 443,Supplier Ltd 443,INV-10443,INV-10443,28716.49,28716.49,2023-09-13,2023-09-13,27AAAAA1443A1Z5,27AAAAA1443A1ZX
pkt-444,FUZZY_MATCH,minor_amount_diff,low,Supplier Inc 444,Supplier Inc 444,INV-10444,INV-10444,47734.98,47733.98,2023-03-10,2023-03-10,27AAAAA1444A1Z5,27AAAAA1444A1Z5
pkt-445,EXACT_MATCH,none,none,Supplier LLC 445,Supplier LLC 445,INV-10445,INV-10445,17383.54,17383.54,2023-08-21,2023-08-21,27AAAAA1445A1Z5,27AAAAA1445A1Z5
pkt-446,CONTRADICTION,major_amount_diff,high,Supplier LLC 446,Supplier LLC 446,INV-10446,INV-10446,24006.06,48012.120,2023-04-27,2023-04-27,27AAAAA1446A1Z5,27AAAAA1446A1Z5
pkt-447,FUZZY_MATCH,date_shift,medium,Supplier Corp 447,Supplier Corp 447,INV-10447,INV-10447,34838.95,34838.95,2023-03-04,2023-02-27,27AAAAA1447A1Z5,27AAAAA1447A1Z5
pkt-448,EXACT_MATCH,none,none,Supplier Corp 448,Supplier Corp 448,INV-10448,INV-10448,33524.71,33524.71,2023-09-08,2023-09-08,27AAAAA1448A1Z5,27AAAAA1448A1Z5
pkt-449,FUZZY_MATCH,string_distance,low,Supplier Ltd 449,Suplier Ltd 449,INV-10449,INV10449,5099.88,5099.88,2023-06-23,2023-06-23,27AAAAA1449A1Z5,27AAAAA1449A1Z5
pkt-450,EXACT_MATCH,none,none,Supplier Corp 450,Supplier Corp 450,INV-10450,INV-10450,34091.48,34091.48,2023-03-01,2023-03-01,27AAAAA1450A1Z5,27AAAAA1450A1Z5
pkt-451,FUZZY_MATCH,minor_amount_diff,low,Supplier Corp 451,Supplier Corp 451,INV-10451,INV-10451,32679.35,32680.35,2023-08-16,2023-08-16,27AAAAA1451A1Z5,27AAAAA1451A1Z5
pkt-452,EXACT_MATCH,none,none,Supplier Inc 452,Supplier Inc 452,INV-10452,INV-10452,14342.23,14342.23,2023-01-25,2023-01-25,27AAAAA1452A1Z5,27AAAAA1452A1Z5
pkt-453,FUZZY_MATCH,ocr_artifacts,medium,Supplier Inc 453,Supplier Inc 453,INV-10453,INV-IO453,28749.25,28749.26,2023-09-24,2023-09-24,27AAAAA1453A1Z5,27AAAAA1453A1Z5
pkt-454,NO_MATCH,missing_record,high,Supplier Ltd 454,,INV-10454,,20952.46,,2023-03-02,,27AAAAA1454A1Z5,
pkt-455,EXACT_MATCH,none,none,Supplier LLC 455,Supplier LLC 455,INV-10455,INV-10455,9396.95,9396.95,2023-12-28,2023-12-28,27AAAAA1455A1Z5,27AAAAA1455A1Z5
pkt-456,NO_MATCH,invalid_gstin_suffix,high,Supplier Inc 456,Supplier Inc 456,INV-10456,INV-10456,562.43,562.43,2023-10-20,2023-10-20,27AAAAA1456A1Z5,27AAAAA1456A1ZX
pkt-457,FUZZY_MATCH,ocr_artifacts,medium,Supplier Ltd 457,Supplier Ltd 457,INV-10457,INV-IO457,14299.63,14299.64,2023-11-18,2023-11-18,27AAAAA1457A1Z5,27AAAAA1457A1Z5
pkt-458,FUZZY_MATCH,string_distance,low,Supplier Corp 458,Suplier Corp 458,INV-10458,INV10458,42567.88,42567.88,2023-08-09,2023-08-09,27AAAAA1458A1Z5,27AAAAA1458A1Z5
pkt-459,EXACT_MATCH,none,none,Supplier LLC 459,Supplier LLC 459,INV-10459,INV-10459,16601.14,16601.14,2023-12-15,2023-12-15,27AAAAA1459A1Z5,27AAAAA1459A1Z5
pkt-460,NO_MATCH,different_entity,high,Supplier LLC 460,Different Supplier Inc,INV-10460,INV-10460,9391.33,9391.33,2023-12-11,2023-12-11,27AAAAA1460A1Z5,27BBBBB1234B1Z5
pkt-461,EXACT_MATCH,none,none,Supplier Ltd 461,Supplier Ltd 461,INV-10461,INV-10461,33752.62,33752.62,2023-04-06,2023-04-06,27AAAAA1461A1Z5,27AAAAA1461A1Z5
pkt-462,FUZZY_MATCH,ocr_artifacts,medium,Supplier Inc 462,Supplier Inc 462,INV-10462,INV-IO462,25812.5,25812.51,2023-02-13,2023-02-13,27AAAAA1462A1Z5,27AAAAA1462A1Z5
pkt-463,EXACT_MATCH,none,none,Supplier Corp 463,Supplier Corp 463,INV-10463,INV-10463,49086.09,49086.09,2023-08-11,2023-08-11,27AAAAA1463A1Z5,27AAAAA1463A1Z5
pkt-464,NO_MATCH,invalid_gstin_suffix,high,Supplier LLC 464,Supplier LLC 464,INV-10464,INV-10464,13113.19,13113.19,2023-04-15,2023-04-15,27AAAAA1464A1Z5,27AAAAA1464A1ZX
pkt-465,FUZZY_MATCH,minor_amount_diff,low,Supplier Inc 465,Supplier Inc 465,INV-10465,INV-10465,15167.1,15168.10,2023-12-19,2023-12-19,27AAAAA1465A1Z5,27AAAAA1465A1Z5
pkt-466,NO_MATCH,missing_record,high,Supplier Inc 466,,INV-10466,,34669.15,,2023-01-22,,27AAAAA1466A1Z5,
pkt-467,EXACT_MATCH,none,none,Supplier LLC 467,Supplier LLC 467,INV-10467,INV-10467,15409.64,15409.64,2023-07-22,2023-07-22,27AAAAA1467A1Z5,27AAAAA1467A1Z5
pkt-468,FUZZY_MATCH,date_shift,medium,Supplier Corp 468,Supplier Corp 468,INV-10468,INV-10468,5959.05,5959.05,2023-05-12,2023-05-09,27AAAAA1468A1Z5,27AAAAA1468A1Z5
pkt-469,EXACT_MATCH,none,none,Supplier LLC 469,Supplier LLC 469,INV-10469,INV-10469,23961.28,23961.28,2023-08-24,2023-08-24,27AAAAA1469A1Z5,27AAAAA1469A1Z5
pkt-470,FUZZY_MATCH,date_shift,medium,Supplier Corp 470,Supplier Corp 470,INV-10470,INV-10470,35126.84,35126.84,2023-08-25,2023-08-30,27AAAAA1470A1Z5,27AAAAA1470A1Z5
pkt-471,CONTRADICTION,major_amount_diff,high,Supplier Ltd 471,Supplier Ltd 471,INV-10471,INV-10471,37761.5,75523.00,2023-02-17,2023-02-17,27AAAAA1471A1Z5,27AAAAA1471A1Z5
pkt-472,EXACT_MATCH,none,none,Supplier Inc 472,Supplier Inc 472,INV-10472,INV-10472,35217.93,35217.93,2023-02-19,2023-02-19,27AAAAA1472A1Z5,27AAAAA1472A1Z5
pkt-473,FUZZY_MATCH,ocr_artifacts,medium,Supplier Corp 473,Supplier Corp 473,INV-10473,INV-IO473,41455.83,41455.84,2023-09-07,2023-09-07,27AAAAA1473A1Z5,27AAAAA1473A1Z5
pkt-474,EXACT_MATCH,none,none,Supplier Inc 474,Supplier Inc 474,INV-10474,INV-10474,16473.07,16473.07,2023-09-15,2023-09-15,27AAAAA1474A1Z5,27AAAAA1474A1Z5
pkt-475,CONTRADICTION,major_amount_diff,high,Supplier Inc 475,Supplier Inc 475,INV-10475,INV-10475,10349.53,20699.060,2023-10-16,2023-10-16,27AAAAA1475A1Z5,27AAAAA1475A1Z5
pkt-476,CONTRADICTION,major_amount_diff,high,Supplier Corp 476,Supplier Corp 476,INV-10476,INV-10476,22329.59,44659.180,2023-01-15,2023-01-15,27AAAAA1476A1Z5,27AAAAA1476A1Z5
pkt-477,EXACT_MATCH,none,none,Supplier Ltd 477,Supplier Ltd 477,INV-10477,INV-10477,20829.69,20829.69,2023-10-02,2023-10-02,27AAAAA1477A1Z5,27AAAAA1477A1Z5
pkt-478,FUZZY_MATCH,minor_amount_diff,low,Supplier Ltd 478,Supplier Ltd 478,INV-10478,INV-10478,40365.08,40364.08,2023-12-01,2023-12-01,27AAAAA1478A1Z5,27AAAAA1478A1Z5
pkt-479,EXACT_MATCH,none,none,Supplier Inc 479,Supplier Inc 479,INV-10479,INV-10479,37315.64,37315.64,2023-10-03,2023-10-03,27AAAAA1479A1Z5,27AAAAA1479A1Z5
pkt-480,FUZZY_MATCH,string_distance,low,Supplier Inc 480,Suplier Inc 480,INV-10480,INV10480,17291.99,17291.99,2023-02-18,2023-02-18,27AAAAA1480A1Z5,27AAAAA1480A1Z5
pkt-481,EXACT_MATCH,none,none,Supplier LLC 481,Supplier LLC 481,INV-10481,INV-10481,49308.25,49308.25,2023-08-02,2023-08-02,27AAAAA1481A1Z5,27AAAAA1481A1Z5
pkt-482,NO_MATCH,invalid_gstin_suffix,high,Supplier Ltd 482,Supplier Ltd 482,INV-10482,INV-10482,9081.07,9081.07,2023-03-25,2023-03-25,27AAAAA1482A1Z5,27AAAAA1482A1ZX
pkt-483,EXACT_MATCH,none,none,Supplier Ltd 483,Supplier Ltd 483,INV-10483,INV-10483,49643.54,49643.54,2023-07-15,2023-07-15,27AAAAA1483A1Z5,27AAAAA1483A1Z5
pkt-484,EXACT_MATCH,none,none,Supplier Corp 484,Supplier Corp 484,INV-10484,INV-10484,4104.47,4104.47,2023-11-28,2023-11-28,27AAAAA1484A1Z5,27AAAAA1484A1Z5
pkt-485,CONTRADICTION,major_amount_diff,high,Supplier Ltd 485,Supplier Ltd 485,INV-10485,INV-10485,43028.3,86056.60,2023-02-06,2023-02-06,27AAAAA1485A1Z5,27AAAAA1485A1Z5
pkt-486,EXACT_MATCH,none,none,Supplier Inc 486,Supplier Inc 486,INV-10486,INV-10486,6454.62,6454.62,2023-04-27,2023-04-27,27AAAAA1486A1Z5,27AAAAA1486A1Z5
pkt-487,CONTRADICTION,major_amount_diff,high,Supplier Ltd 487,Supplier Ltd 487,INV-10487,INV-10487,48926.69,97853.380,2023-08-22,2023-08-22,27AAAAA1487A1Z5,27AAAAA1487A1Z5
pkt-488,NO_MATCH,invalid_gstin_suffix,high,Supplier Ltd 488,Supplier Ltd 488,INV-10488,INV-10488,19025.9,19025.9,2023-04-08,2023-04-08,27AAAAA1488A1Z5,27AAAAA1488A1ZX
pkt-489,EXACT_MATCH,none,none,Supplier Inc 489,Supplier Inc 489,INV-10489,INV-10489,7840.56,7840.56,2023-04-24,2023-04-24,27AAAAA1489A1Z5,27AAAAA1489A1Z5
pkt-490,FUZZY_MATCH,date_shift,medium,Supplier Inc 490,Supplier Inc 490,INV-10490,INV-10490,40492.96,40492.96,2023-07-20,2023-07-18,27AAAAA1490A1Z5,27AAAAA1490A1Z5
pkt-491,NO_MATCH,different_entity,high,Supplier Ltd 491,Different Supplier Inc,INV-10491,INV-10491,3457.82,3457.82,2023-10-02,2023-10-02,27AAAAA1491A1Z5,27BBBBB1234B1Z5
pkt-492,EXACT_MATCH,none,none,Supplier Inc 492,Supplier Inc 492,INV-10492,INV-10492,33633.98,33633.98,2023-01-08,2023-01-08,27AAAAA1492A1Z5,27AAAAA1492A1Z5
pkt-493,FUZZY_MATCH,ocr_artifacts,medium,Supplier Inc 493,Supplier Inc 493,INV-10493,INV-IO493,22004.24,22004.25,2023-09-07,2023-09-07,27AAAAA1493A1Z5,27AAAAA1493A1Z5
pkt-494,NO_MATCH,different_entity,high,Supplier LLC 494,Different Supplier Inc,INV-10494,INV-10494,25244.4,25244.4,2023-05-08,2023-05-08,27AAAAA1494A1Z5,27BBBBB1234B1Z5
pkt-495,FUZZY_MATCH,date_shift,medium,Supplier LLC 495,Supplier LLC 495,INV-10495,INV-10495,29936.09,29936.09,2023-11-27,2023-11-26,27AAAAA1495A1Z5,27AAAAA1495A1Z5
pkt-496,EXACT_MATCH,none,none,Supplier Corp 496,Supplier Corp 496,INV-10496,INV-10496,43825.29,43825.29,2023-11-17,2023-11-17,27AAAAA1496A1Z5,27AAAAA1496A1Z5
pkt-497,EXACT_MATCH,none,none,Supplier Corp 497,Supplier Corp 497,INV-10497,INV-10497,15095.0,15095.0,2023-01-18,2023-01-18,27AAAAA1497A1Z5,27AAAAA1497A1Z5
pkt-498,NO_MATCH,invalid_gstin_suffix,high,Supplier Inc 498,Supplier Inc 498,INV-10498,INV-10498,33969.63,33969.63,2023-09-16,2023-09-16,27AAAAA1498A1Z5,27AAAAA1498A1ZX
pkt-499,EXACT_MATCH,none,none,Supplier LLC 499,Supplier LLC 499,INV-10499,INV-10499,47085.16,47085.16,2023-11-13,2023-11-13,27AAAAA1499A1Z5,27AAAAA1499A1Z5
pkt-500,FUZZY_MATCH,ocr_artifacts,medium,Supplier Ltd 500,Supplier Ltd 500,INV-10500,INV-IO5OO,20874.6,20874.61,2023-03-10,2023-03-10,27AAAAA1500A1Z5,27AAAAA1500A1Z5
pkt-501,FUZZY_MATCH,minor_amount_diff,low,Supplier Corp 501,Supplier Corp 501,INV-10501,INV-10501,37745.36,37745.86,2023-08-08,2023-08-08,27AAAAA1501A1Z5,27AAAAA1501A1Z5
pkt-502,EXACT_MATCH,none,none,Supplier Ltd 502,Supplier Ltd 502,INV-10502,INV-10502,40308.23,40308.23,2023-01-18,2023-01-18,27AAAAA1502A1Z5,27AAAAA1502A1Z5
pkt-503,FUZZY_MATCH,minor_amount_diff,low,Supplier Corp 503,Supplier Corp 503,INV-10503,INV-10503,27908.61,27909.11,2023-03-13,2023-03-13,27AAAAA1503A1Z5,27AAAAA1503A1Z5
pkt-504,FUZZY_MATCH,string_distance,low,Supplier LLC 504,Suplier LLC 504,INV-10504,INV10504,16580.12,16580.12,2023-02-15,2023-02-15,27AAAAA1504A1Z5,27AAAAA1504A1Z5
pkt-505,EXACT_MATCH,none,none,Supplier LLC 505,Supplier LLC 505,INV-10505,INV-10505,26828.21,26828.21,2023-04-02,2023-04-02,27AAAAA1505A1Z5,27AAAAA1505A1Z5
pkt-506,FUZZY_MATCH,date_shift,medium,Supplier Inc 506,Supplier Inc 506,INV-10506,INV-10506,33716.23,33716.23,2023-10-02,2023-10-06,27AAAAA1506A1Z5,27AAAAA1506A1Z5
pkt-507,FUZZY_MATCH,date_shift,medium,Supplier Ltd 507,Supplier Ltd 507,INV-10507,INV-10507,36242.83,36242.83,2023-09-07,2023-09-07,27AAAAA1507A1Z5,27AAAAA1507A1Z5
pkt-508,EXACT_MATCH,none,none,Supplier Corp 508,Supplier Corp 508,INV-10508,INV-10508,15229.08,15229.08,2023-01-07,2023-01-07,27AAAAA1508A1Z5,27AAAAA1508A1Z5
pkt-509,EXACT_MATCH,none,none,Supplier Corp 509,Supplier Corp 509,INV-10509,INV-10509,5954.08,5954.08,2023-08-08,2023-08-08,27AAAAA1509A1Z5,27AAAAA1509A1Z5
pkt-510,EXACT_MATCH,none,none,Supplier LLC 510,Supplier LLC 510,INV-10510,INV-10510,45764.81,45764.81,2023-09-11,2023-09-11,27AAAAA1510A1Z5,27AAAAA1510A1Z5
pkt-511,FUZZY_MATCH,minor_amount_diff,low,Supplier LLC 511,Supplier LLC 511,INV-10511,INV-10511,23365.9,23366.90,2023-11-12,2023-11-12,27AAAAA1511A1Z5,27AAAAA1511A1Z5
pkt-512,EXACT_MATCH,none,none,Supplier Inc 512,Supplier Inc 512,INV-10512,INV-10512,25689.55,25689.55,2023-08-15,2023-08-15,27AAAAA1512A1Z5,27AAAAA1512A1Z5
pkt-513,NO_MATCH,invalid_gstin_suffix,high,Supplier LLC 513,Supplier LLC 513,INV-10513,INV-10513,23527.57,23527.57,2023-06-07,2023-06-07,27AAAAA1513A1Z5,27AAAAA1513A1ZX
pkt-514,EXACT_MATCH,none,none,Supplier Corp 514,Supplier Corp 514,INV-10514,INV-10514,20755.12,20755.12,2023-10-28,2023-10-28,27AAAAA1514A1Z5,27AAAAA1514A1Z5
pkt-515,FUZZY_MATCH,minor_amount_diff,low,Supplier Ltd 515,Supplier Ltd 515,INV-10515,INV-10515,7381.54,7382.04,2023-05-18,2023-05-18,27AAAAA1515A1Z5,27AAAAA1515A1Z5
pkt-516,NO_MATCH,missing_record,high,Supplier Corp 516,,INV-10516,,9889.97,,2023-04-13,,27AAAAA1516A1Z5,
pkt-517,NO_MATCH,missing_record,high,Supplier LLC 517,,INV-10517,,27577.06,,2023-11-11,,27AAAAA1517A1Z5,
pkt-518,NO_MATCH,missing_record,high,Supplier Ltd 518,,INV-10518,,48328.76,,2023-11-24,,27AAAAA1518A1Z5,
pkt-519,EXACT_MATCH,none,none,Supplier Corp 519,Supplier Corp 519,INV-10519,INV-10519,8494.86,8494.86,2023-06-06,2023-06-06,27AAAAA1519A1Z5,27AAAAA1519A1Z5
pkt-520,CONTRADICTION,major_amount_diff,high,Supplier Inc 520,Supplier Inc 520,INV-10520,INV-10520,27372.66,54745.320,2023-03-18,2023-03-18,27AAAAA1520A1Z5,27AAAAA1520A1Z5
pkt-521,EXACT_MATCH,none,none,Supplier Inc 521,Supplier Inc 521,INV-10521,INV-10521,1787.81,1787.81,2023-02-27,2023-02-27,27AAAAA1521A1Z5,27AAAAA1521A1Z5
pkt-522,EXACT_MATCH,none,none,Supplier Inc 522,Supplier Inc 522,INV-10522,INV-10522,20678.37,20678.37,2023-11-08,2023-11-08,27AAAAA1522A1Z5,27AAAAA1522A1Z5
pkt-523,NO_MATCH,invalid_gstin_suffix,high,Supplier Ltd 523,Supplier Ltd 523,INV-10523,INV-10523,7636.38,7636.38,2023-04-17,2023-04-17,27AAAAA1523A1Z5,27AAAAA1523A1ZX
pkt-524,EXACT_MATCH,none,none,Supplier Ltd 524,Supplier Ltd 524,INV-10524,INV-10524,3116.46,3116.46,2023-11-22,2023-11-22,27AAAAA1524A1Z5,27AAAAA1524A1Z5
pkt-525,EXACT_MATCH,none,none,Supplier Ltd 525,Supplier Ltd 525,INV-10525,INV-10525,24443.93,24443.93,2023-01-18,2023-01-18,27AAAAA1525A1Z5,27AAAAA1525A1Z5
pkt-526,EXACT_MATCH,none,none,Supplier LLC 526,Supplier LLC 526,INV-10526,INV-10526,934.63,934.63,2023-12-09,2023-12-09,27AAAAA1526A1Z5,27AAAAA1526A1Z5
pkt-527,FUZZY_MATCH,ocr_artifacts,medium,Supplier Ltd 527,Supplier Ltd 527,INV-10527,INV-IO527,25160.58,25160.59,2023-12-22,2023-12-22,27AAAAA1527A1Z5,27AAAAA1527A1Z5
pkt-528,FUZZY_MATCH,date_shift,medium,Supplier Corp 528,Supplier Corp 528,INV-10528,INV-10528,5440.12,5440.12,2023-02-17,2023-02-15,27AAAAA1528A1Z5,27AAAAA1528A1Z5
pkt-529,FUZZY_MATCH,minor_amount_diff,low,Supplier LLC 529,Supplier LLC 529,INV-10529,INV-10529,31027.06,31029.56,2023-05-27,2023-05-27,27AAAAA1529A1Z5,27AAAAA1529A1Z5
pkt-530,EXACT_MATCH,none,none,Supplier Corp 530,Supplier Corp 530,INV-10530,INV-10530,4043.06,4043.06,2023-07-15,2023-07-15,27AAAAA1530A1Z5,27AAAAA1530A1Z5
pkt-531,EXACT_MATCH,none,none,Supplier Inc 531,Supplier Inc 531,INV-10531,INV-10531,11370.28,11370.28,2023-11-27,2023-11-27,27AAAAA1531A1Z5,27AAAAA1531A1Z5
pkt-532,FUZZY_MATCH,string_distance,low,Supplier Inc 532,Suplier Inc 532,INV-10532,INV10532,49584.57,49584.57,2023-11-25,2023-11-25,27AAAAA1532A1Z5,27AAAAA1532A1Z5
pkt-533,EXACT_MATCH,none,none,Supplier Ltd 533,Supplier Ltd 533,INV-10533,INV-10533,20323.39,20323.39,2023-07-18,2023-07-18,27AAAAA1533A1Z5,27AAAAA1533A1Z5
pkt-534,NO_MATCH,missing_record,high,Supplier Inc 534,,INV-10534,,31873.73,,2023-12-06,,27AAAAA1534A1Z5,
pkt-535,NO_MATCH,different_entity,high,Supplier LLC 535,Different Supplier Inc,INV-10535,INV-10535,42281.96,42281.96,2023-11-26,2023-11-26,27AAAAA1535A1Z5,27BBBBB1234B1Z5
pkt-536,FUZZY_MATCH,date_shift,medium,Supplier Inc 536,Supplier Inc 536,INV-10536,INV-10536,48868.73,48868.73,2023-02-17,2023-02-15,27AAAAA1536A1Z5,27AAAAA1536A1Z5
pkt-537,FUZZY_MATCH,minor_amount_diff,low,Supplier Ltd 537,Supplier Ltd 537,INV-10537,INV-10537,45073.52,45072.52,2023-12-19,2023-12-19,27AAAAA1537A1Z5,27AAAAA1537A1Z5
pkt-538,FUZZY_MATCH,ocr_artifacts,medium,Supplier Inc 538,Supplier Inc 538,INV-10538,INV-IO538,46215.55,46215.56,2023-11-09,2023-11-09,27AAAAA1538A1Z5,27AAAAA1538A1Z5
pkt-539,NO_MATCH,different_entity,high,Supplier Corp 539,Different Supplier Inc,INV-10539,INV-10539,46445.44,46445.44,2023-06-01,2023-06-01,27AAAAA1539A1Z5,27BBBBB1234B1Z5
pkt-540,FUZZY_MATCH,string_distance,low,Supplier Ltd 540,Suplier Ltd 540,INV-10540,INV10540,7295.16,7295.16,2023-12-27,2023-12-27,27AAAAA1540A1Z5,27AAAAA1540A1Z5
pkt-541,EXACT_MATCH,none,none,Supplier Ltd 541,Supplier Ltd 541,INV-10541,INV-10541,15033.92,15033.92,2023-10-08,2023-10-08,27AAAAA1541A1Z5,27AAAAA1541A1Z5
pkt-542,EXACT_MATCH,none,none,Supplier Corp 542,Supplier Corp 542,INV-10542,INV-10542,44836.64,44836.64,2023-06-13,2023-06-13,27AAAAA1542A1Z5,27AAAAA1542A1Z5
pkt-543,EXACT_MATCH,none,none,Supplier LLC 543,Supplier LLC 543,INV-10543,INV-10543,36235.76,36235.76,2023-09-24,2023-09-24,27AAAAA1543A1Z5,27AAAAA1543A1Z5
pkt-544,NO_MATCH,invalid_gstin_suffix,high,Supplier Inc 544,Supplier Inc 544,INV-10544,INV-10544,4974.52,4974.52,2023-04-27,2023-04-27,27AAAAA1544A1Z5,27AAAAA1544A1ZX
pkt-545,NO_MATCH,invalid_gstin_suffix,high,Supplier Ltd 545,Supplier Ltd 545,INV-10545,INV-10545,30297.92,30297.92,2023-10-20,2023-10-20,27AAAAA1545A1Z5,27AAAAA1545A1ZX
pkt-546,NO_MATCH,missing_record,high,Supplier Ltd 546,,INV-10546,,1578.32,,2023-05-26,,27AAAAA1546A1Z5,
pkt-547,FUZZY_MATCH,ocr_artifacts,medium,Supplier Ltd 547,Supplier Ltd 547,INV-10547,INV-IO547,11484.11,11484.12,2023-09-13,2023-09-13,27AAAAA1547A1Z5,27AAAAA1547A1Z5
pkt-548,NO_MATCH,different_entity,high,Supplier Inc 548,Different Supplier Inc,INV-10548,INV-10548,34016.77,34016.77,2023-11-13,2023-11-13,27AAAAA1548A1Z5,27BBBBB1234B1Z5
pkt-549,FUZZY_MATCH,string_distance,low,Supplier Inc 549,Suplier Inc 549,INV-10549,INV10549,14839.44,14839.44,2023-04-23,2023-04-23,27AAAAA1549A1Z5,27AAAAA1549A1Z5
pkt-550,EXACT_MATCH,none,none,Supplier Corp 550,Supplier Corp 550,INV-10550,INV-10550,13471.8,13471.8,2023-07-23,2023-07-23,27AAAAA1550A1Z5,27AAAAA1550A1Z5
pkt-551,EXACT_MATCH,none,none,Supplier Inc 551,Supplier Inc 551,INV-10551,INV-10551,19542.14,19542.14,2023-06-04,2023-06-04,27AAAAA1551A1Z5,27AAAAA1551A1Z5
pkt-552,FUZZY_MATCH,string_distance,low,Supplier LLC 552,Suplier LLC 552,INV-10552,INV10552,47153.72,47153.72,2023-08-12,2023-08-12,27AAAAA1552A1Z5,27AAAAA1552A1Z5
pkt-553,CONTRADICTION,major_amount_diff,high,Supplier Ltd 553,Supplier Ltd 553,INV-10553,INV-10553,6712.1,13424.20,2023-03-14,2023-03-14,27AAAAA1553A1Z5,27AAAAA1553A1Z5
pkt-554,FUZZY_MATCH,string_distance,low,Supplier Inc 554,Suplier Inc 554,INV-10554,INV10554,27781.53,27781.53,2023-07-04,2023-07-04,27AAAAA1554A1Z5,27AAAAA1554A1Z5
pkt-555,EXACT_MATCH,none,none,Supplier LLC 555,Supplier LLC 555,INV-10555,INV-10555,17760.32,17760.32,2023-02-20,2023-02-20,27AAAAA1555A1Z5,27AAAAA1555A1Z5
pkt-556,EXACT_MATCH,none,none,Supplier Inc 556,Supplier Inc 556,INV-10556,INV-10556,715.8,715.8,2023-07-13,2023-07-13,27AAAAA1556A1Z5,27AAAAA1556A1Z5
pkt-557,EXACT_MATCH,none,none,Supplier Corp 557,Supplier Corp 557,INV-10557,INV-10557,45066.69,45066.69,2023-04-19,2023-04-19,27AAAAA1557A1Z5,27AAAAA1557A1Z5
pkt-558,FUZZY_MATCH,minor_amount_diff,low,Supplier LLC 558,Supplier LLC 558,INV-10558,INV-10558,19098.53,19101.03,2023-03-09,2023-03-09,27AAAAA1558A1Z5,27AAAAA1558A1Z5
pkt-559,EXACT_MATCH,none,none,Supplier LLC 559,Supplier LLC 559,INV-10559,INV-10559,7382.15,7382.15,2023-03-14,2023-03-14,27AAAAA1559A1Z5,27AAAAA1559A1Z5
pkt-560,FUZZY_MATCH,date_shift,medium,Supplier LLC 560,Supplier LLC 560,INV-10560,INV-10560,15057.64,15057.64,2023-02-12,2023-02-17,27AAAAA1560A1Z5,27AAAAA1560A1Z5
pkt-561,FUZZY_MATCH,string_distance,low,Supplier Ltd 561,Suplier Ltd 561,INV-10561,INV10561,24840.54,24840.54,2023-10-07,2023-10-07,27AAAAA1561A1Z5,27AAAAA1561A1Z5
pkt-562,NO_MATCH,different_entity,high,Supplier LLC 562,Different Supplier Inc,INV-10562,INV-10562,6860.93,6860.93,2023-01-13,2023-01-13,27AAAAA1562A1Z5,27BBBBB1234B1Z5
pkt-563,EXACT_MATCH,none,none,Supplier LLC 563,Supplier LLC 563,INV-10563,INV-10563,19056.51,19056.51,2023-06-15,2023-06-15,27AAAAA1563A1Z5,27AAAAA1563A1Z5
pkt-564,FUZZY_MATCH,minor_amount_diff,low,Supplier Corp 564,Supplier Corp 564,INV-10564,INV-10564,40792.23,40793.23,2023-11-20,2023-11-20,27AAAAA1564A1Z5,27AAAAA1564A1Z5
pkt-565,NO_MATCH,invalid_gstin_suffix,high,Supplier Ltd 565,Supplier Ltd 565,INV-10565,INV-10565,30200.24,30200.24,2023-12-07,2023-12-07,27AAAAA1565A1Z5,27AAAAA1565A1ZX
pkt-566,EXACT_MATCH,none,none,Supplier LLC 566,Supplier LLC 566,INV-10566,INV-10566,8964.1,8964.1,2023-07-11,2023-07-11,27AAAAA1566A1Z5,27AAAAA1566A1Z5
pkt-567,NO_MATCH,invalid_gstin_suffix,high,Supplier Corp 567,Supplier Corp 567,INV-10567,INV-10567,34778.39,34778.39,2023-08-19,2023-08-19,27AAAAA1567A1Z5,27AAAAA1567A1ZX
pkt-568,NO_MATCH,different_entity,high,Supplier Inc 568,Different Supplier Inc,INV-10568,INV-10568,18865.16,18865.16,2023-07-12,2023-07-12,27AAAAA1568A1Z5,27BBBBB1234B1Z5
pkt-569,EXACT_MATCH,none,none,Supplier Inc 569,Supplier Inc 569,INV-10569,INV-10569,10070.02,10070.02,2023-09-06,2023-09-06,27AAAAA1569A1Z5,27AAAAA1569A1Z5
pkt-570,FUZZY_MATCH,minor_amount_diff,low,Supplier Ltd 570,Supplier Ltd 570,INV-10570,INV-10570,23134.95,23133.95,2023-12-07,2023-12-07,27AAAAA1570A1Z5,27AAAAA1570A1Z5
pkt-571,FUZZY_MATCH,ocr_artifacts,medium,Supplier Ltd 571,Supplier Ltd 571,INV-10571,INV-IO57I,40966.38,40966.39,2023-07-22,2023-07-22,27AAAAA1571A1Z5,27AAAAA1571A1Z5
pkt-572,EXACT_MATCH,none,none,Supplier Corp 572,Supplier Corp 572,INV-10572,INV-10572,31703.47,31703.47,2023-04-09,2023-04-09,27AAAAA1572A1Z5,27AAAAA1572A1Z5
pkt-573,NO_MATCH,different_entity,high,Supplier Ltd 573,Different Supplier Inc,INV-10573,INV-10573,21214.08,21214.08,2023-07-03,2023-07-03,27AAAAA1573A1Z5,27BBBBB1234B1Z5
pkt-574,CONTRADICTION,major_amount_diff,high,Supplier Ltd 574,Supplier Ltd 574,INV-10574,INV-10574,24013.81,48027.620,2023-07-18,2023-07-18,27AAAAA1574A1Z5,27AAAAA1574A1Z5
pkt-575,FUZZY_MATCH,string_distance,low,Supplier Inc 575,Suplier Inc 575,INV-10575,INV10575,1934.58,1934.58,2023-06-23,2023-06-23,27AAAAA1575A1Z5,27AAAAA1575A1Z5
pkt-576,FUZZY_MATCH,ocr_artifacts,medium,Supplier LLC 576,Supplier LLC 576,INV-10576,INV-IO576,38470.81,38470.82,2023-11-22,2023-11-22,27AAAAA1576A1Z5,27AAAAA1576A1Z5
pkt-577,NO_MATCH,invalid_gstin_suffix,high,Supplier Ltd 577,Supplier Ltd 577,INV-10577,INV-10577,32385.29,32385.29,2023-01-19,2023-01-19,27AAAAA1577A1Z5,27AAAAA1577A1ZX
pkt-578,FUZZY_MATCH,string_distance,low,Supplier Inc 578,Suplier Inc 578,INV-10578,INV10578,48289.27,48289.27,2023-07-04,2023-07-04,27AAAAA1578A1Z5,27AAAAA1578A1Z5
pkt-579,NO_MATCH,missing_record,high,Supplier Corp 579,,INV-10579,,13011.04,,2023-09-24,,27AAAAA1579A1Z5,
pkt-580,NO_MATCH,invalid_gstin_suffix,high,Supplier Corp 580,Supplier Corp 580,INV-10580,INV-10580,18768.57,18768.57,2023-08-25,2023-08-25,27AAAAA1580A1Z5,27AAAAA1580A1ZX
pkt-581,EXACT_MATCH,none,none,Supplier LLC 581,Supplier LLC 581,INV-10581,INV-10581,49885.37,49885.37,2023-08-04,2023-08-04,27AAAAA1581A1Z5,27AAAAA1581A1Z5
pkt-582,NO_MATCH,invalid_gstin_suffix,high,Supplier Corp 582,Supplier Corp 582,INV-10582,INV-10582,46035.32,46035.32,2023-02-04,2023-02-04,27AAAAA1582A1Z5,27AAAAA1582A1ZX
pkt-583,CONTRADICTION,major_amount_diff,high,Supplier Corp 583,Supplier Corp 583,INV-10583,INV-10583,15663.33,31326.660,2023-08-26,2023-08-26,27AAAAA1583A1Z5,27AAAAA1583A1Z5
pkt-584,EXACT_MATCH,none,none,Supplier Ltd 584,Supplier Ltd 584,INV-10584,INV-10584,24198.01,24198.01,2023-08-04,2023-08-04,27AAAAA1584A1Z5,27AAAAA1584A1Z5
pkt-585,EXACT_MATCH,none,none,Supplier LLC 585,Supplier LLC 585,INV-10585,INV-10585,34868.49,34868.49,2023-06-03,2023-06-03,27AAAAA1585A1Z5,27AAAAA1585A1Z5
pkt-586,EXACT_MATCH,none,none,Supplier LLC 586,Supplier LLC 586,INV-10586,INV-10586,40528.28,40528.28,2023-02-01,2023-02-01,27AAAAA1586A1Z5,27AAAAA1586A1Z5
pkt-587,CONTRADICTION,major_amount_diff,high,Supplier Corp 587,Supplier Corp 587,INV-10587,INV-10587,5557.2,11114.40,2023-03-24,2023-03-24,27AAAAA1587A1Z5,27AAAAA1587A1Z5
pkt-588,NO_MATCH,missing_record,high,Supplier Ltd 588,,INV-10588,,8805.22,,2023-03-11,,27AAAAA1588A1Z5,
pkt-589,FUZZY_MATCH,ocr_artifacts,medium,Supplier Corp 589,Supplier Corp 589,INV-10589,INV-IO589,11669.59,11669.60,2023-07-21,2023-07-21,27AAAAA1589A1Z5,27AAAAA1589A1Z5
pkt-590,EXACT_MATCH,none,none,Supplier Inc 590,Supplier Inc 590,INV-10590,INV-10590,32059.9,32059.9,2023-07-13,2023-07-13,27AAAAA1590A1Z5,27AAAAA1590A1Z5
pkt-591,EXACT_MATCH,none,none,Supplier Ltd 591,Supplier Ltd 591,INV-10591,INV-10591,30743.94,30743.94,2023-04-15,2023-04-15,27AAAAA1591A1Z5,27AAAAA1591A1Z5
pkt-592,EXACT_MATCH,none,none,Supplier LLC 592,Supplier LLC 592,INV-10592,INV-10592,322.06,322.06,2023-04-07,2023-04-07,27AAAAA1592A1Z5,27AAAAA1592A1Z5
pkt-593,CONTRADICTION,major_amount_diff,high,Supplier Inc 593,Supplier Inc 593,INV-10593,INV-10593,40455.62,80911.240,2023-02-19,2023-02-19,27AAAAA1593A1Z5,27AAAAA1593A1Z5
pkt-594,FUZZY_MATCH,string_distance,low,Supplier Ltd 594,Suplier Ltd 594,INV-10594,INV10594,9429.3,9429.3,2023-06-07,2023-06-07,27AAAAA1594A1Z5,27AAAAA1594A1Z5
pkt-595,NO_MATCH,different_entity,high,Supplier LLC 595,Different Supplier Inc,INV-10595,INV-10595,13191.43,13191.43,2023-08-17,2023-08-17,27AAAAA1595A1Z5,27BBBBB1234B1Z5
pkt-596,NO_MATCH,invalid_gstin_suffix,high,Supplier Inc 596,Supplier Inc 596,INV-10596,INV-10596,19493.1,19493.1,2023-07-19,2023-07-19,27AAAAA1596A1Z5,27AAAAA1596A1ZX
pkt-597,EXACT_MATCH,none,none,Supplier Corp 597,Supplier Corp 597,INV-10597,INV-10597,17664.05,17664.05,2023-08-20,2023-08-20,27AAAAA1597A1Z5,27AAAAA1597A1Z5
pkt-598,EXACT_MATCH,none,none,Supplier Inc 598,Supplier Inc 598,INV-10598,INV-10598,35328.82,35328.82,2023-05-20,2023-05-20,27AAAAA1598A1Z5,27AAAAA1598A1Z5
pkt-599,FUZZY_MATCH,string_distance,low,Supplier LLC 599,Suplier LLC 599,INV-10599,INV10599,6783.99,6783.99,2023-02-08,2023-02-08,27AAAAA1599A1Z5,27AAAAA1599A1Z5
pkt-600,EXACT_MATCH,none,none,Supplier Ltd 600,Supplier Ltd 600,INV-10600,INV-10600,9233.92,9233.92,2023-12-05,2023-12-05,27AAAAA1600A1Z5,27AAAAA1600A1Z5
pkt-601,FUZZY_MATCH,ocr_artifacts,medium,Supplier Ltd 601,Supplier Ltd 601,INV-10601,INV-IO6OI,29861.65,29861.66,2023-10-13,2023-10-13,27AAAAA1601A1Z5,27AAAAA1601A1Z5
pkt-602,CONTRADICTION,major_amount_diff,high,Supplier Corp 602,Supplier Corp 602,INV-10602,INV-10602,24384.84,48769.680,2023-09-23,2023-09-23,27AAAAA1602A1Z5,27AAAAA1602A1Z5
pkt-603,NO_MATCH,invalid_gstin_suffix,high,Supplier Corp 603,Supplier Corp 603,INV-10603,INV-10603,8426.59,8426.59,2023-05-05,2023-05-05,27AAAAA1603A1Z5,27AAAAA1603A1ZX
pkt-604,EXACT_MATCH,none,none,Supplier LLC 604,Supplier LLC 604,INV-10604,INV-10604,42115.06,42115.06,2023-10-02,2023-10-02,27AAAAA1604A1Z5,27AAAAA1604A1Z5
pkt-605,CONTRADICTION,major_amount_diff,high,Supplier Ltd 605,Supplier Ltd 605,INV-10605,INV-10605,24281.99,48563.980,2023-04-27,2023-04-27,27AAAAA1605A1Z5,27AAAAA1605A1Z5
pkt-606,EXACT_MATCH,none,none,Supplier Ltd 606,Supplier Ltd 606,INV-10606,INV-10606,25321.36,25321.36,2023-08-14,2023-08-14,27AAAAA1606A1Z5,27AAAAA1606A1Z5
pkt-607,FUZZY_MATCH,string_distance,low,Supplier Corp 607,Suplier Corp 607,INV-10607,INV10607,35536.1,35536.1,2023-08-16,2023-08-16,27AAAAA1607A1Z5,27AAAAA1607A1Z5
pkt-608,FUZZY_MATCH,minor_amount_diff,low,Supplier Inc 608,Supplier Inc 608,INV-10608,INV-10608,28313.35,28313.85,2023-04-10,2023-04-10,27AAAAA1608A1Z5,27AAAAA1608A1Z5
pkt-609,NO_MATCH,different_entity,high,Supplier Ltd 609,Different Supplier Inc,INV-10609,INV-10609,26926.67,26926.67,2023-03-25,2023-03-25,27AAAAA1609A1Z5,27BBBBB1234B1Z5
pkt-610,NO_MATCH,different_entity,high,Supplier Inc 610,Different Supplier Inc,INV-10610,INV-10610,37151.66,37151.66,2023-08-18,2023-08-18,27AAAAA1610A1Z5,27BBBBB1234B1Z5
pkt-611,CONTRADICTION,major_amount_diff,high,Supplier LLC 611,Supplier LLC 611,INV-10611,INV-10611,5798.91,11597.820,2023-09-27,2023-09-27,27AAAAA1611A1Z5,27AAAAA1611A1Z5
pkt-612,CONTRADICTION,major_amount_diff,high,Supplier Ltd 612,Supplier Ltd 612,INV-10612,INV-10612,41148.29,82296.580,2023-01-25,2023-01-25,27AAAAA1612A1Z5,27AAAAA1612A1Z5
pkt-613,FUZZY_MATCH,minor_amount_diff,low,Supplier Corp 613,Supplier Corp 613,INV-10613,INV-10613,11005.24,11004.24,2023-07-04,2023-07-04,27AAAAA1613A1Z5,27AAAAA1613A1Z5
pkt-614,NO_MATCH,missing_record,high,Supplier Inc 614,,INV-10614,,22541.64,,2023-06-28,,27AAAAA1614A1Z5,
pkt-615,FUZZY_MATCH,date_shift,medium,Supplier Corp 615,Supplier Corp 615,INV-10615,INV-10615,43277.99,43277.99,2023-02-25,2023-03-01,27AAAAA1615A1Z5,27AAAAA1615A1Z5
pkt-616,FUZZY_MATCH,ocr_artifacts,medium,Supplier Ltd 616,Supplier Ltd 616,INV-10616,INV-IO6I6,34487.77,34487.78,2023-12-20,2023-12-20,27AAAAA1616A1Z5,27AAAAA1616A1Z5
pkt-617,EXACT_MATCH,none,none,Supplier Corp 617,Supplier Corp 617,INV-10617,INV-10617,30845.94,30845.94,2023-04-27,2023-04-27,27AAAAA1617A1Z5,27AAAAA1617A1Z5
pkt-618,NO_MATCH,invalid_gstin_suffix,high,Supplier Corp 618,Supplier Corp 618,INV-10618,INV-10618,28546.71,28546.71,2023-09-09,2023-09-09,27AAAAA1618A1Z5,27AAAAA1618A1ZX
pkt-619,CONTRADICTION,major_amount_diff,high,Supplier LLC 619,Supplier LLC 619,INV-10619,INV-10619,48952.11,97904.220,2023-05-10,2023-05-10,27AAAAA1619A1Z5,27AAAAA1619A1Z5
pkt-620,FUZZY_MATCH,ocr_artifacts,medium,Supplier Inc 620,Supplier Inc 620,INV-10620,INV-IO62O,49275.87,49275.88,2023-11-27,2023-11-27,27AAAAA1620A1Z5,27AAAAA1620A1Z5
pkt-621,EXACT_MATCH,none,none,Supplier LLC 621,Supplier LLC 621,INV-10621,INV-10621,48142.32,48142.32,2023-07-02,2023-07-02,27AAAAA1621A1Z5,27AAAAA1621A1Z5
pkt-622,EXACT_MATCH,none,none,Supplier Corp 622,Supplier Corp 622,INV-10622,INV-10622,6431.72,6431.72,2023-03-08,2023-03-08,27AAAAA1622A1Z5,27AAAAA1622A1Z5
pkt-623,NO_MATCH,missing_record,high,Supplier Ltd 623,,INV-10623,,16172.63,,2023-04-25,,27AAAAA1623A1Z5,
pkt-624,EXACT_MATCH,none,none,Supplier Ltd 624,Supplier Ltd 624,INV-10624,INV-10624,7194.36,7194.36,2023-11-09,2023-11-09,27AAAAA1624A1Z5,27AAAAA1624A1Z5
pkt-625,EXACT_MATCH,none,none,Supplier Inc 625,Supplier Inc 625,INV-10625,INV-10625,22654.39,22654.39,2023-11-26,2023-11-26,27AAAAA1625A1Z5,27AAAAA1625A1Z5
pkt-626,NO_MATCH,missing_record,high,Supplier LLC 626,,INV-10626,,25829.11,,2023-05-23,,27AAAAA1626A1Z5,
pkt-627,EXACT_MATCH,none,none,Supplier Inc 627,Supplier Inc 627,INV-10627,INV-10627,47517.68,47517.68,2023-06-19,2023-06-19,27AAAAA1627A1Z5,27AAAAA1627A1Z5
pkt-628,FUZZY_MATCH,string_distance,low,Supplier LLC 628,Suplier LLC 628,INV-10628,INV10628,4747.77,4747.77,2023-08-21,2023-08-21,27AAAAA1628A1Z5,27AAAAA1628A1Z5
pkt-629,FUZZY_MATCH,date_shift,medium,Supplier Ltd 629,Supplier Ltd 629,INV-10629,INV-10629,39804.33,39804.33,2023-07-07,2023-07-09,27AAAAA1629A1Z5,27AAAAA1629A1Z5
pkt-630,NO_MATCH,different_entity,high,Supplier Corp 630,Different Supplier Inc,INV-10630,INV-10630,13499.99,13499.99,2023-05-11,2023-05-11,27AAAAA1630A1Z5,27BBBBB1234B1Z5
pkt-631,EXACT_MATCH,none,none,Supplier Inc 631,Supplier Inc 631,INV-10631,INV-10631,42635.89,42635.89,2023-06-22,2023-06-22,27AAAAA1631A1Z5,27AAAAA1631A1Z5
pkt-632,FUZZY_MATCH,ocr_artifacts,medium,Supplier Inc 632,Supplier Inc 632,INV-10632,INV-IO632,5068.78,5068.79,2023-08-01,2023-08-01,27AAAAA1632A1Z5,27AAAAA1632A1Z5
pkt-633,EXACT_MATCH,none,none,Supplier Corp 633,Supplier Corp 633,INV-10633,INV-10633,22120.17,22120.17,2023-01-14,2023-01-14,27AAAAA1633A1Z5,27AAAAA1633A1Z5
pkt-634,FUZZY_MATCH,minor_amount_diff,low,Supplier Corp 634,Supplier Corp 634,INV-10634,INV-10634,45479.42,45478.42,2023-11-10,2023-11-10,27AAAAA1634A1Z5,27AAAAA1634A1Z5
pkt-635,EXACT_MATCH,none,none,Supplier LLC 635,Supplier LLC 635,INV-10635,INV-10635,32763.94,32763.94,2023-05-03,2023-05-03,27AAAAA1635A1Z5,27AAAAA1635A1Z5
pkt-636,EXACT_MATCH,none,none,Supplier Ltd 636,Supplier Ltd 636,INV-10636,INV-10636,45199.63,45199.63,2023-03-02,2023-03-02,27AAAAA1636A1Z5,27AAAAA1636A1Z5
pkt-637,EXACT_MATCH,none,none,Supplier Corp 637,Supplier Corp 637,INV-10637,INV-10637,15344.91,15344.91,2023-12-25,2023-12-25,27AAAAA1637A1Z5,27AAAAA1637A1Z5
pkt-638,FUZZY_MATCH,date_shift,medium,Supplier Inc 638,Supplier Inc 638,INV-10638,INV-10638,32808.71,32808.71,2023-12-04,2023-12-06,27AAAAA1638A1Z5,27AAAAA1638A1Z5
pkt-639,EXACT_MATCH,none,none,Supplier Ltd 639,Supplier Ltd 639,INV-10639,INV-10639,3989.14,3989.14,2023-10-08,2023-10-08,27AAAAA1639A1Z5,27AAAAA1639A1Z5
pkt-640,EXACT_MATCH,none,none,Supplier Inc 640,Supplier Inc 640,INV-10640,INV-10640,502.32,502.32,2023-06-27,2023-06-27,27AAAAA1640A1Z5,27AAAAA1640A1Z5
pkt-641,EXACT_MATCH,none,none,Supplier Corp 641,Supplier Corp 641,INV-10641,INV-10641,34732.15,34732.15,2023-08-03,2023-08-03,27AAAAA1641A1Z5,27AAAAA1641A1Z5
pkt-642,NO_MATCH,invalid_gstin_suffix,high,Supplier LLC 642,Supplier LLC 642,INV-10642,INV-10642,4557.62,4557.62,2023-02-04,2023-02-04,27AAAAA1642A1Z5,27AAAAA1642A1ZX
pkt-643,EXACT_MATCH,none,none,Supplier Corp 643,Supplier Corp 643,INV-10643,INV-10643,44061.35,44061.35,2023-03-13,2023-03-13,27AAAAA1643A1Z5,27AAAAA1643A1Z5
pkt-644,NO_MATCH,different_entity,high,Supplier Inc 644,Different Supplier Inc,INV-10644,INV-10644,49647.71,49647.71,2023-03-03,2023-03-03,27AAAAA1644A1Z5,27BBBBB1234B1Z5
pkt-645,EXACT_MATCH,none,none,Supplier Corp 645,Supplier Corp 645,INV-10645,INV-10645,32536.01,32536.01,2023-08-12,2023-08-12,27AAAAA1645A1Z5,27AAAAA1645A1Z5
pkt-646,FUZZY_MATCH,date_shift,medium,Supplier Ltd 646,Supplier Ltd 646,INV-10646,INV-10646,37438.61,37438.61,2023-07-20,2023-07-16,27AAAAA1646A1Z5,27AAAAA1646A1Z5
pkt-647,NO_MATCH,different_entity,high,Supplier Inc 647,Different Supplier Inc,INV-10647,INV-10647,44839.99,44839.99,2023-03-25,2023-03-25,27AAAAA1647A1Z5,27BBBBB1234B1Z5
pkt-648,FUZZY_MATCH,ocr_artifacts,medium,Supplier LLC 648,Supplier LLC 648,INV-10648,INV-IO648,36527.46,36527.47,2023-06-14,2023-06-14,27AAAAA1648A1Z5,27AAAAA1648A1Z5
pkt-649,CONTRADICTION,major_amount_diff,high,Supplier Corp 649,Supplier Corp 649,INV-10649,INV-10649,12464.54,24929.080,2023-11-03,2023-11-03,27AAAAA1649A1Z5,27AAAAA1649A1Z5
pkt-650,EXACT_MATCH,none,none,Supplier LLC 650,Supplier LLC 650,INV-10650,INV-10650,30089.85,30089.85,2023-12-20,2023-12-20,27AAAAA1650A1Z5,27AAAAA1650A1Z5
pkt-651,CONTRADICTION,major_amount_diff,high,Supplier Corp 651,Supplier Corp 651,INV-10651,INV-10651,1438.54,2877.080,2023-11-10,2023-11-10,27AAAAA1651A1Z5,27AAAAA1651A1Z5
pkt-652,FUZZY_MATCH,minor_amount_diff,low,Supplier Ltd 652,Supplier Ltd 652,INV-10652,INV-10652,30385.65,30384.65,2023-04-24,2023-04-24,27AAAAA1652A1Z5,27AAAAA1652A1Z5
pkt-653,FUZZY_MATCH,string_distance,low,Supplier Ltd 653,Suplier Ltd 653,INV-10653,INV10653,39211.7,39211.7,2023-04-16,2023-04-16,27AAAAA1653A1Z5,27AAAAA1653A1Z5
pkt-654,CONTRADICTION,major_amount_diff,high,Supplier Inc 654,Supplier Inc 654,INV-10654,INV-10654,12129.98,24259.960,2023-11-20,2023-11-20,27AAAAA1654A1Z5,27AAAAA1654A1Z5
pkt-655,FUZZY_MATCH,ocr_artifacts,medium,Supplier LLC 655,Supplier LLC 655,INV-10655,INV-IO655,44447.35,44447.36,2023-01-12,2023-01-12,27AAAAA1655A1Z5,27AAAAA1655A1Z5
pkt-656,CONTRADICTION,major_amount_diff,high,Supplier LLC 656,Supplier LLC 656,INV-10656,INV-10656,19403.23,38806.460,2023-10-14,2023-10-14,27AAAAA1656A1Z5,27AAAAA1656A1Z5
pkt-657,EXACT_MATCH,none,none,Supplier Inc 657,Supplier Inc 657,INV-10657,INV-10657,34178.81,34178.81,2023-08-25,2023-08-25,27AAAAA1657A1Z5,27AAAAA1657A1Z5
pkt-658,EXACT_MATCH,none,none,Supplier Corp 658,Supplier Corp 658,INV-10658,INV-10658,29409.44,29409.44,2023-01-09,2023-01-09,27AAAAA1658A1Z5,27AAAAA1658A1Z5
pkt-659,EXACT_MATCH,none,none,Supplier LLC 659,Supplier LLC 659,INV-10659,INV-10659,46136.71,46136.71,2023-07-17,2023-07-17,27AAAAA1659A1Z5,27AAAAA1659A1Z5
pkt-660,FUZZY_MATCH,string_distance,low,Supplier Ltd 660,Suplier Ltd 660,INV-10660,INV10660,35660.19,35660.19,2023-07-14,2023-07-14,27AAAAA1660A1Z5,27AAAAA1660A1Z5
pkt-661,FUZZY_MATCH,minor_amount_diff,low,Supplier Corp 661,Supplier Corp 661,INV-10661,INV-10661,32062.81,32061.81,2023-09-20,2023-09-20,27AAAAA1661A1Z5,27AAAAA1661A1Z5
pkt-662,CONTRADICTION,major_amount_diff,high,Supplier Corp 662,Supplier Corp 662,INV-10662,INV-10662,15564.35,31128.700,2023-09-07,2023-09-07,27AAAAA1662A1Z5,27AAAAA1662A1Z5
pkt-663,FUZZY_MATCH,minor_amount_diff,low,Supplier Inc 663,Supplier Inc 663,INV-10663,INV-10663,16404.84,16407.34,2023-10-21,2023-10-21,27AAAAA1663A1Z5,27AAAAA1663A1Z5
pkt-664,FUZZY_MATCH,string_distance,low,Supplier Corp 664,Suplier Corp 664,INV-10664,INV10664,36524.92,36524.92,2023-04-02,2023-04-02,27AAAAA1664A1Z5,27AAAAA1664A1Z5
pkt-665,FUZZY_MATCH,minor_amount_diff,low,Supplier Inc 665,Supplier Inc 665,INV-10665,INV-10665,46238.92,46239.42,2023-02-15,2023-02-15,27AAAAA1665A1Z5,27AAAAA1665A1Z5
pkt-666,FUZZY_MATCH,ocr_artifacts,medium,Supplier Inc 666,Supplier Inc 666,INV-10666,INV-IO666,6060.21,6060.22,2023-12-05,2023-12-05,27AAAAA1666A1Z5,27AAAAA1666A1Z5
pkt-667,FUZZY_MATCH,ocr_artifacts,medium,Supplier LLC 667,Supplier LLC 667,INV-10667,INV-IO667,24871.01,24871.02,2023-06-17,2023-06-17,27AAAAA1667A1Z5,27AAAAA1667A1Z5
pkt-668,EXACT_MATCH,none,none,Supplier LLC 668,Supplier LLC 668,INV-10668,INV-10668,18656.28,18656.28,2023-12-25,2023-12-25,27AAAAA1668A1Z5,27AAAAA1668A1Z5
pkt-669,FUZZY_MATCH,minor_amount_diff,low,Supplier Ltd 669,Supplier Ltd 669,INV-10669,INV-10669,44332.1,44331.10,2023-01-11,2023-01-11,27AAAAA1669A1Z5,27AAAAA1669A1Z5
pkt-670,NO_MATCH,missing_record,high,Supplier Inc 670,,INV-10670,,13221.19,,2023-10-21,,27AAAAA1670A1Z5,
pkt-671,NO_MATCH,different_entity,high,Supplier Ltd 671,Different Supplier Inc,INV-10671,INV-10671,22814.37,22814.37,2023-06-02,2023-06-02,27AAAAA1671A1Z5,27BBBBB1234B1Z5
pkt-672,NO_MATCH,different_entity,high,Supplier Inc 672,Different Supplier Inc,INV-10672,INV-10672,8427.38,8427.38,2023-03-09,2023-03-09,27AAAAA1672A1Z5,27BBBBB1234B1Z5
pkt-673,EXACT_MATCH,none,none,Supplier Inc 673,Supplier Inc 673,INV-10673,INV-10673,33738.61,33738.61,2023-02-08,2023-02-08,27AAAAA1673A1Z5,27AAAAA1673A1Z5
pkt-674,NO_MATCH,missing_record,high,Supplier Inc 674,,INV-10674,,42948.58,,2023-01-08,,27AAAAA1674A1Z5,
pkt-675,CONTRADICTION,major_amount_diff,high,Supplier Inc 675,Supplier Inc 675,INV-10675,INV-10675,18262.43,36524.860,2023-03-06,2023-03-06,27AAAAA1675A1Z5,27AAAAA1675A1Z5
pkt-676,FUZZY_MATCH,date_shift,medium,Supplier Ltd 676,Supplier Ltd 676,INV-10676,INV-10676,40175.46,40175.46,2023-12-24,2023-12-24,27AAAAA1676A1Z5,27AAAAA1676A1Z5
pkt-677,FUZZY_MATCH,string_distance,low,Supplier LLC 677,Suplier LLC 677,INV-10677,INV10677,12488.33,12488.33,2023-12-11,2023-12-11,27AAAAA1677A1Z5,27AAAAA1677A1Z5
pkt-678,FUZZY_MATCH,ocr_artifacts,medium,Supplier Inc 678,Supplier Inc 678,INV-10678,INV-IO678,28619.64,28619.65,2023-02-17,2023-02-17,27AAAAA1678A1Z5,27AAAAA1678A1Z5
pkt-679,FUZZY_MATCH,string_distance,low,Supplier Ltd 679,Suplier Ltd 679,INV-10679,INV10679,11236.93,11236.93,2023-09-02,2023-09-02,27AAAAA1679A1Z5,27AAAAA1679A1Z5
pkt-680,NO_MATCH,invalid_gstin_suffix,high,Supplier LLC 680,Supplier LLC 680,INV-10680,INV-10680,43861.86,43861.86,2023-05-25,2023-05-25,27AAAAA1680A1Z5,27AAAAA1680A1ZX
pkt-681,FUZZY_MATCH,date_shift,medium,Supplier LLC 681,Supplier LLC 681,INV-10681,INV-10681,4410.64,4410.64,2023-08-01,2023-07-31,27AAAAA1681A1Z5,27AAAAA1681A1Z5
pkt-682,NO_MATCH,missing_record,high,Supplier Corp 682,,INV-10682,,28233.96,,2023-05-24,,27AAAAA1682A1Z5,
pkt-683,EXACT_MATCH,none,none,Supplier Corp 683,Supplier Corp 683,INV-10683,INV-10683,18476.85,18476.85,2023-08-25,2023-08-25,27AAAAA1683A1Z5,27AAAAA1683A1Z5
pkt-684,EXACT_MATCH,none,none,Supplier Inc 684,Supplier Inc 684,INV-10684,INV-10684,45032.12,45032.12,2023-04-05,2023-04-05,27AAAAA1684A1Z5,27AAAAA1684A1Z5
pkt-685,NO_MATCH,invalid_gstin_suffix,high,Supplier Inc 685,Supplier Inc 685,INV-10685,INV-10685,1293.12,1293.12,2023-09-12,2023-09-12,27AAAAA1685A1Z5,27AAAAA1685A1ZX
pkt-686,FUZZY_MATCH,string_distance,low,Supplier LLC 686,Suplier LLC 686,INV-10686,INV10686,172.96,172.96,2023-11-13,2023-11-13,27AAAAA1686A1Z5,27AAAAA1686A1Z5
pkt-687,EXACT_MATCH,none,none,Supplier Ltd 687,Supplier Ltd 687,INV-10687,INV-10687,10339.2,10339.2,2023-04-14,2023-04-14,27AAAAA1687A1Z5,27AAAAA1687A1Z5
pkt-688,FUZZY_MATCH,string_distance,low,Supplier LLC 688,Suplier LLC 688,INV-10688,INV10688,48630.71,48630.71,2023-03-23,2023-03-23,27AAAAA1688A1Z5,27AAAAA1688A1Z5
pkt-689,EXACT_MATCH,none,none,Supplier Ltd 689,Supplier Ltd 689,INV-10689,INV-10689,2290.62,2290.62,2023-04-28,2023-04-28,27AAAAA1689A1Z5,27AAAAA1689A1Z5
pkt-690,NO_MATCH,different_entity,high,Supplier Inc 690,Different Supplier Inc,INV-10690,INV-10690,44789.34,44789.34,2023-08-24,2023-08-24,27AAAAA1690A1Z5,27BBBBB1234B1Z5
pkt-691,FUZZY_MATCH,string_distance,low,Supplier Ltd 691,Suplier Ltd 691,INV-10691,INV10691,4869.29,4869.29,2023-03-21,2023-03-21,27AAAAA1691A1Z5,27AAAAA1691A1Z5
pkt-692,FUZZY_MATCH,date_shift,medium,Supplier Corp 692,Supplier Corp 692,INV-10692,INV-10692,29635.6,29635.6,2023-01-14,2023-01-13,27AAAAA1692A1Z5,27AAAAA1692A1Z5
pkt-693,EXACT_MATCH,none,none,Supplier Ltd 693,Supplier Ltd 693,INV-10693,INV-10693,13123.45,13123.45,2023-06-26,2023-06-26,27AAAAA1693A1Z5,27AAAAA1693A1Z5
pkt-694,FUZZY_MATCH,minor_amount_diff,low,Supplier Ltd 694,Supplier Ltd 694,INV-10694,INV-10694,41611.8,41612.30,2023-06-11,2023-06-11,27AAAAA1694A1Z5,27AAAAA1694A1Z5
pkt-695,FUZZY_MATCH,ocr_artifacts,medium,Supplier Inc 695,Supplier Inc 695,INV-10695,INV-IO695,3826.9,3826.91,2023-04-05,2023-04-05,27AAAAA1695A1Z5,27AAAAA1695A1Z5
pkt-696,EXACT_MATCH,none,none,Supplier LLC 696,Supplier LLC 696,INV-10696,INV-10696,5372.32,5372.32,2023-08-15,2023-08-15,27AAAAA1696A1Z5,27AAAAA1696A1Z5
pkt-697,NO_MATCH,missing_record,high,Supplier Corp 697,,INV-10697,,6124.76,,2023-06-25,,27AAAAA1697A1Z5,
pkt-698,FUZZY_MATCH,string_distance,low,Supplier Inc 698,Suplier Inc 698,INV-10698,INV10698,15484.56,15484.56,2023-05-28,2023-05-28,27AAAAA1698A1Z5,27AAAAA1698A1Z5
pkt-699,FUZZY_MATCH,date_shift,medium,Supplier Inc 699,Supplier Inc 699,INV-10699,INV-10699,7965.01,7965.01,2023-11-10,2023-11-10,27AAAAA1699A1Z5,27AAAAA1699A1Z5
pkt-700,EXACT_MATCH,none,none,Supplier LLC 700,Supplier LLC 700,INV-10700,INV-10700,7501.36,7501.36,2023-12-08,2023-12-08,27AAAAA1700A1Z5,27AAAAA1700A1Z5
pkt-701,FUZZY_MATCH,ocr_artifacts,medium,Supplier LLC 701,Supplier LLC 701,INV-10701,INV-IO7OI,25721.64,25721.65,2023-11-10,2023-11-10,27AAAAA1701A1Z5,27AAAAA1701A1Z5
pkt-702,CONTRADICTION,major_amount_diff,high,Supplier Ltd 702,Supplier Ltd 702,INV-10702,INV-10702,1651.0,3302.00,2023-07-28,2023-07-28,27AAAAA1702A1Z5,27AAAAA1702A1Z5
pkt-703,FUZZY_MATCH,string_distance,low,Supplier Ltd 703,Suplier Ltd 703,INV-10703,INV10703,37429.11,37429.11,2023-04-04,2023-04-04,27AAAAA1703A1Z5,27AAAAA1703A1Z5
pkt-704,EXACT_MATCH,none,none,Supplier Inc 704,Supplier Inc 704,INV-10704,INV-10704,40214.45,40214.45,2023-03-04,2023-03-04,27AAAAA1704A1Z5,27AAAAA1704A1Z5
pkt-705,EXACT_MATCH,none,none,Supplier Corp 705,Supplier Corp 705,INV-10705,INV-10705,41535.58,41535.58,2023-04-05,2023-04-05,27AAAAA1705A1Z5,27AAAAA1705A1Z5
pkt-706,NO_MATCH,different_entity,high,Supplier Inc 706,Different Supplier Inc,INV-10706,INV-10706,18674.76,18674.76,2023-11-21,2023-11-21,27AAAAA1706A1Z5,27BBBBB1234B1Z5
pkt-707,FUZZY_MATCH,date_shift,medium,Supplier Inc 707,Supplier Inc 707,INV-10707,INV-10707,29347.33,29347.33,2023-02-01,2023-02-06,27AAAAA1707A1Z5,27AAAAA1707A1Z5
pkt-708,FUZZY_MATCH,string_distance,low,Supplier LLC 708,Suplier LLC 708,INV-10708,INV10708,22227.22,22227.22,2023-03-03,2023-03-03,27AAAAA1708A1Z5,27AAAAA1708A1Z5
pkt-709,NO_MATCH,different_entity,high,Supplier Corp 709,Different Supplier Inc,INV-10709,INV-10709,2230.55,2230.55,2023-08-02,2023-08-02,27AAAAA1709A1Z5,27BBBBB1234B1Z5
pkt-710,EXACT_MATCH,none,none,Supplier Ltd 710,Supplier Ltd 710,INV-10710,INV-10710,21714.5,21714.5,2023-12-13,2023-12-13,27AAAAA1710A1Z5,27AAAAA1710A1Z5
pkt-711,FUZZY_MATCH,date_shift,medium,Supplier LLC 711,Supplier LLC 711,INV-10711,INV-10711,19198.2,19198.2,2023-07-06,2023-07-03,27AAAAA1711A1Z5,27AAAAA1711A1Z5
pkt-712,NO_MATCH,different_entity,high,Supplier Inc 712,Different Supplier Inc,INV-10712,INV-10712,13821.59,13821.59,2023-08-05,2023-08-05,27AAAAA1712A1Z5,27BBBBB1234B1Z5
pkt-713,NO_MATCH,missing_record,high,Supplier LLC 713,,INV-10713,,30996.91,,2023-04-21,,27AAAAA1713A1Z5,
pkt-714,FUZZY_MATCH,string_distance,low,Supplier Inc 714,Suplier Inc 714,INV-10714,INV10714,20658.41,20658.41,2023-09-16,2023-09-16,27AAAAA1714A1Z5,27AAAAA1714A1Z5
pkt-715,EXACT_MATCH,none,none,Supplier Corp 715,Supplier Corp 715,INV-10715,INV-10715,14060.82,14060.82,2023-03-14,2023-03-14,27AAAAA1715A1Z5,27AAAAA1715A1Z5
pkt-716,EXACT_MATCH,none,none,Supplier Inc 716,Supplier Inc 716,INV-10716,INV-10716,44244.16,44244.16,2023-09-08,2023-09-08,27AAAAA1716A1Z5,27AAAAA1716A1Z5
pkt-717,NO_MATCH,invalid_gstin_suffix,high,Supplier Ltd 717,Supplier Ltd 717,INV-10717,INV-10717,39117.6,39117.6,2023-06-16,2023-06-16,27AAAAA1717A1Z5,27AAAAA1717A1ZX
pkt-718,FUZZY_MATCH,minor_amount_diff,low,Supplier Ltd 718,Supplier Ltd 718,INV-10718,INV-10718,45642.58,45643.08,2023-09-11,2023-09-11,27AAAAA1718A1Z5,27AAAAA1718A1Z5
pkt-719,FUZZY_MATCH,minor_amount_diff,low,Supplier Inc 719,Supplier Inc 719,INV-10719,INV-10719,1400.54,1399.54,2023-10-08,2023-10-08,27AAAAA1719A1Z5,27AAAAA1719A1Z5
pkt-720,NO_MATCH,different_entity,high,Supplier LLC 720,Different Supplier Inc,INV-10720,INV-10720,40451.83,40451.83,2023-08-17,2023-08-17,27AAAAA1720A1Z5,27BBBBB1234B1Z5
pkt-721,EXACT_MATCH,none,none,Supplier Corp 721,Supplier Corp 721,INV-10721,INV-10721,49980.33,49980.33,2023-03-04,2023-03-04,27AAAAA1721A1Z5,27AAAAA1721A1Z5
pkt-722,FUZZY_MATCH,date_shift,medium,Supplier Inc 722,Supplier Inc 722,INV-10722,INV-10722,12133.52,12133.52,2023-09-27,2023-10-01,27AAAAA1722A1Z5,27AAAAA1722A1Z5
pkt-723,FUZZY_MATCH,ocr_artifacts,medium,Supplier Corp 723,Supplier Corp 723,INV-10723,INV-IO723,42340.6,42340.61,2023-07-12,2023-07-12,27AAAAA1723A1Z5,27AAAAA1723A1Z5
pkt-724,NO_MATCH,different_entity,high,Supplier LLC 724,Different Supplier Inc,INV-10724,INV-10724,11903.9,11903.9,2023-06-26,2023-06-26,27AAAAA1724A1Z5,27BBBBB1234B1Z5
pkt-725,NO_MATCH,different_entity,high,Supplier Corp 725,Different Supplier Inc,INV-10725,INV-10725,1507.51,1507.51,2023-12-12,2023-12-12,27AAAAA1725A1Z5,27BBBBB1234B1Z5
pkt-726,FUZZY_MATCH,ocr_artifacts,medium,Supplier LLC 726,Supplier LLC 726,INV-10726,INV-IO726,47423.59,47423.60,2023-08-18,2023-08-18,27AAAAA1726A1Z5,27AAAAA1726A1Z5
pkt-727,NO_MATCH,different_entity,high,Supplier Corp 727,Different Supplier Inc,INV-10727,INV-10727,24572.78,24572.78,2023-02-02,2023-02-02,27AAAAA1727A1Z5,27BBBBB1234B1Z5
pkt-728,NO_MATCH,invalid_gstin_suffix,high,Supplier Inc 728,Supplier Inc 728,INV-10728,INV-10728,11018.57,11018.57,2023-09-16,2023-09-16,27AAAAA1728A1Z5,27AAAAA1728A1ZX
pkt-729,NO_MATCH,invalid_gstin_suffix,high,Supplier Corp 729,Supplier Corp 729,INV-10729,INV-10729,45903.02,45903.02,2023-04-26,2023-04-26,27AAAAA1729A1Z5,27AAAAA1729A1ZX
pkt-730,FUZZY_MATCH,ocr_artifacts,medium,Supplier Inc 730,Supplier Inc 730,INV-10730,INV-IO73O,35875.19,35875.20,2023-06-02,2023-06-02,27AAAAA1730A1Z5,27AAAAA1730A1Z5
pkt-731,CONTRADICTION,major_amount_diff,high,Supplier Inc 731,Supplier Inc 731,INV-10731,INV-10731,29371.8,58743.60,2023-03-25,2023-03-25,27AAAAA1731A1Z5,27AAAAA1731A1Z5
pkt-732,NO_MATCH,different_entity,high,Supplier Ltd 732,Different Supplier Inc,INV-10732,INV-10732,43047.41,43047.41,2023-02-12,2023-02-12,27AAAAA1732A1Z5,27BBBBB1234B1Z5
pkt-733,FUZZY_MATCH,ocr_artifacts,medium,Supplier Corp 733,Supplier Corp 733,INV-10733,INV-IO733,5141.51,5141.52,2023-05-11,2023-05-11,27AAAAA1733A1Z5,27AAAAA1733A1Z5
pkt-734,EXACT_MATCH,none,none,Supplier Ltd 734,Supplier Ltd 734,INV-10734,INV-10734,36644.37,36644.37,2023-07-26,2023-07-26,27AAAAA1734A1Z5,27AAAAA1734A1Z5
pkt-735,FUZZY_MATCH,date_shift,medium,Supplier LLC 735,Supplier LLC 735,INV-10735,INV-10735,15932.44,15932.44,2023-12-18,2023-12-23,27AAAAA1735A1Z5,27AAAAA1735A1Z5
pkt-736,EXACT_MATCH,none,none,Supplier LLC 736,Supplier LLC 736,INV-10736,INV-10736,29488.61,29488.61,2023-03-13,2023-03-13,27AAAAA1736A1Z5,27AAAAA1736A1Z5
pkt-737,EXACT_MATCH,none,none,Supplier Inc 737,Supplier Inc 737,INV-10737,INV-10737,34456.07,34456.07,2023-03-06,2023-03-06,27AAAAA1737A1Z5,27AAAAA1737A1Z5
pkt-738,FUZZY_MATCH,ocr_artifacts,medium,Supplier Inc 738,Supplier Inc 738,INV-10738,INV-IO738,47440.04,47440.05,2023-07-28,2023-07-28,27AAAAA1738A1Z5,27AAAAA1738A1Z5
pkt-739,NO_MATCH,missing_record,high,Supplier Inc 739,,INV-10739,,30159.19,,2023-10-08,,27AAAAA1739A1Z5,
pkt-740,NO_MATCH,invalid_gstin_suffix,high,Supplier Corp 740,Supplier Corp 740,INV-10740,INV-10740,7118.1,7118.1,2023-12-03,2023-12-03,27AAAAA1740A1Z5,27AAAAA1740A1ZX
pkt-741,EXACT_MATCH,none,none,Supplier Inc 741,Supplier Inc 741,INV-10741,INV-10741,49120.74,49120.74,2023-03-21,2023-03-21,27AAAAA1741A1Z5,27AAAAA1741A1Z5
pkt-742,EXACT_MATCH,none,none,Supplier Ltd 742,Supplier Ltd 742,INV-10742,INV-10742,33534.23,33534.23,2023-12-11,2023-12-11,27AAAAA1742A1Z5,27AAAAA1742A1Z5
pkt-743,NO_MATCH,invalid_gstin_suffix,high,Supplier Inc 743,Supplier Inc 743,INV-10743,INV-10743,13334.1,13334.1,2023-04-23,2023-04-23,27AAAAA1743A1Z5,27AAAAA1743A1ZX
pkt-744,EXACT_MATCH,none,none,Supplier Inc 744,Supplier Inc 744,INV-10744,INV-10744,12907.23,12907.23,2023-02-24,2023-02-24,27AAAAA1744A1Z5,27AAAAA1744A1Z5
pkt-745,EXACT_MATCH,none,none,Supplier Corp 745,Supplier Corp 745,INV-10745,INV-10745,19358.26,19358.26,2023-12-14,2023-12-14,27AAAAA1745A1Z5,27AAAAA1745A1Z5
pkt-746,FUZZY_MATCH,string_distance,low,Supplier Ltd 746,Suplier Ltd 746,INV-10746,INV10746,24704.79,24704.79,2023-07-12,2023-07-12,27AAAAA1746A1Z5,27AAAAA1746A1Z5
pkt-747,FUZZY_MATCH,ocr_artifacts,medium,Supplier Corp 747,Supplier Corp 747,INV-10747,INV-IO747,41457.47,41457.48,2023-10-21,2023-10-21,27AAAAA1747A1Z5,27AAAAA1747A1Z5
pkt-748,NO_MATCH,invalid_gstin_suffix,high,Supplier Inc 748,Supplier Inc 748,INV-10748,INV-10748,22619.24,22619.24,2023-01-10,2023-01-10,27AAAAA1748A1Z5,27AAAAA1748A1ZX
pkt-749,FUZZY_MATCH,ocr_artifacts,medium,Supplier LLC 749,Supplier LLC 749,INV-10749,INV-IO749,13130.27,13130.28,2023-02-03,2023-02-03,27AAAAA1749A1Z5,27AAAAA1749A1Z5
pkt-750,CONTRADICTION,major_amount_diff,high,Supplier Inc 750,Supplier Inc 750,INV-10750,INV-10750,44407.77,88815.540,2023-03-24,2023-03-24,27AAAAA1750A1Z5,27AAAAA1750A1Z5
pkt-751,EXACT_MATCH,none,none,Supplier Ltd 751,Supplier Ltd 751,INV-10751,INV-10751,47097.52,47097.52,2023-02-11,2023-02-11,27AAAAA1751A1Z5,27AAAAA1751A1Z5
pkt-752,FUZZY_MATCH,ocr_artifacts,medium,Supplier Ltd 752,Supplier Ltd 752,INV-10752,INV-IO752,1646.56,1646.57,2023-11-06,2023-11-06,27AAAAA1752A1Z5,27AAAAA1752A1Z5
pkt-753,EXACT_MATCH,none,none,Supplier Corp 753,Supplier Corp 753,INV-10753,INV-10753,2772.43,2772.43,2023-06-07,2023-06-07,27AAAAA1753A1Z5,27AAAAA1753A1Z5
pkt-754,EXACT_MATCH,none,none,Supplier LLC 754,Supplier LLC 754,INV-10754,INV-10754,34890.12,34890.12,2023-12-24,2023-12-24,27AAAAA1754A1Z5,27AAAAA1754A1Z5
pkt-755,EXACT_MATCH,none,none,Supplier Inc 755,Supplier Inc 755,INV-10755,INV-10755,14148.0,14148.0,2023-04-04,2023-04-04,27AAAAA1755A1Z5,27AAAAA1755A1Z5
pkt-756,NO_MATCH,invalid_gstin_suffix,high,Supplier Inc 756,Supplier Inc 756,INV-10756,INV-10756,28631.31,28631.31,2023-08-05,2023-08-05,27AAAAA1756A1Z5,27AAAAA1756A1ZX
pkt-757,FUZZY_MATCH,date_shift,medium,Supplier Ltd 757,Supplier Ltd 757,INV-10757,INV-10757,290.4,290.4,2023-02-10,2023-02-06,27AAAAA1757A1Z5,27AAAAA1757A1Z5
pkt-758,FUZZY_MATCH,string_distance,low,Supplier LLC 758,Suplier LLC 758,INV-10758,INV10758,1384.21,1384.21,2023-03-21,2023-03-21,27AAAAA1758A1Z5,27AAAAA1758A1Z5
pkt-759,NO_MATCH,missing_record,high,Supplier Ltd 759,,INV-10759,,23731.18,,2023-02-10,,27AAAAA1759A1Z5,
pkt-760,EXACT_MATCH,none,none,Supplier Inc 760,Supplier Inc 760,INV-10760,INV-10760,24505.93,24505.93,2023-11-09,2023-11-09,27AAAAA1760A1Z5,27AAAAA1760A1Z5
pkt-761,NO_MATCH,invalid_gstin_suffix,high,Supplier Ltd 761,Supplier Ltd 761,INV-10761,INV-10761,27251.89,27251.89,2023-03-12,2023-03-12,27AAAAA1761A1Z5,27AAAAA1761A1ZX
pkt-762,NO_MATCH,missing_record,high,Supplier Ltd 762,,INV-10762,,9410.49,,2023-01-09,,27AAAAA1762A1Z5,
pkt-763,FUZZY_MATCH,ocr_artifacts,medium,Supplier Inc 763,Supplier Inc 763,INV-10763,INV-IO763,13243.7,13243.71,2023-05-19,2023-05-19,27AAAAA1763A1Z5,27AAAAA1763A1Z5
pkt-764,EXACT_MATCH,none,none,Supplier Inc 764,Supplier Inc 764,INV-10764,INV-10764,37636.53,37636.53,2023-11-04,2023-11-04,27AAAAA1764A1Z5,27AAAAA1764A1Z5
pkt-765,CONTRADICTION,major_amount_diff,high,Supplier Corp 765,Supplier Corp 765,INV-10765,INV-10765,17255.19,34510.380,2023-09-14,2023-09-14,27AAAAA1765A1Z5,27AAAAA1765A1Z5
pkt-766,CONTRADICTION,major_amount_diff,high,Supplier Ltd 766,Supplier Ltd 766,INV-10766,INV-10766,3143.09,6286.180,2023-07-27,2023-07-27,27AAAAA1766A1Z5,27AAAAA1766A1Z5
pkt-767,NO_MATCH,missing_record,high,Supplier Corp 767,,INV-10767,,34384.69,,2023-08-19,,27AAAAA1767A1Z5,
pkt-768,CONTRADICTION,major_amount_diff,high,Supplier Inc 768,Supplier Inc 768,INV-10768,INV-10768,15012.72,30025.440,2023-07-28,2023-07-28,27AAAAA1768A1Z5,27AAAAA1768A1Z5
pkt-769,FUZZY_MATCH,string_distance,low,Supplier Corp 769,Suplier Corp 769,INV-10769,INV10769,28603.87,28603.87,2023-09-26,2023-09-26,27AAAAA1769A1Z5,27AAAAA1769A1Z5
pkt-770,FUZZY_MATCH,date_shift,medium,Supplier Corp 770,Supplier Corp 770,INV-10770,INV-10770,47467.82,47467.82,2023-08-06,2023-08-04,27AAAAA1770A1Z5,27AAAAA1770A1Z5
pkt-771,FUZZY_MATCH,date_shift,medium,Supplier Ltd 771,Supplier Ltd 771,INV-10771,INV-10771,6396.68,6396.68,2023-07-03,2023-07-08,27AAAAA1771A1Z5,27AAAAA1771A1Z5
pkt-772,EXACT_MATCH,none,none,Supplier LLC 772,Supplier LLC 772,INV-10772,INV-10772,7479.12,7479.12,2023-10-09,2023-10-09,27AAAAA1772A1Z5,27AAAAA1772A1Z5
pkt-773,CONTRADICTION,major_amount_diff,high,Supplier Ltd 773,Supplier Ltd 773,INV-10773,INV-10773,45717.28,91434.560,2023-02-03,2023-02-03,27AAAAA1773A1Z5,27AAAAA1773A1Z5
pkt-774,CONTRADICTION,major_amount_diff,high,Supplier LLC 774,Supplier LLC 774,INV-10774,INV-10774,19928.01,39856.020,2023-06-28,2023-06-28,27AAAAA1774A1Z5,27AAAAA1774A1Z5
pkt-775,FUZZY_MATCH,string_distance,low,Supplier Ltd 775,Suplier Ltd 775,INV-10775,INV10775,22962.04,22962.04,2023-01-26,2023-01-26,27AAAAA1775A1Z5,27AAAAA1775A1Z5
pkt-776,FUZZY_MATCH,string_distance,low,Supplier Inc 776,Suplier Inc 776,INV-10776,INV10776,20780.68,20780.68,2023-03-19,2023-03-19,27AAAAA1776A1Z5,27AAAAA1776A1Z5
pkt-777,CONTRADICTION,major_amount_diff,high,Supplier LLC 777,Supplier LLC 777,INV-10777,INV-10777,28177.92,56355.840,2023-02-26,2023-02-26,27AAAAA1777A1Z5,27AAAAA1777A1Z5
pkt-778,EXACT_MATCH,none,none,Supplier Ltd 778,Supplier Ltd 778,INV-10778,INV-10778,44018.78,44018.78,2023-07-09,2023-07-09,27AAAAA1778A1Z5,27AAAAA1778A1Z5
pkt-779,FUZZY_MATCH,ocr_artifacts,medium,Supplier Inc 779,Supplier Inc 779,INV-10779,INV-IO779,24330.68,24330.69,2023-10-16,2023-10-16,27AAAAA1779A1Z5,27AAAAA1779A1Z5
pkt-780,EXACT_MATCH,none,none,Supplier Ltd 780,Supplier Ltd 780,INV-10780,INV-10780,13843.17,13843.17,2023-03-20,2023-03-20,27AAAAA1780A1Z5,27AAAAA1780A1Z5
pkt-781,EXACT_MATCH,none,none,Supplier Corp 781,Supplier Corp 781,INV-10781,INV-10781,19850.06,19850.06,2023-06-23,2023-06-23,27AAAAA1781A1Z5,27AAAAA1781A1Z5
pkt-782,NO_MATCH,invalid_gstin_suffix,high,Supplier Inc 782,Supplier Inc 782,INV-10782,INV-10782,37312.92,37312.92,2023-05-12,2023-05-12,27AAAAA1782A1Z5,27AAAAA1782A1ZX
pkt-783,NO_MATCH,missing_record,high,Supplier LLC 783,,INV-10783,,40887.56,,2023-05-10,,27AAAAA1783A1Z5,
pkt-784,FUZZY_MATCH,ocr_artifacts,medium,Supplier Corp 784,Supplier Corp 784,INV-10784,INV-IO784,42925.92,42925.93,2023-11-04,2023-11-04,27AAAAA1784A1Z5,27AAAAA1784A1Z5
pkt-785,FUZZY_MATCH,minor_amount_diff,low,Supplier LLC 785,Supplier LLC 785,INV-10785,INV-10785,15093.97,15096.47,2023-12-15,2023-12-15,27AAAAA1785A1Z5,27AAAAA1785A1Z5
pkt-786,FUZZY_MATCH,date_shift,medium,Supplier Ltd 786,Supplier Ltd 786,INV-10786,INV-10786,30288.46,30288.46,2023-02-07,2023-02-08,27AAAAA1786A1Z5,27AAAAA1786A1Z5
pkt-787,EXACT_MATCH,none,none,Supplier LLC 787,Supplier LLC 787,INV-10787,INV-10787,37073.15,37073.15,2023-09-28,2023-09-28,27AAAAA1787A1Z5,27AAAAA1787A1Z5
pkt-788,EXACT_MATCH,none,none,Supplier LLC 788,Supplier LLC 788,INV-10788,INV-10788,25811.96,25811.96,2023-03-03,2023-03-03,27AAAAA1788A1Z5,27AAAAA1788A1Z5
pkt-789,FUZZY_MATCH,ocr_artifacts,medium,Supplier Inc 789,Supplier Inc 789,INV-10789,INV-IO789,25389.08,25389.09,2023-03-25,2023-03-25,27AAAAA1789A1Z5,27AAAAA1789A1Z5
pkt-790,FUZZY_MATCH,date_shift,medium,Supplier Inc 790,Supplier Inc 790,INV-10790,INV-10790,9718.9,9718.9,2023-04-27,2023-04-22,27AAAAA1790A1Z5,27AAAAA1790A1Z5
pkt-791,FUZZY_MATCH,minor_amount_diff,low,Supplier Corp 791,Supplier Corp 791,INV-10791,INV-10791,22876.79,22877.79,2023-06-23,2023-06-23,27AAAAA1791A1Z5,27AAAAA1791A1Z5
pkt-792,EXACT_MATCH,none,none,Supplier Inc 792,Supplier Inc 792,INV-10792,INV-10792,41192.96,41192.96,2023-09-13,2023-09-13,27AAAAA1792A1Z5,27AAAAA1792A1Z5
pkt-793,FUZZY_MATCH,ocr_artifacts,medium,Supplier Ltd 793,Supplier Ltd 793,INV-10793,INV-IO793,1625.1,1625.11,2023-06-16,2023-06-16,27AAAAA1793A1Z5,27AAAAA1793A1Z5
pkt-794,NO_MATCH,invalid_gstin_suffix,high,Supplier LLC 794,Supplier LLC 794,INV-10794,INV-10794,48029.97,48029.97,2023-08-19,2023-08-19,27AAAAA1794A1Z5,27AAAAA1794A1ZX
pkt-795,FUZZY_MATCH,minor_amount_diff,low,Supplier Inc 795,Supplier Inc 795,INV-10795,INV-10795,8259.33,8258.33,2023-05-24,2023-05-24,27AAAAA1795A1Z5,27AAAAA1795A1Z5
pkt-796,FUZZY_MATCH,date_shift,medium,Supplier Corp 796,Supplier Corp 796,INV-10796,INV-10796,19389.63,19389.63,2023-03-28,2023-04-02,27AAAAA1796A1Z5,27AAAAA1796A1Z5
pkt-797,CONTRADICTION,major_amount_diff,high,Supplier Ltd 797,Supplier Ltd 797,INV-10797,INV-10797,11333.09,22666.180,2023-04-09,2023-04-09,27AAAAA1797A1Z5,27AAAAA1797A1Z5
pkt-798,FUZZY_MATCH,ocr_artifacts,medium,Supplier Ltd 798,Supplier Ltd 798,INV-10798,INV-IO798,1100.61,1100.62,2023-11-01,2023-11-01,27AAAAA1798A1Z5,27AAAAA1798A1Z5
pkt-799,FUZZY_MATCH,date_shift,medium,Supplier Inc 799,Supplier Inc 799,INV-10799,INV-10799,32403.84,32403.84,2023-10-26,2023-10-25,27AAAAA1799A1Z5,27AAAAA1799A1Z5
pkt-800,EXACT_MATCH,none,none,Supplier LLC 800,Supplier LLC 800,INV-10800,INV-10800,30456.36,30456.36,2023-05-23,2023-05-23,27AAAAA1800A1Z5,27AAAAA1800A1Z5
pkt-801,FUZZY_MATCH,date_shift,medium,Supplier LLC 801,Supplier LLC 801,INV-10801,INV-10801,44784.6,44784.6,2023-06-15,2023-06-17,27AAAAA1801A1Z5,27AAAAA1801A1Z5
pkt-802,NO_MATCH,different_entity,high,Supplier Ltd 802,Different Supplier Inc,INV-10802,INV-10802,15177.04,15177.04,2023-09-27,2023-09-27,27AAAAA1802A1Z5,27BBBBB1234B1Z5
pkt-803,CONTRADICTION,major_amount_diff,high,Supplier LLC 803,Supplier LLC 803,INV-10803,INV-10803,5205.37,10410.740,2023-09-22,2023-09-22,27AAAAA1803A1Z5,27AAAAA1803A1Z5
pkt-804,EXACT_MATCH,none,none,Supplier LLC 804,Supplier LLC 804,INV-10804,INV-10804,32402.37,32402.37,2023-10-10,2023-10-10,27AAAAA1804A1Z5,27AAAAA1804A1Z5
pkt-805,EXACT_MATCH,none,none,Supplier LLC 805,Supplier LLC 805,INV-10805,INV-10805,5494.42,5494.42,2023-02-11,2023-02-11,27AAAAA1805A1Z5,27AAAAA1805A1Z5
pkt-806,FUZZY_MATCH,date_shift,medium,Supplier LLC 806,Supplier LLC 806,INV-10806,INV-10806,16324.34,16324.34,2023-05-09,2023-05-06,27AAAAA1806A1Z5,27AAAAA1806A1Z5
pkt-807,EXACT_MATCH,none,none,Supplier Ltd 807,Supplier Ltd 807,INV-10807,INV-10807,25912.95,25912.95,2023-04-02,2023-04-02,27AAAAA1807A1Z5,27AAAAA1807A1Z5
pkt-808,EXACT_MATCH,none,none,Supplier Inc 808,Supplier Inc 808,INV-10808,INV-10808,16047.33,16047.33,2023-03-24,2023-03-24,27AAAAA1808A1Z5,27AAAAA1808A1Z5
pkt-809,EXACT_MATCH,none,none,Supplier Ltd 809,Supplier Ltd 809,INV-10809,INV-10809,24918.9,24918.9,2023-05-09,2023-05-09,27AAAAA1809A1Z5,27AAAAA1809A1Z5
pkt-810,NO_MATCH,invalid_gstin_suffix,high,Supplier Corp 810,Supplier Corp 810,INV-10810,INV-10810,19474.92,19474.92,2023-01-19,2023-01-19,27AAAAA1810A1Z5,27AAAAA1810A1ZX
pkt-811,EXACT_MATCH,none,none,Supplier Ltd 811,Supplier Ltd 811,INV-10811,INV-10811,36354.84,36354.84,2023-04-22,2023-04-22,27AAAAA1811A1Z5,27AAAAA1811A1Z5
pkt-812,EXACT_MATCH,none,none,Supplier Corp 812,Supplier Corp 812,INV-10812,INV-10812,17989.01,17989.01,2023-05-28,2023-05-28,27AAAAA1812A1Z5,27AAAAA1812A1Z5
pkt-813,NO_MATCH,missing_record,high,Supplier Inc 813,,INV-10813,,43837.09,,2023-03-10,,27AAAAA1813A1Z5,
pkt-814,EXACT_MATCH,none,none,Supplier Corp 814,Supplier Corp 814,INV-10814,INV-10814,6484.41,6484.41,2023-05-24,2023-05-24,27AAAAA1814A1Z5,27AAAAA1814A1Z5
pkt-815,NO_MATCH,invalid_gstin_suffix,high,Supplier Corp 815,Supplier Corp 815,INV-10815,INV-10815,44989.6,44989.6,2023-11-03,2023-11-03,27AAAAA1815A1Z5,27AAAAA1815A1ZX
pkt-816,NO_MATCH,invalid_gstin_suffix,high,Supplier LLC 816,Supplier LLC 816,INV-10816,INV-10816,11244.06,11244.06,2023-05-14,2023-05-14,27AAAAA1816A1Z5,27AAAAA1816A1ZX
pkt-817,NO_MATCH,missing_record,high,Supplier Inc 817,,INV-10817,,13101.91,,2023-05-15,,27AAAAA1817A1Z5,
pkt-818,NO_MATCH,missing_record,high,Supplier Inc 818,,INV-10818,,2778.48,,2023-11-19,,27AAAAA1818A1Z5,
pkt-819,CONTRADICTION,major_amount_diff,high,Supplier Ltd 819,Supplier Ltd 819,INV-10819,INV-10819,44482.36,88964.720,2023-09-04,2023-09-04,27AAAAA1819A1Z5,27AAAAA1819A1Z5
pkt-820,FUZZY_MATCH,ocr_artifacts,medium,Supplier Corp 820,Supplier Corp 820,INV-10820,INV-IO82O,14987.95,14987.96,2023-01-28,2023-01-28,27AAAAA1820A1Z5,27AAAAA1820A1Z5
pkt-821,FUZZY_MATCH,ocr_artifacts,medium,Supplier Ltd 821,Supplier Ltd 821,INV-10821,INV-IO82I,49618.16,49618.17,2023-06-14,2023-06-14,27AAAAA1821A1Z5,27AAAAA1821A1Z5
pkt-822,NO_MATCH,missing_record,high,Supplier Inc 822,,INV-10822,,15887.53,,2023-12-06,,27AAAAA1822A1Z5,
pkt-823,EXACT_MATCH,none,none,Supplier Inc 823,Supplier Inc 823,INV-10823,INV-10823,16698.21,16698.21,2023-03-11,2023-03-11,27AAAAA1823A1Z5,27AAAAA1823A1Z5
pkt-824,NO_MATCH,different_entity,high,Supplier Corp 824,Different Supplier Inc,INV-10824,INV-10824,22657.46,22657.46,2023-04-25,2023-04-25,27AAAAA1824A1Z5,27BBBBB1234B1Z5
pkt-825,FUZZY_MATCH,ocr_artifacts,medium,Supplier Inc 825,Supplier Inc 825,INV-10825,INV-IO825,38247.74,38247.75,2023-08-26,2023-08-26,27AAAAA1825A1Z5,27AAAAA1825A1Z5
pkt-826,EXACT_MATCH,none,none,Supplier Ltd 826,Supplier Ltd 826,INV-10826,INV-10826,30762.54,30762.54,2023-11-14,2023-11-14,27AAAAA1826A1Z5,27AAAAA1826A1Z5
pkt-827,CONTRADICTION,major_amount_diff,high,Supplier Inc 827,Supplier Inc 827,INV-10827,INV-10827,48269.86,96539.720,2023-07-01,2023-07-01,27AAAAA1827A1Z5,27AAAAA1827A1Z5
pkt-828,CONTRADICTION,major_amount_diff,high,Supplier LLC 828,Supplier LLC 828,INV-10828,INV-10828,10050.77,20101.540,2023-06-01,2023-06-01,27AAAAA1828A1Z5,27AAAAA1828A1Z5
pkt-829,FUZZY_MATCH,date_shift,medium,Supplier Corp 829,Supplier Corp 829,INV-10829,INV-10829,9609.78,9609.78,2023-11-01,2023-11-01,27AAAAA1829A1Z5,27AAAAA1829A1Z5
pkt-830,FUZZY_MATCH,ocr_artifacts,medium,Supplier LLC 830,Supplier LLC 830,INV-10830,INV-IO83O,15673.4,15673.41,2023-02-13,2023-02-13,27AAAAA1830A1Z5,27AAAAA1830A1Z5
pkt-831,NO_MATCH,missing_record,high,Supplier LLC 831,,INV-10831,,3357.82,,2023-01-10,,27AAAAA1831A1Z5,
pkt-832,EXACT_MATCH,none,none,Supplier LLC 832,Supplier LLC 832,INV-10832,INV-10832,36418.81,36418.81,2023-10-17,2023-10-17,27AAAAA1832A1Z5,27AAAAA1832A1Z5
pkt-833,NO_MATCH,invalid_gstin_suffix,high,Supplier Ltd 833,Supplier Ltd 833,INV-10833,INV-10833,44409.9,44409.9,2023-03-11,2023-03-11,27AAAAA1833A1Z5,27AAAAA1833A1ZX
pkt-834,EXACT_MATCH,none,none,Supplier Ltd 834,Supplier Ltd 834,INV-10834,INV-10834,37530.77,37530.77,2023-03-26,2023-03-26,27AAAAA1834A1Z5,27AAAAA1834A1Z5
pkt-835,EXACT_MATCH,none,none,Supplier Corp 835,Supplier Corp 835,INV-10835,INV-10835,11498.07,11498.07,2023-12-05,2023-12-05,27AAAAA1835A1Z5,27AAAAA1835A1Z5
pkt-836,NO_MATCH,invalid_gstin_suffix,high,Supplier Inc 836,Supplier Inc 836,INV-10836,INV-10836,1193.47,1193.47,2023-09-06,2023-09-06,27AAAAA1836A1Z5,27AAAAA1836A1ZX
pkt-837,CONTRADICTION,major_amount_diff,high,Supplier LLC 837,Supplier LLC 837,INV-10837,INV-10837,35584.39,71168.780,2023-01-13,2023-01-13,27AAAAA1837A1Z5,27AAAAA1837A1Z5
pkt-838,EXACT_MATCH,none,none,Supplier Inc 838,Supplier Inc 838,INV-10838,INV-10838,31194.43,31194.43,2023-10-02,2023-10-02,27AAAAA1838A1Z5,27AAAAA1838A1Z5
pkt-839,EXACT_MATCH,none,none,Supplier Inc 839,Supplier Inc 839,INV-10839,INV-10839,41822.39,41822.39,2023-01-23,2023-01-23,27AAAAA1839A1Z5,27AAAAA1839A1Z5
pkt-840,NO_MATCH,missing_record,high,Supplier LLC 840,,INV-10840,,22271.28,,2023-02-18,,27AAAAA1840A1Z5,
pkt-841,FUZZY_MATCH,minor_amount_diff,low,Supplier Inc 841,Supplier Inc 841,INV-10841,INV-10841,35123.22,35125.72,2023-04-23,2023-04-23,27AAAAA1841A1Z5,27AAAAA1841A1Z5
pkt-842,NO_MATCH,different_entity,high,Supplier LLC 842,Different Supplier Inc,INV-10842,INV-10842,33117.06,33117.06,2023-11-17,2023-11-17,27AAAAA1842A1Z5,27BBBBB1234B1Z5
pkt-843,CONTRADICTION,major_amount_diff,high,Supplier Inc 843,Supplier Inc 843,INV-10843,INV-10843,30321.15,60642.300,2023-03-14,2023-03-14,27AAAAA1843A1Z5,27AAAAA1843A1Z5
pkt-844,FUZZY_MATCH,string_distance,low,Supplier Inc 844,Suplier Inc 844,INV-10844,INV10844,35966.43,35966.43,2023-02-10,2023-02-10,27AAAAA1844A1Z5,27AAAAA1844A1Z5
pkt-845,CONTRADICTION,major_amount_diff,high,Supplier LLC 845,Supplier LLC 845,INV-10845,INV-10845,24937.18,49874.360,2023-10-07,2023-10-07,27AAAAA1845A1Z5,27AAAAA1845A1Z5
pkt-846,FUZZY_MATCH,minor_amount_diff,low,Supplier Ltd 846,Supplier Ltd 846,INV-10846,INV-10846,48658.67,48659.17,2023-06-23,2023-06-23,27AAAAA1846A1Z5,27AAAAA1846A1Z5
pkt-847,NO_MATCH,invalid_gstin_suffix,high,Supplier Ltd 847,Supplier Ltd 847,INV-10847,INV-10847,2066.34,2066.34,2023-08-07,2023-08-07,27AAAAA1847A1Z5,27AAAAA1847A1ZX
pkt-848,FUZZY_MATCH,string_distance,low,Supplier Inc 848,Suplier Inc 848,INV-10848,INV10848,11801.81,11801.81,2023-01-22,2023-01-22,27AAAAA1848A1Z5,27AAAAA1848A1Z5
pkt-849,FUZZY_MATCH,string_distance,low,Supplier Corp 849,Suplier Corp 849,INV-10849,INV10849,41778.09,41778.09,2023-11-16,2023-11-16,27AAAAA1849A1Z5,27AAAAA1849A1Z5
pkt-850,FUZZY_MATCH,minor_amount_diff,low,Supplier Inc 850,Supplier Inc 850,INV-10850,INV-10850,38998.36,38998.86,2023-02-24,2023-02-24,27AAAAA1850A1Z5,27AAAAA1850A1Z5
pkt-851,EXACT_MATCH,none,none,Supplier Ltd 851,Supplier Ltd 851,INV-10851,INV-10851,22891.89,22891.89,2023-05-09,2023-05-09,27AAAAA1851A1Z5,27AAAAA1851A1Z5
pkt-852,FUZZY_MATCH,minor_amount_diff,low,Supplier Inc 852,Supplier Inc 852,INV-10852,INV-10852,5080.46,5081.46,2023-03-28,2023-03-28,27AAAAA1852A1Z5,27AAAAA1852A1Z5
pkt-853,FUZZY_MATCH,string_distance,low,Supplier Inc 853,Suplier Inc 853,INV-10853,INV10853,40099.65,40099.65,2023-06-14,2023-06-14,27AAAAA1853A1Z5,27AAAAA1853A1Z5
pkt-854,EXACT_MATCH,none,none,Supplier Corp 854,Supplier Corp 854,INV-10854,INV-10854,42577.17,42577.17,2023-01-01,2023-01-01,27AAAAA1854A1Z5,27AAAAA1854A1Z5
pkt-855,NO_MATCH,different_entity,high,Supplier Ltd 855,Different Supplier Inc,INV-10855,INV-10855,32395.21,32395.21,2023-06-12,2023-06-12,27AAAAA1855A1Z5,27BBBBB1234B1Z5
pkt-856,NO_MATCH,invalid_gstin_suffix,high,Supplier LLC 856,Supplier LLC 856,INV-10856,INV-10856,13488.64,13488.64,2023-12-03,2023-12-03,27AAAAA1856A1Z5,27AAAAA1856A1ZX
pkt-857,FUZZY_MATCH,minor_amount_diff,low,Supplier Ltd 857,Supplier Ltd 857,INV-10857,INV-10857,9225.18,9227.68,2023-07-13,2023-07-13,27AAAAA1857A1Z5,27AAAAA1857A1Z5
pkt-858,EXACT_MATCH,none,none,Supplier Ltd 858,Supplier Ltd 858,INV-10858,INV-10858,34526.13,34526.13,2023-08-26,2023-08-26,27AAAAA1858A1Z5,27AAAAA1858A1Z5
pkt-859,EXACT_MATCH,none,none,Supplier Corp 859,Supplier Corp 859,INV-10859,INV-10859,44317.58,44317.58,2023-03-04,2023-03-04,27AAAAA1859A1Z5,27AAAAA1859A1Z5
pkt-860,NO_MATCH,different_entity,high,Supplier Ltd 860,Different Supplier Inc,INV-10860,INV-10860,36347.91,36347.91,2023-03-04,2023-03-04,27AAAAA1860A1Z5,27BBBBB1234B1Z5
pkt-861,FUZZY_MATCH,ocr_artifacts,medium,Supplier Ltd 861,Supplier Ltd 861,INV-10861,INV-IO86I,24185.48,24185.49,2023-10-22,2023-10-22,27AAAAA1861A1Z5,27AAAAA1861A1Z5
pkt-862,EXACT_MATCH,none,none,Supplier Inc 862,Supplier Inc 862,INV-10862,INV-10862,30605.03,30605.03,2023-06-20,2023-06-20,27AAAAA1862A1Z5,27AAAAA1862A1Z5
pkt-863,NO_MATCH,missing_record,high,Supplier Ltd 863,,INV-10863,,44009.52,,2023-12-05,,27AAAAA1863A1Z5,
pkt-864,FUZZY_MATCH,string_distance,low,Supplier Inc 864,Suplier Inc 864,INV-10864,INV10864,5735.58,5735.58,2023-07-15,2023-07-15,27AAAAA1864A1Z5,27AAAAA1864A1Z5
pkt-865,EXACT_MATCH,none,none,Supplier Corp 865,Supplier Corp 865,INV-10865,INV-10865,13154.48,13154.48,2023-06-01,2023-06-01,27AAAAA1865A1Z5,27AAAAA1865A1Z5
pkt-866,EXACT_MATCH,none,none,Supplier Inc 866,Supplier Inc 866,INV-10866,INV-10866,43669.86,43669.86,2023-09-17,2023-09-17,27AAAAA1866A1Z5,27AAAAA1866A1Z5
pkt-867,EXACT_MATCH,none,none,Supplier LLC 867,Supplier LLC 867,INV-10867,INV-10867,33119.49,33119.49,2023-04-16,2023-04-16,27AAAAA1867A1Z5,27AAAAA1867A1Z5
pkt-868,EXACT_MATCH,none,none,Supplier Inc 868,Supplier Inc 868,INV-10868,INV-10868,33847.15,33847.15,2023-07-05,2023-07-05,27AAAAA1868A1Z5,27AAAAA1868A1Z5
pkt-869,NO_MATCH,missing_record,high,Supplier Ltd 869,,INV-10869,,32205.6,,2023-03-17,,27AAAAA1869A1Z5,
pkt-870,NO_MATCH,invalid_gstin_suffix,high,Supplier Ltd 870,Supplier Ltd 870,INV-10870,INV-10870,43483.84,43483.84,2023-02-25,2023-02-25,27AAAAA1870A1Z5,27AAAAA1870A1ZX
pkt-871,CONTRADICTION,major_amount_diff,high,Supplier Corp 871,Supplier Corp 871,INV-10871,INV-10871,12120.5,24241.00,2023-05-02,2023-05-02,27AAAAA1871A1Z5,27AAAAA1871A1Z5
pkt-872,FUZZY_MATCH,string_distance,low,Supplier Corp 872,Suplier Corp 872,INV-10872,INV10872,32201.53,32201.53,2023-07-27,2023-07-27,27AAAAA1872A1Z5,27AAAAA1872A1Z5
pkt-873,NO_MATCH,missing_record,high,Supplier Inc 873,,INV-10873,,23008.82,,2023-10-15,,27AAAAA1873A1Z5,
pkt-874,FUZZY_MATCH,string_distance,low,Supplier Inc 874,Suplier Inc 874,INV-10874,INV10874,22408.7,22408.7,2023-02-16,2023-02-16,27AAAAA1874A1Z5,27AAAAA1874A1Z5
pkt-875,FUZZY_MATCH,string_distance,low,Supplier Inc 875,Suplier Inc 875,INV-10875,INV10875,20231.64,20231.64,2023-01-18,2023-01-18,27AAAAA1875A1Z5,27AAAAA1875A1Z5
pkt-876,CONTRADICTION,major_amount_diff,high,Supplier LLC 876,Supplier LLC 876,INV-10876,INV-10876,39609.99,79219.980,2023-10-21,2023-10-21,27AAAAA1876A1Z5,27AAAAA1876A1Z5
pkt-877,NO_MATCH,invalid_gstin_suffix,high,Supplier Ltd 877,Supplier Ltd 877,INV-10877,INV-10877,28160.4,28160.4,2023-11-22,2023-11-22,27AAAAA1877A1Z5,27AAAAA1877A1ZX
pkt-878,NO_MATCH,missing_record,high,Supplier Corp 878,,INV-10878,,18230.79,,2023-01-27,,27AAAAA1878A1Z5,
pkt-879,EXACT_MATCH,none,none,Supplier Ltd 879,Supplier Ltd 879,INV-10879,INV-10879,16665.43,16665.43,2023-10-20,2023-10-20,27AAAAA1879A1Z5,27AAAAA1879A1Z5
pkt-880,FUZZY_MATCH,string_distance,low,Supplier Inc 880,Suplier Inc 880,INV-10880,INV10880,32892.64,32892.64,2023-12-15,2023-12-15,27AAAAA1880A1Z5,27AAAAA1880A1Z5
pkt-881,NO_MATCH,invalid_gstin_suffix,high,Supplier LLC 881,Supplier LLC 881,INV-10881,INV-10881,37990.07,37990.07,2023-04-01,2023-04-01,27AAAAA1881A1Z5,27AAAAA1881A1ZX
pkt-882,EXACT_MATCH,none,none,Supplier LLC 882,Supplier LLC 882,INV-10882,INV-10882,41511.21,41511.21,2023-05-18,2023-05-18,27AAAAA1882A1Z5,27AAAAA1882A1Z5
pkt-883,EXACT_MATCH,none,none,Supplier Corp 883,Supplier Corp 883,INV-10883,INV-10883,5405.48,5405.48,2023-03-16,2023-03-16,27AAAAA1883A1Z5,27AAAAA1883A1Z5
pkt-884,NO_MATCH,different_entity,high,Supplier LLC 884,Different Supplier Inc,INV-10884,INV-10884,37151.29,37151.29,2023-07-04,2023-07-04,27AAAAA1884A1Z5,27BBBBB1234B1Z5
pkt-885,FUZZY_MATCH,date_shift,medium,Supplier Ltd 885,Supplier Ltd 885,INV-10885,INV-10885,9876.48,9876.48,2023-02-28,2023-03-02,27AAAAA1885A1Z5,27AAAAA1885A1Z5
pkt-886,FUZZY_MATCH,string_distance,low,Supplier LLC 886,Suplier LLC 886,INV-10886,INV10886,41245.25,41245.25,2023-04-23,2023-04-23,27AAAAA1886A1Z5,27AAAAA1886A1Z5
pkt-887,NO_MATCH,missing_record,high,Supplier Inc 887,,INV-10887,,37881.75,,2023-01-21,,27AAAAA1887A1Z5,
pkt-888,NO_MATCH,missing_record,high,Supplier Corp 888,,INV-10888,,22923.66,,2023-10-17,,27AAAAA1888A1Z5,
pkt-889,NO_MATCH,different_entity,high,Supplier Ltd 889,Different Supplier Inc,INV-10889,INV-10889,316.45,316.45,2023-12-02,2023-12-02,27AAAAA1889A1Z5,27BBBBB1234B1Z5
pkt-890,EXACT_MATCH,none,none,Supplier Corp 890,Supplier Corp 890,INV-10890,INV-10890,24198.3,24198.3,2023-09-25,2023-09-25,27AAAAA1890A1Z5,27AAAAA1890A1Z5
pkt-891,FUZZY_MATCH,string_distance,low,Supplier Corp 891,Suplier Corp 891,INV-10891,INV10891,28969.86,28969.86,2023-12-27,2023-12-27,27AAAAA1891A1Z5,27AAAAA1891A1Z5
pkt-892,CONTRADICTION,major_amount_diff,high,Supplier LLC 892,Supplier LLC 892,INV-10892,INV-10892,19431.54,38863.080,2023-10-20,2023-10-20,27AAAAA1892A1Z5,27AAAAA1892A1Z5
pkt-893,FUZZY_MATCH,minor_amount_diff,low,Supplier Corp 893,Supplier Corp 893,INV-10893,INV-10893,44081.39,44083.89,2023-07-20,2023-07-20,27AAAAA1893A1Z5,27AAAAA1893A1Z5
pkt-894,FUZZY_MATCH,ocr_artifacts,medium,Supplier Corp 894,Supplier Corp 894,INV-10894,INV-IO894,48183.32,48183.33,2023-05-15,2023-05-15,27AAAAA1894A1Z5,27AAAAA1894A1Z5
pkt-895,EXACT_MATCH,none,none,Supplier LLC 895,Supplier LLC 895,INV-10895,INV-10895,20696.0,20696.0,2023-12-24,2023-12-24,27AAAAA1895A1Z5,27AAAAA1895A1Z5
pkt-896,FUZZY_MATCH,date_shift,medium,Supplier Corp 896,Supplier Corp 896,INV-10896,INV-10896,27435.52,27435.52,2023-06-23,2023-06-21,27AAAAA1896A1Z5,27AAAAA1896A1Z5
pkt-897,EXACT_MATCH,none,none,Supplier LLC 897,Supplier LLC 897,INV-10897,INV-10897,31245.96,31245.96,2023-05-22,2023-05-22,27AAAAA1897A1Z5,27AAAAA1897A1Z5
pkt-898,CONTRADICTION,major_amount_diff,high,Supplier Corp 898,Supplier Corp 898,INV-10898,INV-10898,6720.32,13440.640,2023-12-21,2023-12-21,27AAAAA1898A1Z5,27AAAAA1898A1Z5
pkt-899,NO_MATCH,invalid_gstin_suffix,high,Supplier Inc 899,Supplier Inc 899,INV-10899,INV-10899,27170.32,27170.32,2023-11-11,2023-11-11,27AAAAA1899A1Z5,27AAAAA1899A1ZX
pkt-900,EXACT_MATCH,none,none,Supplier Ltd 900,Supplier Ltd 900,INV-10900,INV-10900,28157.78,28157.78,2023-10-19,2023-10-19,27AAAAA1900A1Z5,27AAAAA1900A1Z5
pkt-901,EXACT_MATCH,none,none,Supplier Ltd 901,Supplier Ltd 901,INV-10901,INV-10901,37418.65,37418.65,2023-09-10,2023-09-10,27AAAAA1901A1Z5,27AAAAA1901A1Z5
pkt-902,EXACT_MATCH,none,none,Supplier Corp 902,Supplier Corp 902,INV-10902,INV-10902,26184.23,26184.23,2023-01-13,2023-01-13,27AAAAA1902A1Z5,27AAAAA1902A1Z5
pkt-903,FUZZY_MATCH,minor_amount_diff,low,Supplier Corp 903,Supplier Corp 903,INV-10903,INV-10903,33545.68,33546.68,2023-04-09,2023-04-09,27AAAAA1903A1Z5,27AAAAA1903A1Z5
pkt-904,FUZZY_MATCH,date_shift,medium,Supplier LLC 904,Supplier LLC 904,INV-10904,INV-10904,7406.78,7406.78,2023-01-23,2023-01-26,27AAAAA1904A1Z5,27AAAAA1904A1Z5
pkt-905,EXACT_MATCH,none,none,Supplier Corp 905,Supplier Corp 905,INV-10905,INV-10905,1712.09,1712.09,2023-08-04,2023-08-04,27AAAAA1905A1Z5,27AAAAA1905A1Z5
pkt-906,EXACT_MATCH,none,none,Supplier LLC 906,Supplier LLC 906,INV-10906,INV-10906,32391.26,32391.26,2023-07-08,2023-07-08,27AAAAA1906A1Z5,27AAAAA1906A1Z5
pkt-907,EXACT_MATCH,none,none,Supplier Ltd 907,Supplier Ltd 907,INV-10907,INV-10907,33258.23,33258.23,2023-07-13,2023-07-13,27AAAAA1907A1Z5,27AAAAA1907A1Z5
pkt-908,EXACT_MATCH,none,none,Supplier Inc 908,Supplier Inc 908,INV-10908,INV-10908,15701.43,15701.43,2023-09-02,2023-09-02,27AAAAA1908A1Z5,27AAAAA1908A1Z5
pkt-909,FUZZY_MATCH,date_shift,medium,Supplier Ltd 909,Supplier Ltd 909,INV-10909,INV-10909,12641.92,12641.92,2023-10-28,2023-11-02,27AAAAA1909A1Z5,27AAAAA1909A1Z5
pkt-910,EXACT_MATCH,none,none,Supplier Corp 910,Supplier Corp 910,INV-10910,INV-10910,35260.99,35260.99,2023-11-12,2023-11-12,27AAAAA1910A1Z5,27AAAAA1910A1Z5
pkt-911,EXACT_MATCH,none,none,Supplier Corp 911,Supplier Corp 911,INV-10911,INV-10911,48218.06,48218.06,2023-05-15,2023-05-15,27AAAAA1911A1Z5,27AAAAA1911A1Z5
pkt-912,EXACT_MATCH,none,none,Supplier Inc 912,Supplier Inc 912,INV-10912,INV-10912,3816.0,3816.0,2023-03-24,2023-03-24,27AAAAA1912A1Z5,27AAAAA1912A1Z5
pkt-913,FUZZY_MATCH,ocr_artifacts,medium,Supplier LLC 913,Supplier LLC 913,INV-10913,INV-IO9I3,2127.65,2127.66,2023-05-18,2023-05-18,27AAAAA1913A1Z5,27AAAAA1913A1Z5
pkt-914,NO_MATCH,missing_record,high,Supplier LLC 914,,INV-10914,,8130.35,,2023-05-01,,27AAAAA1914A1Z5,
pkt-915,NO_MATCH,invalid_gstin_suffix,high,Supplier Corp 915,Supplier Corp 915,INV-10915,INV-10915,35513.5,35513.5,2023-03-02,2023-03-02,27AAAAA1915A1Z5,27AAAAA1915A1ZX
pkt-916,NO_MATCH,missing_record,high,Supplier LLC 916,,INV-10916,,29884.33,,2023-11-20,,27AAAAA1916A1Z5,
pkt-917,EXACT_MATCH,none,none,Supplier Inc 917,Supplier Inc 917,INV-10917,INV-10917,39516.42,39516.42,2023-09-12,2023-09-12,27AAAAA1917A1Z5,27AAAAA1917A1Z5
pkt-918,CONTRADICTION,major_amount_diff,high,Supplier Inc 918,Supplier Inc 918,INV-10918,INV-10918,15961.16,31922.320,2023-04-06,2023-04-06,27AAAAA1918A1Z5,27AAAAA1918A1Z5
pkt-919,FUZZY_MATCH,string_distance,low,Supplier Ltd 919,Suplier Ltd 919,INV-10919,INV10919,8052.59,8052.59,2023-09-18,2023-09-18,27AAAAA1919A1Z5,27AAAAA1919A1Z5
pkt-920,NO_MATCH,invalid_gstin_suffix,high,Supplier LLC 920,Supplier LLC 920,INV-10920,INV-10920,17535.21,17535.21,2023-04-22,2023-04-22,27AAAAA1920A1Z5,27AAAAA1920A1ZX
pkt-921,CONTRADICTION,major_amount_diff,high,Supplier Ltd 921,Supplier Ltd 921,INV-10921,INV-10921,18103.81,36207.620,2023-04-25,2023-04-25,27AAAAA1921A1Z5,27AAAAA1921A1Z5
pkt-922,EXACT_MATCH,none,none,Supplier Inc 922,Supplier Inc 922,INV-10922,INV-10922,41202.05,41202.05,2023-11-01,2023-11-01,27AAAAA1922A1Z5,27AAAAA1922A1Z5
pkt-923,EXACT_MATCH,none,none,Supplier Corp 923,Supplier Corp 923,INV-10923,INV-10923,17365.76,17365.76,2023-04-21,2023-04-21,27AAAAA1923A1Z5,27AAAAA1923A1Z5
pkt-924,EXACT_MATCH,none,none,Supplier Inc 924,Supplier Inc 924,INV-10924,INV-10924,34159.31,34159.31,2023-06-13,2023-06-13,27AAAAA1924A1Z5,27AAAAA1924A1Z5
pkt-925,CONTRADICTION,major_amount_diff,high,Supplier Inc 925,Supplier Inc 925,INV-10925,INV-10925,12903.87,25807.740,2023-12-10,2023-12-10,27AAAAA1925A1Z5,27AAAAA1925A1Z5
pkt-926,NO_MATCH,missing_record,high,Supplier Ltd 926,,INV-10926,,41123.24,,2023-06-17,,27AAAAA1926A1Z5,
pkt-927,CONTRADICTION,major_amount_diff,high,Supplier LLC 927,Supplier LLC 927,INV-10927,INV-10927,2288.2,4576.40,2023-11-07,2023-11-07,27AAAAA1927A1Z5,27AAAAA1927A1Z5
pkt-928,EXACT_MATCH,none,none,Supplier Inc 928,Supplier Inc 928,INV-10928,INV-10928,4209.04,4209.04,2023-02-06,2023-02-06,27AAAAA1928A1Z5,27AAAAA1928A1Z5
pkt-929,EXACT_MATCH,none,none,Supplier Corp 929,Supplier Corp 929,INV-10929,INV-10929,3367.04,3367.04,2023-11-21,2023-11-21,27AAAAA1929A1Z5,27AAAAA1929A1Z5
pkt-930,EXACT_MATCH,none,none,Supplier Ltd 930,Supplier Ltd 930,INV-10930,INV-10930,21268.05,21268.05,2023-02-07,2023-02-07,27AAAAA1930A1Z5,27AAAAA1930A1Z5
pkt-931,EXACT_MATCH,none,none,Supplier Corp 931,Supplier Corp 931,INV-10931,INV-10931,40856.04,40856.04,2023-02-24,2023-02-24,27AAAAA1931A1Z5,27AAAAA1931A1Z5
pkt-932,FUZZY_MATCH,string_distance,low,Supplier Inc 932,Suplier Inc 932,INV-10932,INV10932,23015.34,23015.34,2023-06-02,2023-06-02,27AAAAA1932A1Z5,27AAAAA1932A1Z5
pkt-933,NO_MATCH,different_entity,high,Supplier Inc 933,Different Supplier Inc,INV-10933,INV-10933,2807.98,2807.98,2023-05-18,2023-05-18,27AAAAA1933A1Z5,27BBBBB1234B1Z5
pkt-934,NO_MATCH,missing_record,high,Supplier Ltd 934,,INV-10934,,41098.8,,2023-05-14,,27AAAAA1934A1Z5,
pkt-935,EXACT_MATCH,none,none,Supplier Inc 935,Supplier Inc 935,INV-10935,INV-10935,31547.84,31547.84,2023-07-11,2023-07-11,27AAAAA1935A1Z5,27AAAAA1935A1Z5
pkt-936,EXACT_MATCH,none,none,Supplier Inc 936,Supplier Inc 936,INV-10936,INV-10936,33697.61,33697.61,2023-09-01,2023-09-01,27AAAAA1936A1Z5,27AAAAA1936A1Z5
pkt-937,NO_MATCH,invalid_gstin_suffix,high,Supplier Inc 937,Supplier Inc 937,INV-10937,INV-10937,29321.84,29321.84,2023-12-28,2023-12-28,27AAAAA1937A1Z5,27AAAAA1937A1ZX
pkt-938,NO_MATCH,different_entity,high,Supplier LLC 938,Different Supplier Inc,INV-10938,INV-10938,46409.58,46409.58,2023-02-10,2023-02-10,27AAAAA1938A1Z5,27BBBBB1234B1Z5
pkt-939,EXACT_MATCH,none,none,Supplier Ltd 939,Supplier Ltd 939,INV-10939,INV-10939,4416.61,4416.61,2023-08-13,2023-08-13,27AAAAA1939A1Z5,27AAAAA1939A1Z5
pkt-940,FUZZY_MATCH,ocr_artifacts,medium,Supplier Corp 940,Supplier Corp 940,INV-10940,INV-IO94O,1637.88,1637.89,2023-03-18,2023-03-18,27AAAAA1940A1Z5,27AAAAA1940A1Z5
pkt-941,FUZZY_MATCH,minor_amount_diff,low,Supplier Corp 941,Supplier Corp 941,INV-10941,INV-10941,37363.02,37364.02,2023-09-10,2023-09-10,27AAAAA1941A1Z5,27AAAAA1941A1Z5
pkt-942,FUZZY_MATCH,string_distance,low,Supplier Corp 942,Suplier Corp 942,INV-10942,INV10942,47873.84,47873.84,2023-01-18,2023-01-18,27AAAAA1942A1Z5,27AAAAA1942A1Z5
pkt-943,CONTRADICTION,major_amount_diff,high,Supplier Ltd 943,Supplier Ltd 943,INV-10943,INV-10943,2184.48,4368.960,2023-10-20,2023-10-20,27AAAAA1943A1Z5,27AAAAA1943A1Z5
pkt-944,EXACT_MATCH,none,none,Supplier Corp 944,Supplier Corp 944,INV-10944,INV-10944,27421.52,27421.52,2023-02-10,2023-02-10,27AAAAA1944A1Z5,27AAAAA1944A1Z5
pkt-945,EXACT_MATCH,none,none,Supplier Corp 945,Supplier Corp 945,INV-10945,INV-10945,37097.38,37097.38,2023-12-12,2023-12-12,27AAAAA1945A1Z5,27AAAAA1945A1Z5
pkt-946,FUZZY_MATCH,ocr_artifacts,medium,Supplier Corp 946,Supplier Corp 946,INV-10946,INV-IO946,45290.84,45290.85,2023-09-05,2023-09-05,27AAAAA1946A1Z5,27AAAAA1946A1Z5
pkt-947,FUZZY_MATCH,ocr_artifacts,medium,Supplier Inc 947,Supplier Inc 947,INV-10947,INV-IO947,11117.32,11117.33,2023-05-07,2023-05-07,27AAAAA1947A1Z5,27AAAAA1947A1Z5
pkt-948,CONTRADICTION,major_amount_diff,high,Supplier Inc 948,Supplier Inc 948,INV-10948,INV-10948,33581.8,67163.60,2023-10-28,2023-10-28,27AAAAA1948A1Z5,27AAAAA1948A1Z5
pkt-949,EXACT_MATCH,none,none,Supplier LLC 949,Supplier LLC 949,INV-10949,INV-10949,23117.13,23117.13,2023-09-03,2023-09-03,27AAAAA1949A1Z5,27AAAAA1949A1Z5
pkt-950,NO_MATCH,invalid_gstin_suffix,high,Supplier Ltd 950,Supplier Ltd 950,INV-10950,INV-10950,3461.4,3461.4,2023-02-07,2023-02-07,27AAAAA1950A1Z5,27AAAAA1950A1ZX
pkt-951,FUZZY_MATCH,string_distance,low,Supplier Corp 951,Suplier Corp 951,INV-10951,INV10951,17921.2,17921.2,2023-11-21,2023-11-21,27AAAAA1951A1Z5,27AAAAA1951A1Z5
pkt-952,NO_MATCH,missing_record,high,Supplier LLC 952,,INV-10952,,14328.34,,2023-02-07,,27AAAAA1952A1Z5,
pkt-953,EXACT_MATCH,none,none,Supplier LLC 953,Supplier LLC 953,INV-10953,INV-10953,22587.23,22587.23,2023-10-22,2023-10-22,27AAAAA1953A1Z5,27AAAAA1953A1Z5
pkt-954,NO_MATCH,invalid_gstin_suffix,high,Supplier LLC 954,Supplier LLC 954,INV-10954,INV-10954,29250.08,29250.08,2023-10-19,2023-10-19,27AAAAA1954A1Z5,27AAAAA1954A1ZX
pkt-955,FUZZY_MATCH,date_shift,medium,Supplier LLC 955,Supplier LLC 955,INV-10955,INV-10955,47937.08,47937.08,2023-03-01,2023-02-27,27AAAAA1955A1Z5,27AAAAA1955A1Z5
pkt-956,NO_MATCH,invalid_gstin_suffix,high,Supplier LLC 956,Supplier LLC 956,INV-10956,INV-10956,35638.74,35638.74,2023-11-14,2023-11-14,27AAAAA1956A1Z5,27AAAAA1956A1ZX
pkt-957,NO_MATCH,missing_record,high,Supplier Ltd 957,,INV-10957,,6801.86,,2023-12-11,,27AAAAA1957A1Z5,
pkt-958,FUZZY_MATCH,ocr_artifacts,medium,Supplier Inc 958,Supplier Inc 958,INV-10958,INV-IO958,22323.36,22323.37,2023-05-16,2023-05-16,27AAAAA1958A1Z5,27AAAAA1958A1Z5
pkt-959,FUZZY_MATCH,ocr_artifacts,medium,Supplier LLC 959,Supplier LLC 959,INV-10959,INV-IO959,32313.03,32313.04,2023-02-27,2023-02-27,27AAAAA1959A1Z5,27AAAAA1959A1Z5
pkt-960,EXACT_MATCH,none,none,Supplier Inc 960,Supplier Inc 960,INV-10960,INV-10960,44575.72,44575.72,2023-04-09,2023-04-09,27AAAAA1960A1Z5,27AAAAA1960A1Z5
pkt-961,NO_MATCH,different_entity,high,Supplier Inc 961,Different Supplier Inc,INV-10961,INV-10961,3862.46,3862.46,2023-01-28,2023-01-28,27AAAAA1961A1Z5,27BBBBB1234B1Z5
pkt-962,CONTRADICTION,major_amount_diff,high,Supplier Inc 962,Supplier Inc 962,INV-10962,INV-10962,28987.15,57974.300,2023-10-07,2023-10-07,27AAAAA1962A1Z5,27AAAAA1962A1Z5
pkt-963,NO_MATCH,invalid_gstin_suffix,high,Supplier Corp 963,Supplier Corp 963,INV-10963,INV-10963,13104.75,13104.75,2023-09-16,2023-09-16,27AAAAA1963A1Z5,27AAAAA1963A1ZX
pkt-964,FUZZY_MATCH,ocr_artifacts,medium,Supplier LLC 964,Supplier LLC 964,INV-10964,INV-IO964,19685.67,19685.68,2023-10-24,2023-10-24,27AAAAA1964A1Z5,27AAAAA1964A1Z5
pkt-965,NO_MATCH,invalid_gstin_suffix,high,Supplier Ltd 965,Supplier Ltd 965,INV-10965,INV-10965,23288.59,23288.59,2023-09-03,2023-09-03,27AAAAA1965A1Z5,27AAAAA1965A1ZX
pkt-966,CONTRADICTION,major_amount_diff,high,Supplier Corp 966,Supplier Corp 966,INV-10966,INV-10966,25158.15,50316.300,2023-11-08,2023-11-08,27AAAAA1966A1Z5,27AAAAA1966A1Z5
pkt-967,EXACT_MATCH,none,none,Supplier Corp 967,Supplier Corp 967,INV-10967,INV-10967,7104.5,7104.5,2023-03-06,2023-03-06,27AAAAA1967A1Z5,27AAAAA1967A1Z5
pkt-968,NO_MATCH,missing_record,high,Supplier Corp 968,,INV-10968,,36627.02,,2023-06-02,,27AAAAA1968A1Z5,
pkt-969,EXACT_MATCH,none,none,Supplier Corp 969,Supplier Corp 969,INV-10969,INV-10969,11664.32,11664.32,2023-05-12,2023-05-12,27AAAAA1969A1Z5,27AAAAA1969A1Z5
pkt-970,EXACT_MATCH,none,none,Supplier LLC 970,Supplier LLC 970,INV-10970,INV-10970,33462.42,33462.42,2023-09-26,2023-09-26,27AAAAA1970A1Z5,27AAAAA1970A1Z5
pkt-971,EXACT_MATCH,none,none,Supplier Inc 971,Supplier Inc 971,INV-10971,INV-10971,23536.74,23536.74,2023-08-02,2023-08-02,27AAAAA1971A1Z5,27AAAAA1971A1Z5
pkt-972,EXACT_MATCH,none,none,Supplier LLC 972,Supplier LLC 972,INV-10972,INV-10972,16271.15,16271.15,2023-12-17,2023-12-17,27AAAAA1972A1Z5,27AAAAA1972A1Z5
pkt-973,EXACT_MATCH,none,none,Supplier Corp 973,Supplier Corp 973,INV-10973,INV-10973,13239.47,13239.47,2023-09-19,2023-09-19,27AAAAA1973A1Z5,27AAAAA1973A1Z5
pkt-974,CONTRADICTION,major_amount_diff,high,Supplier Inc 974,Supplier Inc 974,INV-10974,INV-10974,32718.4,65436.80,2023-06-19,2023-06-19,27AAAAA1974A1Z5,27AAAAA1974A1Z5
pkt-975,NO_MATCH,invalid_gstin_suffix,high,Supplier Ltd 975,Supplier Ltd 975,INV-10975,INV-10975,12654.16,12654.16,2023-04-17,2023-04-17,27AAAAA1975A1Z5,27AAAAA1975A1ZX
pkt-976,NO_MATCH,different_entity,high,Supplier Ltd 976,Different Supplier Inc,INV-10976,INV-10976,40880.11,40880.11,2023-06-16,2023-06-16,27AAAAA1976A1Z5,27BBBBB1234B1Z5
pkt-977,FUZZY_MATCH,date_shift,medium,Supplier Corp 977,Supplier Corp 977,INV-10977,INV-10977,429.22,429.22,2023-03-15,2023-03-11,27AAAAA1977A1Z5,27AAAAA1977A1Z5
pkt-978,FUZZY_MATCH,ocr_artifacts,medium,Supplier Corp 978,Supplier Corp 978,INV-10978,INV-IO978,25775.61,25775.62,2023-05-07,2023-05-07,27AAAAA1978A1Z5,27AAAAA1978A1Z5
pkt-979,EXACT_MATCH,none,none,Supplier Inc 979,Supplier Inc 979,INV-10979,INV-10979,7952.13,7952.13,2023-10-23,2023-10-23,27AAAAA1979A1Z5,27AAAAA1979A1Z5
pkt-980,NO_MATCH,missing_record,high,Supplier Inc 980,,INV-10980,,11594.28,,2023-06-24,,27AAAAA1980A1Z5,
pkt-981,EXACT_MATCH,none,none,Supplier Corp 981,Supplier Corp 981,INV-10981,INV-10981,33793.95,33793.95,2023-08-07,2023-08-07,27AAAAA1981A1Z5,27AAAAA1981A1Z5
pkt-982,FUZZY_MATCH,ocr_artifacts,medium,Supplier Inc 982,Supplier Inc 982,INV-10982,INV-IO982,41684.91,41684.92,2023-01-08,2023-01-08,27AAAAA1982A1Z5,27AAAAA1982A1Z5
pkt-983,NO_MATCH,different_entity,high,Supplier Inc 983,Different Supplier Inc,INV-10983,INV-10983,28716.98,28716.98,2023-03-05,2023-03-05,27AAAAA1983A1Z5,27BBBBB1234B1Z5
pkt-984,CONTRADICTION,major_amount_diff,high,Supplier Corp 984,Supplier Corp 984,INV-10984,INV-10984,7428.57,14857.140,2023-03-09,2023-03-09,27AAAAA1984A1Z5,27AAAAA1984A1Z5
pkt-985,EXACT_MATCH,none,none,Supplier Inc 985,Supplier Inc 985,INV-10985,INV-10985,47916.09,47916.09,2023-10-19,2023-10-19,27AAAAA1985A1Z5,27AAAAA1985A1Z5
pkt-986,NO_MATCH,missing_record,high,Supplier Corp 986,,INV-10986,,36425.92,,2023-05-03,,27AAAAA1986A1Z5,
pkt-987,FUZZY_MATCH,ocr_artifacts,medium,Supplier Ltd 987,Supplier Ltd 987,INV-10987,INV-IO987,30365.64,30365.65,2023-08-28,2023-08-28,27AAAAA1987A1Z5,27AAAAA1987A1Z5
pkt-988,NO_MATCH,different_entity,high,Supplier Corp 988,Different Supplier Inc,INV-10988,INV-10988,11046.25,11046.25,2023-07-20,2023-07-20,27AAAAA1988A1Z5,27BBBBB1234B1Z5
pkt-989,FUZZY_MATCH,ocr_artifacts,medium,Supplier LLC 989,Supplier LLC 989,INV-10989,INV-IO989,41040.61,41040.62,2023-03-20,2023-03-20,27AAAAA1989A1Z5,27AAAAA1989A1Z5
pkt-990,FUZZY_MATCH,date_shift,medium,Supplier Inc 990,Supplier Inc 990,INV-10990,INV-10990,36236.92,36236.92,2023-06-15,2023-06-16,27AAAAA1990A1Z5,27AAAAA1990A1Z5
pkt-991,CONTRADICTION,major_amount_diff,high,Supplier Corp 991,Supplier Corp 991,INV-10991,INV-10991,19334.55,38669.100,2023-02-01,2023-02-01,27AAAAA1991A1Z5,27AAAAA1991A1Z5
pkt-992,FUZZY_MATCH,ocr_artifacts,medium,Supplier Ltd 992,Supplier Ltd 992,INV-10992,INV-IO992,42993.63,42993.64,2023-09-22,2023-09-22,27AAAAA1992A1Z5,27AAAAA1992A1Z5
pkt-993,CONTRADICTION,major_amount_diff,high,Supplier Inc 993,Supplier Inc 993,INV-10993,INV-10993,30315.0,60630.00,2023-03-16,2023-03-16,27AAAAA1993A1Z5,27AAAAA1993A1Z5
pkt-994,EXACT_MATCH,none,none,Supplier Ltd 994,Supplier Ltd 994,INV-10994,INV-10994,25216.13,25216.13,2023-02-03,2023-02-03,27AAAAA1994A1Z5,27AAAAA1994A1Z5
pkt-995,EXACT_MATCH,none,none,Supplier Inc 995,Supplier Inc 995,INV-10995,INV-10995,6603.41,6603.41,2023-10-18,2023-10-18,27AAAAA1995A1Z5,27AAAAA1995A1Z5
pkt-996,EXACT_MATCH,none,none,Supplier LLC 996,Supplier LLC 996,INV-10996,INV-10996,32496.66,32496.66,2023-09-14,2023-09-14,27AAAAA1996A1Z5,27AAAAA1996A1Z5
pkt-997,EXACT_MATCH,none,none,Supplier Ltd 997,Supplier Ltd 997,INV-10997,INV-10997,34912.38,34912.38,2023-07-08,2023-07-08,27AAAAA1997A1Z5,27AAAAA1997A1Z5
pkt-998,EXACT_MATCH,none,none,Supplier Inc 998,Supplier Inc 998,INV-10998,INV-10998,17590.84,17590.84,2023-12-25,2023-12-25,27AAAAA1998A1Z5,27AAAAA1998A1Z5
pkt-999,FUZZY_MATCH,string_distance,low,Supplier Corp 999,Suplier Corp 999,INV-10999,INV10999,6780.77,6780.77,2023-08-25,2023-08-25,27AAAAA1999A1Z5,27AAAAA1999A1Z5
pkt-1000,FUZZY_MATCH,date_shift,medium,Supplier LLC 1000,Supplier LLC 1000,INV-11000,INV-11000,14235.01,14235.01,2023-09-14,2023-09-09,27AAAAA2000A1Z5,27AAAAA2000A1Z5
pkt-1001,CONTRADICTION,major_amount_diff,high,Supplier Inc 1001,Supplier Inc 1001,INV-11001,INV-11001,35486.53,70973.060,2023-01-19,2023-01-19,27AAAAA2001A1Z5,27AAAAA2001A1Z5
pkt-1002,EXACT_MATCH,none,none,Supplier LLC 1002,Supplier LLC 1002,INV-11002,INV-11002,458.98,458.98,2023-11-07,2023-11-07,27AAAAA2002A1Z5,27AAAAA2002A1Z5
pkt-1003,FUZZY_MATCH,minor_amount_diff,low,Supplier LLC 1003,Supplier LLC 1003,INV-11003,INV-11003,18177.26,18179.76,2023-03-14,2023-03-14,27AAAAA2003A1Z5,27AAAAA2003A1Z5
pkt-1004,FUZZY_MATCH,date_shift,medium,Supplier Ltd 1004,Supplier Ltd 1004,INV-11004,INV-11004,28277.04,28277.04,2023-10-09,2023-10-10,27AAAAA2004A1Z5,27AAAAA2004A1Z5
pkt-1005,NO_MATCH,invalid_gstin_suffix,high,Supplier Corp 1005,Supplier Corp 1005,INV-11005,INV-11005,27650.04,27650.04,2023-09-16,2023-09-16,27AAAAA2005A1Z5,27AAAAA2005A1ZX
pkt-1006,NO_MATCH,different_entity,high,Supplier LLC 1006,Different Supplier Inc,INV-11006,INV-11006,27998.78,27998.78,2023-08-09,2023-08-09,27AAAAA2006A1Z5,27BBBBB1234B1Z5
pkt-1007,EXACT_MATCH,none,none,Supplier Corp 1007,Supplier Corp 1007,INV-11007,INV-11007,17283.38,17283.38,2023-12-13,2023-12-13,27AAAAA2007A1Z5,27AAAAA2007A1Z5
pkt-1008,FUZZY_MATCH,string_distance,low,Supplier Corp 1008,Suplier Corp 1008,INV-11008,INV11008,6042.38,6042.38,2023-04-15,2023-04-15,27AAAAA2008A1Z5,27AAAAA2008A1Z5
pkt-1009,CONTRADICTION,major_amount_diff,high,Supplier LLC 1009,Supplier LLC 1009,INV-11009,INV-11009,10801.46,21602.920,2023-07-26,2023-07-26,27AAAAA2009A1Z5,27AAAAA2009A1Z5
pkt-1010,FUZZY_MATCH,ocr_artifacts,medium,Supplier Inc 1010,Supplier Inc 1010,INV-11010,INV-IIOIO,30739.87,30739.88,2023-11-23,2023-11-23,27AAAAA2010A1Z5,27AAAAA2010A1Z5
pkt-1011,FUZZY_MATCH,ocr_artifacts,medium,Supplier Inc 1011,Supplier Inc 1011,INV-11011,INV-IIOII,19516.27,19516.28,2023-11-01,2023-11-01,27AAAAA2011A1Z5,27AAAAA2011A1Z5
pkt-1012,FUZZY_MATCH,string_distance,low,Supplier Inc 1012,Suplier Inc 1012,INV-11012,INV11012,23636.27,23636.27,2023-10-14,2023-10-14,27AAAAA2012A1Z5,27AAAAA2012A1Z5
pkt-1013,EXACT_MATCH,none,none,Supplier Inc 1013,Supplier Inc 1013,INV-11013,INV-11013,13228.29,13228.29,2023-06-03,2023-06-03,27AAAAA2013A1Z5,27AAAAA2013A1Z5
pkt-1014,EXACT_MATCH,none,none,Supplier LLC 1014,Supplier LLC 1014,INV-11014,INV-11014,19277.87,19277.87,2023-07-20,2023-07-20,27AAAAA2014A1Z5,27AAAAA2014A1Z5
pkt-1015,EXACT_MATCH,none,none,Supplier Corp 1015,Supplier Corp 1015,INV-11015,INV-11015,48180.14,48180.14,2023-01-25,2023-01-25,27AAAAA2015A1Z5,27AAAAA2015A1Z5
pkt-1016,FUZZY_MATCH,date_shift,medium,Supplier LLC 1016,Supplier LLC 1016,INV-11016,INV-11016,24768.98,24768.98,2023-01-07,2023-01-02,27AAAAA2016A1Z5,27AAAAA2016A1Z5
pkt-1017,NO_MATCH,different_entity,high,Supplier Corp 1017,Different Supplier Inc,INV-11017,INV-11017,39219.58,39219.58,2023-09-17,2023-09-17,27AAAAA2017A1Z5,27BBBBB1234B1Z5
pkt-1018,EXACT_MATCH,none,none,Supplier Corp 1018,Supplier Corp 1018,INV-11018,INV-11018,8557.2,8557.2,2023-01-12,2023-01-12,27AAAAA2018A1Z5,27AAAAA2018A1Z5
pkt-1019,EXACT_MATCH,none,none,Supplier LLC 1019,Supplier LLC 1019,INV-11019,INV-11019,114.33,114.33,2023-03-03,2023-03-03,27AAAAA2019A1Z5,27AAAAA2019A1Z5
pkt-1020,CONTRADICTION,major_amount_diff,high,Supplier Corp 1020,Supplier Corp 1020,INV-11020,INV-11020,17721.07,35442.140,2023-07-13,2023-07-13,27AAAAA2020A1Z5,27AAAAA2020A1Z5
pkt-1021,CONTRADICTION,major_amount_diff,high,Supplier Inc 1021,Supplier Inc 1021,INV-11021,INV-11021,866.79,1733.580,2023-12-03,2023-12-03,27AAAAA2021A1Z5,27AAAAA2021A1Z5
pkt-1022,NO_MATCH,invalid_gstin_suffix,high,Supplier LLC 1022,Supplier LLC 1022,INV-11022,INV-11022,14296.24,14296.24,2023-09-19,2023-09-19,27AAAAA2022A1Z5,27AAAAA2022A1ZX
pkt-1023,NO_MATCH,missing_record,high,Supplier Corp 1023,,INV-11023,,48168.05,,2023-05-08,,27AAAAA2023A1Z5,
pkt-1024,FUZZY_MATCH,ocr_artifacts,medium,Supplier LLC 1024,Supplier LLC 1024,INV-11024,INV-IIO24,46492.72,46492.73,2023-10-01,2023-10-01,27AAAAA2024A1Z5,27AAAAA2024A1Z5
pkt-1025,CONTRADICTION,major_amount_diff,high,Supplier Inc 1025,Supplier Inc 1025,INV-11025,INV-11025,20416.02,40832.040,2023-02-18,2023-02-18,27AAAAA2025A1Z5,27AAAAA2025A1Z5
pkt-1026,CONTRADICTION,major_amount_diff,high,Supplier LLC 1026,Supplier LLC 1026,INV-11026,INV-11026,14783.17,29566.340,2023-02-26,2023-02-26,27AAAAA2026A1Z5,27AAAAA2026A1Z5
pkt-1027,EXACT_MATCH,none,none,Supplier Ltd 1027,Supplier Ltd 1027,INV-11027,INV-11027,40676.05,40676.05,2023-10-09,2023-10-09,27AAAAA2027A1Z5,27AAAAA2027A1Z5
pkt-1028,NO_MATCH,missing_record,high,Supplier LLC 1028,,INV-11028,,28202.11,,2023-04-25,,27AAAAA2028A1Z5,
pkt-1029,NO_MATCH,missing_record,high,Supplier Inc 1029,,INV-11029,,34111.57,,2023-10-28,,27AAAAA2029A1Z5,
pkt-1030,EXACT_MATCH,none,none,Supplier Corp 1030,Supplier Corp 1030,INV-11030,INV-11030,5901.79,5901.79,2023-02-13,2023-02-13,27AAAAA2030A1Z5,27AAAAA2030A1Z5
pkt-1031,CONTRADICTION,major_amount_diff,high,Supplier LLC 1031,Supplier LLC 1031,INV-11031,INV-11031,35088.69,70177.380,2023-06-14,2023-06-14,27AAAAA2031A1Z5,27AAAAA2031A1Z5
pkt-1032,FUZZY_MATCH,date_shift,medium,Supplier LLC 1032,Supplier LLC 1032,INV-11032,INV-11032,26829.03,26829.03,2023-12-27,2023-12-26,27AAAAA2032A1Z5,27AAAAA2032A1Z5
pkt-1033,FUZZY_MATCH,string_distance,low,Supplier LLC 1033,Suplier LLC 1033,INV-11033,INV11033,4741.17,4741.17,2023-11-24,2023-11-24,27AAAAA2033A1Z5,27AAAAA2033A1Z5
pkt-1034,NO_MATCH,invalid_gstin_suffix,high,Supplier LLC 1034,Supplier LLC 1034,INV-11034,INV-11034,27772.12,27772.12,2023-03-16,2023-03-16,27AAAAA2034A1Z5,27AAAAA2034A1ZX
pkt-1035,EXACT_MATCH,none,none,Supplier Corp 1035,Supplier Corp 1035,INV-11035,INV-11035,11006.45,11006.45,2023-10-09,2023-10-09,27AAAAA2035A1Z5,27AAAAA2035A1Z5
pkt-1036,FUZZY_MATCH,date_shift,medium,Supplier Corp 1036,Supplier Corp 1036,INV-11036,INV-11036,34187.05,34187.05,2023-04-16,2023-04-14,27AAAAA2036A1Z5,27AAAAA2036A1Z5
pkt-1037,FUZZY_MATCH,date_shift,medium,Supplier Corp 1037,Supplier Corp 1037,INV-11037,INV-11037,43649.85,43649.85,2023-04-08,2023-04-12,27AAAAA2037A1Z5,27AAAAA2037A1Z5
pkt-1038,EXACT_MATCH,none,none,Supplier Inc 1038,Supplier Inc 1038,INV-11038,INV-11038,17865.77,17865.77,2023-02-04,2023-02-04,27AAAAA2038A1Z5,27AAAAA2038A1Z5
pkt-1039,CONTRADICTION,major_amount_diff,high,Supplier Inc 1039,Supplier Inc 1039,INV-11039,INV-11039,47793.41,95586.820,2023-08-20,2023-08-20,27AAAAA2039A1Z5,27AAAAA2039A1Z5
pkt-1040,NO_MATCH,missing_record,high,Supplier LLC 1040,,INV-11040,,47903.86,,2023-08-12,,27AAAAA2040A1Z5,
pkt-1041,NO_MATCH,missing_record,high,Supplier LLC 1041,,INV-11041,,44916.25,,2023-10-28,,27AAAAA2041A1Z5,
pkt-1042,FUZZY_MATCH,date_shift,medium,Supplier Ltd 1042,Supplier Ltd 1042,INV-11042,INV-11042,9225.31,9225.31,2023-09-09,2023-09-13,27AAAAA2042A1Z5,27AAAAA2042A1Z5
pkt-1043,NO_MATCH,missing_record,high,Supplier Ltd 1043,,INV-11043,,6499.47,,2023-09-26,,27AAAAA2043A1Z5,
pkt-1044,EXACT_MATCH,none,none,Supplier LLC 1044,Supplier LLC 1044,INV-11044,INV-11044,46988.76,46988.76,2023-01-17,2023-01-17,27AAAAA2044A1Z5,27AAAAA2044A1Z5
pkt-1045,EXACT_MATCH,none,none,Supplier Inc 1045,Supplier Inc 1045,INV-11045,INV-11045,43033.97,43033.97,2023-03-15,2023-03-15,27AAAAA2045A1Z5,27AAAAA2045A1Z5
pkt-1046,EXACT_MATCH,none,none,Supplier Inc 1046,Supplier Inc 1046,INV-11046,INV-11046,25958.44,25958.44,2023-06-23,2023-06-23,27AAAAA2046A1Z5,27AAAAA2046A1Z5
pkt-1047,NO_MATCH,invalid_gstin_suffix,high,Supplier Inc 1047,Supplier Inc 1047,INV-11047,INV-11047,33737.74,33737.74,2023-07-19,2023-07-19,27AAAAA2047A1Z5,27AAAAA2047A1ZX
pkt-1048,FUZZY_MATCH,date_shift,medium,Supplier LLC 1048,Supplier LLC 1048,INV-11048,INV-11048,18143.96,18143.96,2023-05-06,2023-05-05,27AAAAA2048A1Z5,27AAAAA2048A1Z5
pkt-1049,FUZZY_MATCH,ocr_artifacts,medium,Supplier LLC 1049,Supplier LLC 1049,INV-11049,INV-IIO49,23620.13,23620.14,2023-10-11,2023-10-11,27AAAAA2049A1Z5,27AAAAA2049A1Z5
pkt-1050,NO_MATCH,invalid_gstin_suffix,high,Supplier LLC 1050,Supplier LLC 1050,INV-11050,INV-11050,24988.62,24988.62,2023-04-14,2023-04-14,27AAAAA2050A1Z5,27AAAAA2050A1ZX
pkt-1051,NO_MATCH,different_entity,high,Supplier Corp 1051,Different Supplier Inc,INV-11051,INV-11051,42730.87,42730.87,2023-05-15,2023-05-15,27AAAAA2051A1Z5,27BBBBB1234B1Z5
pkt-1052,FUZZY_MATCH,string_distance,low,Supplier Corp 1052,Suplier Corp 1052,INV-11052,INV11052,6643.84,6643.84,2023-10-22,2023-10-22,27AAAAA2052A1Z5,27AAAAA2052A1Z5
pkt-1053,EXACT_MATCH,none,none,Supplier Ltd 1053,Supplier Ltd 1053,INV-11053,INV-11053,36068.69,36068.69,2023-04-18,2023-04-18,27AAAAA2053A1Z5,27AAAAA2053A1Z5
pkt-1054,EXACT_MATCH,none,none,Supplier Ltd 1054,Supplier Ltd 1054,INV-11054,INV-11054,9883.55,9883.55,2023-12-05,2023-12-05,27AAAAA2054A1Z5,27AAAAA2054A1Z5
pkt-1055,NO_MATCH,missing_record,high,Supplier LLC 1055,,INV-11055,,8912.7,,2023-08-05,,27AAAAA2055A1Z5,
pkt-1056,EXACT_MATCH,none,none,Supplier Inc 1056,Supplier Inc 1056,INV-11056,INV-11056,15071.71,15071.71,2023-09-28,2023-09-28,27AAAAA2056A1Z5,27AAAAA2056A1Z5
pkt-1057,FUZZY_MATCH,minor_amount_diff,low,Supplier Corp 1057,Supplier Corp 1057,INV-11057,INV-11057,5038.84,5041.34,2023-03-02,2023-03-02,27AAAAA2057A1Z5,27AAAAA2057A1Z5
pkt-1058,FUZZY_MATCH,minor_amount_diff,low,Supplier LLC 1058,Supplier LLC 1058,INV-11058,INV-11058,41964.69,41965.69,2023-02-15,2023-02-15,27AAAAA2058A1Z5,27AAAAA2058A1Z5
pkt-1059,NO_MATCH,invalid_gstin_suffix,high,Supplier LLC 1059,Supplier LLC 1059,INV-11059,INV-11059,18079.3,18079.3,2023-09-26,2023-09-26,27AAAAA2059A1Z5,27AAAAA2059A1ZX
pkt-1060,NO_MATCH,different_entity,high,Supplier Corp 1060,Different Supplier Inc,INV-11060,INV-11060,1089.78,1089.78,2023-02-12,2023-02-12,27AAAAA2060A1Z5,27BBBBB1234B1Z5
pkt-1061,FUZZY_MATCH,minor_amount_diff,low,Supplier Corp 1061,Supplier Corp 1061,INV-11061,INV-11061,28837.13,28838.13,2023-11-18,2023-11-18,27AAAAA2061A1Z5,27AAAAA2061A1Z5
pkt-1062,FUZZY_MATCH,string_distance,low,Supplier Ltd 1062,Suplier Ltd 1062,INV-11062,INV11062,16322.01,16322.01,2023-09-16,2023-09-16,27AAAAA2062A1Z5,27AAAAA2062A1Z5
pkt-1063,FUZZY_MATCH,ocr_artifacts,medium,Supplier Corp 1063,Supplier Corp 1063,INV-11063,INV-IIO63,19115.44,19115.45,2023-05-15,2023-05-15,27AAAAA2063A1Z5,27AAAAA2063A1Z5
pkt-1064,FUZZY_MATCH,string_distance,low,Supplier Ltd 1064,Suplier Ltd 1064,INV-11064,INV11064,32064.97,32064.97,2023-06-14,2023-06-14,27AAAAA2064A1Z5,27AAAAA2064A1Z5
pkt-1065,NO_MATCH,invalid_gstin_suffix,high,Supplier LLC 1065,Supplier LLC 1065,INV-11065,INV-11065,4047.69,4047.69,2023-06-08,2023-06-08,27AAAAA2065A1Z5,27AAAAA2065A1ZX
pkt-1066,FUZZY_MATCH,minor_amount_diff,low,Supplier Ltd 1066,Supplier Ltd 1066,INV-11066,INV-11066,32685.35,32687.85,2023-12-09,2023-12-09,27AAAAA2066A1Z5,27AAAAA2066A1Z5
pkt-1067,EXACT_MATCH,none,none,Supplier Ltd 1067,Supplier Ltd 1067,INV-11067,INV-11067,39070.6,39070.6,2023-06-24,2023-06-24,27AAAAA2067A1Z5,27AAAAA2067A1Z5
pkt-1068,EXACT_MATCH,none,none,Supplier Corp 1068,Supplier Corp 1068,INV-11068,INV-11068,8449.17,8449.17,2023-01-05,2023-01-05,27AAAAA2068A1Z5,27AAAAA2068A1Z5
pkt-1069,FUZZY_MATCH,date_shift,medium,Supplier Inc 1069,Supplier Inc 1069,INV-11069,INV-11069,12657.19,12657.19,2023-12-23,2023-12-20,27AAAAA2069A1Z5,27AAAAA2069A1Z5
pkt-1070,CONTRADICTION,major_amount_diff,high,Supplier Ltd 1070,Supplier Ltd 1070,INV-11070,INV-11070,19912.57,39825.140,2023-02-03,2023-02-03,27AAAAA2070A1Z5,27AAAAA2070A1Z5
pkt-1071,FUZZY_MATCH,string_distance,low,Supplier Inc 1071,Suplier Inc 1071,INV-11071,INV11071,2785.89,2785.89,2023-07-17,2023-07-17,27AAAAA2071A1Z5,27AAAAA2071A1Z5
pkt-1072,FUZZY_MATCH,minor_amount_diff,low,Supplier Ltd 1072,Supplier Ltd 1072,INV-11072,INV-11072,13196.37,13196.87,2023-03-03,2023-03-03,27AAAAA2072A1Z5,27AAAAA2072A1Z5
pkt-1073,FUZZY_MATCH,ocr_artifacts,medium,Supplier Corp 1073,Supplier Corp 1073,INV-11073,INV-IIO73,12445.09,12445.10,2023-05-15,2023-05-15,27AAAAA2073A1Z5,27AAAAA2073A1Z5
pkt-1074,EXACT_MATCH,none,none,Supplier Inc 1074,Supplier Inc 1074,INV-11074,INV-11074,26384.44,26384.44,2023-03-01,2023-03-01,27AAAAA2074A1Z5,27AAAAA2074A1Z5
pkt-1075,NO_MATCH,missing_record,high,Supplier Ltd 1075,,INV-11075,,17906.38,,2023-06-28,,27AAAAA2075A1Z5,
pkt-1076,FUZZY_MATCH,ocr_artifacts,medium,Supplier Ltd 1076,Supplier Ltd 1076,INV-11076,INV-IIO76,48751.58,48751.59,2023-09-09,2023-09-09,27AAAAA2076A1Z5,27AAAAA2076A1Z5
pkt-1077,NO_MATCH,different_entity,high,Supplier Corp 1077,Different Supplier Inc,INV-11077,INV-11077,48480.16,48480.16,2023-12-18,2023-12-18,27AAAAA2077A1Z5,27BBBBB1234B1Z5
pkt-1078,CONTRADICTION,major_amount_diff,high,Supplier Ltd 1078,Supplier Ltd 1078,INV-11078,INV-11078,29919.45,59838.900,2023-11-24,2023-11-24,27AAAAA2078A1Z5,27AAAAA2078A1Z5
pkt-1079,NO_MATCH,missing_record,high,Supplier LLC 1079,,INV-11079,,32025.35,,2023-09-10,,27AAAAA2079A1Z5,
pkt-1080,NO_MATCH,invalid_gstin_suffix,high,Supplier LLC 1080,Supplier LLC 1080,INV-11080,INV-11080,27029.44,27029.44,2023-02-15,2023-02-15,27AAAAA2080A1Z5,27AAAAA2080A1ZX
pkt-1081,EXACT_MATCH,none,none,Supplier Inc 1081,Supplier Inc 1081,INV-11081,INV-11081,20668.97,20668.97,2023-03-10,2023-03-10,27AAAAA2081A1Z5,27AAAAA2081A1Z5
pkt-1082,NO_MATCH,missing_record,high,Supplier LLC 1082,,INV-11082,,26213.48,,2023-03-12,,27AAAAA2082A1Z5,
pkt-1083,FUZZY_MATCH,minor_amount_diff,low,Supplier Ltd 1083,Supplier Ltd 1083,INV-11083,INV-11083,26801.43,26800.43,2023-12-16,2023-12-16,27AAAAA2083A1Z5,27AAAAA2083A1Z5
pkt-1084,EXACT_MATCH,none,none,Supplier Corp 1084,Supplier Corp 1084,INV-11084,INV-11084,38316.87,38316.87,2023-05-20,2023-05-20,27AAAAA2084A1Z5,27AAAAA2084A1Z5
pkt-1085,EXACT_MATCH,none,none,Supplier Ltd 1085,Supplier Ltd 1085,INV-11085,INV-11085,27455.79,27455.79,2023-04-14,2023-04-14,27AAAAA2085A1Z5,27AAAAA2085A1Z5
pkt-1086,EXACT_MATCH,none,none,Supplier Ltd 1086,Supplier Ltd 1086,INV-11086,INV-11086,12569.82,12569.82,2023-12-24,2023-12-24,27AAAAA2086A1Z5,27AAAAA2086A1Z5
pkt-1087,CONTRADICTION,major_amount_diff,high,Supplier Corp 1087,Supplier Corp 1087,INV-11087,INV-11087,11107.56,22215.120,2023-02-14,2023-02-14,27AAAAA2087A1Z5,27AAAAA2087A1Z5
pkt-1088,FUZZY_MATCH,minor_amount_diff,low,Supplier LLC 1088,Supplier LLC 1088,INV-11088,INV-11088,38250.46,38251.46,2023-10-26,2023-10-26,27AAAAA2088A1Z5,27AAAAA2088A1Z5
pkt-1089,FUZZY_MATCH,minor_amount_diff,low,Supplier Corp 1089,Supplier Corp 1089,INV-11089,INV-11089,20703.9,20702.90,2023-02-06,2023-02-06,27AAAAA2089A1Z5,27AAAAA2089A1Z5
pkt-1090,EXACT_MATCH,none,none,Supplier LLC 1090,Supplier LLC 1090,INV-11090,INV-11090,31880.95,31880.95,2023-10-15,2023-10-15,27AAAAA2090A1Z5,27AAAAA2090A1Z5
pkt-1091,FUZZY_MATCH,ocr_artifacts,medium,Supplier Inc 1091,Supplier Inc 1091,INV-11091,INV-IIO9I,31175.41,31175.42,2023-04-11,2023-04-11,27AAAAA2091A1Z5,27AAAAA2091A1Z5
pkt-1092,FUZZY_MATCH,string_distance,low,Supplier Corp 1092,Suplier Corp 1092,INV-11092,INV11092,2576.64,2576.64,2023-09-01,2023-09-01,27AAAAA2092A1Z5,27AAAAA2092A1Z5
pkt-1093,EXACT_MATCH,none,none,Supplier Ltd 1093,Supplier Ltd 1093,INV-11093,INV-11093,14177.52,14177.52,2023-03-23,2023-03-23,27AAAAA2093A1Z5,27AAAAA2093A1Z5
pkt-1094,NO_MATCH,missing_record,high,Supplier Inc 1094,,INV-11094,,509.38,,2023-02-05,,27AAAAA2094A1Z5,
pkt-1095,NO_MATCH,invalid_gstin_suffix,high,Supplier Ltd 1095,Supplier Ltd 1095,INV-11095,INV-11095,10937.69,10937.69,2023-07-10,2023-07-10,27AAAAA2095A1Z5,27AAAAA2095A1ZX
pkt-1096,FUZZY_MATCH,ocr_artifacts,medium,Supplier Inc 1096,Supplier Inc 1096,INV-11096,INV-IIO96,23237.85,23237.86,2023-01-11,2023-01-11,27AAAAA2096A1Z5,27AAAAA2096A1Z5
pkt-1097,FUZZY_MATCH,ocr_artifacts,medium,Supplier Ltd 1097,Supplier Ltd 1097,INV-11097,INV-IIO97,2896.31,2896.32,2023-07-03,2023-07-03,27AAAAA2097A1Z5,27AAAAA2097A1Z5
pkt-1098,EXACT_MATCH,none,none,Supplier Ltd 1098,Supplier Ltd 1098,INV-11098,INV-11098,9690.4,9690.4,2023-05-27,2023-05-27,27AAAAA2098A1Z5,27AAAAA2098A1Z5
pkt-1099,NO_MATCH,missing_record,high,Supplier Ltd 1099,,INV-11099,,6185.88,,2023-12-08,,27AAAAA2099A1Z5,
pkt-1100,EXACT_MATCH,none,none,Supplier Ltd 1100,Supplier Ltd 1100,INV-11100,INV-11100,12433.39,12433.39,2023-01-07,2023-01-07,27AAAAA2100A1Z5,27AAAAA2100A1Z5
pkt-1101,NO_MATCH,missing_record,high,Supplier Corp 1101,,INV-11101,,38572.7,,2023-09-22,,27AAAAA2101A1Z5,
pkt-1102,EXACT_MATCH,none,none,Supplier Corp 1102,Supplier Corp 1102,INV-11102,INV-11102,19517.24,19517.24,2023-05-11,2023-05-11,27AAAAA2102A1Z5,27AAAAA2102A1Z5
pkt-1103,FUZZY_MATCH,minor_amount_diff,low,Supplier Inc 1103,Supplier Inc 1103,INV-11103,INV-11103,36439.03,36441.53,2023-12-18,2023-12-18,27AAAAA2103A1Z5,27AAAAA2103A1Z5
pkt-1104,EXACT_MATCH,none,none,Supplier Inc 1104,Supplier Inc 1104,INV-11104,INV-11104,31962.15,31962.15,2023-04-12,2023-04-12,27AAAAA2104A1Z5,27AAAAA2104A1Z5
pkt-1105,NO_MATCH,invalid_gstin_suffix,high,Supplier Ltd 1105,Supplier Ltd 1105,INV-11105,INV-11105,10967.63,10967.63,2023-02-08,2023-02-08,27AAAAA2105A1Z5,27AAAAA2105A1ZX
pkt-1106,EXACT_MATCH,none,none,Supplier Inc 1106,Supplier Inc 1106,INV-11106,INV-11106,851.88,851.88,2023-05-19,2023-05-19,27AAAAA2106A1Z5,27AAAAA2106A1Z5
pkt-1107,EXACT_MATCH,none,none,Supplier Ltd 1107,Supplier Ltd 1107,INV-11107,INV-11107,39478.27,39478.27,2023-01-02,2023-01-02,27AAAAA2107A1Z5,27AAAAA2107A1Z5
pkt-1108,FUZZY_MATCH,date_shift,medium,Supplier Inc 1108,Supplier Inc 1108,INV-11108,INV-11108,29850.99,29850.99,2023-06-25,2023-06-22,27AAAAA2108A1Z5,27AAAAA2108A1Z5
pkt-1109,EXACT_MATCH,none,none,Supplier LLC 1109,Supplier LLC 1109,INV-11109,INV-11109,25045.97,25045.97,2023-11-20,2023-11-20,27AAAAA2109A1Z5,27AAAAA2109A1Z5
pkt-1110,EXACT_MATCH,none,none,Supplier Corp 1110,Supplier Corp 1110,INV-11110,INV-11110,3096.61,3096.61,2023-06-21,2023-06-21,27AAAAA2110A1Z5,27AAAAA2110A1Z5
pkt-1111,FUZZY_MATCH,date_shift,medium,Supplier Ltd 1111,Supplier Ltd 1111,INV-11111,INV-11111,26864.03,26864.03,2023-02-05,2023-02-05,27AAAAA2111A1Z5,27AAAAA2111A1Z5
pkt-1112,NO_MATCH,missing_record,high,Supplier LLC 1112,,INV-11112,,49085.62,,2023-11-25,,27AAAAA2112A1Z5,
pkt-1113,NO_MATCH,invalid_gstin_suffix,high,Supplier Ltd 1113,Supplier Ltd 1113,INV-11113,INV-11113,36686.12,36686.12,2023-01-23,2023-01-23,27AAAAA2113A1Z5,27AAAAA2113A1ZX
pkt-1114,EXACT_MATCH,none,none,Supplier Ltd 1114,Supplier Ltd 1114,INV-11114,INV-11114,36247.52,36247.52,2023-05-02,2023-05-02,27AAAAA2114A1Z5,27AAAAA2114A1Z5
pkt-1115,FUZZY_MATCH,date_shift,medium,Supplier Ltd 1115,Supplier Ltd 1115,INV-11115,INV-11115,21931.25,21931.25,2023-05-18,2023-05-22,27AAAAA2115A1Z5,27AAAAA2115A1Z5
pkt-1116,FUZZY_MATCH,minor_amount_diff,low,Supplier Ltd 1116,Supplier Ltd 1116,INV-11116,INV-11116,9412.67,9413.17,2023-06-11,2023-06-11,27AAAAA2116A1Z5,27AAAAA2116A1Z5
pkt-1117,FUZZY_MATCH,minor_amount_diff,low,Supplier LLC 1117,Supplier LLC 1117,INV-11117,INV-11117,3536.94,3537.94,2023-03-15,2023-03-15,27AAAAA2117A1Z5,27AAAAA2117A1Z5
pkt-1118,EXACT_MATCH,none,none,Supplier Ltd 1118,Supplier Ltd 1118,INV-11118,INV-11118,22758.54,22758.54,2023-11-17,2023-11-17,27AAAAA2118A1Z5,27AAAAA2118A1Z5
pkt-1119,NO_MATCH,different_entity,high,Supplier LLC 1119,Different Supplier Inc,INV-11119,INV-11119,9358.16,9358.16,2023-01-20,2023-01-20,27AAAAA2119A1Z5,27BBBBB1234B1Z5
pkt-1120,FUZZY_MATCH,date_shift,medium,Supplier Ltd 1120,Supplier Ltd 1120,INV-11120,INV-11120,12015.45,12015.45,2023-12-03,2023-12-06,27AAAAA2120A1Z5,27AAAAA2120A1Z5
pkt-1121,NO_MATCH,invalid_gstin_suffix,high,Supplier LLC 1121,Supplier LLC 1121,INV-11121,INV-11121,34192.89,34192.89,2023-09-05,2023-09-05,27AAAAA2121A1Z5,27AAAAA2121A1ZX
pkt-1122,CONTRADICTION,major_amount_diff,high,Supplier Inc 1122,Supplier Inc 1122,INV-11122,INV-11122,20549.25,41098.500,2023-06-04,2023-06-04,27AAAAA2122A1Z5,27AAAAA2122A1Z5
pkt-1123,FUZZY_MATCH,ocr_artifacts,medium,Supplier Corp 1123,Supplier Corp 1123,INV-11123,INV-III23,32978.66,32978.67,2023-01-27,2023-01-27,27AAAAA2123A1Z5,27AAAAA2123A1Z5
pkt-1124,FUZZY_MATCH,date_shift,medium,Supplier Ltd 1124,Supplier Ltd 1124,INV-11124,INV-11124,43687.29,43687.29,2023-04-04,2023-03-31,27AAAAA2124A1Z5,27AAAAA2124A1Z5
pkt-1125,EXACT_MATCH,none,none,Supplier Ltd 1125,Supplier Ltd 1125,INV-11125,INV-11125,1687.68,1687.68,2023-11-27,2023-11-27,27AAAAA2125A1Z5,27AAAAA2125A1Z5
pkt-1126,EXACT_MATCH,none,none,Supplier LLC 1126,Supplier LLC 1126,INV-11126,INV-11126,24546.49,24546.49,2023-10-23,2023-10-23,27AAAAA2126A1Z5,27AAAAA2126A1Z5
pkt-1127,EXACT_MATCH,none,none,Supplier Inc 1127,Supplier Inc 1127,INV-11127,INV-11127,18381.07,18381.07,2023-10-23,2023-10-23,27AAAAA2127A1Z5,27AAAAA2127A1Z5
pkt-1128,FUZZY_MATCH,string_distance,low,Supplier Ltd 1128,Suplier Ltd 1128,INV-11128,INV11128,46517.53,46517.53,2023-04-21,2023-04-21,27AAAAA2128A1Z5,27AAAAA2128A1Z5
pkt-1129,CONTRADICTION,major_amount_diff,high,Supplier LLC 1129,Supplier LLC 1129,INV-11129,INV-11129,23456.15,46912.300,2023-11-02,2023-11-02,27AAAAA2129A1Z5,27AAAAA2129A1Z5
pkt-1130,EXACT_MATCH,none,none,Supplier LLC 1130,Supplier LLC 1130,INV-11130,INV-11130,37199.52,37199.52,2023-07-27,2023-07-27,27AAAAA2130A1Z5,27AAAAA2130A1Z5
pkt-1131,EXACT_MATCH,none,none,Supplier Inc 1131,Supplier Inc 1131,INV-11131,INV-11131,3009.17,3009.17,2023-10-09,2023-10-09,27AAAAA2131A1Z5,27AAAAA2131A1Z5
pkt-1132,CONTRADICTION,major_amount_diff,high,Supplier Corp 1132,Supplier Corp 1132,INV-11132,INV-11132,3612.37,7224.740,2023-05-03,2023-05-03,27AAAAA2132A1Z5,27AAAAA2132A1Z5
pkt-1133,FUZZY_MATCH,date_shift,medium,Supplier Ltd 1133,Supplier Ltd 1133,INV-11133,INV-11133,4946.25,4946.25,2023-12-08,2023-12-06,27AAAAA2133A1Z5,27AAAAA2133A1Z5
pkt-1134,CONTRADICTION,major_amount_diff,high,Supplier Corp 1134,Supplier Corp 1134,INV-11134,INV-11134,26356.98,52713.960,2023-04-19,2023-04-19,27AAAAA2134A1Z5,27AAAAA2134A1Z5
pkt-1135,EXACT_MATCH,none,none,Supplier Inc 1135,Supplier Inc 1135,INV-11135,INV-11135,37484.8,37484.8,2023-07-24,2023-07-24,27AAAAA2135A1Z5,27AAAAA2135A1Z5
pkt-1136,FUZZY_MATCH,string_distance,low,Supplier Ltd 1136,Suplier Ltd 1136,INV-11136,INV11136,28870.53,28870.53,2023-11-15,2023-11-15,27AAAAA2136A1Z5,27AAAAA2136A1Z5
pkt-1137,CONTRADICTION,major_amount_diff,high,Supplier Ltd 1137,Supplier Ltd 1137,INV-11137,INV-11137,8423.79,16847.580,2023-03-18,2023-03-18,27AAAAA2137A1Z5,27AAAAA2137A1Z5
pkt-1138,NO_MATCH,invalid_gstin_suffix,high,Supplier Ltd 1138,Supplier Ltd 1138,INV-11138,INV-11138,16941.89,16941.89,2023-03-18,2023-03-18,27AAAAA2138A1Z5,27AAAAA2138A1ZX
pkt-1139,EXACT_MATCH,none,none,Supplier LLC 1139,Supplier LLC 1139,INV-11139,INV-11139,45134.0,45134.0,2023-09-11,2023-09-11,27AAAAA2139A1Z5,27AAAAA2139A1Z5
pkt-1140,NO_MATCH,different_entity,high,Supplier LLC 1140,Different Supplier Inc,INV-11140,INV-11140,38232.8,38232.8,2023-07-27,2023-07-27,27AAAAA2140A1Z5,27BBBBB1234B1Z5
pkt-1141,CONTRADICTION,major_amount_diff,high,Supplier Ltd 1141,Supplier Ltd 1141,INV-11141,INV-11141,12112.06,24224.120,2023-09-07,2023-09-07,27AAAAA2141A1Z5,27AAAAA2141A1Z5
pkt-1142,NO_MATCH,missing_record,high,Supplier Ltd 1142,,INV-11142,,46314.73,,2023-05-12,,27AAAAA2142A1Z5,
pkt-1143,FUZZY_MATCH,minor_amount_diff,low,Supplier Inc 1143,Supplier Inc 1143,INV-11143,INV-11143,47995.24,47994.24,2023-01-24,2023-01-24,27AAAAA2143A1Z5,27AAAAA2143A1Z5
pkt-1144,FUZZY_MATCH,date_shift,medium,Supplier LLC 1144,Supplier LLC 1144,INV-11144,INV-11144,25928.71,25928.71,2023-05-01,2023-04-29,27AAAAA2144A1Z5,27AAAAA2144A1Z5
pkt-1145,CONTRADICTION,major_amount_diff,high,Supplier LLC 1145,Supplier LLC 1145,INV-11145,INV-11145,42800.45,85600.900,2023-01-25,2023-01-25,27AAAAA2145A1Z5,27AAAAA2145A1Z5
pkt-1146,FUZZY_MATCH,string_distance,low,Supplier Corp 1146,Suplier Corp 1146,INV-11146,INV11146,25612.45,25612.45,2023-10-19,2023-10-19,27AAAAA2146A1Z5,27AAAAA2146A1Z5
pkt-1147,FUZZY_MATCH,minor_amount_diff,low,Supplier Corp 1147,Supplier Corp 1147,INV-11147,INV-11147,1983.04,1984.04,2023-06-05,2023-06-05,27AAAAA2147A1Z5,27AAAAA2147A1Z5
pkt-1148,FUZZY_MATCH,minor_amount_diff,low,Supplier LLC 1148,Supplier LLC 1148,INV-11148,INV-11148,44492.31,44491.31,2023-04-08,2023-04-08,27AAAAA2148A1Z5,27AAAAA2148A1Z5
pkt-1149,EXACT_MATCH,none,none,Supplier Inc 1149,Supplier Inc 1149,INV-11149,INV-11149,28567.31,28567.31,2023-10-07,2023-10-07,27AAAAA2149A1Z5,27AAAAA2149A1Z5
pkt-1150,EXACT_MATCH,none,none,Supplier Ltd 1150,Supplier Ltd 1150,INV-11150,INV-11150,16302.13,16302.13,2023-08-06,2023-08-06,27AAAAA2150A1Z5,27AAAAA2150A1Z5
pkt-1151,EXACT_MATCH,none,none,Supplier LLC 1151,Supplier LLC 1151,INV-11151,INV-11151,35172.11,35172.11,2023-02-20,2023-02-20,27AAAAA2151A1Z5,27AAAAA2151A1Z5
pkt-1152,EXACT_MATCH,none,none,Supplier Inc 1152,Supplier Inc 1152,INV-11152,INV-11152,36566.39,36566.39,2023-10-13,2023-10-13,27AAAAA2152A1Z5,27AAAAA2152A1Z5
pkt-1153,EXACT_MATCH,none,none,Supplier Ltd 1153,Supplier Ltd 1153,INV-11153,INV-11153,46101.39,46101.39,2023-06-12,2023-06-12,27AAAAA2153A1Z5,27AAAAA2153A1Z5
pkt-1154,EXACT_MATCH,none,none,Supplier Corp 1154,Supplier Corp 1154,INV-11154,INV-11154,46519.28,46519.28,2023-02-28,2023-02-28,27AAAAA2154A1Z5,27AAAAA2154A1Z5
pkt-1155,EXACT_MATCH,none,none,Supplier Ltd 1155,Supplier Ltd 1155,INV-11155,INV-11155,32673.68,32673.68,2023-10-01,2023-10-01,27AAAAA2155A1Z5,27AAAAA2155A1Z5
pkt-1156,NO_MATCH,invalid_gstin_suffix,high,Supplier Corp 1156,Supplier Corp 1156,INV-11156,INV-11156,15308.69,15308.69,2023-01-11,2023-01-11,27AAAAA2156A1Z5,27AAAAA2156A1ZX
pkt-1157,EXACT_MATCH,none,none,Supplier Inc 1157,Supplier Inc 1157,INV-11157,INV-11157,25169.84,25169.84,2023-04-05,2023-04-05,27AAAAA2157A1Z5,27AAAAA2157A1Z5
pkt-1158,FUZZY_MATCH,date_shift,medium,Supplier Inc 1158,Supplier Inc 1158,INV-11158,INV-11158,36605.77,36605.77,2023-07-15,2023-07-16,27AAAAA2158A1Z5,27AAAAA2158A1Z5
pkt-1159,NO_MATCH,invalid_gstin_suffix,high,Supplier Corp 1159,Supplier Corp 1159,INV-11159,INV-11159,14560.17,14560.17,2023-07-05,2023-07-05,27AAAAA2159A1Z5,27AAAAA2159A1ZX
pkt-1160,CONTRADICTION,major_amount_diff,high,Supplier Inc 1160,Supplier Inc 1160,INV-11160,INV-11160,4219.0,8438.00,2023-10-24,2023-10-24,27AAAAA2160A1Z5,27AAAAA2160A1Z5
pkt-1161,EXACT_MATCH,none,none,Supplier Ltd 1161,Supplier Ltd 1161,INV-11161,INV-11161,20019.65,20019.65,2023-02-13,2023-02-13,27AAAAA2161A1Z5,27AAAAA2161A1Z5
pkt-1162,NO_MATCH,missing_record,high,Supplier Corp 1162,,INV-11162,,6605.72,,2023-03-16,,27AAAAA2162A1Z5,
pkt-1163,FUZZY_MATCH,date_shift,medium,Supplier Corp 1163,Supplier Corp 1163,INV-11163,INV-11163,19826.41,19826.41,2023-10-07,2023-10-03,27AAAAA2163A1Z5,27AAAAA2163A1Z5
pkt-1164,FUZZY_MATCH,string_distance,low,Supplier Inc 1164,Suplier Inc 1164,INV-11164,INV11164,13386.23,13386.23,2023-07-11,2023-07-11,27AAAAA2164A1Z5,27AAAAA2164A1Z5
pkt-1165,FUZZY_MATCH,date_shift,medium,Supplier LLC 1165,Supplier LLC 1165,INV-11165,INV-11165,33620.2,33620.2,2023-07-12,2023-07-12,27AAAAA2165A1Z5,27AAAAA2165A1Z5
pkt-1166,FUZZY_MATCH,ocr_artifacts,medium,Supplier LLC 1166,Supplier LLC 1166,INV-11166,INV-III66,17291.79,17291.80,2023-11-01,2023-11-01,27AAAAA2166A1Z5,27AAAAA2166A1Z5
pkt-1167,NO_MATCH,different_entity,high,Supplier Ltd 1167,Different Supplier Inc,INV-11167,INV-11167,49383.83,49383.83,2023-10-27,2023-10-27,27AAAAA2167A1Z5,27BBBBB1234B1Z5
pkt-1168,FUZZY_MATCH,date_shift,medium,Supplier Corp 1168,Supplier Corp 1168,INV-11168,INV-11168,7376.34,7376.34,2023-01-27,2023-02-01,27AAAAA2168A1Z5,27AAAAA2168A1Z5
pkt-1169,FUZZY_MATCH,string_distance,low,Supplier Inc 1169,Suplier Inc 1169,INV-11169,INV11169,18753.66,18753.66,2023-12-28,2023-12-28,27AAAAA2169A1Z5,27AAAAA2169A1Z5
pkt-1170,FUZZY_MATCH,minor_amount_diff,low,Supplier Corp 1170,Supplier Corp 1170,INV-11170,INV-11170,37005.12,37004.12,2023-04-20,2023-04-20,27AAAAA2170A1Z5,27AAAAA2170A1Z5
pkt-1171,NO_MATCH,missing_record,high,Supplier Ltd 1171,,INV-11171,,17229.24,,2023-02-10,,27AAAAA2171A1Z5,
pkt-1172,FUZZY_MATCH,date_shift,medium,Supplier Corp 1172,Supplier Corp 1172,INV-11172,INV-11172,1235.13,1235.13,2023-04-24,2023-04-27,27AAAAA2172A1Z5,27AAAAA2172A1Z5
pkt-1173,NO_MATCH,different_entity,high,Supplier Ltd 1173,Different Supplier Inc,INV-11173,INV-11173,26210.97,26210.97,2023-05-18,2023-05-18,27AAAAA2173A1Z5,27BBBBB1234B1Z5
pkt-1174,EXACT_MATCH,none,none,Supplier Inc 1174,Supplier Inc 1174,INV-11174,INV-11174,36523.19,36523.19,2023-03-23,2023-03-23,27AAAAA2174A1Z5,27AAAAA2174A1Z5
pkt-1175,FUZZY_MATCH,minor_amount_diff,low,Supplier Inc 1175,Supplier Inc 1175,INV-11175,INV-11175,29191.95,29192.45,2023-11-17,2023-11-17,27AAAAA2175A1Z5,27AAAAA2175A1Z5
pkt-1176,EXACT_MATCH,none,none,Supplier LLC 1176,Supplier LLC 1176,INV-11176,INV-11176,3099.49,3099.49,2023-04-26,2023-04-26,27AAAAA2176A1Z5,27AAAAA2176A1Z5
pkt-1177,EXACT_MATCH,none,none,Supplier Ltd 1177,Supplier Ltd 1177,INV-11177,INV-11177,23301.54,23301.54,2023-01-03,2023-01-03,27AAAAA2177A1Z5,27AAAAA2177A1Z5
pkt-1178,EXACT_MATCH,none,none,Supplier Inc 1178,Supplier Inc 1178,INV-11178,INV-11178,13638.39,13638.39,2023-11-12,2023-11-12,27AAAAA2178A1Z5,27AAAAA2178A1Z5
pkt-1179,EXACT_MATCH,none,none,Supplier Corp 1179,Supplier Corp 1179,INV-11179,INV-11179,14695.53,14695.53,2023-11-13,2023-11-13,27AAAAA2179A1Z5,27AAAAA2179A1Z5
pkt-1180,NO_MATCH,missing_record,high,Supplier LLC 1180,,INV-11180,,25476.16,,2023-12-04,,27AAAAA2180A1Z5,
pkt-1181,FUZZY_MATCH,date_shift,medium,Supplier Corp 1181,Supplier Corp 1181,INV-11181,INV-11181,43351.96,43351.96,2023-09-03,2023-09-06,27AAAAA2181A1Z5,27AAAAA2181A1Z5
pkt-1182,EXACT_MATCH,none,none,Supplier Inc 1182,Supplier Inc 1182,INV-11182,INV-11182,48342.89,48342.89,2023-09-23,2023-09-23,27AAAAA2182A1Z5,27AAAAA2182A1Z5
pkt-1183,NO_MATCH,missing_record,high,Supplier LLC 1183,,INV-11183,,12444.87,,2023-09-10,,27AAAAA2183A1Z5,
pkt-1184,EXACT_MATCH,none,none,Supplier LLC 1184,Supplier LLC 1184,INV-11184,INV-11184,19730.65,19730.65,2023-03-01,2023-03-01,27AAAAA2184A1Z5,27AAAAA2184A1Z5
pkt-1185,CONTRADICTION,major_amount_diff,high,Supplier Corp 1185,Supplier Corp 1185,INV-11185,INV-11185,17660.46,35320.920,2023-11-10,2023-11-10,27AAAAA2185A1Z5,27AAAAA2185A1Z5
pkt-1186,EXACT_MATCH,none,none,Supplier LLC 1186,Supplier LLC 1186,INV-11186,INV-11186,13866.33,13866.33,2023-01-21,2023-01-21,27AAAAA2186A1Z5,27AAAAA2186A1Z5
pkt-1187,FUZZY_MATCH,date_shift,medium,Supplier LLC 1187,Supplier LLC 1187,INV-11187,INV-11187,44531.06,44531.06,2023-01-18,2023-01-15,27AAAAA2187A1Z5,27AAAAA2187A1Z5
pkt-1188,FUZZY_MATCH,string_distance,low,Supplier Corp 1188,Suplier Corp 1188,INV-11188,INV11188,17155.13,17155.13,2023-07-22,2023-07-22,27AAAAA2188A1Z5,27AAAAA2188A1Z5
pkt-1189,EXACT_MATCH,none,none,Supplier Corp 1189,Supplier Corp 1189,INV-11189,INV-11189,36521.49,36521.49,2023-09-22,2023-09-22,27AAAAA2189A1Z5,27AAAAA2189A1Z5
pkt-1190,NO_MATCH,different_entity,high,Supplier LLC 1190,Different Supplier Inc,INV-11190,INV-11190,12094.0,12094.0,2023-03-14,2023-03-14,27AAAAA2190A1Z5,27BBBBB1234B1Z5
pkt-1191,EXACT_MATCH,none,none,Supplier Corp 1191,Supplier Corp 1191,INV-11191,INV-11191,16531.31,16531.31,2023-09-05,2023-09-05,27AAAAA2191A1Z5,27AAAAA2191A1Z5
pkt-1192,FUZZY_MATCH,ocr_artifacts,medium,Supplier Corp 1192,Supplier Corp 1192,INV-11192,INV-III92,7014.97,7014.98,2023-09-22,2023-09-22,27AAAAA2192A1Z5,27AAAAA2192A1Z5
pkt-1193,EXACT_MATCH,none,none,Supplier Corp 1193,Supplier Corp 1193,INV-11193,INV-11193,15519.02,15519.02,2023-12-17,2023-12-17,27AAAAA2193A1Z5,27AAAAA2193A1Z5
pkt-1194,NO_MATCH,invalid_gstin_suffix,high,Supplier Corp 1194,Supplier Corp 1194,INV-11194,INV-11194,49784.72,49784.72,2023-03-21,2023-03-21,27AAAAA2194A1Z5,27AAAAA2194A1ZX
pkt-1195,FUZZY_MATCH,ocr_artifacts,medium,Supplier Inc 1195,Supplier Inc 1195,INV-11195,INV-III95,3483.92,3483.93,2023-09-24,2023-09-24,27AAAAA2195A1Z5,27AAAAA2195A1Z5
pkt-1196,NO_MATCH,invalid_gstin_suffix,high,Supplier Inc 1196,Supplier Inc 1196,INV-11196,INV-11196,15948.12,15948.12,2023-03-24,2023-03-24,27AAAAA2196A1Z5,27AAAAA2196A1ZX
pkt-1197,NO_MATCH,missing_record,high,Supplier LLC 1197,,INV-11197,,44018.58,,2023-07-14,,27AAAAA2197A1Z5,
pkt-1198,FUZZY_MATCH,ocr_artifacts,medium,Supplier LLC 1198,Supplier LLC 1198,INV-11198,INV-III98,37305.93,37305.94,2023-11-24,2023-11-24,27AAAAA2198A1Z5,27AAAAA2198A1Z5
pkt-1199,EXACT_MATCH,none,none,Supplier Corp 1199,Supplier Corp 1199,INV-11199,INV-11199,38977.48,38977.48,2023-02-05,2023-02-05,27AAAAA2199A1Z5,27AAAAA2199A1Z5
pkt-1200,NO_MATCH,different_entity,high,Supplier LLC 1200,Different Supplier Inc,INV-11200,INV-11200,38146.13,38146.13,2023-10-20,2023-10-20,27AAAAA2200A1Z5,27BBBBB1234B1Z5
pkt-1201,FUZZY_MATCH,date_shift,medium,Supplier Corp 1201,Supplier Corp 1201,INV-11201,INV-11201,28395.45,28395.45,2023-04-20,2023-04-25,27AAAAA2201A1Z5,27AAAAA2201A1Z5
pkt-1202,FUZZY_MATCH,ocr_artifacts,medium,Supplier Ltd 1202,Supplier Ltd 1202,INV-11202,INV-II2O2,1401.62,1401.63,2023-02-23,2023-02-23,27AAAAA2202A1Z5,27AAAAA2202A1Z5
pkt-1203,FUZZY_MATCH,ocr_artifacts,medium,Supplier LLC 1203,Supplier LLC 1203,INV-11203,INV-II2O3,25166.0,25166.01,2023-10-16,2023-10-16,27AAAAA2203A1Z5,27AAAAA2203A1Z5
pkt-1204,FUZZY_MATCH,ocr_artifacts,medium,Supplier Corp 1204,Supplier Corp 1204,INV-11204,INV-II2O4,42621.26,42621.27,2023-08-16,2023-08-16,27AAAAA2204A1Z5,27AAAAA2204A1Z5
pkt-1205,FUZZY_MATCH,minor_amount_diff,low,Supplier Inc 1205,Supplier Inc 1205,INV-11205,INV-11205,9743.67,9746.17,2023-01-14,2023-01-14,27AAAAA2205A1Z5,27AAAAA2205A1Z5
pkt-1206,FUZZY_MATCH,string_distance,low,Supplier Corp 1206,Suplier Corp 1206,INV-11206,INV11206,11205.46,11205.46,2023-11-07,2023-11-07,27AAAAA2206A1Z5,27AAAAA2206A1Z5
pkt-1207,EXACT_MATCH,none,none,Supplier Ltd 1207,Supplier Ltd 1207,INV-11207,INV-11207,8936.2,8936.2,2023-08-28,2023-08-28,27AAAAA2207A1Z5,27AAAAA2207A1Z5
pkt-1208,EXACT_MATCH,none,none,Supplier Ltd 1208,Supplier Ltd 1208,INV-11208,INV-11208,16312.29,16312.29,2023-08-08,2023-08-08,27AAAAA2208A1Z5,27AAAAA2208A1Z5
pkt-1209,EXACT_MATCH,none,none,Supplier Ltd 1209,Supplier Ltd 1209,INV-11209,INV-11209,38833.11,38833.11,2023-10-24,2023-10-24,27AAAAA2209A1Z5,27AAAAA2209A1Z5
pkt-1210,CONTRADICTION,major_amount_diff,high,Supplier Inc 1210,Supplier Inc 1210,INV-11210,INV-11210,15713.58,31427.160,2023-10-24,2023-10-24,27AAAAA2210A1Z5,27AAAAA2210A1Z5
pkt-1211,FUZZY_MATCH,date_shift,medium,Supplier Inc 1211,Supplier Inc 1211,INV-11211,INV-11211,5554.88,5554.88,2023-08-27,2023-08-30,27AAAAA2211A1Z5,27AAAAA2211A1Z5
pkt-1212,CONTRADICTION,major_amount_diff,high,Supplier Ltd 1212,Supplier Ltd 1212,INV-11212,INV-11212,26939.67,53879.340,2023-12-02,2023-12-02,27AAAAA2212A1Z5,27AAAAA2212A1Z5
pkt-1213,NO_MATCH,missing_record,high,Supplier LLC 1213,,INV-11213,,38281.48,,2023-01-07,,27AAAAA2213A1Z5,
pkt-1214,NO_MATCH,missing_record,high,Supplier LLC 1214,,INV-11214,,19962.19,,2023-05-25,,27AAAAA2214A1Z5,
pkt-1215,EXACT_MATCH,none,none,Supplier Inc 1215,Supplier Inc 1215,INV-11215,INV-11215,8407.68,8407.68,2023-05-20,2023-05-20,27AAAAA2215A1Z5,27AAAAA2215A1Z5
pkt-1216,FUZZY_MATCH,string_distance,low,Supplier Ltd 1216,Suplier Ltd 1216,INV-11216,INV11216,25896.79,25896.79,2023-03-15,2023-03-15,27AAAAA2216A1Z5,27AAAAA2216A1Z5
pkt-1217,EXACT_MATCH,none,none,Supplier Corp 1217,Supplier Corp 1217,INV-11217,INV-11217,36160.07,36160.07,2023-02-06,2023-02-06,27AAAAA2217A1Z5,27AAAAA2217A1Z5
pkt-1218,NO_MATCH,missing_record,high,Supplier Corp 1218,,INV-11218,,20736.61,,2023-08-01,,27AAAAA2218A1Z5,
pkt-1219,FUZZY_MATCH,string_distance,low,Supplier Ltd 1219,Suplier Ltd 1219,INV-11219,INV11219,29556.74,29556.74,2023-12-07,2023-12-07,27AAAAA2219A1Z5,27AAAAA2219A1Z5
pkt-1220,EXACT_MATCH,none,none,Supplier Corp 1220,Supplier Corp 1220,INV-11220,INV-11220,12579.11,12579.11,2023-12-21,2023-12-21,27AAAAA2220A1Z5,27AAAAA2220A1Z5
pkt-1221,EXACT_MATCH,none,none,Supplier Ltd 1221,Supplier Ltd 1221,INV-11221,INV-11221,36689.79,36689.79,2023-02-04,2023-02-04,27AAAAA2221A1Z5,27AAAAA2221A1Z5
pkt-1222,EXACT_MATCH,none,none,Supplier Ltd 1222,Supplier Ltd 1222,INV-11222,INV-11222,18210.88,18210.88,2023-09-23,2023-09-23,27AAAAA2222A1Z5,27AAAAA2222A1Z5
pkt-1223,EXACT_MATCH,none,none,Supplier Corp 1223,Supplier Corp 1223,INV-11223,INV-11223,39574.22,39574.22,2023-09-20,2023-09-20,27AAAAA2223A1Z5,27AAAAA2223A1Z5
pkt-1224,NO_MATCH,invalid_gstin_suffix,high,Supplier Corp 1224,Supplier Corp 1224,INV-11224,INV-11224,27562.26,27562.26,2023-01-25,2023-01-25,27AAAAA2224A1Z5,27AAAAA2224A1ZX
pkt-1225,FUZZY_MATCH,ocr_artifacts,medium,Supplier Corp 1225,Supplier Corp 1225,INV-11225,INV-II225,28318.03,28318.04,2023-11-28,2023-11-28,27AAAAA2225A1Z5,27AAAAA2225A1Z5
pkt-1226,EXACT_MATCH,none,none,Supplier Inc 1226,Supplier Inc 1226,INV-11226,INV-11226,43454.05,43454.05,2023-03-25,2023-03-25,27AAAAA2226A1Z5,27AAAAA2226A1Z5
pkt-1227,FUZZY_MATCH,minor_amount_diff,low,Supplier Ltd 1227,Supplier Ltd 1227,INV-11227,INV-11227,15472.3,15472.80,2023-12-25,2023-12-25,27AAAAA2227A1Z5,27AAAAA2227A1Z5
pkt-1228,NO_MATCH,different_entity,high,Supplier Inc 1228,Different Supplier Inc,INV-11228,INV-11228,5965.94,5965.94,2023-03-07,2023-03-07,27AAAAA2228A1Z5,27BBBBB1234B1Z5
pkt-1229,NO_MATCH,missing_record,high,Supplier Ltd 1229,,INV-11229,,38293.25,,2023-01-15,,27AAAAA2229A1Z5,
pkt-1230,FUZZY_MATCH,date_shift,medium,Supplier Ltd 1230,Supplier Ltd 1230,INV-11230,INV-11230,27220.71,27220.71,2023-01-20,2023-01-18,27AAAAA2230A1Z5,27AAAAA2230A1Z5
pkt-1231,NO_MATCH,missing_record,high,Supplier Ltd 1231,,INV-11231,,29484.23,,2023-08-15,,27AAAAA2231A1Z5,
pkt-1232,CONTRADICTION,major_amount_diff,high,Supplier Corp 1232,Supplier Corp 1232,INV-11232,INV-11232,4062.31,8124.620,2023-10-01,2023-10-01,27AAAAA2232A1Z5,27AAAAA2232A1Z5
pkt-1233,EXACT_MATCH,none,none,Supplier Corp 1233,Supplier Corp 1233,INV-11233,INV-11233,13977.84,13977.84,2023-11-18,2023-11-18,27AAAAA2233A1Z5,27AAAAA2233A1Z5
pkt-1234,EXACT_MATCH,none,none,Supplier LLC 1234,Supplier LLC 1234,INV-11234,INV-11234,9323.52,9323.52,2023-01-21,2023-01-21,27AAAAA2234A1Z5,27AAAAA2234A1Z5
pkt-1235,NO_MATCH,invalid_gstin_suffix,high,Supplier LLC 1235,Supplier LLC 1235,INV-11235,INV-11235,7354.18,7354.18,2023-01-22,2023-01-22,27AAAAA2235A1Z5,27AAAAA2235A1ZX
pkt-1236,FUZZY_MATCH,ocr_artifacts,medium,Supplier Ltd 1236,Supplier Ltd 1236,INV-11236,INV-II236,46027.2,46027.21,2023-01-04,2023-01-04,27AAAAA2236A1Z5,27AAAAA2236A1Z5
pkt-1237,NO_MATCH,missing_record,high,Supplier Corp 1237,,INV-11237,,8150.63,,2023-05-20,,27AAAAA2237A1Z5,
pkt-1238,FUZZY_MATCH,minor_amount_diff,low,Supplier Inc 1238,Supplier Inc 1238,INV-11238,INV-11238,37491.81,37492.81,2023-06-02,2023-06-02,27AAAAA2238A1Z5,27AAAAA2238A1Z5
pkt-1239,EXACT_MATCH,none,none,Supplier Inc 1239,Supplier Inc 1239,INV-11239,INV-11239,18491.61,18491.61,2023-07-27,2023-07-27,27AAAAA2239A1Z5,27AAAAA2239A1Z5
pkt-1240,FUZZY_MATCH,ocr_artifacts,medium,Supplier Ltd 1240,Supplier Ltd 1240,INV-11240,INV-II24O,42181.15,42181.16,2023-02-10,2023-02-10,27AAAAA2240A1Z5,27AAAAA2240A1Z5
pkt-1241,CONTRADICTION,major_amount_diff,high,Supplier Ltd 1241,Supplier Ltd 1241,INV-11241,INV-11241,6188.96,12377.920,2023-05-11,2023-05-11,27AAAAA2241A1Z5,27AAAAA2241A1Z5
pkt-1242,FUZZY_MATCH,string_distance,low,Supplier Inc 1242,Suplier Inc 1242,INV-11242,INV11242,10571.28,10571.28,2023-04-20,2023-04-20,27AAAAA2242A1Z5,27AAAAA2242A1Z5
pkt-1243,NO_MATCH,missing_record,high,Supplier Inc 1243,,INV-11243,,28611.22,,2023-11-17,,27AAAAA2243A1Z5,
pkt-1244,EXACT_MATCH,none,none,Supplier LLC 1244,Supplier LLC 1244,INV-11244,INV-11244,36231.3,36231.3,2023-10-26,2023-10-26,27AAAAA2244A1Z5,27AAAAA2244A1Z5
pkt-1245,FUZZY_MATCH,ocr_artifacts,medium,Supplier LLC 1245,Supplier LLC 1245,INV-11245,INV-II245,30481.35,30481.36,2023-06-09,2023-06-09,27AAAAA2245A1Z5,27AAAAA2245A1Z5
pkt-1246,NO_MATCH,missing_record,high,Supplier Ltd 1246,,INV-11246,,30753.07,,2023-08-17,,27AAAAA2246A1Z5,
pkt-1247,FUZZY_MATCH,date_shift,medium,Supplier LLC 1247,Supplier LLC 1247,INV-11247,INV-11247,40418.22,40418.22,2023-10-08,2023-10-03,27AAAAA2247A1Z5,27AAAAA2247A1Z5
pkt-1248,EXACT_MATCH,none,none,Supplier Inc 1248,Supplier Inc 1248,INV-11248,INV-11248,5998.54,5998.54,2023-08-21,2023-08-21,27AAAAA2248A1Z5,27AAAAA2248A1Z5
pkt-1249,EXACT_MATCH,none,none,Supplier Ltd 1249,Supplier Ltd 1249,INV-11249,INV-11249,42418.68,42418.68,2023-10-14,2023-10-14,27AAAAA2249A1Z5,27AAAAA2249A1Z5
pkt-1250,EXACT_MATCH,none,none,Supplier Corp 1250,Supplier Corp 1250,INV-11250,INV-11250,16756.23,16756.23,2023-09-26,2023-09-26,27AAAAA2250A1Z5,27AAAAA2250A1Z5
pkt-1251,FUZZY_MATCH,string_distance,low,Supplier LLC 1251,Suplier LLC 1251,INV-11251,INV11251,32066.85,32066.85,2023-12-10,2023-12-10,27AAAAA2251A1Z5,27AAAAA2251A1Z5
pkt-1252,EXACT_MATCH,none,none,Supplier LLC 1252,Supplier LLC 1252,INV-11252,INV-11252,15457.85,15457.85,2023-09-18,2023-09-18,27AAAAA2252A1Z5,27AAAAA2252A1Z5
pkt-1253,EXACT_MATCH,none,none,Supplier Ltd 1253,Supplier Ltd 1253,INV-11253,INV-11253,5780.45,5780.45,2023-06-11,2023-06-11,27AAAAA2253A1Z5,27AAAAA2253A1Z5
pkt-1254,FUZZY_MATCH,date_shift,medium,Supplier Corp 1254,Supplier Corp 1254,INV-11254,INV-11254,28489.18,28489.18,2023-01-27,2023-01-27,27AAAAA2254A1Z5,27AAAAA2254A1Z5
pkt-1255,EXACT_MATCH,none,none,Supplier Ltd 1255,Supplier Ltd 1255,INV-11255,INV-11255,41707.88,41707.88,2023-11-16,2023-11-16,27AAAAA2255A1Z5,27AAAAA2255A1Z5
pkt-1256,CONTRADICTION,major_amount_diff,high,Supplier Ltd 1256,Supplier Ltd 1256,INV-11256,INV-11256,32318.05,64636.100,2023-08-05,2023-08-05,27AAAAA2256A1Z5,27AAAAA2256A1Z5
pkt-1257,EXACT_MATCH,none,none,Supplier Ltd 1257,Supplier Ltd 1257,INV-11257,INV-11257,44806.84,44806.84,2023-08-26,2023-08-26,27AAAAA2257A1Z5,27AAAAA2257A1Z5
pkt-1258,CONTRADICTION,major_amount_diff,high,Supplier LLC 1258,Supplier LLC 1258,INV-11258,INV-11258,2895.51,5791.020,2023-09-10,2023-09-10,27AAAAA2258A1Z5,27AAAAA2258A1Z5
pkt-1259,NO_MATCH,invalid_gstin_suffix,high,Supplier LLC 1259,Supplier LLC 1259,INV-11259,INV-11259,26840.69,26840.69,2023-04-19,2023-04-19,27AAAAA2259A1Z5,27AAAAA2259A1ZX
pkt-1260,NO_MATCH,invalid_gstin_suffix,high,Supplier Inc 1260,Supplier Inc 1260,INV-11260,INV-11260,3404.03,3404.03,2023-03-09,2023-03-09,27AAAAA2260A1Z5,27AAAAA2260A1ZX
pkt-1261,NO_MATCH,different_entity,high,Supplier Corp 1261,Different Supplier Inc,INV-11261,INV-11261,49182.58,49182.58,2023-11-18,2023-11-18,27AAAAA2261A1Z5,27BBBBB1234B1Z5
pkt-1262,FUZZY_MATCH,minor_amount_diff,low,Supplier Inc 1262,Supplier Inc 1262,INV-11262,INV-11262,30323.89,30324.89,2023-03-20,2023-03-20,27AAAAA2262A1Z5,27AAAAA2262A1Z5
pkt-1263,NO_MATCH,missing_record,high,Supplier Inc 1263,,INV-11263,,35521.02,,2023-05-14,,27AAAAA2263A1Z5,
pkt-1264,FUZZY_MATCH,date_shift,medium,Supplier LLC 1264,Supplier LLC 1264,INV-11264,INV-11264,43864.73,43864.73,2023-06-15,2023-06-18,27AAAAA2264A1Z5,27AAAAA2264A1Z5
pkt-1265,FUZZY_MATCH,date_shift,medium,Supplier Inc 1265,Supplier Inc 1265,INV-11265,INV-11265,15185.68,15185.68,2023-02-12,2023-02-08,27AAAAA2265A1Z5,27AAAAA2265A1Z5
pkt-1266,CONTRADICTION,major_amount_diff,high,Supplier Ltd 1266,Supplier Ltd 1266,INV-11266,INV-11266,22244.33,44488.660,2023-01-26,2023-01-26,27AAAAA2266A1Z5,27AAAAA2266A1Z5
pkt-1267,NO_MATCH,invalid_gstin_suffix,high,Supplier LLC 1267,Supplier LLC 1267,INV-11267,INV-11267,7788.48,7788.48,2023-06-16,2023-06-16,27AAAAA2267A1Z5,27AAAAA2267A1ZX
pkt-1268,FUZZY_MATCH,date_shift,medium,Supplier Corp 1268,Supplier Corp 1268,INV-11268,INV-11268,7250.42,7250.42,2023-02-27,2023-02-22,27AAAAA2268A1Z5,27AAAAA2268A1Z5
pkt-1269,EXACT_MATCH,none,none,Supplier Inc 1269,Supplier Inc 1269,INV-11269,INV-11269,23022.48,23022.48,2023-12-28,2023-12-28,27AAAAA2269A1Z5,27AAAAA2269A1Z5
pkt-1270,NO_MATCH,invalid_gstin_suffix,high,Supplier Inc 1270,Supplier Inc 1270,INV-11270,INV-11270,15617.97,15617.97,2023-01-22,2023-01-22,27AAAAA2270A1Z5,27AAAAA2270A1ZX
pkt-1271,EXACT_MATCH,none,none,Supplier LLC 1271,Supplier LLC 1271,INV-11271,INV-11271,23397.11,23397.11,2023-01-04,2023-01-04,27AAAAA2271A1Z5,27AAAAA2271A1Z5
pkt-1272,NO_MATCH,invalid_gstin_suffix,high,Supplier Corp 1272,Supplier Corp 1272,INV-11272,INV-11272,28920.24,28920.24,2023-05-21,2023-05-21,27AAAAA2272A1Z5,27AAAAA2272A1ZX
pkt-1273,NO_MATCH,missing_record,high,Supplier LLC 1273,,INV-11273,,10107.72,,2023-05-09,,27AAAAA2273A1Z5,
pkt-1274,FUZZY_MATCH,minor_amount_diff,low,Supplier Corp 1274,Supplier Corp 1274,INV-11274,INV-11274,33589.09,33588.09,2023-05-05,2023-05-05,27AAAAA2274A1Z5,27AAAAA2274A1Z5
pkt-1275,FUZZY_MATCH,date_shift,medium,Supplier Inc 1275,Supplier Inc 1275,INV-11275,INV-11275,861.31,861.31,2023-10-18,2023-10-21,27AAAAA2275A1Z5,27AAAAA2275A1Z5
pkt-1276,EXACT_MATCH,none,none,Supplier Corp 1276,Supplier Corp 1276,INV-11276,INV-11276,17580.88,17580.88,2023-06-09,2023-06-09,27AAAAA2276A1Z5,27AAAAA2276A1Z5
pkt-1277,FUZZY_MATCH,string_distance,low,Supplier Corp 1277,Suplier Corp 1277,INV-11277,INV11277,40219.74,40219.74,2023-10-08,2023-10-08,27AAAAA2277A1Z5,27AAAAA2277A1Z5
pkt-1278,EXACT_MATCH,none,none,Supplier Ltd 1278,Supplier Ltd 1278,INV-11278,INV-11278,15637.74,15637.74,2023-06-18,2023-06-18,27AAAAA2278A1Z5,27AAAAA2278A1Z5
pkt-1279,FUZZY_MATCH,string_distance,low,Supplier Inc 1279,Suplier Inc 1279,INV-11279,INV11279,6590.69,6590.69,2023-08-22,2023-08-22,27AAAAA2279A1Z5,27AAAAA2279A1Z5
pkt-1280,FUZZY_MATCH,ocr_artifacts,medium,Supplier Ltd 1280,Supplier Ltd 1280,INV-11280,INV-II28O,19241.62,19241.63,2023-02-14,2023-02-14,27AAAAA2280A1Z5,27AAAAA2280A1Z5
pkt-1281,NO_MATCH,different_entity,high,Supplier Ltd 1281,Different Supplier Inc,INV-11281,INV-11281,35263.41,35263.41,2023-10-21,2023-10-21,27AAAAA2281A1Z5,27BBBBB1234B1Z5
pkt-1282,EXACT_MATCH,none,none,Supplier Corp 1282,Supplier Corp 1282,INV-11282,INV-11282,17845.65,17845.65,2023-06-27,2023-06-27,27AAAAA2282A1Z5,27AAAAA2282A1Z5
pkt-1283,NO_MATCH,different_entity,high,Supplier Ltd 1283,Different Supplier Inc,INV-11283,INV-11283,37944.29,37944.29,2023-09-03,2023-09-03,27AAAAA2283A1Z5,27BBBBB1234B1Z5
pkt-1284,NO_MATCH,missing_record,high,Supplier Inc 1284,,INV-11284,,6676.58,,2023-12-15,,27AAAAA2284A1Z5,
pkt-1285,NO_MATCH,missing_record,high,Supplier Ltd 1285,,INV-11285,,15588.55,,2023-11-23,,27AAAAA2285A1Z5,
pkt-1286,NO_MATCH,invalid_gstin_suffix,high,Supplier LLC 1286,Supplier LLC 1286,INV-11286,INV-11286,11661.54,11661.54,2023-04-05,2023-04-05,27AAAAA2286A1Z5,27AAAAA2286A1ZX
pkt-1287,NO_MATCH,invalid_gstin_suffix,high,Supplier LLC 1287,Supplier LLC 1287,INV-11287,INV-11287,19664.64,19664.64,2023-12-22,2023-12-22,27AAAAA2287A1Z5,27AAAAA2287A1ZX
pkt-1288,FUZZY_MATCH,string_distance,low,Supplier Ltd 1288,Suplier Ltd 1288,INV-11288,INV11288,22718.83,22718.83,2023-01-03,2023-01-03,27AAAAA2288A1Z5,27AAAAA2288A1Z5
pkt-1289,FUZZY_MATCH,minor_amount_diff,low,Supplier Corp 1289,Supplier Corp 1289,INV-11289,INV-11289,17636.9,17637.90,2023-08-28,2023-08-28,27AAAAA2289A1Z5,27AAAAA2289A1Z5
pkt-1290,EXACT_MATCH,none,none,Supplier Inc 1290,Supplier Inc 1290,INV-11290,INV-11290,30261.57,30261.57,2023-03-17,2023-03-17,27AAAAA2290A1Z5,27AAAAA2290A1Z5
pkt-1291,FUZZY_MATCH,minor_amount_diff,low,Supplier Inc 1291,Supplier Inc 1291,INV-11291,INV-11291,40895.89,40898.39,2023-02-11,2023-02-11,27AAAAA2291A1Z5,27AAAAA2291A1Z5
pkt-1292,CONTRADICTION,major_amount_diff,high,Supplier Corp 1292,Supplier Corp 1292,INV-11292,INV-11292,20100.74,40201.480,2023-07-08,2023-07-08,27AAAAA2292A1Z5,27AAAAA2292A1Z5
pkt-1293,NO_MATCH,invalid_gstin_suffix,high,Supplier Inc 1293,Supplier Inc 1293,INV-11293,INV-11293,8035.11,8035.11,2023-08-13,2023-08-13,27AAAAA2293A1Z5,27AAAAA2293A1ZX
pkt-1294,EXACT_MATCH,none,none,Supplier Ltd 1294,Supplier Ltd 1294,INV-11294,INV-11294,10491.08,10491.08,2023-12-19,2023-12-19,27AAAAA2294A1Z5,27AAAAA2294A1Z5
pkt-1295,FUZZY_MATCH,ocr_artifacts,medium,Supplier Corp 1295,Supplier Corp 1295,INV-11295,INV-II295,28403.84,28403.85,2023-06-18,2023-06-18,27AAAAA2295A1Z5,27AAAAA2295A1Z5
pkt-1296,FUZZY_MATCH,string_distance,low,Supplier Ltd 1296,Suplier Ltd 1296,INV-11296,INV11296,33164.35,33164.35,2023-02-24,2023-02-24,27AAAAA2296A1Z5,27AAAAA2296A1Z5
pkt-1297,NO_MATCH,missing_record,high,Supplier Inc 1297,,INV-11297,,29648.94,,2023-08-11,,27AAAAA2297A1Z5,
pkt-1298,EXACT_MATCH,none,none,Supplier Inc 1298,Supplier Inc 1298,INV-11298,INV-11298,8891.08,8891.08,2023-07-03,2023-07-03,27AAAAA2298A1Z5,27AAAAA2298A1Z5
pkt-1299,EXACT_MATCH,none,none,Supplier Ltd 1299,Supplier Ltd 1299,INV-11299,INV-11299,40721.93,40721.93,2023-07-11,2023-07-11,27AAAAA2299A1Z5,27AAAAA2299A1Z5
pkt-1300,NO_MATCH,different_entity,high,Supplier Corp 1300,Different Supplier Inc,INV-11300,INV-11300,33042.22,33042.22,2023-02-07,2023-02-07,27AAAAA2300A1Z5,27BBBBB1234B1Z5
pkt-1301,FUZZY_MATCH,ocr_artifacts,medium,Supplier Inc 1301,Supplier Inc 1301,INV-11301,INV-II3OI,45172.47,45172.48,2023-11-26,2023-11-26,27AAAAA2301A1Z5,27AAAAA2301A1Z5
pkt-1302,EXACT_MATCH,none,none,Supplier LLC 1302,Supplier LLC 1302,INV-11302,INV-11302,33077.98,33077.98,2023-08-18,2023-08-18,27AAAAA2302A1Z5,27AAAAA2302A1Z5
pkt-1303,EXACT_MATCH,none,none,Supplier Corp 1303,Supplier Corp 1303,INV-11303,INV-11303,30817.05,30817.05,2023-08-07,2023-08-07,27AAAAA2303A1Z5,27AAAAA2303A1Z5
pkt-1304,EXACT_MATCH,none,none,Supplier LLC 1304,Supplier LLC 1304,INV-11304,INV-11304,43883.53,43883.53,2023-05-19,2023-05-19,27AAAAA2304A1Z5,27AAAAA2304A1Z5
pkt-1305,NO_MATCH,different_entity,high,Supplier Inc 1305,Different Supplier Inc,INV-11305,INV-11305,35917.78,35917.78,2023-06-03,2023-06-03,27AAAAA2305A1Z5,27BBBBB1234B1Z5
pkt-1306,FUZZY_MATCH,minor_amount_diff,low,Supplier Corp 1306,Supplier Corp 1306,INV-11306,INV-11306,49322.44,49321.44,2023-07-28,2023-07-28,27AAAAA2306A1Z5,27AAAAA2306A1Z5
pkt-1307,EXACT_MATCH,none,none,Supplier Inc 1307,Supplier Inc 1307,INV-11307,INV-11307,18524.22,18524.22,2023-09-02,2023-09-02,27AAAAA2307A1Z5,27AAAAA2307A1Z5
pkt-1308,EXACT_MATCH,none,none,Supplier LLC 1308,Supplier LLC 1308,INV-11308,INV-11308,28045.51,28045.51,2023-06-04,2023-06-04,27AAAAA2308A1Z5,27AAAAA2308A1Z5
pkt-1309,EXACT_MATCH,none,none,Supplier Ltd 1309,Supplier Ltd 1309,INV-11309,INV-11309,11838.53,11838.53,2023-12-19,2023-12-19,27AAAAA2309A1Z5,27AAAAA2309A1Z5
pkt-1310,EXACT_MATCH,none,none,Supplier Ltd 1310,Supplier Ltd 1310,INV-11310,INV-11310,15974.55,15974.55,2023-07-13,2023-07-13,27AAAAA2310A1Z5,27AAAAA2310A1Z5
pkt-1311,FUZZY_MATCH,ocr_artifacts,medium,Supplier Ltd 1311,Supplier Ltd 1311,INV-11311,INV-II3II,27301.43,27301.44,2023-11-06,2023-11-06,27AAAAA2311A1Z5,27AAAAA2311A1Z5
pkt-1312,EXACT_MATCH,none,none,Supplier LLC 1312,Supplier LLC 1312,INV-11312,INV-11312,9492.52,9492.52,2023-07-27,2023-07-27,27AAAAA2312A1Z5,27AAAAA2312A1Z5
pkt-1313,EXACT_MATCH,none,none,Supplier Corp 1313,Supplier Corp 1313,INV-11313,INV-11313,7797.94,7797.94,2023-11-05,2023-11-05,27AAAAA2313A1Z5,27AAAAA2313A1Z5
pkt-1314,EXACT_MATCH,none,none,Supplier Ltd 1314,Supplier Ltd 1314,INV-11314,INV-11314,3680.13,3680.13,2023-01-05,2023-01-05,27AAAAA2314A1Z5,27AAAAA2314A1Z5
pkt-1315,EXACT_MATCH,none,none,Supplier Corp 1315,Supplier Corp 1315,INV-11315,INV-11315,21893.08,21893.08,2023-03-03,2023-03-03,27AAAAA2315A1Z5,27AAAAA2315A1Z5
pkt-1316,NO_MATCH,different_entity,high,Supplier Ltd 1316,Different Supplier Inc,INV-11316,INV-11316,40316.49,40316.49,2023-08-26,2023-08-26,27AAAAA2316A1Z5,27BBBBB1234B1Z5
pkt-1317,EXACT_MATCH,none,none,Supplier Ltd 1317,Supplier Ltd 1317,INV-11317,INV-11317,9071.89,9071.89,2023-09-14,2023-09-14,27AAAAA2317A1Z5,27AAAAA2317A1Z5
pkt-1318,NO_MATCH,different_entity,high,Supplier Inc 1318,Different Supplier Inc,INV-11318,INV-11318,17829.83,17829.83,2023-03-14,2023-03-14,27AAAAA2318A1Z5,27BBBBB1234B1Z5
pkt-1319,EXACT_MATCH,none,none,Supplier LLC 1319,Supplier LLC 1319,INV-11319,INV-11319,24958.03,24958.03,2023-12-08,2023-12-08,27AAAAA2319A1Z5,27AAAAA2319A1Z5
pkt-1320,EXACT_MATCH,none,none,Supplier Inc 1320,Supplier Inc 1320,INV-11320,INV-11320,46335.57,46335.57,2023-10-12,2023-10-12,27AAAAA2320A1Z5,27AAAAA2320A1Z5
pkt-1321,NO_MATCH,different_entity,high,Supplier Inc 1321,Different Supplier Inc,INV-11321,INV-11321,28450.66,28450.66,2023-12-12,2023-12-12,27AAAAA2321A1Z5,27BBBBB1234B1Z5
pkt-1322,EXACT_MATCH,none,none,Supplier Corp 1322,Supplier Corp 1322,INV-11322,INV-11322,24128.49,24128.49,2023-12-03,2023-12-03,27AAAAA2322A1Z5,27AAAAA2322A1Z5
pkt-1323,CONTRADICTION,major_amount_diff,high,Supplier Inc 1323,Supplier Inc 1323,INV-11323,INV-11323,36591.53,73183.060,2023-05-15,2023-05-15,27AAAAA2323A1Z5,27AAAAA2323A1Z5
pkt-1324,EXACT_MATCH,none,none,Supplier Ltd 1324,Supplier Ltd 1324,INV-11324,INV-11324,44506.78,44506.78,2023-02-08,2023-02-08,27AAAAA2324A1Z5,27AAAAA2324A1Z5
pkt-1325,NO_MATCH,different_entity,high,Supplier LLC 1325,Different Supplier Inc,INV-11325,INV-11325,37110.14,37110.14,2023-11-03,2023-11-03,27AAAAA2325A1Z5,27BBBBB1234B1Z5
pkt-1326,NO_MATCH,missing_record,high,Supplier Inc 1326,,INV-11326,,2733.44,,2023-06-18,,27AAAAA2326A1Z5,
pkt-1327,EXACT_MATCH,none,none,Supplier LLC 1327,Supplier LLC 1327,INV-11327,INV-11327,22756.34,22756.34,2023-08-19,2023-08-19,27AAAAA2327A1Z5,27AAAAA2327A1Z5
pkt-1328,EXACT_MATCH,none,none,Supplier Corp 1328,Supplier Corp 1328,INV-11328,INV-11328,17710.44,17710.44,2023-05-10,2023-05-10,27AAAAA2328A1Z5,27AAAAA2328A1Z5
pkt-1329,EXACT_MATCH,none,none,Supplier LLC 1329,Supplier LLC 1329,INV-11329,INV-11329,34783.05,34783.05,2023-10-24,2023-10-24,27AAAAA2329A1Z5,27AAAAA2329A1Z5
pkt-1330,NO_MATCH,different_entity,high,Supplier Ltd 1330,Different Supplier Inc,INV-11330,INV-11330,39272.58,39272.58,2023-05-02,2023-05-02,27AAAAA2330A1Z5,27BBBBB1234B1Z5
pkt-1331,EXACT_MATCH,none,none,Supplier LLC 1331,Supplier LLC 1331,INV-11331,INV-11331,8537.05,8537.05,2023-01-22,2023-01-22,27AAAAA2331A1Z5,27AAAAA2331A1Z5
pkt-1332,FUZZY_MATCH,ocr_artifacts,medium,Supplier Inc 1332,Supplier Inc 1332,INV-11332,INV-II332,31253.42,31253.43,2023-05-16,2023-05-16,27AAAAA2332A1Z5,27AAAAA2332A1Z5
pkt-1333,NO_MATCH,different_entity,high,Supplier Corp 1333,Different Supplier Inc,INV-11333,INV-11333,25329.25,25329.25,2023-05-09,2023-05-09,27AAAAA2333A1Z5,27BBBBB1234B1Z5
pkt-1334,NO_MATCH,different_entity,high,Supplier Inc 1334,Different Supplier Inc,INV-11334,INV-11334,14120.5,14120.5,2023-05-01,2023-05-01,27AAAAA2334A1Z5,27BBBBB1234B1Z5
pkt-1335,EXACT_MATCH,none,none,Supplier Corp 1335,Supplier Corp 1335,INV-11335,INV-11335,8813.23,8813.23,2023-10-24,2023-10-24,27AAAAA2335A1Z5,27AAAAA2335A1Z5
pkt-1336,NO_MATCH,missing_record,high,Supplier Corp 1336,,INV-11336,,22387.99,,2023-03-09,,27AAAAA2336A1Z5,
pkt-1337,NO_MATCH,invalid_gstin_suffix,high,Supplier Inc 1337,Supplier Inc 1337,INV-11337,INV-11337,9122.38,9122.38,2023-09-28,2023-09-28,27AAAAA2337A1Z5,27AAAAA2337A1ZX
pkt-1338,NO_MATCH,missing_record,high,Supplier Corp 1338,,INV-11338,,49205.18,,2023-03-20,,27AAAAA2338A1Z5,
pkt-1339,FUZZY_MATCH,date_shift,medium,Supplier Ltd 1339,Supplier Ltd 1339,INV-11339,INV-11339,37662.79,37662.79,2023-07-25,2023-07-30,27AAAAA2339A1Z5,27AAAAA2339A1Z5
pkt-1340,NO_MATCH,different_entity,high,Supplier Corp 1340,Different Supplier Inc,INV-11340,INV-11340,22065.23,22065.23,2023-11-06,2023-11-06,27AAAAA2340A1Z5,27BBBBB1234B1Z5
pkt-1341,FUZZY_MATCH,string_distance,low,Supplier LLC 1341,Suplier LLC 1341,INV-11341,INV11341,36744.62,36744.62,2023-06-02,2023-06-02,27AAAAA2341A1Z5,27AAAAA2341A1Z5
pkt-1342,FUZZY_MATCH,minor_amount_diff,low,Supplier Ltd 1342,Supplier Ltd 1342,INV-11342,INV-11342,2720.91,2723.41,2023-08-13,2023-08-13,27AAAAA2342A1Z5,27AAAAA2342A1Z5
pkt-1343,EXACT_MATCH,none,none,Supplier Ltd 1343,Supplier Ltd 1343,INV-11343,INV-11343,37332.91,37332.91,2023-09-08,2023-09-08,27AAAAA2343A1Z5,27AAAAA2343A1Z5
pkt-1344,CONTRADICTION,major_amount_diff,high,Supplier Corp 1344,Supplier Corp 1344,INV-11344,INV-11344,35309.83,70619.660,2023-08-09,2023-08-09,27AAAAA2344A1Z5,27AAAAA2344A1Z5
pkt-1345,EXACT_MATCH,none,none,Supplier Ltd 1345,Supplier Ltd 1345,INV-11345,INV-11345,43526.86,43526.86,2023-01-10,2023-01-10,27AAAAA2345A1Z5,27AAAAA2345A1Z5
pkt-1346,FUZZY_MATCH,string_distance,low,Supplier Inc 1346,Suplier Inc 1346,INV-11346,INV11346,33956.82,33956.82,2023-09-22,2023-09-22,27AAAAA2346A1Z5,27AAAAA2346A1Z5
pkt-1347,NO_MATCH,different_entity,high,Supplier Ltd 1347,Different Supplier Inc,INV-11347,INV-11347,45893.84,45893.84,2023-11-12,2023-11-12,27AAAAA2347A1Z5,27BBBBB1234B1Z5
pkt-1348,FUZZY_MATCH,minor_amount_diff,low,Supplier LLC 1348,Supplier LLC 1348,INV-11348,INV-11348,45910.3,45909.30,2023-05-11,2023-05-11,27AAAAA2348A1Z5,27AAAAA2348A1Z5
pkt-1349,EXACT_MATCH,none,none,Supplier Ltd 1349,Supplier Ltd 1349,INV-11349,INV-11349,12841.66,12841.66,2023-10-13,2023-10-13,27AAAAA2349A1Z5,27AAAAA2349A1Z5
pkt-1350,CONTRADICTION,major_amount_diff,high,Supplier Corp 1350,Supplier Corp 1350,INV-11350,INV-11350,37479.64,74959.280,2023-12-22,2023-12-22,27AAAAA2350A1Z5,27AAAAA2350A1Z5
pkt-1351,CONTRADICTION,major_amount_diff,high,Supplier LLC 1351,Supplier LLC 1351,INV-11351,INV-11351,16936.59,33873.180,2023-12-06,2023-12-06,27AAAAA2351A1Z5,27AAAAA2351A1Z5
pkt-1352,EXACT_MATCH,none,none,Supplier Inc 1352,Supplier Inc 1352,INV-11352,INV-11352,627.84,627.84,2023-01-27,2023-01-27,27AAAAA2352A1Z5,27AAAAA2352A1Z5
pkt-1353,NO_MATCH,invalid_gstin_suffix,high,Supplier Ltd 1353,Supplier Ltd 1353,INV-11353,INV-11353,20621.31,20621.31,2023-09-04,2023-09-04,27AAAAA2353A1Z5,27AAAAA2353A1ZX
pkt-1354,EXACT_MATCH,none,none,Supplier Corp 1354,Supplier Corp 1354,INV-11354,INV-11354,11048.87,11048.87,2023-05-09,2023-05-09,27AAAAA2354A1Z5,27AAAAA2354A1Z5
pkt-1355,NO_MATCH,different_entity,high,Supplier Corp 1355,Different Supplier Inc,INV-11355,INV-11355,1282.65,1282.65,2023-02-02,2023-02-02,27AAAAA2355A1Z5,27BBBBB1234B1Z5
pkt-1356,NO_MATCH,different_entity,high,Supplier Inc 1356,Different Supplier Inc,INV-11356,INV-11356,31940.34,31940.34,2023-12-04,2023-12-04,27AAAAA2356A1Z5,27BBBBB1234B1Z5
pkt-1357,FUZZY_MATCH,string_distance,low,Supplier Corp 1357,Suplier Corp 1357,INV-11357,INV11357,6582.37,6582.37,2023-11-25,2023-11-25,27AAAAA2357A1Z5,27AAAAA2357A1Z5
pkt-1358,EXACT_MATCH,none,none,Supplier Ltd 1358,Supplier Ltd 1358,INV-11358,INV-11358,34813.12,34813.12,2023-05-10,2023-05-10,27AAAAA2358A1Z5,27AAAAA2358A1Z5
pkt-1359,EXACT_MATCH,none,none,Supplier LLC 1359,Supplier LLC 1359,INV-11359,INV-11359,46815.48,46815.48,2023-11-15,2023-11-15,27AAAAA2359A1Z5,27AAAAA2359A1Z5
pkt-1360,FUZZY_MATCH,minor_amount_diff,low,Supplier LLC 1360,Supplier LLC 1360,INV-11360,INV-11360,34641.85,34642.35,2023-11-25,2023-11-25,27AAAAA2360A1Z5,27AAAAA2360A1Z5
pkt-1361,EXACT_MATCH,none,none,Supplier Inc 1361,Supplier Inc 1361,INV-11361,INV-11361,39058.49,39058.49,2023-05-25,2023-05-25,27AAAAA2361A1Z5,27AAAAA2361A1Z5
pkt-1362,FUZZY_MATCH,ocr_artifacts,medium,Supplier LLC 1362,Supplier LLC 1362,INV-11362,INV-II362,19490.66,19490.67,2023-01-09,2023-01-09,27AAAAA2362A1Z5,27AAAAA2362A1Z5
pkt-1363,FUZZY_MATCH,ocr_artifacts,medium,Supplier Ltd 1363,Supplier Ltd 1363,INV-11363,INV-II363,22084.68,22084.69,2023-08-07,2023-08-07,27AAAAA2363A1Z5,27AAAAA2363A1Z5
pkt-1364,FUZZY_MATCH,date_shift,medium,Supplier Ltd 1364,Supplier Ltd 1364,INV-11364,INV-11364,32309.61,32309.61,2023-02-05,2023-02-09,27AAAAA2364A1Z5,27AAAAA2364A1Z5
pkt-1365,FUZZY_MATCH,string_distance,low,Supplier LLC 1365,Suplier LLC 1365,INV-11365,INV11365,32202.57,32202.57,2023-08-23,2023-08-23,27AAAAA2365A1Z5,27AAAAA2365A1Z5
pkt-1366,NO_MATCH,missing_record,high,Supplier LLC 1366,,INV-11366,,1839.56,,2023-02-19,,27AAAAA2366A1Z5,
pkt-1367,EXACT_MATCH,none,none,Supplier Inc 1367,Supplier Inc 1367,INV-11367,INV-11367,1036.36,1036.36,2023-08-05,2023-08-05,27AAAAA2367A1Z5,27AAAAA2367A1Z5
pkt-1368,EXACT_MATCH,none,none,Supplier LLC 1368,Supplier LLC 1368,INV-11368,INV-11368,33263.83,33263.83,2023-05-05,2023-05-05,27AAAAA2368A1Z5,27AAAAA2368A1Z5
pkt-1369,NO_MATCH,missing_record,high,Supplier Ltd 1369,,INV-11369,,28774.55,,2023-09-23,,27AAAAA2369A1Z5,
pkt-1370,CONTRADICTION,major_amount_diff,high,Supplier Inc 1370,Supplier Inc 1370,INV-11370,INV-11370,21859.28,43718.560,2023-12-25,2023-12-25,27AAAAA2370A1Z5,27AAAAA2370A1Z5
pkt-1371,FUZZY_MATCH,string_distance,low,Supplier Ltd 1371,Suplier Ltd 1371,INV-11371,INV11371,11369.76,11369.76,2023-07-23,2023-07-23,27AAAAA2371A1Z5,27AAAAA2371A1Z5
pkt-1372,EXACT_MATCH,none,none,Supplier LLC 1372,Supplier LLC 1372,INV-11372,INV-11372,28405.47,28405.47,2023-06-11,2023-06-11,27AAAAA2372A1Z5,27AAAAA2372A1Z5
pkt-1373,CONTRADICTION,major_amount_diff,high,Supplier LLC 1373,Supplier LLC 1373,INV-11373,INV-11373,2854.21,5708.420,2023-11-03,2023-11-03,27AAAAA2373A1Z5,27AAAAA2373A1Z5
pkt-1374,FUZZY_MATCH,minor_amount_diff,low,Supplier Ltd 1374,Supplier Ltd 1374,INV-11374,INV-11374,42681.77,42682.27,2023-06-03,2023-06-03,27AAAAA2374A1Z5,27AAAAA2374A1Z5
pkt-1375,FUZZY_MATCH,minor_amount_diff,low,Supplier Corp 1375,Supplier Corp 1375,INV-11375,INV-11375,8913.25,8915.75,2023-01-13,2023-01-13,27AAAAA2375A1Z5,27AAAAA2375A1Z5
pkt-1376,NO_MATCH,missing_record,high,Supplier LLC 1376,,INV-11376,,44833.39,,2023-11-23,,27AAAAA2376A1Z5,
pkt-1377,FUZZY_MATCH,ocr_artifacts,medium,Supplier Corp 1377,Supplier Corp 1377,INV-11377,INV-II377,4334.64,4334.65,2023-11-15,2023-11-15,27AAAAA2377A1Z5,27AAAAA2377A1Z5
pkt-1378,NO_MATCH,missing_record,high,Supplier Corp 1378,,INV-11378,,1881.34,,2023-01-24,,27AAAAA2378A1Z5,
pkt-1379,NO_MATCH,missing_record,high,Supplier LLC 1379,,INV-11379,,19499.5,,2023-09-21,,27AAAAA2379A1Z5,
pkt-1380,NO_MATCH,invalid_gstin_suffix,high,Supplier Inc 1380,Supplier Inc 1380,INV-11380,INV-11380,26743.61,26743.61,2023-08-01,2023-08-01,27AAAAA2380A1Z5,27AAAAA2380A1ZX
pkt-1381,FUZZY_MATCH,string_distance,low,Supplier Ltd 1381,Suplier Ltd 1381,INV-11381,INV11381,2897.12,2897.12,2023-12-02,2023-12-02,27AAAAA2381A1Z5,27AAAAA2381A1Z5
pkt-1382,EXACT_MATCH,none,none,Supplier Ltd 1382,Supplier Ltd 1382,INV-11382,INV-11382,10662.74,10662.74,2023-11-22,2023-11-22,27AAAAA2382A1Z5,27AAAAA2382A1Z5
pkt-1383,FUZZY_MATCH,string_distance,low,Supplier Corp 1383,Suplier Corp 1383,INV-11383,INV11383,43522.98,43522.98,2023-09-05,2023-09-05,27AAAAA2383A1Z5,27AAAAA2383A1Z5
pkt-1384,NO_MATCH,missing_record,high,Supplier Inc 1384,,INV-11384,,1940.2,,2023-03-16,,27AAAAA2384A1Z5,
pkt-1385,EXACT_MATCH,none,none,Supplier Corp 1385,Supplier Corp 1385,INV-11385,INV-11385,45368.23,45368.23,2023-10-02,2023-10-02,27AAAAA2385A1Z5,27AAAAA2385A1Z5
pkt-1386,FUZZY_MATCH,minor_amount_diff,low,Supplier Inc 1386,Supplier Inc 1386,INV-11386,INV-11386,32474.44,32473.44,2023-01-06,2023-01-06,27AAAAA2386A1Z5,27AAAAA2386A1Z5
pkt-1387,FUZZY_MATCH,string_distance,low,Supplier Inc 1387,Suplier Inc 1387,INV-11387,INV11387,22863.61,22863.61,2023-03-27,2023-03-27,27AAAAA2387A1Z5,27AAAAA2387A1Z5
pkt-1388,FUZZY_MATCH,string_distance,low,Supplier Corp 1388,Suplier Corp 1388,INV-11388,INV11388,5797.57,5797.57,2023-10-26,2023-10-26,27AAAAA2388A1Z5,27AAAAA2388A1Z5
pkt-1389,NO_MATCH,invalid_gstin_suffix,high,Supplier Ltd 1389,Supplier Ltd 1389,INV-11389,INV-11389,40242.23,40242.23,2023-07-11,2023-07-11,27AAAAA2389A1Z5,27AAAAA2389A1ZX
pkt-1390,NO_MATCH,invalid_gstin_suffix,high,Supplier Corp 1390,Supplier Corp 1390,INV-11390,INV-11390,6128.04,6128.04,2023-11-19,2023-11-19,27AAAAA2390A1Z5,27AAAAA2390A1ZX
pkt-1391,NO_MATCH,different_entity,high,Supplier Inc 1391,Different Supplier Inc,INV-11391,INV-11391,41837.71,41837.71,2023-04-25,2023-04-25,27AAAAA2391A1Z5,27BBBBB1234B1Z5
pkt-1392,FUZZY_MATCH,ocr_artifacts,medium,Supplier LLC 1392,Supplier LLC 1392,INV-11392,INV-II392,8755.04,8755.05,2023-02-04,2023-02-04,27AAAAA2392A1Z5,27AAAAA2392A1Z5
pkt-1393,CONTRADICTION,major_amount_diff,high,Supplier LLC 1393,Supplier LLC 1393,INV-11393,INV-11393,37901.75,75803.500,2023-03-23,2023-03-23,27AAAAA2393A1Z5,27AAAAA2393A1Z5
pkt-1394,FUZZY_MATCH,ocr_artifacts,medium,Supplier Inc 1394,Supplier Inc 1394,INV-11394,INV-II394,8333.81,8333.82,2023-04-19,2023-04-19,27AAAAA2394A1Z5,27AAAAA2394A1Z5
pkt-1395,FUZZY_MATCH,ocr_artifacts,medium,Supplier Ltd 1395,Supplier Ltd 1395,INV-11395,INV-II395,5088.4,5088.41,2023-11-20,2023-11-20,27AAAAA2395A1Z5,27AAAAA2395A1Z5
pkt-1396,EXACT_MATCH,none,none,Supplier Inc 1396,Supplier Inc 1396,INV-11396,INV-11396,879.95,879.95,2023-08-03,2023-08-03,27AAAAA2396A1Z5,27AAAAA2396A1Z5
pkt-1397,EXACT_MATCH,none,none,Supplier LLC 1397,Supplier LLC 1397,INV-11397,INV-11397,9052.7,9052.7,2023-02-23,2023-02-23,27AAAAA2397A1Z5,27AAAAA2397A1Z5
pkt-1398,FUZZY_MATCH,date_shift,medium,Supplier Corp 1398,Supplier Corp 1398,INV-11398,INV-11398,34705.83,34705.83,2023-08-23,2023-08-20,27AAAAA2398A1Z5,27AAAAA2398A1Z5
pkt-1399,FUZZY_MATCH,date_shift,medium,Supplier Ltd 1399,Supplier Ltd 1399,INV-11399,INV-11399,32027.3,32027.3,2023-09-15,2023-09-12,27AAAAA2399A1Z5,27AAAAA2399A1Z5
pkt-1400,EXACT_MATCH,none,none,Supplier Corp 1400,Supplier Corp 1400,INV-11400,INV-11400,30565.85,30565.85,2023-01-20,2023-01-20,27AAAAA2400A1Z5,27AAAAA2400A1Z5
pkt-1401,NO_MATCH,invalid_gstin_suffix,high,Supplier LLC 1401,Supplier LLC 1401,INV-11401,INV-11401,25044.39,25044.39,2023-02-21,2023-02-21,27AAAAA2401A1Z5,27AAAAA2401A1ZX
pkt-1402,FUZZY_MATCH,string_distance,low,Supplier Corp 1402,Suplier Corp 1402,INV-11402,INV11402,20997.41,20997.41,2023-09-08,2023-09-08,27AAAAA2402A1Z5,27AAAAA2402A1Z5
pkt-1403,CONTRADICTION,major_amount_diff,high,Supplier LLC 1403,Supplier LLC 1403,INV-11403,INV-11403,49331.52,98663.040,2023-02-20,2023-02-20,27AAAAA2403A1Z5,27AAAAA2403A1Z5
pkt-1404,FUZZY_MATCH,minor_amount_diff,low,Supplier Corp 1404,Supplier Corp 1404,INV-11404,INV-11404,25426.28,25425.28,2023-08-25,2023-08-25,27AAAAA2404A1Z5,27AAAAA2404A1Z5
pkt-1405,NO_MATCH,missing_record,high,Supplier Ltd 1405,,INV-11405,,9766.58,,2023-03-22,,27AAAAA2405A1Z5,
pkt-1406,EXACT_MATCH,none,none,Supplier Inc 1406,Supplier Inc 1406,INV-11406,INV-11406,8898.56,8898.56,2023-11-02,2023-11-02,27AAAAA2406A1Z5,27AAAAA2406A1Z5
pkt-1407,NO_MATCH,invalid_gstin_suffix,high,Supplier LLC 1407,Supplier LLC 1407,INV-11407,INV-11407,18273.23,18273.23,2023-04-14,2023-04-14,27AAAAA2407A1Z5,27AAAAA2407A1ZX
pkt-1408,EXACT_MATCH,none,none,Supplier Inc 1408,Supplier Inc 1408,INV-11408,INV-11408,30879.29,30879.29,2023-08-02,2023-08-02,27AAAAA2408A1Z5,27AAAAA2408A1Z5
pkt-1409,EXACT_MATCH,none,none,Supplier Corp 1409,Supplier Corp 1409,INV-11409,INV-11409,2717.58,2717.58,2023-09-06,2023-09-06,27AAAAA2409A1Z5,27AAAAA2409A1Z5
pkt-1410,EXACT_MATCH,none,none,Supplier Corp 1410,Supplier Corp 1410,INV-11410,INV-11410,24304.56,24304.56,2023-02-03,2023-02-03,27AAAAA2410A1Z5,27AAAAA2410A1Z5
pkt-1411,FUZZY_MATCH,date_shift,medium,Supplier Ltd 1411,Supplier Ltd 1411,INV-11411,INV-11411,22296.56,22296.56,2023-10-11,2023-10-16,27AAAAA2411A1Z5,27AAAAA2411A1Z5
pkt-1412,NO_MATCH,invalid_gstin_suffix,high,Supplier Inc 1412,Supplier Inc 1412,INV-11412,INV-11412,44928.8,44928.8,2023-04-25,2023-04-25,27AAAAA2412A1Z5,27AAAAA2412A1ZX
pkt-1413,FUZZY_MATCH,date_shift,medium,Supplier Ltd 1413,Supplier Ltd 1413,INV-11413,INV-11413,11466.32,11466.32,2023-04-24,2023-04-25,27AAAAA2413A1Z5,27AAAAA2413A1Z5
pkt-1414,EXACT_MATCH,none,none,Supplier Ltd 1414,Supplier Ltd 1414,INV-11414,INV-11414,44579.12,44579.12,2023-02-16,2023-02-16,27AAAAA2414A1Z5,27AAAAA2414A1Z5
pkt-1415,FUZZY_MATCH,ocr_artifacts,medium,Supplier Ltd 1415,Supplier Ltd 1415,INV-11415,INV-II4I5,44535.39,44535.40,2023-03-07,2023-03-07,27AAAAA2415A1Z5,27AAAAA2415A1Z5
pkt-1416,EXACT_MATCH,none,none,Supplier Corp 1416,Supplier Corp 1416,INV-11416,INV-11416,19427.78,19427.78,2023-03-15,2023-03-15,27AAAAA2416A1Z5,27AAAAA2416A1Z5
pkt-1417,FUZZY_MATCH,ocr_artifacts,medium,Supplier LLC 1417,Supplier LLC 1417,INV-11417,INV-II4I7,17993.65,17993.66,2023-05-07,2023-05-07,27AAAAA2417A1Z5,27AAAAA2417A1Z5
pkt-1418,FUZZY_MATCH,ocr_artifacts,medium,Supplier LLC 1418,Supplier LLC 1418,INV-11418,INV-II4I8,1701.52,1701.53,2023-10-02,2023-10-02,27AAAAA2418A1Z5,27AAAAA2418A1Z5
pkt-1419,FUZZY_MATCH,ocr_artifacts,medium,Supplier Ltd 1419,Supplier Ltd 1419,INV-11419,INV-II4I9,5644.35,5644.36,2023-08-15,2023-08-15,27AAAAA2419A1Z5,27AAAAA2419A1Z5
pkt-1420,EXACT_MATCH,none,none,Supplier Corp 1420,Supplier Corp 1420,INV-11420,INV-11420,38040.95,38040.95,2023-04-10,2023-04-10,27AAAAA2420A1Z5,27AAAAA2420A1Z5
pkt-1421,FUZZY_MATCH,string_distance,low,Supplier Corp 1421,Suplier Corp 1421,INV-11421,INV11421,47642.73,47642.73,2023-03-19,2023-03-19,27AAAAA2421A1Z5,27AAAAA2421A1Z5
pkt-1422,NO_MATCH,different_entity,high,Supplier Corp 1422,Different Supplier Inc,INV-11422,INV-11422,20643.64,20643.64,2023-09-16,2023-09-16,27AAAAA2422A1Z5,27BBBBB1234B1Z5
pkt-1423,EXACT_MATCH,none,none,Supplier Inc 1423,Supplier Inc 1423,INV-11423,INV-11423,23727.1,23727.1,2023-08-09,2023-08-09,27AAAAA2423A1Z5,27AAAAA2423A1Z5
pkt-1424,EXACT_MATCH,none,none,Supplier LLC 1424,Supplier LLC 1424,INV-11424,INV-11424,21462.71,21462.71,2023-04-08,2023-04-08,27AAAAA2424A1Z5,27AAAAA2424A1Z5
pkt-1425,EXACT_MATCH,none,none,Supplier Inc 1425,Supplier Inc 1425,INV-11425,INV-11425,29015.4,29015.4,2023-10-05,2023-10-05,27AAAAA2425A1Z5,27AAAAA2425A1Z5
pkt-1426,EXACT_MATCH,none,none,Supplier Inc 1426,Supplier Inc 1426,INV-11426,INV-11426,49011.18,49011.18,2023-01-16,2023-01-16,27AAAAA2426A1Z5,27AAAAA2426A1Z5
pkt-1427,NO_MATCH,missing_record,high,Supplier Inc 1427,,INV-11427,,26602.97,,2023-08-26,,27AAAAA2427A1Z5,
pkt-1428,EXACT_MATCH,none,none,Supplier Inc 1428,Supplier Inc 1428,INV-11428,INV-11428,24814.72,24814.72,2023-02-18,2023-02-18,27AAAAA2428A1Z5,27AAAAA2428A1Z5
pkt-1429,FUZZY_MATCH,minor_amount_diff,low,Supplier LLC 1429,Supplier LLC 1429,INV-11429,INV-11429,36616.14,36616.64,2023-04-05,2023-04-05,27AAAAA2429A1Z5,27AAAAA2429A1Z5
pkt-1430,EXACT_MATCH,none,none,Supplier Ltd 1430,Supplier Ltd 1430,INV-11430,INV-11430,32417.25,32417.25,2023-02-01,2023-02-01,27AAAAA2430A1Z5,27AAAAA2430A1Z5
pkt-1431,NO_MATCH,missing_record,high,Supplier Inc 1431,,INV-11431,,15311.35,,2023-12-15,,27AAAAA2431A1Z5,
pkt-1432,FUZZY_MATCH,ocr_artifacts,medium,Supplier Ltd 1432,Supplier Ltd 1432,INV-11432,INV-II432,23241.66,23241.67,2023-03-28,2023-03-28,27AAAAA2432A1Z5,27AAAAA2432A1Z5
pkt-1433,EXACT_MATCH,none,none,Supplier Ltd 1433,Supplier Ltd 1433,INV-11433,INV-11433,39513.95,39513.95,2023-06-21,2023-06-21,27AAAAA2433A1Z5,27AAAAA2433A1Z5
pkt-1434,EXACT_MATCH,none,none,Supplier Ltd 1434,Supplier Ltd 1434,INV-11434,INV-11434,31706.77,31706.77,2023-11-03,2023-11-03,27AAAAA2434A1Z5,27AAAAA2434A1Z5
pkt-1435,FUZZY_MATCH,minor_amount_diff,low,Supplier Ltd 1435,Supplier Ltd 1435,INV-11435,INV-11435,16712.02,16712.52,2023-01-10,2023-01-10,27AAAAA2435A1Z5,27AAAAA2435A1Z5
pkt-1436,EXACT_MATCH,none,none,Supplier LLC 1436,Supplier LLC 1436,INV-11436,INV-11436,39405.82,39405.82,2023-02-20,2023-02-20,27AAAAA2436A1Z5,27AAAAA2436A1Z5
pkt-1437,EXACT_MATCH,none,none,Supplier LLC 1437,Supplier LLC 1437,INV-11437,INV-11437,46618.94,46618.94,2023-09-22,2023-09-22,27AAAAA2437A1Z5,27AAAAA2437A1Z5
pkt-1438,NO_MATCH,invalid_gstin_suffix,high,Supplier Inc 1438,Supplier Inc 1438,INV-11438,INV-11438,5637.23,5637.23,2023-06-15,2023-06-15,27AAAAA2438A1Z5,27AAAAA2438A1ZX
pkt-1439,CONTRADICTION,major_amount_diff,high,Supplier Inc 1439,Supplier Inc 1439,INV-11439,INV-11439,18385.01,36770.020,2023-11-18,2023-11-18,27AAAAA2439A1Z5,27AAAAA2439A1Z5
pkt-1440,FUZZY_MATCH,date_shift,medium,Supplier LLC 1440,Supplier LLC 1440,INV-11440,INV-11440,35495.92,35495.92,2023-04-05,2023-04-08,27AAAAA2440A1Z5,27AAAAA2440A1Z5
pkt-1441,EXACT_MATCH,none,none,Supplier Corp 1441,Supplier Corp 1441,INV-11441,INV-11441,5766.53,5766.53,2023-08-24,2023-08-24,27AAAAA2441A1Z5,27AAAAA2441A1Z5
pkt-1442,CONTRADICTION,major_amount_diff,high,Supplier LLC 1442,Supplier LLC 1442,INV-11442,INV-11442,38068.21,76136.420,2023-06-12,2023-06-12,27AAAAA2442A1Z5,27AAAAA2442A1Z5
pkt-1443,NO_MATCH,invalid_gstin_suffix,high,Supplier Inc 1443,Supplier Inc 1443,INV-11443,INV-11443,34043.31,34043.31,2023-05-02,2023-05-02,27AAAAA2443A1Z5,27AAAAA2443A1ZX
pkt-1444,NO_MATCH,missing_record,high,Supplier Inc 1444,,INV-11444,,17326.81,,2023-08-17,,27AAAAA2444A1Z5,
pkt-1445,NO_MATCH,missing_record,high,Supplier LLC 1445,,INV-11445,,35520.28,,2023-11-27,,27AAAAA2445A1Z5,
pkt-1446,FUZZY_MATCH,date_shift,medium,Supplier Inc 1446,Supplier Inc 1446,INV-11446,INV-11446,31085.47,31085.47,2023-11-23,2023-11-25,27AAAAA2446A1Z5,27AAAAA2446A1Z5
pkt-1447,FUZZY_MATCH,string_distance,low,Supplier LLC 1447,Suplier LLC 1447,INV-11447,INV11447,4456.71,4456.71,2023-07-06,2023-07-06,27AAAAA2447A1Z5,27AAAAA2447A1Z5
pkt-1448,NO_MATCH,missing_record,high,Supplier Corp 1448,,INV-11448,,5557.31,,2023-05-04,,27AAAAA2448A1Z5,
pkt-1449,FUZZY_MATCH,minor_amount_diff,low,Supplier Inc 1449,Supplier Inc 1449,INV-11449,INV-11449,7609.85,7612.35,2023-04-17,2023-04-17,27AAAAA2449A1Z5,27AAAAA2449A1Z5
pkt-1450,NO_MATCH,invalid_gstin_suffix,high,Supplier Ltd 1450,Supplier Ltd 1450,INV-11450,INV-11450,48481.77,48481.77,2023-09-05,2023-09-05,27AAAAA2450A1Z5,27AAAAA2450A1ZX
pkt-1451,FUZZY_MATCH,minor_amount_diff,low,Supplier Inc 1451,Supplier Inc 1451,INV-11451,INV-11451,21064.49,21064.99,2023-12-21,2023-12-21,27AAAAA2451A1Z5,27AAAAA2451A1Z5
pkt-1452,EXACT_MATCH,none,none,Supplier LLC 1452,Supplier LLC 1452,INV-11452,INV-11452,3241.18,3241.18,2023-04-27,2023-04-27,27AAAAA2452A1Z5,27AAAAA2452A1Z5
pkt-1453,NO_MATCH,missing_record,high,Supplier LLC 1453,,INV-11453,,28977.36,,2023-11-21,,27AAAAA2453A1Z5,
pkt-1454,NO_MATCH,missing_record,high,Supplier Ltd 1454,,INV-11454,,29708.53,,2023-12-17,,27AAAAA2454A1Z5,
pkt-1455,FUZZY_MATCH,ocr_artifacts,medium,Supplier LLC 1455,Supplier LLC 1455,INV-11455,INV-II455,15273.71,15273.72,2023-03-26,2023-03-26,27AAAAA2455A1Z5,27AAAAA2455A1Z5
pkt-1456,FUZZY_MATCH,minor_amount_diff,low,Supplier LLC 1456,Supplier LLC 1456,INV-11456,INV-11456,39484.46,39483.46,2023-04-16,2023-04-16,27AAAAA2456A1Z5,27AAAAA2456A1Z5
pkt-1457,NO_MATCH,different_entity,high,Supplier Corp 1457,Different Supplier Inc,INV-11457,INV-11457,7502.08,7502.08,2023-05-15,2023-05-15,27AAAAA2457A1Z5,27BBBBB1234B1Z5
pkt-1458,FUZZY_MATCH,ocr_artifacts,medium,Supplier LLC 1458,Supplier LLC 1458,INV-11458,INV-II458,46214.17,46214.18,2023-12-18,2023-12-18,27AAAAA2458A1Z5,27AAAAA2458A1Z5
pkt-1459,FUZZY_MATCH,ocr_artifacts,medium,Supplier Corp 1459,Supplier Corp 1459,INV-11459,INV-II459,48662.98,48662.99,2023-12-23,2023-12-23,27AAAAA2459A1Z5,27AAAAA2459A1Z5
pkt-1460,NO_MATCH,missing_record,high,Supplier Corp 1460,,INV-11460,,11971.48,,2023-01-11,,27AAAAA2460A1Z5,
pkt-1461,EXACT_MATCH,none,none,Supplier Inc 1461,Supplier Inc 1461,INV-11461,INV-11461,13094.32,13094.32,2023-03-07,2023-03-07,27AAAAA2461A1Z5,27AAAAA2461A1Z5
pkt-1462,NO_MATCH,missing_record,high,Supplier LLC 1462,,INV-11462,,15915.49,,2023-06-05,,27AAAAA2462A1Z5,
pkt-1463,FUZZY_MATCH,string_distance,low,Supplier LLC 1463,Suplier LLC 1463,INV-11463,INV11463,27039.34,27039.34,2023-03-18,2023-03-18,27AAAAA2463A1Z5,27AAAAA2463A1Z5
pkt-1464,NO_MATCH,missing_record,high,Supplier Corp 1464,,INV-11464,,46029.66,,2023-07-16,,27AAAAA2464A1Z5,
pkt-1465,EXACT_MATCH,none,none,Supplier LLC 1465,Supplier LLC 1465,INV-11465,INV-11465,46397.78,46397.78,2023-03-01,2023-03-01,27AAAAA2465A1Z5,27AAAAA2465A1Z5
pkt-1466,NO_MATCH,different_entity,high,Supplier Corp 1466,Different Supplier Inc,INV-11466,INV-11466,35302.02,35302.02,2023-08-10,2023-08-10,27AAAAA2466A1Z5,27BBBBB1234B1Z5
pkt-1467,EXACT_MATCH,none,none,Supplier Inc 1467,Supplier Inc 1467,INV-11467,INV-11467,36454.33,36454.33,2023-08-11,2023-08-11,27AAAAA2467A1Z5,27AAAAA2467A1Z5
pkt-1468,FUZZY_MATCH,minor_amount_diff,low,Supplier Inc 1468,Supplier Inc 1468,INV-11468,INV-11468,24001.16,24000.16,2023-01-05,2023-01-05,27AAAAA2468A1Z5,27AAAAA2468A1Z5
pkt-1469,FUZZY_MATCH,string_distance,low,Supplier LLC 1469,Suplier LLC 1469,INV-11469,INV11469,20141.33,20141.33,2023-04-15,2023-04-15,27AAAAA2469A1Z5,27AAAAA2469A1Z5
pkt-1470,NO_MATCH,different_entity,high,Supplier Corp 1470,Different Supplier Inc,INV-11470,INV-11470,16385.69,16385.69,2023-10-21,2023-10-21,27AAAAA2470A1Z5,27BBBBB1234B1Z5
pkt-1471,FUZZY_MATCH,string_distance,low,Supplier Inc 1471,Suplier Inc 1471,INV-11471,INV11471,26369.05,26369.05,2023-05-07,2023-05-07,27AAAAA2471A1Z5,27AAAAA2471A1Z5
pkt-1472,CONTRADICTION,major_amount_diff,high,Supplier Inc 1472,Supplier Inc 1472,INV-11472,INV-11472,26966.77,53933.540,2023-08-22,2023-08-22,27AAAAA2472A1Z5,27AAAAA2472A1Z5
pkt-1473,EXACT_MATCH,none,none,Supplier Inc 1473,Supplier Inc 1473,INV-11473,INV-11473,19781.74,19781.74,2023-08-11,2023-08-11,27AAAAA2473A1Z5,27AAAAA2473A1Z5
pkt-1474,NO_MATCH,invalid_gstin_suffix,high,Supplier Ltd 1474,Supplier Ltd 1474,INV-11474,INV-11474,18117.14,18117.14,2023-03-23,2023-03-23,27AAAAA2474A1Z5,27AAAAA2474A1ZX
pkt-1475,NO_MATCH,invalid_gstin_suffix,high,Supplier LLC 1475,Supplier LLC 1475,INV-11475,INV-11475,19367.02,19367.02,2023-01-10,2023-01-10,27AAAAA2475A1Z5,27AAAAA2475A1ZX
pkt-1476,FUZZY_MATCH,date_shift,medium,Supplier Inc 1476,Supplier Inc 1476,INV-11476,INV-11476,15473.46,15473.46,2023-08-28,2023-08-30,27AAAAA2476A1Z5,27AAAAA2476A1Z5
pkt-1477,FUZZY_MATCH,minor_amount_diff,low,Supplier Ltd 1477,Supplier Ltd 1477,INV-11477,INV-11477,37102.23,37102.73,2023-07-26,2023-07-26,27AAAAA2477A1Z5,27AAAAA2477A1Z5
pkt-1478,FUZZY_MATCH,ocr_artifacts,medium,Supplier Ltd 1478,Supplier Ltd 1478,INV-11478,INV-II478,40303.07,40303.08,2023-07-24,2023-07-24,27AAAAA2478A1Z5,27AAAAA2478A1Z5
pkt-1479,FUZZY_MATCH,date_shift,medium,Supplier Corp 1479,Supplier Corp 1479,INV-11479,INV-11479,41792.03,41792.03,2023-10-03,2023-10-02,27AAAAA2479A1Z5,27AAAAA2479A1Z5
pkt-1480,NO_MATCH,different_entity,high,Supplier Inc 1480,Different Supplier Inc,INV-11480,INV-11480,23783.2,23783.2,2023-09-11,2023-09-11,27AAAAA2480A1Z5,27BBBBB1234B1Z5
pkt-1481,EXACT_MATCH,none,none,Supplier Ltd 1481,Supplier Ltd 1481,INV-11481,INV-11481,37830.09,37830.09,2023-02-01,2023-02-01,27AAAAA2481A1Z5,27AAAAA2481A1Z5
pkt-1482,EXACT_MATCH,none,none,Supplier Ltd 1482,Supplier Ltd 1482,INV-11482,INV-11482,45729.08,45729.08,2023-07-06,2023-07-06,27AAAAA2482A1Z5,27AAAAA2482A1Z5
pkt-1483,EXACT_MATCH,none,none,Supplier Corp 1483,Supplier Corp 1483,INV-11483,INV-11483,28439.02,28439.02,2023-03-07,2023-03-07,27AAAAA2483A1Z5,27AAAAA2483A1Z5
pkt-1484,NO_MATCH,different_entity,high,Supplier LLC 1484,Different Supplier Inc,INV-11484,INV-11484,14544.21,14544.21,2023-08-02,2023-08-02,27AAAAA2484A1Z5,27BBBBB1234B1Z5
pkt-1485,FUZZY_MATCH,date_shift,medium,Supplier Ltd 1485,Supplier Ltd 1485,INV-11485,INV-11485,15265.33,15265.33,2023-09-24,2023-09-19,27AAAAA2485A1Z5,27AAAAA2485A1Z5
pkt-1486,EXACT_MATCH,none,none,Supplier LLC 1486,Supplier LLC 1486,INV-11486,INV-11486,39581.86,39581.86,2023-03-09,2023-03-09,27AAAAA2486A1Z5,27AAAAA2486A1Z5
pkt-1487,EXACT_MATCH,none,none,Supplier LLC 1487,Supplier LLC 1487,INV-11487,INV-11487,41728.73,41728.73,2023-08-04,2023-08-04,27AAAAA2487A1Z5,27AAAAA2487A1Z5
pkt-1488,EXACT_MATCH,none,none,Supplier Corp 1488,Supplier Corp 1488,INV-11488,INV-11488,9050.68,9050.68,2023-12-21,2023-12-21,27AAAAA2488A1Z5,27AAAAA2488A1Z5
pkt-1489,NO_MATCH,different_entity,high,Supplier Inc 1489,Different Supplier Inc,INV-11489,INV-11489,6055.8,6055.8,2023-05-16,2023-05-16,27AAAAA2489A1Z5,27BBBBB1234B1Z5
pkt-1490,FUZZY_MATCH,minor_amount_diff,low,Supplier Ltd 1490,Supplier Ltd 1490,INV-11490,INV-11490,37303.72,37306.22,2023-10-16,2023-10-16,27AAAAA2490A1Z5,27AAAAA2490A1Z5
pkt-1491,FUZZY_MATCH,minor_amount_diff,low,Supplier Inc 1491,Supplier Inc 1491,INV-11491,INV-11491,48715.51,48716.01,2023-02-12,2023-02-12,27AAAAA2491A1Z5,27AAAAA2491A1Z5
pkt-1492,EXACT_MATCH,none,none,Supplier Ltd 1492,Supplier Ltd 1492,INV-11492,INV-11492,29124.56,29124.56,2023-03-11,2023-03-11,27AAAAA2492A1Z5,27AAAAA2492A1Z5
pkt-1493,NO_MATCH,invalid_gstin_suffix,high,Supplier LLC 1493,Supplier LLC 1493,INV-11493,INV-11493,6861.32,6861.32,2023-03-02,2023-03-02,27AAAAA2493A1Z5,27AAAAA2493A1ZX
pkt-1494,FUZZY_MATCH,minor_amount_diff,low,Supplier LLC 1494,Supplier LLC 1494,INV-11494,INV-11494,21033.75,21032.75,2023-06-02,2023-06-02,27AAAAA2494A1Z5,27AAAAA2494A1Z5
pkt-1495,NO_MATCH,different_entity,high,Supplier Inc 1495,Different Supplier Inc,INV-11495,INV-11495,25741.94,25741.94,2023-11-06,2023-11-06,27AAAAA2495A1Z5,27BBBBB1234B1Z5
pkt-1496,EXACT_MATCH,none,none,Supplier LLC 1496,Supplier LLC 1496,INV-11496,INV-11496,37656.16,37656.16,2023-09-11,2023-09-11,27AAAAA2496A1Z5,27AAAAA2496A1Z5
pkt-1497,FUZZY_MATCH,string_distance,low,Supplier LLC 1497,Suplier LLC 1497,INV-11497,INV11497,40013.87,40013.87,2023-05-22,2023-05-22,27AAAAA2497A1Z5,27AAAAA2497A1Z5
pkt-1498,EXACT_MATCH,none,none,Supplier Corp 1498,Supplier Corp 1498,INV-11498,INV-11498,26767.57,26767.57,2023-06-27,2023-06-27,27AAAAA2498A1Z5,27AAAAA2498A1Z5
pkt-1499,EXACT_MATCH,none,none,Supplier Ltd 1499,Supplier Ltd 1499,INV-11499,INV-11499,6933.78,6933.78,2023-05-12,2023-05-12,27AAAAA2499A1Z5,27AAAAA2499A1Z5
pkt-1500,FUZZY_MATCH,ocr_artifacts,medium,Supplier Corp 1500,Supplier Corp 1500,INV-11500,INV-II5OO,17081.62,17081.63,2023-03-04,2023-03-04,27AAAAA2500A1Z5,27AAAAA2500A1Z5
pkt-1501,EXACT_MATCH,none,none,Supplier Inc 1501,Supplier Inc 1501,INV-11501,INV-11501,25218.81,25218.81,2023-04-26,2023-04-26,27AAAAA2501A1Z5,27AAAAA2501A1Z5
pkt-1502,EXACT_MATCH,none,none,Supplier Corp 1502,Supplier Corp 1502,INV-11502,INV-11502,23078.52,23078.52,2023-02-04,2023-02-04,27AAAAA2502A1Z5,27AAAAA2502A1Z5
pkt-1503,FUZZY_MATCH,ocr_artifacts,medium,Supplier LLC 1503,Supplier LLC 1503,INV-11503,INV-II5O3,24027.96,24027.97,2023-05-23,2023-05-23,27AAAAA2503A1Z5,27AAAAA2503A1Z5
pkt-1504,FUZZY_MATCH,ocr_artifacts,medium,Supplier LLC 1504,Supplier LLC 1504,INV-11504,INV-II5O4,40870.23,40870.24,2023-10-17,2023-10-17,27AAAAA2504A1Z5,27AAAAA2504A1Z5
pkt-1505,FUZZY_MATCH,date_shift,medium,Supplier Inc 1505,Supplier Inc 1505,INV-11505,INV-11505,35523.75,35523.75,2023-01-24,2023-01-21,27AAAAA2505A1Z5,27AAAAA2505A1Z5
pkt-1506,FUZZY_MATCH,minor_amount_diff,low,Supplier Corp 1506,Supplier Corp 1506,INV-11506,INV-11506,42855.08,42855.58,2023-03-23,2023-03-23,27AAAAA2506A1Z5,27AAAAA2506A1Z5
pkt-1507,FUZZY_MATCH,string_distance,low,Supplier Inc 1507,Suplier Inc 1507,INV-11507,INV11507,10571.07,10571.07,2023-02-14,2023-02-14,27AAAAA2507A1Z5,27AAAAA2507A1Z5
pkt-1508,EXACT_MATCH,none,none,Supplier Ltd 1508,Supplier Ltd 1508,INV-11508,INV-11508,1038.44,1038.44,2023-08-25,2023-08-25,27AAAAA2508A1Z5,27AAAAA2508A1Z5
pkt-1509,NO_MATCH,missing_record,high,Supplier Inc 1509,,INV-11509,,9897.91,,2023-01-26,,27AAAAA2509A1Z5,
pkt-1510,FUZZY_MATCH,minor_amount_diff,low,Supplier Inc 1510,Supplier Inc 1510,INV-11510,INV-11510,6034.22,6033.22,2023-05-02,2023-05-02,27AAAAA2510A1Z5,27AAAAA2510A1Z5
pkt-1511,NO_MATCH,different_entity,high,Supplier Corp 1511,Different Supplier Inc,INV-11511,INV-11511,37752.06,37752.06,2023-02-20,2023-02-20,27AAAAA2511A1Z5,27BBBBB1234B1Z5
pkt-1512,EXACT_MATCH,none,none,Supplier LLC 1512,Supplier LLC 1512,INV-11512,INV-11512,45068.63,45068.63,2023-03-22,2023-03-22,27AAAAA2512A1Z5,27AAAAA2512A1Z5
pkt-1513,NO_MATCH,invalid_gstin_suffix,high,Supplier LLC 1513,Supplier LLC 1513,INV-11513,INV-11513,4629.89,4629.89,2023-12-09,2023-12-09,27AAAAA2513A1Z5,27AAAAA2513A1ZX
pkt-1514,CONTRADICTION,major_amount_diff,high,Supplier Corp 1514,Supplier Corp 1514,INV-11514,INV-11514,8111.81,16223.620,2023-09-25,2023-09-25,27AAAAA2514A1Z5,27AAAAA2514A1Z5
pkt-1515,CONTRADICTION,major_amount_diff,high,Supplier Inc 1515,Supplier Inc 1515,INV-11515,INV-11515,28554.74,57109.480,2023-02-27,2023-02-27,27AAAAA2515A1Z5,27AAAAA2515A1Z5
pkt-1516,CONTRADICTION,major_amount_diff,high,Supplier Corp 1516,Supplier Corp 1516,INV-11516,INV-11516,10928.2,21856.40,2023-04-10,2023-04-10,27AAAAA2516A1Z5,27AAAAA2516A1Z5
pkt-1517,CONTRADICTION,major_amount_diff,high,Supplier Corp 1517,Supplier Corp 1517,INV-11517,INV-11517,316.01,632.020,2023-12-04,2023-12-04,27AAAAA2517A1Z5,27AAAAA2517A1Z5
pkt-1518,NO_MATCH,missing_record,high,Supplier Corp 1518,,INV-11518,,42579.71,,2023-08-12,,27AAAAA2518A1Z5,
pkt-1519,EXACT_MATCH,none,none,Supplier LLC 1519,Supplier LLC 1519,INV-11519,INV-11519,33708.93,33708.93,2023-02-06,2023-02-06,27AAAAA2519A1Z5,27AAAAA2519A1Z5
pkt-1520,FUZZY_MATCH,string_distance,low,Supplier Ltd 1520,Suplier Ltd 1520,INV-11520,INV11520,21262.18,21262.18,2023-09-08,2023-09-08,27AAAAA2520A1Z5,27AAAAA2520A1Z5
pkt-1521,FUZZY_MATCH,string_distance,low,Supplier Ltd 1521,Suplier Ltd 1521,INV-11521,INV11521,38094.33,38094.33,2023-06-04,2023-06-04,27AAAAA2521A1Z5,27AAAAA2521A1Z5
pkt-1522,EXACT_MATCH,none,none,Supplier LLC 1522,Supplier LLC 1522,INV-11522,INV-11522,26034.41,26034.41,2023-08-25,2023-08-25,27AAAAA2522A1Z5,27AAAAA2522A1Z5
pkt-1523,NO_MATCH,invalid_gstin_suffix,high,Supplier Inc 1523,Supplier Inc 1523,INV-11523,INV-11523,14484.74,14484.74,2023-12-02,2023-12-02,27AAAAA2523A1Z5,27AAAAA2523A1ZX
pkt-1524,NO_MATCH,different_entity,high,Supplier Ltd 1524,Different Supplier Inc,INV-11524,INV-11524,24736.27,24736.27,2023-07-10,2023-07-10,27AAAAA2524A1Z5,27BBBBB1234B1Z5
pkt-1525,FUZZY_MATCH,date_shift,medium,Supplier Ltd 1525,Supplier Ltd 1525,INV-11525,INV-11525,36835.1,36835.1,2023-11-27,2023-11-30,27AAAAA2525A1Z5,27AAAAA2525A1Z5
pkt-1526,NO_MATCH,missing_record,high,Supplier Inc 1526,,INV-11526,,20423.38,,2023-07-07,,27AAAAA2526A1Z5,
pkt-1527,EXACT_MATCH,none,none,Supplier Inc 1527,Supplier Inc 1527,INV-11527,INV-11527,46960.19,46960.19,2023-06-06,2023-06-06,27AAAAA2527A1Z5,27AAAAA2527A1Z5
pkt-1528,CONTRADICTION,major_amount_diff,high,Supplier Ltd 1528,Supplier Ltd 1528,INV-11528,INV-11528,24633.25,49266.500,2023-02-13,2023-02-13,27AAAAA2528A1Z5,27AAAAA2528A1Z5
pkt-1529,EXACT_MATCH,none,none,Supplier Corp 1529,Supplier Corp 1529,INV-11529,INV-11529,32961.56,32961.56,2023-02-04,2023-02-04,27AAAAA2529A1Z5,27AAAAA2529A1Z5
pkt-1530,FUZZY_MATCH,string_distance,low,Supplier Corp 1530,Suplier Corp 1530,INV-11530,INV11530,20091.15,20091.15,2023-10-04,2023-10-04,27AAAAA2530A1Z5,27AAAAA2530A1Z5
pkt-1531,NO_MATCH,different_entity,high,Supplier Corp 1531,Different Supplier Inc,INV-11531,INV-11531,18249.13,18249.13,2023-04-11,2023-04-11,27AAAAA2531A1Z5,27BBBBB1234B1Z5
pkt-1532,EXACT_MATCH,none,none,Supplier Corp 1532,Supplier Corp 1532,INV-11532,INV-11532,42217.07,42217.07,2023-07-04,2023-07-04,27AAAAA2532A1Z5,27AAAAA2532A1Z5
pkt-1533,EXACT_MATCH,none,none,Supplier LLC 1533,Supplier LLC 1533,INV-11533,INV-11533,36287.5,36287.5,2023-05-25,2023-05-25,27AAAAA2533A1Z5,27AAAAA2533A1Z5
pkt-1534,NO_MATCH,missing_record,high,Supplier Ltd 1534,,INV-11534,,47166.93,,2023-06-16,,27AAAAA2534A1Z5,
pkt-1535,FUZZY_MATCH,string_distance,low,Supplier Ltd 1535,Suplier Ltd 1535,INV-11535,INV11535,25619.58,25619.58,2023-03-25,2023-03-25,27AAAAA2535A1Z5,27AAAAA2535A1Z5
pkt-1536,EXACT_MATCH,none,none,Supplier Corp 1536,Supplier Corp 1536,INV-11536,INV-11536,6197.28,6197.28,2023-08-16,2023-08-16,27AAAAA2536A1Z5,27AAAAA2536A1Z5
pkt-1537,FUZZY_MATCH,string_distance,low,Supplier Inc 1537,Suplier Inc 1537,INV-11537,INV11537,47125.91,47125.91,2023-01-04,2023-01-04,27AAAAA2537A1Z5,27AAAAA2537A1Z5
pkt-1538,NO_MATCH,different_entity,high,Supplier Ltd 1538,Different Supplier Inc,INV-11538,INV-11538,24956.93,24956.93,2023-01-06,2023-01-06,27AAAAA2538A1Z5,27BBBBB1234B1Z5
pkt-1539,FUZZY_MATCH,string_distance,low,Supplier Inc 1539,Suplier Inc 1539,INV-11539,INV11539,33992.3,33992.3,2023-03-10,2023-03-10,27AAAAA2539A1Z5,27AAAAA2539A1Z5
pkt-1540,NO_MATCH,missing_record,high,Supplier Ltd 1540,,INV-11540,,33087.92,,2023-09-25,,27AAAAA2540A1Z5,
pkt-1541,CONTRADICTION,major_amount_diff,high,Supplier Ltd 1541,Supplier Ltd 1541,INV-11541,INV-11541,10176.39,20352.780,2023-11-16,2023-11-16,27AAAAA2541A1Z5,27AAAAA2541A1Z5
pkt-1542,EXACT_MATCH,none,none,Supplier Inc 1542,Supplier Inc 1542,INV-11542,INV-11542,13157.1,13157.1,2023-06-26,2023-06-26,27AAAAA2542A1Z5,27AAAAA2542A1Z5
pkt-1543,NO_MATCH,invalid_gstin_suffix,high,Supplier Ltd 1543,Supplier Ltd 1543,INV-11543,INV-11543,49536.51,49536.51,2023-02-13,2023-02-13,27AAAAA2543A1Z5,27AAAAA2543A1ZX
pkt-1544,EXACT_MATCH,none,none,Supplier Inc 1544,Supplier Inc 1544,INV-11544,INV-11544,42658.43,42658.43,2023-08-15,2023-08-15,27AAAAA2544A1Z5,27AAAAA2544A1Z5
pkt-1545,EXACT_MATCH,none,none,Supplier LLC 1545,Supplier LLC 1545,INV-11545,INV-11545,8925.77,8925.77,2023-11-28,2023-11-28,27AAAAA2545A1Z5,27AAAAA2545A1Z5
pkt-1546,EXACT_MATCH,none,none,Supplier LLC 1546,Supplier LLC 1546,INV-11546,INV-11546,8290.8,8290.8,2023-07-05,2023-07-05,27AAAAA2546A1Z5,27AAAAA2546A1Z5
pkt-1547,EXACT_MATCH,none,none,Supplier Ltd 1547,Supplier Ltd 1547,INV-11547,INV-11547,19515.12,19515.12,2023-02-19,2023-02-19,27AAAAA2547A1Z5,27AAAAA2547A1Z5
pkt-1548,NO_MATCH,missing_record,high,Supplier Ltd 1548,,INV-11548,,27733.82,,2023-09-19,,27AAAAA2548A1Z5,
pkt-1549,EXACT_MATCH,none,none,Supplier Inc 1549,Supplier Inc 1549,INV-11549,INV-11549,28156.55,28156.55,2023-03-17,2023-03-17,27AAAAA2549A1Z5,27AAAAA2549A1Z5
pkt-1550,FUZZY_MATCH,minor_amount_diff,low,Supplier LLC 1550,Supplier LLC 1550,INV-11550,INV-11550,13243.21,13244.21,2023-10-13,2023-10-13,27AAAAA2550A1Z5,27AAAAA2550A1Z5
pkt-1551,NO_MATCH,invalid_gstin_suffix,high,Supplier Corp 1551,Supplier Corp 1551,INV-11551,INV-11551,3165.06,3165.06,2023-10-02,2023-10-02,27AAAAA2551A1Z5,27AAAAA2551A1ZX
pkt-1552,EXACT_MATCH,none,none,Supplier Inc 1552,Supplier Inc 1552,INV-11552,INV-11552,17508.95,17508.95,2023-12-19,2023-12-19,27AAAAA2552A1Z5,27AAAAA2552A1Z5
pkt-1553,NO_MATCH,invalid_gstin_suffix,high,Supplier LLC 1553,Supplier LLC 1553,INV-11553,INV-11553,17128.7,17128.7,2023-02-14,2023-02-14,27AAAAA2553A1Z5,27AAAAA2553A1ZX
pkt-1554,FUZZY_MATCH,date_shift,medium,Supplier Corp 1554,Supplier Corp 1554,INV-11554,INV-11554,20655.29,20655.29,2023-01-22,2023-01-20,27AAAAA2554A1Z5,27AAAAA2554A1Z5
pkt-1555,FUZZY_MATCH,minor_amount_diff,low,Supplier Inc 1555,Supplier Inc 1555,INV-11555,INV-11555,32439.33,32438.33,2023-10-03,2023-10-03,27AAAAA2555A1Z5,27AAAAA2555A1Z5
pkt-1556,EXACT_MATCH,none,none,Supplier LLC 1556,Supplier LLC 1556,INV-11556,INV-11556,16945.95,16945.95,2023-01-18,2023-01-18,27AAAAA2556A1Z5,27AAAAA2556A1Z5
pkt-1557,FUZZY_MATCH,minor_amount_diff,low,Supplier Ltd 1557,Supplier Ltd 1557,INV-11557,INV-11557,23099.38,23098.38,2023-07-19,2023-07-19,27AAAAA2557A1Z5,27AAAAA2557A1Z5
pkt-1558,EXACT_MATCH,none,none,Supplier LLC 1558,Supplier LLC 1558,INV-11558,INV-11558,34828.33,34828.33,2023-10-01,2023-10-01,27AAAAA2558A1Z5,27AAAAA2558A1Z5
pkt-1559,NO_MATCH,missing_record,high,Supplier Inc 1559,,INV-11559,,28560.64,,2023-06-19,,27AAAAA2559A1Z5,
pkt-1560,NO_MATCH,missing_record,high,Supplier LLC 1560,,INV-11560,,5092.83,,2023-11-07,,27AAAAA2560A1Z5,
pkt-1561,NO_MATCH,different_entity,high,Supplier Corp 1561,Different Supplier Inc,INV-11561,INV-11561,25188.15,25188.15,2023-11-11,2023-11-11,27AAAAA2561A1Z5,27BBBBB1234B1Z5
pkt-1562,EXACT_MATCH,none,none,Supplier Ltd 1562,Supplier Ltd 1562,INV-11562,INV-11562,15046.09,15046.09,2023-07-07,2023-07-07,27AAAAA2562A1Z5,27AAAAA2562A1Z5
pkt-1563,FUZZY_MATCH,minor_amount_diff,low,Supplier Corp 1563,Supplier Corp 1563,INV-11563,INV-11563,42381.97,42382.97,2023-02-27,2023-02-27,27AAAAA2563A1Z5,27AAAAA2563A1Z5
pkt-1564,NO_MATCH,different_entity,high,Supplier Corp 1564,Different Supplier Inc,INV-11564,INV-11564,2471.81,2471.81,2023-10-13,2023-10-13,27AAAAA2564A1Z5,27BBBBB1234B1Z5
pkt-1565,NO_MATCH,different_entity,high,Supplier Inc 1565,Different Supplier Inc,INV-11565,INV-11565,37170.11,37170.11,2023-02-23,2023-02-23,27AAAAA2565A1Z5,27BBBBB1234B1Z5
pkt-1566,EXACT_MATCH,none,none,Supplier Ltd 1566,Supplier Ltd 1566,INV-11566,INV-11566,16908.22,16908.22,2023-02-19,2023-02-19,27AAAAA2566A1Z5,27AAAAA2566A1Z5
pkt-1567,CONTRADICTION,major_amount_diff,high,Supplier LLC 1567,Supplier LLC 1567,INV-11567,INV-11567,10565.98,21131.960,2023-02-21,2023-02-21,27AAAAA2567A1Z5,27AAAAA2567A1Z5
pkt-1568,FUZZY_MATCH,date_shift,medium,Supplier LLC 1568,Supplier LLC 1568,INV-11568,INV-11568,40225.92,40225.92,2023-07-22,2023-07-23,27AAAAA2568A1Z5,27AAAAA2568A1Z5
pkt-1569,EXACT_MATCH,none,none,Supplier Ltd 1569,Supplier Ltd 1569,INV-11569,INV-11569,20174.82,20174.82,2023-10-17,2023-10-17,27AAAAA2569A1Z5,27AAAAA2569A1Z5
pkt-1570,NO_MATCH,different_entity,high,Supplier Corp 1570,Different Supplier Inc,INV-11570,INV-11570,38195.77,38195.77,2023-03-01,2023-03-01,27AAAAA2570A1Z5,27BBBBB1234B1Z5
pkt-1571,FUZZY_MATCH,minor_amount_diff,low,Supplier Ltd 1571,Supplier Ltd 1571,INV-11571,INV-11571,25010.26,25012.76,2023-11-27,2023-11-27,27AAAAA2571A1Z5,27AAAAA2571A1Z5
pkt-1572,CONTRADICTION,major_amount_diff,high,Supplier Inc 1572,Supplier Inc 1572,INV-11572,INV-11572,46738.33,93476.660,2023-12-21,2023-12-21,27AAAAA2572A1Z5,27AAAAA2572A1Z5
pkt-1573,FUZZY_MATCH,ocr_artifacts,medium,Supplier Corp 1573,Supplier Corp 1573,INV-11573,INV-II573,10112.34,10112.35,2023-08-05,2023-08-05,27AAAAA2573A1Z5,27AAAAA2573A1Z5
pkt-1574,EXACT_MATCH,none,none,Supplier Ltd 1574,Supplier Ltd 1574,INV-11574,INV-11574,37347.03,37347.03,2023-05-28,2023-05-28,27AAAAA2574A1Z5,27AAAAA2574A1Z5
pkt-1575,EXACT_MATCH,none,none,Supplier Corp 1575,Supplier Corp 1575,INV-11575,INV-11575,16000.79,16000.79,2023-02-21,2023-02-21,27AAAAA2575A1Z5,27AAAAA2575A1Z5
pkt-1576,FUZZY_MATCH,minor_amount_diff,low,Supplier Corp 1576,Supplier Corp 1576,INV-11576,INV-11576,13420.04,13420.54,2023-05-21,2023-05-21,27AAAAA2576A1Z5,27AAAAA2576A1Z5
pkt-1577,EXACT_MATCH,none,none,Supplier Corp 1577,Supplier Corp 1577,INV-11577,INV-11577,20352.71,20352.71,2023-02-05,2023-02-05,27AAAAA2577A1Z5,27AAAAA2577A1Z5
pkt-1578,CONTRADICTION,major_amount_diff,high,Supplier Ltd 1578,Supplier Ltd 1578,INV-11578,INV-11578,12354.77,24709.540,2023-05-15,2023-05-15,27AAAAA2578A1Z5,27AAAAA2578A1Z5
pkt-1579,FUZZY_MATCH,date_shift,medium,Supplier Inc 1579,Supplier Inc 1579,INV-11579,INV-11579,49565.53,49565.53,2023-07-21,2023-07-18,27AAAAA2579A1Z5,27AAAAA2579A1Z5
pkt-1580,EXACT_MATCH,none,none,Supplier LLC 1580,Supplier LLC 1580,INV-11580,INV-11580,13708.33,13708.33,2023-01-09,2023-01-09,27AAAAA2580A1Z5,27AAAAA2580A1Z5
pkt-1581,EXACT_MATCH,none,none,Supplier Inc 1581,Supplier Inc 1581,INV-11581,INV-11581,27580.23,27580.23,2023-11-28,2023-11-28,27AAAAA2581A1Z5,27AAAAA2581A1Z5
pkt-1582,NO_MATCH,invalid_gstin_suffix,high,Supplier Inc 1582,Supplier Inc 1582,INV-11582,INV-11582,24343.51,24343.51,2023-01-02,2023-01-02,27AAAAA2582A1Z5,27AAAAA2582A1ZX
pkt-1583,EXACT_MATCH,none,none,Supplier LLC 1583,Supplier LLC 1583,INV-11583,INV-11583,30119.83,30119.83,2023-02-14,2023-02-14,27AAAAA2583A1Z5,27AAAAA2583A1Z5
pkt-1584,FUZZY_MATCH,date_shift,medium,Supplier Corp 1584,Supplier Corp 1584,INV-11584,INV-11584,32905.79,32905.79,2023-02-13,2023-02-09,27AAAAA2584A1Z5,27AAAAA2584A1Z5
pkt-1585,NO_MATCH,missing_record,high,Supplier LLC 1585,,INV-11585,,28591.57,,2023-09-04,,27AAAAA2585A1Z5,
pkt-1586,NO_MATCH,invalid_gstin_suffix,high,Supplier Inc 1586,Supplier Inc 1586,INV-11586,INV-11586,44239.79,44239.79,2023-04-20,2023-04-20,27AAAAA2586A1Z5,27AAAAA2586A1ZX
pkt-1587,EXACT_MATCH,none,none,Supplier Ltd 1587,Supplier Ltd 1587,INV-11587,INV-11587,16531.37,16531.37,2023-10-24,2023-10-24,27AAAAA2587A1Z5,27AAAAA2587A1Z5
pkt-1588,FUZZY_MATCH,string_distance,low,Supplier Corp 1588,Suplier Corp 1588,INV-11588,INV11588,37223.55,37223.55,2023-07-07,2023-07-07,27AAAAA2588A1Z5,27AAAAA2588A1Z5
pkt-1589,FUZZY_MATCH,minor_amount_diff,low,Supplier Ltd 1589,Supplier Ltd 1589,INV-11589,INV-11589,8840.2,8839.20,2023-05-15,2023-05-15,27AAAAA2589A1Z5,27AAAAA2589A1Z5
pkt-1590,NO_MATCH,invalid_gstin_suffix,high,Supplier Inc 1590,Supplier Inc 1590,INV-11590,INV-11590,24568.89,24568.89,2023-06-23,2023-06-23,27AAAAA2590A1Z5,27AAAAA2590A1ZX
pkt-1591,FUZZY_MATCH,minor_amount_diff,low,Supplier Corp 1591,Supplier Corp 1591,INV-11591,INV-11591,27332.68,27333.18,2023-08-22,2023-08-22,27AAAAA2591A1Z5,27AAAAA2591A1Z5
pkt-1592,EXACT_MATCH,none,none,Supplier LLC 1592,Supplier LLC 1592,INV-11592,INV-11592,18213.6,18213.6,2023-12-12,2023-12-12,27AAAAA2592A1Z5,27AAAAA2592A1Z5
pkt-1593,EXACT_MATCH,none,none,Supplier Inc 1593,Supplier Inc 1593,INV-11593,INV-11593,32305.34,32305.34,2023-10-02,2023-10-02,27AAAAA2593A1Z5,27AAAAA2593A1Z5
pkt-1594,CONTRADICTION,major_amount_diff,high,Supplier LLC 1594,Supplier LLC 1594,INV-11594,INV-11594,45881.12,91762.240,2023-11-08,2023-11-08,27AAAAA2594A1Z5,27AAAAA2594A1Z5
pkt-1595,EXACT_MATCH,none,none,Supplier LLC 1595,Supplier LLC 1595,INV-11595,INV-11595,19296.04,19296.04,2023-11-23,2023-11-23,27AAAAA2595A1Z5,27AAAAA2595A1Z5
pkt-1596,EXACT_MATCH,none,none,Supplier Ltd 1596,Supplier Ltd 1596,INV-11596,INV-11596,6190.48,6190.48,2023-04-28,2023-04-28,27AAAAA2596A1Z5,27AAAAA2596A1Z5
pkt-1597,FUZZY_MATCH,string_distance,low,Supplier LLC 1597,Suplier LLC 1597,INV-11597,INV11597,492.52,492.52,2023-07-09,2023-07-09,27AAAAA2597A1Z5,27AAAAA2597A1Z5
pkt-1598,FUZZY_MATCH,ocr_artifacts,medium,Supplier Corp 1598,Supplier Corp 1598,INV-11598,INV-II598,46822.49,46822.50,2023-04-10,2023-04-10,27AAAAA2598A1Z5,27AAAAA2598A1Z5
pkt-1599,EXACT_MATCH,none,none,Supplier Ltd 1599,Supplier Ltd 1599,INV-11599,INV-11599,45802.95,45802.95,2023-11-11,2023-11-11,27AAAAA2599A1Z5,27AAAAA2599A1Z5
pkt-1600,NO_MATCH,missing_record,high,Supplier Ltd 1600,,INV-11600,,13774.42,,2023-02-27,,27AAAAA2600A1Z5,
pkt-1601,FUZZY_MATCH,string_distance,low,Supplier Ltd 1601,Suplier Ltd 1601,INV-11601,INV11601,36873.4,36873.4,2023-06-23,2023-06-23,27AAAAA2601A1Z5,27AAAAA2601A1Z5
pkt-1602,NO_MATCH,invalid_gstin_suffix,high,Supplier Inc 1602,Supplier Inc 1602,INV-11602,INV-11602,41237.6,41237.6,2023-12-09,2023-12-09,27AAAAA2602A1Z5,27AAAAA2602A1ZX
pkt-1603,NO_MATCH,missing_record,high,Supplier LLC 1603,,INV-11603,,21101.44,,2023-12-27,,27AAAAA2603A1Z5,
pkt-1604,EXACT_MATCH,none,none,Supplier Corp 1604,Supplier Corp 1604,INV-11604,INV-11604,34790.98,34790.98,2023-01-21,2023-01-21,27AAAAA2604A1Z5,27AAAAA2604A1Z5
pkt-1605,EXACT_MATCH,none,none,Supplier Inc 1605,Supplier Inc 1605,INV-11605,INV-11605,22225.91,22225.91,2023-11-05,2023-11-05,27AAAAA2605A1Z5,27AAAAA2605A1Z5
pkt-1606,FUZZY_MATCH,string_distance,low,Supplier Inc 1606,Suplier Inc 1606,INV-11606,INV11606,10083.76,10083.76,2023-05-11,2023-05-11,27AAAAA2606A1Z5,27AAAAA2606A1Z5
pkt-1607,NO_MATCH,different_entity,high,Supplier Corp 1607,Different Supplier Inc,INV-11607,INV-11607,7975.34,7975.34,2023-09-23,2023-09-23,27AAAAA2607A1Z5,27BBBBB1234B1Z5
pkt-1608,EXACT_MATCH,none,none,Supplier Ltd 1608,Supplier Ltd 1608,INV-11608,INV-11608,34319.09,34319.09,2023-06-15,2023-06-15,27AAAAA2608A1Z5,27AAAAA2608A1Z5
pkt-1609,FUZZY_MATCH,minor_amount_diff,low,Supplier LLC 1609,Supplier LLC 1609,INV-11609,INV-11609,6762.14,6762.64,2023-03-22,2023-03-22,27AAAAA2609A1Z5,27AAAAA2609A1Z5
pkt-1610,EXACT_MATCH,none,none,Supplier Ltd 1610,Supplier Ltd 1610,INV-11610,INV-11610,4311.51,4311.51,2023-06-06,2023-06-06,27AAAAA2610A1Z5,27AAAAA2610A1Z5
pkt-1611,EXACT_MATCH,none,none,Supplier Inc 1611,Supplier Inc 1611,INV-11611,INV-11611,47243.38,47243.38,2023-10-08,2023-10-08,27AAAAA2611A1Z5,27AAAAA2611A1Z5
pkt-1612,FUZZY_MATCH,string_distance,low,Supplier Corp 1612,Suplier Corp 1612,INV-11612,INV11612,46163.31,46163.31,2023-11-20,2023-11-20,27AAAAA2612A1Z5,27AAAAA2612A1Z5
pkt-1613,EXACT_MATCH,none,none,Supplier Corp 1613,Supplier Corp 1613,INV-11613,INV-11613,48708.97,48708.97,2023-04-09,2023-04-09,27AAAAA2613A1Z5,27AAAAA2613A1Z5
pkt-1614,FUZZY_MATCH,ocr_artifacts,medium,Supplier LLC 1614,Supplier LLC 1614,INV-11614,INV-II6I4,20111.64,20111.65,2023-07-20,2023-07-20,27AAAAA2614A1Z5,27AAAAA2614A1Z5
pkt-1615,EXACT_MATCH,none,none,Supplier Inc 1615,Supplier Inc 1615,INV-11615,INV-11615,4544.16,4544.16,2023-06-06,2023-06-06,27AAAAA2615A1Z5,27AAAAA2615A1Z5
pkt-1616,EXACT_MATCH,none,none,Supplier Ltd 1616,Supplier Ltd 1616,INV-11616,INV-11616,35957.31,35957.31,2023-07-25,2023-07-25,27AAAAA2616A1Z5,27AAAAA2616A1Z5
pkt-1617,FUZZY_MATCH,date_shift,medium,Supplier Corp 1617,Supplier Corp 1617,INV-11617,INV-11617,24758.04,24758.04,2023-04-23,2023-04-22,27AAAAA2617A1Z5,27AAAAA2617A1Z5
pkt-1618,EXACT_MATCH,none,none,Supplier Corp 1618,Supplier Corp 1618,INV-11618,INV-11618,14469.3,14469.3,2023-08-13,2023-08-13,27AAAAA2618A1Z5,27AAAAA2618A1Z5
pkt-1619,EXACT_MATCH,none,none,Supplier LLC 1619,Supplier LLC 1619,INV-11619,INV-11619,42831.25,42831.25,2023-10-07,2023-10-07,27AAAAA2619A1Z5,27AAAAA2619A1Z5
pkt-1620,FUZZY_MATCH,ocr_artifacts,medium,Supplier Ltd 1620,Supplier Ltd 1620,INV-11620,INV-II62O,33891.71,33891.72,2023-07-06,2023-07-06,27AAAAA2620A1Z5,27AAAAA2620A1Z5
pkt-1621,FUZZY_MATCH,date_shift,medium,Supplier Ltd 1621,Supplier Ltd 1621,INV-11621,INV-11621,1535.78,1535.78,2023-05-08,2023-05-08,27AAAAA2621A1Z5,27AAAAA2621A1Z5
pkt-1622,EXACT_MATCH,none,none,Supplier Inc 1622,Supplier Inc 1622,INV-11622,INV-11622,29186.86,29186.86,2023-11-15,2023-11-15,27AAAAA2622A1Z5,27AAAAA2622A1Z5
pkt-1623,EXACT_MATCH,none,none,Supplier Ltd 1623,Supplier Ltd 1623,INV-11623,INV-11623,23497.19,23497.19,2023-06-23,2023-06-23,27AAAAA2623A1Z5,27AAAAA2623A1Z5
pkt-1624,EXACT_MATCH,none,none,Supplier Ltd 1624,Supplier Ltd 1624,INV-11624,INV-11624,10689.66,10689.66,2023-07-23,2023-07-23,27AAAAA2624A1Z5,27AAAAA2624A1Z5
pkt-1625,EXACT_MATCH,none,none,Supplier Inc 1625,Supplier Inc 1625,INV-11625,INV-11625,29900.08,29900.08,2023-02-04,2023-02-04,27AAAAA2625A1Z5,27AAAAA2625A1Z5
pkt-1626,NO_MATCH,different_entity,high,Supplier LLC 1626,Different Supplier Inc,INV-11626,INV-11626,16709.84,16709.84,2023-04-16,2023-04-16,27AAAAA2626A1Z5,27BBBBB1234B1Z5
pkt-1627,EXACT_MATCH,none,none,Supplier Inc 1627,Supplier Inc 1627,INV-11627,INV-11627,46972.16,46972.16,2023-10-23,2023-10-23,27AAAAA2627A1Z5,27AAAAA2627A1Z5
pkt-1628,EXACT_MATCH,none,none,Supplier LLC 1628,Supplier LLC 1628,INV-11628,INV-11628,12757.48,12757.48,2023-10-13,2023-10-13,27AAAAA2628A1Z5,27AAAAA2628A1Z5
pkt-1629,NO_MATCH,different_entity,high,Supplier Inc 1629,Different Supplier Inc,INV-11629,INV-11629,33595.97,33595.97,2023-03-18,2023-03-18,27AAAAA2629A1Z5,27BBBBB1234B1Z5
pkt-1630,NO_MATCH,invalid_gstin_suffix,high,Supplier Ltd 1630,Supplier Ltd 1630,INV-11630,INV-11630,9050.67,9050.67,2023-03-17,2023-03-17,27AAAAA2630A1Z5,27AAAAA2630A1ZX
pkt-1631,EXACT_MATCH,none,none,Supplier LLC 1631,Supplier LLC 1631,INV-11631,INV-11631,43907.05,43907.05,2023-03-03,2023-03-03,27AAAAA2631A1Z5,27AAAAA2631A1Z5
pkt-1632,NO_MATCH,invalid_gstin_suffix,high,Supplier Inc 1632,Supplier Inc 1632,INV-11632,INV-11632,26568.15,26568.15,2023-03-09,2023-03-09,27AAAAA2632A1Z5,27AAAAA2632A1ZX
pkt-1633,EXACT_MATCH,none,none,Supplier LLC 1633,Supplier LLC 1633,INV-11633,INV-11633,2303.69,2303.69,2023-03-16,2023-03-16,27AAAAA2633A1Z5,27AAAAA2633A1Z5
pkt-1634,NO_MATCH,different_entity,high,Supplier LLC 1634,Different Supplier Inc,INV-11634,INV-11634,18093.55,18093.55,2023-07-10,2023-07-10,27AAAAA2634A1Z5,27BBBBB1234B1Z5
pkt-1635,EXACT_MATCH,none,none,Supplier LLC 1635,Supplier LLC 1635,INV-11635,INV-11635,41496.5,41496.5,2023-05-17,2023-05-17,27AAAAA2635A1Z5,27AAAAA2635A1Z5
pkt-1636,FUZZY_MATCH,ocr_artifacts,medium,Supplier Ltd 1636,Supplier Ltd 1636,INV-11636,INV-II636,44644.32,44644.33,2023-06-24,2023-06-24,27AAAAA2636A1Z5,27AAAAA2636A1Z5
pkt-1637,EXACT_MATCH,none,none,Supplier Ltd 1637,Supplier Ltd 1637,INV-11637,INV-11637,27828.17,27828.17,2023-11-21,2023-11-21,27AAAAA2637A1Z5,27AAAAA2637A1Z5
pkt-1638,EXACT_MATCH,none,none,Supplier Corp 1638,Supplier Corp 1638,INV-11638,INV-11638,9527.11,9527.11,2023-01-08,2023-01-08,27AAAAA2638A1Z5,27AAAAA2638A1Z5
pkt-1639,EXACT_MATCH,none,none,Supplier Ltd 1639,Supplier Ltd 1639,INV-11639,INV-11639,23565.35,23565.35,2023-03-23,2023-03-23,27AAAAA2639A1Z5,27AAAAA2639A1Z5
pkt-1640,NO_MATCH,invalid_gstin_suffix,high,Supplier Ltd 1640,Supplier Ltd 1640,INV-11640,INV-11640,5889.6,5889.6,2023-08-02,2023-08-02,27AAAAA2640A1Z5,27AAAAA2640A1ZX
pkt-1641,NO_MATCH,missing_record,high,Supplier Ltd 1641,,INV-11641,,49442.05,,2023-09-16,,27AAAAA2641A1Z5,
pkt-1642,FUZZY_MATCH,string_distance,low,Supplier Corp 1642,Suplier Corp 1642,INV-11642,INV11642,5713.3,5713.3,2023-12-28,2023-12-28,27AAAAA2642A1Z5,27AAAAA2642A1Z5
pkt-1643,FUZZY_MATCH,ocr_artifacts,medium,Supplier LLC 1643,Supplier LLC 1643,INV-11643,INV-II643,17545.25,17545.26,2023-04-28,2023-04-28,27AAAAA2643A1Z5,27AAAAA2643A1Z5
pkt-1644,NO_MATCH,different_entity,high,Supplier LLC 1644,Different Supplier Inc,INV-11644,INV-11644,41764.19,41764.19,2023-12-17,2023-12-17,27AAAAA2644A1Z5,27BBBBB1234B1Z5
pkt-1645,CONTRADICTION,major_amount_diff,high,Supplier Inc 1645,Supplier Inc 1645,INV-11645,INV-11645,44555.64,89111.280,2023-10-07,2023-10-07,27AAAAA2645A1Z5,27AAAAA2645A1Z5
pkt-1646,FUZZY_MATCH,date_shift,medium,Supplier Inc 1646,Supplier Inc 1646,INV-11646,INV-11646,38365.7,38365.7,2023-03-14,2023-03-16,27AAAAA2646A1Z5,27AAAAA2646A1Z5
pkt-1647,EXACT_MATCH,none,none,Supplier LLC 1647,Supplier LLC 1647,INV-11647,INV-11647,33877.73,33877.73,2023-06-01,2023-06-01,27AAAAA2647A1Z5,27AAAAA2647A1Z5
pkt-1648,NO_MATCH,different_entity,high,Supplier LLC 1648,Different Supplier Inc,INV-11648,INV-11648,49068.59,49068.59,2023-02-13,2023-02-13,27AAAAA2648A1Z5,27BBBBB1234B1Z5
pkt-1649,FUZZY_MATCH,ocr_artifacts,medium,Supplier LLC 1649,Supplier LLC 1649,INV-11649,INV-II649,46464.51,46464.52,2023-02-27,2023-02-27,27AAAAA2649A1Z5,27AAAAA2649A1Z5
pkt-1650,NO_MATCH,missing_record,high,Supplier Ltd 1650,,INV-11650,,1540.84,,2023-08-27,,27AAAAA2650A1Z5,
pkt-1651,NO_MATCH,invalid_gstin_suffix,high,Supplier Inc 1651,Supplier Inc 1651,INV-11651,INV-11651,31455.0,31455.0,2023-05-20,2023-05-20,27AAAAA2651A1Z5,27AAAAA2651A1ZX
pkt-1652,NO_MATCH,invalid_gstin_suffix,high,Supplier Ltd 1652,Supplier Ltd 1652,INV-11652,INV-11652,48491.55,48491.55,2023-11-20,2023-11-20,27AAAAA2652A1Z5,27AAAAA2652A1ZX
pkt-1653,FUZZY_MATCH,date_shift,medium,Supplier Corp 1653,Supplier Corp 1653,INV-11653,INV-11653,47376.18,47376.18,2023-12-26,2023-12-21,27AAAAA2653A1Z5,27AAAAA2653A1Z5
pkt-1654,EXACT_MATCH,none,none,Supplier Inc 1654,Supplier Inc 1654,INV-11654,INV-11654,40097.74,40097.74,2023-05-11,2023-05-11,27AAAAA2654A1Z5,27AAAAA2654A1Z5
pkt-1655,EXACT_MATCH,none,none,Supplier Inc 1655,Supplier Inc 1655,INV-11655,INV-11655,3629.13,3629.13,2023-10-13,2023-10-13,27AAAAA2655A1Z5,27AAAAA2655A1Z5
pkt-1656,FUZZY_MATCH,string_distance,low,Supplier Ltd 1656,Suplier Ltd 1656,INV-11656,INV11656,12832.68,12832.68,2023-04-25,2023-04-25,27AAAAA2656A1Z5,27AAAAA2656A1Z5
pkt-1657,EXACT_MATCH,none,none,Supplier Ltd 1657,Supplier Ltd 1657,INV-11657,INV-11657,1123.55,1123.55,2023-04-06,2023-04-06,27AAAAA2657A1Z5,27AAAAA2657A1Z5
pkt-1658,FUZZY_MATCH,minor_amount_diff,low,Supplier Inc 1658,Supplier Inc 1658,INV-11658,INV-11658,14318.3,14320.80,2023-11-05,2023-11-05,27AAAAA2658A1Z5,27AAAAA2658A1Z5
pkt-1659,EXACT_MATCH,none,none,Supplier LLC 1659,Supplier LLC 1659,INV-11659,INV-11659,40074.91,40074.91,2023-12-26,2023-12-26,27AAAAA2659A1Z5,27AAAAA2659A1Z5
pkt-1660,NO_MATCH,invalid_gstin_suffix,high,Supplier Inc 1660,Supplier Inc 1660,INV-11660,INV-11660,30215.33,30215.33,2023-06-22,2023-06-22,27AAAAA2660A1Z5,27AAAAA2660A1ZX
pkt-1661,NO_MATCH,missing_record,high,Supplier Ltd 1661,,INV-11661,,25681.4,,2023-08-15,,27AAAAA2661A1Z5,
pkt-1662,EXACT_MATCH,none,none,Supplier Inc 1662,Supplier Inc 1662,INV-11662,INV-11662,13497.12,13497.12,2023-10-14,2023-10-14,27AAAAA2662A1Z5,27AAAAA2662A1Z5
pkt-1663,EXACT_MATCH,none,none,Supplier Ltd 1663,Supplier Ltd 1663,INV-11663,INV-11663,40568.62,40568.62,2023-10-06,2023-10-06,27AAAAA2663A1Z5,27AAAAA2663A1Z5
pkt-1664,NO_MATCH,missing_record,high,Supplier LLC 1664,,INV-11664,,21358.25,,2023-01-17,,27AAAAA2664A1Z5,
pkt-1665,NO_MATCH,missing_record,high,Supplier Corp 1665,,INV-11665,,33854.36,,2023-11-22,,27AAAAA2665A1Z5,
pkt-1666,FUZZY_MATCH,minor_amount_diff,low,Supplier Inc 1666,Supplier Inc 1666,INV-11666,INV-11666,26411.21,26413.71,2023-11-17,2023-11-17,27AAAAA2666A1Z5,27AAAAA2666A1Z5
pkt-1667,FUZZY_MATCH,ocr_artifacts,medium,Supplier Corp 1667,Supplier Corp 1667,INV-11667,INV-II667,21924.04,21924.05,2023-08-10,2023-08-10,27AAAAA2667A1Z5,27AAAAA2667A1Z5
pkt-1668,CONTRADICTION,major_amount_diff,high,Supplier Corp 1668,Supplier Corp 1668,INV-11668,INV-11668,34247.27,68494.540,2023-05-27,2023-05-27,27AAAAA2668A1Z5,27AAAAA2668A1Z5
pkt-1669,EXACT_MATCH,none,none,Supplier Inc 1669,Supplier Inc 1669,INV-11669,INV-11669,21443.82,21443.82,2023-10-02,2023-10-02,27AAAAA2669A1Z5,27AAAAA2669A1Z5
pkt-1670,FUZZY_MATCH,string_distance,low,Supplier Ltd 1670,Suplier Ltd 1670,INV-11670,INV11670,25719.38,25719.38,2023-09-14,2023-09-14,27AAAAA2670A1Z5,27AAAAA2670A1Z5
pkt-1671,NO_MATCH,invalid_gstin_suffix,high,Supplier LLC 1671,Supplier LLC 1671,INV-11671,INV-11671,23286.36,23286.36,2023-12-19,2023-12-19,27AAAAA2671A1Z5,27AAAAA2671A1ZX
pkt-1672,FUZZY_MATCH,string_distance,low,Supplier Inc 1672,Suplier Inc 1672,INV-11672,INV11672,12817.52,12817.52,2023-02-25,2023-02-25,27AAAAA2672A1Z5,27AAAAA2672A1Z5
pkt-1673,EXACT_MATCH,none,none,Supplier Corp 1673,Supplier Corp 1673,INV-11673,INV-11673,37051.76,37051.76,2023-08-06,2023-08-06,27AAAAA2673A1Z5,27AAAAA2673A1Z5
pkt-1674,NO_MATCH,invalid_gstin_suffix,high,Supplier LLC 1674,Supplier LLC 1674,INV-11674,INV-11674,2358.41,2358.41,2023-07-23,2023-07-23,27AAAAA2674A1Z5,27AAAAA2674A1ZX
pkt-1675,NO_MATCH,different_entity,high,Supplier Ltd 1675,Different Supplier Inc,INV-11675,INV-11675,29401.7,29401.7,2023-08-25,2023-08-25,27AAAAA2675A1Z5,27BBBBB1234B1Z5
pkt-1676,FUZZY_MATCH,date_shift,medium,Supplier Corp 1676,Supplier Corp 1676,INV-11676,INV-11676,40410.92,40410.92,2023-06-28,2023-06-25,27AAAAA2676A1Z5,27AAAAA2676A1Z5
pkt-1677,EXACT_MATCH,none,none,Supplier Inc 1677,Supplier Inc 1677,INV-11677,INV-11677,4003.2,4003.2,2023-10-09,2023-10-09,27AAAAA2677A1Z5,27AAAAA2677A1Z5
pkt-1678,EXACT_MATCH,none,none,Supplier Inc 1678,Supplier Inc 1678,INV-11678,INV-11678,26765.36,26765.36,2023-01-13,2023-01-13,27AAAAA2678A1Z5,27AAAAA2678A1Z5
pkt-1679,EXACT_MATCH,none,none,Supplier Ltd 1679,Supplier Ltd 1679,INV-11679,INV-11679,8669.59,8669.59,2023-08-15,2023-08-15,27AAAAA2679A1Z5,27AAAAA2679A1Z5
pkt-1680,FUZZY_MATCH,minor_amount_diff,low,Supplier Ltd 1680,Supplier Ltd 1680,INV-11680,INV-11680,48293.61,48294.61,2023-10-24,2023-10-24,27AAAAA2680A1Z5,27AAAAA2680A1Z5
pkt-1681,FUZZY_MATCH,minor_amount_diff,low,Supplier Ltd 1681,Supplier Ltd 1681,INV-11681,INV-11681,34564.05,34563.05,2023-12-22,2023-12-22,27AAAAA2681A1Z5,27AAAAA2681A1Z5
pkt-1682,EXACT_MATCH,none,none,Supplier Inc 1682,Supplier Inc 1682,INV-11682,INV-11682,6341.97,6341.97,2023-01-07,2023-01-07,27AAAAA2682A1Z5,27AAAAA2682A1Z5
pkt-1683,FUZZY_MATCH,date_shift,medium,Supplier Inc 1683,Supplier Inc 1683,INV-11683,INV-11683,34832.02,34832.02,2023-04-28,2023-04-30,27AAAAA2683A1Z5,27AAAAA2683A1Z5
pkt-1684,EXACT_MATCH,none,none,Supplier Ltd 1684,Supplier Ltd 1684,INV-11684,INV-11684,32466.3,32466.3,2023-11-08,2023-11-08,27AAAAA2684A1Z5,27AAAAA2684A1Z5
pkt-1685,FUZZY_MATCH,minor_amount_diff,low,Supplier Inc 1685,Supplier Inc 1685,INV-11685,INV-11685,42923.65,42926.15,2023-09-07,2023-09-07,27AAAAA2685A1Z5,27AAAAA2685A1Z5
pkt-1686,FUZZY_MATCH,ocr_artifacts,medium,Supplier Inc 1686,Supplier Inc 1686,INV-11686,INV-II686,7493.47,7493.48,2023-07-01,2023-07-01,27AAAAA2686A1Z5,27AAAAA2686A1Z5
pkt-1687,NO_MATCH,missing_record,high,Supplier Ltd 1687,,INV-11687,,45130.53,,2023-12-23,,27AAAAA2687A1Z5,
pkt-1688,FUZZY_MATCH,date_shift,medium,Supplier Corp 1688,Supplier Corp 1688,INV-11688,INV-11688,23627.31,23627.31,2023-08-19,2023-08-18,27AAAAA2688A1Z5,27AAAAA2688A1Z5
pkt-1689,EXACT_MATCH,none,none,Supplier LLC 1689,Supplier LLC 1689,INV-11689,INV-11689,28514.58,28514.58,2023-07-02,2023-07-02,27AAAAA2689A1Z5,27AAAAA2689A1Z5
pkt-1690,NO_MATCH,missing_record,high,Supplier Ltd 1690,,INV-11690,,5222.91,,2023-12-14,,27AAAAA2690A1Z5,
pkt-1691,EXACT_MATCH,none,none,Supplier LLC 1691,Supplier LLC 1691,INV-11691,INV-11691,36880.21,36880.21,2023-10-24,2023-10-24,27AAAAA2691A1Z5,27AAAAA2691A1Z5
pkt-1692,FUZZY_MATCH,date_shift,medium,Supplier Ltd 1692,Supplier Ltd 1692,INV-11692,INV-11692,24426.08,24426.08,2023-08-17,2023-08-12,27AAAAA2692A1Z5,27AAAAA2692A1Z5
pkt-1693,CONTRADICTION,major_amount_diff,high,Supplier LLC 1693,Supplier LLC 1693,INV-11693,INV-11693,26462.61,52925.220,2023-07-19,2023-07-19,27AAAAA2693A1Z5,27AAAAA2693A1Z5
pkt-1694,FUZZY_MATCH,string_distance,low,Supplier Ltd 1694,Suplier Ltd 1694,INV-11694,INV11694,3269.18,3269.18,2023-11-14,2023-11-14,27AAAAA2694A1Z5,27AAAAA2694A1Z5
pkt-1695,EXACT_MATCH,none,none,Supplier Ltd 1695,Supplier Ltd 1695,INV-11695,INV-11695,24789.96,24789.96,2023-11-12,2023-11-12,27AAAAA2695A1Z5,27AAAAA2695A1Z5
pkt-1696,NO_MATCH,missing_record,high,Supplier Corp 1696,,INV-11696,,21867.88,,2023-03-10,,27AAAAA2696A1Z5,
pkt-1697,NO_MATCH,different_entity,high,Supplier Corp 1697,Different Supplier Inc,INV-11697,INV-11697,17257.98,17257.98,2023-04-17,2023-04-17,27AAAAA2697A1Z5,27BBBBB1234B1Z5
pkt-1698,FUZZY_MATCH,ocr_artifacts,medium,Supplier Ltd 1698,Supplier Ltd 1698,INV-11698,INV-II698,45462.6,45462.61,2023-06-20,2023-06-20,27AAAAA2698A1Z5,27AAAAA2698A1Z5
pkt-1699,EXACT_MATCH,none,none,Supplier Ltd 1699,Supplier Ltd 1699,INV-11699,INV-11699,44170.35,44170.35,2023-12-23,2023-12-23,27AAAAA2699A1Z5,27AAAAA2699A1Z5
pkt-1700,NO_MATCH,missing_record,high,Supplier LLC 1700,,INV-11700,,41670.73,,2023-11-21,,27AAAAA2700A1Z5,
pkt-1701,FUZZY_MATCH,minor_amount_diff,low,Supplier Corp 1701,Supplier Corp 1701,INV-11701,INV-11701,40007.78,40006.78,2023-03-20,2023-03-20,27AAAAA2701A1Z5,27AAAAA2701A1Z5
pkt-1702,FUZZY_MATCH,ocr_artifacts,medium,Supplier Corp 1702,Supplier Corp 1702,INV-11702,INV-II7O2,33386.12,33386.13,2023-03-06,2023-03-06,27AAAAA2702A1Z5,27AAAAA2702A1Z5
pkt-1703,NO_MATCH,missing_record,high,Supplier Ltd 1703,,INV-11703,,30326.88,,2023-02-26,,27AAAAA2703A1Z5,
pkt-1704,EXACT_MATCH,none,none,Supplier Inc 1704,Supplier Inc 1704,INV-11704,INV-11704,15252.23,15252.23,2023-04-18,2023-04-18,27AAAAA2704A1Z5,27AAAAA2704A1Z5
pkt-1705,FUZZY_MATCH,ocr_artifacts,medium,Supplier Corp 1705,Supplier Corp 1705,INV-11705,INV-II7O5,18003.46,18003.47,2023-05-12,2023-05-12,27AAAAA2705A1Z5,27AAAAA2705A1Z5
pkt-1706,NO_MATCH,invalid_gstin_suffix,high,Supplier Inc 1706,Supplier Inc 1706,INV-11706,INV-11706,41414.64,41414.64,2023-09-02,2023-09-02,27AAAAA2706A1Z5,27AAAAA2706A1ZX
pkt-1707,CONTRADICTION,major_amount_diff,high,Supplier Inc 1707,Supplier Inc 1707,INV-11707,INV-11707,21587.96,43175.920,2023-10-08,2023-10-08,27AAAAA2707A1Z5,27AAAAA2707A1Z5
pkt-1708,EXACT_MATCH,none,none,Supplier LLC 1708,Supplier LLC 1708,INV-11708,INV-11708,11282.37,11282.37,2023-05-11,2023-05-11,27AAAAA2708A1Z5,27AAAAA2708A1Z5
pkt-1709,EXACT_MATCH,none,none,Supplier Corp 1709,Supplier Corp 1709,INV-11709,INV-11709,38527.74,38527.74,2023-09-09,2023-09-09,27AAAAA2709A1Z5,27AAAAA2709A1Z5
pkt-1710,EXACT_MATCH,none,none,Supplier Inc 1710,Supplier Inc 1710,INV-11710,INV-11710,43697.41,43697.41,2023-10-22,2023-10-22,27AAAAA2710A1Z5,27AAAAA2710A1Z5
pkt-1711,FUZZY_MATCH,string_distance,low,Supplier Ltd 1711,Suplier Ltd 1711,INV-11711,INV11711,2616.06,2616.06,2023-08-26,2023-08-26,27AAAAA2711A1Z5,27AAAAA2711A1Z5
pkt-1712,CONTRADICTION,major_amount_diff,high,Supplier Inc 1712,Supplier Inc 1712,INV-11712,INV-11712,48735.52,97471.040,2023-10-20,2023-10-20,27AAAAA2712A1Z5,27AAAAA2712A1Z5
pkt-1713,FUZZY_MATCH,date_shift,medium,Supplier Inc 1713,Supplier Inc 1713,INV-11713,INV-11713,2194.27,2194.27,2023-02-06,2023-02-06,27AAAAA2713A1Z5,27AAAAA2713A1Z5
pkt-1714,CONTRADICTION,major_amount_diff,high,Supplier Ltd 1714,Supplier Ltd 1714,INV-11714,INV-11714,7935.92,15871.840,2023-05-23,2023-05-23,27AAAAA2714A1Z5,27AAAAA2714A1Z5
pkt-1715,NO_MATCH,invalid_gstin_suffix,high,Supplier LLC 1715,Supplier LLC 1715,INV-11715,INV-11715,24969.71,24969.71,2023-02-05,2023-02-05,27AAAAA2715A1Z5,27AAAAA2715A1ZX
pkt-1716,NO_MATCH,missing_record,high,Supplier Corp 1716,,INV-11716,,40976.12,,2023-02-28,,27AAAAA2716A1Z5,
pkt-1717,NO_MATCH,invalid_gstin_suffix,high,Supplier Ltd 1717,Supplier Ltd 1717,INV-11717,INV-11717,48484.87,48484.87,2023-01-08,2023-01-08,27AAAAA2717A1Z5,27AAAAA2717A1ZX
pkt-1718,NO_MATCH,invalid_gstin_suffix,high,Supplier LLC 1718,Supplier LLC 1718,INV-11718,INV-11718,14409.24,14409.24,2023-03-03,2023-03-03,27AAAAA2718A1Z5,27AAAAA2718A1ZX
pkt-1719,FUZZY_MATCH,ocr_artifacts,medium,Supplier Corp 1719,Supplier Corp 1719,INV-11719,INV-II7I9,35788.47,35788.48,2023-07-12,2023-07-12,27AAAAA2719A1Z5,27AAAAA2719A1Z5
pkt-1720,FUZZY_MATCH,ocr_artifacts,medium,Supplier Corp 1720,Supplier Corp 1720,INV-11720,INV-II72O,37684.99,37685.00,2023-09-14,2023-09-14,27AAAAA2720A1Z5,27AAAAA2720A1Z5
pkt-1721,CONTRADICTION,major_amount_diff,high,Supplier Ltd 1721,Supplier Ltd 1721,INV-11721,INV-11721,40108.26,80216.520,2023-07-14,2023-07-14,27AAAAA2721A1Z5,27AAAAA2721A1Z5
pkt-1722,FUZZY_MATCH,ocr_artifacts,medium,Supplier Ltd 1722,Supplier Ltd 1722,INV-11722,INV-II722,39750.91,39750.92,2023-06-01,2023-06-01,27AAAAA2722A1Z5,27AAAAA2722A1Z5
pkt-1723,FUZZY_MATCH,string_distance,low,Supplier Inc 1723,Suplier Inc 1723,INV-11723,INV11723,38530.58,38530.58,2023-12-26,2023-12-26,27AAAAA2723A1Z5,27AAAAA2723A1Z5
pkt-1724,EXACT_MATCH,none,none,Supplier Corp 1724,Supplier Corp 1724,INV-11724,INV-11724,16981.35,16981.35,2023-07-25,2023-07-25,27AAAAA2724A1Z5,27AAAAA2724A1Z5
pkt-1725,NO_MATCH,different_entity,high,Supplier Corp 1725,Different Supplier Inc,INV-11725,INV-11725,3167.27,3167.27,2023-01-22,2023-01-22,27AAAAA2725A1Z5,27BBBBB1234B1Z5
pkt-1726,EXACT_MATCH,none,none,Supplier LLC 1726,Supplier LLC 1726,INV-11726,INV-11726,2984.71,2984.71,2023-11-23,2023-11-23,27AAAAA2726A1Z5,27AAAAA2726A1Z5
pkt-1727,EXACT_MATCH,none,none,Supplier LLC 1727,Supplier LLC 1727,INV-11727,INV-11727,20159.94,20159.94,2023-11-23,2023-11-23,27AAAAA2727A1Z5,27AAAAA2727A1Z5
pkt-1728,CONTRADICTION,major_amount_diff,high,Supplier LLC 1728,Supplier LLC 1728,INV-11728,INV-11728,37160.61,74321.220,2023-06-01,2023-06-01,27AAAAA2728A1Z5,27AAAAA2728A1Z5
pkt-1729,NO_MATCH,missing_record,high,Supplier Ltd 1729,,INV-11729,,30559.01,,2023-03-23,,27AAAAA2729A1Z5,
pkt-1730,EXACT_MATCH,none,none,Supplier Ltd 1730,Supplier Ltd 1730,INV-11730,INV-11730,32229.58,32229.58,2023-09-20,2023-09-20,27AAAAA2730A1Z5,27AAAAA2730A1Z5
pkt-1731,FUZZY_MATCH,minor_amount_diff,low,Supplier Corp 1731,Supplier Corp 1731,INV-11731,INV-11731,17328.01,17327.01,2023-11-13,2023-11-13,27AAAAA2731A1Z5,27AAAAA2731A1Z5
pkt-1732,CONTRADICTION,major_amount_diff,high,Supplier Corp 1732,Supplier Corp 1732,INV-11732,INV-11732,1944.81,3889.620,2023-06-13,2023-06-13,27AAAAA2732A1Z5,27AAAAA2732A1Z5
pkt-1733,CONTRADICTION,major_amount_diff,high,Supplier Inc 1733,Supplier Inc 1733,INV-11733,INV-11733,49597.01,99194.020,2023-05-07,2023-05-07,27AAAAA2733A1Z5,27AAAAA2733A1Z5
pkt-1734,EXACT_MATCH,none,none,Supplier Corp 1734,Supplier Corp 1734,INV-11734,INV-11734,27634.11,27634.11,2023-09-11,2023-09-11,27AAAAA2734A1Z5,27AAAAA2734A1Z5
pkt-1735,FUZZY_MATCH,date_shift,medium,Supplier LLC 1735,Supplier LLC 1735,INV-11735,INV-11735,1491.77,1491.77,2023-09-19,2023-09-18,27AAAAA2735A1Z5,27AAAAA2735A1Z5
pkt-1736,NO_MATCH,invalid_gstin_suffix,high,Supplier Inc 1736,Supplier Inc 1736,INV-11736,INV-11736,36352.81,36352.81,2023-09-04,2023-09-04,27AAAAA2736A1Z5,27AAAAA2736A1ZX
pkt-1737,EXACT_MATCH,none,none,Supplier Inc 1737,Supplier Inc 1737,INV-11737,INV-11737,13061.85,13061.85,2023-09-12,2023-09-12,27AAAAA2737A1Z5,27AAAAA2737A1Z5
pkt-1738,NO_MATCH,different_entity,high,Supplier LLC 1738,Different Supplier Inc,INV-11738,INV-11738,37852.34,37852.34,2023-02-15,2023-02-15,27AAAAA2738A1Z5,27BBBBB1234B1Z5
pkt-1739,EXACT_MATCH,none,none,Supplier Corp 1739,Supplier Corp 1739,INV-11739,INV-11739,36869.25,36869.25,2023-08-11,2023-08-11,27AAAAA2739A1Z5,27AAAAA2739A1Z5
pkt-1740,NO_MATCH,invalid_gstin_suffix,high,Supplier Corp 1740,Supplier Corp 1740,INV-11740,INV-11740,49451.1,49451.1,2023-10-23,2023-10-23,27AAAAA2740A1Z5,27AAAAA2740A1ZX
pkt-1741,EXACT_MATCH,none,none,Supplier Corp 1741,Supplier Corp 1741,INV-11741,INV-11741,15030.16,15030.16,2023-11-26,2023-11-26,27AAAAA2741A1Z5,27AAAAA2741A1Z5
pkt-1742,NO_MATCH,invalid_gstin_suffix,high,Supplier Inc 1742,Supplier Inc 1742,INV-11742,INV-11742,18945.52,18945.52,2023-12-08,2023-12-08,27AAAAA2742A1Z5,27AAAAA2742A1ZX
pkt-1743,NO_MATCH,missing_record,high,Supplier LLC 1743,,INV-11743,,25870.95,,2023-04-27,,27AAAAA2743A1Z5,
pkt-1744,FUZZY_MATCH,string_distance,low,Supplier Ltd 1744,Suplier Ltd 1744,INV-11744,INV11744,4989.59,4989.59,2023-12-14,2023-12-14,27AAAAA2744A1Z5,27AAAAA2744A1Z5
pkt-1745,FUZZY_MATCH,date_shift,medium,Supplier Ltd 1745,Supplier Ltd 1745,INV-11745,INV-11745,4703.21,4703.21,2023-07-05,2023-07-07,27AAAAA2745A1Z5,27AAAAA2745A1Z5
pkt-1746,NO_MATCH,different_entity,high,Supplier Ltd 1746,Different Supplier Inc,INV-11746,INV-11746,3995.83,3995.83,2023-11-17,2023-11-17,27AAAAA2746A1Z5,27BBBBB1234B1Z5
pkt-1747,NO_MATCH,different_entity,high,Supplier LLC 1747,Different Supplier Inc,INV-11747,INV-11747,27992.53,27992.53,2023-07-28,2023-07-28,27AAAAA2747A1Z5,27BBBBB1234B1Z5
pkt-1748,EXACT_MATCH,none,none,Supplier Ltd 1748,Supplier Ltd 1748,INV-11748,INV-11748,24991.48,24991.48,2023-07-15,2023-07-15,27AAAAA2748A1Z5,27AAAAA2748A1Z5
pkt-1749,NO_MATCH,missing_record,high,Supplier Corp 1749,,INV-11749,,48666.3,,2023-03-05,,27AAAAA2749A1Z5,
pkt-1750,EXACT_MATCH,none,none,Supplier Inc 1750,Supplier Inc 1750,INV-11750,INV-11750,35586.41,35586.41,2023-03-23,2023-03-23,27AAAAA2750A1Z5,27AAAAA2750A1Z5
pkt-1751,CONTRADICTION,major_amount_diff,high,Supplier Corp 1751,Supplier Corp 1751,INV-11751,INV-11751,10710.86,21421.720,2023-08-02,2023-08-02,27AAAAA2751A1Z5,27AAAAA2751A1Z5
pkt-1752,FUZZY_MATCH,string_distance,low,Supplier Ltd 1752,Suplier Ltd 1752,INV-11752,INV11752,18529.67,18529.67,2023-02-20,2023-02-20,27AAAAA2752A1Z5,27AAAAA2752A1Z5
pkt-1753,CONTRADICTION,major_amount_diff,high,Supplier Inc 1753,Supplier Inc 1753,INV-11753,INV-11753,6131.23,12262.460,2023-10-10,2023-10-10,27AAAAA2753A1Z5,27AAAAA2753A1Z5
pkt-1754,FUZZY_MATCH,minor_amount_diff,low,Supplier LLC 1754,Supplier LLC 1754,INV-11754,INV-11754,7749.9,7750.90,2023-06-10,2023-06-10,27AAAAA2754A1Z5,27AAAAA2754A1Z5
pkt-1755,EXACT_MATCH,none,none,Supplier Ltd 1755,Supplier Ltd 1755,INV-11755,INV-11755,24347.68,24347.68,2023-03-05,2023-03-05,27AAAAA2755A1Z5,27AAAAA2755A1Z5
pkt-1756,FUZZY_MATCH,ocr_artifacts,medium,Supplier Corp 1756,Supplier Corp 1756,INV-11756,INV-II756,46847.35,46847.36,2023-05-10,2023-05-10,27AAAAA2756A1Z5,27AAAAA2756A1Z5
pkt-1757,CONTRADICTION,major_amount_diff,high,Supplier Inc 1757,Supplier Inc 1757,INV-11757,INV-11757,40974.34,81948.680,2023-08-01,2023-08-01,27AAAAA2757A1Z5,27AAAAA2757A1Z5
pkt-1758,NO_MATCH,different_entity,high,Supplier Ltd 1758,Different Supplier Inc,INV-11758,INV-11758,17497.58,17497.58,2023-01-14,2023-01-14,27AAAAA2758A1Z5,27BBBBB1234B1Z5
pkt-1759,NO_MATCH,missing_record,high,Supplier Ltd 1759,,INV-11759,,15554.12,,2023-08-11,,27AAAAA2759A1Z5,
pkt-1760,CONTRADICTION,major_amount_diff,high,Supplier Corp 1760,Supplier Corp 1760,INV-11760,INV-11760,41739.55,83479.100,2023-10-05,2023-10-05,27AAAAA2760A1Z5,27AAAAA2760A1Z5
pkt-1761,FUZZY_MATCH,ocr_artifacts,medium,Supplier Ltd 1761,Supplier Ltd 1761,INV-11761,INV-II76I,31859.37,31859.38,2023-08-22,2023-08-22,27AAAAA2761A1Z5,27AAAAA2761A1Z5
pkt-1762,EXACT_MATCH,none,none,Supplier Ltd 1762,Supplier Ltd 1762,INV-11762,INV-11762,43330.64,43330.64,2023-06-03,2023-06-03,27AAAAA2762A1Z5,27AAAAA2762A1Z5
pkt-1763,EXACT_MATCH,none,none,Supplier Inc 1763,Supplier Inc 1763,INV-11763,INV-11763,11717.83,11717.83,2023-07-11,2023-07-11,27AAAAA2763A1Z5,27AAAAA2763A1Z5
pkt-1764,FUZZY_MATCH,ocr_artifacts,medium,Supplier Inc 1764,Supplier Inc 1764,INV-11764,INV-II764,44513.15,44513.16,2023-12-09,2023-12-09,27AAAAA2764A1Z5,27AAAAA2764A1Z5
pkt-1765,CONTRADICTION,major_amount_diff,high,Supplier LLC 1765,Supplier LLC 1765,INV-11765,INV-11765,35389.71,70779.420,2023-10-21,2023-10-21,27AAAAA2765A1Z5,27AAAAA2765A1Z5
pkt-1766,FUZZY_MATCH,date_shift,medium,Supplier Inc 1766,Supplier Inc 1766,INV-11766,INV-11766,32293.47,32293.47,2023-11-18,2023-11-22,27AAAAA2766A1Z5,27AAAAA2766A1Z5
pkt-1767,NO_MATCH,missing_record,high,Supplier Corp 1767,,INV-11767,,27137.53,,2023-01-19,,27AAAAA2767A1Z5,
pkt-1768,EXACT_MATCH,none,none,Supplier Corp 1768,Supplier Corp 1768,INV-11768,INV-11768,25181.68,25181.68,2023-01-04,2023-01-04,27AAAAA2768A1Z5,27AAAAA2768A1Z5
pkt-1769,FUZZY_MATCH,string_distance,low,Supplier Ltd 1769,Suplier Ltd 1769,INV-11769,INV11769,13820.63,13820.63,2023-04-08,2023-04-08,27AAAAA2769A1Z5,27AAAAA2769A1Z5
pkt-1770,NO_MATCH,different_entity,high,Supplier Ltd 1770,Different Supplier Inc,INV-11770,INV-11770,40365.36,40365.36,2023-10-11,2023-10-11,27AAAAA2770A1Z5,27BBBBB1234B1Z5
pkt-1771,FUZZY_MATCH,ocr_artifacts,medium,Supplier Ltd 1771,Supplier Ltd 1771,INV-11771,INV-II77I,2344.68,2344.69,2023-01-11,2023-01-11,27AAAAA2771A1Z5,27AAAAA2771A1Z5
pkt-1772,FUZZY_MATCH,minor_amount_diff,low,Supplier Ltd 1772,Supplier Ltd 1772,INV-11772,INV-11772,20805.33,20804.33,2023-09-11,2023-09-11,27AAAAA2772A1Z5,27AAAAA2772A1Z5
pkt-1773,FUZZY_MATCH,minor_amount_diff,low,Supplier Corp 1773,Supplier Corp 1773,INV-11773,INV-11773,5820.77,5821.27,2023-02-18,2023-02-18,27AAAAA2773A1Z5,27AAAAA2773A1Z5
pkt-1774,EXACT_MATCH,none,none,Supplier LLC 1774,Supplier LLC 1774,INV-11774,INV-11774,9215.18,9215.18,2023-02-05,2023-02-05,27AAAAA2774A1Z5,27AAAAA2774A1Z5
pkt-1775,FUZZY_MATCH,ocr_artifacts,medium,Supplier LLC 1775,Supplier LLC 1775,INV-11775,INV-II775,33962.57,33962.58,2023-01-20,2023-01-20,27AAAAA2775A1Z5,27AAAAA2775A1Z5
pkt-1776,FUZZY_MATCH,string_distance,low,Supplier Ltd 1776,Suplier Ltd 1776,INV-11776,INV11776,1455.84,1455.84,2023-01-10,2023-01-10,27AAAAA2776A1Z5,27AAAAA2776A1Z5
pkt-1777,EXACT_MATCH,none,none,Supplier LLC 1777,Supplier LLC 1777,INV-11777,INV-11777,16070.07,16070.07,2023-07-11,2023-07-11,27AAAAA2777A1Z5,27AAAAA2777A1Z5
pkt-1778,FUZZY_MATCH,date_shift,medium,Supplier Corp 1778,Supplier Corp 1778,INV-11778,INV-11778,47084.72,47084.72,2023-02-02,2023-02-06,27AAAAA2778A1Z5,27AAAAA2778A1Z5
pkt-1779,FUZZY_MATCH,string_distance,low,Supplier Ltd 1779,Suplier Ltd 1779,INV-11779,INV11779,29342.85,29342.85,2023-08-17,2023-08-17,27AAAAA2779A1Z5,27AAAAA2779A1Z5
pkt-1780,FUZZY_MATCH,string_distance,low,Supplier Ltd 1780,Suplier Ltd 1780,INV-11780,INV11780,13537.45,13537.45,2023-06-15,2023-06-15,27AAAAA2780A1Z5,27AAAAA2780A1Z5
pkt-1781,EXACT_MATCH,none,none,Supplier Corp 1781,Supplier Corp 1781,INV-11781,INV-11781,24260.16,24260.16,2023-07-21,2023-07-21,27AAAAA2781A1Z5,27AAAAA2781A1Z5
pkt-1782,FUZZY_MATCH,date_shift,medium,Supplier Inc 1782,Supplier Inc 1782,INV-11782,INV-11782,13531.07,13531.07,2023-10-22,2023-10-25,27AAAAA2782A1Z5,27AAAAA2782A1Z5
pkt-1783,NO_MATCH,missing_record,high,Supplier Ltd 1783,,INV-11783,,32612.39,,2023-03-10,,27AAAAA2783A1Z5,
pkt-1784,FUZZY_MATCH,ocr_artifacts,medium,Supplier Corp 1784,Supplier Corp 1784,INV-11784,INV-II784,4287.03,4287.04,2023-11-17,2023-11-17,27AAAAA2784A1Z5,27AAAAA2784A1Z5
pkt-1785,CONTRADICTION,major_amount_diff,high,Supplier Corp 1785,Supplier Corp 1785,INV-11785,INV-11785,18727.93,37455.860,2023-03-26,2023-03-26,27AAAAA2785A1Z5,27AAAAA2785A1Z5
pkt-1786,EXACT_MATCH,none,none,Supplier Inc 1786,Supplier Inc 1786,INV-11786,INV-11786,47635.37,47635.37,2023-09-15,2023-09-15,27AAAAA2786A1Z5,27AAAAA2786A1Z5
pkt-1787,EXACT_MATCH,none,none,Supplier Corp 1787,Supplier Corp 1787,INV-11787,INV-11787,40650.92,40650.92,2023-10-10,2023-10-10,27AAAAA2787A1Z5,27AAAAA2787A1Z5
pkt-1788,EXACT_MATCH,none,none,Supplier LLC 1788,Supplier LLC 1788,INV-11788,INV-11788,3102.73,3102.73,2023-08-09,2023-08-09,27AAAAA2788A1Z5,27AAAAA2788A1Z5
pkt-1789,NO_MATCH,different_entity,high,Supplier Corp 1789,Different Supplier Inc,INV-11789,INV-11789,19069.66,19069.66,2023-06-27,2023-06-27,27AAAAA2789A1Z5,27BBBBB1234B1Z5
pkt-1790,EXACT_MATCH,none,none,Supplier Corp 1790,Supplier Corp 1790,INV-11790,INV-11790,42050.14,42050.14,2023-05-02,2023-05-02,27AAAAA2790A1Z5,27AAAAA2790A1Z5
pkt-1791,EXACT_MATCH,none,none,Supplier Inc 1791,Supplier Inc 1791,INV-11791,INV-11791,26751.06,26751.06,2023-02-10,2023-02-10,27AAAAA2791A1Z5,27AAAAA2791A1Z5
pkt-1792,EXACT_MATCH,none,none,Supplier LLC 1792,Supplier LLC 1792,INV-11792,INV-11792,34951.62,34951.62,2023-03-24,2023-03-24,27AAAAA2792A1Z5,27AAAAA2792A1Z5
pkt-1793,EXACT_MATCH,none,none,Supplier LLC 1793,Supplier LLC 1793,INV-11793,INV-11793,10621.42,10621.42,2023-09-26,2023-09-26,27AAAAA2793A1Z5,27AAAAA2793A1Z5
pkt-1794,FUZZY_MATCH,minor_amount_diff,low,Supplier Ltd 1794,Supplier Ltd 1794,INV-11794,INV-11794,47275.88,47276.38,2023-11-09,2023-11-09,27AAAAA2794A1Z5,27AAAAA2794A1Z5
pkt-1795,NO_MATCH,missing_record,high,Supplier Corp 1795,,INV-11795,,33147.62,,2023-06-11,,27AAAAA2795A1Z5,
pkt-1796,EXACT_MATCH,none,none,Supplier Corp 1796,Supplier Corp 1796,INV-11796,INV-11796,47953.73,47953.73,2023-06-01,2023-06-01,27AAAAA2796A1Z5,27AAAAA2796A1Z5
pkt-1797,EXACT_MATCH,none,none,Supplier Inc 1797,Supplier Inc 1797,INV-11797,INV-11797,46120.66,46120.66,2023-10-16,2023-10-16,27AAAAA2797A1Z5,27AAAAA2797A1Z5
pkt-1798,EXACT_MATCH,none,none,Supplier Ltd 1798,Supplier Ltd 1798,INV-11798,INV-11798,33668.05,33668.05,2023-07-18,2023-07-18,27AAAAA2798A1Z5,27AAAAA2798A1Z5
pkt-1799,CONTRADICTION,major_amount_diff,high,Supplier Inc 1799,Supplier Inc 1799,INV-11799,INV-11799,26952.76,53905.520,2023-11-21,2023-11-21,27AAAAA2799A1Z5,27AAAAA2799A1Z5
pkt-1800,NO_MATCH,invalid_gstin_suffix,high,Supplier Inc 1800,Supplier Inc 1800,INV-11800,INV-11800,1644.28,1644.28,2023-11-15,2023-11-15,27AAAAA2800A1Z5,27AAAAA2800A1ZX
pkt-1801,EXACT_MATCH,none,none,Supplier LLC 1801,Supplier LLC 1801,INV-11801,INV-11801,48604.75,48604.75,2023-07-27,2023-07-27,27AAAAA2801A1Z5,27AAAAA2801A1Z5
pkt-1802,NO_MATCH,missing_record,high,Supplier Inc 1802,,INV-11802,,8941.61,,2023-12-01,,27AAAAA2802A1Z5,
pkt-1803,FUZZY_MATCH,date_shift,medium,Supplier Inc 1803,Supplier Inc 1803,INV-11803,INV-11803,18586.98,18586.98,2023-04-15,2023-04-10,27AAAAA2803A1Z5,27AAAAA2803A1Z5
pkt-1804,FUZZY_MATCH,date_shift,medium,Supplier LLC 1804,Supplier LLC 1804,INV-11804,INV-11804,37945.21,37945.21,2023-11-23,2023-11-19,27AAAAA2804A1Z5,27AAAAA2804A1Z5
pkt-1805,FUZZY_MATCH,date_shift,medium,Supplier Corp 1805,Supplier Corp 1805,INV-11805,INV-11805,40832.41,40832.41,2023-11-10,2023-11-12,27AAAAA2805A1Z5,27AAAAA2805A1Z5
pkt-1806,EXACT_MATCH,none,none,Supplier Ltd 1806,Supplier Ltd 1806,INV-11806,INV-11806,48368.1,48368.1,2023-01-09,2023-01-09,27AAAAA2806A1Z5,27AAAAA2806A1Z5
pkt-1807,EXACT_MATCH,none,none,Supplier Corp 1807,Supplier Corp 1807,INV-11807,INV-11807,35377.7,35377.7,2023-04-01,2023-04-01,27AAAAA2807A1Z5,27AAAAA2807A1Z5
pkt-1808,FUZZY_MATCH,ocr_artifacts,medium,Supplier Ltd 1808,Supplier Ltd 1808,INV-11808,INV-II8O8,19864.7,19864.71,2023-05-19,2023-05-19,27AAAAA2808A1Z5,27AAAAA2808A1Z5
pkt-1809,FUZZY_MATCH,string_distance,low,Supplier Corp 1809,Suplier Corp 1809,INV-11809,INV11809,27634.08,27634.08,2023-11-24,2023-11-24,27AAAAA2809A1Z5,27AAAAA2809A1Z5
pkt-1810,FUZZY_MATCH,minor_amount_diff,low,Supplier Corp 1810,Supplier Corp 1810,INV-11810,INV-11810,29449.41,29449.91,2023-12-03,2023-12-03,27AAAAA2810A1Z5,27AAAAA2810A1Z5
pkt-1811,FUZZY_MATCH,date_shift,medium,Supplier LLC 1811,Supplier LLC 1811,INV-11811,INV-11811,44062.05,44062.05,2023-12-26,2023-12-31,27AAAAA2811A1Z5,27AAAAA2811A1Z5
pkt-1812,EXACT_MATCH,none,none,Supplier LLC 1812,Supplier LLC 1812,INV-11812,INV-11812,1253.56,1253.56,2023-12-22,2023-12-22,27AAAAA2812A1Z5,27AAAAA2812A1Z5
pkt-1813,EXACT_MATCH,none,none,Supplier Ltd 1813,Supplier Ltd 1813,INV-11813,INV-11813,28049.79,28049.79,2023-08-01,2023-08-01,27AAAAA2813A1Z5,27AAAAA2813A1Z5
pkt-1814,EXACT_MATCH,none,none,Supplier LLC 1814,Supplier LLC 1814,INV-11814,INV-11814,33687.68,33687.68,2023-11-02,2023-11-02,27AAAAA2814A1Z5,27AAAAA2814A1Z5
pkt-1815,EXACT_MATCH,none,none,Supplier Inc 1815,Supplier Inc 1815,INV-11815,INV-11815,42232.64,42232.64,2023-07-09,2023-07-09,27AAAAA2815A1Z5,27AAAAA2815A1Z5
pkt-1816,EXACT_MATCH,none,none,Supplier Inc 1816,Supplier Inc 1816,INV-11816,INV-11816,25962.93,25962.93,2023-08-12,2023-08-12,27AAAAA2816A1Z5,27AAAAA2816A1Z5
pkt-1817,NO_MATCH,invalid_gstin_suffix,high,Supplier Ltd 1817,Supplier Ltd 1817,INV-11817,INV-11817,11304.96,11304.96,2023-05-14,2023-05-14,27AAAAA2817A1Z5,27AAAAA2817A1ZX
pkt-1818,NO_MATCH,different_entity,high,Supplier Inc 1818,Different Supplier Inc,INV-11818,INV-11818,357.45,357.45,2023-04-11,2023-04-11,27AAAAA2818A1Z5,27BBBBB1234B1Z5
pkt-1819,FUZZY_MATCH,string_distance,low,Supplier Ltd 1819,Suplier Ltd 1819,INV-11819,INV11819,40402.88,40402.88,2023-12-08,2023-12-08,27AAAAA2819A1Z5,27AAAAA2819A1Z5
pkt-1820,FUZZY_MATCH,minor_amount_diff,low,Supplier LLC 1820,Supplier LLC 1820,INV-11820,INV-11820,45858.06,45857.06,2023-04-06,2023-04-06,27AAAAA2820A1Z5,27AAAAA2820A1Z5
pkt-1821,EXACT_MATCH,none,none,Supplier Ltd 1821,Supplier Ltd 1821,INV-11821,INV-11821,31337.13,31337.13,2023-02-01,2023-02-01,27AAAAA2821A1Z5,27AAAAA2821A1Z5
pkt-1822,FUZZY_MATCH,minor_amount_diff,low,Supplier LLC 1822,Supplier LLC 1822,INV-11822,INV-11822,40422.15,40422.65,2023-10-26,2023-10-26,27AAAAA2822A1Z5,27AAAAA2822A1Z5
pkt-1823,NO_MATCH,invalid_gstin_suffix,high,Supplier Inc 1823,Supplier Inc 1823,INV-11823,INV-11823,5481.25,5481.25,2023-04-11,2023-04-11,27AAAAA2823A1Z5,27AAAAA2823A1ZX
pkt-1824,FUZZY_MATCH,string_distance,low,Supplier Ltd 1824,Suplier Ltd 1824,INV-11824,INV11824,26031.78,26031.78,2023-04-03,2023-04-03,27AAAAA2824A1Z5,27AAAAA2824A1Z5
pkt-1825,EXACT_MATCH,none,none,Supplier Inc 1825,Supplier Inc 1825,INV-11825,INV-11825,31304.9,31304.9,2023-10-04,2023-10-04,27AAAAA2825A1Z5,27AAAAA2825A1Z5
pkt-1826,FUZZY_MATCH,ocr_artifacts,medium,Supplier Inc 1826,Supplier Inc 1826,INV-11826,INV-II826,45844.05,45844.06,2023-07-11,2023-07-11,27AAAAA2826A1Z5,27AAAAA2826A1Z5
pkt-1827,NO_MATCH,different_entity,high,Supplier LLC 1827,Different Supplier Inc,INV-11827,INV-11827,3193.91,3193.91,2023-08-02,2023-08-02,27AAAAA2827A1Z5,27BBBBB1234B1Z5
pkt-1828,CONTRADICTION,major_amount_diff,high,Supplier Inc 1828,Supplier Inc 1828,INV-11828,INV-11828,31346.64,62693.280,2023-02-04,2023-02-04,27AAAAA2828A1Z5,27AAAAA2828A1Z5
pkt-1829,NO_MATCH,different_entity,high,Supplier Inc 1829,Different Supplier Inc,INV-11829,INV-11829,2704.94,2704.94,2023-07-13,2023-07-13,27AAAAA2829A1Z5,27BBBBB1234B1Z5
pkt-1830,NO_MATCH,missing_record,high,Supplier Inc 1830,,INV-11830,,37622.97,,2023-04-28,,27AAAAA2830A1Z5,
pkt-1831,NO_MATCH,invalid_gstin_suffix,high,Supplier Inc 1831,Supplier Inc 1831,INV-11831,INV-11831,19257.61,19257.61,2023-07-20,2023-07-20,27AAAAA2831A1Z5,27AAAAA2831A1ZX
pkt-1832,NO_MATCH,missing_record,high,Supplier Inc 1832,,INV-11832,,32580.98,,2023-11-26,,27AAAAA2832A1Z5,
pkt-1833,FUZZY_MATCH,string_distance,low,Supplier Inc 1833,Suplier Inc 1833,INV-11833,INV11833,25908.92,25908.92,2023-10-07,2023-10-07,27AAAAA2833A1Z5,27AAAAA2833A1Z5
pkt-1834,NO_MATCH,different_entity,high,Supplier Corp 1834,Different Supplier Inc,INV-11834,INV-11834,713.2,713.2,2023-12-03,2023-12-03,27AAAAA2834A1Z5,27BBBBB1234B1Z5
pkt-1835,EXACT_MATCH,none,none,Supplier LLC 1835,Supplier LLC 1835,INV-11835,INV-11835,6386.48,6386.48,2023-09-09,2023-09-09,27AAAAA2835A1Z5,27AAAAA2835A1Z5
pkt-1836,FUZZY_MATCH,date_shift,medium,Supplier Corp 1836,Supplier Corp 1836,INV-11836,INV-11836,24121.83,24121.83,2023-10-15,2023-10-12,27AAAAA2836A1Z5,27AAAAA2836A1Z5
pkt-1837,NO_MATCH,different_entity,high,Supplier LLC 1837,Different Supplier Inc,INV-11837,INV-11837,39871.58,39871.58,2023-01-05,2023-01-05,27AAAAA2837A1Z5,27BBBBB1234B1Z5
pkt-1838,FUZZY_MATCH,minor_amount_diff,low,Supplier LLC 1838,Supplier LLC 1838,INV-11838,INV-11838,21848.82,21849.32,2023-11-25,2023-11-25,27AAAAA2838A1Z5,27AAAAA2838A1Z5
pkt-1839,FUZZY_MATCH,minor_amount_diff,low,Supplier LLC 1839,Supplier LLC 1839,INV-11839,INV-11839,7455.71,7456.71,2023-05-20,2023-05-20,27AAAAA2839A1Z5,27AAAAA2839A1Z5
pkt-1840,EXACT_MATCH,none,none,Supplier Corp 1840,Supplier Corp 1840,INV-11840,INV-11840,48516.53,48516.53,2023-09-19,2023-09-19,27AAAAA2840A1Z5,27AAAAA2840A1Z5
pkt-1841,EXACT_MATCH,none,none,Supplier Inc 1841,Supplier Inc 1841,INV-11841,INV-11841,11945.63,11945.63,2023-09-28,2023-09-28,27AAAAA2841A1Z5,27AAAAA2841A1Z5
pkt-1842,FUZZY_MATCH,string_distance,low,Supplier Corp 1842,Suplier Corp 1842,INV-11842,INV11842,17256.42,17256.42,2023-04-21,2023-04-21,27AAAAA2842A1Z5,27AAAAA2842A1Z5
pkt-1843,NO_MATCH,different_entity,high,Supplier Ltd 1843,Different Supplier Inc,INV-11843,INV-11843,17143.44,17143.44,2023-11-16,2023-11-16,27AAAAA2843A1Z5,27BBBBB1234B1Z5
pkt-1844,NO_MATCH,different_entity,high,Supplier LLC 1844,Different Supplier Inc,INV-11844,INV-11844,34651.45,34651.45,2023-10-19,2023-10-19,27AAAAA2844A1Z5,27BBBBB1234B1Z5
pkt-1845,NO_MATCH,missing_record,high,Supplier Inc 1845,,INV-11845,,15051.62,,2023-06-06,,27AAAAA2845A1Z5,
pkt-1846,EXACT_MATCH,none,none,Supplier Corp 1846,Supplier Corp 1846,INV-11846,INV-11846,43817.66,43817.66,2023-01-16,2023-01-16,27AAAAA2846A1Z5,27AAAAA2846A1Z5
pkt-1847,NO_MATCH,different_entity,high,Supplier Ltd 1847,Different Supplier Inc,INV-11847,INV-11847,31974.48,31974.48,2023-12-08,2023-12-08,27AAAAA2847A1Z5,27BBBBB1234B1Z5
pkt-1848,EXACT_MATCH,none,none,Supplier LLC 1848,Supplier LLC 1848,INV-11848,INV-11848,10735.61,10735.61,2023-08-24,2023-08-24,27AAAAA2848A1Z5,27AAAAA2848A1Z5
pkt-1849,NO_MATCH,invalid_gstin_suffix,high,Supplier Inc 1849,Supplier Inc 1849,INV-11849,INV-11849,18858.0,18858.0,2023-07-06,2023-07-06,27AAAAA2849A1Z5,27AAAAA2849A1ZX
pkt-1850,FUZZY_MATCH,ocr_artifacts,medium,Supplier Inc 1850,Supplier Inc 1850,INV-11850,INV-II85O,593.62,593.63,2023-06-01,2023-06-01,27AAAAA2850A1Z5,27AAAAA2850A1Z5
pkt-1851,EXACT_MATCH,none,none,Supplier LLC 1851,Supplier LLC 1851,INV-11851,INV-11851,14599.75,14599.75,2023-04-21,2023-04-21,27AAAAA2851A1Z5,27AAAAA2851A1Z5
pkt-1852,FUZZY_MATCH,ocr_artifacts,medium,Supplier LLC 1852,Supplier LLC 1852,INV-11852,INV-II852,48767.93,48767.94,2023-04-07,2023-04-07,27AAAAA2852A1Z5,27AAAAA2852A1Z5
pkt-1853,NO_MATCH,invalid_gstin_suffix,high,Supplier Corp 1853,Supplier Corp 1853,INV-11853,INV-11853,11025.36,11025.36,2023-05-24,2023-05-24,27AAAAA2853A1Z5,27AAAAA2853A1ZX
pkt-1854,EXACT_MATCH,none,none,Supplier Corp 1854,Supplier Corp 1854,INV-11854,INV-11854,42391.96,42391.96,2023-04-06,2023-04-06,27AAAAA2854A1Z5,27AAAAA2854A1Z5
pkt-1855,EXACT_MATCH,none,none,Supplier Inc 1855,Supplier Inc 1855,INV-11855,INV-11855,8886.26,8886.26,2023-05-04,2023-05-04,27AAAAA2855A1Z5,27AAAAA2855A1Z5
pkt-1856,NO_MATCH,invalid_gstin_suffix,high,Supplier Inc 1856,Supplier Inc 1856,INV-11856,INV-11856,6948.45,6948.45,2023-11-26,2023-11-26,27AAAAA2856A1Z5,27AAAAA2856A1ZX
pkt-1857,NO_MATCH,invalid_gstin_suffix,high,Supplier Corp 1857,Supplier Corp 1857,INV-11857,INV-11857,46812.09,46812.09,2023-05-15,2023-05-15,27AAAAA2857A1Z5,27AAAAA2857A1ZX
pkt-1858,EXACT_MATCH,none,none,Supplier Ltd 1858,Supplier Ltd 1858,INV-11858,INV-11858,40493.44,40493.44,2023-11-06,2023-11-06,27AAAAA2858A1Z5,27AAAAA2858A1Z5
pkt-1859,FUZZY_MATCH,date_shift,medium,Supplier Corp 1859,Supplier Corp 1859,INV-11859,INV-11859,3362.34,3362.34,2023-03-05,2023-03-08,27AAAAA2859A1Z5,27AAAAA2859A1Z5
pkt-1860,EXACT_MATCH,none,none,Supplier Ltd 1860,Supplier Ltd 1860,INV-11860,INV-11860,18971.96,18971.96,2023-06-11,2023-06-11,27AAAAA2860A1Z5,27AAAAA2860A1Z5
pkt-1861,CONTRADICTION,major_amount_diff,high,Supplier Corp 1861,Supplier Corp 1861,INV-11861,INV-11861,12303.03,24606.060,2023-01-25,2023-01-25,27AAAAA2861A1Z5,27AAAAA2861A1Z5
pkt-1862,EXACT_MATCH,none,none,Supplier Corp 1862,Supplier Corp 1862,INV-11862,INV-11862,14779.72,14779.72,2023-03-11,2023-03-11,27AAAAA2862A1Z5,27AAAAA2862A1Z5
pkt-1863,CONTRADICTION,major_amount_diff,high,Supplier Corp 1863,Supplier Corp 1863,INV-11863,INV-11863,31510.01,63020.020,2023-05-28,2023-05-28,27AAAAA2863A1Z5,27AAAAA2863A1Z5
pkt-1864,NO_MATCH,missing_record,high,Supplier Inc 1864,,INV-11864,,48422.38,,2023-08-07,,27AAAAA2864A1Z5,
pkt-1865,CONTRADICTION,major_amount_diff,high,Supplier Corp 1865,Supplier Corp 1865,INV-11865,INV-11865,39570.76,79141.520,2023-10-03,2023-10-03,27AAAAA2865A1Z5,27AAAAA2865A1Z5
pkt-1866,NO_MATCH,missing_record,high,Supplier LLC 1866,,INV-11866,,19466.98,,2023-11-25,,27AAAAA2866A1Z5,
pkt-1867,CONTRADICTION,major_amount_diff,high,Supplier LLC 1867,Supplier LLC 1867,INV-11867,INV-11867,25992.73,51985.460,2023-03-11,2023-03-11,27AAAAA2867A1Z5,27AAAAA2867A1Z5
pkt-1868,FUZZY_MATCH,minor_amount_diff,low,Supplier Ltd 1868,Supplier Ltd 1868,INV-11868,INV-11868,34756.03,34758.53,2023-12-16,2023-12-16,27AAAAA2868A1Z5,27AAAAA2868A1Z5
pkt-1869,FUZZY_MATCH,date_shift,medium,Supplier Inc 1869,Supplier Inc 1869,INV-11869,INV-11869,31941.47,31941.47,2023-10-21,2023-10-19,27AAAAA2869A1Z5,27AAAAA2869A1Z5
pkt-1870,EXACT_MATCH,none,none,Supplier Corp 1870,Supplier Corp 1870,INV-11870,INV-11870,44754.74,44754.74,2023-08-28,2023-08-28,27AAAAA2870A1Z5,27AAAAA2870A1Z5
pkt-1871,NO_MATCH,invalid_gstin_suffix,high,Supplier Corp 1871,Supplier Corp 1871,INV-11871,INV-11871,11007.83,11007.83,2023-07-13,2023-07-13,27AAAAA2871A1Z5,27AAAAA2871A1ZX
pkt-1872,FUZZY_MATCH,minor_amount_diff,low,Supplier Inc 1872,Supplier Inc 1872,INV-11872,INV-11872,12801.01,12803.51,2023-02-05,2023-02-05,27AAAAA2872A1Z5,27AAAAA2872A1Z5
pkt-1873,NO_MATCH,missing_record,high,Supplier Inc 1873,,INV-11873,,25989.15,,2023-04-19,,27AAAAA2873A1Z5,
pkt-1874,NO_MATCH,missing_record,high,Supplier Ltd 1874,,INV-11874,,25661.88,,2023-06-14,,27AAAAA2874A1Z5,
pkt-1875,NO_MATCH,invalid_gstin_suffix,high,Supplier Ltd 1875,Supplier Ltd 1875,INV-11875,INV-11875,21682.03,21682.03,2023-06-26,2023-06-26,27AAAAA2875A1Z5,27AAAAA2875A1ZX
pkt-1876,FUZZY_MATCH,date_shift,medium,Supplier Ltd 1876,Supplier Ltd 1876,INV-11876,INV-11876,13723.67,13723.67,2023-01-06,2023-01-05,27AAAAA2876A1Z5,27AAAAA2876A1Z5
pkt-1877,CONTRADICTION,major_amount_diff,high,Supplier LLC 1877,Supplier LLC 1877,INV-11877,INV-11877,32303.21,64606.420,2023-06-03,2023-06-03,27AAAAA2877A1Z5,27AAAAA2877A1Z5
pkt-1878,FUZZY_MATCH,date_shift,medium,Supplier LLC 1878,Supplier LLC 1878,INV-11878,INV-11878,25688.27,25688.27,2023-11-03,2023-10-30,27AAAAA2878A1Z5,27AAAAA2878A1Z5
pkt-1879,NO_MATCH,invalid_gstin_suffix,high,Supplier Corp 1879,Supplier Corp 1879,INV-11879,INV-11879,6017.54,6017.54,2023-06-02,2023-06-02,27AAAAA2879A1Z5,27AAAAA2879A1ZX
pkt-1880,EXACT_MATCH,none,none,Supplier LLC 1880,Supplier LLC 1880,INV-11880,INV-11880,9912.65,9912.65,2023-06-09,2023-06-09,27AAAAA2880A1Z5,27AAAAA2880A1Z5
pkt-1881,FUZZY_MATCH,date_shift,medium,Supplier LLC 1881,Supplier LLC 1881,INV-11881,INV-11881,40796.68,40796.68,2023-11-28,2023-12-02,27AAAAA2881A1Z5,27AAAAA2881A1Z5
pkt-1882,EXACT_MATCH,none,none,Supplier LLC 1882,Supplier LLC 1882,INV-11882,INV-11882,49899.99,49899.99,2023-12-24,2023-12-24,27AAAAA2882A1Z5,27AAAAA2882A1Z5
pkt-1883,EXACT_MATCH,none,none,Supplier LLC 1883,Supplier LLC 1883,INV-11883,INV-11883,38526.8,38526.8,2023-05-27,2023-05-27,27AAAAA2883A1Z5,27AAAAA2883A1Z5
pkt-1884,NO_MATCH,missing_record,high,Supplier Inc 1884,,INV-11884,,47296.17,,2023-10-25,,27AAAAA2884A1Z5,
pkt-1885,FUZZY_MATCH,date_shift,medium,Supplier Ltd 1885,Supplier Ltd 1885,INV-11885,INV-11885,32739.14,32739.14,2023-03-28,2023-03-26,27AAAAA2885A1Z5,27AAAAA2885A1Z5
pkt-1886,CONTRADICTION,major_amount_diff,high,Supplier Corp 1886,Supplier Corp 1886,INV-11886,INV-11886,36194.46,72388.920,2023-04-16,2023-04-16,27AAAAA2886A1Z5,27AAAAA2886A1Z5
pkt-1887,EXACT_MATCH,none,none,Supplier Ltd 1887,Supplier Ltd 1887,INV-11887,INV-11887,29391.48,29391.48,2023-09-25,2023-09-25,27AAAAA2887A1Z5,27AAAAA2887A1Z5
pkt-1888,NO_MATCH,invalid_gstin_suffix,high,Supplier Inc 1888,Supplier Inc 1888,INV-11888,INV-11888,40738.45,40738.45,2023-06-26,2023-06-26,27AAAAA2888A1Z5,27AAAAA2888A1ZX
pkt-1889,FUZZY_MATCH,date_shift,medium,Supplier Ltd 1889,Supplier Ltd 1889,INV-11889,INV-11889,42305.5,42305.5,2023-07-25,2023-07-27,27AAAAA2889A1Z5,27AAAAA2889A1Z5
pkt-1890,FUZZY_MATCH,ocr_artifacts,medium,Supplier LLC 1890,Supplier LLC 1890,INV-11890,INV-II89O,22553.6,22553.61,2023-09-01,2023-09-01,27AAAAA2890A1Z5,27AAAAA2890A1Z5
pkt-1891,NO_MATCH,missing_record,high,Supplier Inc 1891,,INV-11891,,28917.67,,2023-03-10,,27AAAAA2891A1Z5,
pkt-1892,EXACT_MATCH,none,none,Supplier Corp 1892,Supplier Corp 1892,INV-11892,INV-11892,40539.03,40539.03,2023-06-11,2023-06-11,27AAAAA2892A1Z5,27AAAAA2892A1Z5
pkt-1893,NO_MATCH,invalid_gstin_suffix,high,Supplier LLC 1893,Supplier LLC 1893,INV-11893,INV-11893,21343.4,21343.4,2023-07-25,2023-07-25,27AAAAA2893A1Z5,27AAAAA2893A1ZX
pkt-1894,FUZZY_MATCH,ocr_artifacts,medium,Supplier Inc 1894,Supplier Inc 1894,INV-11894,INV-II894,29389.06,29389.07,2023-10-26,2023-10-26,27AAAAA2894A1Z5,27AAAAA2894A1Z5
pkt-1895,EXACT_MATCH,none,none,Supplier Ltd 1895,Supplier Ltd 1895,INV-11895,INV-11895,7769.19,7769.19,2023-06-19,2023-06-19,27AAAAA2895A1Z5,27AAAAA2895A1Z5
pkt-1896,FUZZY_MATCH,date_shift,medium,Supplier Ltd 1896,Supplier Ltd 1896,INV-11896,INV-11896,10289.81,10289.81,2023-07-03,2023-07-05,27AAAAA2896A1Z5,27AAAAA2896A1Z5
pkt-1897,FUZZY_MATCH,string_distance,low,Supplier LLC 1897,Suplier LLC 1897,INV-11897,INV11897,5521.05,5521.05,2023-10-15,2023-10-15,27AAAAA2897A1Z5,27AAAAA2897A1Z5
pkt-1898,EXACT_MATCH,none,none,Supplier Corp 1898,Supplier Corp 1898,INV-11898,INV-11898,8654.04,8654.04,2023-11-18,2023-11-18,27AAAAA2898A1Z5,27AAAAA2898A1Z5
pkt-1899,FUZZY_MATCH,ocr_artifacts,medium,Supplier Inc 1899,Supplier Inc 1899,INV-11899,INV-II899,41341.09,41341.10,2023-10-16,2023-10-16,27AAAAA2899A1Z5,27AAAAA2899A1Z5
pkt-1900,FUZZY_MATCH,date_shift,medium,Supplier Corp 1900,Supplier Corp 1900,INV-11900,INV-11900,10030.04,10030.04,2023-07-10,2023-07-09,27AAAAA2900A1Z5,27AAAAA2900A1Z5
pkt-1901,NO_MATCH,invalid_gstin_suffix,high,Supplier Inc 1901,Supplier Inc 1901,INV-11901,INV-11901,33012.54,33012.54,2023-02-15,2023-02-15,27AAAAA2901A1Z5,27AAAAA2901A1ZX
pkt-1902,EXACT_MATCH,none,none,Supplier Ltd 1902,Supplier Ltd 1902,INV-11902,INV-11902,25974.73,25974.73,2023-03-11,2023-03-11,27AAAAA2902A1Z5,27AAAAA2902A1Z5
pkt-1903,NO_MATCH,missing_record,high,Supplier Ltd 1903,,INV-11903,,7936.07,,2023-02-05,,27AAAAA2903A1Z5,
pkt-1904,FUZZY_MATCH,ocr_artifacts,medium,Supplier Corp 1904,Supplier Corp 1904,INV-11904,INV-II9O4,37182.82,37182.83,2023-07-28,2023-07-28,27AAAAA2904A1Z5,27AAAAA2904A1Z5
pkt-1905,FUZZY_MATCH,ocr_artifacts,medium,Supplier Ltd 1905,Supplier Ltd 1905,INV-11905,INV-II9O5,43535.41,43535.42,2023-05-14,2023-05-14,27AAAAA2905A1Z5,27AAAAA2905A1Z5
pkt-1906,CONTRADICTION,major_amount_diff,high,Supplier Corp 1906,Supplier Corp 1906,INV-11906,INV-11906,30225.1,60450.20,2023-05-19,2023-05-19,27AAAAA2906A1Z5,27AAAAA2906A1Z5
pkt-1907,EXACT_MATCH,none,none,Supplier Corp 1907,Supplier Corp 1907,INV-11907,INV-11907,35866.93,35866.93,2023-08-09,2023-08-09,27AAAAA2907A1Z5,27AAAAA2907A1Z5
pkt-1908,NO_MATCH,different_entity,high,Supplier Ltd 1908,Different Supplier Inc,INV-11908,INV-11908,49555.15,49555.15,2023-08-03,2023-08-03,27AAAAA2908A1Z5,27BBBBB1234B1Z5
pkt-1909,NO_MATCH,missing_record,high,Supplier Ltd 1909,,INV-11909,,40397.54,,2023-09-11,,27AAAAA2909A1Z5,
pkt-1910,FUZZY_MATCH,minor_amount_diff,low,Supplier Inc 1910,Supplier Inc 1910,INV-11910,INV-11910,23188.5,23191.00,2023-01-24,2023-01-24,27AAAAA2910A1Z5,27AAAAA2910A1Z5
pkt-1911,EXACT_MATCH,none,none,Supplier LLC 1911,Supplier LLC 1911,INV-11911,INV-11911,17404.41,17404.41,2023-12-26,2023-12-26,27AAAAA2911A1Z5,27AAAAA2911A1Z5
pkt-1912,FUZZY_MATCH,ocr_artifacts,medium,Supplier Corp 1912,Supplier Corp 1912,INV-11912,INV-II9I2,30690.07,30690.08,2023-03-14,2023-03-14,27AAAAA2912A1Z5,27AAAAA2912A1Z5
pkt-1913,EXACT_MATCH,none,none,Supplier Ltd 1913,Supplier Ltd 1913,INV-11913,INV-11913,45008.23,45008.23,2023-12-14,2023-12-14,27AAAAA2913A1Z5,27AAAAA2913A1Z5
pkt-1914,EXACT_MATCH,none,none,Supplier Inc 1914,Supplier Inc 1914,INV-11914,INV-11914,45550.57,45550.57,2023-03-23,2023-03-23,27AAAAA2914A1Z5,27AAAAA2914A1Z5
pkt-1915,FUZZY_MATCH,minor_amount_diff,low,Supplier Corp 1915,Supplier Corp 1915,INV-11915,INV-11915,34962.37,34963.37,2023-01-08,2023-01-08,27AAAAA2915A1Z5,27AAAAA2915A1Z5
pkt-1916,NO_MATCH,missing_record,high,Supplier Corp 1916,,INV-11916,,33366.18,,2023-02-23,,27AAAAA2916A1Z5,
pkt-1917,FUZZY_MATCH,string_distance,low,Supplier LLC 1917,Suplier LLC 1917,INV-11917,INV11917,20622.78,20622.78,2023-09-04,2023-09-04,27AAAAA2917A1Z5,27AAAAA2917A1Z5
pkt-1918,EXACT_MATCH,none,none,Supplier LLC 1918,Supplier LLC 1918,INV-11918,INV-11918,37794.3,37794.3,2023-09-25,2023-09-25,27AAAAA2918A1Z5,27AAAAA2918A1Z5
pkt-1919,NO_MATCH,missing_record,high,Supplier Inc 1919,,INV-11919,,22601.71,,2023-05-07,,27AAAAA2919A1Z5,
pkt-1920,EXACT_MATCH,none,none,Supplier Ltd 1920,Supplier Ltd 1920,INV-11920,INV-11920,1433.22,1433.22,2023-11-23,2023-11-23,27AAAAA2920A1Z5,27AAAAA2920A1Z5
pkt-1921,EXACT_MATCH,none,none,Supplier Corp 1921,Supplier Corp 1921,INV-11921,INV-11921,17248.52,17248.52,2023-07-28,2023-07-28,27AAAAA2921A1Z5,27AAAAA2921A1Z5
pkt-1922,NO_MATCH,invalid_gstin_suffix,high,Supplier Corp 1922,Supplier Corp 1922,INV-11922,INV-11922,1984.96,1984.96,2023-05-04,2023-05-04,27AAAAA2922A1Z5,27AAAAA2922A1ZX
pkt-1923,FUZZY_MATCH,string_distance,low,Supplier Ltd 1923,Suplier Ltd 1923,INV-11923,INV11923,33547.75,33547.75,2023-08-16,2023-08-16,27AAAAA2923A1Z5,27AAAAA2923A1Z5
pkt-1924,FUZZY_MATCH,ocr_artifacts,medium,Supplier Ltd 1924,Supplier Ltd 1924,INV-11924,INV-II924,4219.18,4219.19,2023-11-08,2023-11-08,27AAAAA2924A1Z5,27AAAAA2924A1Z5
pkt-1925,FUZZY_MATCH,ocr_artifacts,medium,Supplier Corp 1925,Supplier Corp 1925,INV-11925,INV-II925,23592.31,23592.32,2023-05-27,2023-05-27,27AAAAA2925A1Z5,27AAAAA2925A1Z5
pkt-1926,FUZZY_MATCH,minor_amount_diff,low,Supplier Corp 1926,Supplier Corp 1926,INV-11926,INV-11926,41940.94,41939.94,2023-10-04,2023-10-04,27AAAAA2926A1Z5,27AAAAA2926A1Z5
pkt-1927,EXACT_MATCH,none,none,Supplier Inc 1927,Supplier Inc 1927,INV-11927,INV-11927,26779.23,26779.23,2023-07-06,2023-07-06,27AAAAA2927A1Z5,27AAAAA2927A1Z5
pkt-1928,NO_MATCH,missing_record,high,Supplier Corp 1928,,INV-11928,,38203.09,,2023-11-09,,27AAAAA2928A1Z5,
pkt-1929,EXACT_MATCH,none,none,Supplier Inc 1929,Supplier Inc 1929,INV-11929,INV-11929,17968.54,17968.54,2023-04-23,2023-04-23,27AAAAA2929A1Z5,27AAAAA2929A1Z5
pkt-1930,EXACT_MATCH,none,none,Supplier Inc 1930,Supplier Inc 1930,INV-11930,INV-11930,26661.71,26661.71,2023-08-23,2023-08-23,27AAAAA2930A1Z5,27AAAAA2930A1Z5
pkt-1931,EXACT_MATCH,none,none,Supplier Inc 1931,Supplier Inc 1931,INV-11931,INV-11931,40594.44,40594.44,2023-11-22,2023-11-22,27AAAAA2931A1Z5,27AAAAA2931A1Z5
pkt-1932,EXACT_MATCH,none,none,Supplier Inc 1932,Supplier Inc 1932,INV-11932,INV-11932,34548.3,34548.3,2023-08-02,2023-08-02,27AAAAA2932A1Z5,27AAAAA2932A1Z5
pkt-1933,FUZZY_MATCH,date_shift,medium,Supplier LLC 1933,Supplier LLC 1933,INV-11933,INV-11933,38643.24,38643.24,2023-04-08,2023-04-06,27AAAAA2933A1Z5,27AAAAA2933A1Z5
pkt-1934,NO_MATCH,invalid_gstin_suffix,high,Supplier Inc 1934,Supplier Inc 1934,INV-11934,INV-11934,4660.18,4660.18,2023-07-01,2023-07-01,27AAAAA2934A1Z5,27AAAAA2934A1ZX
pkt-1935,FUZZY_MATCH,date_shift,medium,Supplier Inc 1935,Supplier Inc 1935,INV-11935,INV-11935,41044.27,41044.27,2023-11-22,2023-11-18,27AAAAA2935A1Z5,27AAAAA2935A1Z5
pkt-1936,EXACT_MATCH,none,none,Supplier Corp 1936,Supplier Corp 1936,INV-11936,INV-11936,39866.52,39866.52,2023-11-06,2023-11-06,27AAAAA2936A1Z5,27AAAAA2936A1Z5
pkt-1937,NO_MATCH,invalid_gstin_suffix,high,Supplier LLC 1937,Supplier LLC 1937,INV-11937,INV-11937,20842.43,20842.43,2023-02-27,2023-02-27,27AAAAA2937A1Z5,27AAAAA2937A1ZX
pkt-1938,CONTRADICTION,major_amount_diff,high,Supplier Corp 1938,Supplier Corp 1938,INV-11938,INV-11938,28146.5,56293.00,2023-04-20,2023-04-20,27AAAAA2938A1Z5,27AAAAA2938A1Z5
pkt-1939,FUZZY_MATCH,date_shift,medium,Supplier Corp 1939,Supplier Corp 1939,INV-11939,INV-11939,19813.69,19813.69,2023-07-04,2023-06-30,27AAAAA2939A1Z5,27AAAAA2939A1Z5
pkt-1940,EXACT_MATCH,none,none,Supplier Ltd 1940,Supplier Ltd 1940,INV-11940,INV-11940,17893.16,17893.16,2023-03-01,2023-03-01,27AAAAA2940A1Z5,27AAAAA2940A1Z5
pkt-1941,FUZZY_MATCH,date_shift,medium,Supplier Ltd 1941,Supplier Ltd 1941,INV-11941,INV-11941,15880.39,15880.39,2023-07-07,2023-07-03,27AAAAA2941A1Z5,27AAAAA2941A1Z5
pkt-1942,EXACT_MATCH,none,none,Supplier LLC 1942,Supplier LLC 1942,INV-11942,INV-11942,32932.29,32932.29,2023-05-21,2023-05-21,27AAAAA2942A1Z5,27AAAAA2942A1Z5
pkt-1943,NO_MATCH,different_entity,high,Supplier LLC 1943,Different Supplier Inc,INV-11943,INV-11943,3459.83,3459.83,2023-04-14,2023-04-14,27AAAAA2943A1Z5,27BBBBB1234B1Z5
pkt-1944,FUZZY_MATCH,minor_amount_diff,low,Supplier Corp 1944,Supplier Corp 1944,INV-11944,INV-11944,25028.84,25027.84,2023-02-23,2023-02-23,27AAAAA2944A1Z5,27AAAAA2944A1Z5
pkt-1945,EXACT_MATCH,none,none,Supplier Ltd 1945,Supplier Ltd 1945,INV-11945,INV-11945,30033.37,30033.37,2023-11-23,2023-11-23,27AAAAA2945A1Z5,27AAAAA2945A1Z5
pkt-1946,FUZZY_MATCH,ocr_artifacts,medium,Supplier LLC 1946,Supplier LLC 1946,INV-11946,INV-II946,46235.21,46235.22,2023-12-05,2023-12-05,27AAAAA2946A1Z5,27AAAAA2946A1Z5
pkt-1947,FUZZY_MATCH,string_distance,low,Supplier Ltd 1947,Suplier Ltd 1947,INV-11947,INV11947,31804.14,31804.14,2023-12-11,2023-12-11,27AAAAA2947A1Z5,27AAAAA2947A1Z5
pkt-1948,EXACT_MATCH,none,none,Supplier Ltd 1948,Supplier Ltd 1948,INV-11948,INV-11948,16821.75,16821.75,2023-10-19,2023-10-19,27AAAAA2948A1Z5,27AAAAA2948A1Z5
pkt-1949,FUZZY_MATCH,date_shift,medium,Supplier Inc 1949,Supplier Inc 1949,INV-11949,INV-11949,25600.2,25600.2,2023-12-08,2023-12-03,27AAAAA2949A1Z5,27AAAAA2949A1Z5
pkt-1950,EXACT_MATCH,none,none,Supplier Corp 1950,Supplier Corp 1950,INV-11950,INV-11950,30855.8,30855.8,2023-02-10,2023-02-10,27AAAAA2950A1Z5,27AAAAA2950A1Z5
pkt-1951,EXACT_MATCH,none,none,Supplier Inc 1951,Supplier Inc 1951,INV-11951,INV-11951,21482.04,21482.04,2023-04-20,2023-04-20,27AAAAA2951A1Z5,27AAAAA2951A1Z5
pkt-1952,FUZZY_MATCH,ocr_artifacts,medium,Supplier Corp 1952,Supplier Corp 1952,INV-11952,INV-II952,6964.02,6964.03,2023-08-10,2023-08-10,27AAAAA2952A1Z5,27AAAAA2952A1Z5
pkt-1953,EXACT_MATCH,none,none,Supplier Corp 1953,Supplier Corp 1953,INV-11953,INV-11953,18849.82,18849.82,2023-11-02,2023-11-02,27AAAAA2953A1Z5,27AAAAA2953A1Z5
pkt-1954,FUZZY_MATCH,ocr_artifacts,medium,Supplier LLC 1954,Supplier LLC 1954,INV-11954,INV-II954,29943.95,29943.96,2023-08-24,2023-08-24,27AAAAA2954A1Z5,27AAAAA2954A1Z5
pkt-1955,CONTRADICTION,major_amount_diff,high,Supplier Inc 1955,Supplier Inc 1955,INV-11955,INV-11955,13978.51,27957.020,2023-11-26,2023-11-26,27AAAAA2955A1Z5,27AAAAA2955A1Z5
pkt-1956,EXACT_MATCH,none,none,Supplier LLC 1956,Supplier LLC 1956,INV-11956,INV-11956,39609.81,39609.81,2023-07-21,2023-07-21,27AAAAA2956A1Z5,27AAAAA2956A1Z5
pkt-1957,FUZZY_MATCH,date_shift,medium,Supplier LLC 1957,Supplier LLC 1957,INV-11957,INV-11957,11527.6,11527.6,2023-12-11,2023-12-09,27AAAAA2957A1Z5,27AAAAA2957A1Z5
pkt-1958,NO_MATCH,different_entity,high,Supplier Corp 1958,Different Supplier Inc,INV-11958,INV-11958,27011.66,27011.66,2023-11-08,2023-11-08,27AAAAA2958A1Z5,27BBBBB1234B1Z5
pkt-1959,NO_MATCH,missing_record,high,Supplier Corp 1959,,INV-11959,,43648.02,,2023-09-11,,27AAAAA2959A1Z5,
pkt-1960,FUZZY_MATCH,string_distance,low,Supplier Ltd 1960,Suplier Ltd 1960,INV-11960,INV11960,31526.15,31526.15,2023-02-28,2023-02-28,27AAAAA2960A1Z5,27AAAAA2960A1Z5
pkt-1961,FUZZY_MATCH,date_shift,medium,Supplier Corp 1961,Supplier Corp 1961,INV-11961,INV-11961,47687.69,47687.69,2023-01-21,2023-01-18,27AAAAA2961A1Z5,27AAAAA2961A1Z5
pkt-1962,FUZZY_MATCH,date_shift,medium,Supplier Corp 1962,Supplier Corp 1962,INV-11962,INV-11962,4678.79,4678.79,2023-10-18,2023-10-21,27AAAAA2962A1Z5,27AAAAA2962A1Z5
pkt-1963,FUZZY_MATCH,ocr_artifacts,medium,Supplier LLC 1963,Supplier LLC 1963,INV-11963,INV-II963,4000.41,4000.42,2023-12-15,2023-12-15,27AAAAA2963A1Z5,27AAAAA2963A1Z5
pkt-1964,NO_MATCH,different_entity,high,Supplier Corp 1964,Different Supplier Inc,INV-11964,INV-11964,36111.52,36111.52,2023-04-14,2023-04-14,27AAAAA2964A1Z5,27BBBBB1234B1Z5
pkt-1965,EXACT_MATCH,none,none,Supplier Ltd 1965,Supplier Ltd 1965,INV-11965,INV-11965,12523.57,12523.57,2023-05-19,2023-05-19,27AAAAA2965A1Z5,27AAAAA2965A1Z5
pkt-1966,EXACT_MATCH,none,none,Supplier LLC 1966,Supplier LLC 1966,INV-11966,INV-11966,10149.91,10149.91,2023-08-03,2023-08-03,27AAAAA2966A1Z5,27AAAAA2966A1Z5
pkt-1967,CONTRADICTION,major_amount_diff,high,Supplier Ltd 1967,Supplier Ltd 1967,INV-11967,INV-11967,18948.1,37896.20,2023-08-15,2023-08-15,27AAAAA2967A1Z5,27AAAAA2967A1Z5
pkt-1968,NO_MATCH,missing_record,high,Supplier Corp 1968,,INV-11968,,30508.77,,2023-07-25,,27AAAAA2968A1Z5,
pkt-1969,FUZZY_MATCH,minor_amount_diff,low,Supplier Inc 1969,Supplier Inc 1969,INV-11969,INV-11969,1088.57,1089.07,2023-07-14,2023-07-14,27AAAAA2969A1Z5,27AAAAA2969A1Z5
pkt-1970,NO_MATCH,missing_record,high,Supplier Ltd 1970,,INV-11970,,27687.32,,2023-03-09,,27AAAAA2970A1Z5,
pkt-1971,FUZZY_MATCH,string_distance,low,Supplier Ltd 1971,Suplier Ltd 1971,INV-11971,INV11971,15361.78,15361.78,2023-05-13,2023-05-13,27AAAAA2971A1Z5,27AAAAA2971A1Z5
pkt-1972,FUZZY_MATCH,ocr_artifacts,medium,Supplier Corp 1972,Supplier Corp 1972,INV-11972,INV-II972,16728.38,16728.39,2023-12-16,2023-12-16,27AAAAA2972A1Z5,27AAAAA2972A1Z5
pkt-1973,NO_MATCH,missing_record,high,Supplier LLC 1973,,INV-11973,,45814.98,,2023-01-01,,27AAAAA2973A1Z5,
pkt-1974,EXACT_MATCH,none,none,Supplier LLC 1974,Supplier LLC 1974,INV-11974,INV-11974,20287.31,20287.31,2023-07-13,2023-07-13,27AAAAA2974A1Z5,27AAAAA2974A1Z5
pkt-1975,EXACT_MATCH,none,none,Supplier Inc 1975,Supplier Inc 1975,INV-11975,INV-11975,24528.6,24528.6,2023-11-19,2023-11-19,27AAAAA2975A1Z5,27AAAAA2975A1Z5
pkt-1976,FUZZY_MATCH,date_shift,medium,Supplier Corp 1976,Supplier Corp 1976,INV-11976,INV-11976,44261.48,44261.48,2023-02-13,2023-02-14,27AAAAA2976A1Z5,27AAAAA2976A1Z5
pkt-1977,EXACT_MATCH,none,none,Supplier Ltd 1977,Supplier Ltd 1977,INV-11977,INV-11977,47859.13,47859.13,2023-12-12,2023-12-12,27AAAAA2977A1Z5,27AAAAA2977A1Z5
pkt-1978,EXACT_MATCH,none,none,Supplier Ltd 1978,Supplier Ltd 1978,INV-11978,INV-11978,34455.62,34455.62,2023-12-02,2023-12-02,27AAAAA2978A1Z5,27AAAAA2978A1Z5
pkt-1979,NO_MATCH,invalid_gstin_suffix,high,Supplier Inc 1979,Supplier Inc 1979,INV-11979,INV-11979,36809.64,36809.64,2023-04-16,2023-04-16,27AAAAA2979A1Z5,27AAAAA2979A1ZX
pkt-1980,FUZZY_MATCH,minor_amount_diff,low,Supplier Corp 1980,Supplier Corp 1980,INV-11980,INV-11980,31584.54,31587.04,2023-11-01,2023-11-01,27AAAAA2980A1Z5,27AAAAA2980A1Z5
pkt-1981,NO_MATCH,different_entity,high,Supplier Corp 1981,Different Supplier Inc,INV-11981,INV-11981,47218.83,47218.83,2023-03-09,2023-03-09,27AAAAA2981A1Z5,27BBBBB1234B1Z5
pkt-1982,EXACT_MATCH,none,none,Supplier Corp 1982,Supplier Corp 1982,INV-11982,INV-11982,28959.26,28959.26,2023-11-27,2023-11-27,27AAAAA2982A1Z5,27AAAAA2982A1Z5
pkt-1983,EXACT_MATCH,none,none,Supplier Ltd 1983,Supplier Ltd 1983,INV-11983,INV-11983,5924.86,5924.86,2023-02-21,2023-02-21,27AAAAA2983A1Z5,27AAAAA2983A1Z5
pkt-1984,EXACT_MATCH,none,none,Supplier Corp 1984,Supplier Corp 1984,INV-11984,INV-11984,35332.88,35332.88,2023-02-17,2023-02-17,27AAAAA2984A1Z5,27AAAAA2984A1Z5
pkt-1985,CONTRADICTION,major_amount_diff,high,Supplier LLC 1985,Supplier LLC 1985,INV-11985,INV-11985,8374.6,16749.20,2023-07-09,2023-07-09,27AAAAA2985A1Z5,27AAAAA2985A1Z5
pkt-1986,EXACT_MATCH,none,none,Supplier LLC 1986,Supplier LLC 1986,INV-11986,INV-11986,48387.4,48387.4,2023-11-13,2023-11-13,27AAAAA2986A1Z5,27AAAAA2986A1Z5
pkt-1987,FUZZY_MATCH,string_distance,low,Supplier Inc 1987,Suplier Inc 1987,INV-11987,INV11987,20639.29,20639.29,2023-12-28,2023-12-28,27AAAAA2987A1Z5,27AAAAA2987A1Z5
pkt-1988,FUZZY_MATCH,minor_amount_diff,low,Supplier Corp 1988,Supplier Corp 1988,INV-11988,INV-11988,31845.39,31845.89,2023-06-27,2023-06-27,27AAAAA2988A1Z5,27AAAAA2988A1Z5
pkt-1989,EXACT_MATCH,none,none,Supplier LLC 1989,Supplier LLC 1989,INV-11989,INV-11989,46507.84,46507.84,2023-07-23,2023-07-23,27AAAAA2989A1Z5,27AAAAA2989A1Z5
pkt-1990,FUZZY_MATCH,string_distance,low,Supplier Inc 1990,Suplier Inc 1990,INV-11990,INV11990,49352.57,49352.57,2023-08-01,2023-08-01,27AAAAA2990A1Z5,27AAAAA2990A1Z5
pkt-1991,EXACT_MATCH,none,none,Supplier Ltd 1991,Supplier Ltd 1991,INV-11991,INV-11991,38709.81,38709.81,2023-07-17,2023-07-17,27AAAAA2991A1Z5,27AAAAA2991A1Z5
pkt-1992,NO_MATCH,invalid_gstin_suffix,high,Supplier Corp 1992,Supplier Corp 1992,INV-11992,INV-11992,14488.18,14488.18,2023-07-06,2023-07-06,27AAAAA2992A1Z5,27AAAAA2992A1ZX
pkt-1993,FUZZY_MATCH,ocr_artifacts,medium,Supplier Ltd 1993,Supplier Ltd 1993,INV-11993,INV-II993,9401.36,9401.37,2023-03-07,2023-03-07,27AAAAA2993A1Z5,27AAAAA2993A1Z5
pkt-1994,FUZZY_MATCH,ocr_artifacts,medium,Supplier Corp 1994,Supplier Corp 1994,INV-11994,INV-II994,25180.43,25180.44,2023-02-15,2023-02-15,27AAAAA2994A1Z5,27AAAAA2994A1Z5
pkt-1995,FUZZY_MATCH,minor_amount_diff,low,Supplier Corp 1995,Supplier Corp 1995,INV-11995,INV-11995,10126.95,10129.45,2023-12-06,2023-12-06,27AAAAA2995A1Z5,27AAAAA2995A1Z5
pkt-1996,FUZZY_MATCH,string_distance,low,Supplier Corp 1996,Suplier Corp 1996,INV-11996,INV11996,22092.45,22092.45,2023-10-04,2023-10-04,27AAAAA2996A1Z5,27AAAAA2996A1Z5
pkt-1997,FUZZY_MATCH,string_distance,low,Supplier LLC 1997,Suplier LLC 1997,INV-11997,INV11997,14726.97,14726.97,2023-07-04,2023-07-04,27AAAAA2997A1Z5,27AAAAA2997A1Z5
pkt-1998,NO_MATCH,missing_record,high,Supplier Ltd 1998,,INV-11998,,17173.38,,2023-10-08,,27AAAAA2998A1Z5,
pkt-1999,FUZZY_MATCH,minor_amount_diff,low,Supplier Inc 1999,Supplier Inc 1999,INV-11999,INV-11999,33672.95,33671.95,2023-02-01,2023-02-01,27AAAAA2999A1Z5,27AAAAA2999A1Z5
pkt-2000,CONTRADICTION,major_amount_diff,high,Supplier Corp 2000,Supplier Corp 2000,INV-12000,INV-12000,33299.58,66599.160,2023-01-04,2023-01-04,27AAAAA3000A1Z5,27AAAAA3000A1Z5
pkt-2001,NO_MATCH,missing_record,high,Supplier LLC 2001,,INV-12001,,39610.15,,2023-07-20,,27AAAAA3001A1Z5,
pkt-2002,NO_MATCH,invalid_gstin_suffix,high,Supplier Ltd 2002,Supplier Ltd 2002,INV-12002,INV-12002,23714.27,23714.27,2023-06-20,2023-06-20,27AAAAA3002A1Z5,27AAAAA3002A1ZX
pkt-2003,NO_MATCH,invalid_gstin_suffix,high,Supplier Corp 2003,Supplier Corp 2003,INV-12003,INV-12003,18602.18,18602.18,2023-06-11,2023-06-11,27AAAAA3003A1Z5,27AAAAA3003A1ZX
pkt-2004,NO_MATCH,invalid_gstin_suffix,high,Supplier Inc 2004,Supplier Inc 2004,INV-12004,INV-12004,33287.41,33287.41,2023-07-20,2023-07-20,27AAAAA3004A1Z5,27AAAAA3004A1ZX
pkt-2005,EXACT_MATCH,none,none,Supplier Ltd 2005,Supplier Ltd 2005,INV-12005,INV-12005,43666.56,43666.56,2023-02-01,2023-02-01,27AAAAA3005A1Z5,27AAAAA3005A1Z5
pkt-2006,CONTRADICTION,major_amount_diff,high,Supplier Inc 2006,Supplier Inc 2006,INV-12006,INV-12006,20150.24,40300.480,2023-03-01,2023-03-01,27AAAAA3006A1Z5,27AAAAA3006A1Z5
pkt-2007,NO_MATCH,invalid_gstin_suffix,high,Supplier Corp 2007,Supplier Corp 2007,INV-12007,INV-12007,14045.43,14045.43,2023-12-25,2023-12-25,27AAAAA3007A1Z5,27AAAAA3007A1ZX
pkt-2008,CONTRADICTION,major_amount_diff,high,Supplier Ltd 2008,Supplier Ltd 2008,INV-12008,INV-12008,22650.71,45301.420,2023-11-22,2023-11-22,27AAAAA3008A1Z5,27AAAAA3008A1Z5
pkt-2009,EXACT_MATCH,none,none,Supplier LLC 2009,Supplier LLC 2009,INV-12009,INV-12009,20715.02,20715.02,2023-04-01,2023-04-01,27AAAAA3009A1Z5,27AAAAA3009A1Z5
pkt-2010,EXACT_MATCH,none,none,Supplier LLC 2010,Supplier LLC 2010,INV-12010,INV-12010,31725.49,31725.49,2023-01-26,2023-01-26,27AAAAA3010A1Z5,27AAAAA3010A1Z5
pkt-2011,EXACT_MATCH,none,none,Supplier Ltd 2011,Supplier Ltd 2011,INV-12011,INV-12011,22270.88,22270.88,2023-10-16,2023-10-16,27AAAAA3011A1Z5,27AAAAA3011A1Z5
pkt-2012,NO_MATCH,missing_record,high,Supplier Ltd 2012,,INV-12012,,30668.36,,2023-02-12,,27AAAAA3012A1Z5,
pkt-2013,FUZZY_MATCH,minor_amount_diff,low,Supplier Ltd 2013,Supplier Ltd 2013,INV-12013,INV-12013,49344.89,49345.39,2023-12-04,2023-12-04,27AAAAA3013A1Z5,27AAAAA3013A1Z5
pkt-2014,FUZZY_MATCH,ocr_artifacts,medium,Supplier Inc 2014,Supplier Inc 2014,INV-12014,INV-I2OI4,35625.9,35625.91,2023-09-19,2023-09-19,27AAAAA3014A1Z5,27AAAAA3014A1Z5
pkt-2015,FUZZY_MATCH,ocr_artifacts,medium,Supplier Ltd 2015,Supplier Ltd 2015,INV-12015,INV-I2OI5,24946.46,24946.47,2023-02-10,2023-02-10,27AAAAA3015A1Z5,27AAAAA3015A1Z5
pkt-2016,FUZZY_MATCH,date_shift,medium,Supplier Corp 2016,Supplier Corp 2016,INV-12016,INV-12016,44830.79,44830.79,2023-02-16,2023-02-14,27AAAAA3016A1Z5,27AAAAA3016A1Z5
pkt-2017,FUZZY_MATCH,string_distance,low,Supplier Inc 2017,Suplier Inc 2017,INV-12017,INV12017,8604.61,8604.61,2023-11-23,2023-11-23,27AAAAA3017A1Z5,27AAAAA3017A1Z5
pkt-2018,NO_MATCH,invalid_gstin_suffix,high,Supplier Corp 2018,Supplier Corp 2018,INV-12018,INV-12018,21801.18,21801.18,2023-12-01,2023-12-01,27AAAAA3018A1Z5,27AAAAA3018A1ZX
pkt-2019,EXACT_MATCH,none,none,Supplier LLC 2019,Supplier LLC 2019,INV-12019,INV-12019,45142.16,45142.16,2023-05-08,2023-05-08,27AAAAA3019A1Z5,27AAAAA3019A1Z5
pkt-2020,CONTRADICTION,major_amount_diff,high,Supplier Corp 2020,Supplier Corp 2020,INV-12020,INV-12020,23867.49,47734.980,2023-11-04,2023-11-04,27AAAAA3020A1Z5,27AAAAA3020A1Z5
pkt-2021,FUZZY_MATCH,date_shift,medium,Supplier LLC 2021,Supplier LLC 2021,INV-12021,INV-12021,31714.05,31714.05,2023-08-03,2023-08-07,27AAAAA3021A1Z5,27AAAAA3021A1Z5
pkt-2022,EXACT_MATCH,none,none,Supplier LLC 2022,Supplier LLC 2022,INV-12022,INV-12022,38340.24,38340.24,2023-10-03,2023-10-03,27AAAAA3022A1Z5,27AAAAA3022A1Z5
pkt-2023,EXACT_MATCH,none,none,Supplier Ltd 2023,Supplier Ltd 2023,INV-12023,INV-12023,45517.34,45517.34,2023-12-24,2023-12-24,27AAAAA3023A1Z5,27AAAAA3023A1Z5
pkt-2024,FUZZY_MATCH,date_shift,medium,Supplier Ltd 2024,Supplier Ltd 2024,INV-12024,INV-12024,32140.9,32140.9,2023-09-28,2023-09-26,27AAAAA3024A1Z5,27AAAAA3024A1Z5
pkt-2025,FUZZY_MATCH,string_distance,low,Supplier Inc 2025,Suplier Inc 2025,INV-12025,INV12025,13028.79,13028.79,2023-05-03,2023-05-03,27AAAAA3025A1Z5,27AAAAA3025A1Z5
pkt-2026,NO_MATCH,different_entity,high,Supplier Inc 2026,Different Supplier Inc,INV-12026,INV-12026,17077.87,17077.87,2023-10-07,2023-10-07,27AAAAA3026A1Z5,27BBBBB1234B1Z5
pkt-2027,FUZZY_MATCH,minor_amount_diff,low,Supplier Inc 2027,Supplier Inc 2027,INV-12027,INV-12027,18450.08,18449.08,2023-06-13,2023-06-13,27AAAAA3027A1Z5,27AAAAA3027A1Z5
pkt-2028,EXACT_MATCH,none,none,Supplier Ltd 2028,Supplier Ltd 2028,INV-12028,INV-12028,29543.98,29543.98,2023-04-28,2023-04-28,27AAAAA3028A1Z5,27AAAAA3028A1Z5
pkt-2029,CONTRADICTION,major_amount_diff,high,Supplier Corp 2029,Supplier Corp 2029,INV-12029,INV-12029,16050.19,32100.380,2023-06-26,2023-06-26,27AAAAA3029A1Z5,27AAAAA3029A1Z5
pkt-2030,EXACT_MATCH,none,none,Supplier Inc 2030,Supplier Inc 2030,INV-12030,INV-12030,33220.76,33220.76,2023-10-08,2023-10-08,27AAAAA3030A1Z5,27AAAAA3030A1Z5
pkt-2031,FUZZY_MATCH,minor_amount_diff,low,Supplier Corp 2031,Supplier Corp 2031,INV-12031,INV-12031,558.51,559.01,2023-08-11,2023-08-11,27AAAAA3031A1Z5,27AAAAA3031A1Z5
pkt-2032,FUZZY_MATCH,ocr_artifacts,medium,Supplier LLC 2032,Supplier LLC 2032,INV-12032,INV-I2O32,25041.65,25041.66,2023-08-05,2023-08-05,27AAAAA3032A1Z5,27AAAAA3032A1Z5
pkt-2033,FUZZY_MATCH,minor_amount_diff,low,Supplier LLC 2033,Supplier LLC 2033,INV-12033,INV-12033,37378.29,37377.29,2023-12-02,2023-12-02,27AAAAA3033A1Z5,27AAAAA3033A1Z5
pkt-2034,EXACT_MATCH,none,none,Supplier Ltd 2034,Supplier Ltd 2034,INV-12034,INV-12034,13745.28,13745.28,2023-12-19,2023-12-19,27AAAAA3034A1Z5,27AAAAA3034A1Z5
pkt-2035,EXACT_MATCH,none,none,Supplier Ltd 2035,Supplier Ltd 2035,INV-12035,INV-12035,41451.5,41451.5,2023-08-10,2023-08-10,27AAAAA3035A1Z5,27AAAAA3035A1Z5
pkt-2036,EXACT_MATCH,none,none,Supplier Corp 2036,Supplier Corp 2036,INV-12036,INV-12036,49059.03,49059.03,2023-06-05,2023-06-05,27AAAAA3036A1Z5,27AAAAA3036A1Z5
pkt-2037,FUZZY_MATCH,ocr_artifacts,medium,Supplier Inc 2037,Supplier Inc 2037,INV-12037,INV-I2O37,46728.2,46728.21,2023-04-23,2023-04-23,27AAAAA3037A1Z5,27AAAAA3037A1Z5
pkt-2038,EXACT_MATCH,none,none,Supplier LLC 2038,Supplier LLC 2038,INV-12038,INV-12038,42853.26,42853.26,2023-12-13,2023-12-13,27AAAAA3038A1Z5,27AAAAA3038A1Z5
pkt-2039,NO_MATCH,invalid_gstin_suffix,high,Supplier Ltd 2039,Supplier Ltd 2039,INV-12039,INV-12039,45627.58,45627.58,2023-03-01,2023-03-01,27AAAAA3039A1Z5,27AAAAA3039A1ZX
pkt-2040,EXACT_MATCH,none,none,Supplier Ltd 2040,Supplier Ltd 2040,INV-12040,INV-12040,21179.63,21179.63,2023-08-12,2023-08-12,27AAAAA3040A1Z5,27AAAAA3040A1Z5
pkt-2041,EXACT_MATCH,none,none,Supplier LLC 2041,Supplier LLC 2041,INV-12041,INV-12041,3683.98,3683.98,2023-12-10,2023-12-10,27AAAAA3041A1Z5,27AAAAA3041A1Z5
pkt-2042,FUZZY_MATCH,string_distance,low,Supplier Ltd 2042,Suplier Ltd 2042,INV-12042,INV12042,46160.88,46160.88,2023-12-28,2023-12-28,27AAAAA3042A1Z5,27AAAAA3042A1Z5
pkt-2043,EXACT_MATCH,none,none,Supplier Inc 2043,Supplier Inc 2043,INV-12043,INV-12043,6631.94,6631.94,2023-10-28,2023-10-28,27AAAAA3043A1Z5,27AAAAA3043A1Z5
pkt-2044,NO_MATCH,missing_record,high,Supplier Corp 2044,,INV-12044,,15273.29,,2023-11-06,,27AAAAA3044A1Z5,
pkt-2045,FUZZY_MATCH,date_shift,medium,Supplier Corp 2045,Supplier Corp 2045,INV-12045,INV-12045,34828.18,34828.18,2023-05-05,2023-05-03,27AAAAA3045A1Z5,27AAAAA3045A1Z5
pkt-2046,EXACT_MATCH,none,none,Supplier Inc 2046,Supplier Inc 2046,INV-12046,INV-12046,36792.41,36792.41,2023-01-12,2023-01-12,27AAAAA3046A1Z5,27AAAAA3046A1Z5
pkt-2047,EXACT_MATCH,none,none,Supplier Ltd 2047,Supplier Ltd 2047,INV-12047,INV-12047,39296.41,39296.41,2023-03-13,2023-03-13,27AAAAA3047A1Z5,27AAAAA3047A1Z5
pkt-2048,NO_MATCH,missing_record,high,Supplier LLC 2048,,INV-12048,,42098.84,,2023-01-04,,27AAAAA3048A1Z5,
pkt-2049,NO_MATCH,different_entity,high,Supplier LLC 2049,Different Supplier Inc,INV-12049,INV-12049,9063.68,9063.68,2023-01-04,2023-01-04,27AAAAA3049A1Z5,27BBBBB1234B1Z5
pkt-2050,FUZZY_MATCH,date_shift,medium,Supplier Ltd 2050,Supplier Ltd 2050,INV-12050,INV-12050,21747.69,21747.69,2023-03-21,2023-03-16,27AAAAA3050A1Z5,27AAAAA3050A1Z5
pkt-2051,EXACT_MATCH,none,none,Supplier LLC 2051,Supplier LLC 2051,INV-12051,INV-12051,6028.25,6028.25,2023-07-16,2023-07-16,27AAAAA3051A1Z5,27AAAAA3051A1Z5
pkt-2052,EXACT_MATCH,none,none,Supplier Ltd 2052,Supplier Ltd 2052,INV-12052,INV-12052,29848.16,29848.16,2023-03-21,2023-03-21,27AAAAA3052A1Z5,27AAAAA3052A1Z5
pkt-2053,NO_MATCH,missing_record,high,Supplier Inc 2053,,INV-12053,,49559.08,,2023-11-22,,27AAAAA3053A1Z5,
pkt-2054,EXACT_MATCH,none,none,Supplier LLC 2054,Supplier LLC 2054,INV-12054,INV-12054,43258.3,43258.3,2023-11-13,2023-11-13,27AAAAA3054A1Z5,27AAAAA3054A1Z5
pkt-2055,FUZZY_MATCH,string_distance,low,Supplier Inc 2055,Suplier Inc 2055,INV-12055,INV12055,32694.45,32694.45,2023-06-01,2023-06-01,27AAAAA3055A1Z5,27AAAAA3055A1Z5
pkt-2056,EXACT_MATCH,none,none,Supplier Corp 2056,Supplier Corp 2056,INV-12056,INV-12056,4223.59,4223.59,2023-08-21,2023-08-21,27AAAAA3056A1Z5,27AAAAA3056A1Z5
pkt-2057,EXACT_MATCH,none,none,Supplier LLC 2057,Supplier LLC 2057,INV-12057,INV-12057,29383.84,29383.84,2023-10-16,2023-10-16,27AAAAA3057A1Z5,27AAAAA3057A1Z5
pkt-2058,NO_MATCH,missing_record,high,Supplier Ltd 2058,,INV-12058,,37293.43,,2023-10-06,,27AAAAA3058A1Z5,
pkt-2059,NO_MATCH,different_entity,high,Supplier LLC 2059,Different Supplier Inc,INV-12059,INV-12059,49997.71,49997.71,2023-12-14,2023-12-14,27AAAAA3059A1Z5,27BBBBB1234B1Z5
pkt-2060,EXACT_MATCH,none,none,Supplier Corp 2060,Supplier Corp 2060,INV-12060,INV-12060,6349.3,6349.3,2023-06-03,2023-06-03,27AAAAA3060A1Z5,27AAAAA3060A1Z5
pkt-2061,FUZZY_MATCH,string_distance,low,Supplier Ltd 2061,Suplier Ltd 2061,INV-12061,INV12061,40662.11,40662.11,2023-01-13,2023-01-13,27AAAAA3061A1Z5,27AAAAA3061A1Z5
pkt-2062,FUZZY_MATCH,date_shift,medium,Supplier Inc 2062,Supplier Inc 2062,INV-12062,INV-12062,25993.17,25993.17,2023-10-18,2023-10-23,27AAAAA3062A1Z5,27AAAAA3062A1Z5
pkt-2063,EXACT_MATCH,none,none,Supplier Corp 2063,Supplier Corp 2063,INV-12063,INV-12063,44890.35,44890.35,2023-03-28,2023-03-28,27AAAAA3063A1Z5,27AAAAA3063A1Z5
pkt-2064,FUZZY_MATCH,ocr_artifacts,medium,Supplier Inc 2064,Supplier Inc 2064,INV-12064,INV-I2O64,27780.62,27780.63,2023-06-04,2023-06-04,27AAAAA3064A1Z5,27AAAAA3064A1Z5
pkt-2065,CONTRADICTION,major_amount_diff,high,Supplier Inc 2065,Supplier Inc 2065,INV-12065,INV-12065,28796.54,57593.080,2023-11-06,2023-11-06,27AAAAA3065A1Z5,27AAAAA3065A1Z5
pkt-2066,CONTRADICTION,major_amount_diff,high,Supplier Inc 2066,Supplier Inc 2066,INV-12066,INV-12066,12912.35,25824.700,2023-01-03,2023-01-03,27AAAAA3066A1Z5,27AAAAA3066A1Z5
pkt-2067,EXACT_MATCH,none,none,Supplier Ltd 2067,Supplier Ltd 2067,INV-12067,INV-12067,14999.04,14999.04,2023-09-06,2023-09-06,27AAAAA3067A1Z5,27AAAAA3067A1Z5
pkt-2068,EXACT_MATCH,none,none,Supplier LLC 2068,Supplier LLC 2068,INV-12068,INV-12068,104.27,104.27,2023-05-02,2023-05-02,27AAAAA3068A1Z5,27AAAAA3068A1Z5
pkt-2069,EXACT_MATCH,none,none,Supplier Ltd 2069,Supplier Ltd 2069,INV-12069,INV-12069,26751.71,26751.71,2023-03-19,2023-03-19,27AAAAA3069A1Z5,27AAAAA3069A1Z5
pkt-2070,EXACT_MATCH,none,none,Supplier Corp 2070,Supplier Corp 2070,INV-12070,INV-12070,15715.51,15715.51,2023-06-20,2023-06-20,27AAAAA3070A1Z5,27AAAAA3070A1Z5
pkt-2071,FUZZY_MATCH,date_shift,medium,Supplier Inc 2071,Supplier Inc 2071,INV-12071,INV-12071,5040.56,5040.56,2023-01-08,2023-01-05,27AAAAA3071A1Z5,27AAAAA3071A1Z5
pkt-2072,NO_MATCH,different_entity,high,Supplier Corp 2072,Different Supplier Inc,INV-12072,INV-12072,15055.49,15055.49,2023-04-05,2023-04-05,27AAAAA3072A1Z5,27BBBBB1234B1Z5
pkt-2073,FUZZY_MATCH,string_distance,low,Supplier Ltd 2073,Suplier Ltd 2073,INV-12073,INV12073,18017.35,18017.35,2023-03-24,2023-03-24,27AAAAA3073A1Z5,27AAAAA3073A1Z5
pkt-2074,EXACT_MATCH,none,none,Supplier Corp 2074,Supplier Corp 2074,INV-12074,INV-12074,27537.45,27537.45,2023-05-13,2023-05-13,27AAAAA3074A1Z5,27AAAAA3074A1Z5
pkt-2075,EXACT_MATCH,none,none,Supplier Ltd 2075,Supplier Ltd 2075,INV-12075,INV-12075,22857.78,22857.78,2023-05-22,2023-05-22,27AAAAA3075A1Z5,27AAAAA3075A1Z5
pkt-2076,EXACT_MATCH,none,none,Supplier LLC 2076,Supplier LLC 2076,INV-12076,INV-12076,7247.87,7247.87,2023-04-03,2023-04-03,27AAAAA3076A1Z5,27AAAAA3076A1Z5
pkt-2077,NO_MATCH,different_entity,high,Supplier LLC 2077,Different Supplier Inc,INV-12077,INV-12077,34870.47,34870.47,2023-04-23,2023-04-23,27AAAAA3077A1Z5,27BBBBB1234B1Z5
pkt-2078,EXACT_MATCH,none,none,Supplier Corp 2078,Supplier Corp 2078,INV-12078,INV-12078,32900.17,32900.17,2023-09-20,2023-09-20,27AAAAA3078A1Z5,27AAAAA3078A1Z5
pkt-2079,EXACT_MATCH,none,none,Supplier Ltd 2079,Supplier Ltd 2079,INV-12079,INV-12079,41096.23,41096.23,2023-06-26,2023-06-26,27AAAAA3079A1Z5,27AAAAA3079A1Z5
pkt-2080,FUZZY_MATCH,minor_amount_diff,low,Supplier Inc 2080,Supplier Inc 2080,INV-12080,INV-12080,1392.9,1391.90,2023-10-08,2023-10-08,27AAAAA3080A1Z5,27AAAAA3080A1Z5
pkt-2081,FUZZY_MATCH,string_distance,low,Supplier Ltd 2081,Suplier Ltd 2081,INV-12081,INV12081,26620.36,26620.36,2023-11-18,2023-11-18,27AAAAA3081A1Z5,27AAAAA3081A1Z5
pkt-2082,FUZZY_MATCH,minor_amount_diff,low,Supplier LLC 2082,Supplier LLC 2082,INV-12082,INV-12082,16534.94,16535.44,2023-02-12,2023-02-12,27AAAAA3082A1Z5,27AAAAA3082A1Z5
pkt-2083,FUZZY_MATCH,string_distance,low,Supplier Inc 2083,Suplier Inc 2083,INV-12083,INV12083,43455.88,43455.88,2023-04-09,2023-04-09,27AAAAA3083A1Z5,27AAAAA3083A1Z5
pkt-2084,FUZZY_MATCH,string_distance,low,Supplier Inc 2084,Suplier Inc 2084,INV-12084,INV12084,18920.08,18920.08,2023-04-13,2023-04-13,27AAAAA3084A1Z5,27AAAAA3084A1Z5
pkt-2085,FUZZY_MATCH,string_distance,low,Supplier Ltd 2085,Suplier Ltd 2085,INV-12085,INV12085,8869.0,8869.0,2023-12-10,2023-12-10,27AAAAA3085A1Z5,27AAAAA3085A1Z5
pkt-2086,CONTRADICTION,major_amount_diff,high,Supplier LLC 2086,Supplier LLC 2086,INV-12086,INV-12086,26495.11,52990.220,2023-12-19,2023-12-19,27AAAAA3086A1Z5,27AAAAA3086A1Z5
pkt-2087,NO_MATCH,invalid_gstin_suffix,high,Supplier Corp 2087,Supplier Corp 2087,INV-12087,INV-12087,13625.59,13625.59,2023-02-02,2023-02-02,27AAAAA3087A1Z5,27AAAAA3087A1ZX
pkt-2088,EXACT_MATCH,none,none,Supplier LLC 2088,Supplier LLC 2088,INV-12088,INV-12088,47330.86,47330.86,2023-07-06,2023-07-06,27AAAAA3088A1Z5,27AAAAA3088A1Z5
pkt-2089,NO_MATCH,missing_record,high,Supplier Ltd 2089,,INV-12089,,33922.81,,2023-09-18,,27AAAAA3089A1Z5,
pkt-2090,EXACT_MATCH,none,none,Supplier Corp 2090,Supplier Corp 2090,INV-12090,INV-12090,29656.28,29656.28,2023-05-01,2023-05-01,27AAAAA3090A1Z5,27AAAAA3090A1Z5
pkt-2091,EXACT_MATCH,none,none,Supplier LLC 2091,Supplier LLC 2091,INV-12091,INV-12091,6405.78,6405.78,2023-07-19,2023-07-19,27AAAAA3091A1Z5,27AAAAA3091A1Z5
pkt-2092,EXACT_MATCH,none,none,Supplier Corp 2092,Supplier Corp 2092,INV-12092,INV-12092,45930.24,45930.24,2023-11-12,2023-11-12,27AAAAA3092A1Z5,27AAAAA3092A1Z5
pkt-2093,NO_MATCH,missing_record,high,Supplier Corp 2093,,INV-12093,,30474.28,,2023-12-15,,27AAAAA3093A1Z5,
pkt-2094,FUZZY_MATCH,minor_amount_diff,low,Supplier LLC 2094,Supplier LLC 2094,INV-12094,INV-12094,49313.69,49316.19,2023-08-17,2023-08-17,27AAAAA3094A1Z5,27AAAAA3094A1Z5
pkt-2095,FUZZY_MATCH,minor_amount_diff,low,Supplier Corp 2095,Supplier Corp 2095,INV-12095,INV-12095,26077.67,26076.67,2023-12-27,2023-12-27,27AAAAA3095A1Z5,27AAAAA3095A1Z5
pkt-2096,FUZZY_MATCH,string_distance,low,Supplier LLC 2096,Suplier LLC 2096,INV-12096,INV12096,47377.99,47377.99,2023-07-25,2023-07-25,27AAAAA3096A1Z5,27AAAAA3096A1Z5
pkt-2097,FUZZY_MATCH,string_distance,low,Supplier Corp 2097,Suplier Corp 2097,INV-12097,INV12097,31770.37,31770.37,2023-02-24,2023-02-24,27AAAAA3097A1Z5,27AAAAA3097A1Z5
pkt-2098,CONTRADICTION,major_amount_diff,high,Supplier LLC 2098,Supplier LLC 2098,INV-12098,INV-12098,8339.14,16678.280,2023-01-03,2023-01-03,27AAAAA3098A1Z5,27AAAAA3098A1Z5
pkt-2099,NO_MATCH,missing_record,high,Supplier Corp 2099,,INV-12099,,46486.49,,2023-01-14,,27AAAAA3099A1Z5,
pkt-2100,EXACT_MATCH,none,none,Supplier Inc 2100,Supplier Inc 2100,INV-12100,INV-12100,24940.48,24940.48,2023-11-22,2023-11-22,27AAAAA3100A1Z5,27AAAAA3100A1Z5
pkt-2101,EXACT_MATCH,none,none,Supplier Inc 2101,Supplier Inc 2101,INV-12101,INV-12101,793.62,793.62,2023-04-27,2023-04-27,27AAAAA3101A1Z5,27AAAAA3101A1Z5
pkt-2102,FUZZY_MATCH,date_shift,medium,Supplier LLC 2102,Supplier LLC 2102,INV-12102,INV-12102,21306.45,21306.45,2023-09-24,2023-09-29,27AAAAA3102A1Z5,27AAAAA3102A1Z5
pkt-2103,NO_MATCH,different_entity,high,Supplier Inc 2103,Different Supplier Inc,INV-12103,INV-12103,47548.33,47548.33,2023-09-22,2023-09-22,27AAAAA3103A1Z5,27BBBBB1234B1Z5
pkt-2104,FUZZY_MATCH,ocr_artifacts,medium,Supplier Corp 2104,Supplier Corp 2104,INV-12104,INV-I2IO4,22487.74,22487.75,2023-03-22,2023-03-22,27AAAAA3104A1Z5,27AAAAA3104A1Z5
pkt-2105,EXACT_MATCH,none,none,Supplier LLC 2105,Supplier LLC 2105,INV-12105,INV-12105,3848.61,3848.61,2023-03-17,2023-03-17,27AAAAA3105A1Z5,27AAAAA3105A1Z5
pkt-2106,FUZZY_MATCH,string_distance,low,Supplier LLC 2106,Suplier LLC 2106,INV-12106,INV12106,21193.84,21193.84,2023-07-06,2023-07-06,27AAAAA3106A1Z5,27AAAAA3106A1Z5
pkt-2107,FUZZY_MATCH,minor_amount_diff,low,Supplier Inc 2107,Supplier Inc 2107,INV-12107,INV-12107,16964.13,16965.13,2023-11-08,2023-11-08,27AAAAA3107A1Z5,27AAAAA3107A1Z5
pkt-2108,EXACT_MATCH,none,none,Supplier Inc 2108,Supplier Inc 2108,INV-12108,INV-12108,24207.92,24207.92,2023-05-07,2023-05-07,27AAAAA3108A1Z5,27AAAAA3108A1Z5
pkt-2109,EXACT_MATCH,none,none,Supplier LLC 2109,Supplier LLC 2109,INV-12109,INV-12109,31595.71,31595.71,2023-07-07,2023-07-07,27AAAAA3109A1Z5,27AAAAA3109A1Z5
pkt-2110,EXACT_MATCH,none,none,Supplier Ltd 2110,Supplier Ltd 2110,INV-12110,INV-12110,25824.9,25824.9,2023-01-15,2023-01-15,27AAAAA3110A1Z5,27AAAAA3110A1Z5
pkt-2111,FUZZY_MATCH,minor_amount_diff,low,Supplier LLC 2111,Supplier LLC 2111,INV-12111,INV-12111,17851.63,17852.63,2023-10-15,2023-10-15,27AAAAA3111A1Z5,27AAAAA3111A1Z5
pkt-2112,EXACT_MATCH,none,none,Supplier Corp 2112,Supplier Corp 2112,INV-12112,INV-12112,5447.49,5447.49,2023-06-24,2023-06-24,27AAAAA3112A1Z5,27AAAAA3112A1Z5
pkt-2113,FUZZY_MATCH,date_shift,medium,Supplier Ltd 2113,Supplier Ltd 2113,INV-12113,INV-12113,17791.16,17791.16,2023-02-14,2023-02-10,27AAAAA3113A1Z5,27AAAAA3113A1Z5
pkt-2114,NO_MATCH,missing_record,high,Supplier Inc 2114,,INV-12114,,26501.92,,2023-03-14,,27AAAAA3114A1Z5,
pkt-2115,NO_MATCH,missing_record,high,Supplier Corp 2115,,INV-12115,,444.83,,2023-11-09,,27AAAAA3115A1Z5,
pkt-2116,FUZZY_MATCH,ocr_artifacts,medium,Supplier Ltd 2116,Supplier Ltd 2116,INV-12116,INV-I2II6,19828.41,19828.42,2023-05-12,2023-05-12,27AAAAA3116A1Z5,27AAAAA3116A1Z5
pkt-2117,EXACT_MATCH,none,none,Supplier Ltd 2117,Supplier Ltd 2117,INV-12117,INV-12117,26867.73,26867.73,2023-05-04,2023-05-04,27AAAAA3117A1Z5,27AAAAA3117A1Z5
pkt-2118,EXACT_MATCH,none,none,Supplier LLC 2118,Supplier LLC 2118,INV-12118,INV-12118,41983.94,41983.94,2023-03-05,2023-03-05,27AAAAA3118A1Z5,27AAAAA3118A1Z5
pkt-2119,FUZZY_MATCH,string_distance,low,Supplier Corp 2119,Suplier Corp 2119,INV-12119,INV12119,21754.61,21754.61,2023-06-28,2023-06-28,27AAAAA3119A1Z5,27AAAAA3119A1Z5
pkt-2120,EXACT_MATCH,none,none,Supplier Ltd 2120,Supplier Ltd 2120,INV-12120,INV-12120,9559.4,9559.4,2023-01-05,2023-01-05,27AAAAA3120A1Z5,27AAAAA3120A1Z5
pkt-2121,NO_MATCH,missing_record,high,Supplier Corp 2121,,INV-12121,,37221.81,,2023-01-06,,27AAAAA3121A1Z5,
pkt-2122,NO_MATCH,missing_record,high,Supplier Ltd 2122,,INV-12122,,47988.97,,2023-05-04,,27AAAAA3122A1Z5,
pkt-2123,NO_MATCH,invalid_gstin_suffix,high,Supplier Corp 2123,Supplier Corp 2123,INV-12123,INV-12123,27551.17,27551.17,2023-11-23,2023-11-23,27AAAAA3123A1Z5,27AAAAA3123A1ZX
pkt-2124,FUZZY_MATCH,ocr_artifacts,medium,Supplier Ltd 2124,Supplier Ltd 2124,INV-12124,INV-I2I24,37579.39,37579.40,2023-07-17,2023-07-17,27AAAAA3124A1Z5,27AAAAA3124A1Z5
pkt-2125,FUZZY_MATCH,ocr_artifacts,medium,Supplier Inc 2125,Supplier Inc 2125,INV-12125,INV-I2I25,5575.67,5575.68,2023-02-26,2023-02-26,27AAAAA3125A1Z5,27AAAAA3125A1Z5
pkt-2126,EXACT_MATCH,none,none,Supplier Corp 2126,Supplier Corp 2126,INV-12126,INV-12126,7861.55,7861.55,2023-09-01,2023-09-01,27AAAAA3126A1Z5,27AAAAA3126A1Z5
pkt-2127,EXACT_MATCH,none,none,Supplier Inc 2127,Supplier Inc 2127,INV-12127,INV-12127,33947.68,33947.68,2023-06-14,2023-06-14,27AAAAA3127A1Z5,27AAAAA3127A1Z5
pkt-2128,EXACT_MATCH,none,none,Supplier Inc 2128,Supplier Inc 2128,INV-12128,INV-12128,24061.63,24061.63,2023-05-16,2023-05-16,27AAAAA3128A1Z5,27AAAAA3128A1Z5
pkt-2129,FUZZY_MATCH,date_shift,medium,Supplier Corp 2129,Supplier Corp 2129,INV-12129,INV-12129,12462.59,12462.59,2023-03-24,2023-03-23,27AAAAA3129A1Z5,27AAAAA3129A1Z5
pkt-2130,EXACT_MATCH,none,none,Supplier Corp 2130,Supplier Corp 2130,INV-12130,INV-12130,38359.71,38359.71,2023-05-23,2023-05-23,27AAAAA3130A1Z5,27AAAAA3130A1Z5
pkt-2131,EXACT_MATCH,none,none,Supplier Inc 2131,Supplier Inc 2131,INV-12131,INV-12131,41048.41,41048.41,2023-04-16,2023-04-16,27AAAAA3131A1Z5,27AAAAA3131A1Z5
pkt-2132,NO_MATCH,different_entity,high,Supplier Corp 2132,Different Supplier Inc,INV-12132,INV-12132,36549.79,36549.79,2023-10-06,2023-10-06,27AAAAA3132A1Z5,27BBBBB1234B1Z5
pkt-2133,FUZZY_MATCH,ocr_artifacts,medium,Supplier Inc 2133,Supplier Inc 2133,INV-12133,INV-I2I33,31482.5,31482.51,2023-03-08,2023-03-08,27AAAAA3133A1Z5,27AAAAA3133A1Z5
pkt-2134,EXACT_MATCH,none,none,Supplier Corp 2134,Supplier Corp 2134,INV-12134,INV-12134,20124.03,20124.03,2023-05-07,2023-05-07,27AAAAA3134A1Z5,27AAAAA3134A1Z5
pkt-2135,EXACT_MATCH,none,none,Supplier Inc 2135,Supplier Inc 2135,INV-12135,INV-12135,981.3,981.3,2023-04-03,2023-04-03,27AAAAA3135A1Z5,27AAAAA3135A1Z5
pkt-2136,FUZZY_MATCH,date_shift,medium,Supplier Corp 2136,Supplier Corp 2136,INV-12136,INV-12136,20424.13,20424.13,2023-05-23,2023-05-23,27AAAAA3136A1Z5,27AAAAA3136A1Z5
pkt-2137,EXACT_MATCH,none,none,Supplier Ltd 2137,Supplier Ltd 2137,INV-12137,INV-12137,21361.19,21361.19,2023-01-17,2023-01-17,27AAAAA3137A1Z5,27AAAAA3137A1Z5
pkt-2138,FUZZY_MATCH,minor_amount_diff,low,Supplier LLC 2138,Supplier LLC 2138,INV-12138,INV-12138,2677.61,2678.61,2023-02-09,2023-02-09,27AAAAA3138A1Z5,27AAAAA3138A1Z5
pkt-2139,FUZZY_MATCH,ocr_artifacts,medium,Supplier Inc 2139,Supplier Inc 2139,INV-12139,INV-I2I39,35608.12,35608.13,2023-04-11,2023-04-11,27AAAAA3139A1Z5,27AAAAA3139A1Z5
pkt-2140,FUZZY_MATCH,date_shift,medium,Supplier LLC 2140,Supplier LLC 2140,INV-12140,INV-12140,2140.37,2140.37,2023-01-22,2023-01-21,27AAAAA3140A1Z5,27AAAAA3140A1Z5
pkt-2141,FUZZY_MATCH,ocr_artifacts,medium,Supplier Ltd 2141,Supplier Ltd 2141,INV-12141,INV-I2I4I,23655.7,23655.71,2023-10-04,2023-10-04,27AAAAA3141A1Z5,27AAAAA3141A1Z5
pkt-2142,FUZZY_MATCH,minor_amount_diff,low,Supplier LLC 2142,Supplier LLC 2142,INV-12142,INV-12142,12687.93,12686.93,2023-08-12,2023-08-12,27AAAAA3142A1Z5,27AAAAA3142A1Z5
pkt-2143,NO_MATCH,invalid_gstin_suffix,high,Supplier Corp 2143,Supplier Corp 2143,INV-12143,INV-12143,4934.67,4934.67,2023-01-22,2023-01-22,27AAAAA3143A1Z5,27AAAAA3143A1ZX
pkt-2144,FUZZY_MATCH,date_shift,medium,Supplier LLC 2144,Supplier LLC 2144,INV-12144,INV-12144,18092.38,18092.38,2023-06-24,2023-06-29,27AAAAA3144A1Z5,27AAAAA3144A1Z5
pkt-2145,FUZZY_MATCH,string_distance,low,Supplier Inc 2145,Suplier Inc 2145,INV-12145,INV12145,13869.75,13869.75,2023-10-13,2023-10-13,27AAAAA3145A1Z5,27AAAAA3145A1Z5
pkt-2146,EXACT_MATCH,none,none,Supplier Inc 2146,Supplier Inc 2146,INV-12146,INV-12146,6611.22,6611.22,2023-12-20,2023-12-20,27AAAAA3146A1Z5,27AAAAA3146A1Z5
pkt-2147,FUZZY_MATCH,date_shift,medium,Supplier Corp 2147,Supplier Corp 2147,INV-12147,INV-12147,29369.42,29369.42,2023-11-27,2023-11-29,27AAAAA3147A1Z5,27AAAAA3147A1Z5
pkt-2148,FUZZY_MATCH,minor_amount_diff,low,Supplier LLC 2148,Supplier LLC 2148,INV-12148,INV-12148,46282.48,46284.98,2023-02-18,2023-02-18,27AAAAA3148A1Z5,27AAAAA3148A1Z5
pkt-2149,EXACT_MATCH,none,none,Supplier Corp 2149,Supplier Corp 2149,INV-12149,INV-12149,49483.27,49483.27,2023-04-18,2023-04-18,27AAAAA3149A1Z5,27AAAAA3149A1Z5
pkt-2150,CONTRADICTION,major_amount_diff,high,Supplier LLC 2150,Supplier LLC 2150,INV-12150,INV-12150,6478.81,12957.620,2023-07-18,2023-07-18,27AAAAA3150A1Z5,27AAAAA3150A1Z5
pkt-2151,EXACT_MATCH,none,none,Supplier Inc 2151,Supplier Inc 2151,INV-12151,INV-12151,48758.8,48758.8,2023-06-15,2023-06-15,27AAAAA3151A1Z5,27AAAAA3151A1Z5
pkt-2152,FUZZY_MATCH,ocr_artifacts,medium,Supplier Inc 2152,Supplier Inc 2152,INV-12152,INV-I2I52,3478.65,3478.66,2023-07-17,2023-07-17,27AAAAA3152A1Z5,27AAAAA3152A1Z5
pkt-2153,EXACT_MATCH,none,none,Supplier LLC 2153,Supplier LLC 2153,INV-12153,INV-12153,29997.77,29997.77,2023-12-05,2023-12-05,27AAAAA3153A1Z5,27AAAAA3153A1Z5
pkt-2154,EXACT_MATCH,none,none,Supplier Corp 2154,Supplier Corp 2154,INV-12154,INV-12154,47794.57,47794.57,2023-01-26,2023-01-26,27AAAAA3154A1Z5,27AAAAA3154A1Z5
pkt-2155,FUZZY_MATCH,ocr_artifacts,medium,Supplier Inc 2155,Supplier Inc 2155,INV-12155,INV-I2I55,40745.22,40745.23,2023-08-22,2023-08-22,27AAAAA3155A1Z5,27AAAAA3155A1Z5
pkt-2156,EXACT_MATCH,none,none,Supplier Ltd 2156,Supplier Ltd 2156,INV-12156,INV-12156,21943.47,21943.47,2023-09-13,2023-09-13,27AAAAA3156A1Z5,27AAAAA3156A1Z5
pkt-2157,FUZZY_MATCH,ocr_artifacts,medium,Supplier Inc 2157,Supplier Inc 2157,INV-12157,INV-I2I57,30400.2,30400.21,2023-04-06,2023-04-06,27AAAAA3157A1Z5,27AAAAA3157A1Z5
pkt-2158,CONTRADICTION,major_amount_diff,high,Supplier Inc 2158,Supplier Inc 2158,INV-12158,INV-12158,28637.71,57275.420,2023-10-23,2023-10-23,27AAAAA3158A1Z5,27AAAAA3158A1Z5
pkt-2159,FUZZY_MATCH,minor_amount_diff,low,Supplier LLC 2159,Supplier LLC 2159,INV-12159,INV-12159,22826.51,22827.01,2023-12-24,2023-12-24,27AAAAA3159A1Z5,27AAAAA3159A1Z5
pkt-2160,FUZZY_MATCH,ocr_artifacts,medium,Supplier Inc 2160,Supplier Inc 2160,INV-12160,INV-I2I6O,14888.55,14888.56,2023-05-18,2023-05-18,27AAAAA3160A1Z5,27AAAAA3160A1Z5
pkt-2161,EXACT_MATCH,none,none,Supplier LLC 2161,Supplier LLC 2161,INV-12161,INV-12161,11274.08,11274.08,2023-09-08,2023-09-08,27AAAAA3161A1Z5,27AAAAA3161A1Z5
pkt-2162,EXACT_MATCH,none,none,Supplier LLC 2162,Supplier LLC 2162,INV-12162,INV-12162,32016.81,32016.81,2023-05-05,2023-05-05,27AAAAA3162A1Z5,27AAAAA3162A1Z5
pkt-2163,CONTRADICTION,major_amount_diff,high,Supplier Corp 2163,Supplier Corp 2163,INV-12163,INV-12163,32156.41,64312.820,2023-04-27,2023-04-27,27AAAAA3163A1Z5,27AAAAA3163A1Z5
pkt-2164,NO_MATCH,invalid_gstin_suffix,high,Supplier LLC 2164,Supplier LLC 2164,INV-12164,INV-12164,5897.62,5897.62,2023-11-12,2023-11-12,27AAAAA3164A1Z5,27AAAAA3164A1ZX
pkt-2165,EXACT_MATCH,none,none,Supplier LLC 2165,Supplier LLC 2165,INV-12165,INV-12165,4253.98,4253.98,2023-12-18,2023-12-18,27AAAAA3165A1Z5,27AAAAA3165A1Z5
pkt-2166,EXACT_MATCH,none,none,Supplier LLC 2166,Supplier LLC 2166,INV-12166,INV-12166,6767.22,6767.22,2023-10-10,2023-10-10,27AAAAA3166A1Z5,27AAAAA3166A1Z5
pkt-2167,FUZZY_MATCH,date_shift,medium,Supplier LLC 2167,Supplier LLC 2167,INV-12167,INV-12167,31335.17,31335.17,2023-01-27,2023-01-26,27AAAAA3167A1Z5,27AAAAA3167A1Z5
pkt-2168,EXACT_MATCH,none,none,Supplier Inc 2168,Supplier Inc 2168,INV-12168,INV-12168,8919.09,8919.09,2023-01-18,2023-01-18,27AAAAA3168A1Z5,27AAAAA3168A1Z5
pkt-2169,EXACT_MATCH,none,none,Supplier LLC 2169,Supplier LLC 2169,INV-12169,INV-12169,37313.91,37313.91,2023-07-21,2023-07-21,27AAAAA3169A1Z5,27AAAAA3169A1Z5
pkt-2170,FUZZY_MATCH,date_shift,medium,Supplier Ltd 2170,Supplier Ltd 2170,INV-12170,INV-12170,31751.85,31751.85,2023-09-07,2023-09-07,27AAAAA3170A1Z5,27AAAAA3170A1Z5
pkt-2171,FUZZY_MATCH,ocr_artifacts,medium,Supplier Ltd 2171,Supplier Ltd 2171,INV-12171,INV-I2I7I,13512.8,13512.81,2023-10-21,2023-10-21,27AAAAA3171A1Z5,27AAAAA3171A1Z5
pkt-2172,NO_MATCH,invalid_gstin_suffix,high,Supplier Ltd 2172,Supplier Ltd 2172,INV-12172,INV-12172,22358.19,22358.19,2023-12-24,2023-12-24,27AAAAA3172A1Z5,27AAAAA3172A1ZX
pkt-2173,FUZZY_MATCH,ocr_artifacts,medium,Supplier Ltd 2173,Supplier Ltd 2173,INV-12173,INV-I2I73,7501.88,7501.89,2023-08-03,2023-08-03,27AAAAA3173A1Z5,27AAAAA3173A1Z5
pkt-2174,EXACT_MATCH,none,none,Supplier Ltd 2174,Supplier Ltd 2174,INV-12174,INV-12174,23023.57,23023.57,2023-03-07,2023-03-07,27AAAAA3174A1Z5,27AAAAA3174A1Z5
pkt-2175,FUZZY_MATCH,ocr_artifacts,medium,Supplier LLC 2175,Supplier LLC 2175,INV-12175,INV-I2I75,9102.29,9102.30,2023-05-01,2023-05-01,27AAAAA3175A1Z5,27AAAAA3175A1Z5
pkt-2176,FUZZY_MATCH,string_distance,low,Supplier Corp 2176,Suplier Corp 2176,INV-12176,INV12176,44274.13,44274.13,2023-07-22,2023-07-22,27AAAAA3176A1Z5,27AAAAA3176A1Z5
pkt-2177,EXACT_MATCH,none,none,Supplier Ltd 2177,Supplier Ltd 2177,INV-12177,INV-12177,7261.77,7261.77,2023-07-08,2023-07-08,27AAAAA3177A1Z5,27AAAAA3177A1Z5
pkt-2178,EXACT_MATCH,none,none,Supplier Corp 2178,Supplier Corp 2178,INV-12178,INV-12178,48522.23,48522.23,2023-02-24,2023-02-24,27AAAAA3178A1Z5,27AAAAA3178A1Z5
pkt-2179,EXACT_MATCH,none,none,Supplier Inc 2179,Supplier Inc 2179,INV-12179,INV-12179,37547.17,37547.17,2023-01-20,2023-01-20,27AAAAA3179A1Z5,27AAAAA3179A1Z5
pkt-2180,EXACT_MATCH,none,none,Supplier Inc 2180,Supplier Inc 2180,INV-12180,INV-12180,19261.13,19261.13,2023-02-27,2023-02-27,27AAAAA3180A1Z5,27AAAAA3180A1Z5
pkt-2181,FUZZY_MATCH,minor_amount_diff,low,Supplier Inc 2181,Supplier Inc 2181,INV-12181,INV-12181,46740.42,46740.92,2023-03-08,2023-03-08,27AAAAA3181A1Z5,27AAAAA3181A1Z5
pkt-2182,FUZZY_MATCH,string_distance,low,Supplier Inc 2182,Suplier Inc 2182,INV-12182,INV12182,46936.06,46936.06,2023-10-01,2023-10-01,27AAAAA3182A1Z5,27AAAAA3182A1Z5
pkt-2183,FUZZY_MATCH,date_shift,medium,Supplier Inc 2183,Supplier Inc 2183,INV-12183,INV-12183,27164.27,27164.27,2023-06-28,2023-06-25,27AAAAA3183A1Z5,27AAAAA3183A1Z5
pkt-2184,FUZZY_MATCH,minor_amount_diff,low,Supplier Corp 2184,Supplier Corp 2184,INV-12184,INV-12184,24073.23,24074.23,2023-10-15,2023-10-15,27AAAAA3184A1Z5,27AAAAA3184A1Z5
pkt-2185,EXACT_MATCH,none,none,Supplier LLC 2185,Supplier LLC 2185,INV-12185,INV-12185,23997.53,23997.53,2023-04-02,2023-04-02,27AAAAA3185A1Z5,27AAAAA3185A1Z5
pkt-2186,FUZZY_MATCH,string_distance,low,Supplier Inc 2186,Suplier Inc 2186,INV-12186,INV12186,27226.28,27226.28,2023-01-27,2023-01-27,27AAAAA3186A1Z5,27AAAAA3186A1Z5
pkt-2187,FUZZY_MATCH,ocr_artifacts,medium,Supplier Ltd 2187,Supplier Ltd 2187,INV-12187,INV-I2I87,27277.64,27277.65,2023-02-17,2023-02-17,27AAAAA3187A1Z5,27AAAAA3187A1Z5
pkt-2188,EXACT_MATCH,none,none,Supplier Corp 2188,Supplier Corp 2188,INV-12188,INV-12188,160.4,160.4,2023-04-01,2023-04-01,27AAAAA3188A1Z5,27AAAAA3188A1Z5
pkt-2189,FUZZY_MATCH,date_shift,medium,Supplier LLC 2189,Supplier LLC 2189,INV-12189,INV-12189,19330.61,19330.61,2023-06-21,2023-06-26,27AAAAA3189A1Z5,27AAAAA3189A1Z5
pkt-2190,NO_MATCH,missing_record,high,Supplier Inc 2190,,INV-12190,,19298.72,,2023-12-27,,27AAAAA3190A1Z5,
pkt-2191,FUZZY_MATCH,minor_amount_diff,low,Supplier Inc 2191,Supplier Inc 2191,INV-12191,INV-12191,8561.0,8562.00,2023-02-08,2023-02-08,27AAAAA3191A1Z5,27AAAAA3191A1Z5
pkt-2192,FUZZY_MATCH,string_distance,low,Supplier LLC 2192,Suplier LLC 2192,INV-12192,INV12192,3906.87,3906.87,2023-06-04,2023-06-04,27AAAAA3192A1Z5,27AAAAA3192A1Z5
pkt-2193,EXACT_MATCH,none,none,Supplier Corp 2193,Supplier Corp 2193,INV-12193,INV-12193,44789.77,44789.77,2023-10-05,2023-10-05,27AAAAA3193A1Z5,27AAAAA3193A1Z5
pkt-2194,FUZZY_MATCH,ocr_artifacts,medium,Supplier Ltd 2194,Supplier Ltd 2194,INV-12194,INV-I2I94,26570.98,26570.99,2023-10-06,2023-10-06,27AAAAA3194A1Z5,27AAAAA3194A1Z5
pkt-2195,NO_MATCH,invalid_gstin_suffix,high,Supplier LLC 2195,Supplier LLC 2195,INV-12195,INV-12195,44666.57,44666.57,2023-11-10,2023-11-10,27AAAAA3195A1Z5,27AAAAA3195A1ZX
pkt-2196,FUZZY_MATCH,minor_amount_diff,low,Supplier LLC 2196,Supplier LLC 2196,INV-12196,INV-12196,43782.57,43781.57,2023-05-16,2023-05-16,27AAAAA3196A1Z5,27AAAAA3196A1Z5
pkt-2197,NO_MATCH,invalid_gstin_suffix,high,Supplier Corp 2197,Supplier Corp 2197,INV-12197,INV-12197,39463.92,39463.92,2023-03-25,2023-03-25,27AAAAA3197A1Z5,27AAAAA3197A1ZX
pkt-2198,FUZZY_MATCH,string_distance,low,Supplier Ltd 2198,Suplier Ltd 2198,INV-12198,INV12198,7474.23,7474.23,2023-08-24,2023-08-24,27AAAAA3198A1Z5,27AAAAA3198A1Z5
pkt-2199,FUZZY_MATCH,ocr_artifacts,medium,Supplier LLC 2199,Supplier LLC 2199,INV-12199,INV-I2I99,5746.89,5746.90,2023-07-24,2023-07-24,27AAAAA3199A1Z5,27AAAAA3199A1Z5
pkt-2200,NO_MATCH,invalid_gstin_suffix,high,Supplier Ltd 2200,Supplier Ltd 2200,INV-12200,INV-12200,4613.31,4613.31,2023-03-06,2023-03-06,27AAAAA3200A1Z5,27AAAAA3200A1ZX
pkt-2201,NO_MATCH,different_entity,high,Supplier Ltd 2201,Different Supplier Inc,INV-12201,INV-12201,16033.86,16033.86,2023-07-16,2023-07-16,27AAAAA3201A1Z5,27BBBBB1234B1Z5
pkt-2202,EXACT_MATCH,none,none,Supplier Corp 2202,Supplier Corp 2202,INV-12202,INV-12202,39695.73,39695.73,2023-06-05,2023-06-05,27AAAAA3202A1Z5,27AAAAA3202A1Z5
pkt-2203,CONTRADICTION,major_amount_diff,high,Supplier Ltd 2203,Supplier Ltd 2203,INV-12203,INV-12203,20991.12,41982.240,2023-08-18,2023-08-18,27AAAAA3203A1Z5,27AAAAA3203A1Z5
pkt-2204,NO_MATCH,different_entity,high,Supplier Inc 2204,Different Supplier Inc,INV-12204,INV-12204,26857.01,26857.01,2023-04-13,2023-04-13,27AAAAA3204A1Z5,27BBBBB1234B1Z5
pkt-2205,EXACT_MATCH,none,none,Supplier Corp 2205,Supplier Corp 2205,INV-12205,INV-12205,35774.56,35774.56,2023-09-19,2023-09-19,27AAAAA3205A1Z5,27AAAAA3205A1Z5
pkt-2206,EXACT_MATCH,none,none,Supplier Corp 2206,Supplier Corp 2206,INV-12206,INV-12206,4453.79,4453.79,2023-06-01,2023-06-01,27AAAAA3206A1Z5,27AAAAA3206A1Z5
pkt-2207,EXACT_MATCH,none,none,Supplier Inc 2207,Supplier Inc 2207,INV-12207,INV-12207,18183.68,18183.68,2023-08-05,2023-08-05,27AAAAA3207A1Z5,27AAAAA3207A1Z5
pkt-2208,FUZZY_MATCH,minor_amount_diff,low,Supplier Corp 2208,Supplier Corp 2208,INV-12208,INV-12208,45576.96,45579.46,2023-06-28,2023-06-28,27AAAAA3208A1Z5,27AAAAA3208A1Z5
pkt-2209,FUZZY_MATCH,date_shift,medium,Supplier Corp 2209,Supplier Corp 2209,INV-12209,INV-12209,7292.6,7292.6,2023-09-14,2023-09-12,27AAAAA3209A1Z5,27AAAAA3209A1Z5
pkt-2210,EXACT_MATCH,none,none,Supplier Corp 2210,Supplier Corp 2210,INV-12210,INV-12210,2887.7,2887.7,2023-03-04,2023-03-04,27AAAAA3210A1Z5,27AAAAA3210A1Z5
pkt-2211,EXACT_MATCH,none,none,Supplier LLC 2211,Supplier LLC 2211,INV-12211,INV-12211,36680.77,36680.77,2023-12-14,2023-12-14,27AAAAA3211A1Z5,27AAAAA3211A1Z5
pkt-2212,NO_MATCH,missing_record,high,Supplier Inc 2212,,INV-12212,,35099.95,,2023-11-19,,27AAAAA3212A1Z5,
pkt-2213,NO_MATCH,invalid_gstin_suffix,high,Supplier Corp 2213,Supplier Corp 2213,INV-12213,INV-12213,41888.12,41888.12,2023-03-01,2023-03-01,27AAAAA3213A1Z5,27AAAAA3213A1ZX
pkt-2214,NO_MATCH,different_entity,high,Supplier Inc 2214,Different Supplier Inc,INV-12214,INV-12214,7149.75,7149.75,2023-04-03,2023-04-03,27AAAAA3214A1Z5,27BBBBB1234B1Z5
pkt-2215,NO_MATCH,missing_record,high,Supplier Corp 2215,,INV-12215,,41570.29,,2023-07-05,,27AAAAA3215A1Z5,
pkt-2216,NO_MATCH,missing_record,high,Supplier LLC 2216,,INV-12216,,37203.54,,2023-12-17,,27AAAAA3216A1Z5,
pkt-2217,FUZZY_MATCH,minor_amount_diff,low,Supplier Inc 2217,Supplier Inc 2217,INV-12217,INV-12217,20634.97,20633.97,2023-06-15,2023-06-15,27AAAAA3217A1Z5,27AAAAA3217A1Z5
pkt-2218,CONTRADICTION,major_amount_diff,high,Supplier Corp 2218,Supplier Corp 2218,INV-12218,INV-12218,7878.78,15757.560,2023-11-02,2023-11-02,27AAAAA3218A1Z5,27AAAAA3218A1Z5
pkt-2219,EXACT_MATCH,none,none,Supplier Ltd 2219,Supplier Ltd 2219,INV-12219,INV-12219,8101.4,8101.4,2023-07-27,2023-07-27,27AAAAA3219A1Z5,27AAAAA3219A1Z5
pkt-2220,NO_MATCH,different_entity,high,Supplier LLC 2220,Different Supplier Inc,INV-12220,INV-12220,47417.27,47417.27,2023-08-18,2023-08-18,27AAAAA3220A1Z5,27BBBBB1234B1Z5
pkt-2221,FUZZY_MATCH,ocr_artifacts,medium,Supplier Ltd 2221,Supplier Ltd 2221,INV-12221,INV-I222I,25143.43,25143.44,2023-12-08,2023-12-08,27AAAAA3221A1Z5,27AAAAA3221A1Z5
pkt-2222,FUZZY_MATCH,ocr_artifacts,medium,Supplier Ltd 2222,Supplier Ltd 2222,INV-12222,INV-I2222,13664.2,13664.21,2023-02-17,2023-02-17,27AAAAA3222A1Z5,27AAAAA3222A1Z5
pkt-2223,FUZZY_MATCH,date_shift,medium,Supplier Inc 2223,Supplier Inc 2223,INV-12223,INV-12223,37182.42,37182.42,2023-07-20,2023-07-21,27AAAAA3223A1Z5,27AAAAA3223A1Z5
pkt-2224,EXACT_MATCH,none,none,Supplier Inc 2224,Supplier Inc 2224,INV-12224,INV-12224,9266.32,9266.32,2023-12-18,2023-12-18,27AAAAA3224A1Z5,27AAAAA3224A1Z5
pkt-2225,EXACT_MATCH,none,none,Supplier Ltd 2225,Supplier Ltd 2225,INV-12225,INV-12225,23474.96,23474.96,2023-06-21,2023-06-21,27AAAAA3225A1Z5,27AAAAA3225A1Z5
pkt-2226,FUZZY_MATCH,date_shift,medium,Supplier Ltd 2226,Supplier Ltd 2226,INV-12226,INV-12226,8324.74,8324.74,2023-06-21,2023-06-20,27AAAAA3226A1Z5,27AAAAA3226A1Z5
pkt-2227,EXACT_MATCH,none,none,Supplier LLC 2227,Supplier LLC 2227,INV-12227,INV-12227,5509.2,5509.2,2023-02-12,2023-02-12,27AAAAA3227A1Z5,27AAAAA3227A1Z5
pkt-2228,FUZZY_MATCH,string_distance,low,Supplier Inc 2228,Suplier Inc 2228,INV-12228,INV12228,12052.54,12052.54,2023-03-18,2023-03-18,27AAAAA3228A1Z5,27AAAAA3228A1Z5
pkt-2229,FUZZY_MATCH,date_shift,medium,Supplier LLC 2229,Supplier LLC 2229,INV-12229,INV-12229,10674.31,10674.31,2023-01-25,2023-01-28,27AAAAA3229A1Z5,27AAAAA3229A1Z5
pkt-2230,FUZZY_MATCH,string_distance,low,Supplier LLC 2230,Suplier LLC 2230,INV-12230,INV12230,10166.12,10166.12,2023-01-08,2023-01-08,27AAAAA3230A1Z5,27AAAAA3230A1Z5
pkt-2231,EXACT_MATCH,none,none,Supplier Ltd 2231,Supplier Ltd 2231,INV-12231,INV-12231,48835.49,48835.49,2023-10-02,2023-10-02,27AAAAA3231A1Z5,27AAAAA3231A1Z5
pkt-2232,NO_MATCH,invalid_gstin_suffix,high,Supplier Inc 2232,Supplier Inc 2232,INV-12232,INV-12232,2497.64,2497.64,2023-02-10,2023-02-10,27AAAAA3232A1Z5,27AAAAA3232A1ZX
pkt-2233,NO_MATCH,invalid_gstin_suffix,high,Supplier Corp 2233,Supplier Corp 2233,INV-12233,INV-12233,37608.8,37608.8,2023-07-17,2023-07-17,27AAAAA3233A1Z5,27AAAAA3233A1ZX
pkt-2234,EXACT_MATCH,none,none,Supplier Corp 2234,Supplier Corp 2234,INV-12234,INV-12234,37616.93,37616.93,2023-12-12,2023-12-12,27AAAAA3234A1Z5,27AAAAA3234A1Z5
pkt-2235,CONTRADICTION,major_amount_diff,high,Supplier Inc 2235,Supplier Inc 2235,INV-12235,INV-12235,33766.85,67533.700,2023-06-14,2023-06-14,27AAAAA3235A1Z5,27AAAAA3235A1Z5
pkt-2236,NO_MATCH,missing_record,high,Supplier Ltd 2236,,INV-12236,,40393.97,,2023-03-01,,27AAAAA3236A1Z5,
pkt-2237,FUZZY_MATCH,ocr_artifacts,medium,Supplier Corp 2237,Supplier Corp 2237,INV-12237,INV-I2237,29359.27,29359.28,2023-01-10,2023-01-10,27AAAAA3237A1Z5,27AAAAA3237A1Z5
pkt-2238,EXACT_MATCH,none,none,Supplier Inc 2238,Supplier Inc 2238,INV-12238,INV-12238,34150.46,34150.46,2023-02-21,2023-02-21,27AAAAA3238A1Z5,27AAAAA3238A1Z5
pkt-2239,EXACT_MATCH,none,none,Supplier Corp 2239,Supplier Corp 2239,INV-12239,INV-12239,11655.35,11655.35,2023-04-26,2023-04-26,27AAAAA3239A1Z5,27AAAAA3239A1Z5
pkt-2240,NO_MATCH,missing_record,high,Supplier LLC 2240,,INV-12240,,8136.25,,2023-09-17,,27AAAAA3240A1Z5,
pkt-2241,NO_MATCH,different_entity,high,Supplier LLC 2241,Different Supplier Inc,INV-12241,INV-12241,39289.06,39289.06,2023-06-10,2023-06-10,27AAAAA3241A1Z5,27BBBBB1234B1Z5
pkt-2242,FUZZY_MATCH,date_shift,medium,Supplier Ltd 2242,Supplier Ltd 2242,INV-12242,INV-12242,42812.03,42812.03,2023-07-02,2023-06-30,27AAAAA3242A1Z5,27AAAAA3242A1Z5
pkt-2243,NO_MATCH,different_entity,high,Supplier Corp 2243,Different Supplier Inc,INV-12243,INV-12243,49850.77,49850.77,2023-10-03,2023-10-03,27AAAAA3243A1Z5,27BBBBB1234B1Z5
pkt-2244,FUZZY_MATCH,ocr_artifacts,medium,Supplier Inc 2244,Supplier Inc 2244,INV-12244,INV-I2244,31426.7,31426.71,2023-08-04,2023-08-04,27AAAAA3244A1Z5,27AAAAA3244A1Z5
pkt-2245,NO_MATCH,missing_record,high,Supplier Inc 2245,,INV-12245,,38339.23,,2023-05-18,,27AAAAA3245A1Z5,
pkt-2246,FUZZY_MATCH,ocr_artifacts,medium,Supplier LLC 2246,Supplier LLC 2246,INV-12246,INV-I2246,4796.29,4796.30,2023-06-06,2023-06-06,27AAAAA3246A1Z5,27AAAAA3246A1Z5
pkt-2247,FUZZY_MATCH,string_distance,low,Supplier LLC 2247,Suplier LLC 2247,INV-12247,INV12247,3501.28,3501.28,2023-10-12,2023-10-12,27AAAAA3247A1Z5,27AAAAA3247A1Z5
pkt-2248,FUZZY_MATCH,minor_amount_diff,low,Supplier Ltd 2248,Supplier Ltd 2248,INV-12248,INV-12248,3649.58,3652.08,2023-12-25,2023-12-25,27AAAAA3248A1Z5,27AAAAA3248A1Z5
pkt-2249,FUZZY_MATCH,string_distance,low,Supplier Corp 2249,Suplier Corp 2249,INV-12249,INV12249,48926.34,48926.34,2023-08-21,2023-08-21,27AAAAA3249A1Z5,27AAAAA3249A1Z5
pkt-2250,FUZZY_MATCH,minor_amount_diff,low,Supplier LLC 2250,Supplier LLC 2250,INV-12250,INV-12250,48586.86,48589.36,2023-08-02,2023-08-02,27AAAAA3250A1Z5,27AAAAA3250A1Z5
pkt-2251,NO_MATCH,missing_record,high,Supplier Corp 2251,,INV-12251,,20510.76,,2023-10-22,,27AAAAA3251A1Z5,
pkt-2252,FUZZY_MATCH,string_distance,low,Supplier LLC 2252,Suplier LLC 2252,INV-12252,INV12252,18399.94,18399.94,2023-10-11,2023-10-11,27AAAAA3252A1Z5,27AAAAA3252A1Z5
pkt-2253,EXACT_MATCH,none,none,Supplier LLC 2253,Supplier LLC 2253,INV-12253,INV-12253,34141.82,34141.82,2023-09-15,2023-09-15,27AAAAA3253A1Z5,27AAAAA3253A1Z5
pkt-2254,EXACT_MATCH,none,none,Supplier Corp 2254,Supplier Corp 2254,INV-12254,INV-12254,2229.51,2229.51,2023-11-02,2023-11-02,27AAAAA3254A1Z5,27AAAAA3254A1Z5
pkt-2255,FUZZY_MATCH,minor_amount_diff,low,Supplier Inc 2255,Supplier Inc 2255,INV-12255,INV-12255,41079.63,41082.13,2023-01-05,2023-01-05,27AAAAA3255A1Z5,27AAAAA3255A1Z5
pkt-2256,FUZZY_MATCH,date_shift,medium,Supplier Inc 2256,Supplier Inc 2256,INV-12256,INV-12256,7994.47,7994.47,2023-07-28,2023-07-29,27AAAAA3256A1Z5,27AAAAA3256A1Z5
pkt-2257,NO_MATCH,missing_record,high,Supplier LLC 2257,,INV-12257,,43720.53,,2023-11-03,,27AAAAA3257A1Z5,
pkt-2258,FUZZY_MATCH,string_distance,low,Supplier Ltd 2258,Suplier Ltd 2258,INV-12258,INV12258,23477.59,23477.59,2023-09-27,2023-09-27,27AAAAA3258A1Z5,27AAAAA3258A1Z5
pkt-2259,EXACT_MATCH,none,none,Supplier Ltd 2259,Supplier Ltd 2259,INV-12259,INV-12259,4382.55,4382.55,2023-12-04,2023-12-04,27AAAAA3259A1Z5,27AAAAA3259A1Z5
pkt-2260,NO_MATCH,invalid_gstin_suffix,high,Supplier LLC 2260,Supplier LLC 2260,INV-12260,INV-12260,10053.6,10053.6,2023-06-03,2023-06-03,27AAAAA3260A1Z5,27AAAAA3260A1ZX
pkt-2261,FUZZY_MATCH,string_distance,low,Supplier Ltd 2261,Suplier Ltd 2261,INV-12261,INV12261,49822.27,49822.27,2023-08-07,2023-08-07,27AAAAA3261A1Z5,27AAAAA3261A1Z5
pkt-2262,NO_MATCH,missing_record,high,Supplier Corp 2262,,INV-12262,,13990.92,,2023-01-18,,27AAAAA3262A1Z5,
pkt-2263,NO_MATCH,different_entity,high,Supplier Inc 2263,Different Supplier Inc,INV-12263,INV-12263,7361.14,7361.14,2023-04-11,2023-04-11,27AAAAA3263A1Z5,27BBBBB1234B1Z5
pkt-2264,EXACT_MATCH,none,none,Supplier LLC 2264,Supplier LLC 2264,INV-12264,INV-12264,38732.86,38732.86,2023-01-26,2023-01-26,27AAAAA3264A1Z5,27AAAAA3264A1Z5
pkt-2265,EXACT_MATCH,none,none,Supplier Corp 2265,Supplier Corp 2265,INV-12265,INV-12265,48930.19,48930.19,2023-04-02,2023-04-02,27AAAAA3265A1Z5,27AAAAA3265A1Z5
pkt-2266,FUZZY_MATCH,minor_amount_diff,low,Supplier LLC 2266,Supplier LLC 2266,INV-12266,INV-12266,47636.99,47637.49,2023-11-14,2023-11-14,27AAAAA3266A1Z5,27AAAAA3266A1Z5
pkt-2267,FUZZY_MATCH,string_distance,low,Supplier Ltd 2267,Suplier Ltd 2267,INV-12267,INV12267,4271.21,4271.21,2023-02-09,2023-02-09,27AAAAA3267A1Z5,27AAAAA3267A1Z5
pkt-2268,CONTRADICTION,major_amount_diff,high,Supplier Ltd 2268,Supplier Ltd 2268,INV-12268,INV-12268,14987.01,29974.020,2023-12-15,2023-12-15,27AAAAA3268A1Z5,27AAAAA3268A1Z5
pkt-2269,FUZZY_MATCH,string_distance,low,Supplier Inc 2269,Suplier Inc 2269,INV-12269,INV12269,10783.83,10783.83,2023-05-06,2023-05-06,27AAAAA3269A1Z5,27AAAAA3269A1Z5
pkt-2270,FUZZY_MATCH,ocr_artifacts,medium,Supplier LLC 2270,Supplier LLC 2270,INV-12270,INV-I227O,44758.33,44758.34,2023-07-11,2023-07-11,27AAAAA3270A1Z5,27AAAAA3270A1Z5
pkt-2271,CONTRADICTION,major_amount_diff,high,Supplier Ltd 2271,Supplier Ltd 2271,INV-12271,INV-12271,10010.4,20020.80,2023-07-16,2023-07-16,27AAAAA3271A1Z5,27AAAAA3271A1Z5
pkt-2272,NO_MATCH,invalid_gstin_suffix,high,Supplier Ltd 2272,Supplier Ltd 2272,INV-12272,INV-12272,34472.64,34472.64,2023-03-23,2023-03-23,27AAAAA3272A1Z5,27AAAAA3272A1ZX
pkt-2273,CONTRADICTION,major_amount_diff,high,Supplier Inc 2273,Supplier Inc 2273,INV-12273,INV-12273,45638.63,91277.260,2023-10-13,2023-10-13,27AAAAA3273A1Z5,27AAAAA3273A1Z5
pkt-2274,EXACT_MATCH,none,none,Supplier Inc 2274,Supplier Inc 2274,INV-12274,INV-12274,39175.31,39175.31,2023-10-07,2023-10-07,27AAAAA3274A1Z5,27AAAAA3274A1Z5
pkt-2275,EXACT_MATCH,none,none,Supplier LLC 2275,Supplier LLC 2275,INV-12275,INV-12275,33431.33,33431.33,2023-10-05,2023-10-05,27AAAAA3275A1Z5,27AAAAA3275A1Z5
pkt-2276,EXACT_MATCH,none,none,Supplier LLC 2276,Supplier LLC 2276,INV-12276,INV-12276,49319.76,49319.76,2023-12-24,2023-12-24,27AAAAA3276A1Z5,27AAAAA3276A1Z5
pkt-2277,NO_MATCH,invalid_gstin_suffix,high,Supplier Ltd 2277,Supplier Ltd 2277,INV-12277,INV-12277,7610.26,7610.26,2023-08-05,2023-08-05,27AAAAA3277A1Z5,27AAAAA3277A1ZX
pkt-2278,CONTRADICTION,major_amount_diff,high,Supplier LLC 2278,Supplier LLC 2278,INV-12278,INV-12278,5768.98,11537.960,2023-11-14,2023-11-14,27AAAAA3278A1Z5,27AAAAA3278A1Z5
pkt-2279,EXACT_MATCH,none,none,Supplier Corp 2279,Supplier Corp 2279,INV-12279,INV-12279,36142.07,36142.07,2023-08-27,2023-08-27,27AAAAA3279A1Z5,27AAAAA3279A1Z5
pkt-2280,FUZZY_MATCH,date_shift,medium,Supplier Inc 2280,Supplier Inc 2280,INV-12280,INV-12280,22521.5,22521.5,2023-10-04,2023-10-02,27AAAAA3280A1Z5,27AAAAA3280A1Z5
pkt-2281,NO_MATCH,different_entity,high,Supplier Corp 2281,Different Supplier Inc,INV-12281,INV-12281,21066.79,21066.79,2023-09-25,2023-09-25,27AAAAA3281A1Z5,27BBBBB1234B1Z5
pkt-2282,EXACT_MATCH,none,none,Supplier Corp 2282,Supplier Corp 2282,INV-12282,INV-12282,18940.07,18940.07,2023-06-07,2023-06-07,27AAAAA3282A1Z5,27AAAAA3282A1Z5
pkt-2283,EXACT_MATCH,none,none,Supplier LLC 2283,Supplier LLC 2283,INV-12283,INV-12283,28884.14,28884.14,2023-01-12,2023-01-12,27AAAAA3283A1Z5,27AAAAA3283A1Z5
pkt-2284,EXACT_MATCH,none,none,Supplier Inc 2284,Supplier Inc 2284,INV-12284,INV-12284,15167.03,15167.03,2023-05-17,2023-05-17,27AAAAA3284A1Z5,27AAAAA3284A1Z5
pkt-2285,NO_MATCH,invalid_gstin_suffix,high,Supplier Ltd 2285,Supplier Ltd 2285,INV-12285,INV-12285,25006.62,25006.62,2023-08-14,2023-08-14,27AAAAA3285A1Z5,27AAAAA3285A1ZX
pkt-2286,FUZZY_MATCH,string_distance,low,Supplier LLC 2286,Suplier LLC 2286,INV-12286,INV12286,17675.34,17675.34,2023-09-14,2023-09-14,27AAAAA3286A1Z5,27AAAAA3286A1Z5
pkt-2287,FUZZY_MATCH,ocr_artifacts,medium,Supplier LLC 2287,Supplier LLC 2287,INV-12287,INV-I2287,46324.81,46324.82,2023-08-14,2023-08-14,27AAAAA3287A1Z5,27AAAAA3287A1Z5
pkt-2288,EXACT_MATCH,none,none,Supplier Ltd 2288,Supplier Ltd 2288,INV-12288,INV-12288,27682.4,27682.4,2023-03-18,2023-03-18,27AAAAA3288A1Z5,27AAAAA3288A1Z5
pkt-2289,EXACT_MATCH,none,none,Supplier Ltd 2289,Supplier Ltd 2289,INV-12289,INV-12289,14322.89,14322.89,2023-11-23,2023-11-23,27AAAAA3289A1Z5,27AAAAA3289A1Z5
pkt-2290,FUZZY_MATCH,string_distance,low,Supplier Inc 2290,Suplier Inc 2290,INV-12290,INV12290,14234.09,14234.09,2023-10-28,2023-10-28,27AAAAA3290A1Z5,27AAAAA3290A1Z5
pkt-2291,NO_MATCH,different_entity,high,Supplier Inc 2291,Different Supplier Inc,INV-12291,INV-12291,40316.39,40316.39,2023-02-03,2023-02-03,27AAAAA3291A1Z5,27BBBBB1234B1Z5
pkt-2292,EXACT_MATCH,none,none,Supplier Inc 2292,Supplier Inc 2292,INV-12292,INV-12292,46631.59,46631.59,2023-02-16,2023-02-16,27AAAAA3292A1Z5,27AAAAA3292A1Z5
pkt-2293,EXACT_MATCH,none,none,Supplier Inc 2293,Supplier Inc 2293,INV-12293,INV-12293,22260.76,22260.76,2023-10-26,2023-10-26,27AAAAA3293A1Z5,27AAAAA3293A1Z5
pkt-2294,NO_MATCH,missing_record,high,Supplier Corp 2294,,INV-12294,,14566.23,,2023-07-07,,27AAAAA3294A1Z5,
pkt-2295,FUZZY_MATCH,string_distance,low,Supplier Ltd 2295,Suplier Ltd 2295,INV-12295,INV12295,27624.24,27624.24,2023-02-07,2023-02-07,27AAAAA3295A1Z5,27AAAAA3295A1Z5
pkt-2296,EXACT_MATCH,none,none,Supplier Ltd 2296,Supplier Ltd 2296,INV-12296,INV-12296,17595.62,17595.62,2023-08-14,2023-08-14,27AAAAA3296A1Z5,27AAAAA3296A1Z5
pkt-2297,FUZZY_MATCH,minor_amount_diff,low,Supplier LLC 2297,Supplier LLC 2297,INV-12297,INV-12297,46986.88,46987.88,2023-04-17,2023-04-17,27AAAAA3297A1Z5,27AAAAA3297A1Z5
pkt-2298,EXACT_MATCH,none,none,Supplier Corp 2298,Supplier Corp 2298,INV-12298,INV-12298,15439.09,15439.09,2023-07-22,2023-07-22,27AAAAA3298A1Z5,27AAAAA3298A1Z5
pkt-2299,EXACT_MATCH,none,none,Supplier Inc 2299,Supplier Inc 2299,INV-12299,INV-12299,45019.34,45019.34,2023-07-02,2023-07-02,27AAAAA3299A1Z5,27AAAAA3299A1Z5
pkt-2300,NO_MATCH,invalid_gstin_suffix,high,Supplier LLC 2300,Supplier LLC 2300,INV-12300,INV-12300,7753.43,7753.43,2023-06-27,2023-06-27,27AAAAA3300A1Z5,27AAAAA3300A1ZX
pkt-2301,CONTRADICTION,major_amount_diff,high,Supplier Corp 2301,Supplier Corp 2301,INV-12301,INV-12301,8603.5,17207.00,2023-10-14,2023-10-14,27AAAAA3301A1Z5,27AAAAA3301A1Z5
pkt-2302,EXACT_MATCH,none,none,Supplier Ltd 2302,Supplier Ltd 2302,INV-12302,INV-12302,48677.17,48677.17,2023-04-20,2023-04-20,27AAAAA3302A1Z5,27AAAAA3302A1Z5
pkt-2303,EXACT_MATCH,none,none,Supplier Corp 2303,Supplier Corp 2303,INV-12303,INV-12303,40086.45,40086.45,2023-10-14,2023-10-14,27AAAAA3303A1Z5,27AAAAA3303A1Z5
pkt-2304,NO_MATCH,invalid_gstin_suffix,high,Supplier Ltd 2304,Supplier Ltd 2304,INV-12304,INV-12304,19581.54,19581.54,2023-12-06,2023-12-06,27AAAAA3304A1Z5,27AAAAA3304A1ZX
pkt-2305,EXACT_MATCH,none,none,Supplier Inc 2305,Supplier Inc 2305,INV-12305,INV-12305,25912.13,25912.13,2023-07-08,2023-07-08,27AAAAA3305A1Z5,27AAAAA3305A1Z5
pkt-2306,EXACT_MATCH,none,none,Supplier Ltd 2306,Supplier Ltd 2306,INV-12306,INV-12306,40078.48,40078.48,2023-09-04,2023-09-04,27AAAAA3306A1Z5,27AAAAA3306A1Z5
pkt-2307,FUZZY_MATCH,date_shift,medium,Supplier LLC 2307,Supplier LLC 2307,INV-12307,INV-12307,45841.6,45841.6,2023-09-06,2023-09-02,27AAAAA3307A1Z5,27AAAAA3307A1Z5
pkt-2308,EXACT_MATCH,none,none,Supplier Corp 2308,Supplier Corp 2308,INV-12308,INV-12308,4753.94,4753.94,2023-07-01,2023-07-01,27AAAAA3308A1Z5,27AAAAA3308A1Z5
pkt-2309,EXACT_MATCH,none,none,Supplier Ltd 2309,Supplier Ltd 2309,INV-12309,INV-12309,30943.17,30943.17,2023-09-03,2023-09-03,27AAAAA3309A1Z5,27AAAAA3309A1Z5
pkt-2310,FUZZY_MATCH,ocr_artifacts,medium,Supplier LLC 2310,Supplier LLC 2310,INV-12310,INV-I23IO,37142.75,37142.76,2023-03-15,2023-03-15,27AAAAA3310A1Z5,27AAAAA3310A1Z5
pkt-2311,CONTRADICTION,major_amount_diff,high,Supplier Corp 2311,Supplier Corp 2311,INV-12311,INV-12311,12062.12,24124.240,2023-04-10,2023-04-10,27AAAAA3311A1Z5,27AAAAA3311A1Z5
pkt-2312,FUZZY_MATCH,minor_amount_diff,low,Supplier Ltd 2312,Supplier Ltd 2312,INV-12312,INV-12312,42038.79,42037.79,2023-12-25,2023-12-25,27AAAAA3312A1Z5,27AAAAA3312A1Z5
pkt-2313,EXACT_MATCH,none,none,Supplier Inc 2313,Supplier Inc 2313,INV-12313,INV-12313,13820.74,13820.74,2023-03-21,2023-03-21,27AAAAA3313A1Z5,27AAAAA3313A1Z5
pkt-2314,NO_MATCH,different_entity,high,Supplier Ltd 2314,Different Supplier Inc,INV-12314,INV-12314,49241.41,49241.41,2023-02-04,2023-02-04,27AAAAA3314A1Z5,27BBBBB1234B1Z5
pkt-2315,FUZZY_MATCH,ocr_artifacts,medium,Supplier LLC 2315,Supplier LLC 2315,INV-12315,INV-I23I5,6221.95,6221.96,2023-03-10,2023-03-10,27AAAAA3315A1Z5,27AAAAA3315A1Z5
pkt-2316,FUZZY_MATCH,date_shift,medium,Supplier LLC 2316,Supplier LLC 2316,INV-12316,INV-12316,4729.58,4729.58,2023-08-28,2023-08-29,27AAAAA3316A1Z5,27AAAAA3316A1Z5
pkt-2317,NO_MATCH,missing_record,high,Supplier Inc 2317,,INV-12317,,5123.52,,2023-01-14,,27AAAAA3317A1Z5,
pkt-2318,EXACT_MATCH,none,none,Supplier Ltd 2318,Supplier Ltd 2318,INV-12318,INV-12318,47964.94,47964.94,2023-02-07,2023-02-07,27AAAAA3318A1Z5,27AAAAA3318A1Z5
pkt-2319,FUZZY_MATCH,ocr_artifacts,medium,Supplier Corp 2319,Supplier Corp 2319,INV-12319,INV-I23I9,44496.7,44496.71,2023-11-15,2023-11-15,27AAAAA3319A1Z5,27AAAAA3319A1Z5
pkt-2320,FUZZY_MATCH,string_distance,low,Supplier Inc 2320,Suplier Inc 2320,INV-12320,INV12320,15007.87,15007.87,2023-03-22,2023-03-22,27AAAAA3320A1Z5,27AAAAA3320A1Z5
pkt-2321,FUZZY_MATCH,ocr_artifacts,medium,Supplier Inc 2321,Supplier Inc 2321,INV-12321,INV-I232I,48798.2,48798.21,2023-06-16,2023-06-16,27AAAAA3321A1Z5,27AAAAA3321A1Z5
pkt-2322,NO_MATCH,different_entity,high,Supplier Corp 2322,Different Supplier Inc,INV-12322,INV-12322,26135.25,26135.25,2023-05-04,2023-05-04,27AAAAA3322A1Z5,27BBBBB1234B1Z5
pkt-2323,FUZZY_MATCH,date_shift,medium,Supplier Corp 2323,Supplier Corp 2323,INV-12323,INV-12323,1574.81,1574.81,2023-01-17,2023-01-17,27AAAAA3323A1Z5,27AAAAA3323A1Z5
pkt-2324,FUZZY_MATCH,ocr_artifacts,medium,Supplier LLC 2324,Supplier LLC 2324,INV-12324,INV-I2324,5827.94,5827.95,2023-04-01,2023-04-01,27AAAAA3324A1Z5,27AAAAA3324A1Z5
pkt-2325,FUZZY_MATCH,minor_amount_diff,low,Supplier Corp 2325,Supplier Corp 2325,INV-12325,INV-12325,11066.08,11067.08,2023-12-23,2023-12-23,27AAAAA3325A1Z5,27AAAAA3325A1Z5
pkt-2326,NO_MATCH,missing_record,high,Supplier LLC 2326,,INV-12326,,24130.59,,2023-02-12,,27AAAAA3326A1Z5,
pkt-2327,FUZZY_MATCH,date_shift,medium,Supplier Ltd 2327,Supplier Ltd 2327,INV-12327,INV-12327,37285.2,37285.2,2023-08-14,2023-08-13,27AAAAA3327A1Z5,27AAAAA3327A1Z5
pkt-2328,EXACT_MATCH,none,none,Supplier LLC 2328,Supplier LLC 2328,INV-12328,INV-12328,8730.68,8730.68,2023-11-28,2023-11-28,27AAAAA3328A1Z5,27AAAAA3328A1Z5
pkt-2329,FUZZY_MATCH,date_shift,medium,Supplier Corp 2329,Supplier Corp 2329,INV-12329,INV-12329,5234.44,5234.44,2023-10-10,2023-10-12,27AAAAA3329A1Z5,27AAAAA3329A1Z5
pkt-2330,NO_MATCH,invalid_gstin_suffix,high,Supplier LLC 2330,Supplier LLC 2330,INV-12330,INV-12330,21730.24,21730.24,2023-08-14,2023-08-14,27AAAAA3330A1Z5,27AAAAA3330A1ZX
pkt-2331,FUZZY_MATCH,date_shift,medium,Supplier Ltd 2331,Supplier Ltd 2331,INV-12331,INV-12331,31183.26,31183.26,2023-10-13,2023-10-17,27AAAAA3331A1Z5,27AAAAA3331A1Z5
pkt-2332,NO_MATCH,missing_record,high,Supplier Inc 2332,,INV-12332,,17710.48,,2023-11-27,,27AAAAA3332A1Z5,
pkt-2333,NO_MATCH,different_entity,high,Supplier LLC 2333,Different Supplier Inc,INV-12333,INV-12333,8445.73,8445.73,2023-01-17,2023-01-17,27AAAAA3333A1Z5,27BBBBB1234B1Z5
pkt-2334,EXACT_MATCH,none,none,Supplier LLC 2334,Supplier LLC 2334,INV-12334,INV-12334,20549.43,20549.43,2023-10-27,2023-10-27,27AAAAA3334A1Z5,27AAAAA3334A1Z5
pkt-2335,EXACT_MATCH,none,none,Supplier LLC 2335,Supplier LLC 2335,INV-12335,INV-12335,1594.0,1594.0,2023-03-26,2023-03-26,27AAAAA3335A1Z5,27AAAAA3335A1Z5
pkt-2336,FUZZY_MATCH,date_shift,medium,Supplier Inc 2336,Supplier Inc 2336,INV-12336,INV-12336,39565.73,39565.73,2023-06-08,2023-06-13,27AAAAA3336A1Z5,27AAAAA3336A1Z5
pkt-2337,FUZZY_MATCH,string_distance,low,Supplier LLC 2337,Suplier LLC 2337,INV-12337,INV12337,18645.85,18645.85,2023-03-25,2023-03-25,27AAAAA3337A1Z5,27AAAAA3337A1Z5
pkt-2338,FUZZY_MATCH,date_shift,medium,Supplier LLC 2338,Supplier LLC 2338,INV-12338,INV-12338,580.69,580.69,2023-12-01,2023-12-03,27AAAAA3338A1Z5,27AAAAA3338A1Z5
pkt-2339,EXACT_MATCH,none,none,Supplier Inc 2339,Supplier Inc 2339,INV-12339,INV-12339,28416.72,28416.72,2023-06-08,2023-06-08,27AAAAA3339A1Z5,27AAAAA3339A1Z5
pkt-2340,FUZZY_MATCH,string_distance,low,Supplier Corp 2340,Suplier Corp 2340,INV-12340,INV12340,14252.35,14252.35,2023-04-17,2023-04-17,27AAAAA3340A1Z5,27AAAAA3340A1Z5
pkt-2341,NO_MATCH,different_entity,high,Supplier Inc 2341,Different Supplier Inc,INV-12341,INV-12341,28091.84,28091.84,2023-12-20,2023-12-20,27AAAAA3341A1Z5,27BBBBB1234B1Z5
pkt-2342,NO_MATCH,invalid_gstin_suffix,high,Supplier Ltd 2342,Supplier Ltd 2342,INV-12342,INV-12342,44643.93,44643.93,2023-07-22,2023-07-22,27AAAAA3342A1Z5,27AAAAA3342A1ZX
pkt-2343,NO_MATCH,missing_record,high,Supplier Inc 2343,,INV-12343,,40688.38,,2023-04-07,,27AAAAA3343A1Z5,
pkt-2344,FUZZY_MATCH,string_distance,low,Supplier Inc 2344,Suplier Inc 2344,INV-12344,INV12344,24982.68,24982.68,2023-05-14,2023-05-14,27AAAAA3344A1Z5,27AAAAA3344A1Z5
pkt-2345,FUZZY_MATCH,date_shift,medium,Supplier Ltd 2345,Supplier Ltd 2345,INV-12345,INV-12345,22693.98,22693.98,2023-10-11,2023-10-15,27AAAAA3345A1Z5,27AAAAA3345A1Z5
pkt-2346,NO_MATCH,missing_record,high,Supplier Inc 2346,,INV-12346,,1161.31,,2023-01-21,,27AAAAA3346A1Z5,
pkt-2347,NO_MATCH,invalid_gstin_suffix,high,Supplier Inc 2347,Supplier Inc 2347,INV-12347,INV-12347,14289.85,14289.85,2023-07-02,2023-07-02,27AAAAA3347A1Z5,27AAAAA3347A1ZX
pkt-2348,EXACT_MATCH,none,none,Supplier Inc 2348,Supplier Inc 2348,INV-12348,INV-12348,32274.31,32274.31,2023-02-16,2023-02-16,27AAAAA3348A1Z5,27AAAAA3348A1Z5
pkt-2349,EXACT_MATCH,none,none,Supplier LLC 2349,Supplier LLC 2349,INV-12349,INV-12349,36190.36,36190.36,2023-05-11,2023-05-11,27AAAAA3349A1Z5,27AAAAA3349A1Z5
pkt-2350,EXACT_MATCH,none,none,Supplier Inc 2350,Supplier Inc 2350,INV-12350,INV-12350,4080.38,4080.38,2023-06-16,2023-06-16,27AAAAA3350A1Z5,27AAAAA3350A1Z5
pkt-2351,NO_MATCH,invalid_gstin_suffix,high,Supplier Inc 2351,Supplier Inc 2351,INV-12351,INV-12351,14992.35,14992.35,2023-08-16,2023-08-16,27AAAAA3351A1Z5,27AAAAA3351A1ZX
pkt-2352,EXACT_MATCH,none,none,Supplier Corp 2352,Supplier Corp 2352,INV-12352,INV-12352,46891.42,46891.42,2023-02-01,2023-02-01,27AAAAA3352A1Z5,27AAAAA3352A1Z5
pkt-2353,EXACT_MATCH,none,none,Supplier LLC 2353,Supplier LLC 2353,INV-12353,INV-12353,41290.28,41290.28,2023-03-04,2023-03-04,27AAAAA3353A1Z5,27AAAAA3353A1Z5
pkt-2354,FUZZY_MATCH,date_shift,medium,Supplier Inc 2354,Supplier Inc 2354,INV-12354,INV-12354,36240.24,36240.24,2023-04-06,2023-04-06,27AAAAA3354A1Z5,27AAAAA3354A1Z5
pkt-2355,FUZZY_MATCH,minor_amount_diff,low,Supplier Inc 2355,Supplier Inc 2355,INV-12355,INV-12355,40825.77,40824.77,2023-09-01,2023-09-01,27AAAAA3355A1Z5,27AAAAA3355A1Z5
pkt-2356,NO_MATCH,invalid_gstin_suffix,high,Supplier LLC 2356,Supplier LLC 2356,INV-12356,INV-12356,5629.1,5629.1,2023-05-03,2023-05-03,27AAAAA3356A1Z5,27AAAAA3356A1ZX
pkt-2357,FUZZY_MATCH,ocr_artifacts,medium,Supplier Corp 2357,Supplier Corp 2357,INV-12357,INV-I2357,34427.29,34427.30,2023-07-09,2023-07-09,27AAAAA3357A1Z5,27AAAAA3357A1Z5
pkt-2358,FUZZY_MATCH,ocr_artifacts,medium,Supplier LLC 2358,Supplier LLC 2358,INV-12358,INV-I2358,29214.31,29214.32,2023-02-05,2023-02-05,27AAAAA3358A1Z5,27AAAAA3358A1Z5
pkt-2359,EXACT_MATCH,none,none,Supplier Ltd 2359,Supplier Ltd 2359,INV-12359,INV-12359,37676.44,37676.44,2023-07-21,2023-07-21,27AAAAA3359A1Z5,27AAAAA3359A1Z5
pkt-2360,EXACT_MATCH,none,none,Supplier Ltd 2360,Supplier Ltd 2360,INV-12360,INV-12360,6206.43,6206.43,2023-09-08,2023-09-08,27AAAAA3360A1Z5,27AAAAA3360A1Z5
pkt-2361,FUZZY_MATCH,date_shift,medium,Supplier Ltd 2361,Supplier Ltd 2361,INV-12361,INV-12361,24556.18,24556.18,2023-05-11,2023-05-07,27AAAAA3361A1Z5,27AAAAA3361A1Z5
pkt-2362,NO_MATCH,invalid_gstin_suffix,high,Supplier Inc 2362,Supplier Inc 2362,INV-12362,INV-12362,13264.22,13264.22,2023-05-23,2023-05-23,27AAAAA3362A1Z5,27AAAAA3362A1ZX
pkt-2363,EXACT_MATCH,none,none,Supplier Corp 2363,Supplier Corp 2363,INV-12363,INV-12363,27969.91,27969.91,2023-04-22,2023-04-22,27AAAAA3363A1Z5,27AAAAA3363A1Z5
pkt-2364,EXACT_MATCH,none,none,Supplier Corp 2364,Supplier Corp 2364,INV-12364,INV-12364,3993.03,3993.03,2023-08-02,2023-08-02,27AAAAA3364A1Z5,27AAAAA3364A1Z5
pkt-2365,FUZZY_MATCH,date_shift,medium,Supplier Ltd 2365,Supplier Ltd 2365,INV-12365,INV-12365,33557.9,33557.9,2023-08-27,2023-08-29,27AAAAA3365A1Z5,27AAAAA3365A1Z5
pkt-2366,FUZZY_MATCH,minor_amount_diff,low,Supplier LLC 2366,Supplier LLC 2366,INV-12366,INV-12366,5316.28,5318.78,2023-04-27,2023-04-27,27AAAAA3366A1Z5,27AAAAA3366A1Z5
pkt-2367,FUZZY_MATCH,date_shift,medium,Supplier Corp 2367,Supplier Corp 2367,INV-12367,INV-12367,32798.94,32798.94,2023-09-04,2023-09-04,27AAAAA3367A1Z5,27AAAAA3367A1Z5
pkt-2368,EXACT_MATCH,none,none,Supplier Corp 2368,Supplier Corp 2368,INV-12368,INV-12368,19340.23,19340.23,2023-08-28,2023-08-28,27AAAAA3368A1Z5,27AAAAA3368A1Z5
pkt-2369,EXACT_MATCH,none,none,Supplier Corp 2369,Supplier Corp 2369,INV-12369,INV-12369,9478.88,9478.88,2023-05-14,2023-05-14,27AAAAA3369A1Z5,27AAAAA3369A1Z5
pkt-2370,FUZZY_MATCH,ocr_artifacts,medium,Supplier Inc 2370,Supplier Inc 2370,INV-12370,INV-I237O,15426.62,15426.63,2023-10-21,2023-10-21,27AAAAA3370A1Z5,27AAAAA3370A1Z5
pkt-2371,FUZZY_MATCH,date_shift,medium,Supplier Inc 2371,Supplier Inc 2371,INV-12371,INV-12371,23101.61,23101.61,2023-02-24,2023-02-19,27AAAAA3371A1Z5,27AAAAA3371A1Z5
pkt-2372,NO_MATCH,missing_record,high,Supplier Inc 2372,,INV-12372,,44715.49,,2023-03-09,,27AAAAA3372A1Z5,
pkt-2373,FUZZY_MATCH,string_distance,low,Supplier LLC 2373,Suplier LLC 2373,INV-12373,INV12373,33128.09,33128.09,2023-08-12,2023-08-12,27AAAAA3373A1Z5,27AAAAA3373A1Z5
pkt-2374,FUZZY_MATCH,date_shift,medium,Supplier Ltd 2374,Supplier Ltd 2374,INV-12374,INV-12374,46353.69,46353.69,2023-02-12,2023-02-09,27AAAAA3374A1Z5,27AAAAA3374A1Z5
pkt-2375,EXACT_MATCH,none,none,Supplier LLC 2375,Supplier LLC 2375,INV-12375,INV-12375,19906.71,19906.71,2023-07-17,2023-07-17,27AAAAA3375A1Z5,27AAAAA3375A1Z5
pkt-2376,EXACT_MATCH,none,none,Supplier Inc 2376,Supplier Inc 2376,INV-12376,INV-12376,22122.9,22122.9,2023-06-04,2023-06-04,27AAAAA3376A1Z5,27AAAAA3376A1Z5
pkt-2377,FUZZY_MATCH,date_shift,medium,Supplier LLC 2377,Supplier LLC 2377,INV-12377,INV-12377,19187.87,19187.87,2023-07-07,2023-07-08,27AAAAA3377A1Z5,27AAAAA3377A1Z5
pkt-2378,CONTRADICTION,major_amount_diff,high,Supplier Ltd 2378,Supplier Ltd 2378,INV-12378,INV-12378,8914.59,17829.180,2023-05-17,2023-05-17,27AAAAA3378A1Z5,27AAAAA3378A1Z5
pkt-2379,FUZZY_MATCH,string_distance,low,Supplier Corp 2379,Suplier Corp 2379,INV-12379,INV12379,21734.91,21734.91,2023-11-02,2023-11-02,27AAAAA3379A1Z5,27AAAAA3379A1Z5
pkt-2380,FUZZY_MATCH,date_shift,medium,Supplier LLC 2380,Supplier LLC 2380,INV-12380,INV-12380,11057.03,11057.03,2023-01-02,2022-12-29,27AAAAA3380A1Z5,27AAAAA3380A1Z5
pkt-2381,EXACT_MATCH,none,none,Supplier Ltd 2381,Supplier Ltd 2381,INV-12381,INV-12381,26653.37,26653.37,2023-05-08,2023-05-08,27AAAAA3381A1Z5,27AAAAA3381A1Z5
pkt-2382,NO_MATCH,missing_record,high,Supplier LLC 2382,,INV-12382,,19704.98,,2023-04-24,,27AAAAA3382A1Z5,
pkt-2383,EXACT_MATCH,none,none,Supplier LLC 2383,Supplier LLC 2383,INV-12383,INV-12383,10364.7,10364.7,2023-04-12,2023-04-12,27AAAAA3383A1Z5,27AAAAA3383A1Z5
pkt-2384,FUZZY_MATCH,ocr_artifacts,medium,Supplier Inc 2384,Supplier Inc 2384,INV-12384,INV-I2384,29856.04,29856.05,2023-12-01,2023-12-01,27AAAAA3384A1Z5,27AAAAA3384A1Z5
pkt-2385,EXACT_MATCH,none,none,Supplier Ltd 2385,Supplier Ltd 2385,INV-12385,INV-12385,25211.68,25211.68,2023-12-20,2023-12-20,27AAAAA3385A1Z5,27AAAAA3385A1Z5
pkt-2386,NO_MATCH,invalid_gstin_suffix,high,Supplier Corp 2386,Supplier Corp 2386,INV-12386,INV-12386,15335.68,15335.68,2023-12-08,2023-12-08,27AAAAA3386A1Z5,27AAAAA3386A1ZX
pkt-2387,NO_MATCH,missing_record,high,Supplier LLC 2387,,INV-12387,,34103.98,,2023-03-06,,27AAAAA3387A1Z5,
pkt-2388,EXACT_MATCH,none,none,Supplier Ltd 2388,Supplier Ltd 2388,INV-12388,INV-12388,7177.5,7177.5,2023-01-22,2023-01-22,27AAAAA3388A1Z5,27AAAAA3388A1Z5
pkt-2389,FUZZY_MATCH,ocr_artifacts,medium,Supplier Inc 2389,Supplier Inc 2389,INV-12389,INV-I2389,16769.3,16769.31,2023-03-09,2023-03-09,27AAAAA3389A1Z5,27AAAAA3389A1Z5
pkt-2390,NO_MATCH,missing_record,high,Supplier LLC 2390,,INV-12390,,33992.23,,2023-01-20,,27AAAAA3390A1Z5,
pkt-2391,NO_MATCH,missing_record,high,Supplier Corp 2391,,INV-12391,,29199.63,,2023-08-28,,27AAAAA3391A1Z5,
pkt-2392,FUZZY_MATCH,date_shift,medium,Supplier LLC 2392,Supplier LLC 2392,INV-12392,INV-12392,5558.36,5558.36,2023-01-19,2023-01-22,27AAAAA3392A1Z5,27AAAAA3392A1Z5
pkt-2393,FUZZY_MATCH,string_distance,low,Supplier Inc 2393,Suplier Inc 2393,INV-12393,INV12393,25207.01,25207.01,2023-03-25,2023-03-25,27AAAAA3393A1Z5,27AAAAA3393A1Z5
pkt-2394,NO_MATCH,missing_record,high,Supplier Ltd 2394,,INV-12394,,15299.65,,2023-12-11,,27AAAAA3394A1Z5,
pkt-2395,FUZZY_MATCH,minor_amount_diff,low,Supplier Ltd 2395,Supplier Ltd 2395,INV-12395,INV-12395,36767.27,36768.27,2023-09-09,2023-09-09,27AAAAA3395A1Z5,27AAAAA3395A1Z5
pkt-2396,CONTRADICTION,major_amount_diff,high,Supplier LLC 2396,Supplier LLC 2396,INV-12396,INV-12396,22991.66,45983.320,2023-06-10,2023-06-10,27AAAAA3396A1Z5,27AAAAA3396A1Z5
pkt-2397,FUZZY_MATCH,minor_amount_diff,low,Supplier Inc 2397,Supplier Inc 2397,INV-12397,INV-12397,38748.86,38747.86,2023-10-16,2023-10-16,27AAAAA3397A1Z5,27AAAAA3397A1Z5
pkt-2398,EXACT_MATCH,none,none,Supplier Corp 2398,Supplier Corp 2398,INV-12398,INV-12398,7480.23,7480.23,2023-07-28,2023-07-28,27AAAAA3398A1Z5,27AAAAA3398A1Z5
pkt-2399,FUZZY_MATCH,date_shift,medium,Supplier Inc 2399,Supplier Inc 2399,INV-12399,INV-12399,49704.94,49704.94,2023-06-16,2023-06-20,27AAAAA3399A1Z5,27AAAAA3399A1Z5
pkt-2400,EXACT_MATCH,none,none,Supplier Corp 2400,Supplier Corp 2400,INV-12400,INV-12400,37076.52,37076.52,2023-07-12,2023-07-12,27AAAAA3400A1Z5,27AAAAA3400A1Z5
pkt-2401,FUZZY_MATCH,minor_amount_diff,low,Supplier Inc 2401,Supplier Inc 2401,INV-12401,INV-12401,4554.77,4557.27,2023-07-21,2023-07-21,27AAAAA3401A1Z5,27AAAAA3401A1Z5
pkt-2402,EXACT_MATCH,none,none,Supplier LLC 2402,Supplier LLC 2402,INV-12402,INV-12402,49367.85,49367.85,2023-09-06,2023-09-06,27AAAAA3402A1Z5,27AAAAA3402A1Z5
pkt-2403,FUZZY_MATCH,minor_amount_diff,low,Supplier Ltd 2403,Supplier Ltd 2403,INV-12403,INV-12403,17507.37,17508.37,2023-06-13,2023-06-13,27AAAAA3403A1Z5,27AAAAA3403A1Z5
pkt-2404,NO_MATCH,different_entity,high,Supplier LLC 2404,Different Supplier Inc,INV-12404,INV-12404,9609.58,9609.58,2023-10-17,2023-10-17,27AAAAA3404A1Z5,27BBBBB1234B1Z5
pkt-2405,FUZZY_MATCH,minor_amount_diff,low,Supplier LLC 2405,Supplier LLC 2405,INV-12405,INV-12405,6235.77,6234.77,2023-08-19,2023-08-19,27AAAAA3405A1Z5,27AAAAA3405A1Z5
pkt-2406,NO_MATCH,missing_record,high,Supplier Corp 2406,,INV-12406,,48476.55,,2023-08-22,,27AAAAA3406A1Z5,
pkt-2407,FUZZY_MATCH,minor_amount_diff,low,Supplier Corp 2407,Supplier Corp 2407,INV-12407,INV-12407,34078.06,34080.56,2023-09-10,2023-09-10,27AAAAA3407A1Z5,27AAAAA3407A1Z5
pkt-2408,EXACT_MATCH,none,none,Supplier Ltd 2408,Supplier Ltd 2408,INV-12408,INV-12408,14484.17,14484.17,2023-05-01,2023-05-01,27AAAAA3408A1Z5,27AAAAA3408A1Z5
pkt-2409,NO_MATCH,missing_record,high,Supplier Inc 2409,,INV-12409,,10944.53,,2023-10-04,,27AAAAA3409A1Z5,
pkt-2410,EXACT_MATCH,none,none,Supplier Inc 2410,Supplier Inc 2410,INV-12410,INV-12410,15360.49,15360.49,2023-07-12,2023-07-12,27AAAAA3410A1Z5,27AAAAA3410A1Z5
pkt-2411,FUZZY_MATCH,string_distance,low,Supplier Corp 2411,Suplier Corp 2411,INV-12411,INV12411,12646.53,12646.53,2023-06-10,2023-06-10,27AAAAA3411A1Z5,27AAAAA3411A1Z5
pkt-2412,EXACT_MATCH,none,none,Supplier Corp 2412,Supplier Corp 2412,INV-12412,INV-12412,35688.54,35688.54,2023-03-24,2023-03-24,27AAAAA3412A1Z5,27AAAAA3412A1Z5
pkt-2413,EXACT_MATCH,none,none,Supplier Corp 2413,Supplier Corp 2413,INV-12413,INV-12413,29302.72,29302.72,2023-02-10,2023-02-10,27AAAAA3413A1Z5,27AAAAA3413A1Z5
pkt-2414,EXACT_MATCH,none,none,Supplier Ltd 2414,Supplier Ltd 2414,INV-12414,INV-12414,23711.57,23711.57,2023-06-08,2023-06-08,27AAAAA3414A1Z5,27AAAAA3414A1Z5
pkt-2415,NO_MATCH,different_entity,high,Supplier LLC 2415,Different Supplier Inc,INV-12415,INV-12415,20015.77,20015.77,2023-02-09,2023-02-09,27AAAAA3415A1Z5,27BBBBB1234B1Z5
pkt-2416,NO_MATCH,different_entity,high,Supplier LLC 2416,Different Supplier Inc,INV-12416,INV-12416,15605.72,15605.72,2023-10-14,2023-10-14,27AAAAA3416A1Z5,27BBBBB1234B1Z5
pkt-2417,EXACT_MATCH,none,none,Supplier Corp 2417,Supplier Corp 2417,INV-12417,INV-12417,7044.9,7044.9,2023-04-09,2023-04-09,27AAAAA3417A1Z5,27AAAAA3417A1Z5
pkt-2418,FUZZY_MATCH,minor_amount_diff,low,Supplier Inc 2418,Supplier Inc 2418,INV-12418,INV-12418,27758.76,27761.26,2023-05-10,2023-05-10,27AAAAA3418A1Z5,27AAAAA3418A1Z5
pkt-2419,FUZZY_MATCH,string_distance,low,Supplier Ltd 2419,Suplier Ltd 2419,INV-12419,INV12419,27336.95,27336.95,2023-07-26,2023-07-26,27AAAAA3419A1Z5,27AAAAA3419A1Z5
pkt-2420,CONTRADICTION,major_amount_diff,high,Supplier LLC 2420,Supplier LLC 2420,INV-12420,INV-12420,7016.63,14033.260,2023-08-23,2023-08-23,27AAAAA3420A1Z5,27AAAAA3420A1Z5
pkt-2421,NO_MATCH,invalid_gstin_suffix,high,Supplier Ltd 2421,Supplier Ltd 2421,INV-12421,INV-12421,46750.5,46750.5,2023-12-12,2023-12-12,27AAAAA3421A1Z5,27AAAAA3421A1ZX
pkt-2422,EXACT_MATCH,none,none,Supplier Ltd 2422,Supplier Ltd 2422,INV-12422,INV-12422,21440.69,21440.69,2023-07-14,2023-07-14,27AAAAA3422A1Z5,27AAAAA3422A1Z5
pkt-2423,FUZZY_MATCH,string_distance,low,Supplier Ltd 2423,Suplier Ltd 2423,INV-12423,INV12423,45636.66,45636.66,2023-01-25,2023-01-25,27AAAAA3423A1Z5,27AAAAA3423A1Z5
pkt-2424,NO_MATCH,different_entity,high,Supplier Corp 2424,Different Supplier Inc,INV-12424,INV-12424,37817.24,37817.24,2023-10-10,2023-10-10,27AAAAA3424A1Z5,27BBBBB1234B1Z5
pkt-2425,EXACT_MATCH,none,none,Supplier LLC 2425,Supplier LLC 2425,INV-12425,INV-12425,25659.12,25659.12,2023-03-20,2023-03-20,27AAAAA3425A1Z5,27AAAAA3425A1Z5
pkt-2426,EXACT_MATCH,none,none,Supplier Ltd 2426,Supplier Ltd 2426,INV-12426,INV-12426,37791.23,37791.23,2023-07-05,2023-07-05,27AAAAA3426A1Z5,27AAAAA3426A1Z5
pkt-2427,FUZZY_MATCH,string_distance,low,Supplier Inc 2427,Suplier Inc 2427,INV-12427,INV12427,397.05,397.05,2023-09-15,2023-09-15,27AAAAA3427A1Z5,27AAAAA3427A1Z5
pkt-2428,NO_MATCH,different_entity,high,Supplier LLC 2428,Different Supplier Inc,INV-12428,INV-12428,2829.17,2829.17,2023-11-04,2023-11-04,27AAAAA3428A1Z5,27BBBBB1234B1Z5
pkt-2429,EXACT_MATCH,none,none,Supplier Ltd 2429,Supplier Ltd 2429,INV-12429,INV-12429,4960.21,4960.21,2023-05-19,2023-05-19,27AAAAA3429A1Z5,27AAAAA3429A1Z5
pkt-2430,EXACT_MATCH,none,none,Supplier Inc 2430,Supplier Inc 2430,INV-12430,INV-12430,16632.25,16632.25,2023-01-04,2023-01-04,27AAAAA3430A1Z5,27AAAAA3430A1Z5
pkt-2431,FUZZY_MATCH,ocr_artifacts,medium,Supplier Ltd 2431,Supplier Ltd 2431,INV-12431,INV-I243I,10332.72,10332.73,2023-03-18,2023-03-18,27AAAAA3431A1Z5,27AAAAA3431A1Z5
pkt-2432,FUZZY_MATCH,minor_amount_diff,low,Supplier Corp 2432,Supplier Corp 2432,INV-12432,INV-12432,11254.82,11255.82,2023-11-21,2023-11-21,27AAAAA3432A1Z5,27AAAAA3432A1Z5
pkt-2433,NO_MATCH,different_entity,high,Supplier Ltd 2433,Different Supplier Inc,INV-12433,INV-12433,35985.19,35985.19,2023-01-26,2023-01-26,27AAAAA3433A1Z5,27BBBBB1234B1Z5
pkt-2434,FUZZY_MATCH,ocr_artifacts,medium,Supplier Inc 2434,Supplier Inc 2434,INV-12434,INV-I2434,34419.96,34419.97,2023-02-03,2023-02-03,27AAAAA3434A1Z5,27AAAAA3434A1Z5
pkt-2435,FUZZY_MATCH,date_shift,medium,Supplier Inc 2435,Supplier Inc 2435,INV-12435,INV-12435,30229.15,30229.15,2023-02-17,2023-02-15,27AAAAA3435A1Z5,27AAAAA3435A1Z5
pkt-2436,EXACT_MATCH,none,none,Supplier Ltd 2436,Supplier Ltd 2436,INV-12436,INV-12436,5269.99,5269.99,2023-01-27,2023-01-27,27AAAAA3436A1Z5,27AAAAA3436A1Z5
pkt-2437,NO_MATCH,missing_record,high,Supplier Ltd 2437,,INV-12437,,2877.09,,2023-02-10,,27AAAAA3437A1Z5,
pkt-2438,NO_MATCH,different_entity,high,Supplier LLC 2438,Different Supplier Inc,INV-12438,INV-12438,49136.54,49136.54,2023-04-27,2023-04-27,27AAAAA3438A1Z5,27BBBBB1234B1Z5
pkt-2439,EXACT_MATCH,none,none,Supplier Inc 2439,Supplier Inc 2439,INV-12439,INV-12439,34097.89,34097.89,2023-11-20,2023-11-20,27AAAAA3439A1Z5,27AAAAA3439A1Z5
pkt-2440,EXACT_MATCH,none,none,Supplier Corp 2440,Supplier Corp 2440,INV-12440,INV-12440,7397.69,7397.69,2023-01-06,2023-01-06,27AAAAA3440A1Z5,27AAAAA3440A1Z5
pkt-2441,NO_MATCH,missing_record,high,Supplier Corp 2441,,INV-12441,,32907.52,,2023-03-17,,27AAAAA3441A1Z5,
pkt-2442,NO_MATCH,different_entity,high,Supplier Inc 2442,Different Supplier Inc,INV-12442,INV-12442,24075.28,24075.28,2023-05-22,2023-05-22,27AAAAA3442A1Z5,27BBBBB1234B1Z5
pkt-2443,EXACT_MATCH,none,none,Supplier Ltd 2443,Supplier Ltd 2443,INV-12443,INV-12443,24698.91,24698.91,2023-11-09,2023-11-09,27AAAAA3443A1Z5,27AAAAA3443A1Z5
pkt-2444,EXACT_MATCH,none,none,Supplier Ltd 2444,Supplier Ltd 2444,INV-12444,INV-12444,34912.87,34912.87,2023-02-15,2023-02-15,27AAAAA3444A1Z5,27AAAAA3444A1Z5
pkt-2445,NO_MATCH,different_entity,high,Supplier Inc 2445,Different Supplier Inc,INV-12445,INV-12445,7493.51,7493.51,2023-05-15,2023-05-15,27AAAAA3445A1Z5,27BBBBB1234B1Z5
pkt-2446,EXACT_MATCH,none,none,Supplier Inc 2446,Supplier Inc 2446,INV-12446,INV-12446,19532.53,19532.53,2023-10-10,2023-10-10,27AAAAA3446A1Z5,27AAAAA3446A1Z5
pkt-2447,EXACT_MATCH,none,none,Supplier Ltd 2447,Supplier Ltd 2447,INV-12447,INV-12447,32556.07,32556.07,2023-11-20,2023-11-20,27AAAAA3447A1Z5,27AAAAA3447A1Z5
pkt-2448,EXACT_MATCH,none,none,Supplier Ltd 2448,Supplier Ltd 2448,INV-12448,INV-12448,45414.61,45414.61,2023-06-05,2023-06-05,27AAAAA3448A1Z5,27AAAAA3448A1Z5
pkt-2449,CONTRADICTION,major_amount_diff,high,Supplier LLC 2449,Supplier LLC 2449,INV-12449,INV-12449,22971.67,45943.340,2023-01-06,2023-01-06,27AAAAA3449A1Z5,27AAAAA3449A1Z5
pkt-2450,EXACT_MATCH,none,none,Supplier LLC 2450,Supplier LLC 2450,INV-12450,INV-12450,42806.39,42806.39,2023-09-07,2023-09-07,27AAAAA3450A1Z5,27AAAAA3450A1Z5
pkt-2451,EXACT_MATCH,none,none,Supplier Corp 2451,Supplier Corp 2451,INV-12451,INV-12451,26300.28,26300.28,2023-09-03,2023-09-03,27AAAAA3451A1Z5,27AAAAA3451A1Z5
pkt-2452,NO_MATCH,missing_record,high,Supplier LLC 2452,,INV-12452,,7655.0,,2023-11-24,,27AAAAA3452A1Z5,
pkt-2453,EXACT_MATCH,none,none,Supplier LLC 2453,Supplier LLC 2453,INV-12453,INV-12453,35787.6,35787.6,2023-03-09,2023-03-09,27AAAAA3453A1Z5,27AAAAA3453A1Z5
pkt-2454,NO_MATCH,missing_record,high,Supplier Ltd 2454,,INV-12454,,3503.68,,2023-11-16,,27AAAAA3454A1Z5,
pkt-2455,FUZZY_MATCH,ocr_artifacts,medium,Supplier LLC 2455,Supplier LLC 2455,INV-12455,INV-I2455,30331.51,30331.52,2023-03-19,2023-03-19,27AAAAA3455A1Z5,27AAAAA3455A1Z5
pkt-2456,NO_MATCH,different_entity,high,Supplier LLC 2456,Different Supplier Inc,INV-12456,INV-12456,34918.66,34918.66,2023-10-19,2023-10-19,27AAAAA3456A1Z5,27BBBBB1234B1Z5
pkt-2457,EXACT_MATCH,none,none,Supplier Inc 2457,Supplier Inc 2457,INV-12457,INV-12457,30912.0,30912.0,2023-07-03,2023-07-03,27AAAAA3457A1Z5,27AAAAA3457A1Z5
pkt-2458,EXACT_MATCH,none,none,Supplier Inc 2458,Supplier Inc 2458,INV-12458,INV-12458,42616.36,42616.36,2023-03-08,2023-03-08,27AAAAA3458A1Z5,27AAAAA3458A1Z5
pkt-2459,FUZZY_MATCH,date_shift,medium,Supplier LLC 2459,Supplier LLC 2459,INV-12459,INV-12459,5400.4,5400.4,2023-11-16,2023-11-14,27AAAAA3459A1Z5,27AAAAA3459A1Z5
pkt-2460,EXACT_MATCH,none,none,Supplier Ltd 2460,Supplier Ltd 2460,INV-12460,INV-12460,5361.05,5361.05,2023-03-24,2023-03-24,27AAAAA3460A1Z5,27AAAAA3460A1Z5
pkt-2461,FUZZY_MATCH,string_distance,low,Supplier LLC 2461,Suplier LLC 2461,INV-12461,INV12461,46126.55,46126.55,2023-01-20,2023-01-20,27AAAAA3461A1Z5,27AAAAA3461A1Z5
pkt-2462,NO_MATCH,invalid_gstin_suffix,high,Supplier Ltd 2462,Supplier Ltd 2462,INV-12462,INV-12462,1967.17,1967.17,2023-12-03,2023-12-03,27AAAAA3462A1Z5,27AAAAA3462A1ZX
pkt-2463,FUZZY_MATCH,string_distance,low,Supplier LLC 2463,Suplier LLC 2463,INV-12463,INV12463,30366.01,30366.01,2023-01-06,2023-01-06,27AAAAA3463A1Z5,27AAAAA3463A1Z5
pkt-2464,FUZZY_MATCH,date_shift,medium,Supplier Corp 2464,Supplier Corp 2464,INV-12464,INV-12464,34966.41,34966.41,2023-07-05,2023-07-04,27AAAAA3464A1Z5,27AAAAA3464A1Z5
pkt-2465,FUZZY_MATCH,date_shift,medium,Supplier Corp 2465,Supplier Corp 2465,INV-12465,INV-12465,24606.04,24606.04,2023-11-10,2023-11-07,27AAAAA3465A1Z5,27AAAAA3465A1Z5
pkt-2466,FUZZY_MATCH,string_distance,low,Supplier Corp 2466,Suplier Corp 2466,INV-12466,INV12466,21759.74,21759.74,2023-09-26,2023-09-26,27AAAAA3466A1Z5,27AAAAA3466A1Z5
pkt-2467,FUZZY_MATCH,date_shift,medium,Supplier Inc 2467,Supplier Inc 2467,INV-12467,INV-12467,29147.19,29147.19,2023-11-22,2023-11-17,27AAAAA3467A1Z5,27AAAAA3467A1Z5
pkt-2468,NO_MATCH,different_entity,high,Supplier Ltd 2468,Different Supplier Inc,INV-12468,INV-12468,40519.44,40519.44,2023-01-12,2023-01-12,27AAAAA3468A1Z5,27BBBBB1234B1Z5
pkt-2469,EXACT_MATCH,none,none,Supplier Corp 2469,Supplier Corp 2469,INV-12469,INV-12469,27374.38,27374.38,2023-02-11,2023-02-11,27AAAAA3469A1Z5,27AAAAA3469A1Z5
pkt-2470,FUZZY_MATCH,date_shift,medium,Supplier Ltd 2470,Supplier Ltd 2470,INV-12470,INV-12470,36525.86,36525.86,2023-12-21,2023-12-19,27AAAAA3470A1Z5,27AAAAA3470A1Z5
pkt-2471,NO_MATCH,invalid_gstin_suffix,high,Supplier LLC 2471,Supplier LLC 2471,INV-12471,INV-12471,28561.47,28561.47,2023-08-17,2023-08-17,27AAAAA3471A1Z5,27AAAAA3471A1ZX
pkt-2472,FUZZY_MATCH,string_distance,low,Supplier Corp 2472,Suplier Corp 2472,INV-12472,INV12472,30962.1,30962.1,2023-09-28,2023-09-28,27AAAAA3472A1Z5,27AAAAA3472A1Z5
pkt-2473,NO_MATCH,different_entity,high,Supplier Inc 2473,Different Supplier Inc,INV-12473,INV-12473,22000.02,22000.02,2023-11-13,2023-11-13,27AAAAA3473A1Z5,27BBBBB1234B1Z5
pkt-2474,FUZZY_MATCH,string_distance,low,Supplier Inc 2474,Suplier Inc 2474,INV-12474,INV12474,3999.38,3999.38,2023-09-10,2023-09-10,27AAAAA3474A1Z5,27AAAAA3474A1Z5
pkt-2475,EXACT_MATCH,none,none,Supplier LLC 2475,Supplier LLC 2475,INV-12475,INV-12475,24985.74,24985.74,2023-01-20,2023-01-20,27AAAAA3475A1Z5,27AAAAA3475A1Z5
pkt-2476,EXACT_MATCH,none,none,Supplier LLC 2476,Supplier LLC 2476,INV-12476,INV-12476,11278.66,11278.66,2023-05-27,2023-05-27,27AAAAA3476A1Z5,27AAAAA3476A1Z5
pkt-2477,FUZZY_MATCH,minor_amount_diff,low,Supplier Corp 2477,Supplier Corp 2477,INV-12477,INV-12477,35193.34,35192.34,2023-02-28,2023-02-28,27AAAAA3477A1Z5,27AAAAA3477A1Z5
pkt-2478,EXACT_MATCH,none,none,Supplier LLC 2478,Supplier LLC 2478,INV-12478,INV-12478,26767.75,26767.75,2023-04-28,2023-04-28,27AAAAA3478A1Z5,27AAAAA3478A1Z5
pkt-2479,NO_MATCH,different_entity,high,Supplier Inc 2479,Different Supplier Inc,INV-12479,INV-12479,30970.38,30970.38,2023-09-23,2023-09-23,27AAAAA3479A1Z5,27BBBBB1234B1Z5
pkt-2480,EXACT_MATCH,none,none,Supplier Inc 2480,Supplier Inc 2480,INV-12480,INV-12480,23601.84,23601.84,2023-05-21,2023-05-21,27AAAAA3480A1Z5,27AAAAA3480A1Z5
pkt-2481,EXACT_MATCH,none,none,Supplier LLC 2481,Supplier LLC 2481,INV-12481,INV-12481,16968.46,16968.46,2023-05-07,2023-05-07,27AAAAA3481A1Z5,27AAAAA3481A1Z5
pkt-2482,EXACT_MATCH,none,none,Supplier LLC 2482,Supplier LLC 2482,INV-12482,INV-12482,7050.5,7050.5,2023-09-27,2023-09-27,27AAAAA3482A1Z5,27AAAAA3482A1Z5
pkt-2483,FUZZY_MATCH,string_distance,low,Supplier Ltd 2483,Suplier Ltd 2483,INV-12483,INV12483,45624.75,45624.75,2023-01-08,2023-01-08,27AAAAA3483A1Z5,27AAAAA3483A1Z5
pkt-2484,NO_MATCH,invalid_gstin_suffix,high,Supplier Inc 2484,Supplier Inc 2484,INV-12484,INV-12484,40302.54,40302.54,2023-10-20,2023-10-20,27AAAAA3484A1Z5,27AAAAA3484A1ZX
pkt-2485,CONTRADICTION,major_amount_diff,high,Supplier Inc 2485,Supplier Inc 2485,INV-12485,INV-12485,49054.7,98109.40,2023-07-20,2023-07-20,27AAAAA3485A1Z5,27AAAAA3485A1Z5
pkt-2486,FUZZY_MATCH,string_distance,low,Supplier Inc 2486,Suplier Inc 2486,INV-12486,INV12486,23990.7,23990.7,2023-03-09,2023-03-09,27AAAAA3486A1Z5,27AAAAA3486A1Z5
pkt-2487,EXACT_MATCH,none,none,Supplier LLC 2487,Supplier LLC 2487,INV-12487,INV-12487,1876.44,1876.44,2023-09-08,2023-09-08,27AAAAA3487A1Z5,27AAAAA3487A1Z5
pkt-2488,EXACT_MATCH,none,none,Supplier Inc 2488,Supplier Inc 2488,INV-12488,INV-12488,23931.87,23931.87,2023-04-01,2023-04-01,27AAAAA3488A1Z5,27AAAAA3488A1Z5
pkt-2489,EXACT_MATCH,none,none,Supplier Ltd 2489,Supplier Ltd 2489,INV-12489,INV-12489,38703.3,38703.3,2023-04-18,2023-04-18,27AAAAA3489A1Z5,27AAAAA3489A1Z5
pkt-2490,EXACT_MATCH,none,none,Supplier Ltd 2490,Supplier Ltd 2490,INV-12490,INV-12490,34211.39,34211.39,2023-01-18,2023-01-18,27AAAAA3490A1Z5,27AAAAA3490A1Z5
pkt-2491,EXACT_MATCH,none,none,Supplier Corp 2491,Supplier Corp 2491,INV-12491,INV-12491,19417.53,19417.53,2023-07-23,2023-07-23,27AAAAA3491A1Z5,27AAAAA3491A1Z5
pkt-2492,NO_MATCH,missing_record,high,Supplier Inc 2492,,INV-12492,,35096.76,,2023-09-05,,27AAAAA3492A1Z5,
pkt-2493,FUZZY_MATCH,date_shift,medium,Supplier LLC 2493,Supplier LLC 2493,INV-12493,INV-12493,5987.83,5987.83,2023-10-12,2023-10-12,27AAAAA3493A1Z5,27AAAAA3493A1Z5
pkt-2494,FUZZY_MATCH,string_distance,low,Supplier Corp 2494,Suplier Corp 2494,INV-12494,INV12494,21882.59,21882.59,2023-01-08,2023-01-08,27AAAAA3494A1Z5,27AAAAA3494A1Z5
pkt-2495,EXACT_MATCH,none,none,Supplier Inc 2495,Supplier Inc 2495,INV-12495,INV-12495,29472.01,29472.01,2023-04-14,2023-04-14,27AAAAA3495A1Z5,27AAAAA3495A1Z5
pkt-2496,FUZZY_MATCH,string_distance,low,Supplier Inc 2496,Suplier Inc 2496,INV-12496,INV12496,43675.46,43675.46,2023-04-27,2023-04-27,27AAAAA3496A1Z5,27AAAAA3496A1Z5
pkt-2497,EXACT_MATCH,none,none,Supplier LLC 2497,Supplier LLC 2497,INV-12497,INV-12497,2927.06,2927.06,2023-08-06,2023-08-06,27AAAAA3497A1Z5,27AAAAA3497A1Z5
pkt-2498,FUZZY_MATCH,minor_amount_diff,low,Supplier Corp 2498,Supplier Corp 2498,INV-12498,INV-12498,15774.88,15775.38,2023-10-21,2023-10-21,27AAAAA3498A1Z5,27AAAAA3498A1Z5
pkt-2499,EXACT_MATCH,none,none,Supplier Inc 2499,Supplier Inc 2499,INV-12499,INV-12499,30345.58,30345.58,2023-08-22,2023-08-22,27AAAAA3499A1Z5,27AAAAA3499A1Z5
